# Made in Blockbench 4.12.6
mtllib tgv_postal_obj.mtl

o car1_glass
v 1.30109125 2.35291125 -7.214404375
v 1.4132156249999999 1.800501875 -7.2153687500000006
v 1.309360625 2.35291125 -6.895435
v 1.41293125 1.800501875 -6.893960625
v 1.14942125 2.3419443749999997 -7.6492325
v 1.169043125 1.772180625 -8.384755
v 1.27011125 2.342944375 -7.38382875
v 1.381808125 1.793460625 -7.822568125
v 1.02920875 1.766299375 -8.52092875
v 1.0073362499999998 2.3454525 -7.76834
v 0.1082774999999998 1.763133125 -8.92103
v 0.10625687500000014 2.3425868750000003 -8.07543375
v 1.2969225 2.354735 -7.304889375
v 1.411733125 1.802285 -7.31274125
v 1.412895 1.805858125 -7.7288625
v -1.3010912499999998 2.35291125 -7.214404375
v -1.4132156250000003 1.800501875 -7.2153687500000006
v -1.309360625 2.35291125 -6.895435
v -1.4129312499999997 1.800501875 -6.893960625
v -1.1494212499999996 2.3419443749999997 -7.6492325
v -1.169043125 1.772180625 -8.384755
v -1.2701112500000002 2.342944375 -7.38382875
v -1.381808125 1.793460625 -7.822568125
v -1.0292087500000004 1.766299375 -8.52092875
v -1.0073362499999998 2.3454525 -7.76834
v -0.10827750000000025 1.763133125 -8.92103
v -0.10625687500000014 2.3425868750000003 -8.07543375
v -1.2969225 2.354735 -7.304889375
v -1.4117331250000005 1.802285 -7.31274125
v -1.4128949999999998 1.805858125 -7.7288625
vt 0.01827690476190476 0.8869047619047619
vt 0 0.8216080952380952
vt 0.03571428571428571 0.7784722619047619
vt 0.03571428571428571 0.8670917261904763
vt 0.48283107142857146 0.7857142857142857
vt 0.5365141666666666 0.7857142857142857
vt 0.5364093452380952 0.8152649404761905
vt 0.48288869047619043 0.8154761904761905
vt 0.08928571428571429 0.7916666666666666
vt 0.08928571428571429 0.7012010119047619
vt 0.1806135119047619 0.6728472023809524
vt 0.17727244047619048 0.7703044642857143
vt 0.46252392857142854 0.4817302976190476
vt 0.4228927380952381 0.5357142857142857
vt 0.4228927380952381 0.4819708928571428
vt 0.03571428571428571 0.7784722619047619
vt 0 0.8216080952380952
vt 0.01827690476190476 0.8869047619047619
vt 0.03571428571428571 0.8670917261904763
vt 0.5364093452380952 0.8152649404761905
vt 0.5365141666666666 0.7857142857142857
vt 0.48283107142857146 0.7857142857142857
vt 0.48288869047619043 0.8154761904761905
vt 0.1806135119047619 0.6728472023809524
vt 0.08928571428571429 0.7012010119047619
vt 0.08928571428571429 0.7916666666666666
vt 0.17727244047619048 0.7703044642857143
vt 0.4228927380952381 0.5357142857142857
vt 0.46252392857142854 0.4817302976190476
vt 0.4228927380952381 0.4819708928571428
vn 0.836178623237207 0.4358268940027539 -0.3329567967545364
vn 0.9796915042700965 0.19889559544131521 -0.025398790818471358
vn 0.2517735973154734 0.7704957972628547 -0.5856161559375767
vn 0.9790833454056387 0.20341024781139647 0.004480383310523769
vn -0.836178623237207 0.4358268940027537 -0.33295679675453643
vn -0.9796915042700961 0.19889559544131635 -0.025398790818472045
vn -0.2517735973154733 0.7704957972628547 -0.5856161559375764
vn -0.9790833454056385 0.20341024781139724 0.004480383310522221
usemtl m_2e146a60-ae6a-de58-ef29-5cac9a70e150
f 7/1/1 8/2/1 6/3/1 5/4/1
f 2/5/2 1/6/2 3/7/2 4/8/2
f 10/9/3 9/10/3 11/11/3 12/12/3
f 15/13/4 13/14/4 14/15/4
f 21/16/5 23/17/5 22/18/5 20/19/5
f 18/20/6 16/21/6 17/22/6 19/23/6
f 26/24/7 24/25/7 25/26/7 27/27/7
f 28/28/8 30/29/8 29/30/8
o car1_light_red
v -0.5625 0.8625 -10.528125000000001
v -0.533193125 0.753125 -10.528125000000001
v -0.482431875 0.782431875 -10.528125000000001
v -0.453125 0.833193125 -10.528125000000001
v -0.453125 0.891806875 -10.528125000000001
v -0.482431875 0.942568125 -10.528125000000001
v -0.533193125 0.971875 -10.528125000000001
v -0.591806875 0.971875 -10.528125000000001
v -0.642568125 0.942568125 -10.528125000000001
v -0.671875 0.891806875 -10.528125000000001
v -0.671875 0.833193125 -10.528125000000001
v -0.642568125 0.782431875 -10.528125000000001
v -0.591806875 0.753125 -10.528125000000001
v 0.5625 0.8625 -10.528125000000001
v 0.5331931249999999 0.753125 -10.528125000000001
v 0.48243187500000007 0.782431875 -10.528125000000001
v 0.453125 0.833193125 -10.528125000000001
v 0.453125 0.891806875 -10.528125000000001
v 0.48243187500000007 0.942568125 -10.528125000000001
v 0.5331931249999999 0.971875 -10.528125000000001
v 0.5918068750000001 0.971875 -10.528125000000001
v 0.6425681249999999 0.942568125 -10.528125000000001
v 0.671875 0.891806875 -10.528125000000001
v 0.671875 0.833193125 -10.528125000000001
v 0.6425681249999999 0.782431875 -10.528125000000001
v 0.5918068750000001 0.753125 -10.528125000000001
vt 0.4518206547619047 0.11904761904761907
vt 0.4503757142857143 0.12443970238095237
vt 0.44103648809523815 0.11904761904761907
vt 0.8863444642857142 0.7678571428571428
vt 0.8848997023809524 0.7732492857142858
vt 0.8755602976190476 0.7678571428571428
vt 0.8908520833333333 0.5
vt 0.8922968452380952 0.5053919642857143
vt 0.8815126785714286 0.5053919642857143
vt 0.47647059523809526 0.11309523809523814
vt 0.4818627380952381 0.11454017857142862
vt 0.47647059523809526 0.12387946428571417
vt 0.7026610714285715 0.11454017857142862
vt 0.7080532142857143 0.11309523809523814
vt 0.7080532142857143 0.12387946428571417
vt 0.881232619047619 0.3645400000000001
vt 0.8866245238095238 0.36309523809523814
vt 0.8866245238095238 0.3738793452380952
vt 0.8755602976190476 0.5172968452380953
vt 0.8770052380952381 0.5119047619047619
vt 0.8863444642857142 0.5172968452380953
vt 0.8770052380952381 0.3446777976190476
vt 0.8755602976190476 0.3392857142857143
vt 0.8863444642857142 0.3392857142857143
vt 0.4640054761904762 0.11792696428571436
vt 0.4586135714285714 0.11648226190476185
vt 0.4640054761904762 0.1071428571428571
vt 0.49376749999999997 0.12387946428571417
vt 0.4883753571428572 0.12243452380952369
vt 0.49376749999999997 0.11309523809523814
vt 0.5354341666666667 0.1238793452380953
vt 0.5300420238095238 0.12243464285714278
vt 0.5354341666666667 0.11309523809523814
vt 0.8866245238095238 0.33076797619047615
vt 0.881232619047619 0.33221267857142855
vt 0.881232619047619 0.3214285714285714
vt 0.8866246428571429 0.8262602976190476
vt 0.8812325 0.8248155952380952
vt 0.8866246428571429 0.8154761904761905
vt 0.07710083333333333 0.12243464285714278
vt 0.07170869047619048 0.1238793452380953
vt 0.07170869047619048 0.11309523809523814
vt 0.8829574404761905 0.6482491071428571
vt 0.8815126785714286 0.6428571428571428
vt 0.8922968452380952 0.6428571428571428
vt 0.10175077380952381 0.12443976190476191
vt 0.1031955357142857 0.11904761904761907
vt 0.11253494047619048 0.12443976190476191
vt 0.8710526785714285 0.2851540476190476
vt 0.8696079166666667 0.27976190476190477
vt 0.8803920833333333 0.27976190476190477
vt 0.8815126785714286 0.7851538690476191
vt 0.8829574404761905 0.7797619047619048
vt 0.8922968452380952 0.7851538690476191
vt 0.14908964285714285 0.10858779761904758
vt 0.15448178571428572 0.1071428571428571
vt 0.15448178571428572 0.11792708333333324
vt 0.6907563095238095 0.11904761904761907
vt 0.6961484523809524 0.12049255952380955
vt 0.6907563095238095 0.1298318452380952
vt 0.024089761904761905 0.10119047619047616
vt 0.029481666666666666 0.102635238095238
vt 0.024089761904761905 0.11197458333333343
vt 0.8789471428571428 0.29166666666666663
vt 0.8803920833333333 0.2970587499999999
vt 0.8696079166666667 0.2970587499999999
vt 0.8922968452380952 0.9702380952380952
vt 0.8908519047619047 0.9756301785714285
vt 0.8815126785714286 0.9702380952380952
vt 0.8922968452380952 0.7261904761904762
vt 0.8908520833333333 0.7315824404761905
vt 0.8815126785714286 0.7261904761904762
vn 0 -2.220446049250313e-16 -1
vn 0 -2.220446049250313e-16 -1
vn 0 -2.220446049250313e-16 -1
vn 0 -2.220446049250313e-16 -1
vn 0 -2.220446049250313e-16 -1
vn 0 -2.220446049250313e-16 -1
vn 0 -2.220446049250313e-16 -1
vn 0 -2.220446049250313e-16 -1
vn 0 -2.220446049250313e-16 -1
vn 0 -2.220446049250313e-16 -1
vn 0 -2.220446049250313e-16 -1
vn 0 -2.220446049250313e-16 -1
vn 0 -2.220446049250313e-16 -1
vn 0 -2.220446049250313e-16 -1
vn 0 -2.220446049250313e-16 -1
vn 0 -2.220446049250313e-16 -1
vn 0 -2.220446049250313e-16 -1
vn 0 -2.220446049250313e-16 -1
vn 0 -2.220446049250313e-16 -1
vn 0 -2.220446049250313e-16 -1
vn 0 -2.220446049250313e-16 -1
vn 0 -2.220446049250313e-16 -1
vn 0 -2.220446049250313e-16 -1
vn 0 -2.220446049250313e-16 -1
usemtl m_2e146a60-ae6a-de58-ef29-5cac9a70e150
f 33/31/9 32/32/9 31/33/9
f 34/34/10 33/35/10 31/36/10
f 35/37/11 34/38/11 31/39/11
f 36/40/12 35/41/12 31/42/12
f 37/43/13 36/44/13 31/45/13
f 38/46/14 37/47/14 31/48/14
f 39/49/15 38/50/15 31/51/15
f 40/52/16 39/53/16 31/54/16
f 41/55/17 40/56/17 31/57/17
f 42/58/18 41/59/18 31/60/18
f 43/61/19 42/62/19 31/63/19
f 32/64/20 43/65/20 31/66/20
f 45/67/21 46/68/21 44/69/21
f 46/70/22 47/71/22 44/72/22
f 47/73/23 48/74/23 44/75/23
f 48/76/24 49/77/24 44/78/24
f 49/79/25 50/80/25 44/81/25
f 50/82/26 51/83/26 44/84/26
f 51/85/27 52/86/27 44/87/27
f 52/88/28 53/89/28 44/90/28
f 53/91/29 54/92/29 44/93/29
f 54/94/30 55/95/30 44/96/30
f 55/97/31 56/98/31 44/99/31
f 56/100/32 45/101/32 44/102/32
o car1_light_yellow
v 0 2.85625 -5.215625
v 0.029306875 2.746875 -5.215625
v 0.080068125 2.7761818750000002 -5.215625
v 0.109375 2.826943125 -5.215625
v 0.109375 2.8855568750000002 -5.215625
v 0.080068125 2.936318125 -5.215625
v 0.029306875 2.965625 -5.215625
v -0.029306875 2.965625 -5.215625
v -0.080068125 2.936318125 -5.215625
v -0.109375 2.8855568750000002 -5.215625
v -0.109375 2.826943125 -5.215625
v -0.080068125 2.7761818750000002 -5.215625
v -0.029306875 2.746875 -5.215625
v -0.8125 0.8624999999999992 -10.412500000000001
v -0.783193125 0.7531249999999989 -10.4125
v -0.732431875 0.782431874999999 -10.4125
v -0.703125 0.8331931249999989 -10.4125
v -0.703125 0.891806874999999 -10.412500000000001
v -0.732431875 0.9425681249999991 -10.412500000000001
v -0.783193125 0.9718749999999992 -10.412500000000001
v -0.841806875 0.9718749999999992 -10.412500000000001
v -0.892568125 0.9425681249999991 -10.412500000000001
v -0.921875 0.891806874999999 -10.412500000000001
v -0.921875 0.8331931249999989 -10.4125
v -0.892568125 0.782431874999999 -10.4125
v -0.841806875 0.7531249999999989 -10.4125
v 0.8125 0.8624999999999992 -10.412500000000001
v 0.783193125 0.7531249999999989 -10.4125
v 0.732431875 0.782431874999999 -10.4125
v 0.703125 0.8331931249999989 -10.4125
v 0.703125 0.891806874999999 -10.412500000000001
v 0.732431875 0.9425681249999991 -10.412500000000001
v 0.783193125 0.9718749999999992 -10.412500000000001
v 0.841806875 0.9718749999999992 -10.412500000000001
v 0.892568125 0.9425681249999991 -10.412500000000001
v 0.921875 0.891806874999999 -10.412500000000001
v 0.921875 0.8331931249999989 -10.4125
v 0.892568125 0.782431874999999 -10.4125
v 0.841806875 0.7531249999999989 -10.4125
vt 0.6006301785714285 0.11904761904761907
vt 0.5991852380952382 0.12443970238095237
vt 0.5898460119047619 0.11904761904761907
vt 0.2494397023809524 0.11904761904761907
vt 0.24799494047619047 0.12443976190476191
vt 0.23865553571428572 0.11904761904761907
vt 0.8908520833333333 0.30952380952380953
vt 0.8922968452380952 0.31491577380952385
vt 0.8815126785714286 0.31491577380952385
vt 0.625280119047619 0.11309523809523814
vt 0.6306722619047619 0.11454017857142862
vt 0.625280119047619 0.12387946428571417
vt 0.8752801190476189 0.2514449404761905
vt 0.880672261904762 0.25
vt 0.880672261904762 0.26078422619047625
vt 0.881232619047619 0.1740638095238095
vt 0.8866245238095238 0.17261904761904767
vt 0.8866245238095238 0.18340315476190483
vt 0.8755602976190476 0.3982492261904762
vt 0.8770052380952381 0.3928571428571429
vt 0.8863444642857142 0.3982492261904762
vt 0.8651004761904763 0.12443970238095237
vt 0.8636555357142858 0.11904761904761907
vt 0.8744397023809524 0.11904761904761907
vt 0.8866245238095238 0.4691174404761904
vt 0.881232619047619 0.467672738095238
vt 0.8866245238095238 0.45833333333333337
vt 0.6425770238095238 0.12387946428571417
vt 0.637184880952381 0.12243452380952369
vt 0.6425770238095238 0.11309523809523814
vt 0.6544817857142857 0.1238793452380953
vt 0.6490896428571429 0.12243464285714278
vt 0.6544817857142857 0.11309523809523814
vt 0.8866245238095238 0.16410130952380952
vt 0.881232619047619 0.16554601190476192
vt 0.881232619047619 0.15476190476190477
vt 0.3506301785714286 0.11904761904761907
vt 0.3491852380952381 0.12443970238095237
vt 0.3398460119047619 0.11904761904761907
vt 0.8789471428571428 0.625
vt 0.8803920833333333 0.6303920833333334
vt 0.8696079166666667 0.6303920833333334
vt 0.8968044642857143 0.9940476190476191
vt 0.8982492261904762 0.9994395833333334
vt 0.8874650595238096 0.9994395833333334
vt 0.8752801190476189 0.858587619047619
vt 0.880672261904762 0.8571428571428572
vt 0.880672261904762 0.8679269642857143
vt 0.869327738095238 0.3035714285714286
vt 0.8747198809523811 0.30501619047619055
vt 0.869327738095238 0.31435553571428565
vt 0.03599452380952381 0.102635238095238
vt 0.04138642857142857 0.10119047619047616
vt 0.04138642857142857 0.11197458333333343
vt 0.8710526785714285 0.7196778571428571
vt 0.8696079166666667 0.7142857142857143
vt 0.8803920833333333 0.7142857142857143
vt 0.1672269642857143 0.12443976190476191
vt 0.16867172619047618 0.11904761904761907
vt 0.17801113095238094 0.12443976190476191
vt 0.17829119047619046 0.11197458333333343
vt 0.17289928571428573 0.11052988095238092
vt 0.17829119047619046 0.10119047619047616
vt 0.13067226190476192 0.1298318452380952
vt 0.12528011904761904 0.12838690476190473
vt 0.13067226190476192 0.11904761904761907
vt 0.36281511904761904 0.12243452380952369
vt 0.3574229761904762 0.12387946428571417
vt 0.3574229761904762 0.11309523809523814
vt 0.8925769047619048 0.9617203571428572
vt 0.887185 0.9631650595238095
vt 0.887185 0.9523809523809523
vt 0.37471988095238096 0.12243452380952369
vt 0.3693277380952381 0.12387946428571417
vt 0.3693277380952381 0.11309523809523814
vt 0.8747198809523811 0.5762604166666667
vt 0.869327738095238 0.5748154761904762
vt 0.8747198809523811 0.5654761904761905
vt 0.06519595238095238 0.11197458333333343
vt 0.05980404761904762 0.11052988095238092
vt 0.06519595238095238 0.10119047619047616
vt 0.18508410714285714 0.12443976190476191
vt 0.18652886904761903 0.11904761904761907
vt 0.19586827380952382 0.12443976190476191
vt 0.8710526785714285 0.493487380952381
vt 0.8696079166666667 0.48809523809523814
vt 0.8803920833333333 0.48809523809523814
vt 0.8874650595238096 0.9280110119047619
vt 0.8889098214285714 0.9226190476190477
vt 0.8982492261904762 0.9280110119047619
vt 0.5538515476190476 0.11904761904761907
vt 0.5592436904761905 0.1204923809523809
vt 0.5538515476190476 0.12983172619047623
vt 0.22647059523809526 0.11453999999999998
vt 0.23186273809523808 0.11309523809523814
vt 0.23186273809523808 0.1238793452380953
vt 0.19442351190476193 0.1071428571428571
vt 0.19586827380952382 0.1125348214285713
vt 0.18508410714285714 0.1125348214285713
vt 0.8789471428571428 0.8869047619047619
vt 0.8803920833333333 0.8922968452380953
vt 0.8696079166666667 0.8922968452380953
vt 0.8863444642857142 0.5833333333333333
vt 0.8848995238095237 0.5887254166666667
vt 0.8755602976190476 0.5833333333333333
vt 0.09467779761904763 0.1071428571428571
vt 0.09323303571428572 0.1125348214285713
vt 0.08389363095238095 0.1071428571428571
vn 0 -2.220446049250313e-16 -1
vn 0 -2.220446049250313e-16 -1
vn 0 -2.220446049250313e-16 -1
vn 0 -2.220446049250313e-16 -1
vn 0 -2.220446049250313e-16 -1
vn 0 -2.220446049250313e-16 -1
vn 0 -2.220446049250313e-16 -1
vn 0 -2.220446049250313e-16 -1
vn 0 -2.220446049250313e-16 -1
vn 0 -2.220446049250313e-16 -1
vn 0 -2.220446049250313e-16 -1
vn 0 -2.220446049250313e-16 -1
vn 0 -2.220446049250313e-16 -1
vn 0 -2.220446049250313e-16 -1
vn 0 -2.220446049250313e-16 -1
vn 0 -2.220446049250313e-16 -1
vn 0 -2.220446049250313e-16 -1
vn 0 -2.220446049250313e-16 -1
vn 0 -2.220446049250313e-16 -1
vn 0 -2.220446049250313e-16 -1
vn 0 -2.220446049250313e-16 -1
vn 0 -2.220446049250313e-16 -1
vn 0 -2.220446049250313e-16 -1
vn 0 -2.220446049250313e-16 -1
vn 0 -2.220446049250313e-16 -1
vn 0 -2.220446049250313e-16 -1
vn 0 -2.220446049250313e-16 -1
vn 0 -2.220446049250313e-16 -1
vn 0 -2.220446049250313e-16 -1
vn 0 -2.220446049250313e-16 -1
vn 0 -2.220446049250313e-16 -1
vn 0 -2.220446049250313e-16 -1
vn 0 -2.220446049250313e-16 -1
vn 0 -2.220446049250313e-16 -1
vn 0 -2.220446049250313e-16 -1
vn 0 -2.220446049250313e-16 -1
usemtl m_2e146a60-ae6a-de58-ef29-5cac9a70e150
f 59/103/33 58/104/33 57/105/33
f 60/106/34 59/107/34 57/108/34
f 61/109/35 60/110/35 57/111/35
f 62/112/36 61/113/36 57/114/36
f 63/115/37 62/116/37 57/117/37
f 64/118/38 63/119/38 57/120/38
f 65/121/39 64/122/39 57/123/39
f 66/124/40 65/125/40 57/126/40
f 67/127/41 66/128/41 57/129/41
f 68/130/42 67/131/42 57/132/42
f 69/133/43 68/134/43 57/135/43
f 58/136/44 69/137/44 57/138/44
f 72/139/45 71/140/45 70/141/45
f 73/142/46 72/143/46 70/144/46
f 74/145/47 73/146/47 70/147/47
f 75/148/48 74/149/48 70/150/48
f 76/151/49 75/152/49 70/153/49
f 77/154/50 76/155/50 70/156/50
f 78/157/51 77/158/51 70/159/51
f 79/160/52 78/161/52 70/162/52
f 80/163/53 79/164/53 70/165/53
f 81/166/54 80/167/54 70/168/54
f 82/169/55 81/170/55 70/171/55
f 71/172/56 82/173/56 70/174/56
f 84/175/57 85/176/57 83/177/57
f 85/178/58 86/179/58 83/180/58
f 86/181/59 87/182/59 83/183/59
f 87/184/60 88/185/60 83/186/60
f 88/187/61 89/188/61 83/189/61
f 89/190/62 90/191/62 83/192/62
f 90/193/63 91/194/63 83/195/63
f 91/196/64 92/197/64 83/198/64
f 92/199/65 93/200/65 83/201/65
f 93/202/66 94/203/66 83/204/66
f 94/205/67 95/206/67 83/207/67
f 95/208/68 84/209/68 83/210/68
o car1_coupler_closed
v 0.6743268750000002 0.406511875 -11.346333125
v 0.7137175 0.470755625 -11.2656325
v 0.5437212499999999 0.402635 -11.422980625
v 0.5598537499999998 0.45245375 -11.3766
v 0.3941812499999999 0.4012675 -11.488204375
v 0.40239812499999994 0.450320625 -11.44612125
v 0.23802374999999998 0.40077625 -11.5348375
v 0.24315124999999993 0.452979375 -11.48990375
v 0.0818468750000001 0.400345625 -11.5600075
v 0.08344937499999983 0.454435625 -11.51293625
v 0.8806568750000001 0.5201375 -11.075708125
v 0.8104874999999998 -0.028501249999999978 -10.982354375
v 0.7256393750000001 -0.028513750000000004 -11.066126875
v 0.8153199999999998 -0.020963125000000027 -10.993101875
v 0.7291525000000001 -0.02139812499999999 -11.076873125
v 0.5809662499999999 -0.02860499999999999 -11.16640375
v 0.46574187499999997 -0.028737500000000027 -11.230886875
v 0.3373149999999998 -0.028993749999999985 -11.291088125
v 0.5836006249999999 -0.022016250000000015 -11.177150625
v 0.4674974999999999 -0.023299999999999987 -11.239484375
v 0.33863125000000016 -0.023663749999999983 -11.300400625
v 0.20490999999999993 -0.024093124999999993 -11.3434375
v 0.2044731249999998 -0.02921062499999999 -11.33412375
v 0.07116875 -0.024456250000000013 -11.36286625
v 0.07117249999999986 -0.029574374999999986 -11.3542675
v 0.8806568750000001 0.5201375 -11.075708125
v 0.7137175 0.470755625 -11.2656325
v 0.8982712500000001 0.508041875 -11.073853125
v 0.8785056249999998 0.501734375 -11.09817625
v 0.7137175 0.470755625 -11.2656325
v 0.8785056249999998 0.501734375 -11.09817625
v 0.6743268750000002 0.406511875 -11.346333125
v 0.8321243749999998 0.42314 -11.19958875
v 0.8982712500000001 0.508041875 -11.073853125
v 0.925236875 0.44641125 -11.06365
v 0.8153199999999998 -0.020963125000000027 -10.993101875
v 0.7291525000000001 -0.02139812499999999 -11.076873125
v 0.8321243749999998 0.42314 -11.19958875
v 0.7291525000000001 -0.02139812499999999 -11.076873125
v 0.29259187499999983 0.692616875 -11.13293125
v 0.27730187500000003 0.694751875 -11.1331575
v 0.7506893749999999 0.58667375 -11.087625625
v 0.5983225000000001 0.634991875 -11.103028125
v 0.44611 0.668736875 -11.119755625
v 0.3461106250000001 0.684394375 -11.12923875
v 0.0931112500000002 0.7103725 -11.139005
v 0.7024431249999998 -0.069943125 -10.995229375
v 0.5463637499999998 -0.11291062500000004 -11.01717875
v 0.4310681249999999 -0.136953125 -11.0320275
v 0.3099850000000002 -0.1482325 -11.062306875
v 0.1869274999999999 -0.15579187500000002 -11.087258125
v 0.06529312500000017 -0.15912187499999997 -11.10380875
v -0.0818468750000001 0.400345625 -11.5600075
v -0.08344937499999983 0.454435625 -11.51293625
v 0.08344937499999983 0.454435625 -11.51293625
v 0.0818468750000001 0.400345625 -11.5600075
v 0.07116875 -0.024456250000000013 -11.36286625
v 0.0818468750000001 0.400345625 -11.5600075
v -0.0818468750000001 0.400345625 -11.5600075
v -0.07116875 -0.024456250000000013 -11.36286625
v -0.07116875 -0.024456250000000013 -11.36286625
v 0.07116875 -0.024456250000000013 -11.36286625
v 0.0931112500000002 0.7103725 -11.139005
v -0.0931112500000002 0.7103725 -11.139005
v 0.06529312500000017 -0.15912187499999997 -11.10380875
v -0.06529312500000017 -0.15912187499999997 -11.10380875
v 0.07117249999999986 -0.029574374999999986 -11.3542675
v -0.07117249999999986 -0.029574374999999986 -11.3542675
v -0.6743268750000002 0.406511875 -11.346333125
v -0.7137175 0.470755625 -11.2656325
v -0.5437212499999999 0.402635 -11.422980625
v -0.5598537499999998 0.45245375 -11.3766
v -0.3941812499999999 0.4012675 -11.488204375
v -0.40239812499999994 0.450320625 -11.44612125
v -0.23802374999999998 0.40077625 -11.5348375
v -0.24315124999999993 0.452979375 -11.48990375
v -0.0818468750000001 0.400345625 -11.5600075
v -0.08344937499999983 0.454435625 -11.51293625
v -0.8806568750000001 0.5201375 -11.075708125
v -0.8104874999999998 -0.028501249999999978 -10.982354375
v -0.7256393750000001 -0.028513750000000004 -11.066126875
v -0.8153199999999998 -0.020963125000000027 -10.993101875
v -0.7291525000000001 -0.02139812499999999 -11.076873125
v -0.5809662499999999 -0.02860499999999999 -11.16640375
v -0.46574187499999997 -0.028737500000000027 -11.230886875
v -0.3373149999999998 -0.028993749999999985 -11.291088125
v -0.5836006249999999 -0.022016250000000015 -11.177150625
v -0.4674974999999999 -0.023299999999999987 -11.239484375
v -0.33863125000000016 -0.023663749999999983 -11.300400625
v -0.20490999999999993 -0.024093124999999993 -11.3434375
v -0.2044731249999998 -0.02921062499999999 -11.33412375
v -0.07116875 -0.024456250000000013 -11.36286625
v -0.07117249999999986 -0.029574374999999986 -11.3542675
v -0.8806568750000001 0.5201375 -11.075708125
v -0.7137175 0.470755625 -11.2656325
v -0.8982712500000001 0.508041875 -11.073853125
v -0.8785056249999998 0.501734375 -11.09817625
v -0.7137175 0.470755625 -11.2656325
v -0.8785056249999998 0.501734375 -11.09817625
v -0.6743268750000002 0.406511875 -11.346333125
v -0.8321243749999998 0.42314 -11.19958875
v -0.8982712500000001 0.508041875 -11.073853125
v -0.925236875 0.44641125 -11.06365
v -0.8153199999999998 -0.020963125000000027 -10.993101875
v -0.7291525000000001 -0.02139812499999999 -11.076873125
v -0.8321243749999998 0.42314 -11.19958875
v -0.7291525000000001 -0.02139812499999999 -11.076873125
v -0.29259187499999983 0.692616875 -11.13293125
v -0.27730187500000003 0.694751875 -11.1331575
v -0.7506893749999999 0.58667375 -11.087625625
v -0.5983225000000001 0.634991875 -11.103028125
v -0.44611 0.668736875 -11.119755625
v -0.3461106250000001 0.684394375 -11.12923875
v -0.0931112500000002 0.7103725 -11.139005
v -0.7024431249999998 -0.069943125 -10.995229375
v -0.5463637499999998 -0.11291062500000004 -11.01717875
v -0.4310681249999999 -0.136953125 -11.0320275
v -0.3099850000000002 -0.1482325 -11.062306875
v -0.1869274999999999 -0.15579187500000002 -11.087258125
v -0.06529312500000017 -0.15912187499999997 -11.10380875
v -0.0818468750000001 0.400345625 -11.5600075
v -0.07116875 -0.024456250000000013 -11.36286625
v -0.23802374999999998 0.40077625 -11.5348375
v -0.20490999999999993 -0.024093124999999993 -11.3434375
v -0.3941812499999999 0.4012675 -11.488204375
v -0.33863125000000016 -0.023663749999999983 -11.300400625
v -0.5437212499999999 0.402635 -11.422980625
v -0.4674974999999999 -0.023299999999999987 -11.239484375
v -0.6743268750000002 0.406511875 -11.346333125
v -0.5836006249999999 -0.022016250000000015 -11.177150625
v -0.7291525000000001 -0.02139812499999999 -11.076873125
v -0.8321243749999998 0.42314 -11.19958875
v -0.5836006249999999 -0.022016250000000015 -11.177150625
v -0.6743268750000002 0.406511875 -11.346333125
v 0.0818468750000001 0.400345625 -11.5600075
v 0.07116875 -0.024456250000000013 -11.36286625
v 0.23802374999999998 0.40077625 -11.5348375
v 0.20490999999999993 -0.024093124999999993 -11.3434375
v 0.3941812499999999 0.4012675 -11.488204375
v 0.33863125000000016 -0.023663749999999983 -11.300400625
v 0.5437212499999999 0.402635 -11.422980625
v 0.4674974999999999 -0.023299999999999987 -11.239484375
v 0.6743268750000002 0.406511875 -11.346333125
v 0.5836006249999999 -0.022016250000000015 -11.177150625
v 0.7291525000000001 -0.02139812499999999 -11.076873125
v 0.8321243749999998 0.42314 -11.19958875
v 0.5836006249999999 -0.022016250000000015 -11.177150625
v 0.6743268750000002 0.406511875 -11.346333125
vt 0.24561946428571427 0.6323428571428571
vt 0.25 0.6366107738095238
vt 0.25 0.6547619047619048
vt 0.24404761904761904 0.6466706547619048
vt 0.6548529761904762 0.13597577380952386
vt 0.6607142857142857 0.13836773809523806
vt 0.6607142857142857 0.15476190476190477
vt 0.6547619047619048 0.15151369047619045
vt 0.8624943452380952 0.36264874999999996
vt 0.8609688095238096 0.36904761904761907
vt 0.8452380952380952 0.36904761904761907
vt 0.8469793452380953 0.3630925595238095
vt 0.8613504166666667 0.3265436904761905
vt 0.8606058333333334 0.33333333333333337
vt 0.8452380952380952 0.33333333333333337
vt 0.8462879761904761 0.32684005952380957
vt 0.6149680357142857 0.08260559523809519
vt 0.6149680357142857 0.1071428571428571
vt 0.6130952380952381 0.10509684523809526
vt 0.8988095238095238 0.23063630952380954
vt 0.9017517857142858 0.22985059523809526
vt 0.9001892857142857 0.2321428571428571
vt 0.8452380952380952 0.08542797619047615
vt 0.8463856547619047 0.09837047619047623
vt 0.8452380952380952 0.10119047619047616
vt 0.625 0.132961488095238
vt 0.6313244047619048 0.1473996428571428
vt 0.625 0.14880952380952384
vt 0.6949308333333333 0.7609263095238095
vt 0.6488095238095238 0.7579434523809524
vt 0.6488095238095238 0.7464981547619047
vt 0.6936604761904762 0.7455357142857143
vt 0.44642857142857145 0.28003619047619055
vt 0.44642857142857145 0.29055202380952383
vt 0.434606369047619 0.30952380952380953
vt 0.43452380952380953 0.29653375000000004
vt 0.8630952380952381 0.48065476190476186
vt 0.8630952380952381 0.4935257738095238
vt 0.8571428571428571 0.49361124999999995
vt 0.8572075595238096 0.48077148809523806
vt 0.011904761904761904 0.09388922619047624
vt 0.011904761904761904 0.08059035714285712
vt 0.01289059523809524 0.0803571428571429
vt 0.012923095238095237 0.09373589285714279
vt 0.023809523809523808 0.09412750000000003
vt 0.023809523809523808 0.0806190476190477
vt 0.02480571428571429 0.0803571428571429
vt 0.024772738095238094 0.09393208333333325
vt 0.8699716666666666 0.4699940476190476
vt 0.8574230952380952 0.47023809523809523
vt 0.8571428571428571 0.4642857142857143
vt 0.8697178571428571 0.4642857142857143
vt 0.2024477380952381 0.5718007142857143
vt 0.20833333333333334 0.5714285714285714
vt 0.20833333333333334 0.5882622619047619
vt 0.20238095238095238 0.5885649404761906
vt 0.22033279761904762 0.5242806547619048
vt 0.2261904761904762 0.5238095238095238
vt 0.2261904761904762 0.535255
vt 0.22023809523809523 0.53563625
vt 0.7797619047619048 0.13690476190476186
vt 0.7812324404761904 0.09571351190476185
vt 0.7812324404761904 0.13688553571428574
vt 0.16782678571428572 0.6461648214285713
vt 0.18452380952380953 0.6347704761904762
vt 0.18452380952380953 0.6663051785714286
vt 0.16666666666666666 0.6666666666666667
vt 0.7996621428571429 0.1997032738095238
vt 0.7996621428571429 0.22023809523809523
vt 0.7857142857142857 0.2198910119047619
vt 0.6608963690476191 0.3910844642857143
vt 0.6785714285714286 0.38384458333333327
vt 0.6785714285714286 0.4214764880952381
vt 0.6607142857142857 0.42261904761904767
vt 0.3869047619047619 0.2246853571428572
vt 0.39646863095238094 0.18828910714285707
vt 0.39646863095238094 0.22619047619047616
vt 0.041666666666666664 0.5109950000000001
vt 0.05952380952380952 0.5059633333333333
vt 0.05952380952380952 0.5471802380952382
vt 0.051421547619047624 0.5476190476190477
vt 0.6545185714285714 0.42261904761904767
vt 0.6369047619047619 0.42261904761904767
vt 0.6392727380952381 0.38151541666666666
vt 0.6545013690476191 0.37945375000000003
vt 0.25595238095238093 0.13412345238095236
vt 0.26343458333333336 0.13095238095238093
vt 0.26343458333333336 0.1423077380952381
vt 0.7816993452380953 0.36254363095238096
vt 0.7738095238095238 0.3491334523809524
vt 0.7916666666666666 0.34375
vt 0.7916666666666666 0.3605143452380952
vt 0.7916666666666666 0.26190476190476186
vt 0.8134800595238095 0.26190476190476186
vt 0.809815238095238 0.27380952380952384
vt 0.7931829761904762 0.2729830357142857
vt 0.7859635119047619 0.9699622619047619
vt 0.8106420238095238 0.96875
vt 0.8075266666666666 0.9818936904761905
vt 0.7857142857142857 0.9818936904761905
vt 0.8103995833333334 0.8690476190476191
vt 0.7857142857142857 0.8679879166666666
vt 0.7867570833333333 0.8571428571428572
vt 0.8132317857142857 0.8571428571428572
vt 0.7750224404761904 0.3214285714285714
vt 0.8018830952380953 0.3214285714285714
vt 0.8004601785714285 0.33333333333333337
vt 0.7740097619047619 0.3322230357142857
vt 0.4505029761904762 0.6785714285714286
vt 0.4506559523809524 0.6845238095238095
vt 0.4347607142857143 0.6845238095238095
vt 0.43491309523809524 0.6785714285714286
vt 0.39395565476190475 0.04613095238095233
vt 0.3783657738095238 0.04613095238095233
vt 0.3793830357142857 0.004464285714285698
vt 0.3929389880952381 0.004464285714285698
vt 0.4516840476190476 0.3688634523809524
vt 0.45260428571428574 0.3257080952380952
vt 0.4684995238095238 0.3257080952380952
vt 0.4694197619047619 0.3688634523809524
vt 0.11559345238095238 0.20833333333333337
vt 0.11615357142857143 0.23809523809523814
vt 0.10259642857142857 0.23809523809523814
vt 0.10315654761904762 0.20833333333333337
vt 0.8638392857142857 0.45238095238095233
vt 0.8757440476190477 0.45238095238095233
vt 0.8757440476190477 0.45833333333333337
vt 0.8638392857142857 0.45833333333333337
vt 0.25 0.6547619047619048
vt 0.25 0.6366107738095238
vt 0.24561946428571427 0.6323428571428571
vt 0.24404761904761904 0.6466706547619048
vt 0.6607142857142857 0.15476190476190477
vt 0.6607142857142857 0.13836773809523806
vt 0.6548529761904762 0.13597577380952386
vt 0.6547619047619048 0.15151369047619045
vt 0.8452380952380952 0.36904761904761907
vt 0.8609688095238096 0.36904761904761907
vt 0.8624943452380952 0.36264874999999996
vt 0.8469793452380953 0.3630925595238095
vt 0.8452380952380952 0.33333333333333337
vt 0.8606058333333334 0.33333333333333337
vt 0.8613504166666667 0.3265436904761905
vt 0.8462879761904761 0.32684005952380957
vt 0.6149680357142857 0.1071428571428571
vt 0.6149680357142857 0.08260559523809519
vt 0.6130952380952381 0.10509684523809526
vt 0.9017517857142858 0.22985059523809526
vt 0.8988095238095238 0.23063630952380954
vt 0.9001892857142857 0.2321428571428571
vt 0.8463856547619047 0.09837047619047623
vt 0.8452380952380952 0.08542797619047615
vt 0.8452380952380952 0.10119047619047616
vt 0.6313244047619048 0.1473996428571428
vt 0.625 0.132961488095238
vt 0.625 0.14880952380952384
vt 0.6488095238095238 0.7464981547619047
vt 0.6488095238095238 0.7579434523809524
vt 0.6949308333333333 0.7609263095238095
vt 0.6936604761904762 0.7455357142857143
vt 0.434606369047619 0.30952380952380953
vt 0.44642857142857145 0.29055202380952383
vt 0.44642857142857145 0.28003619047619055
vt 0.43452380952380953 0.29653375000000004
vt 0.8571428571428571 0.49361124999999995
vt 0.8630952380952381 0.4935257738095238
vt 0.8630952380952381 0.48065476190476186
vt 0.8572075595238096 0.48077148809523806
vt 0.01289059523809524 0.0803571428571429
vt 0.011904761904761904 0.08059035714285712
vt 0.011904761904761904 0.09388922619047624
vt 0.012923095238095237 0.09373589285714279
vt 0.02480571428571429 0.0803571428571429
vt 0.023809523809523808 0.0806190476190477
vt 0.023809523809523808 0.09412750000000003
vt 0.024772738095238094 0.09393208333333325
vt 0.8571428571428571 0.4642857142857143
vt 0.8574230952380952 0.47023809523809523
vt 0.8699716666666666 0.4699940476190476
vt 0.8697178571428571 0.4642857142857143
vt 0.20833333333333334 0.5882622619047619
vt 0.20833333333333334 0.5714285714285714
vt 0.2024477380952381 0.5718007142857143
vt 0.20238095238095238 0.5885649404761906
vt 0.2261904761904762 0.535255
vt 0.2261904761904762 0.5238095238095238
vt 0.22033279761904762 0.5242806547619048
vt 0.22023809523809523 0.53563625
vt 0.7812324404761904 0.09571351190476185
vt 0.7797619047619048 0.13690476190476186
vt 0.7812324404761904 0.13688553571428574
vt 0.18452380952380953 0.6663051785714286
vt 0.18452380952380953 0.6347704761904762
vt 0.16782678571428572 0.6461648214285713
vt 0.16666666666666666 0.6666666666666667
vt 0.7996621428571429 0.22023809523809523
vt 0.7996621428571429 0.1997032738095238
vt 0.7857142857142857 0.2198910119047619
vt 0.6785714285714286 0.4214764880952381
vt 0.6785714285714286 0.38384458333333327
vt 0.6608963690476191 0.3910844642857143
vt 0.6607142857142857 0.42261904761904767
vt 0.39646863095238094 0.18828910714285707
vt 0.3869047619047619 0.2246853571428572
vt 0.39646863095238094 0.22619047619047616
vt 0.05952380952380952 0.5471802380952382
vt 0.05952380952380952 0.5059633333333333
vt 0.041666666666666664 0.5109950000000001
vt 0.051421547619047624 0.5476190476190477
vt 0.6392727380952381 0.38151541666666666
vt 0.6369047619047619 0.42261904761904767
vt 0.6545185714285714 0.42261904761904767
vt 0.6545013690476191 0.37945375000000003
vt 0.26343458333333336 0.13095238095238093
vt 0.25595238095238093 0.13412345238095236
vt 0.26343458333333336 0.1423077380952381
vt 0.7916666666666666 0.34375
vt 0.7738095238095238 0.3491334523809524
vt 0.7816993452380953 0.36254363095238096
vt 0.7916666666666666 0.3605143452380952
vt 0.809815238095238 0.27380952380952384
vt 0.8134800595238095 0.26190476190476186
vt 0.7916666666666666 0.26190476190476186
vt 0.7931829761904762 0.2729830357142857
vt 0.8075266666666666 0.9818936904761905
vt 0.8106420238095238 0.96875
vt 0.7859635119047619 0.9699622619047619
vt 0.7857142857142857 0.9818936904761905
vt 0.7867570833333333 0.8571428571428572
vt 0.7857142857142857 0.8679879166666666
vt 0.8103995833333334 0.8690476190476191
vt 0.8132317857142857 0.8571428571428572
vt 0.8004601785714285 0.33333333333333337
vt 0.8018830952380953 0.3214285714285714
vt 0.7750224404761904 0.3214285714285714
vt 0.7740097619047619 0.3322230357142857
vt 0.4786105952380953 0.05029761904761898
vt 0.47907738095238095 0.038690476190476164
vt 0.43714369047619045 0.038690476190476164
vt 0.4367559523809524 0.04845946428571424
vt 0.4791666666666667 0.036520297619047626
vt 0.4791666666666667 0.02157738095238093
vt 0.43741619047619046 0.023465535714285668
vt 0.43720238095238095 0.03651434523809527
vt 0.4791666666666667 0.01849708333333333
vt 0.4791666666666667 0.0029761904761904656
vt 0.4376172619047619 0.005046964285714273
vt 0.4375 0.018422857142857185
vt 0.49420934523809523 0.005952380952380931
vt 0.4827380952380952 0.006117023809523836
vt 0.4827380952380952 0.04764440476190468
vt 0.49616517857142856 0.04754226190476185
vt 0.43086178571428574 0.005357142857142838
vt 0.41428571428571426 0.005916130952380971
vt 0.41428571428571426 0.04812809523809525
vt 0.43427065476190474 0.047062857142857184
vt 0.3166079761904762 0.03720238095238093
vt 0.35854166666666665 0.03720238095238093
vt 0.35807488095238094 0.04880952380952375
vt 0.3162202380952381 0.046971369047619005
vt 0.3168804761904762 0.021977440476190435
vt 0.3586309523809524 0.0200892857142857
vt 0.3586309523809524 0.03503220238095239
vt 0.3166666666666667 0.035026250000000037
vt 0.3170815476190476 0.00355886904761904
vt 0.3586309523809524 0.0014880952380952328
vt 0.3586309523809524 0.017008988095237987
vt 0.3169642857142857 0.016934761904761952
vt 0.36220238095238094 0.04615630952380945
vt 0.36220238095238094 0.004628928571428603
vt 0.37367363095238093 0.004464285714285698
vt 0.3756294642857143 0.04605416666666662
vt 0.29375 0.046640000000000015
vt 0.29375 0.0044280357142857385
vt 0.31032607142857144 0.0038690476190476053
vt 0.3137349404761905 0.04557476190476195
vn 0.4571092769012215 0.5222364148301143 -0.7199446061998321
vn 0.3208918343010349 0.585156656059533 -0.7447282179078101
vn 0.21671539844691706 0.6245474419616972 -0.7503165524064456
vn 0.11425251680811668 0.6502412114015642 -0.7510876975413974
vn 0.47096927665700955 0.6598075886251803 -0.5855270159760333
vn 0.5031148053991518 0.6443397881264261 -0.5759355259274825
vn 0.6379270203387498 0.43949936704739145 -0.6323681072655917
vn 0.7795967696928867 0.24573355924452817 -0.5760589332224892
vn 0.6732715378604468 -0.26266820834828325 -0.6911662959303875
vn 0.582701769428929 0.4729274596365095 -0.6609071537108316
vn 0.07177664837786774 -0.8755735719359141 -0.47772275733423514
vn 0.1537698882613919 -0.8690198637703048 -0.4702757678604329
vn 0.2180021380940402 -0.8599904144350736 -0.4614017282869861
vn 0.255803170992279 -0.8508474905573309 -0.45893712589263036
vn 0.3076617843255073 -0.8429322083676418 -0.44137231286306966
vn 0.4028360450810538 -0.8182498528136317 -0.4101101061348345
vn 0.12231430960120511 0.8161122205531893 -0.5648008968924562
vn 0.31043047209069086 0.7700037458802166 -0.5574290567668554
vn 0.418831400598293 0.7187074393091449 -0.5550134003378334
vn 0.23742258194127497 0.7923026716401927 -0.562038249673589
vn 0.17968880801533751 0.8062428651119675 -0.563634965851191
vn 0.1689205900139485 0.8073518337661716 -0.565374964765632
vn 0.0875264667371805 0.8207166726817001 -0.5645912333740087
vn 0.3705982815474652 -0.8496231022483473 -0.3752299266316058
vn 0.2952858115314192 -0.8595394032448659 -0.4171310390964584
vn 0.24212102851403305 -0.8693324797222809 -0.4308578039808691
vn 0.20474637769837992 -0.8778090973578567 -0.4330474678544807
vn 0.14430448559832734 -0.8844629981299911 -0.4437357551235981
vn 0.07146754735465281 -0.8866302004909843 -0.45692371053867176
vn 0 0.6564682693390251 -0.7543536381240734
vn 0 -0.420956378785671 -0.9070808823691826
vn 0 0.8252155327702144 -0.5648179569337111
vn 0 -0.8882178302881085 -0.4594225570847444
vn 0 -0.8593007275391743 -0.5114706830803167
vn -0.45710927690122155 0.5222364148301144 -0.7199446061998319
vn -0.32089183430103485 0.585156656059533 -0.7447282179078102
vn -0.21671539844691717 0.6245474419616972 -0.7503165524064458
vn -0.11425251680811674 0.6502412114015642 -0.7510876975413974
vn -0.4709692766570095 0.6598075886251804 -0.5855270159760335
vn -0.5031148053991519 0.6443397881264262 -0.5759355259274825
vn -0.6379270203387498 0.4394993670473917 -0.6323681072655915
vn -0.7795967696928867 0.24573355924452805 -0.5760589332224891
vn -0.6732715378604467 -0.26266820834828325 -0.6911662959303875
vn -0.5827017694289288 0.47292745963650984 -0.6609071537108319
vn -0.07177664837786775 -0.8755735719359143 -0.47772275733423514
vn -0.15376988826139187 -0.8690198637703049 -0.47027576786043285
vn -0.2180021380940402 -0.8599904144350734 -0.4614017282869861
vn -0.25580317099227884 -0.8508474905573311 -0.4589371258926301
vn -0.3076617843255072 -0.8429322083676419 -0.44137231286306977
vn -0.40283604508105386 -0.8182498528136317 -0.4101101061348346
vn -0.12231430960120647 0.8161122205531892 -0.564800896892456
vn -0.3104304720906907 0.7700037458802165 -0.5574290567668553
vn -0.41883140059829305 0.7187074393091449 -0.5550134003378333
vn -0.23742258194127497 0.7923026716401927 -0.562038249673589
vn -0.1796888080153376 0.8062428651119675 -0.563634965851191
vn -0.16892059001394846 0.8073518337661716 -0.5653749647656321
vn -0.0875264667371804 0.8207166726817001 -0.5645912333740087
vn -0.37059828154746527 -0.8496231022483474 -0.3752299266316059
vn -0.2952858115314192 -0.8595394032448659 -0.4171310390964583
vn -0.24212102851403305 -0.8693324797222809 -0.43085780398086904
vn -0.20474637769837986 -0.8778090973578567 -0.43304746785448067
vn -0.14430448559832734 -0.8844629981299911 -0.4437357551235981
vn -0.07146754735465287 -0.8866302004909841 -0.45692371053867165
vn -0.46880603539734095 -0.41891206822551064 -0.7776461793579726
vn -0.36678942494574684 -0.4157636973609567 -0.8322295751201799
vn -0.2617529006831897 -0.41330219351385633 -0.8721620926299027
vn -0.1318587097843892 -0.4156758248928334 -0.8999038222241637
vn -0.5349795207563441 -0.33770617239002787 -0.7744362165478764
vn 0.46880603539734117 -0.41891206822551075 -0.7776461793579728
vn 0.36678942494574696 -0.4157636973609567 -0.8322295751201799
vn 0.26175290068318974 -0.41330219351385633 -0.8721620926299029
vn 0.13185870978438935 -0.4156758248928333 -0.8999038222241634
vn 0.5349795207563441 -0.3377061723900278 -0.7744362165478765
usemtl m_2e146a60-ae6a-de58-ef29-5cac9a70e150
f 98/211/69 99/212/69 97/213/69 96/214/69
f 100/215/70 101/216/70 99/217/70 98/218/70
f 102/219/71 103/220/71 101/221/71 100/222/71
f 104/223/72 105/224/72 103/225/72 102/226/72
f 122/227/73 121/228/73 124/229/73
f 123/230/74 124/231/74 121/232/74
f 128/233/75 126/234/75 129/235/75
f 128/236/76 129/237/76 130/238/76
f 130/239/77 131/240/77 132/241/77 133/242/77
f 127/243/78 125/244/78 126/245/78 128/246/78
f 119/247/79 117/248/79 118/249/79 120/250/79
f 113/251/80 118/252/80 117/253/80 116/254/80
f 112/255/81 113/256/81 116/257/81 115/258/81
f 115/259/82 114/260/82 111/261/82 112/262/82
f 111/263/83 114/264/83 134/265/83 108/266/83
f 108/267/84 110/268/84 109/269/84 107/270/84
f 135/271/85 103/272/85 136/273/85
f 97/274/86 99/275/86 138/276/86 137/277/86
f 97/278/87 137/279/87 106/280/87
f 99/281/88 101/282/88 139/283/88 138/284/88
f 139/285/89 101/286/89 140/287/89
f 101/288/90 103/289/90 135/290/90 140/291/90
f 141/292/91 136/293/91 103/294/91 105/295/91
f 142/296/92 108/297/92 107/298/92
f 142/299/93 143/300/93 111/301/93 108/302/93
f 144/303/94 112/304/94 111/305/94 143/306/94
f 145/307/95 113/308/95 112/309/95 144/310/95
f 113/311/96 145/312/96 146/313/96 118/314/96
f 147/315/97 120/316/97 118/317/97 146/318/97
f 148/319/98 149/320/98 150/321/98 151/322/98
f 154/323/99 153/324/99 152/325/99 155/326/99
f 158/327/100 150/328/100 149/329/100 159/330/100
f 161/331/101 163/332/101 162/333/101 160/334/101
f 162/335/102 163/336/102 156/337/102 157/338/102
f 165/339/103 167/340/103 166/341/103 164/342/103
f 167/343/104 169/344/104 168/345/104 166/346/104
f 169/347/105 171/348/105 170/349/105 168/350/105
f 171/351/106 173/352/106 172/353/106 170/354/106
f 189/355/107 190/356/107 192/357/107
f 192/358/108 191/359/108 189/360/108
f 194/361/109 196/362/109 197/363/109
f 197/364/110 196/365/110 198/366/110
f 200/367/111 199/368/111 198/369/111 201/370/111
f 194/371/112 193/372/112 195/373/112 196/374/112
f 186/375/113 185/376/113 187/377/113 188/378/113
f 185/379/114 186/380/114 181/381/114 184/382/114
f 184/383/115 181/384/115 180/385/115 183/386/115
f 179/387/116 182/388/116 183/389/116 180/390/116
f 202/391/117 182/392/117 179/393/117 176/394/117
f 177/395/118 178/396/118 176/397/118 175/398/118
f 171/399/119 203/400/119 204/401/119
f 206/402/120 167/403/120 165/404/120 205/405/120
f 205/406/121 165/407/121 174/408/121
f 207/409/122 169/410/122 167/411/122 206/412/122
f 169/413/123 207/414/123 208/415/123
f 203/416/124 171/417/124 169/418/124 208/419/124
f 171/420/125 204/421/125 209/422/125 173/423/125
f 176/424/126 210/425/126 175/426/126
f 179/427/127 211/428/127 210/429/127 176/430/127
f 179/431/128 180/432/128 212/433/128 211/434/128
f 180/435/129 181/436/129 213/437/129 212/438/129
f 214/439/130 213/440/130 181/441/130 186/442/130
f 186/443/131 188/444/131 215/445/131 214/446/131
f 224/447/132 222/448/132 223/449/132 225/450/132
f 222/451/133 220/452/133 221/453/133 223/454/133
f 220/455/134 218/456/134 219/457/134 221/458/134
f 217/459/135 219/460/135 218/461/135 216/462/135
f 228/463/136 226/464/136 227/465/136 229/466/136
f 237/467/137 236/468/137 238/469/137 239/470/137
f 235/471/138 234/472/138 236/473/138 237/474/138
f 233/475/139 232/476/139 234/477/139 235/478/139
f 232/479/140 233/480/140 231/481/140 230/482/140
f 241/483/141 240/484/141 242/485/141 243/486/141
o car1_coupler_open
v 0.3125 0.5 -10.625
v 0.3125 -0.125 -10.625
v -0.3125 0.5 -10.625
v -0.3125 -0.125 -10.625
v 0.09311124999999998 0.7103725000000001 -11.139005
v 0.3125 0.5 -10.625
v -0.09311124999999998 0.7103725000000001 -11.139005
v -0.3125 0.5 -10.625
v 0.3125 -0.125 -10.625
v 0.06529312499999995 -0.1591218749999999 -11.10380875
v -0.3125 -0.125 -10.625
v -0.06529312499999995 -0.1591218749999999 -11.10380875
v 0.26249999999999996 -0.07812499999999994 -10.9875
v 0.26249999999999996 0.26562500000000006 -10.9875
v 0.26249999999999996 0.26562500000000017 -11.45625
v 0.26249999999999996 -0.07812499999999983 -11.45625
v -0.2625 -0.07812499999999994 -10.9875
v -0.2625 0.26562500000000006 -10.9875
v -0.2625 0.26562500000000017 -11.45625
v -0.2625 -0.07812499999999983 -11.45625
v 0.31875 0.10937499999999999 -10.690625
v 0.31875 0.453125 -10.690625
v 0.31875 0.4531250000000001 -11.159375
v 0.31875 0.1093750000000001 -11.159375
v -0.31875 0.10937499999999999 -10.690625
v -0.31875 0.453125 -10.690625
v -0.31875 0.4531250000000001 -11.159375
v -0.31875 0.1093750000000001 -11.159375
v 0.21562499999999996 0.23750000000000004 -11.015625
v 0.21562499999999996 0.38750000000000007 -11.015625
v 0.21562499999999996 0.3875000000000002 -11.421875
v 0.21562499999999996 0.23750000000000016 -11.421875
v -0.215625 0.23750000000000004 -11.015625
v -0.215625 0.38750000000000007 -11.015625
v -0.215625 0.3875000000000002 -11.421875
v -0.215625 0.23750000000000016 -11.421875
v 0 0.09375000000000011 -11.2375
v 0 0.09374999999999993 -10.440625
v 0.06472124999999995 0.2500000000000001 -11.2375
v 0.06472124999999995 0.24999999999999994 -10.440625
v 0.15625 0.15847125000000012 -11.2375
v 0.15625 0.15847124999999992 -10.440625
v 0.15625 0.02902875000000013 -11.2375
v 0.15625 0.029028749999999964 -10.440625
v 0.06472124999999995 -0.06249999999999986 -11.2375
v 0.06472124999999995 -0.06250000000000006 -10.440625
v 0.234375 -0.031249999999999833 -11.409375
v 0.234375 0.25000000000000017 -11.409375
v 0.234375 0.25000000000000017 -11.503125
v 0.234375 -0.031249999999999806 -11.503125
v -0.06472124999999995 0.2500000000000001 -11.2375
v -0.06472124999999995 0.24999999999999994 -10.440625
v -0.15625 0.15847125000000012 -11.2375
v -0.15625 0.15847124999999992 -10.440625
v -0.15625 0.02902875000000013 -11.2375
v -0.15625 0.029028749999999964 -10.440625
v -0.06472124999999995 -0.06249999999999986 -11.2375
v -0.06472124999999995 -0.06250000000000006 -10.440625
v -0.234375 -0.031249999999999833 -11.409375
v -0.234375 0.25000000000000017 -11.409375
v -0.234375 0.25000000000000017 -11.503125
v -0.234375 -0.031249999999999806 -11.503125
v -0.09072687499999998 0.17187500000000017 -11.50451375
v -0.05627000000000004 0.15760250000000017 -11.50451375
v -0.109375 0.07812500000000014 -11.37951375
v -0.02989750000000002 0.13123000000000018 -11.50451375
v -0.015625 0.09677312500000017 -11.50451375
v -0.015625 0.05947687500000018 -11.50451375
v -0.02989750000000002 0.02502000000000018 -11.50451375
v -0.05627000000000004 -0.00135249999999984 -11.50451375
v -0.09072687499999998 -0.015624999999999806 -11.50451375
v -0.12802312500000002 -0.015624999999999806 -11.50451375
v -0.16248 -0.00135249999999984 -11.50451375
v -0.18885249999999998 0.02502000000000018 -11.50451375
v -0.203125 0.05947687500000018 -11.50451375
v -0.203125 0.09677312500000017 -11.50451375
v -0.18885249999999998 0.13123000000000018 -11.50451375
v -0.16248 0.15760250000000017 -11.50451375
v -0.12802312500000002 0.17187500000000017 -11.50451375
v -0.109375 0.07812500000000017 -11.50451375
v 0.16247999999999996 0.15760250000000017 -11.503125
v 0.12802312500000002 0.17187500000000017 -11.503125
v 0.109375 0.07812500000000017 -11.503125
v 0.109375 0.0781250000000002 -11.628125
v 0.18885249999999998 0.13123000000000018 -11.503125
v 0.203125 0.09677312500000017 -11.503125
v 0.203125 0.05947687500000018 -11.503125
v 0.18885249999999998 0.02502000000000018 -11.503125
v 0.16247999999999996 -0.00135249999999984 -11.503125
v 0.12802312500000002 -0.015624999999999806 -11.503125
v 0.09072687499999998 -0.015624999999999806 -11.503125
v 0.05627000000000004 -0.00135249999999984 -11.503125
v 0.02989750000000002 0.02502000000000018 -11.503125
v 0.015625 0.05947687500000018 -11.503125
v 0.015625 0.09677312500000017 -11.503125
v 0.02989750000000002 0.13123000000000018 -11.503125
v 0.05627000000000004 0.15760250000000017 -11.503125
v 0.09072687499999998 0.17187500000000017 -11.503125
v -0.3125 0.5 -10.625
v -0.3125 -0.125 -10.625
v -0.09311124999999998 0.7103725000000001 -11.139005
v -0.06529312499999995 -0.1591218749999999 -11.10380875
v -0.81532 -0.020963124999999916 -10.993101875
v -0.925236875 0.4464112500000001 -11.063649999999999
v -0.277301875 0.6947518750000001 -11.1331575
v -0.292591875 0.6926168750000001 -11.13293125
v -0.346110625 0.6843943750000001 -11.129238749999999
v -0.44611 0.6687368750000001 -11.119755625
v -0.5983225 0.6349918750000001 -11.103028125
v -0.750689375 0.5866737500000001 -11.087625625
v -0.880656875 0.5201375000000001 -11.075708125
v -0.8982712500000001 0.5080418750000001 -11.073853125
v -0.18692750000000002 -0.1557918749999999 -11.087258125
v -0.7024431250000001 -0.06994312499999994 -10.995229375000001
v -0.8104875 -0.028501249999999922 -10.982354375
v -0.54636375 -0.11291062499999988 -11.01717875
v -0.431068125 -0.1369531249999999 -11.0320275
v -0.309985 -0.14823249999999988 -11.062306875
v 0.3125 0.5 -10.625
v 0.3125 -0.125 -10.625
v 0.09311124999999998 0.7103725000000001 -11.139005
v 0.06529312499999995 -0.1591218749999999 -11.10380875
v 0.81532 -0.020963124999999916 -10.993101875
v 0.925236875 0.4464112500000001 -11.063649999999999
v 0.27730187500000003 0.6947518750000001 -11.1331575
v 0.29259187499999995 0.6926168750000001 -11.13293125
v 0.346110625 0.6843943750000001 -11.129238749999999
v 0.44611 0.6687368750000001 -11.119755625
v 0.5983225000000001 0.6349918750000001 -11.103028125
v 0.7506893750000001 0.5866737500000001 -11.087625625
v 0.8806568749999999 0.5201375000000001 -11.075708125
v 0.8982712500000001 0.5080418750000001 -11.073853125
v 0.18692750000000002 -0.1557918749999999 -11.087258125
v 0.7024431250000001 -0.06994312499999994 -10.995229375000001
v 0.8104875 -0.028501249999999922 -10.982354375
v 0.54636375 -0.11291062499999988 -11.01717875
v 0.4310681249999999 -0.1369531249999999 -11.0320275
v 0.30998499999999996 -0.14823249999999988 -11.062306875
v -0.8490925 0.4529793750000001 -10.97096875
v -0.94158125 0.5201374999999999 -10.21637125
v -0.9514825 0.5080418749999999 -10.201685
v -0.95741 0.5017343749999998 -10.23246125
v -0.607415625 0.692616875 -10.7036375
v -0.597760625 0.694751875 -10.715495624999999
v 0.8490831249999999 0.4529793750000001 -10.9709475
v 0.6074062499999999 0.692616875 -10.70361625
v 0.59775125 0.694751875 -10.715475
v -0.8802181250000001 0.40077625000000006 -11.003779375
v -0.8490925 0.452979375 -10.97096875
v -0.799110625 0.40034562500000015 -11.139596875
v -0.7640825 0.4544356250000001 -11.1081125
v -0.712311875 -0.024093124999999938 -10.90611625
v -0.704896875 -0.029210624999999935 -10.900464375
v -0.641228125 -0.02445624999999993 -11.02105625
v -0.63464375 -0.02957437499999993 -11.01552625
v -0.597760625 0.694751875 -10.715495624999999
v -0.48384499999999997 0.7103724999999999 -10.8603525
v -0.504508125 -0.15579187499999997 -10.7552225
v -0.439001875 -0.15912187499999997 -10.85903875
v -0.799110625 0.40034562500000015 -11.139596875
v -0.641228125 -0.02445624999999993 -11.02105625
v -0.8802181250000001 0.40077625000000006 -11.003779375
v -0.712311875 -0.024093124999999938 -10.90611625
v -0.799110625 0.40034562500000015 -11.139596875
v -0.7640825 0.4544356250000001 -11.1081125
v -0.641228125 -0.02445624999999993 -11.02105625
v -0.63464375 -0.02957437499999993 -11.01552625
v -0.588921875 -0.029574374999999875 -11.070015625
v -0.59550875 -0.0244562499999999 -11.075542500000001
v -0.746528125 0.40034562500000015 -11.2022625
v -0.7106281249999999 0.4544356250000001 -11.171816875
v -0.7640825 0.4544356250000001 -11.1081125
v -0.799110625 0.40034562500000015 -11.139596875
v -0.641228125 -0.02445624999999993 -11.02105625
v -0.48384499999999997 0.7103724999999999 -10.8603525
v -0.439001875 -0.15912187499999997 -10.85903875
v -0.63464375 -0.02957437499999993 -11.01552625
v -0.42418 0.7103725000000001 -10.931458125
v -0.7106281249999999 0.4544356250000001 -11.171816875
v -0.746528125 0.40034562500000015 -11.2022625
v -0.59550875 -0.0244562499999999 -11.075542500000001
v -0.588921875 -0.029574374999999875 -11.070015625
v -0.397059375 -0.15912187499999997 -10.90902375
v 0.88020875 0.40077625000000006 -11.00375875
v 0.8490831249999999 0.452979375 -10.9709475
v 0.7991012500000001 0.40034562500000015 -11.139575624999999
v 0.7640724999999999 0.4544356250000001 -11.10809125
v 0.7123025000000001 -0.024093124999999938 -10.906095625
v 0.7048868749999999 -0.029210624999999935 -10.900443125
v 0.64121875 -0.02445624999999993 -11.021035625
v 0.6346337500000001 -0.02957437499999993 -11.015505625
v 0.59775125 0.694751875 -10.715475
v 0.483835 0.7103724999999999 -10.860331875
v 0.50449875 -0.15579187499999997 -10.755201875000001
v 0.4389924999999999 -0.15912187499999997 -10.859018125
v 0.7640724999999999 0.4544356250000001 -11.10809125
v 0.7991012500000001 0.40034562500000015 -11.139575624999999
v 0.64121875 -0.02445624999999993 -11.021035625
v 0.6346337500000001 -0.02957437499999993 -11.015505625
v 0.7991012500000001 0.40034562500000015 -11.139575624999999
v 0.64121875 -0.02445624999999993 -11.021035625
v 0.88020875 0.40077625000000006 -11.00375875
v 0.7123025000000001 -0.024093124999999938 -10.906095625
v 0.588858125 -0.029574374999999875 -11.070059375
v 0.595445 -0.0244562499999999 -11.075586875
v 0.74646375 0.40034562500000015 -11.202306875
v 0.7102468749999999 0.4544356250000001 -11.17223875
v 0.7640724999999999 0.4544356250000001 -11.10809125
v 0.64121875 -0.02445624999999993 -11.021035625
v 0.7991012500000001 0.40034562500000015 -11.139575624999999
v 0.483835 0.7103724999999999 -10.860331875
v 0.4389924999999999 -0.15912187499999997 -10.859018125
v 0.6346337500000001 -0.02957437499999993 -11.015505625
v 0.42379875 0.7103725000000001 -10.931880625
v 0.7102468749999999 0.4544356250000001 -11.17223875
v 0.74646375 0.40034562500000015 -11.202306875
v 0.595445 -0.0244562499999999 -11.075586875
v 0.588858125 -0.029574374999999875 -11.070059375
v 0.39699562499999996 -0.15912187499999997 -10.9090675
v -0.8802181250000001 0.40077625000000006 -11.003779375
v -0.8490925 0.452979375 -10.97096875
v -0.799110625 0.40034562500000015 -11.139596875
v -0.7640825 0.4544356250000001 -11.1081125
v -0.712311875 -0.024093124999999938 -10.90611625
v -0.704896875 -0.029210624999999935 -10.900464375
v -0.641228125 -0.02445624999999993 -11.02105625
v -0.63464375 -0.02957437499999993 -11.01552625
v -0.597760625 0.694751875 -10.715495624999999
v -0.48384499999999997 0.7103724999999999 -10.8603525
v -0.504508125 -0.15579187499999997 -10.7552225
v -0.439001875 -0.15912187499999997 -10.85903875
v -0.799110625 0.40034562500000015 -11.139596875
v -0.641228125 -0.02445624999999993 -11.02105625
v -0.8802181250000001 0.40077625000000006 -11.003779375
v -0.712311875 -0.024093124999999938 -10.90611625
v -0.799110625 0.40034562500000015 -11.139596875
v -0.7640825 0.4544356250000001 -11.1081125
v -0.641228125 -0.02445624999999993 -11.02105625
v -0.63464375 -0.02957437499999993 -11.01552625
v -0.588921875 -0.029574374999999875 -11.070015625
v -0.59550875 -0.0244562499999999 -11.075542500000001
v -0.746528125 0.40034562500000015 -11.2022625
v -0.7106281249999999 0.4544356250000001 -11.171816875
v -0.7640825 0.4544356250000001 -11.1081125
v -0.799110625 0.40034562500000015 -11.139596875
v -0.641228125 -0.02445624999999993 -11.02105625
v -0.48384499999999997 0.7103724999999999 -10.8603525
v -0.439001875 -0.15912187499999997 -10.85903875
v -0.63464375 -0.02957437499999993 -11.01552625
v -0.42418 0.7103725000000001 -10.931458125
v -0.7106281249999999 0.4544356250000001 -11.171816875
v -0.746528125 0.40034562500000015 -11.2022625
v -0.59550875 -0.0244562499999999 -11.075542500000001
v -0.588921875 -0.029574374999999875 -11.070015625
v -0.397059375 -0.15912187499999997 -10.90902375
v 0.88020875 0.40077625000000006 -11.00375875
v 0.8490831249999999 0.452979375 -10.9709475
v 0.7991012500000001 0.40034562500000015 -11.139575624999999
v 0.7640724999999999 0.4544356250000001 -11.10809125
v 0.7123025000000001 -0.024093124999999938 -10.906095625
v 0.7048868749999999 -0.029210624999999935 -10.900443125
v 0.64121875 -0.02445624999999993 -11.021035625
v 0.6346337500000001 -0.02957437499999993 -11.015505625
v 0.59775125 0.694751875 -10.715475
v 0.483835 0.7103724999999999 -10.860331875
v 0.50449875 -0.15579187499999997 -10.755201875000001
v 0.4389924999999999 -0.15912187499999997 -10.859018125
v 0.7640724999999999 0.4544356250000001 -11.10809125
v 0.7991012500000001 0.40034562500000015 -11.139575624999999
v 0.64121875 -0.02445624999999993 -11.021035625
v 0.6346337500000001 -0.02957437499999993 -11.015505625
v 0.7991012500000001 0.40034562500000015 -11.139575624999999
v 0.64121875 -0.02445624999999993 -11.021035625
v 0.88020875 0.40077625000000006 -11.00375875
v 0.7123025000000001 -0.024093124999999938 -10.906095625
v 0.588858125 -0.029574374999999875 -11.070059375
v 0.595445 -0.0244562499999999 -11.075586875
v 0.74646375 0.40034562500000015 -11.202306875
v 0.7102468749999999 0.4544356250000001 -11.17223875
v 0.7640724999999999 0.4544356250000001 -11.10809125
v 0.64121875 -0.02445624999999993 -11.021035625
v 0.7991012500000001 0.40034562500000015 -11.139575624999999
v 0.483835 0.7103724999999999 -10.860331875
v 0.4389924999999999 -0.15912187499999997 -10.859018125
v 0.6346337500000001 -0.02957437499999993 -11.015505625
v 0.42379875 0.7103725000000001 -10.931880625
v 0.7102468749999999 0.4544356250000001 -11.17223875
v 0.74646375 0.40034562500000015 -11.202306875
v 0.595445 -0.0244562499999999 -11.075586875
v 0.588858125 -0.029574374999999875 -11.070059375
v 0.39699562499999996 -0.15912187499999997 -10.9090675
vt 0.05952380952380952 0.5535714285714286
vt 0.05952380952380952 0.6130952380952381
vt 0 0.6130952380952381
vt 0 0.5535714285714286
vt 0.37803690476190477 0.5892857142857143
vt 0.35714285714285715 0.5357142857142857
vt 0.4166666666666667 0.5357142857142857
vt 0.39577261904761907 0.5892857142857143
vt 0.31547619047619047 0.5178571428571428
vt 0.29193273809523806 0.5654761904761905
vt 0.27949583333333333 0.5654761904761905
vt 0.25595238095238093 0.5178571428571428
vt 0.08333333333333333 0.5
vt 0.13095238095238096 0.5
vt 0.13095238095238096 0.5476190476190477
vt 0.08333333333333333 0.5476190476190477
vt 0.4583333333333333 0.6845238095238095
vt 0.4583333333333333 0.6369047619047619
vt 0.5059523809523809 0.6369047619047619
vt 0.5059523809523809 0.6845238095238095
vt 0.5535714285714286 0.6904761904761905
vt 0.5535714285714286 0.7261904761904762
vt 0.5059523809523809 0.7261904761904762
vt 0.5059523809523809 0.6904761904761905
vt 0.5119047619047619 0.6488095238095238
vt 0.5595238095238095 0.6488095238095238
vt 0.5595238095238095 0.6845238095238095
vt 0.5119047619047619 0.6845238095238095
vt 0.47023809523809523 0.48809523809523814
vt 0.47023809523809523 0.44047619047619047
vt 0.5059523809523809 0.44047619047619047
vt 0.5059523809523809 0.48809523809523814
vt 0.5119047619047619 0.44047619047619047
vt 0.5476190476190477 0.44047619047619047
vt 0.5476190476190477 0.48809523809523814
vt 0.5119047619047619 0.48809523809523814
vt 0.4166666666666667 0.7976190476190477
vt 0.47619047619047616 0.7976190476190477
vt 0.47619047619047616 0.8452380952380952
vt 0.4166666666666667 0.8452380952380952
vt 0.4226190476190476 0.5892857142857143
vt 0.4226190476190476 0.5416666666666667
vt 0.48214285714285715 0.5416666666666667
vt 0.48214285714285715 0.5892857142857143
vt 0.5178571428571429 0.5952380952380952
vt 0.5178571428571429 0.6309523809523809
vt 0.4583333333333333 0.6309523809523809
vt 0.4583333333333333 0.5952380952380952
vt 0.47023809523809523 0.8571428571428572
vt 0.5297619047619048 0.8571428571428572
vt 0.5297619047619048 0.8928571428571429
vt 0.47023809523809523 0.8928571428571429
vt 0.3630952380952381 0.4821428571428571
vt 0.3630952380952381 0.43452380952380953
vt 0.39880952380952384 0.43452380952380953
vt 0.39880952380952384 0.4821428571428571
vt 0.5238095238095238 0.5952380952380952
vt 0.5595238095238095 0.5952380952380952
vt 0.5595238095238095 0.6428571428571428
vt 0.5238095238095238 0.6428571428571428
vt 0.25595238095238093 0.47023809523809523
vt 0.2976190476190476 0.47023809523809523
vt 0.2976190476190476 0.5119047619047619
vt 0.25595238095238093 0.5119047619047619
vt 0.4880952380952381 0.5892857142857143
vt 0.4880952380952381 0.5476190476190477
vt 0.5297619047619048 0.5476190476190477
vt 0.5297619047619048 0.5892857142857143
vt 0.7678571428571429 0.7261904761904762
vt 0.7678571428571429 0.7380952380952381
vt 0.7261904761904762 0.7380952380952381
vt 0.7261904761904762 0.7261904761904762
vt 0.7380952380952381 0.36904761904761907
vt 0.7797619047619048 0.36904761904761907
vt 0.7797619047619048 0.38095238095238093
vt 0.7380952380952381 0.38095238095238093
vt 0.3392857142857143 0.27380952380952384
vt 0.3392857142857143 0.2321428571428571
vt 0.35119047619047616 0.2321428571428571
vt 0.35119047619047616 0.27380952380952384
vt 0.5416666666666666 0.2321428571428571
vt 0.5535714285714286 0.2321428571428571
vt 0.5535714285714286 0.27380952380952384
vt 0.5416666666666666 0.27380952380952384
vt 0.8216864285714285 0.7505151785714286
vt 0.8330754761904762 0.7457977976190476
vt 0.8330754761904762 0.7619047619047619
vt 0.44642857142857145 0.3928571428571429
vt 0.43452380952380953 0.3928571428571429
vt 0.43452380952380953 0.31547619047619047
vt 0.44642857142857145 0.31547619047619047
vt 0.36283738095238094 0.17359196428571433
vt 0.35144833333333336 0.17830934523809527
vt 0.35144833333333336 0.16220238095238093
vt 0.3985516666666667 0.17385404761904766
vt 0.387162619047619 0.1785714285714286
vt 0.387162619047619 0.16246446428571426
vt 0.13690476190476192 0.38690476190476186
vt 0.125 0.38690476190476186
vt 0.125 0.30952380952380953
vt 0.13690476190476192 0.30952380952380953
vt 0.17287690476190476 0.16691976190476188
vt 0.18426595238095236 0.16220238095238093
vt 0.18426595238095236 0.17830934523809527
vt 0.27380952380952384 0.8928571428571429
vt 0.32142857142857145 0.8928571428571429
vt 0.32142857142857145 0.9047619047619048
vt 0.27380952380952384 0.9047619047619048
vt 0.7023809523809523 0.8392857142857143
vt 0.7023809523809523 0.8273809523809523
vt 0.75 0.8273809523809523
vt 0.75 0.8392857142857143
vt 0.5773809523809523 0.5119047619047619
vt 0.5773809523809523 0.5416666666666667
vt 0.5297619047619048 0.5416666666666667
vt 0.5297619047619048 0.5119047619047619
vt 0.5357142857142857 0.8630952380952381
vt 0.5833333333333334 0.8630952380952381
vt 0.5833333333333334 0.8928571428571429
vt 0.5357142857142857 0.8928571428571429
vt 0.0895432738095238 0.17313476190476185
vt 0.10093291666666666 0.1684168452380952
vt 0.10093291666666666 0.18452380952380953
vt 0.4166666666666667 0.38690476190476186
vt 0.40476190476190477 0.38690476190476186
vt 0.40476190476190477 0.30952380952380953
vt 0.4166666666666667 0.30952380952380953
vt 0.8376665476190477 0.8571428571428572
vt 0.8329486904761906 0.8685324404761905
vt 0.8215596428571429 0.8571428571428572
vt 0.8329492261904763 0.8159919047619048
vt 0.8376665476190477 0.8273809523809523
vt 0.8215596428571429 0.8273809523809523
vt 0.39880952380952384 0.4285714285714286
vt 0.3869047619047619 0.4285714285714286
vt 0.3869047619047619 0.35119047619047616
vt 0.39880952380952384 0.35119047619047616
vt 0.8329492261904763 0.5773809523809523
vt 0.8376665476190477 0.58877
vt 0.8215596428571429 0.58877
vt 0.8317141666666666 0.2921818452380952
vt 0.8269963095238095 0.3035714285714286
vt 0.8156072619047618 0.2921818452380952
vt 0.625 0.5892857142857143
vt 0.6130952380952381 0.5892857142857143
vt 0.6130952380952381 0.5119047619047619
vt 0.625 0.5119047619047619
vt 0.821686130952381 0.9657738095238095
vt 0.8330757738095238 0.9704916666666666
vt 0.821686130952381 0.9818807738095238
vt 0.7619047619047619 0.9523809523809523
vt 0.7619047619047619 0.9404761904761905
vt 0.7916666666666666 0.9404761904761905
vt 0.7916666666666666 0.9523809523809523
vt 0.1548929761904762 0.18452380952380953
vt 0.15961083333333334 0.17313422619047614
vt 0.17099988095238094 0.18452380952380953
vt 0.5892857142857143 0.38690476190476186
vt 0.5773809523809523 0.38690476190476186
vt 0.5773809523809523 0.30952380952380953
vt 0.5892857142857143 0.30952380952380953
vt 0.8271233928571429 0.7199760119047619
vt 0.81573375 0.7152580952380952
vt 0.8271233928571429 0.7038690476190477
vt 0.8262769642857142 0.6428571428571428
vt 0.8215596428571429 0.6314680952380953
vt 0.8376665476190477 0.6314680952380953
vt 0.19642857142857142 0.40476190476190477
vt 0.18452380952380953 0.40476190476190477
vt 0.18452380952380953 0.32738095238095233
vt 0.19642857142857142 0.32738095238095233
vt 0.30841982142857144 0.17805571428571432
vt 0.3037025 0.16666666666666663
vt 0.3198094047619048 0.16666666666666663
vt 0.8271233928571429 0.5131392857142858
vt 0.81573375 0.5178571428571428
vt 0.81573375 0.5017501785714287
vt 0.6071428571428571 0.38690476190476186
vt 0.5952380952380952 0.38690476190476186
vt 0.5952380952380952 0.30952380952380953
vt 0.6071428571428571 0.30952380952380953
vt 0.017988214285714284 0.18400863095238107
vt 0.02270607142857143 0.17261904761904767
vt 0.03409511904761905 0.18400863095238107
vt 0.7678571428571429 0.9880952380952381
vt 0.7976190476190477 0.9880952380952381
vt 0.7976190476190477 1
vt 0.7678571428571429 1
vt 0.8992998214285715 0.9789917261904761
vt 0.9027835119047619 0.9796848214285714
vt 0.8992998214285715 0.9880952380952381
vt 0.8913690476190477 0.3017679166666667
vt 0.8878417261904762 0.3021889880952381
vt 0.8878417261904762 0.28720238095238093
vt 0.29215714285714284 0.09277988095238088
vt 0.2956404761904762 0.09208714285714292
vt 0.2956404761904762 0.10119047619047616
vt 0.36755952380952384 0.10533946428571439
vt 0.3640327976190476 0.10576041666666669
vt 0.3640327976190476 0.09077380952380953
vt 0.18501410714285715 0.09278005952380952
vt 0.1884977976190476 0.09208696428571428
vt 0.1884977976190476 0.10119047619047616
vt 0.9032738095238095 0.20386904761904767
vt 0.9028528571428571 0.2073957738095238
vt 0.8882872023809524 0.20386904761904767
vt 0.9019241071428571 0.32389684523809525
vt 0.9026172619047619 0.32738095238095233
vt 0.8935136904761904 0.32738095238095233
vt 0.7599482142857144 0.11129172619047623
vt 0.7564208333333333 0.11171279761904762
vt 0.7564208333333333 0.09672619047619047
vt 0.9026172619047619 0.10365910714285709
vt 0.9019241071428571 0.1071428571428571
vt 0.8935136904761904 0.10365910714285709
vt 0.25947910714285716 0.10533946428571439
vt 0.25595238095238093 0.10576041666666669
vt 0.25595238095238093 0.09077380952380953
vt 0.9085695238095238 0.64532625
vt 0.9078767261904762 0.6488095238095238
vt 0.8994661904761905 0.64532625
vt 0.55709875 0.11129172619047623
vt 0.5535714285714286 0.11171279761904762
vt 0.5535714285714286 0.09672619047619047
vt 0.10430505952380953 0.09770672619047616
vt 0.10499821428571429 0.10119047619047616
vt 0.09589464285714284 0.10119047619047616
vt 0.9018913690476191 0.38244047619047616
vt 0.9014702976190476 0.38596779761904765
vt 0.8869047619047619 0.38244047619047616
vt 0.896831369047619 0.344545
vt 0.8933472023809524 0.34523809523809523
vt 0.8933472023809524 0.33613458333333335
vt 0.8909005952380953 0.49224410714285716
vt 0.8873732142857143 0.49266517857142866
vt 0.8873732142857143 0.4776785714285714
vt 0.1527835119047619 0.10119047619047616
vt 0.14929982142857143 0.10049732142857148
vt 0.1527835119047619 0.09208696428571428
vt 0.8913690476190477 0.63510125
vt 0.8878417261904762 0.6355223214285715
vt 0.8878417261904762 0.6205357142857143
vt 0.9027833333333333 0.7142857142857143
vt 0.8993 0.7135929166666666
vt 0.9027833333333333 0.705182380952381
vt 0.3556547619047619 0.10533952380952372
vt 0.3521279761904762 0.1057602976190476
vt 0.3521279761904762 0.09077380952380953
vt 0.08730732142857144 0.10049732142857148
vt 0.08382363095238095 0.10119047619047616
vt 0.08382363095238095 0.09208696428571428
vt 0.9032738095238095 0.3526785714285714
vt 0.9028529761904762 0.35620535714285717
vt 0.8882873214285715 0.3526785714285714
vt 0.8942068452380953 0.22023809523809523
vt 0.8935136904761904 0.21675398809523805
vt 0.9026172619047619 0.21675398809523805
vt 0.5456625 0.11129172619047623
vt 0.542135119047619 0.11171279761904762
vt 0.542135119047619 0.09672619047619047
vt 0.8994660714285714 0.9047619047619048
vt 0.9001592261904763 0.9012781547619048
vt 0.9085696428571429 0.9047619047619048
vt 0.05114583333333333 0.10533952380952372
vt 0.047619047619047616 0.1057602976190476
vt 0.047619047619047616 0.09077380952380953
vt 0.9001589880952381 0.7619047619047619
vt 0.8994661904761905 0.7584214880952381
vt 0.9085695238095238 0.7584214880952381
vt 0.694003511904762 0.11129172619047623
vt 0.6904761904761905 0.11171279761904762
vt 0.6904761904761905 0.09672619047619047
vt 0.9001592261904763 0.8392857142857143
vt 0.8994660714285714 0.8358019642857143
vt 0.9085696428571429 0.8358019642857143
vt 0.5923675595238096 0.10863095238095233
vt 0.5919464880952381 0.11215827380952381
vt 0.5773809523809523 0.10863095238095233
vt 0.8933472023809524 0.18801815476190475
vt 0.896831369047619 0.1873250595238095
vt 0.896831369047619 0.1964285714285714
vt 0.44447202380952383 0.11129172619047623
vt 0.44094464285714285 0.11171279761904762
vt 0.44094464285714285 0.09672619047619047
vt 0.8840669642857142 0.1026785714285714
vt 0.8847601190476191 0.10616232142857152
vt 0.8756565476190475 0.10616232142857152
vt 0.8882872023809524 0.26190476190476186
vt 0.8887081547619047 0.25837803571428575
vt 0.9032738095238095 0.26190476190476186
vt 0.31333142857142854 0.09672619047619047
vt 0.312638630952381 0.10020946428571431
vt 0.30422809523809524 0.09672619047619047
vt 0.0009375595238095239 0.09257720238095235
vt 0.004464285714285714 0.09215624999999994
vt 0.004464285714285714 0.1071428571428571
vt 0.9085696428571429 0.8110119047619048
vt 0.907876488095238 0.8144956547619048
vt 0.8994660714285714 0.8110119047619048
vt 0.2806994642857143 0.09257720238095235
vt 0.28422619047619047 0.09215624999999994
vt 0.28422619047619047 0.1071428571428571
vt 0.9019241071428571 0.1741071428571429
vt 0.9026172619047619 0.17759124999999998
vt 0.8935136904761904 0.17759124999999998
vt 0.6016589285714286 0.09852970238095238
vt 0.6051863095238096 0.09810863095238087
vt 0.6051863095238096 0.11309523809523814
vt 0.821918869047619 0.09741934523809515
vt 0.8254025595238096 0.09672619047619047
vt 0.8254025595238096 0.10582970238095246
vt 0.8928571428571429 0.9464285714285714
vt 0.8932780952380952 0.9429018452380953
vt 0.9078437500000001 0.9464285714285714
vt 0.2385857142857143 0.09146660714285715
vt 0.24206904761904763 0.09077380952380953
vt 0.24206904761904763 0.09987714285714289
vt 0.26785714285714285 0.09257720238095235
vt 0.271383869047619 0.09215624999999994
vt 0.271383869047619 0.1071428571428571
vt 0.8933474404761904 0.11458333333333337
vt 0.896831130952381 0.11527648809523805
vt 0.8933474404761904 0.12368684523809526
vt 0.8333333333333334 0.09852970238095238
vt 0.8368606547619047 0.09810863095238087
vt 0.8368606547619047 0.11309523809523814
vt 0.8933472023809524 0.3652764285714285
vt 0.896831369047619 0.36458333333333337
vt 0.896831369047619 0.37368684523809526
vt 0.5004684523809524 0.09852970238095238
vt 0.5039958333333333 0.09810863095238087
vt 0.5039958333333333 0.11309523809523814
vt 0.9001592261904763 0.78473375
vt 0.8994660714285714 0.78125
vt 0.9085696428571429 0.78125
vt 0.8942397023809524 0.8869047619047619
vt 0.8946604761904763 0.8833779761904762
vt 0.9092261904761905 0.8869047619047619
vt 0.3220852380952381 0.10020946428571431
vt 0.3227780357142857 0.09672619047619047
vt 0.33118857142857144 0.10020946428571431
vt 0.20331845238095236 0.09257714285714291
vt 0.20684523809523808 0.09215636904761904
vt 0.20684523809523808 0.1071428571428571
vt 0.8994660714285714 0.9156861309523809
vt 0.9001592261904763 0.9122023809523809
vt 0.9085696428571429 0.9156861309523809
vt 0.07236607142857143 0.09257714285714291
vt 0.07589285714285714 0.09215636904761904
vt 0.07589285714285714 0.1071428571428571
vt 0.8942068452380953 0.16568648809523812
vt 0.8935136904761904 0.16220238095238093
vt 0.9026172619047619 0.16220238095238093
vt 0.8635636904761904 0.09852970238095238
vt 0.8670910714285714 0.09810863095238087
vt 0.8670910714285714 0.11309523809523814
vt 0.9027835119047619 0.8015651785714286
vt 0.8992998214285715 0.8022582738095239
vt 0.8992998214285715 0.7931547619047619
vt 0.8869047619047619 0.14880952380952384
vt 0.8873255952380952 0.14528273809523806
vt 0.90189125 0.14880952380952384
vt 0.9027833333333333 0.7301367857142858
vt 0.8993 0.7308295238095238
vt 0.8993 0.7217261904761905
vt 0.2261904761904762 0.09257714285714291
vt 0.2297172619047619 0.09215636904761904
vt 0.2297172619047619 0.1071428571428571
vt 0.9027835119047619 0.9689249404761905
vt 0.8992998214285715 0.9682318452380952
vt 0.9027835119047619 0.9598214285714286
vt 0.5119047619047619 0.09852970238095238
vt 0.5154320833333333 0.09810863095238087
vt 0.5154320833333333 0.11309523809523814
vt 0.7956408928571428 0.10513660714285711
vt 0.7921567261904763 0.10582970238095246
vt 0.7921567261904763 0.09672619047619047
vt 0.33975416666666663 0.09852970238095238
vt 0.3432815476190476 0.09810863095238087
vt 0.3432815476190476 0.11309523809523814
vt 0.35714285714285715 0.5709116071428572
vt 0.2976190476190476 0.5751340476190476
vt 0.3117124404761905 0.6336304761904762
vt 0.35714285714285715 0.6428571428571428
vt 0.6631005357142857 0.6785714285714286
vt 0.670548869047619 0.662610119047619
vt 0.6136773214285715 0.662610119047619
vt 0.9090804761904762 0.24404761904761907
vt 0.9092261904761905 0.24258446428571423
vt 0.8573097023809524 0.24404761904761907
vt 0.8429567261904761 0.6130952380952381
vt 0.84375 0.6079874404761905
vt 0.7919794047619048 0.6079874404761905
vt 0.41746005952380955 0.26190476190476186
vt 0.4270833333333333 0.26084065476190477
vt 0.41746005952380955 0.21051946428571422
vt 0.5068135714285714 0.36904761904761907
vt 0.5208333333333334 0.36390398809523805
vt 0.5068135714285714 0.3144679761904762
vt 0.3457292261904762 0.36904761904761907
vt 0.3586309523809524 0.36083529761904765
vt 0.3457292261904762 0.30780244047619043
vt 0.042755357142857144 0.34523809523809523
vt 0.05357142857142857 0.3364259523809524
vt 0.042755357142857144 0.27614339285714284
vt 0.23935154761904764 0.25595238095238093
vt 0.24553571428571427 0.25401714285714283
vt 0.23935154761904764 0.18400315476190476
vt 0.3882359523809524 0.15476190476190477
vt 0.3898809523809524 0.15355059523809533
vt 0.3882359523809524 0.08447535714285714
vt 0.7385179166666667 0.28191047619047627
vt 0.7385179166666667 0.33333333333333337
vt 0.7480892261904761 0.32661154761904765
vt 0.8009280357142858 0.3035714285714286
vt 0.8090942857142858 0.2960696428571429
vt 0.75 0.2960696428571429
vt 0.5245046428571429 0.10607232142857148
vt 0.5252976190476191 0.1071428571428571
vt 0.5245046428571429 0.04697845238095244
vt 0.7203401190476191 0.38095238095238093
vt 0.7300486904761905 0.3687945238095238
vt 0.6785714285714286 0.3687945238095238
vt 0.7890344047619048 0.9345238095238095
vt 0.7935029166666667 0.9241389285714285
vt 0.75 0.9241389285714285
vt 0.6791771428571428 0.26190476190476186
vt 0.6898704761904761 0.25650404761904766
vt 0.6791771428571428 0.21619071428571435
vt 0.32160511904761907 0.4642857142857143
vt 0.3331567857142857 0.4612829761904762
vt 0.32160511904761907 0.42257827380952384
vt 0.3117124404761905 0.6336304761904762
vt 0.2976190476190476 0.5751340476190476
vt 0.35714285714285715 0.5709116071428572
vt 0.35714285714285715 0.6428571428571428
vt 0.670548869047619 0.662610119047619
vt 0.6631005357142857 0.6785714285714286
vt 0.6136773214285715 0.662610119047619
vt 0.9092261904761905 0.24258446428571423
vt 0.9090804761904762 0.24404761904761907
vt 0.8573097023809524 0.24404761904761907
vt 0.84375 0.6079874404761905
vt 0.8429567261904761 0.6130952380952381
vt 0.7919794047619048 0.6079874404761905
vt 0.4270833333333333 0.26084065476190477
vt 0.41746005952380955 0.26190476190476186
vt 0.41746005952380955 0.21051946428571422
vt 0.5208333333333334 0.36390398809523805
vt 0.5068135714285714 0.36904761904761907
vt 0.5068135714285714 0.3144679761904762
vt 0.3586309523809524 0.36083529761904765
vt 0.3457292261904762 0.36904761904761907
vt 0.3457292261904762 0.30780244047619043
vt 0.05357142857142857 0.3364259523809524
vt 0.042755357142857144 0.34523809523809523
vt 0.042755357142857144 0.27614339285714284
vt 0.24553571428571427 0.25401714285714283
vt 0.23935154761904764 0.25595238095238093
vt 0.23935154761904764 0.18400315476190476
vt 0.3898809523809524 0.15355059523809533
vt 0.3882359523809524 0.15476190476190477
vt 0.3882359523809524 0.08447535714285714
vt 0.7385179166666667 0.33333333333333337
vt 0.7385179166666667 0.28191047619047627
vt 0.7480892261904761 0.32661154761904765
vt 0.8090942857142858 0.2960696428571429
vt 0.8009280357142858 0.3035714285714286
vt 0.75 0.2960696428571429
vt 0.5252976190476191 0.1071428571428571
vt 0.5245046428571429 0.10607232142857148
vt 0.5245046428571429 0.04697845238095244
vt 0.7300486904761905 0.3687945238095238
vt 0.7203401190476191 0.38095238095238093
vt 0.6785714285714286 0.3687945238095238
vt 0.7935029166666667 0.9241389285714285
vt 0.7890344047619048 0.9345238095238095
vt 0.75 0.9241389285714285
vt 0.6898704761904761 0.25650404761904766
vt 0.6791771428571428 0.26190476190476186
vt 0.6791771428571428 0.21619071428571435
vt 0.3331567857142857 0.4612829761904762
vt 0.32160511904761907 0.4642857142857143
vt 0.32160511904761907 0.42257827380952384
vt 0.9017517857142858 0.22985059523809526
vt 0.8988095238095238 0.23063630952380954
vt 0.9001892857142857 0.2321428571428571
vt 0.7812324404761904 0.09571351190476185
vt 0.7797619047619048 0.13690476190476186
vt 0.7812324404761904 0.13688553571428574
vt 0.7797619047619048 0.13690476190476186
vt 0.7812324404761904 0.09571351190476185
vt 0.7812324404761904 0.13688553571428574
vt 0.8452380952380952 0.33333333333333337
vt 0.8606058333333334 0.33333333333333337
vt 0.8613504166666667 0.3265436904761905
vt 0.8462879761904761 0.32684005952380957
vt 0.8571428571428571 0.49361124999999995
vt 0.8630952380952381 0.4935257738095238
vt 0.8630952380952381 0.48065476190476186
vt 0.8572075595238096 0.48077148809523806
vt 0.6392727380952381 0.38151541666666666
vt 0.6369047619047619 0.42261904761904767
vt 0.6545185714285714 0.42261904761904767
vt 0.6545013690476191 0.37945375000000003
vt 0.8004601785714285 0.33333333333333337
vt 0.8018830952380953 0.3214285714285714
vt 0.7750224404761904 0.3214285714285714
vt 0.7740097619047619 0.3322230357142857
vt 0.49420934523809523 0.005952380952380931
vt 0.4827380952380952 0.006117023809523836
vt 0.4827380952380952 0.04764440476190468
vt 0.49616517857142856 0.04754226190476185
vt 0.869807619047619 0.45238095238095233
vt 0.8757440476190477 0.45238095238095233
vt 0.8757440476190477 0.45833333333333337
vt 0.8697949404761905 0.45833333333333337
vt 0.44272886904761904 0.6785714285714286
vt 0.4505029761904762 0.6785714285714286
vt 0.4506559523809524 0.6845238095238095
vt 0.4427292261904762 0.6845238095238095
vt 0.46057934523809524 0.3688634523809524
vt 0.4605794047619048 0.3257080952380952
vt 0.4684995238095238 0.3257080952380952
vt 0.4694197619047619 0.3688634523809524
vt 0.3929389880952381 0.004464285714285698
vt 0.39395565476190475 0.04613095238095233
vt 0.3861647619047619 0.04613095238095233
vt 0.38616505952380953 0.004464285714285698
vt 0.10937886904761905 0.20833333333333337
vt 0.11559345238095238 0.20833333333333337
vt 0.11615357142857143 0.23809523809523814
vt 0.10937904761904761 0.23809523809523814
vt 0.8613504166666667 0.3265436904761905
vt 0.8606058333333334 0.33333333333333337
vt 0.8452380952380952 0.33333333333333337
vt 0.8462879761904761 0.32684005952380957
vt 0.8630952380952381 0.48065476190476186
vt 0.8630952380952381 0.4935257738095238
vt 0.8571428571428571 0.49361124999999995
vt 0.8572075595238096 0.48077148809523806
vt 0.6545185714285714 0.42261904761904767
vt 0.6369047619047619 0.42261904761904767
vt 0.6392727380952381 0.38151541666666666
vt 0.6545013690476191 0.37945375000000003
vt 0.7750224404761904 0.3214285714285714
vt 0.8018830952380953 0.3214285714285714
vt 0.8004601785714285 0.33333333333333337
vt 0.7740097619047619 0.3322230357142857
vt 0.36220238095238094 0.04615630952380945
vt 0.36220238095238094 0.004628928571428603
vt 0.37367363095238093 0.004464285714285698
vt 0.3756294642857143 0.04605416666666662
vt 0.8638392857142857 0.45238095238095233
vt 0.869807619047619 0.45238095238095233
vt 0.8697949404761905 0.45833333333333337
vt 0.8638392857142857 0.45833333333333337
vt 0.4427292261904762 0.6845238095238095
vt 0.4347607142857143 0.6845238095238095
vt 0.43491309523809524 0.6785714285714286
vt 0.44272886904761904 0.6785714285714286
vt 0.4516840476190476 0.3688634523809524
vt 0.45260428571428574 0.3257080952380952
vt 0.4605794047619048 0.3257080952380952
vt 0.46057934523809524 0.3688634523809524
vt 0.3861647619047619 0.04613095238095233
vt 0.3783657738095238 0.04613095238095233
vt 0.3793830357142857 0.004464285714285698
vt 0.38616505952380953 0.004464285714285698
vt 0.10937904761904761 0.23809523809523814
vt 0.10259642857142857 0.23809523809523814
vt 0.10315654761904762 0.20833333333333337
vt 0.10937886904761905 0.20833333333333337
vt 0.8613504166666667 0.3265436904761905
vt 0.8606058333333334 0.33333333333333337
vt 0.8452380952380952 0.33333333333333337
vt 0.8462879761904761 0.32684005952380957
vt 0.8630952380952381 0.48065476190476186
vt 0.8630952380952381 0.4935257738095238
vt 0.8571428571428571 0.49361124999999995
vt 0.8572075595238096 0.48077148809523806
vt 0.6545185714285714 0.42261904761904767
vt 0.6369047619047619 0.42261904761904767
vt 0.6392727380952381 0.38151541666666666
vt 0.6545013690476191 0.37945375000000003
vt 0.7750224404761904 0.3214285714285714
vt 0.8018830952380953 0.3214285714285714
vt 0.8004601785714285 0.33333333333333337
vt 0.7740097619047619 0.3322230357142857
vt 0.4827380952380952 0.04764440476190468
vt 0.4827380952380952 0.006117023809523836
vt 0.49420934523809523 0.005952380952380931
vt 0.49616517857142856 0.04754226190476185
vt 0.8757440476190477 0.45833333333333337
vt 0.8757440476190477 0.45238095238095233
vt 0.869807619047619 0.45238095238095233
vt 0.8697949404761905 0.45833333333333337
vt 0.4506559523809524 0.6845238095238095
vt 0.4505029761904762 0.6785714285714286
vt 0.44272886904761904 0.6785714285714286
vt 0.4427292261904762 0.6845238095238095
vt 0.4684995238095238 0.3257080952380952
vt 0.4605794047619048 0.3257080952380952
vt 0.46057934523809524 0.3688634523809524
vt 0.4694197619047619 0.3688634523809524
vt 0.3861647619047619 0.04613095238095233
vt 0.39395565476190475 0.04613095238095233
vt 0.3929389880952381 0.004464285714285698
vt 0.38616505952380953 0.004464285714285698
vt 0.11615357142857143 0.23809523809523814
vt 0.11559345238095238 0.20833333333333337
vt 0.10937886904761905 0.20833333333333337
vt 0.10937904761904761 0.23809523809523814
vt 0.8452380952380952 0.33333333333333337
vt 0.8606058333333334 0.33333333333333337
vt 0.8613504166666667 0.3265436904761905
vt 0.8462879761904761 0.32684005952380957
vt 0.8571428571428571 0.49361124999999995
vt 0.8630952380952381 0.4935257738095238
vt 0.8630952380952381 0.48065476190476186
vt 0.8572075595238096 0.48077148809523806
vt 0.6392727380952381 0.38151541666666666
vt 0.6369047619047619 0.42261904761904767
vt 0.6545185714285714 0.42261904761904767
vt 0.6545013690476191 0.37945375000000003
vt 0.8004601785714285 0.33333333333333337
vt 0.8018830952380953 0.3214285714285714
vt 0.7750224404761904 0.3214285714285714
vt 0.7740097619047619 0.3322230357142857
vt 0.37367363095238093 0.004464285714285698
vt 0.36220238095238094 0.004628928571428603
vt 0.36220238095238094 0.04615630952380945
vt 0.3756294642857143 0.04605416666666662
vt 0.8697949404761905 0.45833333333333337
vt 0.869807619047619 0.45238095238095233
vt 0.8638392857142857 0.45238095238095233
vt 0.8638392857142857 0.45833333333333337
vt 0.43491309523809524 0.6785714285714286
vt 0.4347607142857143 0.6845238095238095
vt 0.4427292261904762 0.6845238095238095
vt 0.44272886904761904 0.6785714285714286
vt 0.4605794047619048 0.3257080952380952
vt 0.45260428571428574 0.3257080952380952
vt 0.4516840476190476 0.3688634523809524
vt 0.46057934523809524 0.3688634523809524
vt 0.3793830357142857 0.004464285714285698
vt 0.3783657738095238 0.04613095238095233
vt 0.3861647619047619 0.04613095238095233
vt 0.38616505952380953 0.004464285714285698
vt 0.10315654761904762 0.20833333333333337
vt 0.10259642857142857 0.23809523809523814
vt 0.10937904761904761 0.23809523809523814
vt 0.10937886904761905 0.20833333333333337
vn 0 2.220446049250313e-16 -1
vn 0 -0.9254852795052422 -0.37878357596271756
vn 0 0.9974703451803874 -0.07108382717411067
vn 0 1 2.220446049250313e-16
vn 0 -1 -2.220446049250313e-16
vn 0 -2.220446049250313e-16 1
vn 0 2.220446049250313e-16 -1
vn 1 0 0
vn -1 0 0
vn 0 1 2.220446049250313e-16
vn 0 -1 -2.220446049250313e-16
vn 0 -2.220446049250313e-16 1
vn 0 2.220446049250313e-16 -1
vn 1 0 0
vn -1 0 0
vn 0 1 2.220446049250313e-16
vn 0 -1 -2.220446049250313e-16
vn 0 -2.220446049250313e-16 1
vn 0 2.220446049250313e-16 -1
vn 1 0 0
vn -1 0 0
vn 0 2.220446049250313e-16 -1
vn 0 1 2.220446049250313e-16
vn 0 -2.220446049250313e-16 1
vn 0 2.220446049250313e-16 -1
vn 0 -1 -2.220446049250313e-16
vn 0 -2.220446049250313e-16 1
vn 0 1 2.220446049250313e-16
vn 0 -1 -2.220446049250313e-16
vn 0 -2.220446049250313e-16 1
vn 0 2.220446049250313e-16 -1
vn 0 2.220446049250313e-16 -1
vn 0.7071067811865472 0.7071067811865478 1.5700924586837757e-16
vn 0 -2.220446049250313e-16 1
vn 0 2.220446049250313e-16 -1
vn 1 0 0
vn 0 -2.220446049250313e-16 1
vn 0 2.220446049250313e-16 -1
vn 0.7071067811865472 -0.7071067811865478 -1.5700924586837757e-16
vn 0 -2.220446049250313e-16 1
vn 1 0 0
vn 0 2.220446049250313e-16 -1
vn -0.7071067811865472 0.7071067811865478 1.5700924586837757e-16
vn 0 -2.220446049250313e-16 1
vn 0 2.220446049250313e-16 -1
vn -1 0 0
vn 0 -2.220446049250313e-16 1
vn 0 2.220446049250313e-16 -1
vn -0.7071067811865472 -0.7071067811865478 -1.5700924586837757e-16
vn 0 -2.220446049250313e-16 1
vn -1 0 0
vn 0 2.220446049250313e-16 -1
vn 0.3061466119855807 0.7391035586519976 0.6000001512980673
vn 0 2.220446049250313e-16 -1
vn 0.5656854579309638 0.5656854579309641 0.5999999378090561
vn 0 2.220446049250313e-16 -1
vn 0.7391035586519976 0.3061466119855805 0.6000001512980672
vn 0 2.220446049250313e-16 -1
vn 0.8 -1.332267629550188e-16 0.6000000000000001
vn 0 2.220446049250313e-16 -1
vn 0.7391035586519977 -0.3061466119855808 0.600000151298067
vn 0 2.220446049250313e-16 -1
vn 0.565685457930964 -0.5656854579309641 0.5999999378090561
vn 0 2.220446049250313e-16 -1
vn 0.3061466119855801 -0.7391035586519981 0.600000151298067
vn 0 2.220446049250313e-16 -1
vn 0 -0.8000000000000004 0.5999999999999998
vn 0 2.220446049250313e-16 -1
vn -0.3061466119855796 -0.7391035586519982 0.600000151298067
vn 0 2.220446049250313e-16 -1
vn -0.5656854579309646 -0.5656854579309635 0.5999999378090561
vn 0 2.220446049250313e-16 -1
vn -0.7391035586519977 -0.3061466119855808 0.600000151298067
vn 0 2.220446049250313e-16 -1
vn -0.8 -1.332267629550188e-16 0.6000000000000001
vn 0 2.220446049250313e-16 -1
vn -0.7391035586519976 0.3061466119855805 0.6000001512980672
vn 0 2.220446049250313e-16 -1
vn -0.5656854579309644 0.5656854579309635 0.5999999378090564
vn 0 2.220446049250313e-16 -1
vn -0.30614661198558024 0.7391035586519977 0.6000001512980674
vn 0 2.220446049250313e-16 -1
vn 0 0.7999999999999999 0.6000000000000002
vn 0 -2.220446049250313e-16 1
vn 0.30614661198558063 0.7391035586519977 -0.6000001512980669
vn 0 -2.220446049250313e-16 1
vn 0.5656854579309638 0.5656854579309644 -0.5999999378090561
vn 0 -2.220446049250313e-16 1
vn 0.7391035586519977 0.3061466119855808 -0.600000151298067
vn 0 -2.220446049250313e-16 1
vn 0.8 1.332267629550188e-16 -0.6000000000000001
vn 0 -2.220446049250313e-16 1
vn 0.7391035586519976 -0.3061466119855805 -0.6000001512980672
vn 0 -2.220446049250313e-16 1
vn 0.5656854579309639 -0.5656854579309638 -0.5999999378090562
vn 0 -2.220446049250313e-16 1
vn 0.3061466119855801 -0.7391035586519978 -0.6000001512980673
vn 0 -2.220446049250313e-16 1
vn 0 -0.7999999999999999 -0.6000000000000001
vn 0 -2.220446049250313e-16 1
vn -0.3061466119855801 -0.7391035586519978 -0.6000001512980673
vn 0 -2.220446049250313e-16 1
vn -0.5656854579309639 -0.5656854579309638 -0.5999999378090562
vn 0 -2.220446049250313e-16 1
vn -0.7391035586519976 -0.3061466119855805 -0.6000001512980672
vn 0 -2.220446049250313e-16 1
vn -0.8 1.332267629550188e-16 -0.6000000000000001
vn 0 -2.220446049250313e-16 1
vn -0.7391035586519977 0.3061466119855808 -0.600000151298067
vn 0 -2.220446049250313e-16 1
vn -0.5656854579309638 0.5656854579309644 -0.5999999378090559
vn 0 -2.220446049250313e-16 1
vn -0.30614661198558063 0.7391035586519977 -0.6000001512980669
vn 0 -2.220446049250313e-16 1
vn 0 0.8000000000000002 -0.5999999999999998
vn 0.5907031241369419 1.7916534383161332e-16 -0.8068889757177605
vn 0.06793522305662725 -0.9331779758175834 -0.35293578866026604
vn 0.12462542925334286 -0.9293460653330129 -0.3475404915020226
vn 0.11886347229247807 -0.9299329116631941 -0.3479888716039483
vn 0.1127415055780322 -0.930737509478027 -0.3478750370041496
vn 0.1644457440000682 -0.9191684930199586 -0.3578922725062426
vn 0.2412641341714567 -0.8866010360802845 -0.39462668483500113
vn 0.3610401265269142 -0.7930970890158112 -0.49055788081741847
vn 0.56221965769248 -0.36855387037972426 -0.7403222954445424
vn 0.42484024495353395 -0.7056453629991273 -0.5670761747293314
vn 0.018977025981010254 0.997937776538183 -0.06131938227790194
vn 0.32841820338808514 0.9211365610322604 -0.20892323856623313
vn 0.3206426138468858 -0.7016492620416201 -0.6362991649074252
vn 0.24805886132500807 0.9614967144830086 -0.1182830053579987
vn 0.19291036037753514 0.9775362737077455 -0.08490245252397308
vn 0.05058134872498073 0.9973288935106845 -0.052693503678494756
vn 0.07961939706059129 0.9954457384290946 -0.052426457586440746
vn -0.5907031241369418 1.7916534383161332e-16 -0.8068889757177605
vn -0.06793522305662723 -0.9331779758175835 -0.35293578866026604
vn -0.12462542925334374 -0.9293460653330127 -0.34754049150202254
vn -0.11886347229247796 -0.9299329116631941 -0.3479888716039483
vn -0.11274150557803217 -0.930737509478027 -0.3478750370041496
vn -0.16444574400006812 -0.9191684930199586 -0.3578922725062426
vn -0.2412641341714567 -0.8866010360802846 -0.3946266848350012
vn -0.3610401265269145 -0.7930970890158107 -0.4905578808174187
vn -0.5622196576924802 -0.36855387037972337 -0.7403222954445425
vn -0.4248402449535322 -0.7056453629991302 -0.5670761747293291
vn -0.018977025981010254 0.997937776538183 -0.06131938227790193
vn -0.3284182033880852 0.9211365610322605 -0.20892323856623327
vn -0.32064261384688636 -0.7016492620416194 -0.6362991649074259
vn -0.248058861325008 0.9614967144830086 -0.11828300535799872
vn -0.19291036037753492 0.9775362737077455 -0.08490245252397297
vn -0.05058134872498076 0.9973288935106845 -0.05269350367849475
vn -0.07961939706059133 0.9954457384290946 -0.05242645758644074
vn -0.7645889373000487 0.6443388736550733 0.01520436961184908
vn -0.5112812847264 0.8161130463125484 -0.2693528234991683
vn 0.5112884155885655 0.8161112407086922 -0.26934475839312966
vn -0.6488102475337889 0.6502376194817666 -0.3952673790054384
vn -0.41211426091308334 -0.8755604166465375 -0.2521027424559374
vn -0.48876346967778617 0.8207166163410139 -0.29586230981706435
vn -0.3959616611589739 -0.8866302036798906 -0.23895866758663906
vn -0.7741232549223702 -0.4156763474430159 -0.4774372842215282
vn -0.3918168557778539 -0.8592952205728531 -0.3287723763168195
vn -0.5778713777976637 0.6564652029151765 -0.48488978962622614
vn -0.4326751730463955 0.8252157938095818 -0.3630579682041058
vn -0.6948652349985304 -0.4209567777203142 -0.5830589133884906
vn -0.3519379104515038 -0.8882177105327014 -0.29531170969515563
vn 0.6488056492275373 0.6502421723289293 -0.3952674371300894
vn 0.4120851200887577 -0.8755793382728461 -0.25208466076125996
vn 0.48876265820672204 0.8207165675316894 -0.2958637857557109
vn 0.3959629993970885 -0.8866297352429553 -0.23895818816577244
vn 0.7741232549223672 -0.415676347443014 -0.47743728422153453
vn 0.3918074316683892 -0.8593032764833896 -0.32876255187343345
vn 0.5778702483055702 0.6564689663927 -0.4848860405152524
vn 0.43267758436100134 0.8252153498785277 -0.3630561035382653
vn 0.694865840176196 -0.42095608342334295 -0.5830586934306947
vn 0.35194005980462123 -0.8882173768171838 -0.29531015191611826
vn 0.648810247533789 -0.6502376194817666 0.3952673790054385
vn 0.41211426091308373 0.8755604166465373 0.2521027424559376
vn 0.48876346967778617 -0.8207166163410139 0.29586230981706435
vn 0.3959616611589739 0.8866302036798906 0.23895866758663906
vn 0.7741232549223702 0.41567634744301596 0.4774372842215281
vn 0.3918168557778539 0.8592952205728531 0.32877237631681944
vn 0.5778713777976638 -0.6564652029151765 0.48488978962622614
vn 0.43267517304639536 -0.8252157938095818 0.36305796820410585
vn 0.6948652349985304 0.4209567777203142 0.5830589133884906
vn 0.35193791045150385 0.8882177105327012 0.2953117096951558
vn -0.6488056492275373 -0.6502421723289293 0.3952674371300893
vn -0.4120851200887574 0.8755793382728463 0.25208466076125985
vn -0.48876265820672204 -0.8207165675316894 0.2958637857557108
vn -0.3959629993970884 0.8866297352429552 0.23895818816577233
vn -0.7741232549223672 0.41567634744301407 0.47743728422153453
vn -0.39180743166838916 0.8593032764833898 0.3287625518734334
vn -0.5778702483055702 -0.6564689663927 0.4848860405152524
vn -0.4326775843610016 -0.8252153498785276 0.36305610353826523
vn -0.6948658401761959 0.42095608342334295 0.5830586934306948
vn -0.3519400598046212 0.8882173768171839 0.29531015191611815
usemtl m_2e146a60-ae6a-de58-ef29-5cac9a70e150
f 244/487/142 245/488/142 247/489/142 246/490/142
f 248/491/143 249/492/143 251/493/143 250/494/143
f 252/495/144 253/496/144 255/497/144 254/498/144
f 261/499/145 257/500/145 258/501/145 262/502/145
f 259/503/146 256/504/146 260/505/146 263/506/146
f 256/507/147 257/508/147 261/509/147 260/510/147
f 262/511/148 258/512/148 259/513/148 263/514/148
f 258/515/149 257/516/149 256/517/149 259/518/149
f 260/519/150 261/520/150 262/521/150 263/522/150
f 269/523/151 265/524/151 266/525/151 270/526/151
f 267/527/152 264/528/152 268/529/152 271/530/152
f 264/531/153 265/532/153 269/533/153 268/534/153
f 270/535/154 266/536/154 267/537/154 271/538/154
f 266/539/155 265/540/155 264/541/155 267/542/155
f 268/543/156 269/544/156 270/545/156 271/546/156
f 277/547/157 273/548/157 274/549/157 278/550/157
f 275/551/158 272/552/158 276/553/158 279/554/158
f 272/555/159 273/556/159 277/557/159 276/558/159
f 278/559/160 274/560/160 275/561/160 279/562/160
f 274/563/161 273/564/161 272/565/161 275/566/161
f 276/567/162 277/568/162 278/569/162 279/570/162
f 294/571/163 282/572/163 280/573/163
f 282/574/164 294/575/164 295/576/164 283/577/164
f 283/578/165 295/579/165 281/580/165
f 288/581/166 300/582/166 280/583/166
f 300/584/167 288/585/167 289/586/167 301/587/167
f 301/588/168 289/589/168 281/590/168
f 303/591/169 291/592/169 292/593/169 304/594/169
f 293/595/170 290/596/170 302/597/170 305/598/170
f 290/599/171 291/600/171 303/601/171 302/602/171
f 304/603/172 292/604/172 293/605/172 305/606/172
f 282/607/173 284/608/173 280/609/173
f 284/610/174 282/611/174 283/612/174 285/613/174
f 285/614/175 283/615/175 281/616/175
f 284/617/176 286/618/176 280/619/176
f 286/620/177 284/621/177 285/622/177 287/623/177
f 287/624/178 285/625/178 281/626/178
f 286/627/179 288/628/179 280/629/179
f 288/630/180 286/631/180 287/632/180 289/633/180
f 289/634/181 287/635/181 281/636/181
f 292/637/182 291/638/182 290/639/182 293/640/182
f 296/641/183 294/642/183 280/643/183
f 294/644/184 296/645/184 297/646/184 295/647/184
f 295/648/185 297/649/185 281/650/185
f 298/651/186 296/652/186 280/653/186
f 296/654/187 298/655/187 299/656/187 297/657/187
f 297/658/188 299/659/188 281/660/188
f 300/661/189 298/662/189 280/663/189
f 298/664/190 300/665/190 301/666/190 299/667/190
f 299/668/191 301/669/191 281/670/191
f 302/671/192 303/672/192 304/673/192 305/674/192
f 306/675/193 307/676/193 323/677/193
f 307/678/194 306/679/194 308/680/194
f 307/681/195 309/682/195 323/683/195
f 309/684/196 307/685/196 308/686/196
f 309/687/197 310/688/197 323/689/197
f 310/690/198 309/691/198 308/692/198
f 310/693/199 311/694/199 323/695/199
f 311/696/200 310/697/200 308/698/200
f 311/699/201 312/700/201 323/701/201
f 312/702/202 311/703/202 308/704/202
f 312/705/203 313/706/203 323/707/203
f 313/708/204 312/709/204 308/710/204
f 313/711/205 314/712/205 323/713/205
f 314/714/206 313/715/206 308/716/206
f 314/717/207 315/718/207 323/719/207
f 315/720/208 314/721/208 308/722/208
f 315/723/209 316/724/209 323/725/209
f 316/726/210 315/727/210 308/728/210
f 316/729/211 317/730/211 323/731/211
f 317/732/212 316/733/212 308/734/212
f 317/735/213 318/736/213 323/737/213
f 318/738/214 317/739/214 308/740/214
f 318/741/215 319/742/215 323/743/215
f 319/744/216 318/745/216 308/746/216
f 319/747/217 320/748/217 323/749/217
f 320/750/218 319/751/218 308/752/218
f 320/753/219 321/754/219 323/755/219
f 321/756/220 320/757/220 308/758/220
f 321/759/221 322/760/221 323/761/221
f 322/762/222 321/763/222 308/764/222
f 322/765/223 306/766/223 323/767/223
f 306/768/224 322/769/224 308/770/224
f 324/771/225 325/772/225 326/773/225
f 325/774/226 324/775/226 327/776/226
f 328/777/227 324/778/227 326/779/227
f 324/780/228 328/781/228 327/782/228
f 329/783/229 328/784/229 326/785/229
f 328/786/230 329/787/230 327/788/230
f 330/789/231 329/790/231 326/791/231
f 329/792/232 330/793/232 327/794/232
f 331/795/233 330/796/233 326/797/233
f 330/798/234 331/799/234 327/800/234
f 332/801/235 331/802/235 326/803/235
f 331/804/236 332/805/236 327/806/236
f 333/807/237 332/808/237 326/809/237
f 332/810/238 333/811/238 327/812/238
f 334/813/239 333/814/239 326/815/239
f 333/816/240 334/817/240 327/818/240
f 335/819/241 334/820/241 326/821/241
f 334/822/242 335/823/242 327/824/242
f 336/825/243 335/826/243 326/827/243
f 335/828/244 336/829/244 327/830/244
f 337/831/245 336/832/245 326/833/245
f 336/834/246 337/835/246 327/836/246
f 338/837/247 337/838/247 326/839/247
f 337/840/248 338/841/248 327/842/248
f 339/843/249 338/844/249 326/845/249
f 338/846/250 339/847/250 327/848/250
f 340/849/251 339/850/251 326/851/251
f 339/852/252 340/853/252 327/854/252
f 341/855/253 340/856/253 326/857/253
f 340/858/254 341/859/254 327/860/254
f 325/861/255 341/862/255 326/863/255
f 341/864/256 325/865/256 327/866/256
f 342/867/257 343/868/257 346/869/257 347/870/257
f 348/871/258 344/872/258 342/873/258
f 349/874/259 348/875/259 342/876/259
f 350/877/260 349/878/260 342/879/260
f 351/880/261 350/881/261 342/882/261
f 352/883/262 351/884/262 342/885/262
f 353/886/263 352/887/263 342/888/263
f 354/889/264 353/890/264 342/891/264
f 347/892/265 355/893/265 342/894/265
f 355/895/266 354/896/266 342/897/266
f 343/898/267 345/899/267 356/900/267
f 357/901/268 358/902/268 343/903/268
f 358/904/269 346/905/269 343/906/269
f 359/907/270 357/908/270 343/909/270
f 360/910/271 359/911/271 343/912/271
f 356/913/272 361/914/272 343/915/272
f 361/916/273 360/917/273 343/918/273
f 366/919/274 363/920/274 362/921/274 367/922/274
f 364/923/275 368/924/275 362/925/275
f 368/926/276 369/927/276 362/928/276
f 369/929/277 370/930/277 362/931/277
f 370/932/278 371/933/278 362/934/278
f 371/935/279 372/936/279 362/937/279
f 372/938/280 373/939/280 362/940/280
f 373/941/281 374/942/281 362/943/281
f 375/944/282 367/945/282 362/946/282
f 374/947/283 375/948/283 362/949/283
f 365/950/284 363/951/284 376/952/284
f 378/953/285 377/954/285 363/955/285
f 366/956/286 378/957/286 363/958/286
f 377/959/287 379/960/287 363/961/287
f 379/962/288 380/963/288 363/964/288
f 381/965/289 376/966/289 363/967/289
f 380/968/290 381/969/290 363/970/290
f 385/971/291 384/972/291 383/973/291
f 382/974/292 386/975/292 387/976/292
f 389/977/293 388/978/293 390/979/293
f 392/980/294 394/981/294 393/982/294 391/983/294
f 396/984/295 395/985/295 397/986/295 398/987/295
f 392/988/296 399/989/296 400/990/296 394/991/296
f 396/992/297 398/993/297 402/994/297 401/995/297
f 404/996/298 406/997/298 405/998/298 403/999/298
f 411/1000/299 410/1001/299 409/1002/299 412/1003/299
f 413/1004/300 407/1005/300 408/1006/300 414/1007/300
f 421/1008/301 422/1009/301 415/1010/301 418/1011/301
f 417/1012/302 416/1013/302 423/1014/302 424/1015/302
f 426/1016/303 419/1017/303 420/1018/303 425/1019/303
f 429/1020/304 430/1021/304 428/1022/304 427/1023/304
f 433/1024/305 431/1025/305 432/1026/305 434/1027/305
f 436/1028/306 435/1029/306 428/1030/306 430/1031/306
f 438/1032/307 434/1033/307 432/1034/307 437/1035/307
f 445/1036/308 446/1037/308 444/1038/308 443/1039/308
f 442/1040/309 447/1041/309 448/1042/309 441/1043/309
f 450/1044/310 439/1045/310 440/1046/310 449/1047/310
f 454/1048/311 451/1049/311 458/1050/311 457/1051/311
f 459/1052/312 453/1053/312 452/1054/312 460/1055/312
f 461/1056/313 456/1057/313 455/1058/313 462/1059/313
f 465/1060/314 466/1061/314 464/1062/314 463/1063/314
f 469/1064/315 467/1065/315 468/1066/315 470/1067/315
f 472/1068/316 471/1069/316 464/1070/316 466/1071/316
f 474/1072/317 470/1073/317 468/1074/317 473/1075/317
f 477/1076/318 478/1077/318 476/1078/318 475/1079/318
f 481/1080/319 482/1081/319 483/1082/319 484/1083/319
f 480/1084/320 479/1085/320 485/1086/320 486/1087/320
f 487/1088/321 494/1089/321 493/1090/321 490/1091/321
f 495/1092/322 488/1093/322 489/1094/322 496/1095/322
f 492/1096/323 491/1097/323 498/1098/323 497/1099/323
f 500/1100/324 502/1101/324 501/1102/324 499/1103/324
f 504/1104/325 503/1105/325 505/1106/325 506/1107/325
f 500/1108/326 507/1109/326 508/1110/326 502/1111/326
f 504/1112/327 506/1113/327 510/1114/327 509/1115/327
f 516/1116/328 518/1117/328 517/1118/328 515/1119/328
f 520/1120/329 519/1121/329 514/1122/329 513/1123/329
f 512/1124/330 511/1125/330 522/1126/330 521/1127/330
f 530/1128/331 523/1129/331 526/1130/331 529/1131/331
f 524/1132/332 525/1133/332 531/1134/332 532/1135/332
f 527/1136/333 528/1137/333 533/1138/333 534/1139/333
o car1_interior
v -0.41775437500000034 2.325468125 -5.341250625000001
v -0.10625687500000014 2.342586875 -8.07543375
v -1.3250000000000002 2.35 -5.3436875
v -1.0073362500000003 2.3454525 -7.76834
v -1.3067812500000002 2.363023125 -7.306475000000001
v -1.3220500000000002 2.358223125 -6.58696125
v -1.2701112500000002 2.342944375 -7.383828749999999
v -1.14942125 2.341944375 -7.6492325
v -0.03184812500000023 1.713985625 -9.021476250000001
v -0.029481875000000102 2.39262 -8.03187625
v -0.10827687500000005 1.763250625 -8.920348125
v -0.10625687500000014 2.342586875 -8.07543375
v -1.0846531250000002 2.39597625 -7.672001874999999
v -1.0073375000000002 2.3454525 -7.76834
v -1.1104006250000003 1.717693125 -8.552863125
v -1.0287656250000001 1.766415625 -8.520245625000001
v -1.1458112500000002 1.7178475 -8.525481875
v -1.1213943750000002 2.396125625 -7.647354375000001
v -1.1458112500000002 1.7178475 -8.525481875
v -1.1736762500000002 1.71803625 -8.479645625
v -1.1213943750000002 2.396125625 -7.647354375000001
v -1.1501468750000001 2.39631125 -7.603569374999999
v -1.1690431250000002 1.772180625 -8.384755
v -1.14942125 2.341944375 -7.6492325
v -1.293383125 2.3974993749999998 -7.288231874999999
v -1.2701112500000002 2.342944375 -7.383828749999999
v -1.1690431250000002 1.772180625 -8.384755
v -1.1736762500000002 1.71803625 -8.479645625
v -1.381808125 1.793460625 -7.822568125
v -1.4324081250000003 1.739726875 -7.8059674999999995
v -1.2701112500000002 2.342944375 -7.383828749999999
v -1.293383125 2.3974993749999998 -7.288231874999999
v -1.4231237500000002 1.758669375 -7.821748124999999
v -1.28409875 2.41644125 -7.304012500000001
v -1.2859612500000002 2.421609375 -7.25948
v -1.3026675 2.42433125 -6.59375
v -1.4209981250000001 1.756606875 -7.2637262499999995
v -1.4220506250000002 1.74727625 -6.59375
v -1.4209981250000001 1.756606875 -7.2637262499999995
v -1.2859612500000002 2.421609375 -7.25948
v -1.4211875 1.756790625 -7.3133881249999995
v -1.3010912500000003 2.35291125 -7.214404375000001
v -1.309360625 2.35291125 -6.895435000000001
v -1.4129312500000002 1.800501875 -6.893960625
v -1.413215625 1.800501875 -7.21536875
v -1.4117331250000003 1.802285 -7.31274125
v -1.4130493750000002 1.8063331249999999 -7.784231875
v -1.2969225000000002 2.354735 -7.304889375
v -1.2971987500000002 2.35446125 -7.352797499999999
v -1.4128950000000002 1.805858125 -7.7288625
v 0.1062568749999997 2.342586875 -8.08168375
v 0.4177543749999999 2.325468125 -5.341250625000001
v -0.10625687500000014 2.342586875 -8.08168375
v -0.41775437500000034 2.325468125 -5.341250625000001
v 0.00013124999999991616 2.342586875 -8.11293375
v 0.03184812499999978 1.713985625 -9.021476250000001
v 0.029481874999999658 2.39262 -8.03187625
v -0.03184812500000023 1.713985625 -9.021476250000001
v -0.029481875000000102 2.39262 -8.03187625
v 0.4177543749999999 2.325468125 -5.341250625000001
v 0.1062568749999997 2.342586875 -8.07543375
v 1.3250000000000002 2.35 -5.3436875
v 1.0073362499999998 2.3454525 -7.76834
v 1.3067812500000002 2.363023125 -7.306475000000001
v 1.32205 2.358223125 -6.58696125
v 1.2701112500000002 2.342944375 -7.383828749999999
v 1.1494212499999996 2.341944375 -7.6492325
v 0.03184812499999978 1.713985625 -9.021476250000001
v 0.029481874999999658 2.39262 -8.03187625
v 0.10827687500000005 1.763250625 -8.920348125
v 0.1062568749999997 2.342586875 -8.07543375
v 1.084653125 2.39597625 -7.672001874999999
v 1.0073375000000002 2.3454525 -7.76834
v 1.1104006249999996 1.717693125 -8.552863125
v 1.0287656250000001 1.766415625 -8.520245625000001
v 1.1458112499999995 1.7178475 -8.525481875
v 1.1213943749999995 2.396125625 -7.647354375000001
v 1.1458112499999995 1.7178475 -8.525481875
v 1.1736762499999998 1.71803625 -8.479645625
v 1.1213943749999995 2.396125625 -7.647354375000001
v 1.150146875 2.39631125 -7.603569374999999
v 1.169043125 1.772180625 -8.384755
v 1.1494212499999996 2.341944375 -7.6492325
v 1.293383125 2.3974993749999998 -7.288231874999999
v 1.2701112500000002 2.342944375 -7.383828749999999
v 1.169043125 1.772180625 -8.384755
v 1.1736762499999998 1.71803625 -8.479645625
v 1.381808125 1.793460625 -7.822568125
v 1.4324081250000003 1.739726875 -7.8059674999999995
v 1.2701112500000002 2.342944375 -7.383828749999999
v 1.293383125 2.3974993749999998 -7.288231874999999
v 1.4231237500000002 1.758669375 -7.821748124999999
v 1.28409875 2.41644125 -7.304012500000001
v 1.2859612499999997 2.421609375 -7.25948
v 1.3026675 2.42433125 -6.59375
v 1.4209981249999997 1.756606875 -7.2637262499999995
v 1.4220506249999998 1.74727625 -6.59375
v 1.4209981249999997 1.756606875 -7.2637262499999995
v 1.2859612499999997 2.421609375 -7.25948
v 1.4211875000000003 1.756790625 -7.3133881249999995
v 1.3010912499999998 2.35291125 -7.214404375000001
v 1.309360625 2.35291125 -6.895435000000001
v 1.4129312499999997 1.800501875 -6.893960625
v 1.4132156249999994 1.800501875 -7.21536875
v 1.4117331249999996 1.802285 -7.31274125
v 1.413049375 1.8063331249999999 -7.784231875
v 1.2969225 2.354735 -7.304889375
v 1.2971987499999997 2.35446125 -7.352797499999999
v 1.4128949999999998 1.805858125 -7.7288625
vt 0.0003189880952380952 0.9122023809523809
vt 0.0003189880952380952 0.9986386309523809
vt 0.11872863095238095 0.9986966666666667
vt 0.45384107142857144 0.7617178571428571
vt 0.5156741666666667 0.7321428571428572
vt 0.3102186904761905 0.7321428571428572
vt 0.2627404761904762 0.8928571428571429
vt 0.0006523809523809524 0.8928571428571429
vt 0.17704892857142857 1
vt 0.18475160714285715 0.9973183928571429
vt 0.5339625595238096 0.779251130952381
vt 0.5111689880952381 0.7633928571428572
vt 0.40502553571428573 0.779251130952381
vt 0.6673214285714286 0.5297619047619048
vt 0.68413875 0.535155119047619
vt 0.7746428571428571 0.5297619047619048
vt 0.6653438690476191 0.6488095238095238
vt 0.6547619047619048 0.6547619047619048
vt 0.7690416071428572 0.6547619047619048
vt 0.76291125 0.6488095238095238
vt 0.3630952380952381 0.3214285714285714
vt 0.3630952380952381 0.21525166666666673
vt 0.3571591666666667 0.22081898809523803
vt 0.35714285714285715 0.3114831547619048
vt 0.6011904761904762 0.7708468452380952
vt 0.6117201785714286 0.7783890476190476
vt 0.7073095238095238 0.7783890476190476
vt 0.7131864880952381 0.7708333333333334
vt 0.625 0.8125
vt 0.6304667261904762 0.8203577976190476
vt 0.7208729166666666 0.8203577976190476
vt 0.7309089285714285 0.8125589880952381
vt 0.4166666666666667 0.16539011904761902
vt 0.4166666666666667 0.19315755952380953
vt 0.4226190476190476 0.20238095238095233
vt 0.4226190476190476 0.16939559523809522
vt 0.4270833333333333 0.9999702380952381
vt 0.4204777380952381 0.9940476190476191
vt 0.33184970238095235 0.9940476190476191
vt 0.32154041666666666 1
vt 0.75 0.9097216071428571
vt 0.7584732738095238 0.915776130952381
vt 0.8157569047619047 0.915776130952381
vt 0.8187580357142858 0.9092261904761905
vt 0.7534067261904761 0.28125
vt 0.75 0.285057380952381
vt 0.8556997619047619 0.285057380952381
vt 0.8589498214285715 0.28127499999999994
vt 0.7725756547619047 0.8630952380952381
vt 0.7743644642857144 0.8571428571428572
vt 0.6686645238095238 0.8571428571428572
vt 0.6666666666666666 0.8630410714285714
vt 0.7083333333333334 0.39136904761904767
vt 0.7120647023809523 0.39753238095238097
vt 0.7798713095238096 0.39753238095238097
vt 0.7891441666666668 0.392164880952381
vt 0.06487142857142858 0.18491041666666674
vt 0.06012857142857143 0.15625
vt 0.06012857142857143 0.22006351190476203
vt 0.06443857142857143 0.21551744047619048
vt 0.13690476190476192 0.5229525595238096
vt 0.16666666666666666 0.5297616666666667
vt 0.16666666666666666 0.4642857142857143
vt 0.13705660714285714 0.46942851190476187
vt 0.7562348214285715 0.838666369047619
vt 0.8196580357142857 0.838666369047619
vt 0.7909239285714287 0.8318452380952381
vt 0.7605354761904761 0.8319721428571428
vt 0.7861386904761906 0.46291315476190475
vt 0.8507660714285714 0.46291315476190475
vt 0.8440946428571428 0.4585772619047619
vt 0.7904121428571429 0.45833333333333337
vt 0.8988289285714286 0.5285390476190477
vt 0.9032544047619047 0.5285390476190477
vt 0.8988816666666667 0.5238095238095238
vt 0.78614 0.6190476190476191
vt 0.7905136904761905 0.623777380952381
vt 0.8442571428571428 0.623777380952381
vt 0.8507647619047619 0.6195444047619048
vt 0.8988095238095238 0.5059523809523809
vt 0.9020880952380953 0.5032117857142857
vt 0.8988095238095238 0.4981832142857142
vt 0.89946625 0.5765126190476191
vt 0.907081369047619 0.5765126190476191
vt 0.9022745238095238 0.5729166666666667
vt 0.2261904761904762 0.21359380952380946
vt 0.23214285714285715 0.2100568452380952
vt 0.23214285714285715 0.2047834523809523
vt 0.22642857142857142 0.1651785714285714
vt 0.11158803571428572 0.14434523809523814
vt 0.10716196428571428 0.14434523809523814
vt 0.11134934523809523 0.18397702380952385
vt 0.7895370833333334 0.37648809523809523
vt 0.7863525595238094 0.380691369047619
vt 0.8536958928571428 0.380691369047619
vt 0.8565045833333335 0.3770950595238095
vt 0.07547208333333333 0.6077430357142857
vt 0.06589696428571429 0.6121963690476191
vt 0.06589696428571429 0.34523809523809523
vt 0.5828820238095238 0.9836309523809523
vt 0.5784332142857143 0.9931819642857143
vt 0.3159275 0.9836309523809523
vt 0.00009285714285714286 0.6309104761904762
vt 0.07877619047619049 0.6190476190476191
vt 0.07877619047619049 0.8860059523809524
vt 0.3875916666666666 0.2321428571428571
vt 0.3936583333333334 0.2321428571428571
vt 0.3934327380952381 0.34523809523809523
vt 0.3878172619047619 0.34523809523809523
vt 0.0003189880952380952 0.9986386309523809
vt 0.0003189880952380952 0.9122023809523809
vt 0.11872863095238095 0.9986966666666667
vt 0.5156741666666667 0.7321428571428572
vt 0.45384107142857144 0.7617178571428571
vt 0.3102186904761905 0.7321428571428572
vt 0.17704892857142857 1
vt 0.0006523809523809524 0.8928571428571429
vt 0.2627404761904762 0.8928571428571429
vt 0.18475160714285715 0.9973183928571429
vt 0.5111689880952381 0.7633928571428572
vt 0.5339625595238096 0.779251130952381
vt 0.40502553571428573 0.779251130952381
vt 0.68413875 0.535155119047619
vt 0.6673214285714286 0.5297619047619048
vt 0.7746428571428571 0.5297619047619048
vt 0.7690416071428572 0.6547619047619048
vt 0.6547619047619048 0.6547619047619048
vt 0.6653438690476191 0.6488095238095238
vt 0.76291125 0.6488095238095238
vt 0.3571591666666667 0.22081898809523803
vt 0.3630952380952381 0.21525166666666673
vt 0.3630952380952381 0.3214285714285714
vt 0.35714285714285715 0.3114831547619048
vt 0.7073095238095238 0.7783890476190476
vt 0.6117201785714286 0.7783890476190476
vt 0.6011904761904762 0.7708468452380952
vt 0.7131864880952381 0.7708333333333334
vt 0.7208729166666666 0.8203577976190476
vt 0.6304667261904762 0.8203577976190476
vt 0.625 0.8125
vt 0.7309089285714285 0.8125589880952381
vt 0.4226190476190476 0.20238095238095233
vt 0.4166666666666667 0.19315755952380953
vt 0.4166666666666667 0.16539011904761902
vt 0.4226190476190476 0.16939559523809522
vt 0.33184970238095235 0.9940476190476191
vt 0.4204777380952381 0.9940476190476191
vt 0.4270833333333333 0.9999702380952381
vt 0.32154041666666666 1
vt 0.8157569047619047 0.915776130952381
vt 0.7584732738095238 0.915776130952381
vt 0.75 0.9097216071428571
vt 0.8187580357142858 0.9092261904761905
vt 0.8556997619047619 0.285057380952381
vt 0.75 0.285057380952381
vt 0.7534067261904761 0.28125
vt 0.8589498214285715 0.28127499999999994
vt 0.6686645238095238 0.8571428571428572
vt 0.7743644642857144 0.8571428571428572
vt 0.7725756547619047 0.8630952380952381
vt 0.6666666666666666 0.8630410714285714
vt 0.7798713095238096 0.39753238095238097
vt 0.7120647023809523 0.39753238095238097
vt 0.7083333333333334 0.39136904761904767
vt 0.7891441666666668 0.392164880952381
vt 0.06012857142857143 0.22006351190476203
vt 0.06012857142857143 0.15625
vt 0.06487142857142858 0.18491041666666674
vt 0.06443857142857143 0.21551744047619048
vt 0.16666666666666666 0.4642857142857143
vt 0.16666666666666666 0.5297616666666667
vt 0.13690476190476192 0.5229525595238096
vt 0.13705660714285714 0.46942851190476187
vt 0.7909239285714287 0.8318452380952381
vt 0.8196580357142857 0.838666369047619
vt 0.7562348214285715 0.838666369047619
vt 0.7605354761904761 0.8319721428571428
vt 0.8440946428571428 0.4585772619047619
vt 0.8507660714285714 0.46291315476190475
vt 0.7861386904761906 0.46291315476190475
vt 0.7904121428571429 0.45833333333333337
vt 0.9032544047619047 0.5285390476190477
vt 0.8988289285714286 0.5285390476190477
vt 0.8988816666666667 0.5238095238095238
vt 0.8442571428571428 0.623777380952381
vt 0.7905136904761905 0.623777380952381
vt 0.78614 0.6190476190476191
vt 0.8507647619047619 0.6195444047619048
vt 0.9020880952380953 0.5032117857142857
vt 0.8988095238095238 0.5059523809523809
vt 0.8988095238095238 0.4981832142857142
vt 0.907081369047619 0.5765126190476191
vt 0.89946625 0.5765126190476191
vt 0.9022745238095238 0.5729166666666667
vt 0.23214285714285715 0.2047834523809523
vt 0.23214285714285715 0.2100568452380952
vt 0.2261904761904762 0.21359380952380946
vt 0.22642857142857142 0.1651785714285714
vt 0.10716196428571428 0.14434523809523814
vt 0.11158803571428572 0.14434523809523814
vt 0.11134934523809523 0.18397702380952385
vt 0.8536958928571428 0.380691369047619
vt 0.7863525595238094 0.380691369047619
vt 0.7895370833333334 0.37648809523809523
vt 0.8565045833333335 0.3770950595238095
vn -0.027011548683632564 -0.9996128312059048 -0.006675621785810682
vn -0.026254193655044982 -0.9996291835479414 -0.007225836615909705
vn -0.02268199371750385 -0.9997036181379221 -0.008843248438605063
vn 0.0026471018637458507 -0.9999841382418535 0.004971530591324467
vn -0.022233118570579077 -0.9981875527289495 -0.05592224973673122
vn 0.21123433892671312 -0.8063351503401247 0.5524524227335448
vn -0.19315841263179265 0.7959104749489005 -0.5737737737960682
vn 0.24395886812255604 -0.7864158310908104 0.5674805822881622
vn 0.22660508228746498 -0.7747949239069588 0.5902058645671875
vn -0.8616223406703106 0.321151311348285 -0.39302516112469477
vn 0.989324470055513 0.1012425921307769 -0.10481903685886233
vn 0.7432104384570042 -0.5960876784751699 0.30383831841726294
vn 0.6970022257804492 -0.5767379680277519 0.42610000409800464
vn 0.37309041411321575 -0.7392514636960084 0.5606342982017231
vn 0.7096241286608059 -0.52205639910704 0.4731709122228277
vn 0.9848078483487196 -0.17364545133994486 -0.0008712403298200403
vn 0.9846251285276477 -0.17361606486497763 0.01925664282042558
vn 0.9796517002839117 -0.19909165692705313 0.025397997418722756
vn 0.9796515394125503 -0.19909238081226902 0.025398528089695747
vn 0.9790846463805023 -0.20340385901450161 -0.004486129732358882
vn 0.9790833269910468 -0.2034100764160105 -0.004492173257537007
vn -0.976857623725899 0.2039267576731505 -0.06452178293805957
vn 0.9790836386529554 -0.2034087710254256 -0.004483346073545491
vn 0.9790813750888081 -0.20341985300299464 -0.004474858483695081
vn 0.9790846554109526 -0.20340394331605333 -0.004480332833198943
vn 0.9790826605959067 -0.20341366671116193 -0.004474808997161014
vn -0.0018982252115738812 -0.9999773170915398 -0.006462355874786356
vn 0.00190308301115569 -0.9999773042902804 -0.006462907967544933
vn 0 -0.9999809271969938 -0.006176183468827588
vn 0 -0.8247088267072832 0.5655575577702913
vn 0.027011548683632553 -0.9996128312059048 -0.00667562178581069
vn 0.026254193655044982 -0.9996291835479414 -0.007225836615909696
vn 0.022681993717503842 -0.9997036181379221 -0.008843248438605065
vn -0.002647101863745853 -0.9999841382418535 0.004971530591324472
vn 0.022233118570579073 -0.9981875527289495 -0.05592224973673122
vn -0.21123433892671184 -0.8063351503401248 0.5524524227335449
vn 0.19315841263179254 0.7959104749489007 -0.5737737737960681
vn -0.24395886812255632 -0.7864158310908095 0.567480582288163
vn -0.22660508228746737 -0.7747949239069583 0.5902058645671872
vn 0.8616223406703094 0.32115131134828695 -0.3930251611246957
vn -0.9893244700555108 0.10124259213078886 -0.10481903685887191
vn -0.7432104384570055 -0.5960876784751681 0.30383831841726355
vn -0.6970022257804467 -0.5767379680277538 0.4261000040980062
vn -0.3730904141132192 -0.7392514636960074 0.5606342982017221
vn -0.7096241286608059 -0.5220563991070402 0.4731709122228276
vn -0.9848078483487196 -0.17364545133994486 -0.0008712403298200391
vn -0.9846251285276478 -0.173616064864977 0.019256642820425416
vn -0.9796517002839112 -0.19909165692705585 0.025397997418723416
vn -0.9796515394125503 -0.19909238081226902 0.02539852808969603
vn -0.9790846463804986 -0.20340385901451977 -0.004486129732372065
vn -0.9790833269910472 -0.20341007641600983 -0.004492173257531963
vn 0.9768576237259006 0.20392675767314714 -0.06452178293804951
vn -0.9790836386529561 -0.20340877102542235 -0.004483346073540997
vn -0.9790813750888077 -0.20341985300299606 -0.004474858483699018
vn -0.9790846554109487 -0.20340394331607162 -0.0044803328331996135
vn -0.9790826605959071 -0.2034136667111596 -0.004474808997165286
usemtl m_2e146a60-ae6a-de58-ef29-5cac9a70e150
f 535/1140/334 537/1141/334 540/1142/334
f 540/1143/335 539/1144/335 535/1145/335
f 536/1146/336 535/1147/336 539/1148/336 541/1149/336
f 541/1150/337 542/1151/337 536/1152/337
f 542/1153/338 538/1154/338 536/1155/338
f 545/1156/339 543/1157/339 544/1158/339 546/1159/339
f 547/1160/340 544/1161/340 546/1162/340 548/1163/340
f 543/1164/341 545/1165/341 550/1166/341 549/1167/341
f 549/1168/342 550/1169/342 548/1170/342 547/1171/342
f 558/1172/343 560/1173/343 559/1174/343 556/1175/343
f 556/1176/344 558/1177/344 557/1178/344 554/1179/344
f 562/1180/345 561/1181/345 563/1182/345 564/1183/345
f 554/1184/346 553/1185/346 555/1186/346 556/1187/346
f 547/1188/347 552/1189/347 551/1190/347 549/1191/347
f 564/1192/348 563/1193/348 565/1194/348 566/1195/348
f 578/1196/349 572/1197/349 571/1198/349 579/1199/349
f 577/1200/350 570/1201/350 572/1202/350 578/1203/350
f 569/1204/351 570/1205/351 577/1206/351 576/1207/351
f 571/1208/352 569/1209/352 576/1210/352 579/1211/352
f 575/1212/353 580/1213/353 573/1214/353
f 573/1215/354 580/1216/354 582/1217/354 574/1218/354
f 574/1219/355 568/1220/355 582/1221/355
f 583/1222/356 568/1223/356 582/1224/356
f 567/1225/357 581/1226/357 584/1227/357 575/1228/357
f 580/1229/358 575/1230/358 584/1231/358
f 584/1232/359 581/1233/359 583/1234/359 582/1235/359
f 587/1236/360 589/1237/360 588/1238/360
f 589/1239/361 585/1240/361 586/1241/361
f 586/1242/362 588/1243/362 589/1244/362
f 592/1245/363 590/1246/363 591/1247/363 593/1248/363
f 596/1249/364 594/1250/364 599/1251/364
f 598/1252/365 599/1253/365 594/1254/365
f 598/1255/366 594/1256/366 595/1257/366 600/1258/366
f 601/1259/367 600/1260/367 595/1261/367
f 597/1262/368 601/1263/368 595/1264/368
f 603/1265/369 602/1266/369 604/1267/369 605/1268/369
f 605/1269/370 603/1270/370 606/1271/370 607/1272/370
f 609/1273/371 604/1274/371 602/1275/371 608/1276/371
f 607/1277/372 609/1278/372 608/1279/372 606/1280/372
f 618/1281/373 619/1282/373 617/1283/373 615/1284/373
f 616/1285/374 617/1286/374 615/1287/374 613/1288/374
f 622/1289/375 620/1290/375 621/1291/375 623/1292/375
f 614/1293/376 612/1294/376 613/1295/376 615/1296/376
f 610/1297/377 611/1298/377 606/1299/377 608/1300/377
f 624/1301/378 622/1302/378 623/1303/378 625/1304/378
f 630/1305/379 631/1306/379 637/1307/379 638/1308/379
f 631/1309/380 629/1310/380 636/1311/380 637/1312/380
f 636/1313/381 629/1314/381 628/1315/381 635/1316/381
f 635/1317/382 628/1318/382 630/1319/382 638/1320/382
f 639/1321/383 634/1322/383 632/1323/383
f 641/1324/384 639/1325/384 632/1326/384 633/1327/384
f 627/1328/385 633/1329/385 641/1330/385
f 627/1331/386 642/1332/386 641/1333/386
f 643/1334/387 640/1335/387 626/1336/387 634/1337/387
f 634/1338/388 639/1339/388 643/1340/388
f 642/1341/389 640/1342/389 643/1343/389 641/1344/389
o car1_exterior
v -1.0372218750000002 -0.028302500000000008 -10.50861125
v 0.09797000000000011 0.839086875 -10.95094875
v 0.1119993749999999 1.09646 -10.519535625
v 0.11862937499999981 1.2077718750000002 -10.3230975
v 0.12438312500000004 1.316564375 -10.12593875
v 0.13014687499999988 1.420636875 -9.92733625
v 0.1354668750000001 1.521489375 -9.716564375
v 0.13869312500000008 1.590410625 -9.548631875
v 0.07221749999999982 1.659470625 -9.380648125
v -0.1119993749999999 1.09646 -10.519535625
v -0.11862937499999981 1.2077718750000002 -10.3230975
v -0.12438312500000004 1.316564375 -10.12593875
v -0.13014687499999988 1.420636875 -9.92733625
v -0.1354668750000001 1.521489375 -9.716564375
v -0.13869312500000008 1.590410625 -9.548631875
v -0.09797000000000011 0.839086875 -10.95094875
v -0.10538250000000016 0.98135625 -10.720254375
v 0.10538250000000016 0.98135625 -10.720254375
v 0.07116875 -0.024456250000000013 -11.36286625
v 0.07460125000000017 1.712010625 -9.214103125000001
v -0.07221749999999982 1.659470625 -9.380648125
v -0.07460125000000017 1.712010625 -9.214103125000001
v -0.14544500000000005 1.733405625 -9.061119375
v 0.14500562500000003 1.733404375 -9.061119375
v 0.0931112500000002 0.7103725 -11.139005
v -0.0931112500000002 0.7103725 -11.139005
v 0 2.85 -5.20625
v 0.1158743750000002 2.71700125 -5.90592875
v 0.0686618750000001 2.71875 -5.20625
v 0.2331906250000002 2.7612825 -5.7985425
v 0.187588125 2.753918125 -5.20625
v 0.26366999999999985 2.79118625 -5.726021875
v 0.2562500000000001 2.814831875 -5.20625
v 0.26079437500000013 2.91597875 -5.4233875000000005
v 0.2562500000000001 2.885168125 -5.20625
v 0.23261562500000021 2.94933375 -5.342499375
v 0.187588125 2.946081875 -5.20625
v 0.11414875000000002 2.988439375 -5.247664374999999
v 0.0686618750000001 2.98125 -5.20625
v -0.11473312499999988 2.988439375 -5.247664374999999
v -0.0686618750000001 2.98125 -5.20625
v -0.23262500000000008 2.94760875 -5.346683125
v -0.187588125 2.946081875 -5.20625
v -0.26022875 2.91482875 -5.4261768749999995
v -0.2562500000000001 2.885168125 -5.20625
v -0.2562500000000001 2.814831875 -5.20625
v -0.23435000000000006 2.760706875 -5.799936875
v -0.187588125 2.753918125 -5.20625
v -0.11760875000000004 2.715275625 -5.9101125
v -0.0686618750000001 2.71875 -5.20625
v -0.26195375 2.79061125 -5.72741625
v -0.7361599999999999 1.7352075 -8.830265625
v -0.4208068749999998 1.733451875 -8.97217625
v -0.6925643749999999 1.67750125 -9.157076875
v -0.8904568749999999 -0.020351249999999987 -10.87500125
v -1.0915749999999997 0.5021575 -10.713119375
v -0.0005131249999998921 1.734169375 -8.899756875
v 0.0015125000000000277 1.73306625 -9.061244375000001
v -1.0075225000000003 1.73162125 -8.686231875
v -0.5956475000000001 1.730493125 -8.637935625
v -0.7361599999999999 1.7352075 -8.830265625
v -0.4392775000000002 1.7342525 -8.963578125
v -0.35726499999999994 1.729635 -8.72259125
v -0.14500562500000003 1.733404375 -9.061119375
v -1.4135987500000002 1.739531875 -7.883746875
v -1.0650500000000003 1.738378125 -8.38644375
v -1.4385731249999996 1.7613325 -7.821748125
v -1.2374368750000002 1.7359125 -8.458555624999999
v -0.808939375 1.73427875 -8.548303125
v -1.0075225000000003 1.73136375 -8.686231875
v -0.5956475000000001 1.730205 -8.637935625
v -1.440245 1.630410625 -8.3757925
v -1.4283318749999996 1.648315 -8.382289375
v -1.4385731249999996 1.7613325 -7.821748125
v -1.4358456249999998 1.762485 -7.73445
v -0.11862937499999981 1.2077718750000002 -10.3230975
v -0.3505531249999998 1.1866824999999999 -10.322841875
v -0.1119993749999999 1.09646 -10.519535625
v -0.330723125 1.0753412500000001 -10.519291875
v 0.11862937499999981 1.2077718750000002 -10.3230975
v 0.12438312500000004 1.316564375 -10.12593875
v 0.13014687499999988 1.420636875 -9.92733625
v 0.1354668750000001 1.521489375 -9.716564375
v 0.13869312500000008 1.590410625 -9.548631875
v 0.3505531249999998 1.1866824999999999 -10.322841875
v 0.3690668750000001 1.2953999999999999 -10.125671875
v 0.3867099999999999 1.399605625 -9.92706
v 0.4030287499999998 1.5013225 -9.71628125
v 0.413728125 1.572159375 -9.545485
v 0.42486749999999995 1.642995625 -9.374690000000001
v 0.42986000000000013 1.700958125 -9.185979374999999
v 0.4392775000000002 1.7342525 -8.963578125
v 0.6925643749999999 1.67750125 -9.157076875
v 0.6942124999999999 1.60962375 -9.368646250000001
v 0.6773612500000001 1.53656125 -9.5423025
v 0.660948125 1.463499375 -9.71595875
v 0.6336312500000001 1.3611275 -9.92674625
v 0.60498875 1.25689625 -10.125366249999999
v 0.573715 1.14815 -10.322547499999999
v 0.330723125 1.0753412500000001 -10.519291875
v 0.54112625 1.036673125 -10.5190075
v 0.5211225000000002 0.9723825 -10.631883125
v 0.7652181250000001 0.975049375 -10.518650625
v 0.7797468749999998 1.09593125 -10.32223125
v 0.8220225000000001 1.2039675 -10.12503875
v 0.8612268749999998 1.30759125 -9.927123125
v 0.8977849999999998 1.4091456249999998 -9.716325625
v 0.9207981250000001 1.4825325 -9.544096249999999
v 0.943370625 1.555919375 -9.371865625
v 0.9487468749999999 1.6306375 -9.160309375
v 0.9687531250000001 1.6751175 -9.000165625000001
v 0.7361599999999999 1.7352075 -8.830265625
v 1.0249237500000001 1.6988725 -8.885719375
v 1.0075224999999999 1.73162125 -8.686231875
v 1.237436875 1.7359125 -8.458555624999999
v 1.243930625 1.0242925 -10.123481875
v 1.302523125 1.115258125 -9.926229375
v 1.351886875 1.20147625 -9.729688750000001
v 1.37890625 1.262628125 -9.581745
v 1.405926875 1.323466875 -9.433085
v 1.423109375 1.39754875 -9.237964375
v 1.427890625 1.466374375 -9.041405000000001
v 1.4336575 1.52878125 -8.845546875
v 1.427579375 1.62882125 -8.48239125
v 1.428331875 1.648315 -8.382289375
v 1.438573125 1.7613325 -7.821748125
v 1.17918875 0.9277525 -10.32000875
v 1.00415375 0.935415 -10.437501875
v 1.019676875 0.8967993750000001 -10.483169375
v 1.1104975 0.827106875 -10.517243125
v 1.038293125 0.7228893750000001 -10.71304
v 0.9334425 0.7808181249999999 -10.706846875
v 0.9603593749999999 0.62066625 -10.90384
v 0.9207462500000001 0.7637987500000001 -10.739005
v 0.8869212499999999 0.7531181250000001 -10.776205
v 0.8126056250000002 0.752286875 -10.82419625
v 0.785965 0.6972725 -10.917786875
v 0.6226212499999999 0.7502893749999999 -10.93023
v 0.30474250000000014 0.9616675 -10.718600625
v 0.3302243749999998 0.97049875 -10.697140625
v 0.88615625 0.976359375 -10.45058875
v 0.970244375 0.95967 -10.42008375
v 0.7361599999999999 1.7352075 -8.830265625
v 0.4208068749999998 1.733451875 -8.97217625
v 0.6925643749999999 1.67750125 -9.157076875
v 0.07221749999999982 1.659470625 -9.380648125
v 0.07460125000000017 1.712010625 -9.214103125000001
v 0.14544500000000005 1.733405625 -9.061119375
v 0.8904568749999999 -0.020351249999999987 -10.87500125
v 1.091575 0.5021575 -10.713119375
v 0.0005131249999998921 1.734169375 -8.899756875
v -0.0015125000000000277 1.73306625 -9.061244375000001
v 1.0075224999999999 1.73162125 -8.686231875
v 0.5956475000000001 1.730493125 -8.637935625
v 0.7361599999999999 1.7352075 -8.830265625
v 0.4392775000000002 1.7342525 -8.963578125
v 0.35726499999999994 1.729635 -8.72259125
v 0.14500562500000003 1.733404375 -9.061119375
v 1.41359875 1.739531875 -7.883746875
v 1.06505 1.738378125 -8.38644375
v 1.438573125 1.7613325 -7.821748125
v 1.237436875 1.7359125 -8.458555624999999
v 0.808939375 1.73427875 -8.548303125
v 1.0075224999999999 1.73136375 -8.686231875
v 0.5956475000000001 1.730205 -8.637935625
v 1.440245 1.630410625 -8.3757925
v 1.428331875 1.648315 -8.382289375
v 1.438573125 1.7613325 -7.821748125
v 1.435845625 1.762485 -7.73445
v 0.970244375 0.95967 -10.42008375
v 1.0003043749999998 1.00306875 -10.321004375000001
v 0.3505531249999998 1.1866824999999999 -10.322841875
v 0.573715 1.14815 -10.322547499999999
v 0.330723125 1.0753412500000001 -10.519291875
v 0.54112625 1.036673125 -10.5190075
v 0.11862937499999981 1.2077718750000002 -10.3230975
v 0.3505531249999998 1.1866824999999999 -10.322841875
v 0.1119993749999999 1.09646 -10.519535625
v 0.330723125 1.0753412500000001 -10.519291875
v -1.1875 2.4375 -6
v 1.1875 2.4375 -6
v -0.3505531249999998 1.1866824999999999 -10.322841875
v -0.573715 1.14815 -10.322547499999999
v -0.330723125 1.0753412500000001 -10.519291875
v -0.54112625 1.036673125 -10.5190075
v -0.11862937499999981 1.2077718750000002 -10.3230975
v -0.12438312500000004 1.316564375 -10.12593875
v -0.13014687499999988 1.420636875 -9.92733625
v -0.1354668750000001 1.521489375 -9.716564375
v -0.13869312500000008 1.590410625 -9.548631875
v -0.3505531249999998 1.1866824999999999 -10.322841875
v -0.3690668750000001 1.2953999999999999 -10.125671875
v -0.3867099999999999 1.399605625 -9.92706
v -0.4030287499999998 1.5013225 -9.71628125
v -0.413728125 1.572159375 -9.545485
v -0.42486749999999995 1.642995625 -9.374690000000001
v -0.42986000000000013 1.700958125 -9.185979374999999
v -0.4392775000000002 1.7342525 -8.963578125
v -0.6925643749999999 1.67750125 -9.157076875
v -0.6942124999999999 1.60962375 -9.368646250000001
v -0.6773612500000001 1.53656125 -9.5423025
v -0.660948125 1.463499375 -9.71595875
v -0.6336312500000001 1.3611275 -9.92674625
v -0.60498875 1.25689625 -10.125366249999999
v -0.573715 1.14815 -10.322547499999999
v -0.330723125 1.0753412500000001 -10.519291875
v -0.54112625 1.036673125 -10.5190075
v -0.5211225000000002 0.9723825 -10.631883125
v -0.7652181250000001 0.975049375 -10.518650625
v -0.7797468749999998 1.09593125 -10.32223125
v -0.8220225000000001 1.2039675 -10.12503875
v -0.8612268749999998 1.30759125 -9.927123125
v -0.8977849999999998 1.4091456249999998 -9.716325625
v -0.9207981250000001 1.4825325 -9.544096249999999
v -0.943370625 1.555919375 -9.371865625
v -0.9487468750000003 1.6306375 -9.160309375
v -0.9687531250000001 1.6751175 -9.000165625000001
v -0.7361599999999999 1.7352075 -8.830265625
v -1.0249237500000001 1.6988725 -8.885719375
v -1.0075225000000003 1.73162125 -8.686231875
v -1.2374368750000002 1.7359125 -8.458555624999999
v -1.243930625 1.0242925 -10.123481875
v -1.3025231249999996 1.115258125 -9.926229375
v -1.351886875 1.20147625 -9.729688750000001
v -1.37890625 1.262628125 -9.581745
v -1.4059268749999996 1.323466875 -9.433085
v -1.4231093750000001 1.39754875 -9.237964375
v -1.4278906249999999 1.466374375 -9.041405000000001
v -1.4336574999999998 1.52878125 -8.845546875
v -1.4275793749999997 1.62882125 -8.48239125
v -1.4283318749999996 1.648315 -8.382289375
v -1.4385731249999996 1.7613325 -7.821748125
v -1.1791887499999998 0.9277525 -10.32000875
v -1.0041537500000004 0.935415 -10.437501875
v -1.019676875 0.8967993750000001 -10.483169375
v -1.1104975000000001 0.827106875 -10.517243125
v -1.038293125 0.7228893750000001 -10.71304
v -0.9334425 0.7808181249999999 -10.706846875
v -0.9603593750000003 0.62066625 -10.90384
v -0.9207462500000001 0.7637987500000001 -10.739005
v -0.8869212499999999 0.7531181250000001 -10.776205
v -0.8126056250000002 0.752286875 -10.82419625
v -0.785965 0.6972725 -10.917786875
v -0.6226212499999999 0.7502893749999999 -10.93023
v -0.30474250000000014 0.9616675 -10.718600625
v -0.3302243749999998 0.97049875 -10.697140625
v -0.88615625 0.976359375 -10.45058875
v -0.970244375 0.95967 -10.42008375
v -0.07221749999999982 1.659470625 -9.380648125
v -0.07460125000000017 1.712010625 -9.214103125000001
v -0.14544500000000005 1.733405625 -9.061119375
v -0.970244375 0.95967 -10.42008375
v -1.0003043749999998 1.00306875 -10.321004375000001
v -1.0037193750000002 0.935483125 -10.382938750000001
v -1.00376625 0.9353281250000001 -10.43764
v -0.9637962499999997 0.963001875 -10.38304625
v -0.9701456249999998 0.9596512500000001 -10.421476875
v -1.0197487499999998 0.897005625 -10.382821875000001
v -1.01983375 0.89672375 -10.48265125
v -1.0037193750000002 0.935483125 -10.382938750000001
v -1.00376625 0.9353281250000001 -10.43764
v -0.9637962499999997 0.963001875 -10.38304625
v -0.9701456249999998 0.9596512500000001 -10.421476875
v -0.8858125000000001 0.976450625 -10.38314875
v -0.885869375 0.976261875 -10.450158125
v -0.7303493749999999 0.97502625 -10.383278749999999
v -0.7652181250000001 0.975049375 -10.518650625
v -0.520851875 0.97312125 -10.383453124999999
v -0.5210643749999999 0.97242 -10.63166
v -0.3299556250000002 0.971376875 -10.383611875
v -0.3302243749999998 0.97049375 -10.69677625
v -0.3042856249999999 0.962548125 -10.383610000000001
v -0.3045724999999999 0.961603125 -10.718655625
v -0.9203800000000002 0.76488125 -10.382553125000001
v -0.9206850000000002 0.7638756250000001 -10.738794375
v -0.9296531250000002 0.7773456249999999 -10.382579374999999
v -0.9334425 0.7808181249999999 -10.706846875
v -0.9680762500000002 0.828509375 -10.382683125
v -0.9682768749999999 0.82784875 -10.616530625
v -1.0038493749999997 0.875756875 -10.38277875
v -1.0039718750000004 0.875355 -10.52500125
v -1.0197487499999998 0.897005625 -10.382821875000001
v -1.01983375 0.89672375 -10.48265125
v -0.2875143750000002 0.93525375 -10.383551875
v -0.2881231249999998 0.9341999999999999 -10.7671875
v -0.2878599999999998 0.777050625 -10.383128750000001
v -0.2886812499999998 0.775315625 -11.0142825
v -0.2878599999999998 0.777050625 -10.383128750000001
v -0.28840125000000016 0.7752693749999999 -11.0142425
v -0.30517812499999986 0.75682625 -10.383059375
v -0.3054674999999998 0.755023125 -11.03996875
v -0.30517812499999986 0.75682625 -10.383059375
v -0.3057400000000001 0.75497375 -11.03947375
v -0.3304412499999998 0.7490631249999999 -10.383016875
v -0.3310081249999999 0.747196875 -11.0442175
v -0.46154375000000014 0.750313125 -10.382908125
v -0.46207312499999986 0.74857125 -11.0003475
v -0.62187875 0.7517493749999999 -10.38277375
v -0.6223475 0.75020625 -10.929785625
v -0.81188875 0.75349125 -10.382615625
v -0.8122668750000002 0.752245 -10.8243275
v -0.8862975 0.754255625 -10.38255375
v -0.8866343749999999 0.75314625 -10.77571875
v -0.9203800000000002 0.76488125 -10.382553125000001
v -0.9206850000000002 0.7638756250000001 -10.738794375
v -0.46154375000000014 0.750313125 -10.382908125
v -0.62187875 0.7517493749999999 -10.38277375
v -0.534833125 0.8591737500000001 -10.383040000000001
v -0.81188875 0.75349125 -10.382615625
v -0.8862975 0.754255625 -10.38255375
v -0.9203800000000002 0.76488125 -10.382553125000001
v -0.9296531250000002 0.7773456249999999 -10.382579374999999
v -0.9680762500000002 0.828509375 -10.382683125
v -1.0038493749999997 0.875756875 -10.38277875
v -1.0197487499999998 0.897005625 -10.382821875000001
v -1.0037193750000002 0.935483125 -10.382938750000001
v -0.9637962499999997 0.963001875 -10.38304625
v -0.8858125000000001 0.976450625 -10.38314875
v -0.7303493749999999 0.97502625 -10.383278749999999
v -0.520851875 0.97312125 -10.383453124999999
v -0.3299556250000002 0.971376875 -10.383611875
v -0.3042856249999999 0.962548125 -10.383610000000001
v -0.2875143750000002 0.93525375 -10.383551875
v -0.2875956249999998 0.897925 -10.3834525
v -0.2877606250000002 0.82255625 -10.38325
v -0.2878599999999998 0.777050625 -10.383128750000001
v -0.30517812499999986 0.75682625 -10.383059375
v -0.3304412499999998 0.7490631249999999 -10.383016875
v -0.46154375000000014 0.750313125 -10.382908125
v -0.534833125 0.8591737500000001 -10.383040000000001
v -0.3304412499999998 0.7490631249999999 -10.383016875
v -0.2878425 0.934171875 -10.767144375
v -0.2875143750000002 0.93525375 -10.383551875
v -0.3045724999999999 0.961603125 -10.718655625
v -0.3042856249999999 0.962548125 -10.383610000000001
v 1.0037193750000002 0.935483125 -10.382938750000001
v 1.00376625 0.9353281250000001 -10.43764
v 0.9637962500000001 0.963001875 -10.38304625
v 0.9701456249999998 0.9596512500000001 -10.421476875
v 1.0197487500000002 0.897005625 -10.382821875000001
v 1.01983375 0.89672375 -10.48265125
v 1.0037193750000002 0.935483125 -10.382938750000001
v 1.00376625 0.9353281250000001 -10.43764
v 0.9637962500000001 0.963001875 -10.38304625
v 0.9701456249999998 0.9596512500000001 -10.421476875
v 0.8858125000000001 0.976450625 -10.38314875
v 0.885869375 0.976261875 -10.450158125
v 0.7303493749999999 0.97502625 -10.383278749999999
v 0.7652181250000001 0.975049375 -10.518650625
v 0.520851875 0.97312125 -10.383453124999999
v 0.5210643749999999 0.97242 -10.63166
v 0.3299556250000002 0.971376875 -10.383611875
v 0.3302243749999998 0.97049375 -10.69677625
v 0.3042856249999999 0.962548125 -10.383610000000001
v 0.3045724999999999 0.961603125 -10.718655625
v 0.9203800000000002 0.76488125 -10.382553125000001
v 0.9206850000000002 0.7638756250000001 -10.738794375
v 0.9296531250000002 0.7773456249999999 -10.382579374999999
v 0.9334425 0.7808181249999999 -10.706846875
v 0.9680762500000002 0.828509375 -10.382683125
v 0.9682768749999999 0.82784875 -10.616530625
v 1.0038493750000002 0.875756875 -10.38277875
v 1.003971875 0.875355 -10.52500125
v 1.0197487500000002 0.897005625 -10.382821875000001
v 1.01983375 0.89672375 -10.48265125
v 0.2875143750000002 0.93525375 -10.383551875
v 0.2881231249999998 0.9341999999999999 -10.7671875
v 0.2878599999999998 0.777050625 -10.383128750000001
v 0.2886812499999998 0.775315625 -11.0142825
v 0.2878599999999998 0.777050625 -10.383128750000001
v 0.28840125000000016 0.7752693749999999 -11.0142425
v 0.30517812499999986 0.75682625 -10.383059375
v 0.3054674999999998 0.755023125 -11.03996875
v 0.30517812499999986 0.75682625 -10.383059375
v 0.3057400000000001 0.75497375 -11.03947375
v 0.3304412499999998 0.7490631249999999 -10.383016875
v 0.3310081249999999 0.747196875 -11.0442175
v 0.46154375000000014 0.750313125 -10.382908125
v 0.46207312499999986 0.74857125 -11.0003475
v 0.62187875 0.7517493749999999 -10.38277375
v 0.6223475 0.75020625 -10.929785625
v 0.81188875 0.75349125 -10.382615625
v 0.8122668750000002 0.752245 -10.8243275
v 0.8862975 0.754255625 -10.38255375
v 0.8866343749999999 0.75314625 -10.77571875
v 0.9203800000000002 0.76488125 -10.382553125000001
v 0.9206850000000002 0.7638756250000001 -10.738794375
v 0.46154375000000014 0.750313125 -10.382908125
v 0.62187875 0.7517493749999999 -10.38277375
v 0.534833125 0.8591737500000001 -10.383040000000001
v 0.81188875 0.75349125 -10.382615625
v 0.8862975 0.754255625 -10.38255375
v 0.9203800000000002 0.76488125 -10.382553125000001
v 0.9296531250000002 0.7773456249999999 -10.382579374999999
v 0.9680762500000002 0.828509375 -10.382683125
v 1.0038493750000002 0.875756875 -10.38277875
v 1.0197487500000002 0.897005625 -10.382821875000001
v 1.0037193750000002 0.935483125 -10.382938750000001
v 0.9637962500000001 0.963001875 -10.38304625
v 0.8858125000000001 0.976450625 -10.38314875
v 0.7303493749999999 0.97502625 -10.383278749999999
v 0.520851875 0.97312125 -10.383453124999999
v 0.3299556250000002 0.971376875 -10.383611875
v 0.3042856249999999 0.962548125 -10.383610000000001
v 0.2875143750000002 0.93525375 -10.383551875
v 0.2875956249999998 0.897925 -10.3834525
v 0.2877606250000002 0.82255625 -10.38325
v 0.2878599999999998 0.777050625 -10.383128750000001
v 0.30517812499999986 0.75682625 -10.383059375
v 0.3304412499999998 0.7490631249999999 -10.383016875
v 0.46154375000000014 0.750313125 -10.382908125
v 0.534833125 0.8591737500000001 -10.383040000000001
v 0.3304412499999998 0.7490631249999999 -10.383016875
v 0.2878425 0.934171875 -10.767144375
v 0.2875143750000002 0.93525375 -10.383551875
v 0.3045724999999999 0.961603125 -10.718655625
v 0.3042856249999999 0.962548125 -10.383610000000001
v 1.109870625 2.4460474999999997 -7.633181875
v 1.127559375 2.417791875 -7.663135
v 1.1399475 2.446221875 -7.59440375
v 1.156311875 2.4179775 -7.61935
v 1.292443125 2.448079375 -7.303381875
v 1.299548125 2.4191656249999998 -7.3040125
v 1.314215625 2.450981875 -6.58901625
v 1.318116875 2.427055625 -6.59375
v 0.031919375000000194 2.634188125 -4.4135875
v 0.03394937500000017 2.629305625 -6.785774375
v 0.9657325000000001 2.555313125 -4.46875
v 0.9866943749999999 2.56050625 -6.78405375
v 1.314215625 2.450981875 -6.58901625
v 0.9879674999999999 2.55914625 -7.2426075
v 1.292443125 2.448079375 -7.303381875
v 1.0013174999999999 2.5448925 -7.38134
v 1.1399475 2.446221875 -7.59440375
v 1.109870625 2.4460474999999997 -7.633181875
v 0.034342500000000165 2.628045625 -7.244329375
v 0.03459562500000013 2.602369375 -7.474611875
v 0.035545625000000136 2.442923125 -8.004813125
v 0.035646874999999856 2.41428625 -8.047656875000001
v 1.127559375 2.417791875 -7.663135
v 1.090818125 2.4176425 -7.6877825
v 1.0790825 2.4459581249999998 -7.643831875
v 1.318116875 2.427055625 -6.59375
v 1.318116875 2.427055625 -4.46875
v 0.9657325000000001 2.555313125 -4.46875
v 1.314215625 2.450981875 -6.58901625
v 1.163175625 2.9135475 -4.812143125
v 1.174029375 2.868353125 -4.815326875
v 1.163175625 2.92990375 -4.4375
v 1.174029375 2.868353125 -4.4375
v 1.082826875 3.0093025 -4.812143125
v 1.163175625 2.913546875 -4.812143125
v 1.082826875 3.02565875 -4.4375
v 1.163175625 2.92990375 -4.4375
v 0.9719506249999998 3.06702125 -4.812143125
v 1.082826875 3.0093025 -4.812143125
v 0.9719506249999998 3.0833775 -4.4375
v 1.0828275 3.025659375 -4.4375
v 1.17402875 2.868353125 -4.4375
v 1.25 2.4375 -4.4375
v 1.17402875 2.868353125 -4.815326875
v 1.18605625 2.4836775 -5.87303
v 1.082826875 2.9551925 -5.0562168750000005
v 1.163175625 2.8594375 -5.0562168750000005
v 1.082826875 2.521331875 -6.10837
v 1.163175625 2.49227375 -5.946625
v 0.9719506249999998 3.01291125 -5.0562168750000005
v 1.082826875 2.9551925 -5.0562168750000005
v 1.082826875 2.520961875 -6.1092675
v 0.9719506249999998 2.558091875 -6.159196875
v 0.34932937499999994 3.06738375 -5.0562168750000005
v 0.34932937499999994 2.60077375 -6.187790625
v 0.9719506249999998 3.01291125 -5.0562168750000005
v 0.9719506249999998 2.556074375 -6.164089375
v 1.082826875 3.0093025 -4.812143125
v 1.082826875 2.9551925 -5.0562175
v 1.163175625 2.9135475 -4.812143125
v 1.163175625 2.8594375 -5.0562168750000005
v 0.9719506249999998 3.06702125 -4.812143125
v 0.9719506249999998 3.01291125 -5.0562175
v 1.082826875 3.0093025 -4.812143125
v 1.082826875 2.9551925 -5.0562168750000005
v 0.34932937499999994 3.12149375 -4.812143125
v 0.34932937499999994 3.06738375 -5.0562175
v 0.9719506249999998 3.06702125 -4.812143125
v 0.9719506249999998 3.01291125 -5.0562175
v 0.34932937499999994 3.137850625 -4.4375
v 0.34932937499999994 3.121493125 -4.8121425
v 0.9719506249999998 3.083378125 -4.4375
v 0.9719506249999998 3.067020625 -4.812143125
v 1.163175625 2.9135475 -4.812143125
v 1.17402875 2.868353125 -4.81532625
v 1.163175625 2.8594375 -5.0562168750000005
v 1.1860275 2.484593125 -5.870511875
v 1.163175625 2.493085 -5.944656875
v 0.34932937499999994 3.06738375 -5.0562168750000005
v 0.34932937499999994 2.60077375 -6.187790625
v -0.34932937499999994 3.06738375 -5.0562168750000005
v -0.34932937499999994 2.60077375 -6.187790625
v 0.11414875000000002 2.988439375 -5.247664374999999
v -0.11473312499999988 2.988439375 -5.247664374999999
v -0.23262500000000008 2.94760875 -5.346683125
v -0.26022875 2.91482875 -5.4261768749999995
v -0.26195375 2.79061125 -5.72741625
v -0.23435000000000006 2.760706875 -5.799936875
v -0.11760875000000004 2.715275625 -5.9101125
v 0.1158743750000002 2.71700125 -5.90592875
v 0.2331906250000002 2.7612825 -5.7985425
v 0.26366999999999985 2.79118625 -5.726021875
v 0.26079437500000013 2.91597875 -5.4233875000000005
v 0.23261562500000021 2.94933375 -5.342499375
v 0.34932937499999994 3.12149375 -4.812143125
v 0.34932937499999994 3.06738375 -5.0562175
v -0.34932937499999994 3.12149375 -4.812143125
v -0.34932937499999994 3.06738375 -5.0562175
v 0.34932937499999994 3.137850625 -4.4375
v 0.34932937499999994 3.121493125 -4.8121425
v -0.34932937499999994 3.137850625 -4.4375
v -0.34932937499999994 3.121493125 -4.8121425
v 0.031919375000000194 2.634188125 -4.4135875
v -0.031919375000000194 2.634188125 -4.4135875
v 0.035545625000000136 2.442923125 -8.004813125
v -0.035545625000000136 2.442923125 -8.004813125
v 0.035646874999999856 2.41428625 -8.047656875000001
v -0.035646874999999856 2.41428625 -8.047656875000001
v 0.03394937500000017 2.629305625 -6.785774375
v -0.03394937500000017 2.629305625 -6.785774375
v 0.034342500000000165 2.628045625 -7.244329375
v -0.034342500000000165 2.628045625 -7.244329375
v 0.03459562500000013 2.602369375 -7.474611875
v -0.03459562500000013 2.602369375 -7.474611875
v 1.295334375 2.3576268750000002 -7.394788125
v 1.1750875 2.3566275 -7.66019125
v 1.27011125 2.342944375 -7.38382875
v 1.14942125 2.3419443749999997 -7.6492325
v 1.381808125 1.793460625 -7.822568125
v 1.169043125 1.772180625 -8.384755
v 1.407473125 1.808144375 -7.8335275
v 1.194709375 1.78686375 -8.395713125
v 0.10625687500000014 2.3425868750000003 -8.07543375
v 1.0073362499999998 2.3454525 -7.76834
v 0.1124218749999999 2.3642531250000003 -8.091214375
v 1.0135025 2.36711875 -7.784120625
v 0.1144418749999998 1.784916875 -8.93612875
v 1.0349306249999999 1.788081875 -8.536026249999999
v 0.1082774999999998 1.763133125 -8.92103
v 1.02920875 1.766299375 -8.52092875
v 1.309360625 2.35291125 -6.895435
v 1.30109125 2.35291125 -7.214404375
v 1.41293125 1.800501875 -6.893960625
v 1.413215625 1.800501875 -7.21536875
v 1.32481 2.3556356249999997 -6.895435
v 1.316540625 2.3556356249999997 -7.214404375
v 1.428380625 1.80322625 -6.893960625
v 1.428665 1.80322625 -7.21536875
v 1.411733125 1.802285 -7.31274125
v 1.412895 1.805858125 -7.7288625
v 1.4271825 1.805009375 -7.31274125
v 1.428344375 1.8085825 -7.7288625
v 1.438573125 1.76139375 -7.821748125
v 1.299548125 2.4191656249999998 -7.3040125
v 1.301410625 2.4243337499999997 -7.25948
v 1.318116875 2.427055625 -6.59375
v 1.4364475 1.75933125 -7.26372625
v 1.4375 1.750000625 -6.59375
v 1.4364475 1.75933125 -7.26372625
v 1.301410625 2.4243337499999997 -7.25948
v 1.436636875 1.759515 -7.313388125
v 1.316540625 2.3556356249999997 -7.214404375
v 1.32481 2.3556356249999997 -6.895435
v 1.428380625 1.80322625 -6.893960625
v 1.428665 1.80322625 -7.21536875
v 1.4271825 1.805009375 -7.31274125
v 1.42849875 1.8090575 -7.784231875
v 1.312371875 2.357459375 -7.304889375
v 1.312648125 2.357185625 -7.3527975
v 1.428344375 1.8085825 -7.7288625
v 1.27011125 2.342944375 -7.38382875
v 1.381808125 1.793460625 -7.822568125
v 1.295334375 2.3576268750000002 -7.394788125
v 1.407473125 1.808144375 -7.8335275
v 1.1750875 2.3566275 -7.66019125
v 1.194709375 1.78686375 -8.395713125
v 1.14942125 2.3419443749999997 -7.6492325
v 1.169043125 1.772180625 -8.384755
v 0.03801312499999998 1.729401875 -9.037256875
v 0.035646874999999856 2.41428625 -8.047656875000001
v 0.1144418749999998 1.784916875 -8.93612875
v 0.1124218749999999 2.3642531250000003 -8.091214375
v 1.090818125 2.4176425 -7.6877825
v 1.0135025 2.36711875 -7.784120625
v 1.116565625 1.733109375 -8.56864375
v 1.0349306249999999 1.788081875 -8.536026249999999
v 1.15197625 1.73326375 -8.5412625
v 1.127559375 2.417791875 -7.663135
v 1.15197625 1.73326375 -8.5412625
v 1.17984125 1.7334525 -8.495426250000001
v 1.127559375 2.417791875 -7.663135
v 1.156311875 2.4179775 -7.61935
v 1.194709375 1.78686375 -8.395713125
v 1.1750875 2.3566275 -7.66019125
v 1.299548125 2.4191656249999998 -7.3040125
v 1.295334375 2.3576268750000002 -7.394788125
v 1.194709375 1.78686375 -8.395713125
v 1.17984125 1.7334525 -8.495426250000001
v 1.407473125 1.808144375 -7.8335275
v 1.438573125 1.761393125 -7.821748125
v 1.295334375 2.3576268750000002 -7.394788125
v 1.299548125 2.4191656249999998 -7.3040125
v 1.0073362499999998 2.3454525 -7.76834
v 1.02920875 1.766299375 -8.52092875
v 1.0135025 2.36711875 -7.784120625
v 1.0349306249999999 1.788081875 -8.536026249999999
v 0.1124218749999999 2.3642531250000003 -8.091214375
v 0.1144418749999998 1.784916875 -8.93612875
v 0.10625687500000014 2.3425868750000003 -8.07543375
v 0.1082774999999998 1.763133125 -8.92103
v 1.30109125 2.35291125 -7.214404375
v 1.413215625 1.800501875 -7.21536875
v 1.316540625 2.3556356249999997 -7.214404375
v 1.428665 1.80322625 -7.21536875
v 1.2969225 2.354735 -7.304889375
v 1.2969225 2.354735 -7.304889375
v 1.411733125 1.802285 -7.31274125
v 1.412895 1.805858125 -7.7288625
v 1.312371875 2.357459375 -7.304889375
v 1.312371875 2.357459375 -7.304889375
v 1.4271825 1.805009375 -7.31274125
v 1.428344375 1.8085825 -7.7288625
v 0.03801312499999998 1.729401875 -9.037256875
v -0.03801312499999998 1.729401875 -9.037256875
v 0.035646874999999856 2.41428625 -8.047656875000001
v -0.035646874999999856 2.41428625 -8.047656875000001
v 1.4375 1.74931 -6.59375
v 1.4375625 0.4375 -6.59375
v 1.43744875 1.7622775 -7.549164375
v 1.458351875 0.505581875 -7.546156875
v 1.392881875 0.06962499999999999 -7.544381875
v 1.444956875 0.65956375 -8.393165
v 1.391605 0.08146062500000001 -8.395016250000001
v 1.44371 0.659113125 -8.477579375000001
v 1.382271875 -0.012905 -8.479438125
v 1.371816875 -0.013847500000000013 -8.840751874999999
v 1.37087375 -0.028492499999999976 -8.488706875
v 1.3617325 -0.028368125000000022 -8.84501375
v 1.0052937499999999 -0.536569375 -9.02927
v 0.99832125 -0.514296875 -9.165256875
v 1.440245 1.630410625 -8.3757925
v 1.439936875 1.610593125 -8.479469375
v 1.4354525 0.65593 -8.841720625
v 1.35421625 -0.014381874999999988 -9.03751125
v 1.34501 -0.028373749999999975 -9.041058125
v 1.317635625 -0.028281875000000012 -9.23639125
v 0.985189375 -0.49183374999999996 -9.303398125000001
v 0.965459375 -0.46897187500000004 -9.443690625
v 1.446891875 1.51139875 -8.841196875
v 1.43321375 0.651973125 -9.039170625
v 1.326405625 -0.014927499999999982 -9.234989375
v 1.2858625 -0.028305625 -9.431728750000001
v 0.94571125 -0.45147375 -9.55034625
v 1.441125 1.449096875 -9.037054375
v 1.43359 0.64538375 -9.236059375
v 1.293755 -0.015586875 -9.431755625000001
v 1.261528125 -0.028280000000000027 -9.578412499999999
v 0.9259656249999999 -0.434083125 -9.657715625
v 1.42104625 0.636155 -9.43318625
v 1.268981875 -0.015983124999999987 -9.579155
v 1.23719375 -0.028256249999999983 -9.72581375
v 0.8952374999999999 -0.410316875 -9.803028125
v 1.41829125 1.303861875 -9.434453125000001
v 1.402288125 0.625806875 -9.580709375
v 1.24420875 -0.016486875000000012 -9.727269374999999
v 1.1975 -0.028298125000000007 -9.921156875000001
v 0.8557112500000001 -0.38636812499999995 -9.95121
v 1.391269375 1.243445 -9.582398125000001
v 1.38008625 0.615561875 -9.728790625
v 1.204518125 -0.017163749999999978 -9.924042499999999
v 1.152876875 -0.028233750000000002 -10.117215625
v 0.8047456249999998 -0.36223562499999995 -10.0994025
v 1.364688125 1.182714375 -9.730342499999999
v 1.3484475 0.59599375 -9.92622625
v 1.1590175 -0.017732499999999984 -10.120815
v 1.098394375 -0.028266875000000025 -10.312555
v 0.7515731250000002 -0.339966875 -10.236145
v 1.3161975 1.097979375 -9.922595000000001
v 1.296394375 0.5736806249999999 -10.12294625
v 1.1049775 -0.018400625000000004 -10.318299374999999
v 1.043806875 -0.019068750000000023 -10.51506875
v 1.0372218750000002 -0.028302500000000008 -10.50861125
v 0.9657331249999999 -0.01973562499999998 -10.708265
v 0.9591456250000001 -0.028336874999999984 -10.7003775
v 0.8904568749999999 -0.020351249999999987 -10.87500125
v 0.8847462500000001 -0.028523750000000014 -10.86496875
v 0.8153199999999998 -0.020963125000000027 -10.993101875
v 0.8104874999999998 -0.028501249999999978 -10.982354375
v 0.6698418749999999 -0.304763125 -10.45307
v 0.7076312499999999 -0.321391875 -10.350693125
v 1.376545625 -0.028635624999999998 -8.432185624999999
v 1.0064825000000002 -0.5819875000000001 -8.758018125
v 1.4363425 1.3802725 -9.233615
v 0.8806568750000001 0.5201375 -11.075708125
v 0.8982712500000001 0.508041875 -11.073853125
v 0.925236875 0.44641125 -11.06365
v 1.0121518749999998 0.47542 -10.898399375
v 1.091575 0.5021575 -10.713119375
v 0.974479375 0.602851875 -10.904495625
v 1.0515349999999999 0.70423125 -10.71441
v 0.9603593749999999 0.62066625 -10.90384
v 1.123299375 0.808240625 -10.5178975
v 1.038293125 0.7228893750000001 -10.71304
v 1.1104975 0.827106875 -10.517243125
v 1.193303125 0.910790625 -10.31637375
v 1.17918875 0.9277525 -10.32000875
v 1.257604375 1.007119375 -10.119847499999999
v 1.243930625 1.0242925 -10.123481875
v 1.302523125 1.115258125 -9.926229375
v 1.364688125 1.182714375 -9.730342499999999
v 1.351886875 1.20147625 -9.729688750000001
v 1.391269375 1.243445 -9.582398125000001
v 1.37890625 1.262628125 -9.581745
v 1.41829125 1.303861875 -9.434453125000001
v 1.405926875 1.323466875 -9.433085
v 1.4363425 1.3802725 -9.233615
v 1.423109375 1.39754875 -9.237964375
v 1.441125 1.449096875 -9.037054375
v 1.427890625 1.466374375 -9.041405000000001
v 1.446891875 1.51139875 -8.841196875
v 1.4336575 1.52878125 -8.845546875
v 1.427579375 1.62882125 -8.48239125
v 1.428331875 1.648315 -8.382289375
v 1.16439375 0.526811875 -10.51710875
v 1.23281375 0.550513125 -10.320383750000001
v 1.43657875 1.759566875 -7.301214375
v 1.43770875 1.36078375 -7.307660625
v 1.43657875 1.759566875 -7.301214375
v 1.43770875 1.36078375 -7.307660625
v 1.0145775000000001 -0.5606618750000001 -8.966058125
v 1.0052937499999999 -0.536569375 -9.02927
v 1.00805625 -0.5450956250000001 -9.073449375
v 0.99832125 -0.514296875 -9.165256875
v 0.9944968749999998 -0.529448125 -9.207995
v 0.985189375 -0.49183374999999996 -9.303398125000001
v 0.97477875 -0.51350375 -9.344691874999999
v 0.965459375 -0.46897187500000004 -9.443690625
v 0.9546012500000001 -0.501353125 -9.449188125
v 0.94571125 -0.45147375 -9.55034625
v 0.9348624999999999 -0.48920062499999994 -9.552967500000001
v 0.9259656249999999 -0.434083125 -9.657715625
v 0.9037081250000001 -0.472668125 -9.69468375
v 0.8952374999999999 -0.410316875 -9.803028125
v 0.8641937500000001 -0.45594999999999997 -9.838553125
v 0.8557112500000001 -0.38636812499999995 -9.95121
v 0.8123612499999999 -0.439263125 -9.98315
v 0.8047456249999998 -0.36223562499999995 -10.0994025
v 0.7515731250000002 -0.339966875 -10.236145
v 0.75876125 -0.4238075 -10.1162975
v 0.8186606250000001 -0.5020275 -10.017087499999999
v 0.8709212499999999 -0.512835 -9.872506875
v 0.910420625 -0.5235675 -9.7279375
v 0.9420031249999998 -0.5342225 -9.586236249999999
v 0.9621706250000002 -0.5419631250000001 -9.481753125000001
v 0.9823387499999998 -0.54980875 -9.37727
v 1.002485 -0.560084375 -9.24058625
v 1.0155925 -0.570170625 -9.106056875
v 1.0225412500000002 -0.5801700000000001 -8.972963125
v 0.8308343749999998 -0.620623125 -10.057536875
v 0.8835062499999999 -0.6200818749999999 -9.908693125
v 0.9238581250000002 -0.6195706249999999 -9.760576875
v 0.955853125 -0.6190850000000001 -9.614613125
v 0.9760006250000002 -0.618735625 -9.507289375
v 0.9965875 -0.6183825000000001 -9.39925
v 1.0167068750000001 -0.6179406249999999 -9.25902
v 1.0302275 -0.6175174999999999 -9.120225625
v 1.0371506250000002 -0.6171156250000001 -8.9835825
v 0.7763925 -0.6211368749999999 -10.194934374999999
v 0.7650731249999998 -0.492135 -10.150220000000001
v 0.730731875 -0.6215668750000001 -10.310149375
v 0.7198306250000002 -0.48373937499999997 -10.262596875
v 0.6916606249999999 -0.6219481250000001 -10.41319625
v 0.6816193749999999 -0.47634 -10.362087500000001
v 0.6543481249999998 -0.62231875 -10.514095625
v 0.6447275000000001 -0.46914374999999997 -10.460145625
v 0.60823625 -0.622711875 -10.61571875
v 0.599034375 -0.46238187500000005 -10.55606375
v 0.5045293750000002 -0.6233850000000001 -10.7696125
v 0.49705125000000017 -0.45397 -10.690665
v 0.410015 -0.62388 -10.867699375
v 0.40383250000000004 -0.44948437500000005 -10.773025
v 0.2996500000000002 -0.6243762500000001 -10.953638125
v 0.29520750000000007 -0.44605249999999996 -10.84466625
v 0.7143887499999999 -0.41079125000000005 -10.228685625
v 0.67616875 -0.39919375 -10.328186875
v 0.6392674999999999 -0.38790187499999995 -10.425540625
v 0.7076312499999999 -0.321391875 -10.350693125
v 0.6698418749999999 -0.304763125 -10.45307
v 0.6333725000000001 -0.28854562500000003 -10.553298125
v 0.5944443750000001 -0.377458125 -10.51932125
v 0.49288374999999984 -0.36429687499999996 -10.645350625
v 0.40053312499999993 -0.35705937499999996 -10.720564375
v 0.29277750000000013 -0.35161312499999997 -10.78577125
v 0.5885387500000001 -0.27337750000000005 -10.647091875
v 0.4882806249999998 -0.254421875 -10.76669625
v 0.39679687500000016 -0.24391062500000005 -10.835479375
v 1.0064825000000002 -0.5819875000000001 -8.758018125
v 0.8847462500000001 -0.028523750000000014 -10.86496875
v 0.8104874999999998 -0.028501249999999978 -10.982354375
v 0.6698418749999999 -0.304763125 -10.45307
v 0.6333725000000001 -0.28854562500000003 -10.553298125
v 0.5885387500000001 -0.27337750000000005 -10.647091875
v 0.4882806249999998 -0.254421875 -10.76669625
v 0.39679687500000016 -0.24391062500000005 -10.835479375
v 0.2899099999999999 -0.23582000000000003 -10.894254375
v 0.176420625 -0.23159062500000005 -10.93943125
v 0.06204125000000005 -0.23077187499999996 -10.965285625
v 0.39679687500000016 -0.24391062500000005 -10.835479375
v 0.2899099999999999 -0.23582000000000003 -10.894254375
v 0.40053312499999993 -0.35705937499999996 -10.720564375
v 0.29277750000000013 -0.35161312499999997 -10.78577125
v 0.176420625 -0.23159062500000005 -10.93943125
v 0.17841312500000006 -0.34875812500000003 -10.833806875
v 0.1799693750000002 -0.44436624999999996 -10.8969925
v 0.06339249999999996 -0.44418625 -10.9242775
v 0.06271562500000005 -0.34826 -10.860376875
v 0.29520750000000007 -0.44605249999999996 -10.84466625
v 0.7515731250000002 -0.339966875 -10.236145
v 0.1799693750000002 -0.44436624999999996 -10.8969925
v 0.06339249999999996 -0.44418625 -10.9242775
v 0.06477062499999997 -0.6251724999999999 -11.043975625
v 0.1831037499999999 -0.6248175 -11.014544375
v 0.29520750000000007 -0.44605249999999996 -10.84466625
v 0.1799693750000002 -0.44436624999999996 -10.8969925
v 0.1831037499999999 -0.6248175 -11.014544375
v 0.2996500000000002 -0.6243762500000001 -10.953638125
v 1.0285175 -0.6100243750000001 -8.758003125
v 1.03732375 -0.6164775 -8.757619375
v 1.02105875 -0.59826625 -8.758075
v 1.02105875 -0.59826625 -8.758075
v 0.06204125000000005 -0.23077187499999996 -10.965285625
v 0.06271562500000005 -0.34826 -10.860376875
v 0.17841312500000006 -0.34875812500000003 -10.833806875
v 0.176420625 -0.23159062500000005 -10.93943125
v 0.7024431249999998 -0.069943125 -10.995229375
v 0.5463637499999998 -0.11291062500000004 -11.01717875
v 0.4310681249999999 -0.136953125 -11.0320275
v 0.3099850000000002 -0.1482325 -11.062306875
v 0.1869274999999999 -0.15579187500000002 -11.087258125
v 0.06529312500000017 -0.15912187499999997 -11.10380875
v -0.06204125000000005 -0.23077187499999996 -10.965285625
v 0.06204125000000005 -0.23077187499999996 -10.965285625
v 0.06339249999999996 -0.44418625 -10.9242775
v 0.06477062499999997 -0.6251724999999999 -11.043975625
v -0.06339249999999996 -0.44418625 -10.9242775
v -0.06477062499999997 -0.6251724999999999 -11.043975625
v 0.06271562500000005 -0.34826 -10.860376875
v -0.06271562500000005 -0.34826 -10.860376875
v -0.06204125000000005 -0.23077187499999996 -10.965285625
v -0.06271562500000005 -0.34826 -10.860376875
v 0.06271562500000005 -0.34826 -10.860376875
v 0.06204125000000005 -0.23077187499999996 -10.965285625
v -0.06529312500000017 -0.15912187499999997 -11.10380875
v 0.06529312500000017 -0.15912187499999997 -11.10380875
v -1.2953343750000004 2.3576268750000002 -7.394788125
v -1.1750875 2.3566275 -7.66019125
v -1.2701112500000002 2.342944375 -7.38382875
v -1.1494212499999996 2.3419443749999997 -7.6492325
v -1.381808125 1.793460625 -7.822568125
v -1.169043125 1.772180625 -8.384755
v -1.407473125 1.808144375 -7.8335275
v -1.1947093750000004 1.78686375 -8.395713125
v -0.10625687500000014 2.3425868750000003 -8.07543375
v -1.0073362499999998 2.3454525 -7.76834
v -0.1124218749999999 2.3642531250000003 -8.091214375
v -1.0135025000000004 2.36711875 -7.784120625
v -0.1144418749999998 1.784916875 -8.93612875
v -1.0349306250000003 1.788081875 -8.536026249999999
v -0.1082774999999998 1.763133125 -8.92103
v -1.0292087499999996 1.766299375 -8.52092875
v -1.309360625 2.35291125 -6.895435
v -1.3010912499999998 2.35291125 -7.214404375
v -1.4129312499999997 1.800501875 -6.893960625
v -1.4132156250000003 1.800501875 -7.21536875
v -1.3248100000000003 2.3556356249999997 -6.895435
v -1.316540625 2.3556356249999997 -7.214404375
v -1.428380625 1.80322625 -6.893960625
v -1.4286649999999996 1.80322625 -7.21536875
v -1.4117331249999996 1.802285 -7.31274125
v -1.4128949999999998 1.805858125 -7.7288625
v -1.4271824999999998 1.805009375 -7.31274125
v -1.428344375 1.8085825 -7.7288625
v -1.4385731249999996 1.76139375 -7.821748125
v -1.2995481250000003 2.4191656249999998 -7.3040125
v -1.301410625 2.4243337499999997 -7.25948
v -1.3181168750000003 2.427055625 -6.59375
v -1.4364474999999999 1.75933125 -7.26372625
v -1.4375 1.750000625 -6.59375
v -1.4364474999999999 1.75933125 -7.26372625
v -1.301410625 2.4243337499999997 -7.25948
v -1.4366368749999996 1.759515 -7.313388125
v -1.316540625 2.3556356249999997 -7.214404375
v -1.3248100000000003 2.3556356249999997 -6.895435
v -1.428380625 1.80322625 -6.893960625
v -1.4286649999999996 1.80322625 -7.21536875
v -1.4271824999999998 1.805009375 -7.31274125
v -1.4284987500000002 1.8090575 -7.784231875
v -1.3123718750000002 2.357459375 -7.304889375
v -1.312648125 2.357185625 -7.3527975
v -1.428344375 1.8085825 -7.7288625
v -1.2701112500000002 2.342944375 -7.38382875
v -1.381808125 1.793460625 -7.822568125
v -1.2953343750000004 2.3576268750000002 -7.394788125
v -1.407473125 1.808144375 -7.8335275
v -1.1750875 2.3566275 -7.66019125
v -1.1947093750000004 1.78686375 -8.395713125
v -1.1494212499999996 2.3419443749999997 -7.6492325
v -1.169043125 1.772180625 -8.384755
v -0.03801312499999998 1.729401875 -9.037256875
v -0.035646874999999856 2.41428625 -8.047656875000001
v -0.1144418749999998 1.784916875 -8.93612875
v -0.1124218749999999 2.3642531250000003 -8.091214375
v -1.0908181250000002 2.4176425 -7.6877825
v -1.0135025000000004 2.36711875 -7.784120625
v -1.1165656249999998 1.733109375 -8.56864375
v -1.0349306250000003 1.788081875 -8.536026249999999
v -1.1519762499999997 1.73326375 -8.5412625
v -1.1275593749999997 2.417791875 -7.663135
v -1.1519762499999997 1.73326375 -8.5412625
v -1.17984125 1.7334525 -8.495426250000001
v -1.1275593749999997 2.417791875 -7.663135
v -1.156311875 2.4179775 -7.61935
v -1.1947093750000004 1.78686375 -8.395713125
v -1.1750875 2.3566275 -7.66019125
v -1.2995481250000003 2.4191656249999998 -7.3040125
v -1.2953343750000004 2.3576268750000002 -7.394788125
v -1.1947093750000004 1.78686375 -8.395713125
v -1.17984125 1.7334525 -8.495426250000001
v -1.407473125 1.808144375 -7.8335275
v -1.4385731249999996 1.761393125 -7.821748125
v -1.2953343750000004 2.3576268750000002 -7.394788125
v -1.2995481250000003 2.4191656249999998 -7.3040125
v -1.0073362499999998 2.3454525 -7.76834
v -1.0292087499999996 1.766299375 -8.52092875
v -1.0135025000000004 2.36711875 -7.784120625
v -1.0349306250000003 1.788081875 -8.536026249999999
v -0.1124218749999999 2.3642531250000003 -8.091214375
v -0.1144418749999998 1.784916875 -8.93612875
v -0.10625687500000014 2.3425868750000003 -8.07543375
v -0.1082774999999998 1.763133125 -8.92103
v -1.3010912499999998 2.35291125 -7.214404375
v -1.4132156250000003 1.800501875 -7.21536875
v -1.316540625 2.3556356249999997 -7.214404375
v -1.4286649999999996 1.80322625 -7.21536875
v -1.2969225 2.354735 -7.304889375
v -1.2969225 2.354735 -7.304889375
v -1.4117331249999996 1.802285 -7.31274125
v -1.4128949999999998 1.805858125 -7.7288625
v -1.3123718750000002 2.357459375 -7.304889375
v -1.3123718750000002 2.357459375 -7.304889375
v -1.4271824999999998 1.805009375 -7.31274125
v -1.428344375 1.8085825 -7.7288625
v -1.109870625 2.4460474999999997 -7.633181875
v -1.1275593749999997 2.417791875 -7.663135
v -1.1399475 2.446221875 -7.59440375
v -1.156311875 2.4179775 -7.61935
v -1.2924431250000001 2.448079375 -7.303381875
v -1.2995481250000003 2.4191656249999998 -7.3040125
v -1.314215625 2.450981875 -6.58901625
v -1.3181168750000003 2.427055625 -6.59375
v -0.031919375000000194 2.634188125 -4.4135875
v -0.03394937500000017 2.629305625 -6.785774375
v -0.9657324999999997 2.555313125 -4.46875
v -0.9866943749999999 2.56050625 -6.78405375
v -1.314215625 2.450981875 -6.58901625
v -0.9879674999999999 2.55914625 -7.2426075
v -1.2924431250000001 2.448079375 -7.303381875
v -1.0013174999999999 2.5448925 -7.38134
v -1.1399475 2.446221875 -7.59440375
v -1.109870625 2.4460474999999997 -7.633181875
v -0.034342500000000165 2.628045625 -7.244329375
v -0.03459562500000013 2.602369375 -7.474611875
v -0.035545625000000136 2.442923125 -8.004813125
v -0.035646874999999856 2.41428625 -8.047656875000001
v -1.1275593749999997 2.417791875 -7.663135
v -1.0908181250000002 2.4176425 -7.6877825
v -1.0790825000000002 2.4459581249999998 -7.643831875
v -1.3181168750000003 2.427055625 -6.59375
v -1.3181168750000003 2.427055625 -4.46875
v -0.9657324999999997 2.555313125 -4.46875
v -1.314215625 2.450981875 -6.58901625
v -1.163175625 2.9135475 -4.812143125
v -1.174029375 2.868353125 -4.815326875
v -1.163175625 2.92990375 -4.4375
v -1.174029375 2.868353125 -4.4375
v -1.0828268750000003 3.0093025 -4.812143125
v -1.163175625 2.913546875 -4.812143125
v -1.0828268750000003 3.02565875 -4.4375
v -1.163175625 2.92990375 -4.4375
v -0.9719506249999998 3.06702125 -4.812143125
v -1.0828268750000003 3.0093025 -4.812143125
v -0.9719506249999998 3.0833775 -4.4375
v -1.0828274999999996 3.025659375 -4.4375
v -1.1740287499999997 2.868353125 -4.4375
v -1.25 2.4375 -4.4375
v -1.1740287499999997 2.868353125 -4.815326875
v -1.18605625 2.4836775 -5.87303
v -1.0828268750000003 2.9551925 -5.0562168750000005
v -1.163175625 2.8594375 -5.0562168750000005
v -1.0828268750000003 2.521331875 -6.10837
v -1.163175625 2.49227375 -5.946625
v -0.9719506249999998 3.01291125 -5.0562168750000005
v -1.0828268750000003 2.9551925 -5.0562168750000005
v -1.0828268750000003 2.520961875 -6.1092675
v -0.9719506249999998 2.558091875 -6.159196875
v -0.34932937499999994 3.06738375 -5.0562168750000005
v -0.34932937499999994 2.60077375 -6.187790625
v -0.9719506249999998 3.01291125 -5.0562168750000005
v -0.9719506249999998 2.556074375 -6.164089375
v -1.0828268750000003 3.0093025 -4.812143125
v -1.0828268750000003 2.9551925 -5.0562175
v -1.163175625 2.9135475 -4.812143125
v -1.163175625 2.8594375 -5.0562168750000005
v -0.9719506249999998 3.06702125 -4.812143125
v -0.9719506249999998 3.01291125 -5.0562175
v -1.0828268750000003 3.0093025 -4.812143125
v -1.0828268750000003 2.9551925 -5.0562168750000005
v -0.34932937499999994 3.12149375 -4.812143125
v -0.34932937499999994 3.06738375 -5.0562175
v -0.9719506249999998 3.06702125 -4.812143125
v -0.9719506249999998 3.01291125 -5.0562175
v -0.34932937499999994 3.137850625 -4.4375
v -0.34932937499999994 3.121493125 -4.8121425
v -0.9719506249999998 3.083378125 -4.4375
v -0.9719506249999998 3.067020625 -4.812143125
v -1.163175625 2.9135475 -4.812143125
v -1.1740287499999997 2.868353125 -4.81532625
v -1.163175625 2.8594375 -5.0562168750000005
v -1.1860274999999998 2.484593125 -5.870511875
v -1.163175625 2.493085 -5.944656875
v -1.4375 1.74931 -6.59375
v -1.4375625000000003 0.4375 -6.59375
v -1.4374487499999997 1.7622775 -7.549164375
v -1.458351875 0.505581875 -7.546156875
v -1.3928818749999996 0.06962499999999999 -7.544381875
v -1.444956875 0.65956375 -8.393165
v -1.3916050000000002 0.08146062500000001 -8.395016250000001
v -1.4437100000000003 0.659113125 -8.477579375000001
v -1.3822718749999998 -0.012905 -8.479438125
v -1.3718168750000004 -0.013847500000000013 -8.840751874999999
v -1.3708737500000003 -0.028492499999999976 -8.488706875
v -1.3617324999999996 -0.028368125000000022 -8.84501375
v -1.0052937499999999 -0.536569375 -9.02927
v -0.99832125 -0.514296875 -9.165256875
v -1.440245 1.630410625 -8.3757925
v -1.439936875 1.610593125 -8.479469375
v -1.4354525000000002 0.65593 -8.841720625
v -1.3542162500000003 -0.014381874999999988 -9.03751125
v -1.3450100000000003 -0.028373749999999975 -9.041058125
v -1.3176356250000003 -0.028281875000000012 -9.23639125
v -0.985189375 -0.49183374999999996 -9.303398125000001
v -0.965459375 -0.46897187500000004 -9.443690625
v -1.4468918750000004 1.51139875 -8.841196875
v -1.4332137500000002 0.651973125 -9.039170625
v -1.3264056249999996 -0.014927499999999982 -9.234989375
v -1.2858625000000004 -0.028305625 -9.431728750000001
v -0.9457112499999996 -0.45147375 -9.55034625
v -1.4411250000000004 1.449096875 -9.037054375
v -1.4335899999999997 0.64538375 -9.236059375
v -1.293755 -0.015586875 -9.431755625000001
v -1.261528125 -0.028280000000000027 -9.578412499999999
v -0.9259656249999999 -0.434083125 -9.657715625
v -1.4210462499999998 0.636155 -9.43318625
v -1.2689818749999997 -0.015983124999999987 -9.579155
v -1.2371937500000003 -0.028256249999999983 -9.72581375
v -0.8952374999999999 -0.410316875 -9.803028125
v -1.4182912500000002 1.303861875 -9.434453125000001
v -1.402288125 0.625806875 -9.580709375
v -1.2442087500000003 -0.016486875000000012 -9.727269374999999
v -1.1974999999999998 -0.028298125000000007 -9.921156875000001
v -0.8557112500000001 -0.38636812499999995 -9.95121
v -1.3912693750000003 1.243445 -9.582398125000001
v -1.3800862499999997 0.615561875 -9.728790625
v -1.2045181249999999 -0.017163749999999978 -9.924042499999999
v -1.1528768749999996 -0.028233750000000002 -10.117215625
v -0.8047456249999998 -0.36223562499999995 -10.0994025
v -1.3646881249999998 1.182714375 -9.730342499999999
v -1.3484474999999998 0.59599375 -9.92622625
v -1.1590175 -0.017732499999999984 -10.120815
v -1.0983943749999998 -0.028266875000000025 -10.312555
v -0.7515731250000002 -0.339966875 -10.236145
v -1.3161975000000004 1.097979375 -9.922595000000001
v -1.2963943750000002 0.5736806249999999 -10.12294625
v -1.1049775000000004 -0.018400625000000004 -10.318299374999999
v -1.0438068749999996 -0.019068750000000023 -10.51506875
v -0.9657331249999999 -0.01973562499999998 -10.708265
v -0.9591456249999997 -0.028336874999999984 -10.7003775
v -0.8904568749999999 -0.020351249999999987 -10.87500125
v -0.8847462500000001 -0.028523750000000014 -10.86496875
v -0.8153199999999998 -0.020963125000000027 -10.993101875
v -0.8104874999999998 -0.028501249999999978 -10.982354375
v -0.6698418749999999 -0.304763125 -10.45307
v -0.7076312499999999 -0.321391875 -10.350693125
v -1.3765456250000003 -0.028635624999999998 -8.432185624999999
v -1.0064824999999997 -0.5819875000000001 -8.758018125
v -1.4363425000000003 1.3802725 -9.233615
v -0.8806568750000001 0.5201375 -11.075708125
v -0.8982712500000001 0.508041875 -11.073853125
v -0.925236875 0.44641125 -11.06365
v -1.0121518749999998 0.47542 -10.898399375
v -1.0915749999999997 0.5021575 -10.713119375
v -0.9744793749999996 0.602851875 -10.904495625
v -1.0515350000000003 0.70423125 -10.71441
v -0.9603593750000003 0.62066625 -10.90384
v -1.1232993750000002 0.808240625 -10.5178975
v -1.038293125 0.7228893750000001 -10.71304
v -1.1104975000000001 0.827106875 -10.517243125
v -1.193303125 0.910790625 -10.31637375
v -1.1791887499999998 0.9277525 -10.32000875
v -1.2576043749999997 1.007119375 -10.119847499999999
v -1.243930625 1.0242925 -10.123481875
v -1.3025231249999996 1.115258125 -9.926229375
v -1.3646881249999998 1.182714375 -9.730342499999999
v -1.351886875 1.20147625 -9.729688750000001
v -1.3912693750000003 1.243445 -9.582398125000001
v -1.37890625 1.262628125 -9.581745
v -1.4182912500000002 1.303861875 -9.434453125000001
v -1.4059268749999996 1.323466875 -9.433085
v -1.4363425000000003 1.3802725 -9.233615
v -1.4231093750000001 1.39754875 -9.237964375
v -1.4411250000000004 1.449096875 -9.037054375
v -1.4278906249999999 1.466374375 -9.041405000000001
v -1.4468918750000004 1.51139875 -8.841196875
v -1.4336574999999998 1.52878125 -8.845546875
v -1.4275793749999997 1.62882125 -8.48239125
v -1.4283318749999996 1.648315 -8.382289375
v -1.1643937500000003 0.526811875 -10.51710875
v -1.23281375 0.550513125 -10.320383750000001
v -1.4365787499999998 1.759566875 -7.301214375
v -1.4377087499999996 1.36078375 -7.307660625
v -1.4365787499999998 1.759566875 -7.301214375
v -1.4377087499999996 1.36078375 -7.307660625
v -1.0915749999999997 0.5021575 -10.713119375
v -0.8904568749999999 -0.020351249999999987 -10.87500125
v -0.9657331249999999 -0.01973562499999998 -10.708265
v -1.0121518749999998 0.47542 -10.898399375
v -1.3718168750000004 -0.013847500000000013 -8.840751874999999
v -1.4354525000000002 0.65593 -8.841720625
v -1.3542162500000003 -0.014381874999999988 -9.03751125
v -1.4332137500000002 0.651973125 -9.039170625
v -1.3264056249999996 -0.014927499999999982 -9.234989375
v -1.4335899999999997 0.64538375 -9.236059375
v -1.293755 -0.015586875 -9.431755625000001
v -1.4210462499999998 0.636155 -9.43318625
v -1.2689818749999997 -0.015983124999999987 -9.579155
v -1.402288125 0.625806875 -9.580709375
v -1.2442087500000003 -0.016486875000000012 -9.727269374999999
v -1.3800862499999997 0.615561875 -9.728790625
v -1.2045181249999999 -0.017163749999999978 -9.924042499999999
v -1.3484474999999998 0.59599375 -9.92622625
v -1.1590175 -0.017732499999999984 -10.120815
v -1.2963943750000002 0.5736806249999999 -10.12294625
v -1.1049775000000004 -0.018400625000000004 -10.318299374999999
v -1.0438068749999996 -0.019068750000000023 -10.51506875
v -0.9657331249999999 -0.01973562499999998 -10.708265
v -0.925236875 0.44641125 -11.06365
v -1.0121518749999998 0.47542 -10.898399375
v -0.8153199999999998 -0.020963125000000027 -10.993101875
v -0.8904568749999999 -0.020351249999999987 -10.87500125
v -1.0915749999999997 0.5021575 -10.713119375
v -1.1643937500000003 0.526811875 -10.51710875
v -1.23281375 0.550513125 -10.320383750000001
v -1.3928818749999996 0.06962499999999999 -7.544381875
v -1.437561875 0.43748875 -6.59375
v -1.4375625000000003 0.4375 -6.59375
v -1.458351875 0.505581875 -7.546156875
v -1.3928818749999996 0.06962499999999999 -7.544381875
v -1.3724437500000004 0.06818625 -6.59375
v -1.0145774999999997 -0.5606618750000001 -8.966058125
v -1.0052937499999999 -0.536569375 -9.02927
v -1.00805625 -0.5450956250000001 -9.073449375
v -0.99832125 -0.514296875 -9.165256875
v -0.9944968750000003 -0.529448125 -9.207995
v -0.985189375 -0.49183374999999996 -9.303398125000001
v -0.9747787499999996 -0.51350375 -9.344691874999999
v -0.965459375 -0.46897187500000004 -9.443690625
v -0.9546012499999996 -0.501353125 -9.449188125
v -0.9457112499999996 -0.45147375 -9.55034625
v -0.9348624999999999 -0.48920062499999994 -9.552967500000001
v -0.9259656249999999 -0.434083125 -9.657715625
v -0.9037081250000001 -0.472668125 -9.69468375
v -0.8952374999999999 -0.410316875 -9.803028125
v -0.8641937500000001 -0.45594999999999997 -9.838553125
v -0.8557112500000001 -0.38636812499999995 -9.95121
v -0.8123612499999999 -0.439263125 -9.98315
v -0.8047456249999998 -0.36223562499999995 -10.0994025
v -0.7515731250000002 -0.339966875 -10.236145
v -0.75876125 -0.4238075 -10.1162975
v -0.8186606250000001 -0.5020275 -10.017087499999999
v -0.8709212499999999 -0.512835 -9.872506875
v -0.910420625 -0.5235675 -9.7279375
v -0.9420031250000003 -0.5342225 -9.586236249999999
v -0.9621706249999997 -0.5419631250000001 -9.481753125000001
v -0.9823387500000003 -0.54980875 -9.37727
v -1.002485 -0.560084375 -9.24058625
v -1.0155925000000003 -0.570170625 -9.106056875
v -1.0225412499999997 -0.5801700000000001 -8.972963125
v -0.8308343749999998 -0.620623125 -10.057536875
v -0.8835062499999999 -0.6200818749999999 -9.908693125
v -0.9238581250000002 -0.6195706249999999 -9.760576875
v -0.955853125 -0.6190850000000001 -9.614613125
v -0.9760006250000002 -0.618735625 -9.507289375
v -0.9965875000000004 -0.6183825000000001 -9.39925
v -1.0167068749999997 -0.6179406249999999 -9.25902
v -1.0302274999999996 -0.6175174999999999 -9.120225625
v -1.0371506249999998 -0.6171156250000001 -8.9835825
v -0.7763925 -0.6211368749999999 -10.194934374999999
v -0.7650731249999998 -0.492135 -10.150220000000001
v -0.730731875 -0.6215668750000001 -10.310149375
v -0.7198306250000002 -0.48373937499999997 -10.262596875
v -0.6916606249999999 -0.6219481250000001 -10.41319625
v -0.6816193749999999 -0.47634 -10.362087500000001
v -0.6543481249999998 -0.62231875 -10.514095625
v -0.6447275000000001 -0.46914374999999997 -10.460145625
v -0.60823625 -0.622711875 -10.61571875
v -0.599034375 -0.46238187500000005 -10.55606375
v -0.5045293750000002 -0.6233850000000001 -10.7696125
v -0.49705125000000017 -0.45397 -10.690665
v -0.410015 -0.62388 -10.867699375
v -0.40383250000000004 -0.44948437500000005 -10.773025
v -0.2996500000000002 -0.6243762500000001 -10.953638125
v -0.29520750000000007 -0.44605249999999996 -10.84466625
v -0.7143887499999999 -0.41079125000000005 -10.228685625
v -0.67616875 -0.39919375 -10.328186875
v -0.6392674999999999 -0.38790187499999995 -10.425540625
v -0.7076312499999999 -0.321391875 -10.350693125
v -0.6698418749999999 -0.304763125 -10.45307
v -0.6333725000000001 -0.28854562500000003 -10.553298125
v -0.5944443750000001 -0.377458125 -10.51932125
v -0.49288374999999984 -0.36429687499999996 -10.645350625
v -0.40053312499999993 -0.35705937499999996 -10.720564375
v -0.29277750000000013 -0.35161312499999997 -10.78577125
v -0.5885387500000001 -0.27337750000000005 -10.647091875
v -0.4882806249999998 -0.254421875 -10.76669625
v -0.39679687500000016 -0.24391062500000005 -10.835479375
v -1.0064824999999997 -0.5819875000000001 -8.758018125
v -0.8847462500000001 -0.028523750000000014 -10.86496875
v -0.8104874999999998 -0.028501249999999978 -10.982354375
v -0.6698418749999999 -0.304763125 -10.45307
v -0.6333725000000001 -0.28854562500000003 -10.553298125
v -0.5885387500000001 -0.27337750000000005 -10.647091875
v -0.4882806249999998 -0.254421875 -10.76669625
v -0.39679687500000016 -0.24391062500000005 -10.835479375
v -0.2899099999999999 -0.23582000000000003 -10.894254375
v -0.176420625 -0.23159062500000005 -10.93943125
v -0.06204125000000005 -0.23077187499999996 -10.965285625
v -0.39679687500000016 -0.24391062500000005 -10.835479375
v -0.2899099999999999 -0.23582000000000003 -10.894254375
v -0.40053312499999993 -0.35705937499999996 -10.720564375
v -0.29277750000000013 -0.35161312499999997 -10.78577125
v -0.176420625 -0.23159062500000005 -10.93943125
v -0.17841312500000006 -0.34875812500000003 -10.833806875
v -0.1799693750000002 -0.44436624999999996 -10.8969925
v -0.06339249999999996 -0.44418625 -10.9242775
v -0.06271562500000005 -0.34826 -10.860376875
v -0.29520750000000007 -0.44605249999999996 -10.84466625
v -0.7515731250000002 -0.339966875 -10.236145
v -0.1799693750000002 -0.44436624999999996 -10.8969925
v -0.06339249999999996 -0.44418625 -10.9242775
v -0.06477062499999997 -0.6251724999999999 -11.043975625
v -0.1831037499999999 -0.6248175 -11.014544375
v -0.29520750000000007 -0.44605249999999996 -10.84466625
v -0.1799693750000002 -0.44436624999999996 -10.8969925
v -0.1831037499999999 -0.6248175 -11.014544375
v -0.2996500000000002 -0.6243762500000001 -10.953638125
v -1.0285175000000004 -0.6100243750000001 -8.758003125
v -1.0373237499999997 -0.6164775 -8.757619375
v -1.02105875 -0.59826625 -8.758075
v -1.02105875 -0.59826625 -8.758075
v -0.06204125000000005 -0.23077187499999996 -10.965285625
v -0.06271562500000005 -0.34826 -10.860376875
v -0.17841312500000006 -0.34875812500000003 -10.833806875
v -0.176420625 -0.23159062500000005 -10.93943125
v -0.7024431249999998 -0.069943125 -10.995229375
v -0.5463637499999998 -0.11291062500000004 -11.01717875
v -0.4310681249999999 -0.136953125 -11.0320275
v -0.3099850000000002 -0.1482325 -11.062306875
v -0.1869274999999999 -0.15579187500000002 -11.087258125
v -0.06529312500000017 -0.15912187499999997 -11.10380875
v 1.392881875 0.06962499999999999 -7.544381875
v 1.437561875 0.43748875 -6.59375
v 1.4375625 0.4375 -6.59375
v 1.458351875 0.505581875 -7.546156875
v 1.392881875 0.06962499999999999 -7.544381875
v 1.37244375 0.06818625 -6.59375
v 1.091575 0.5021575 -10.713119375
v 0.8904568749999999 -0.020351249999999987 -10.87500125
v 0.9657331249999999 -0.01973562499999998 -10.708265
v 1.0121518749999998 0.47542 -10.898399375
v 1.371816875 -0.013847500000000013 -8.840751874999999
v 1.4354525 0.65593 -8.841720625
v 1.35421625 -0.014381874999999988 -9.03751125
v 1.43321375 0.651973125 -9.039170625
v 1.326405625 -0.014927499999999982 -9.234989375
v 1.43359 0.64538375 -9.236059375
v 1.293755 -0.015586875 -9.431755625000001
v 1.42104625 0.636155 -9.43318625
v 1.268981875 -0.015983124999999987 -9.579155
v 1.402288125 0.625806875 -9.580709375
v 1.24420875 -0.016486875000000012 -9.727269374999999
v 1.38008625 0.615561875 -9.728790625
v 1.204518125 -0.017163749999999978 -9.924042499999999
v 1.3484475 0.59599375 -9.92622625
v 1.1590175 -0.017732499999999984 -10.120815
v 1.296394375 0.5736806249999999 -10.12294625
v 1.1049775 -0.018400625000000004 -10.318299374999999
v 1.043806875 -0.019068750000000023 -10.51506875
v 0.9657331249999999 -0.01973562499999998 -10.708265
v 0.925236875 0.44641125 -11.06365
v 1.0121518749999998 0.47542 -10.898399375
v 0.8153199999999998 -0.020963125000000027 -10.993101875
v 0.8904568749999999 -0.020351249999999987 -10.87500125
v 1.091575 0.5021575 -10.713119375
v 1.16439375 0.526811875 -10.51710875
v 1.23281375 0.550513125 -10.320383750000001
v -1.4375625000000003 0.4375 -6.59375
v -1.4374487499999997 1.7622775 -7.549164375
v -1.458351875 0.505581875 -7.546156875
v -1.444956875 0.65956375 -8.393165
v -1.4358456249999998 1.762485 -7.73445
v -1.440245 1.630410625 -8.3757925
v -1.4377087499999996 1.36078375 -7.307660625
v -1.4377087499999996 1.36078375 -7.307660625
v 1.4375625 0.4375 -6.59375
v 1.43744875 1.7622775 -7.549164375
v 1.458351875 0.505581875 -7.546156875
v 1.444956875 0.65956375 -8.393165
v 1.435845625 1.762485 -7.73445
v 1.440245 1.630410625 -8.3757925
v 1.43770875 1.36078375 -7.307660625
v 1.43770875 1.36078375 -7.307660625
v -0.9603593750000003 0.62066625 -10.90384
v -0.785965 0.6972725 -10.917786875
v -0.6226212499999999 0.7502893749999999 -10.93023
v -0.4620868749999998 0.7485675 -11.00047
v -0.3310081249999999 0.747196875 -11.0442175
v -0.3054674999999998 0.755023125 -11.03996875
v -0.2886812499999998 0.775315625 -11.0142825
v -0.8806568750000001 0.5201375 -11.075708125
v -0.29259187499999983 0.692616875 -11.13293125
v -0.27730187500000003 0.694751875 -11.1331575
v -0.7506893749999999 0.58667375 -11.087625625
v -0.5983225000000001 0.634991875 -11.103028125
v -0.44611 0.668736875 -11.119755625
v -0.3461106250000001 0.684394375 -11.12923875
v 0.9603593749999999 0.62066625 -10.90384
v 0.785965 0.6972725 -10.917786875
v 0.6226212499999999 0.7502893749999999 -10.93023
v 0.4620868749999998 0.7485675 -11.00047
v 0.3310081249999999 0.747196875 -11.0442175
v 0.3054674999999998 0.755023125 -11.03996875
v 0.2886812499999998 0.775315625 -11.0142825
v 0.8806568750000001 0.5201375 -11.075708125
v 0.29259187499999983 0.692616875 -11.13293125
v 0.27730187500000003 0.694751875 -11.1331575
v 0.7506893749999999 0.58667375 -11.087625625
v 0.5983225000000001 0.634991875 -11.103028125
v 0.44611 0.668736875 -11.119755625
v 0.3461106250000001 0.684394375 -11.12923875
v -0.2886812499999998 0.775315625 -11.0142825
v -0.09797000000000011 0.839086875 -10.95094875
v -0.2881231249999998 0.9341999999999999 -10.7671875
v -0.10538250000000016 0.98135625 -10.720254375
v -0.30474250000000014 0.9616675 -10.718600625
v -0.2886812499999998 0.775315625 -11.0142825
v -0.09797000000000011 0.839086875 -10.95094875
v -0.27730187500000003 0.694751875 -11.1331575
v -0.0931112500000002 0.7103725 -11.139005
v 0.2886812499999998 0.775315625 -11.0142825
v 0.09797000000000011 0.839086875 -10.95094875
v 0.2881231249999998 0.9341999999999999 -10.7671875
v 0.10538250000000016 0.98135625 -10.720254375
v 0.30474250000000014 0.9616675 -10.718600625
v 0.2886812499999998 0.775315625 -11.0142825
v 0.09797000000000011 0.839086875 -10.95094875
v 0.27730187500000003 0.694751875 -11.1331575
v 0.0931112500000002 0.7103725 -11.139005
v -0.1119993749999999 1.09646 -10.519535625
v -0.330723125 1.0753412500000001 -10.519291875
v -0.10538250000000016 0.98135625 -10.720254375
v -0.30474250000000014 0.9616675 -10.718600625
v 0.1119993749999999 1.09646 -10.519535625
v 0.330723125 1.0753412500000001 -10.519291875
v 0.10538250000000016 0.98135625 -10.720254375
v 0.30474250000000014 0.9616675 -10.718600625
v 0.1354668750000001 1.521489375 -9.716564375
v 0.13869312500000008 1.590410625 -9.548631875
v -0.1354668750000001 1.521489375 -9.716564375
v -0.13869312500000008 1.590410625 -9.548631875
v -1.4437100000000003 0.659113125 -8.477579375000001
v -1.439936875 1.610593125 -8.479469375
v -1.4354525000000002 0.65593 -8.841720625
v -1.4468918750000004 1.51139875 -8.841196875
v 0.8125 0.8625 -10.40625
v 0.7831931249999999 0.753125 -10.40625
v 0.7831931249999999 0.753125 -10.375
v 0.7324318750000001 0.782431875 -10.40625
v 0.7324318750000001 0.782431875 -10.375
v 0.703125 0.833193125 -10.40625
v 0.703125 0.833193125 -10.375
v 0.703125 0.891806875 -10.40625
v 0.703125 0.891806875 -10.375
v 0.7324318750000001 0.942568125 -10.40625
v 0.7324318750000001 0.942568125 -10.375
v 0.7831931249999999 0.971875 -10.40625
v 0.7831931249999999 0.971875 -10.375
v 0.8418068750000001 0.971875 -10.40625
v 0.8418068750000001 0.971875 -10.375
v 0.8925681249999999 0.942568125 -10.40625
v 0.8925681249999999 0.942568125 -10.375
v 0.921875 0.891806875 -10.40625
v 0.921875 0.891806875 -10.375
v 0.921875 0.833193125 -10.40625
v 0.921875 0.833193125 -10.375
v 0.8925681249999999 0.782431875 -10.40625
v 0.8925681249999999 0.782431875 -10.375
v 0.8418068750000001 0.753125 -10.40625
v 0.8418068750000001 0.753125 -10.375
v 0.5625 0.8625 -10.51875
v 0.5331931249999999 0.753125 -10.51875
v 0.5331931249999999 0.753125 -10.375
v 0.48243187500000007 0.782431875 -10.51875
v 0.48243187500000007 0.782431875 -10.375
v 0.453125 0.833193125 -10.51875
v 0.453125 0.833193125 -10.375
v 0.453125 0.891806875 -10.51875
v 0.453125 0.891806875 -10.375
v 0.48243187500000007 0.942568125 -10.51875
v 0.48243187500000007 0.942568125 -10.375
v 0.5331931249999999 0.971875 -10.51875
v 0.5331931249999999 0.971875 -10.375
v 0.5918068750000001 0.971875 -10.51875
v 0.5918068750000001 0.971875 -10.375
v 0.6425681249999999 0.942568125 -10.51875
v 0.6425681249999999 0.942568125 -10.375
v 0.671875 0.891806875 -10.51875
v 0.671875 0.891806875 -10.375
v 0.671875 0.833193125 -10.51875
v 0.671875 0.833193125 -10.375
v 0.6425681249999999 0.782431875 -10.51875
v 0.6425681249999999 0.782431875 -10.375
v 0.5918068750000001 0.753125 -10.51875
v 0.5918068750000001 0.753125 -10.375
v -0.8125 0.8625 -10.40625
v -0.7831931249999999 0.753125 -10.40625
v -0.7831931249999999 0.753125 -10.375
v -0.7324318750000001 0.782431875 -10.40625
v -0.7324318750000001 0.782431875 -10.375
v -0.703125 0.833193125 -10.40625
v -0.703125 0.833193125 -10.375
v -0.703125 0.891806875 -10.40625
v -0.703125 0.891806875 -10.375
v -0.7324318750000001 0.942568125 -10.40625
v -0.7324318750000001 0.942568125 -10.375
v -0.7831931249999999 0.971875 -10.40625
v -0.7831931249999999 0.971875 -10.375
v -0.8418068750000001 0.971875 -10.40625
v -0.8418068750000001 0.971875 -10.375
v -0.8925681249999999 0.942568125 -10.40625
v -0.8925681249999999 0.942568125 -10.375
v -0.921875 0.891806875 -10.40625
v -0.921875 0.891806875 -10.375
v -0.921875 0.833193125 -10.40625
v -0.921875 0.833193125 -10.375
v -0.8925681249999999 0.782431875 -10.40625
v -0.8925681249999999 0.782431875 -10.375
v -0.8418068750000001 0.753125 -10.40625
v -0.8418068750000001 0.753125 -10.375
v -0.5625 0.8625 -10.51875
v -0.5331931249999999 0.753125 -10.51875
v -0.5331931249999999 0.753125 -10.375
v -0.48243187500000007 0.782431875 -10.51875
v -0.48243187500000007 0.782431875 -10.375
v -0.453125 0.833193125 -10.51875
v -0.453125 0.833193125 -10.375
v -0.453125 0.891806875 -10.51875
v -0.453125 0.891806875 -10.375
v -0.48243187500000007 0.942568125 -10.51875
v -0.48243187500000007 0.942568125 -10.375
v -0.5331931249999999 0.971875 -10.51875
v -0.5331931249999999 0.971875 -10.375
v -0.5918068750000001 0.971875 -10.51875
v -0.5918068750000001 0.971875 -10.375
v -0.6425681249999999 0.942568125 -10.51875
v -0.6425681249999999 0.942568125 -10.375
v -0.671875 0.891806875 -10.51875
v -0.671875 0.891806875 -10.375
v -0.671875 0.833193125 -10.51875
v -0.671875 0.833193125 -10.375
v -0.6425681249999999 0.782431875 -10.51875
v -0.6425681249999999 0.782431875 -10.375
v -0.5918068750000001 0.753125 -10.51875
v -0.5918068750000001 0.753125 -10.375
vt 0.7979554166666667 0.40476190476190477
vt 0.7979554166666667 0.3881282142857143
vt 0.811710119047619 0.38794065476190476
vt 0.812163630952381 0.4045681547619048
vt 0.3219910714285714 0.5654761904761905
vt 0.31566011904761904 0.5476190476190477
vt 0.3420779761904762 0.5476190476190477
vt 0.3357470238095238 0.5654761904761905
vt 0.7103113095238095 0.8988095238095238
vt 0.7108184523809524 0.9226190476190477
vt 0.685014880952381 0.9226190476190477
vt 0.6855214285714285 0.8988095238095238
vt 0.6018758928571428 0.27976190476190477
vt 0.6024247023809524 0.3035714285714286
vt 0.5776348214285714 0.3035714285714286
vt 0.5781842261904762 0.27976190476190477
vt 0.7315363095238095 0.40476190476190477
vt 0.7320839285714286 0.4285714285714286
vt 0.7083922619047619 0.4285714285714286
vt 0.7089398809523809 0.40476190476190477
vt 0.7428095238095238 0.6964285714285714
vt 0.7434410714285714 0.7202380952380952
vt 0.7208446428571429 0.7202380952380952
vt 0.7214761904761905 0.6964285714285714
vt 0.7445242261904762 0.8986577976190476
vt 0.7451545833333333 0.8766215476190476
vt 0.7652272023809523 0.8766215476190476
vt 0.7658575595238096 0.8986578571428572
vt 0.7630505952380953 0.5592261904761905
vt 0.7637565476190477 0.5830357142857143
vt 0.7436839285714286 0.5830357142857143
vt 0.744389880952381 0.5592261904761905
vt 0.6372107142857143 0.22023809523809523
vt 0.6439160714285714 0.20833333333333337
vt 0.6581255952380952 0.20833333333333337
vt 0.6648726190476191 0.22023809523809523
vt 0.762202380952381 0.5236132142857144
vt 0.7626648809523809 0.5019096428571428
vt 0.7804005952380952 0.5019096428571428
vt 0.7808630357142857 0.5236132142857144
vt 0.1130952380952381 0.3031811904761904
vt 0.1130952380952381 0.35976125000000003
vt 0.10119047619047619 0.36904761904761907
vt 0.10212410714285713 0.30227029761904756
vt 0.8277613095238094 0.22619047619047616
vt 0.836315238095238 0.21804601190476192
vt 0.8478339285714286 0.22619047619047616
vt 0.7886891071428572 0.49404761904761907
vt 0.73913125 0.49404761904761907
vt 0.7321442261904763 0.49012047619047616
vt 0.7885186904761904 0.4853099999999999
vt 0.8336653571428572 1
vt 0.8393551190476191 0.9933635714285715
vt 0.8582989285714285 1
vt 0.7347527380952381 0.88898375
vt 0.714223869047619 0.8928571428571429
vt 0.684890119047619 0.8809523809523809
vt 0.7344479761904762 0.8809523809523809
vt 0.24513375 0.17261904761904767
vt 0.23849720238095237 0.17170821428571426
vt 0.24513375 0.14798553571428574
vt 0.46577380952380953 0.1383928571428571
vt 0.4639154761904762 0.151936130952381
vt 0.4594854761904762 0.15948648809523813
vt 0.4594854761904762 0.1394684523809524
vt 0.024895595238095238 0.16097690476190474
vt 0.018259166666666667 0.16666666666666663
vt 0.018259166666666667 0.1420331547619048
vt 0.23214285714285715 0.1339285714285714
vt 0.23214285714285715 0.139827380952381
vt 0.22626005952380954 0.15372077380952376
vt 0.2261904761904762 0.14185797619047624
vt 0.8359174404761905 0.36049375000000006
vt 0.8277730357142856 0.36904761904761907
vt 0.8277730357142856 0.34897505952380947
vt 0.6307675595238096 0.5
vt 0.6351550595238096 0.5059523809523809
vt 0.6133568452380952 0.5059523809523809
vt 0.6176889880952381 0.5
vt 0.6426990476190476 0.1665565476190477
vt 0.6311104761904762 0.17261904761904767
vt 0.6311104761904762 0.1585119047619047
vt 0.08928571428571429 0.1513329166666667
vt 0.09523809523809523 0.13988095238095233
vt 0.09523809523809523 0.1550503571428572
vt 0.09638488095238096 0.16057452380952375
vt 0.8478339285714286 0.23590315476190482
vt 0.83928 0.24404761904761907
vt 0.8277613095238094 0.23590315476190482
vt 0.8392857142857143 0.20238095238095233
vt 0.8604239285714286 0.20238095238095233
vt 0.8532922023809524 0.20482250000000002
vt 0.8399432738095237 0.20833333333333337
vt 0.8582989285714285 0.9397921428571429
vt 0.8526091666666666 0.9464285714285714
vt 0.8336653571428572 0.9397921428571429
vt 0.4823880952380953 0.16598244047619048
vt 0.4832989285714286 0.17261904761904767
vt 0.4586653571428571 0.17261904761904767
vt 0.11944964285714287 0.1477229166666667
vt 0.12608607142857142 0.1420331547619048
vt 0.12608607142857142 0.16666666666666663
vt 0.07779255952380952 0.36904761904761907
vt 0.07779255952380952 0.30185011904761905
vt 0.09036220238095238 0.31156809523809526
vt 0.08955785714285713 0.36827845238095236
vt 0.8218206547619047 0.1611003571428572
vt 0.8299650595238096 0.1525464880952382
vt 0.8299650595238096 0.17261904761904767
vt 0.38375470238095233 0.7706530357142857
vt 0.31759065476190473 0.7797619047619048
vt 0.31565005952380953 0.7559523809523809
vt 0.3828469642857143 0.7559523809523809
vt 0.8275390476190475 0.5336219642857143
vt 0.8391276190476191 0.5275595238095238
vt 0.8391276190476191 0.5416666666666667
vt 0.4054708928571429 0.3032604166666667
vt 0.4054708928571429 0.25356875
vt 0.4159576785714285 0.2827764285714286
vt 0.4121619047619048 0.3035714285714286
vt 0.05357142857142857 0.41051666666666675
vt 0.05860892857142857 0.3540203571428572
vt 0.05952380952380952 0.3610231547619047
vt 0.05952380952380952 0.4107142857142857
vt 0.6466758928571428 0.6547619047619048
vt 0.6137407738095239 0.6547619047619048
vt 0.6300889880952381 0.6275391071428571
vt 0.28632339285714287 0.33333333333333337
vt 0.28632339285714287 0.2938379166666666
vt 0.30296232142857143 0.30926386904761904
vt 0.6839970238095239 0.9761904761904762
vt 0.6732733333333334 0.9561950595238096
vt 0.7076790476190477 0.9561950595238096
vt 0.3342955357142857 0.2851129166666667
vt 0.31004970238095236 0.30952380952380953
vt 0.31004970238095236 0.28543125
vt 0.3342965476190476 0.3392857142857143
vt 0.3100486904761905 0.3392857142857143
vt 0.3340606547619048 0.30976095238095236
vt 0.6552672023809524 1
vt 0.6552672023809524 0.9619441666666667
vt 0.6750899404761904 0.9942908333333333
vt 0.6334646428571429 0.9550438690476191
vt 0.6195115476190476 0.9702380952380952
vt 0.6195115476190476 0.9548569047619048
vt 0.8102430357142858 0.1594052380952381
vt 0.8125 0.10119047619047616
vt 0.8125 0.165708511904762
vt 0.6007114880952381 0.5654761904761905
vt 0.5361932738095239 0.5654761904761905
vt 0.539512619047619 0.5479907738095238
vt 0.7837168452380953 0.6726190476190477
vt 0.7566820833333333 0.6625274999999999
vt 0.7983774404761904 0.6625274999999999
vt 0.7031393452380952 0.8511904761904762
vt 0.6614439880952381 0.8511904761904762
vt 0.6772610714285714 0.8344525595238095
vt 0.775476130952381 0.7559523809523809
vt 0.7562943452380952 0.7451031547619047
vt 0.7957889880952381 0.7451031547619047
vt 0.9002976190476191 0.5416666666666667
vt 0.8458295238095237 0.5416666666666667
vt 0.8461192261904762 0.5395469642857142
vt 0.851258630952381 0.6934523809523809
vt 0.9136223214285715 0.6934523809523809
vt 0.9054550595238094 0.695035119047619
vt 0.75 0.6206775595238094
vt 0.75 0.6428571428571428
vt 0.7262480357142858 0.6425465476190476
vt 0.7261904761904762 0.6216189285714286
vt 0.23250244047619045 0.6954574404761904
vt 0.24964041666666667 0.6661434523809524
vt 0.24964041666666667 0.7083333333333333
vt 0.7385577380952381 0.6611671428571428
vt 0.7510718452380952 0.6785714285714286
vt 0.7202380952380952 0.6785714285714286
vt 0.4626067857142857 0.8680286904761905
vt 0.4626067857142857 0.8805460119047619
vt 0.44047619047619047 0.8809523809523809
vt 0.3362583928571429 0.6725169642857143
vt 0.36157886904761904 0.6845238095238095
vt 0.3333616071428572 0.6845238095238095
vt 0.7335970238095237 0.9285801190476191
vt 0.7554514880952381 0.9464285714285714
vt 0.7261904761904762 0.9464285714285714
vt 0.125 0.2103768452380953
vt 0.13511684523809522 0.22684172619047616
vt 0.125 0.25595238095238093
vt 0.1275875 0.9906384523809524
vt 0.1462815476190476 1
vt 0.125 1
vt 0.27976190476190477 0.41271357142857146
vt 0.29728505952380957 0.4006379166666667
vt 0.29728505952380957 0.4642857142857143
vt 0.35649315476190474 0.13538392857142845
vt 0.35119047619047616 0.15476190476190477
vt 0.35119047619047616 0.13283166666666668
vt 0.4930935714285714 0.18338035714285705
vt 0.48214285714285715 0.20238095238095233
vt 0.48214285714285715 0.18030095238095234
vt 0.8511904761904762 0.27380952380952384
vt 0.8511904761904762 0.25267910714285713
vt 0.8552655952380952 0.27109654761904756
vt 0.8297757738095238 0.20238095238095233
vt 0.8214285714285714 0.1957733928571428
vt 0.8297757738095238 0.1816590476190476
vt 0.4843260714285715 0.08515065476190475
vt 0.4843260714285715 0.1071428571428571
vt 0.48214285714285715 0.08760238095238093
vt 0.2973339285714286 0.9303721428571429
vt 0.2973339285714286 0.9523809523809523
vt 0.2857142857142857 0.9366711904761905
vt 0.839076607142857 0.7137488095238095
vt 0.8575078571428572 0.7202380952380952
vt 0.8333333333333334 0.7202380952380952
vt 0.6467958928571429 0.967064880952381
vt 0.6467958928571429 1
vt 0.6195731547619048 0.9834130952380953
vt 0.7741248214285713 0.5892857142857143
vt 0.7741248214285713 0.5470958333333333
vt 0.7824227976190476 0.5609914285714286
vt 0.5535714285714286 0.8568967857142857
vt 0.5553747619047619 0.8333333333333334
vt 0.5990486904761905 0.8333333333333334
vt 0.5994160714285715 0.8571428571428572
vt 0.5476190476190477 0.7916666666666666
vt 0.5476190476190477 0.7706930952380953
vt 0.593406369047619 0.7683667857142857
vt 0.5951848214285714 0.7908510119047619
vt 0.6071428571428571 0.8711048214285715
vt 0.6071428571428571 0.8556433333333333
vt 0.6546946428571429 0.8570548214285714
vt 0.6555145833333333 0.875
vt 0.6150576785714286 0.7023809523809523
vt 0.6130952380952381 0.6869930357142857
vt 0.6615686904761905 0.6846982738095237
vt 0.6647044047619047 0.7023809523809523
vt 0.5872101785714285 0.49287261904761903
vt 0.5833333333333334 0.47619047619047616
vt 0.6329801190476191 0.47619047619047616
vt 0.6380651190476191 0.49404761904761907
vt 0.6063673214285714 0.8035714285714286
vt 0.6011904761904762 0.7857142857142857
vt 0.6520676785714286 0.7857142857142857
vt 0.6544408928571429 0.8001798809523809
vt 0.6546010714285715 0.8339617857142857
vt 0.6495629166666667 0.8452380952380952
vt 0.6072266666666667 0.8452380952380952
vt 0.6071428571428571 0.8257177380952381
vt 0.3630952380952381 0.5245727380952381
vt 0.3630952380952381 0.4886938095238096
vt 0.4054132142857143 0.48993559523809527
vt 0.3832992857142857 0.5297619047619048
vt 0.6787813095238094 0.29166666666666663
vt 0.6796202380952381 0.2678571428571429
vt 0.7017992261904762 0.2678571428571429
vt 0.7021710714285715 0.2916168452380953
vt 0.09523809523809523 0.24054333333333333
vt 0.09523809523809523 0.26190476190476186
vt 0.07142857142857142 0.2616260714285714
vt 0.07255565476190476 0.24022922619047615
vt 0 0.2735863095238096
vt 0.0010373214285714287 0.2512673809523809
vt 0.023809523809523808 0.2515508333333334
vt 0.023809523809523808 0.27380952380952384
vt 0.18452380952380953 0.2678571428571429
vt 0.18452380952380953 0.29156404761904764
vt 0.16071428571428573 0.29166666666666663
vt 0.16191220238095239 0.2678571428571429
vt 0.7559523809523809 0.5909841666666666
vt 0.7559523809523809 0.6126355952380953
vt 0.7321428571428571 0.6130952380952381
vt 0.7331739880952381 0.5913308333333334
vt 0.47023809523809523 0.27976190476190477
vt 0.4715548214285714 0.25595238095238093
vt 0.4928305357142857 0.25595238095238093
vt 0.49250452380952375 0.2797336309523809
vt 0.07142857142857142 0.29166666666666663
vt 0.07254607142857143 0.2678571428571429
vt 0.0953125 0.2678571428571429
vt 0.09522863095238095 0.2915854166666667
vt 0.6904761904761905 0.6428571428571428
vt 0.6915709523809523 0.6190476190476191
vt 0.7153709523809524 0.6190476190476191
vt 0.7153017261904762 0.6427576190476191
vt 0.7083333333333334 0.33333333333333337
vt 0.7094755357142857 0.30952380952380953
vt 0.7317432142857143 0.30952380952380953
vt 0.7314754761904761 0.33327363095238094
vt 0 0.24404761904761907
vt 0 0.2260839880952381
vt 0.02313190476190476 0.22537809523809516
vt 0.023738630952380952 0.2433772023809524
vt 0.6011904761904762 0.22597494047619038
vt 0.6011904761904762 0.24361386904761906
vt 0.5773809523809523 0.24404761904761907
vt 0.5778890476190476 0.22604464285714287
vt 0.7857142857142857 0.5957224999999999
vt 0.7857142857142857 0.6130136904761905
vt 0.7619047619047619 0.6130952380952381
vt 0.7626054761904761 0.5954704166666667
vt 0.7120906547619048 0.7208085714285715
vt 0.7184503571428571 0.7380952380952381
vt 0.6848234523809524 0.7380952380952381
vt 0.6858425595238095 0.7204880952380952
vt 0.30952380952380953 0.22554809523809516
vt 0.30952380952380953 0.24318988095238103
vt 0.2857142857142857 0.24404761904761907
vt 0.28622273809523807 0.22604095238095245
vt 0.4583333333333333 0.22603297619047624
vt 0.4583333333333333 0.24404761904761907
vt 0.43452380952380953 0.2439041666666666
vt 0.43505154761904763 0.22595374999999995
vt 0.7023809523809523 0.546143869047619
vt 0.7023809523809523 0.5627771428571429
vt 0.6666666666666666 0.5654761904761905
vt 0.6668928571428572 0.5466707738095238
vt 0.7619047619047619 0.8000143452380952
vt 0.7619047619047619 0.8188216071428571
vt 0.7388126190476191 0.8214285714285714
vt 0.7380952380952381 0.8002798214285715
vt 0.7385497619047618 0.9550869642857143
vt 0.7401169642857143 0.9761904761904762
vt 0.7153119642857143 0.9761904761904762
vt 0.7142857142857143 0.9548531547619048
vt 0.6309523809523809 0.55112375
vt 0.6309523809523809 0.5351804166666667
vt 0.6557158928571428 0.5337451785714286
vt 0.6548421428571428 0.5654761904761905
vt 0.6011904761904762 0.25167589285714287
vt 0.6011904761904762 0.27341107142857146
vt 0.5792722619047619 0.27380952380952384
vt 0.5773809523809523 0.2518856547619047
vt 0.6729606547619047 0.6976464880952381
vt 0.7124560119047619 0.6976464880952381
vt 0.6883863690476191 0.7142857142857143
vt 0.16708559523809524 0.2989276190476191
vt 0.18708107142857142 0.3096513095238096
vt 0.16708559523809524 0.33333333333333337
vt 0.7211226190476191 0.43972148809523814
vt 0.6970321428571429 0.4642857142857143
vt 0.6970321428571429 0.4400377976190476
vt 0.6784528571428572 0.8745616666666667
vt 0.6784528571428572 0.8988095238095238
vt 0.6489280952380952 0.898573630952381
vt 0.6431744642857142 0.6230339880952381
vt 0.6812302976190476 0.6230339880952381
vt 0.6755207738095238 0.6428571428571428
vt 0.4742077380952381 0.18268077380952386
vt 0.4588279761904762 0.1964285714285714
vt 0.4588279761904762 0.18247404761904762
vt 0.8392857142857143 0.6838051785714285
vt 0.8975004166666667 0.6815476190476191
vt 0.9038043452380953 0.6838051785714285
vt 0.35100458333333334 0.405719880952381
vt 0.35100458333333334 0.47023809523809523
vt 0.3335192261904762 0.4090392857142857
vt 0.029924464285714287 0.19639982142857149
vt 0.04001601190476191 0.22343464285714298
vt 0.029924464285714287 0.23809523809523814
vt 0.6720594642857143 0.3035433333333333
vt 0.6720594642857143 0.34523809523809523
vt 0.655321488095238 0.31936035714285715
vt 0.7564801785714286 0.3236
vt 0.7673293452380952 0.34278232142857146
vt 0.7564801785714286 0.36309523809523814
vt 0.430691130952381 0.10029398809523804
vt 0.430691130952381 0.15476190476190477
vt 0.42857142857142855 0.10058369047619042
vt 0.5661729761904761 0.14867261904761908
vt 0.5661729761904761 0.08630952380952384
vt 0.5677555952380953 0.14050595238095231
vt 0.8061158928571428 0.5714285714285714
vt 0.7916666666666666 0.5595238095238095
vt 0.8117576190476191 0.5595238095238095
vt 0.8135968452380953 0.563788988095238
vt 0.17893660714285714 0.19235267857142857
vt 0.1584702380952381 0.20238095238095233
vt 0.15476190476190477 0.19235267857142857
vt 0.5861727976190476 0.6130952380952381
vt 0.6089646428571429 0.6130952380952381
vt 0.6091502976190476 0.6369047619047619
vt 0.5654761904761905 0.6367485119047619
vt 0.7083333333333334 0.22093529761904762
vt 0.7216901785714286 0.20815666666666655
vt 0.7216901785714286 0.23809523809523814
vt 0.7686378571428572 0.8089364880952381
vt 0.7864949404761904 0.8018432738095238
vt 0.7882308333333332 0.8214285714285714
vt 0.7678571428571429 0.8214285714285714
vt 0.606207619047619 0.2142857142857143
vt 0.5952380952380952 0.21127386904761902
vt 0.5952380952380952 0.18905857142857152
vt 0.6066608333333333 0.1889277380952381
vt 0.8090339880952381 0.8983672619047619
vt 0.7976190476190477 0.8988095238095238
vt 0.7976190476190477 0.8768994047619048
vt 0.8090084523809524 0.8946975595238096
vt 0.30952380952380953 0.18947184523809513
vt 0.32459625000000003 0.19965380952380962
vt 0.31793886904761903 0.20796130952380953
vt 0.30952380952380953 0.20833333333333337
vt 0.7321428571428571 0.24618809523809526
vt 0.7321428571428571 0.26777666666666666
vt 0.7083333333333334 0.2678571428571429
vt 0.7095285119047618 0.24615529761904764
vt 0.7559523809523809 0.5022974404761904
vt 0.7559523809523809 0.5238095238095238
vt 0.7321428571428571 0.5234892261904762
vt 0.7333955357142857 0.5019376785714286
vt 0.16666666666666666 0.240255
vt 0.16666666666666666 0.2618229166666667
vt 0.14296625 0.26190476190476186
vt 0.14285714285714285 0.24153172619047625
vt 0.6433395833333334 0.5059523809523809
vt 0.6726535714285714 0.48881440476190474
vt 0.6855294642857143 0.5059523809523809
vt 0.23214285714285715 0.2857142857142857
vt 0.2147379761904762 0.2732003571428572
vt 0.23214285714285715 0.2548805357142857
vt 0.8046531547619047 0.7142857142857143
vt 0.7921358333333334 0.7142857142857143
vt 0.8050595238095238 0.6921551190476191
vt 0.554366130952381 0.22619047619047616
vt 0.5423600595238095 0.20087017857142864
vt 0.554366130952381 0.1979736904761905
vt 0.11904761904761904 0.27380952380952384
vt 0.1011992261904762 0.25195500000000004
vt 0.11904761904761904 0.24454910714285716
vt 0.7610679761904762 0.6964285714285714
vt 0.7446035714285715 0.6863115476190476
vt 0.7901785714285714 0.6863115476190476
vt 0.8139880952380952 0.1964285714285714
vt 0.8046261904761904 0.17773482142857144
vt 0.8139880952380952 0.17514785714285708
vt 0.5479593452380952 0.8154761904761905
vt 0.560034761904762 0.7979529166666667
vt 0.6116071428571429 0.8154761904761905
vt 0.8675595238095238 0.5839834523809524
vt 0.8481808333333334 0.5892857142857143
vt 0.8456292857142857 0.5839834523809524
vt 0.8199404761904762 0.8104778571428571
vt 0.8009398809523809 0.8214285714285714
vt 0.7978604761904762 0.8104778571428571
vt 0.8523816666666667 0.15663964285714282
vt 0.8735119047619048 0.15663964285714282
vt 0.8707991666666667 0.1607142857142857
vt 0.8356543452380952 0.2654623214285714
vt 0.8422619047619048 0.27380952380952384
vt 0.82154 0.27380952380952384
vt 0.9151785714285714 0.7738095238095238
vt 0.8931866071428571 0.7738095238095238
vt 0.8956382142857142 0.77162625
vt 0.8199404761904762 0.9583333333333334
vt 0.7979314285714286 0.9583333333333334
vt 0.8042301785714285 0.9467135714285714
vt 0.7574404761904762 0.16666666666666663
vt 0.7509507738095238 0.14823559523809526
vt 0.7574404761904762 0.14249190476190476
vt 0.7683395833333334 0.41432125
vt 0.8105294642857143 0.41432125
vt 0.7822357142857144 0.42261904761904767
vt 0.58405875 0.5472510714285714
vt 0.58405875 0.5035775595238094
vt 0.6054095238095238 0.5017739880952381
vt 0.6056547619047619 0.5476190476190477
vt 0.5540816071428571 0.5041744047619048
vt 0.5564070238095239 0.45833333333333337
vt 0.5773809523809523 0.45833333333333337
vt 0.5765658928571428 0.5059523809523809
vt 0.5430998214285714 0.3796000595238096
vt 0.5430998214285714 0.3320273214285715
vt 0.5585553571428571 0.3324863690476191
vt 0.5610119047619048 0.38095238095238093
vt 0.2857142857142857 0.38972178571428573
vt 0.2880092261904762 0.34124750000000004
vt 0.30357142857142855 0.34321041666666674
vt 0.30357142857142855 0.3928571428571429
vt 0.17271315476190474 0.4592008333333334
vt 0.17271315476190474 0.4095545833333334
vt 0.19227708333333332 0.41343077380952387
vt 0.19345238095238096 0.4642857142857143
vt 0.48828845238095236 0.4321505952380952
vt 0.48828845238095236 0.3812733928571428
vt 0.5074404761904762 0.38645047619047623
vt 0.5040494047619047 0.43452380952380953
vt 0.5 0.32762565476190475
vt 0.5 0.3699619047619047
vt 0.4903869047619048 0.375
vt 0.48214285714285715 0.32754261904761905
vt 0.08454220238095238 0.49404761904761907
vt 0.08454220238095238 0.45171142857142854
vt 0.12040613095238095 0.4527634523809524
vt 0.125 0.4731113690476191
vt 0.25636315476190474 0.2615324404761905
vt 0.25636315476190474 0.2393527976190476
vt 0.2778630357142857 0.23851440476190477
vt 0.27781261904761906 0.26190476190476186
vt 0.27976190476190477 0.2731027380952381
vt 0.27976190476190477 0.29761904761904767
vt 0.2560005357142857 0.29737684523809527
vt 0.25595238095238093 0.2739865476190476
vt 0.7031209523809524 0.5235515476190475
vt 0.7031209523809524 0.4990352380952381
vt 0.7254504761904762 0.4982555357142857
vt 0.7253780357142857 0.5238095238095238
vt 0.7440476190476191 0.7628519047619048
vt 0.7440476190476191 0.7856182142857143
vt 0.7203344642857142 0.7857142857142857
vt 0.7202380952380952 0.7641470833333334
vt 0.7559523809523809 0.44254238095238096
vt 0.7559523809523809 0.4638184523809523
vt 0.7322327380952381 0.4642857142857143
vt 0.7321428571428571 0.4440440476190476
vt 0.7388551190476191 0.27380952380952384
vt 0.7388551190476191 0.2525338690476191
vt 0.7604166666666666 0.2512168452380953
vt 0.7603883928571429 0.27348327380952375
vt 0.17343357142857144 0.26190476190476186
vt 0.17343357142857144 0.23913857142857142
vt 0.1949404761904762 0.23802107142857143
vt 0.19486 0.2618205952380952
vt 0.6501773214285714 0.29166666666666663
vt 0.6501773214285714 0.2678666666666667
vt 0.6726190476190477 0.2667719047619047
vt 0.6725195238095237 0.29159750000000006
vt 0.43580779761904764 0.27380952380952384
vt 0.43580779761904764 0.25154178571428576
vt 0.4583333333333333 0.25039934523809515
vt 0.4582744642857143 0.27354125000000007
vt 0.7572879166666666 0.24399029761904756
vt 0.7572879166666666 0.2208479166666667
vt 0.7752431547619048 0.22029958333333344
vt 0.7752976190476191 0.24404761904761907
vt 0.48214285714285715 0.22436083333333334
vt 0.48214285714285715 0.24969863095238098
vt 0.46464041666666667 0.25
vt 0.4642857142857143 0.22517660714285714
vt 0.7678571428571429 0.7653591666666667
vt 0.7678571428571429 0.791612380952381
vt 0.7503313095238096 0.7916666666666666
vt 0.75 0.7661145833333334
vt 0.7023809523809523 0.38899154761904753
vt 0.7023809523809523 0.42261904761904767
vt 0.6848444047619048 0.41625880952380945
vt 0.6845238095238095 0.3900113095238096
vt 0.6666666666666666 0.22951202380952385
vt 0.6666666666666666 0.2553669047619047
vt 0.6491578571428571 0.25595238095238093
vt 0.6488095238095238 0.23061761904761913
vt 0.3333333333333333 0.21977119047619043
vt 0.3333333333333333 0.24404761904761907
vt 0.31547619047619047 0.243941130952381
vt 0.31553732142857144 0.2201928571428572
vt 0.4955292857142857 0.28757958333333333
vt 0.49283023809523807 0.3214285714285714
vt 0.4761969047619048 0.3214285714285714
vt 0.476723869047619 0.2878057738095239
vt 0.7306547619047619 0.27843666666666667
vt 0.7280477976190476 0.3035714285714286
vt 0.7092405357142857 0.3035714285714286
vt 0.7095060119047619 0.2777192857142857
vt 0.7023809523809523 0.30257595238095236
vt 0.7023809523809523 0.32738095238095233
vt 0.6788051785714286 0.3258132142857143
vt 0.6785714285714286 0.30154916666666665
vt 0.6379119642857143 0.36904761904761907
vt 0.6393467261904762 0.34523809523809523
vt 0.6552900595238095 0.34523809523809523
vt 0.6696428571428571 0.3681730357142857
vt 0.05357142857142857 0.24718702380952384
vt 0.05357142857142857 0.26742958333333333
vt 0.029987261904761905 0.2678571428571429
vt 0.02976190476190476 0.24572761904761908
vt 0.00037553571428571426 0.7124458333333333
vt 0.00037553571428571426 0.6923554761904762
vt 0.011904761904761904 0.7068047619047619
vt 0.00426577380952381 0.7142857142857143
vt 0.12946428571428573 0.18191392857142863
vt 0.11943547619047619 0.20238095238095233
vt 0.11943547619047619 0.1782057142857143
vt 0.6116071428571429 1
vt 0.5898179761904763 1
vt 0.5896234523809524 0.9772094642857143
vt 0.6110792857142857 0.9563292261904762
vt 0.7632162499999999 0.4464285714285714
vt 0.7759950595238094 0.433071369047619
vt 0.7931547619047619 0.4464285714285714
vt 0.7916666666666666 0.8988095238095238
vt 0.7738095238095238 0.8970736309523809
vt 0.7809022023809524 0.8792163095238095
vt 0.7916666666666666 0.8784358333333333
vt 0.44798654761904766 0.20238095238095233
vt 0.4702022023809524 0.20238095238095233
vt 0.4732142857142857 0.21383202380952382
vt 0.4478554761904762 0.2142857142857143
vt 0.7920775595238095 0.47023809523809523
vt 0.8139880952380952 0.47023809523809523
vt 0.8135460714285714 0.4821428571428571
vt 0.8098760119047619 0.48211696428571427
vt 0.7927830357142857 0.7314381547619048
vt 0.7844757738095238 0.7380952380952381
vt 0.7742933333333333 0.7202380952380952
vt 0.7931547619047619 0.7202380952380952
vt 0.14935863095238094 0.15625
vt 0.1646294642857143 0.15625
vt 0.15643107142857143 0.16655488095238102
vt 0.7748795833333333 0.19044309523809522
vt 0.7682751785714286 0.17905077380952383
vt 0.7748795833333333 0.16220238095238093
vt 0.6811077976190476 0.14207511904761905
vt 0.6790112500000001 0.11391232142857144
vt 0.6811077976190476 0.1071428571428571
vt 0.7684682142857142 0.10112678571428568
vt 0.770222261904762 0.0982142857142857
vt 0.770222261904762 0.1360155357142856
vt 0.3764150595238095 0.10685321428571426
vt 0.37507303571428574 0.06907636904761905
vt 0.3764150595238095 0.06845238095238093
vt 0.743631130952381 0.1961264285714286
vt 0.7385117261904762 0.15806827380952393
vt 0.743631130952381 0.15476190476190477
vt 0.8513733928571429 0.5491071428571428
vt 0.8549375 0.5534839285714286
vt 0.8102410714285714 0.5534839285714286
vt 0.8518384523809523 0.6120189285714286
vt 0.8964944047619048 0.6101190476190477
vt 0.8981615476190477 0.6120189285714286
vt 0.8220768452380953 0.39434523809523814
vt 0.8683993452380951 0.39434523809523814
vt 0.8671622023809523 0.3981172023809524
vt 0.8849729761904761 0.6681547619047619
vt 0.8816409523809524 0.6713523809523809
vt 0.8397294047619048 0.6681547619047619
vt 0.8398464880952381 0.1919642857142857
vt 0.8818797023809524 0.1919642857142857
vt 0.8749626785714286 0.19495642857142859
vt 0.8276163095238095 0.30952380952380953
vt 0.862859880952381 0.30952380952380953
vt 0.8487741666666667 0.31408749999999996
vt 0.8255544047619048 0.7693452380952381
vt 0.8082967261904761 0.7793604166666667
vt 0.8039098809523809 0.7693452380952381
vt 0.00002511904761904762 0.16815476190476186
vt 0.008903452380952382 0.1745351190476191
vt 0.00002511904761904762 0.19040107142857143
vt 0.7029854761904762 0.08184523809523814
vt 0.704752619047619 0.10402125000000007
vt 0.7029854761904762 0.10590803571428575
vt 0.8243938095238096 0.14144029761904753
vt 0.8214395238095238 0.14220297619047617
vt 0.8214395238095238 0.11755952380952384
vt 0.27773934523809524 0.11755952380952384
vt 0.27773934523809524 0.14220297619047617
vt 0.2743439880952381 0.1411504166666666
vt 0.07869333333333334 0.1473214285714286
vt 0.07869333333333334 0.17115529761904757
vt 0.07160428571428572 0.17002857142857142
vt 0.8528038690476191 0.7079845833333334
vt 0.8514455357142856 0.7038690476190477
vt 0.8762330357142858 0.7038690476190477
vt 0.8881379166666666 0.27318154761904756
vt 0.8633501785714286 0.27318154761904756
vt 0.8643075595238094 0.27083333333333337
vt 0.9174785714285715 0.43320226190476185
vt 0.8935333333333333 0.43320226190476185
vt 0.8954299404761905 0.43154761904761907
vt 0.7135351785714286 0.5833333333333333
vt 0.7245972619047618 0.5891505357142857
vt 0.7024860714285714 0.5891505357142857
vt 0.4642857142857143 0.37571958333333333
vt 0.48214285714285715 0.38242714285714285
vt 0.48214285714285715 0.43452380952380953
vt 0.4642857142857143 0.43452380952380953
vt 0.017857142857142856 0.3928571428571429
vt 0 0.3928571428571429
vt 0 0.3407604761904762
vt 0.017857142857142856 0.3507889285714286
vt 0.023809523809523808 0.2822660714285714
vt 0.03571428571428571 0.2864336904761904
vt 0.03571428571428571 0.34523809523809523
vt 0.023809523809523808 0.34523809523809523
vt 0.5476190476190477 0.43452380952380953
vt 0.5416666666666666 0.43452380952380953
vt 0.5416666666666666 0.39245571428571424
vt 0.5476190476190477 0.3970791071428571
vt 0.31547619047619047 0.38690476190476186
vt 0.30952380952380953 0.38690476190476186
vt 0.30952380952380953 0.3494602380952381
vt 0.31547619047619047 0.3529770238095238
vt 0.8157626785714285 0.8809523809523809
vt 0.8156578571428571 0.875
vt 0.8465445238095238 0.875
vt 0.8380303571428571 0.8805666071428572
vt 0.2619047619047619 0.5833333333333333
vt 0.25595238095238093 0.5833333333333333
vt 0.25595238095238093 0.5610623809523809
vt 0.2619047619047619 0.5697880357142857
vt 0.8928571428571429 0.8367683333333333
vt 0.8928571428571429 0.8392857142857143
vt 0.8278363095238096 0.8392764285714286
vt 0.8273809523809523 0.8367591666666667
vt 0.34769416666666664 0.9761697619047619
vt 0.34523809523809523 0.9702380952380952
vt 0.4107142857142857 0.9702380952380952
vt 0.4107142857142857 0.9761904761904762
vt 0.5830986904761905 0.9226190476190477
vt 0.5595238095238095 0.9047619047619048
vt 0.6190476190476191 0.9047619047619048
vt 0.6190476190476191 0.9226190476190477
vt 0.6831952380952381 0.6666666666666667
vt 0.6785714285714286 0.6607142857142857
vt 0.7142857142857143 0.6607142857142857
vt 0.7142857142857143 0.6666666666666667
vt 0.15089333333333332 0.7916666666666666
vt 0.1488095238095238 0.7857142857142857
vt 0.17857142857142858 0.7857142857142857
vt 0.17857142857142858 0.7916666666666666
vt 0.7264242857142857 0.3571428571428571
vt 0.7202380952380952 0.3392857142857143
vt 0.75 0.3392857142857143
vt 0.75 0.3571428571428571
vt 0.2786005357142857 0.5952380952380952
vt 0.26785714285714285 0.5714285714285714
vt 0.2916666666666667 0.5714285714285714
vt 0.2916666666666667 0.5919278571428571
vt 0.8279424999999999 0.4225450595238096
vt 0.8214285714285714 0.41104797619047617
vt 0.8333333333333334 0.40773809523809523
vt 0.8333333333333334 0.4225450595238096
vt 0.8928571428571429 0.4059936904761905
vt 0.8988095238095238 0.40327380952380953
vt 0.8988095238095238 0.4096554166666666
vt 0.8935069047619048 0.4096554166666666
vt 0.8630952380952381 0.6369047619047619
vt 0.8571428571428571 0.6369047619047619
vt 0.8571428571428571 0.6233594642857143
vt 0.8630952380952381 0.6273975595238095
vt 0.8928571428571429 0.7193292261904762
vt 0.8869047619047619 0.7193292261904762
vt 0.8869047619047619 0.7098214285714286
vt 0.8928571428571429 0.7141196428571428
vt 0.9043891666666666 0.6309523809523809
vt 0.9028445238095237 0.636233511904762
vt 0.8991822619047619 0.6369047619047619
vt 0.8991822619047619 0.6309523809523809
vt 0.7460066071428572 0.13690476190476186
vt 0.7445268452380953 0.13690476190476186
vt 0.7445268452380953 0.10297654761904762
vt 0.7465445833333333 0.10602315476190483
vt 0.1646294642857143 0.15625
vt 0.14935863095238094 0.15625
vt 0.15643107142857143 0.16655488095238102
vt 0.7682751785714286 0.17905077380952383
vt 0.7748795833333333 0.19044309523809522
vt 0.7748795833333333 0.16220238095238093
vt 0.6790112500000001 0.11391232142857144
vt 0.6811077976190476 0.14207511904761905
vt 0.6811077976190476 0.1071428571428571
vt 0.770222261904762 0.0982142857142857
vt 0.7684682142857142 0.10112678571428568
vt 0.770222261904762 0.1360155357142856
vt 0.37507303571428574 0.06907636904761905
vt 0.3764150595238095 0.10685321428571426
vt 0.3764150595238095 0.06845238095238093
vt 0.7385117261904762 0.15806827380952393
vt 0.743631130952381 0.1961264285714286
vt 0.743631130952381 0.15476190476190477
vt 0.8549375 0.5534839285714286
vt 0.8513733928571429 0.5491071428571428
vt 0.8102410714285714 0.5534839285714286
vt 0.8964944047619048 0.6101190476190477
vt 0.8518384523809523 0.6120189285714286
vt 0.8981615476190477 0.6120189285714286
vt 0.8683993452380951 0.39434523809523814
vt 0.8220768452380953 0.39434523809523814
vt 0.8671622023809523 0.3981172023809524
vt 0.8816409523809524 0.6713523809523809
vt 0.8849729761904761 0.6681547619047619
vt 0.8397294047619048 0.6681547619047619
vt 0.8818797023809524 0.1919642857142857
vt 0.8398464880952381 0.1919642857142857
vt 0.8749626785714286 0.19495642857142859
vt 0.862859880952381 0.30952380952380953
vt 0.8276163095238095 0.30952380952380953
vt 0.8487741666666667 0.31408749999999996
vt 0.8082967261904761 0.7793604166666667
vt 0.8255544047619048 0.7693452380952381
vt 0.8039098809523809 0.7693452380952381
vt 0.008903452380952382 0.1745351190476191
vt 0.00002511904761904762 0.16815476190476186
vt 0.00002511904761904762 0.19040107142857143
vt 0.704752619047619 0.10402125000000007
vt 0.7029854761904762 0.08184523809523814
vt 0.7029854761904762 0.10590803571428575
vt 0.8214395238095238 0.14220297619047617
vt 0.8243938095238096 0.14144029761904753
vt 0.8214395238095238 0.11755952380952384
vt 0.27773934523809524 0.14220297619047617
vt 0.27773934523809524 0.11755952380952384
vt 0.2743439880952381 0.1411504166666666
vt 0.07869333333333334 0.17115529761904757
vt 0.07869333333333334 0.1473214285714286
vt 0.07160428571428572 0.17002857142857142
vt 0.8514455357142856 0.7038690476190477
vt 0.8528038690476191 0.7079845833333334
vt 0.8762330357142858 0.7038690476190477
vt 0.8633501785714286 0.27318154761904756
vt 0.8881379166666666 0.27318154761904756
vt 0.8643075595238094 0.27083333333333337
vt 0.8935333333333333 0.43320226190476185
vt 0.9174785714285715 0.43320226190476185
vt 0.8954299404761905 0.43154761904761907
vt 0.7245972619047618 0.5891505357142857
vt 0.7135351785714286 0.5833333333333333
vt 0.7024860714285714 0.5891505357142857
vt 0.48214285714285715 0.43452380952380953
vt 0.48214285714285715 0.38242714285714285
vt 0.4642857142857143 0.37571958333333333
vt 0.4642857142857143 0.43452380952380953
vt 0 0.3407604761904762
vt 0 0.3928571428571429
vt 0.017857142857142856 0.3928571428571429
vt 0.017857142857142856 0.3507889285714286
vt 0.03571428571428571 0.34523809523809523
vt 0.03571428571428571 0.2864336904761904
vt 0.023809523809523808 0.2822660714285714
vt 0.023809523809523808 0.34523809523809523
vt 0.5416666666666666 0.39245571428571424
vt 0.5416666666666666 0.43452380952380953
vt 0.5476190476190477 0.43452380952380953
vt 0.5476190476190477 0.3970791071428571
vt 0.30952380952380953 0.3494602380952381
vt 0.30952380952380953 0.38690476190476186
vt 0.31547619047619047 0.38690476190476186
vt 0.31547619047619047 0.3529770238095238
vt 0.8465445238095238 0.875
vt 0.8156578571428571 0.875
vt 0.8157626785714285 0.8809523809523809
vt 0.8380303571428571 0.8805666071428572
vt 0.25595238095238093 0.5610623809523809
vt 0.25595238095238093 0.5833333333333333
vt 0.2619047619047619 0.5833333333333333
vt 0.2619047619047619 0.5697880357142857
vt 0.8278363095238096 0.8392764285714286
vt 0.8928571428571429 0.8392857142857143
vt 0.8928571428571429 0.8367683333333333
vt 0.8273809523809523 0.8367591666666667
vt 0.4107142857142857 0.9702380952380952
vt 0.34523809523809523 0.9702380952380952
vt 0.34769416666666664 0.9761697619047619
vt 0.4107142857142857 0.9761904761904762
vt 0.6190476190476191 0.9047619047619048
vt 0.5595238095238095 0.9047619047619048
vt 0.5830986904761905 0.9226190476190477
vt 0.6190476190476191 0.9226190476190477
vt 0.7142857142857143 0.6607142857142857
vt 0.6785714285714286 0.6607142857142857
vt 0.6831952380952381 0.6666666666666667
vt 0.7142857142857143 0.6666666666666667
vt 0.17857142857142858 0.7857142857142857
vt 0.1488095238095238 0.7857142857142857
vt 0.15089333333333332 0.7916666666666666
vt 0.17857142857142858 0.7916666666666666
vt 0.75 0.3392857142857143
vt 0.7202380952380952 0.3392857142857143
vt 0.7264242857142857 0.3571428571428571
vt 0.75 0.3571428571428571
vt 0.2916666666666667 0.5714285714285714
vt 0.26785714285714285 0.5714285714285714
vt 0.2786005357142857 0.5952380952380952
vt 0.2916666666666667 0.5919278571428571
vt 0.8333333333333334 0.40773809523809523
vt 0.8214285714285714 0.41104797619047617
vt 0.8279424999999999 0.4225450595238096
vt 0.8333333333333334 0.4225450595238096
vt 0.8988095238095238 0.4096554166666666
vt 0.8988095238095238 0.40327380952380953
vt 0.8928571428571429 0.4059936904761905
vt 0.8935069047619048 0.4096554166666666
vt 0.8571428571428571 0.6233594642857143
vt 0.8571428571428571 0.6369047619047619
vt 0.8630952380952381 0.6369047619047619
vt 0.8630952380952381 0.6273975595238095
vt 0.8869047619047619 0.7098214285714286
vt 0.8869047619047619 0.7193292261904762
vt 0.8928571428571429 0.7193292261904762
vt 0.8928571428571429 0.7141196428571428
vt 0.8991822619047619 0.6369047619047619
vt 0.9028445238095237 0.636233511904762
vt 0.9043891666666666 0.6309523809523809
vt 0.8991822619047619 0.6309523809523809
vt 0.7445268452380953 0.10297654761904762
vt 0.7445268452380953 0.13690476190476186
vt 0.7460066071428572 0.13690476190476186
vt 0.7465445833333333 0.10602315476190483
vt 0.8988095238095238 0.29043791666666663
vt 0.9014695238095237 0.29377595238095233
vt 0.8988095238095238 0.29761904761904767
vt 0.9014094047619048 0.27258065476190474
vt 0.9014094047619048 0.27976190476190477
vt 0.8988095238095238 0.2768383333333334
vt 0.5773809523809523 0.12187017857142857
vt 0.5808579761904762 0.12366428571428567
vt 0.5773809523809523 0.15476190476190477
vt 0.7230743452380952 0.11591803571428572
vt 0.7230743452380952 0.14880952380952384
vt 0.7202380952380952 0.14878119047619043
vt 0.5000723214285715 0.12229934523809527
vt 0.502903869047619 0.12246845238095239
vt 0.5000723214285715 0.19047619047619047
vt 0.40739422619047616 0.09849023809523805
vt 0.40739422619047616 0.16666666666666663
vt 0.40510577380952384 0.16612249999999995
vt 0.14285714285714285 0.2321428571428571
vt 0.14285714285714285 0.20073797619047629
vt 0.15556535714285713 0.22807660714285716
vt 0.2790347023809524 0.3198928571428572
vt 0.25595238095238093 0.3392857142857143
vt 0.25595238095238093 0.30799398809523815
vt 0.42082726190476194 0.15476190476190477
vt 0.4166666666666667 0.12912851190476193
vt 0.42082726190476194 0.12699875000000005
vt 0.32161660714285717 0.5416666666666667
vt 0.32161660714285717 0.4735999404761905
vt 0.35263011904761904 0.4785445833333333
vt 0.35397863095238097 0.5221929761904762
vt 0.4523809523809524 0.5991173214285714
vt 0.4523809523809524 0.6427889880952381
vt 0.3631798214285714 0.6428571428571428
vt 0.3630952380952381 0.5991852380952382
vt 0.4166666666666667 0.962245
vt 0.5119047619047619 0.9541227976190476
vt 0.5119047619047619 0.9761904761904762
vt 0.41791261904761906 0.9755279761904762
vt 0.09588857142857142 0.7976190476190477
vt 0.31640309523809523 0.7976190476190477
vt 0.31576041666666665 0.8869047619047619
vt 0.08984690476190475 0.8851272619047619
vt 0.5059523809523809 0.197395
vt 0.5106807142857143 0.19871077380952384
vt 0.5059523809523809 0.3035714285714286
vt 0.4770730357142857 0.9226190476190477
vt 0.25655791666666666 0.9226190476190477
vt 0.4587577976190476 0.8895833333333333
vt 0.24053136904761904 0.6124602976190476
vt 0.21817369047619048 0.7023809523809523
vt 0.19047619047619047 0.7011810714285714
vt 0.19047619047619047 0.5960436904761905
vt 0.8511904761904762 0.14880952380952384
vt 0.8514033333333334 0.14571374999999998
vt 0.8789536309523809 0.14880952380952384
vt 0.6823446428571428 0.10117738095238105
vt 0.6792416666666666 0.10119047619047616
vt 0.6785714285714286 0.09697499999999992
vt 0.6826422619047618 0.09612857142857134
vt 0.7478138095238096 0.47556297619047627
vt 0.6428571428571429 0.4821428571428571
vt 0.6428571428571429 0.47703922619047623
vt 0.7142857142857143 0.8488815476190477
vt 0.9166666666666666 0.8488815476190477
vt 0.9162160714285713 0.8511904761904762
vt 0.30379190476190476 0.9702380952380952
vt 0.30379190476190476 0.9345235119047619
vt 0.5057319047619048 0.9356509523809524
vt 0.7253994642857142 0.16074738095238095
vt 0.7269352380952381 0.1964285714285714
vt 0.7209814285714286 0.1964285714285714
vt 0.7209814285714286 0.1604463690476191
vt 0.5 0.21428553571428566
vt 0.5 0.25
vt 0.4880952380952381 0.24960232142857142
vt 0.4880952380952381 0.21388785714285707
vt 0.75 0.20833345238095247
vt 0.75 0.24404761904761907
vt 0.7380952380952381 0.2438080952380952
vt 0.7380952380952381 0.2080939285714285
vt 0.3650180357142857 0.8914399404761905
vt 0.329062619047619 0.8928571428571429
vt 0.3274216071428572 0.8511904761904762
vt 0.46424505952380957 0.8511904761904762
vt 0.25 0.49404761904761907
vt 0.23809523809523808 0.49057130952380956
vt 0.23809523809523808 0.3988436904761905
vt 0.25 0.38565785714285716
vt 0.31547619047619047 0.5119047619047619
vt 0.30357142857142855 0.5098091666666666
vt 0.30357142857142855 0.4013264880952381
vt 0.31547619047619047 0.39827880952380945
vt 0.14875934523809523 0.6726190476190477
vt 0.08928571428571429 0.6701772023809525
vt 0.09017595238095237 0.5535714285714286
vt 0.14966910714285714 0.5535714285714286
vt 0.44047619047619047 0.19047619047619047
vt 0.44047619047619047 0.2142857142857143
vt 0.42857142857142855 0.21231148809523803
vt 0.42857142857142855 0.1885020833333334
vt 0.5892857142857143 0.19047654761904753
vt 0.5892857142857143 0.2142857142857143
vt 0.5773809523809523 0.21309619047619055
vt 0.5773809523809523 0.1892862500000001
vt 0.5833333333333334 0.7380952976190476
vt 0.5833333333333334 0.7619047619047619
vt 0.5238095238095238 0.7607814880952382
vt 0.5238095238095238 0.7369720238095239
vt 0.5238095238095238 0.5
vt 0.5238095238095238 0.5357142857142857
vt 0.4642857142857143 0.5354880357142857
vt 0.4642857142857143 0.49977375
vt 0.5459306547619048 0.14880952380952384
vt 0.5416666666666666 0.14758172619047627
vt 0.5459306547619048 0.1249998809523809
vt 0.5686858333333333 0.23840023809523814
vt 0.5714285714285714 0.23218029761904768
vt 0.5714285714285714 0.3237049404761905
vt 0.5654761904761905 0.34523809523809523
vt 0.5965136904761904 0.9464285714285714
vt 0.5299744047619048 0.9464285714285714
vt 0.552372619047619 0.9285714285714286
vt 0.5741708333333333 0.9285714285714286
vt 0.20262916666666667 0.4642857142857143
vt 0.20262916666666667 0.3477136904761904
vt 0.21078750000000002 0.3952839285714286
vt 0.21106130952380953 0.4264607142857143
vt 0.48235535714285716 0.8988095238095238
vt 0.5488946428571428 0.8988095238095238
vt 0.5268255952380952 0.9281404761904762
vt 0.5045892857142857 0.9285714285714286
vt 0.4227833333333334 0.31775952380952377
vt 0.42857142857142855 0.27033273809523806
vt 0.42857142857142855 0.38690476190476186
vt 0.4226190476190476 0.34879226190476187
vt 0.7560612499999999 0.7202380952380952
vt 0.750408630952381 0.7061608928571428
vt 0.7823294642857144 0.7061608928571428
vt 0.8353695238095239 0.9583333333333334
vt 0.827947380952381 0.9539872619047619
vt 0.8669930952380953 0.9539872619047619
vt 0.5577439285714286 0.19047619047619047
vt 0.5538632142857143 0.18357214285714296
vt 0.5577439285714286 0.14232488095238105
vt 0.13334964285714287 0.3035714285714286
vt 0.1196265476190476 0.29556392857142855
vt 0.13334964285714287 0.2621420238095238
vt 0.7303670833333333 0.5636684523809523
vt 0.7380603571428571 0.5773809523809523
vt 0.6964634523809524 0.5773809523809523
vt 0.845384761904762 0.4482569047619047
vt 0.8522573809523809 0.45238095238095233
vt 0.8039926190476191 0.45238095238095233
vt 0.03573035714285714 0.13386559523809516
vt 0.040162500000000004 0.14141482142857142
vt 0.03573035714285714 0.17261904761904767
vt 0.2147245238095238 0.21848255952380957
vt 0.22872785714285712 0.2236452976190476
vt 0.2147245238095238 0.25
vt 0.5833333333333334 0.9761904761904762
vt 0.5178571428571429 0.9761904761904762
vt 0.5178571428571429 0.9523809523809523
vt 0.5833333333333334 0.9523809523809523
vt 0.5 0.7261904761904762
vt 0.43452380952380953 0.7261904761904762
vt 0.43452380952380953 0.6904761904761905
vt 0.5 0.6904761904761905
vt 0.8999627976190476 0.47023809523809523
vt 0.8931925595238096 0.47023809523809523
vt 0.8931824404761906 0.4642857142857143
vt 0.8999723214285714 0.4642857142857143
vt 0.22091845238095237 0.5178571428571428
vt 0.220725 0.29166666666666663
vt 0.22719166666666665 0.29166666666666663
vt 0.2269982142857143 0.5178571428571428
vt 0.6135821428571429 0.20833333333333337
vt 0.6135446428571429 0.16666666666666663
vt 0.6200863095238095 0.16666666666666663
vt 0.6200488095238095 0.20833333333333337
vt 0.3694970238095238 0.16666666666666663
vt 0.3694732142857143 0.1428571428571429
vt 0.3760625 0.1428571428571429
vt 0.3760386904761905 0.16666666666666663
vt 0.3694732142857143 0.22619047619047616
vt 0.3693827380952381 0.17261904761904767
vt 0.37615297619047616 0.17261904761904767
vt 0.3760625 0.22619047619047616
vt 0.625 0.31536672619047623
vt 0.625 0.22470238095238093
vt 0.6309523809523809 0.22477904761904755
vt 0.6309523809523809 0.3154439880952381
vt 0.8872560714285714 0.6011904761904762
vt 0.7916666666666666 0.6011904761904762
vt 0.7916945833333334 0.5985986904761905
vt 0.8873227380952381 0.5986092261904762
vt 0.41672779761904766 0.7857142857142857
vt 0.47401154761904757 0.7857142857142857
vt 0.4739497619047619 0.7916666666666666
vt 0.4166666666666667 0.7916666666666666
vt 0.2857142857142857 0.14235077380952377
vt 0.2857142857142857 0.11458333333333337
vt 0.2887168452380952 0.11465011904761913
vt 0.2886830357142857 0.14240000000000008
vt 0.8630952380952381 0.4457211904761904
vt 0.8630952380952381 0.4442272619047619
vt 0.8928571428571429 0.44345238095238093
vt 0.8928571428571429 0.44494630952380954
vt 0.8154761904761905 0.6904761904761905
vt 0.8452380952380952 0.6904761904761905
vt 0.8452380952380952 0.6964285714285714
vt 0.8154761904761905 0.6964285714285714
vt 0.6845538690476191 0.8690476190476191
vt 0.7380812499999999 0.8690476190476191
vt 0.7380651785714286 0.875
vt 0.6845377976190476 0.875
vt 0.14285714285714285 0.38689821428571436
vt 0.14285714285714285 0.3472658928571428
vt 0.1488095238095238 0.34727244047619044
vt 0.1488095238095238 0.38690476190476186
vt 0.7847000595238095 0.31547619047619047
vt 0.7560396428571429 0.30952380952380953
vt 0.8198532142857143 0.30952380952380953
vt 0.8153071428571428 0.31504333333333334
vt 0.5408098214285714 0.8224529166666666
vt 0.5476189285714286 0.8511904761904762
vt 0.48214297619047625 0.8511904761904762
vt 0.48728577380952376 0.822604761904762
vt 0.19642857142857142 0.16276732142857142
vt 0.19642857142857142 0.22619047619047616
vt 0.19047619047619047 0.19745583333333339
vt 0.19060279761904764 0.16706803571428575
vt 0.2619047619047619 0.1675154166666667
vt 0.2619047619047619 0.2321428571428571
vt 0.2561968452380952 0.22547142857142854
vt 0.25595238095238093 0.17178833333333343
vt 0.9041504761904762 0.4420030952380952
vt 0.9041504761904762 0.4464285714285714
vt 0.8994209523809524 0.44205523809523817
vt 0.26785714285714285 0.16751809523809535
vt 0.27380952380952384 0.17189178571428576
vt 0.27380952380952384 0.2256352380952381
vt 0.2683539285714286 0.2321428571428571
vt 0.45566023809523815 0.09844994047619049
vt 0.4523809523809524 0.10119047619047616
vt 0.4523809523809524 0.09342184523809527
vt 0.4206967857142857 0.09357535714285725
vt 0.4206967857142857 0.10119047619047616
vt 0.41710083333333337 0.096383630952381
vt 0.8404278571428572 0.2512851785714285
vt 0.8368908928571428 0.25595238095238093
vt 0.8316174999999999 0.25595238095238093
vt 0.7920126190476191 0.2515232142857142
vt 0.8217020238095238 0.5714285714285714
vt 0.8217020238095238 0.5670030952380952
vt 0.8613336904761905 0.5711844642857142
vt 0.40476190476190477 0.177080119047619
vt 0.4107142857142857 0.17389559523809528
vt 0.4107142857142857 0.24123892857142848
vt 0.40536886904761904 0.24404761904761907
vt 0.21875 0.11904761904761907
vt 0.21875 0.20767565476190475
vt 0.2157467261904762 0.20769619047619037
vt 0.5223214285714286 0.11904761904761907
vt 0.5223214285714286 0.2077471428571429
vt 0.5193205357142857 0.11916982142857147
vt 0.5298261904761905 0.26534398809523807
vt 0.5357142857142857 0.2544295833333333
vt 0.5357142857142857 0.36904761904761907
vt 0.5297619047619048 0.36290999999999995
vt 0.5178734523809524 0.22081898809523803
vt 0.5238095238095238 0.21525166666666673
vt 0.5238095238095238 0.3214285714285714
vt 0.5178571428571429 0.31148374999999995
vt 0.05953696428571428 0.22728928571428564
vt 0.06547619047619048 0.2378211309523809
vt 0.06547619047619048 0.3334102976190476
vt 0.05952380952380952 0.3392857142857143
vt 0.6369047619047619 0.2330134523809525
vt 0.6428571428571429 0.23884309523809522
vt 0.6428571428571429 0.32924946428571433
vt 0.637087619047619 0.3392857142857143
vt 0.661416011904762 0.20238095238095233
vt 0.6547619047619048 0.19432023809523813
vt 0.6547619047619048 0.16657005952380943
vt 0.6614318452380952 0.1693950595238095
vt 0.20515922619047616 0.22023809523809523
vt 0.20238095238095238 0.21354839285714278
vt 0.20238095238095238 0.12492017857142856
vt 0.20479773809523807 0.11433029761904767
vt 0.047619047619047616 0.1693163095238096
vt 0.05357142857142857 0.17887297619047615
vt 0.05357142857142857 0.23615648809523815
vt 0.04769571428571428 0.23809523809523814
vt 0.20238095238095238 0.23337696428571442
vt 0.20833333333333334 0.2299822619047619
vt 0.20833333333333334 0.33604672619047615
vt 0.20240636904761905 0.3392857142857143
vt 0.5335799404761905 0.24226482142857142
vt 0.5297619047619048 0.24404761904761907
vt 0.5297619047619048 0.13798303571428572
vt 0.5335263690476191 0.13599160714285707
vt 0.6964285714285714 0.18109404761904757
vt 0.7023809523809523 0.18430500000000005
vt 0.7023809523809523 0.2521181547619048
vt 0.6971805952380953 0.26190476190476186
vt 0.6190476190476191 0.21726190476190477
vt 0.6190476190476191 0.31482958333333333
vt 0.6130952380952381 0.31490321428571433
vt 0.6131220238095237 0.2172757738095238
vt 0.8824404761904762 0.43452380952380953
vt 0.7920339285714286 0.43452380952380953
vt 0.7919200000000001 0.43194440476190477
vt 0.8823851190476191 0.43190523809523806
vt 0.8720238095238095 0.7321428571428572
vt 0.8042103571428572 0.7321428571428572
vt 0.8041595833333333 0.7291396428571428
vt 0.8719658928571429 0.7291741071428571
vt 0.7991651785714285 0.16666666666666663
vt 0.797671011904762 0.16666666666666663
vt 0.7990491071428572 0.11309523809523814
vt 0.8005432738095237 0.11309523809523814
vt 0.7804422619047618 0.6488095238095238
vt 0.8341863690476191 0.6488095238095238
vt 0.8341404761904763 0.6547619047619048
vt 0.7803969642857143 0.6547619047619048
vt 0.4490970238095238 0.1964285714285714
vt 0.4476028571428572 0.1964285714285714
vt 0.4493986904761905 0.13095238095238093
vt 0.45089285714285715 0.13095238095238093
vt 0.24521011904761908 0.375
vt 0.2384202380952381 0.375
vt 0.23819523809523813 0.26190476190476186
vt 0.24543571428571426 0.26190476190476186
vt 0.03632041666666667 0.0803571428571429
vt 0.03720238095238095 0.0821964285714285
vt 0.03632041666666667 0.09425595238095241
vt 0.21839208333333332 0.0982142857142857
vt 0.21839208333333332 0.11211273809523803
vt 0.21428571428571427 0.10173666666666659
vt 0.570206011904762 0.22272196428571434
vt 0.5654761904761905 0.22534845238095236
vt 0.5654761904761905 0.15476190476190477
vt 0.1790855357142857 0.5347813690476191
vt 0.1790855357142857 0.47051255952380955
vt 0.21351017857142857 0.47023809523809523
vt 0.21377160714285712 0.5343126190476191
vt 0.4085130357142857 0.8438258333333333
vt 0.32783035714285713 0.8291882142857143
vt 0.32783035714285713 0.7872023809523809
vt 0.40877678571428566 0.7886250595238096
vt 0.6567425595238096 0.5972585119047619
vt 0.6585773809523809 0.6071428571428572
vt 0.566125 0.6049970238095238
vt 0.566125 0.5969570238095239
vt 0.3775320238095238 0.2964118452380953
vt 0.36949178571428576 0.29649148809523806
vt 0.36949178571428576 0.24119922619047618
vt 0.3775035119047619 0.2321428571428571
vt 0.42488910714285716 0.7261904761904762
vt 0.33427107142857143 0.7261904761904762
vt 0.3340394642857143 0.6915006547619048
vt 0.415507619047619 0.6917441666666666
vt 0.035984047619047624 0.4985380952380952
vt 0.035984047619047624 0.41705773809523816
vt 0.054789761904761904 0.41666666666666663
vt 0.05463791666666666 0.49258642857142854
vt 0.4050597619047619 0.4694544047619048
vt 0.4050597619047619 0.39353392857142855
vt 0.4238092857142857 0.3928571428571429
vt 0.4237614880952381 0.46284619047619047
vt 0.45370190476190475 0.46242928571428565
vt 0.4357142857142857 0.4697458333333333
vt 0.4357142857142857 0.4000491666666667
vt 0.45334976190476195 0.3991071428571429
vt 0.6716858928571429 0.9464285714285714
vt 0.6080940476190476 0.9464285714285714
vt 0.6071428571428571 0.93226375
vt 0.6659695833333333 0.9321124404761905
vt 0.6906844642857143 0.5892857142857143
vt 0.6318520833333333 0.5892857142857143
vt 0.6309523809523809 0.57502
vt 0.684985119047619 0.5749448214285714
vt 0.5773809523809523 0.41666666666666663
vt 0.6252889285714286 0.41666666666666663
vt 0.6331782142857143 0.43452380952380953
vt 0.5791832738095238 0.4345008928571429
vt 0.625 0.9047619047619048
vt 0.6664456547619048 0.9047619047619048
vt 0.674701011904762 0.9226190476190477
vt 0.6268081547619048 0.9222295238095238
vt 0.6369047619047619 0.45238095238095233
vt 0.671424880952381 0.45238095238095233
vt 0.680083630952381 0.47023809523809523
vt 0.63864625 0.4700963690476191
vt 0.6785714285714286 0.6726190476190477
vt 0.7056585119047619 0.6726190476190477
vt 0.7143057738095239 0.6904761904761905
vt 0.6798114285714286 0.6895605952380952
vt 0.7321428571428571 0.9821428571428571
vt 0.7517620833333334 0.9821428571428571
vt 0.7600331547619048 1
vt 0.7329805952380952 0.9993410714285714
vt 0.7619047619047619 0.4752614285714285
vt 0.7619047619047619 0.4558948214285714
vt 0.7745691666666668 0.45556011904761906
vt 0.7814579166666666 0.47619047619047616
vt 0.6377658928571429 0.1834053571428571
vt 0.6436214880952381 0.20238095238095233
vt 0.6309523809523809 0.20238095238095233
vt 0.6313716666666667 0.18439351190476183
vt 0.09064095238095238 0.3794642857142857
vt 0.0954125 0.4339565476190477
vt 0.07738095238095238 0.4392216071428572
vt 0.07738095238095238 0.38115934523809525
vt 0.6071428571428571 0.6476839880952381
vt 0.6071428571428571 0.6995855952380953
vt 0.5892857142857143 0.701775
vt 0.5943830357142857 0.6473214285714286
vt 0.14285714285714285 0.3391038095238096
vt 0.14285714285714285 0.28720238095238093
vt 0.15332113095238095 0.28722107142857145
vt 0.1568377380952381 0.3374367857142857
vt 0.15476190476190477 0.45647369047619046
vt 0.15848166666666666 0.40625
vt 0.16666666666666666 0.40776851190476193
vt 0.16666666666666666 0.4568818452380953
vt 0.32142857142857145 0.3973515476190477
vt 0.32142857142857145 0.3482142857142857
vt 0.33563464285714284 0.35005559523809526
vt 0.3403076785714286 0.39752297619047616
vt 0.15476190476190477 0.3959526785714286
vt 0.15476190476190477 0.3482142857142857
vt 0.16927827380952382 0.3510082738095238
vt 0.17366267857142856 0.39779494047619046
vt 0.5926695833333333 0.7470753571428571
vt 0.6394188095238095 0.7425595238095238
vt 0.6362878571428572 0.761617738095238
vt 0.5892857142857143 0.761617738095238
vt 0.5828744047619048 0.3928571428571429
vt 0.6307752976190476 0.3928571428571429
vt 0.6239705952380953 0.4107142857142857
vt 0.5773809523809523 0.40520660714285717
vt 0.06537928571428571 0.8869047619047619
vt 0.04176357142857143 0.8869047619047619
vt 0.04196333333333333 0.8489205357142857
vt 0.3273809523809524 0.6761896428571428
vt 0.3273809523809524 0.7141738095238095
vt 0.25797089285714286 0.7142857142857143
vt 0.25595238095238093 0.5893686904761906
vt 0.5836776785714286 0.44047619047619047
vt 0.6332950595238095 0.44047619047619047
vt 0.6246279761904762 0.45833333333333337
vt 0.5773809523809523 0.45054535714285715
vt 0.6675226785714286 0.7916666666666666
vt 0.7189994642857143 0.7916666666666666
vt 0.7098805357142857 0.8035714285714286
vt 0.6607142857142857 0.7969525
vt 0.02603095238095238 0.47172619047619047
vt 0.032002380952380956 0.5331039285714285
vt 0.0007357142857142857 0.5463202380952381
vt 0.0007357142857142857 0.47822517857142854
vt 0.26884458333333333 0.39880952380952384
vt 0.2736388690476191 0.4566786904761905
vt 0.25595238095238093 0.4628694642857143
vt 0.25595238095238093 0.4012077976190477
vt 0.8571428571428571 0.6596754166666667
vt 0.8572066666666667 0.6464470238095238
vt 0.8630952380952381 0.6458333333333333
vt 0.8630952380952381 0.659165
vt 0.5892857142857143 0.10118148809523808
vt 0.5892857142857143 0.08397904761904751
vt 0.5904676785714286 0.08333333333333337
vt 0.5904881547619047 0.10075601190476191
vt 0.17261904761904762 0.15410684523809526
vt 0.17261904761904762 0.1343877976190475
vt 0.17857142857142858 0.1339285714285714
vt 0.17857142857142858 0.1537738095238096
vt 0.5773809523809523 0.10031696428571435
vt 0.5773809523809523 0.08075684523809523
vt 0.5785578571428571 0.0803571428571429
vt 0.5785893452380952 0.09998154761904754
vt 0.3392857142857143 0.13428785714285718
vt 0.34523809523809523 0.1339285714285714
vt 0.34523809523809523 0.15342815476190474
vt 0.3392977976190476 0.15360119047619047
vt 0.4762764880952381 0.13412815476190487
vt 0.48214285714285715 0.1339285714285714
vt 0.48214285714285715 0.15316321428571433
vt 0.47619047619047616 0.15327738095238086
vt 0.6428923214285714 0.1355501785714287
vt 0.6488095238095238 0.13541666666666663
vt 0.6488095238095238 0.1545341071428571
vt 0.6428571428571429 0.1545341071428571
vt 0.8991152380952381 0.3035714285714286
vt 0.9004274404761904 0.3035714285714286
vt 0.9001790476190475 0.31547619047619047
vt 0.8988095238095238 0.315401130952381
vt 0.9107142857142857 0.5505952380952381
vt 0.9107142857142857 0.5519669047619048
vt 0.8988095238095238 0.5524989285714286
vt 0.8988816071428571 0.551075357142857
vt 0.5893684523809524 0.13541666666666663
vt 0.5952380952380952 0.13554124999999995
vt 0.5952380952380952 0.15453720238095248
vt 0.5892857142857143 0.15426470238095236
vt 0.4881529166666667 0.13541666666666663
vt 0.49404761904761907 0.1356686309523809
vt 0.49404761904761907 0.1546615476190476
vt 0.4880952380952381 0.15420113095238097
vt 0.8453217857142857 0.48065476190476186
vt 0.8511904761904762 0.48107291666666663
vt 0.8511904761904762 0.4998866666666666
vt 0.8452380952380952 0.4993932738095238
vt 0.7857142857142857 0.19465922619047626
vt 0.7858600595238094 0.1607142857142857
vt 0.7916666666666666 0.16115172619047613
vt 0.7916666666666666 0.19557696428571436
vt 0.8452380952380952 0.14028869047619053
vt 0.8452380952380952 0.1607142857142857
vt 0.8392857142857143 0.1603686904761904
vt 0.8394235119047618 0.14051369047619056
vt 0.21428571428571427 0.5435657142857143
vt 0.21428571428571427 0.5654761904761905
vt 0.20833333333333334 0.5650055952380952
vt 0.20833333333333334 0.5432160119047619
vt 0.047619047619047616 0.8170705952380952
vt 0.047619047619047616 0.8392857142857143
vt 0.041666666666666664 0.8388080357142857
vt 0.041666666666666664 0.8165572619047619
vt 0.19642857142857142 0.7100625595238095
vt 0.19642857142857142 0.7321428571428572
vt 0.19047619047619047 0.7321342261904762
vt 0.19048589285714285 0.7095908333333334
vt 0.47023809523809523 0.10711744047619054
vt 0.47023809523809523 0.08333333333333337
vt 0.47236827380952384 0.08333333333333337
vt 0.4723569642857143 0.1071428571428571
vt 0.625 0.10712095238095232
vt 0.625 0.08569815476190479
vt 0.6271189880952381 0.08571595238095242
vt 0.6271269047619048 0.1071428571428571
vt 0.6369047619047619 0.1066591071428572
vt 0.6369047619047619 0.08612422619047622
vt 0.6390307738095238 0.08616916666666663
vt 0.639013630952381 0.1071428571428571
vt 0.34523809523809523 0.2970711309523809
vt 0.34523809523809523 0.28163125
vt 0.35119047619047616 0.2821575595238095
vt 0.35119047619047616 0.29761904761904767
vt 0.4583333333333333 0.37734434523809524
vt 0.4583333333333333 0.3928571428571429
vt 0.4523809523809524 0.3922361904761905
vt 0.4523983928571429 0.3768006547619047
vt 0.6488095238095238 0.10705065476190478
vt 0.6488095238095238 0.0865138095238096
vt 0.6509127380952381 0.0871980952380953
vt 0.6509210714285715 0.1071428571428571
vt 0.18452380952380953 0.15463821428571423
vt 0.18452380952380953 0.1347985119047619
vt 0.19047619047619047 0.13492273809523814
vt 0.19047619047619047 0.15476190476190477
vt 0.8511904761904762 0.6411294642857143
vt 0.8511904761904762 0.6607142857142857
vt 0.8452380952380952 0.6606416666666667
vt 0.8452458333333333 0.6410598809523809
vt 0.6666666666666666 0.14264428571428567
vt 0.6666666666666666 0.10691619047619039
vt 0.6687876190476191 0.1069780952380952
vt 0.6687692857142857 0.1428571428571429
vt 0.7261904761904762 0.8035714285714286
vt 0.7261904761904762 0.7935185714285714
vt 0.7321428571428571 0.7935683928571429
vt 0.7321428571428571 0.8032805952380953
vt 0.3630952380952381 0.18536738095238092
vt 0.3630952380952381 0.20527517857142863
vt 0.3518348214285714 0.20833333333333337
vt 0.35119047619047616 0.18945095238095244
vt 0.6845238095238095 0.18633708333333332
vt 0.6845238095238095 0.20524470238095238
vt 0.6734194642857142 0.20833333333333337
vt 0.6726190476190477 0.19055255952380956
vt 0.18452380952380953 0.21003184523809515
vt 0.18452380952380953 0.2278467261904763
vt 0.16781190476190475 0.2321428571428571
vt 0.16666666666666666 0.21588059523809533
vt 0.4583333333333333 0.5170540476190477
vt 0.4583333333333333 0.5333696428571428
vt 0.4467086904761905 0.5357142857142857
vt 0.44642857142857145 0.5202233333333333
vt 0.4166666666666667 0.5120242261904762
vt 0.4166666666666667 0.5275181547619048
vt 0.4048089880952381 0.5297619047619048
vt 0.40476190476190477 0.5150340476190476
vt 0.1488095238095238 0.1735166071428571
vt 0.1488095238095238 0.18824464285714293
vt 0.13702482142857142 0.19047619047619047
vt 0.13690476190476192 0.1765530357142857
vt 0.8214285714285714 0.5253363095238095
vt 0.8214285714285714 0.5392605357142857
vt 0.8095490476190477 0.5416666666666667
vt 0.8095238095238095 0.5286193452380952
vt 0.7619047619047619 0.174598869047619
vt 0.7619047619047619 0.1876467261904763
vt 0.7501219642857142 0.19047619047619047
vt 0.75 0.1784877380952381
vt 0.44047619047619047 0.16360833333333336
vt 0.44047619047619047 0.1755985714285715
vt 0.4286600595238095 0.1785714285714286
vt 0.42857142857142855 0.1677265476190476
vt 0.8392857142857143 0.7778236904761905
vt 0.8392857142857143 0.7886696428571428
vt 0.8274197023809523 0.7916666666666666
vt 0.8273809523809523 0.7819270238095238
vt 0.011904761904761904 0.14801351190476186
vt 0.011904761904761904 0.15775505952380953
vt 0.00008898809523809524 0.1607142857142857
vt 0 0.15209249999999996
vt 0.6011904761904762 0.8642432142857143
vt 0.6011904761904762 0.8728669642857143
vt 0.5893252380952381 0.875
vt 0.5892857142857143 0.8671832738095238
vt 0.8571428571428571 0.7817762500000001
vt 0.8571428571428571 0.78959375
vt 0.8453530357142857 0.7916666666666666
vt 0.8452380952380952 0.7846785119047619
vt 0.515056130952381 0.75
vt 0.5131564285714285 0.7559523809523809
vt 0.5 0.7549510119047619
vt 0.5015656547619047 0.75
vt 0.8656963095238096 0.5119047619047619
vt 0.8640629761904761 0.5178571428571428
vt 0.8511904761904762 0.5168913095238095
vt 0.852417738095238 0.5119047619047619
vt 0.31205142857142854 0.13690476190476186
vt 0.3107607738095238 0.1428571428571429
vt 0.2980676190476191 0.1419082142857142
vt 0.2990239880952381 0.13690476190476186
vt 0.07142857142857142 0.20238095238095233
vt 0.07142857142857142 0.18186773809523804
vt 0.08295779761904762 0.18047380952380954
vt 0.08276285714285714 0.20113875000000003
vt 0.7916666666666666 0.5238095238095238
vt 0.7916666666666666 0.5039014285714285
vt 0.8038681547619048 0.5010780952380953
vt 0.8035036904761904 0.5215817857142857
vt 0.8612032142857143 0.29761904761904767
vt 0.8601822619047619 0.3035714285714286
vt 0.8397106547619048 0.30066577380952375
vt 0.8396896428571429 0.29761904761904767
vt 0.8597520833333334 0.17261904761904767
vt 0.8396266666666666 0.1718923809523809
vt 0.8394463095238096 0.16666666666666663
vt 0.8601190476190477 0.16666666666666663
vt 0.6666666666666666 0.6116355952380952
vt 0.6733489880952381 0.6038307738095238
vt 0.7238527380952381 0.5997023809523809
vt 0.718143988095238 0.6116355952380952
vt 0.7976190476190477 0.35119047619047616
vt 0.8010216071428571 0.3392857142857143
vt 0.8160469047619048 0.3392857142857143
vt 0.812730119047619 0.35102922619047616
vt 0.7976190476190477 0.36904761904761907
vt 0.8024279761904761 0.3571428571428571
vt 0.8175419047619047 0.3571428571428571
vt 0.8129695238095238 0.36873999999999996
vt 0.08928571428571429 0.20238095238095233
vt 0.09507619047619047 0.19047619047619047
vt 0.11043916666666667 0.19047619047619047
vt 0.10486845238095237 0.2020094642857143
vt 0.7857142857142857 0.5773809523809523
vt 0.801180238095238 0.5773809523809523
vt 0.8112718452380951 0.5892857142857143
vt 0.7963131547619048 0.5889688095238095
vt 0.3130428571428571 0.15943529761904762
vt 0.2976190476190476 0.15943529761904762
vt 0.3054301190476191 0.15327380952380953
vt 0.32113113095238094 0.15354970238095234
vt 0.39285714285714285 0.7678571428571428
vt 0.400958630952381 0.7619047619047619
vt 0.4163827976190476 0.7619047619047619
vt 0.40777869047619053 0.7676557142857143
vt 0.612658511904762 0.7323625
vt 0.6037055952380952 0.7378738095238095
vt 0.5892857142857143 0.7378738095238095
vt 0.5977365476190476 0.7321428571428572
vt 0.8488314880952381 0.3392857142857143
vt 0.8632508333333333 0.3392857142857143
vt 0.8532288690476191 0.34495607142857143
vt 0.8392857142857143 0.34523809523809523
vt 0.8351113095238095 0.32621410714285715
vt 0.8228252380952382 0.3332000595238095
vt 0.8095238095238095 0.3332000595238095
vt 0.8211692261904763 0.3258928571428571
vt 0.8459419642857142 0.9226190476190477
vt 0.859243511904762 0.9226190476190477
vt 0.8459634523809524 0.928173869047619
vt 0.8333333333333334 0.9285714285714286
vt 0.8519950000000001 0.7619047619047619
vt 0.8646314880952382 0.7619047619047619
vt 0.8512124404761905 0.7675088690476191
vt 0.8392857142857143 0.7678571428571428
vt 0.8591316071428572 0.5252976190476191
vt 0.8702032738095239 0.5297482738095238
vt 0.8558776785714286 0.5297482738095238
vt 0.8452380952380952 0.5259300595238096
vt 0.8486860714285714 0.1785714285714286
vt 0.8599906547619047 0.1785714285714286
vt 0.8500572023809523 0.1842443452380952
vt 0.8392857142857143 0.18452380952380953
vt 0.8547973214285715 0.8630952380952381
vt 0.8655720833333334 0.8630952380952381
vt 0.855607380952381 0.868678869047619
vt 0.8452380952380952 0.8690476190476191
vt 0.876322380952381 0.40773809523809523
vt 0.8863373214285715 0.41045267857142864
vt 0.8726701785714285 0.41045267857142864
vt 0.8630952380952381 0.40833386904761904
vt 0.9058079166666666 0.6705417261904763
vt 0.9153922023809523 0.6726190476190477
vt 0.9020046428571428 0.6726190476190477
vt 0.8928571428571429 0.6711276785714286
vt 0.9098327380952381 0.6234469047619048
vt 0.9189709523809524 0.625
vt 0.9058302976190475 0.625
vt 0.8994814285714285 0.6235990476190476
vt 0.6792336904761905 0.14980964285714293
vt 0.6779721428571429 0.1607142857142857
vt 0.6666666666666666 0.1607142857142857
vt 0.6678308333333334 0.1498613095238096
vt 0.853086011904762 0.7452188095238095
vt 0.8511025 0.7559523809523809
vt 0.8392857142857143 0.7559523809523809
vt 0.8410373809523809 0.7454983928571428
vt 0.5466310119047619 0.49418297619047613
vt 0.5447868452380953 0.5051979761904761
vt 0.5297619047619048 0.5051979761904761
vt 0.5316304761904762 0.49404761904761907
vt 0.6748746428571428 0.16666666666666663
vt 0.6872718452380953 0.16666666666666663
vt 0.6846148214285714 0.1785714285714286
vt 0.6726190476190477 0.17817416666666663
vt 0.829631488095238 0.7976190476190477
vt 0.8414858928571428 0.7976190476190477
vt 0.8387321428571429 0.8095238095238095
vt 0.8273809523809523 0.8090827976190477
vt 0.8056914285714285 0.9880952380952381
vt 0.8217945238095238 0.9880952380952381
vt 0.8190227976190476 1
vt 0.8035714285714286 0.9993923809523809
vt 0.5238095238095238 0.9351861904761904
vt 0.5238095238095238 0.9440094047619048
vt 0.5119939880952381 0.9464285714285714
vt 0.5119047619047619 0.9380031547619048
vt 0.15846154761904763 0.14629630952380945
vt 0.1488095238095238 0.14880952380952384
vt 0.1488095238095238 0.1407673214285714
vt 0.1583819642857143 0.13787089285714282
vt 0.861027380952381 0.8960680357142857
vt 0.8511904761904762 0.8988095238095238
vt 0.8511904761904762 0.8911302380952381
vt 0.8608800595238095 0.888027738095238
vt 0.15395464285714286 0.2764731547619048
vt 0.14285714285714285 0.27976190476190477
vt 0.14285714285714285 0.27247166666666667
vt 0.15382119047619047 0.2687973809523809
vt 0.8523545238095238 0.97787375
vt 0.8392857142857143 0.9821428571428571
vt 0.8392857142857143 0.9753214880952381
vt 0.8521418452380952 0.9705880952380952
vt 0.7847502976190477 0.14829666666666663
vt 0.7825724404761905 0.15476190476190477
vt 0.7678571428571429 0.15476190476190477
vt 0.7700831547619048 0.1488261904761905
vt 0.3263676190476191 0.7202380952380952
vt 0.3238111904761905 0.7261904761904762
vt 0.30952380952380953 0.7256306547619047
vt 0.3120583928571429 0.7202380952380952
vt 0.6353442857142857 0.6137344047619048
vt 0.632956369047619 0.6190476190476191
vt 0.6190476190476191 0.6190476190476191
vt 0.6214923809523809 0.6142641666666667
vt 0.8571428571428571 0.8173414880952381
vt 0.8571428571428571 0.8227158928571429
vt 0.8452380952380952 0.8273809523809523
vt 0.8454017261904762 0.8223761309523809
vt 0.32812928571428573 0.10872642857142856
vt 0.3256780357142857 0.11309523809523814
vt 0.31547619047619047 0.11309523809523814
vt 0.3179750595238095 0.1091151785714285
vt 0.8788880952380952 0.3829560119047619
vt 0.8763360119047618 0.38690476190476186
vt 0.8630952380952381 0.38690476190476186
vt 0.8657044047619048 0.3834581547619047
vt 0.9025259523809523 0.6572983333333333
vt 0.8998695833333333 0.6607142857142857
vt 0.8869047619047619 0.6607142857142857
vt 0.8896284523809525 0.6578111904761905
vt 0.8704423214285714 0.5
vt 0.8675656547619047 0.5059523809523809
vt 0.85723625 0.5052485714285715
vt 0.8577147023809524 0.5
vt 0.8938648214285714 0.5178571428571428
vt 0.8935516666666666 0.5157993452380952
vt 0.9136904761904762 0.5157993452380952
vt 0.9196428571428571 0.45833333333333337
vt 0.8934497619047619 0.45833333333333337
vt 0.9133230952380952 0.45680220238095237
vt 0.7148160714285714 0.5457460119047619
vt 0.7546360714285714 0.5431547619047619
vt 0.7590022023809524 0.5533480357142857
vt 0.7083333333333334 0.5533480357142857
vt 0.6922660119047619 0.9857755952380952
vt 0.7201355952380952 0.9836309523809523
vt 0.7244268452380952 0.9985859523809524
vt 0.6845238095238095 0.9985859523809524
vt 0.7900631547619048 0.6320214285714285
vt 0.8115961904761905 0.6309523809523809
vt 0.8136661309523809 0.6420668452380952
vt 0.7857142857142857 0.6420668452380952
vt 0.7594017857142857 0.20216124999999996
vt 0.7797619047619048 0.2008928571428571
vt 0.7797619047619048 0.2128282142857143
vt 0.7559523809523809 0.2132795833333334
vt 0.8217210714285714 0.9390518452380953
vt 0.8035714285714286 0.9390518452380953
vt 0.8064123214285714 0.9277633928571428
vt 0.8222508333333333 0.9270833333333334
vt 0.13843863095238096 0.5363360119047619
vt 0.15328184523809524 0.5357142857142857
vt 0.15275767857142858 0.5473980952380952
vt 0.13690476190476192 0.5473980952380952
vt 0.8399446428571429 0.4107142857142857
vt 0.8520196428571428 0.4107142857142857
vt 0.8519547619047619 0.42261904761904767
vt 0.8400089285714285 0.42261904761904767
vt 0.8040994047619047 0.7857142857142857
vt 0.8164363095238096 0.7857142857142857
vt 0.8163053571428571 0.8035714285714286
vt 0.8042303571428572 0.8035714285714286
vt 0.29236755952380955 0.19047619047619047
vt 0.2805497023809524 0.19047619047619047
vt 0.28048541666666665 0.17261904761904767
vt 0.29243125000000003 0.17261904761904767
vt 0.2688672619047619 0.1607142857142857
vt 0.25643035714285717 0.1607142857142857
vt 0.256739880952381 0.14880952380952384
vt 0.2685577380952381 0.14880952380952384
vt 0.6309523809523809 0.22477904761904755
vt 0.625 0.22470238095238093
vt 0.625 0.31536672619047623
vt 0.6309523809523809 0.3154439880952381
vt 0.7916945833333334 0.5985986904761905
vt 0.7916666666666666 0.6011904761904762
vt 0.8872560714285714 0.6011904761904762
vt 0.8873227380952381 0.5986092261904762
vt 0.4739497619047619 0.7916666666666666
vt 0.47401154761904757 0.7857142857142857
vt 0.41672779761904766 0.7857142857142857
vt 0.4166666666666667 0.7916666666666666
vt 0.2887168452380952 0.11465011904761913
vt 0.2857142857142857 0.11458333333333337
vt 0.2857142857142857 0.14235077380952377
vt 0.2886830357142857 0.14240000000000008
vt 0.8928571428571429 0.44345238095238093
vt 0.8630952380952381 0.4442272619047619
vt 0.8630952380952381 0.4457211904761904
vt 0.8928571428571429 0.44494630952380954
vt 0.8452380952380952 0.6964285714285714
vt 0.8452380952380952 0.6904761904761905
vt 0.8154761904761905 0.6904761904761905
vt 0.8154761904761905 0.6964285714285714
vt 0.7380651785714286 0.875
vt 0.7380812499999999 0.8690476190476191
vt 0.6845538690476191 0.8690476190476191
vt 0.6845377976190476 0.875
vt 0.1488095238095238 0.34727244047619044
vt 0.14285714285714285 0.3472658928571428
vt 0.14285714285714285 0.38689821428571436
vt 0.1488095238095238 0.38690476190476186
vt 0.8198532142857143 0.30952380952380953
vt 0.7560396428571429 0.30952380952380953
vt 0.7847000595238095 0.31547619047619047
vt 0.8153071428571428 0.31504333333333334
vt 0.48214297619047625 0.8511904761904762
vt 0.5476189285714286 0.8511904761904762
vt 0.5408098214285714 0.8224529166666666
vt 0.48728577380952376 0.822604761904762
vt 0.19047619047619047 0.19745583333333339
vt 0.19642857142857142 0.22619047619047616
vt 0.19642857142857142 0.16276732142857142
vt 0.19060279761904764 0.16706803571428575
vt 0.2561968452380952 0.22547142857142854
vt 0.2619047619047619 0.2321428571428571
vt 0.2619047619047619 0.1675154166666667
vt 0.25595238095238093 0.17178833333333343
vt 0.9041504761904762 0.4464285714285714
vt 0.9041504761904762 0.4420030952380952
vt 0.8994209523809524 0.44205523809523817
vt 0.27380952380952384 0.2256352380952381
vt 0.27380952380952384 0.17189178571428576
vt 0.26785714285714285 0.16751809523809535
vt 0.2683539285714286 0.2321428571428571
vt 0.4523809523809524 0.10119047619047616
vt 0.45566023809523815 0.09844994047619049
vt 0.4523809523809524 0.09342184523809527
vt 0.4206967857142857 0.10119047619047616
vt 0.4206967857142857 0.09357535714285725
vt 0.41710083333333337 0.096383630952381
vt 0.8316174999999999 0.25595238095238093
vt 0.8368908928571428 0.25595238095238093
vt 0.8404278571428572 0.2512851785714285
vt 0.7920126190476191 0.2515232142857142
vt 0.8217020238095238 0.5670030952380952
vt 0.8217020238095238 0.5714285714285714
vt 0.8613336904761905 0.5711844642857142
vt 0.4107142857142857 0.24123892857142848
vt 0.4107142857142857 0.17389559523809528
vt 0.40476190476190477 0.177080119047619
vt 0.40536886904761904 0.24404761904761907
vt 0.21875 0.20767565476190475
vt 0.21875 0.11904761904761907
vt 0.2157467261904762 0.20769619047619037
vt 0.5223214285714286 0.2077471428571429
vt 0.5223214285714286 0.11904761904761907
vt 0.5193205357142857 0.11916982142857147
vt 0.5357142857142857 0.36904761904761907
vt 0.5357142857142857 0.2544295833333333
vt 0.5298261904761905 0.26534398809523807
vt 0.5297619047619048 0.36290999999999995
vt 0.5238095238095238 0.3214285714285714
vt 0.5238095238095238 0.21525166666666673
vt 0.5178734523809524 0.22081898809523803
vt 0.5178571428571429 0.31148374999999995
vt 0.06547619047619048 0.3334102976190476
vt 0.06547619047619048 0.2378211309523809
vt 0.05953696428571428 0.22728928571428564
vt 0.05952380952380952 0.3392857142857143
vt 0.6428571428571429 0.32924946428571433
vt 0.6428571428571429 0.23884309523809522
vt 0.6369047619047619 0.2330134523809525
vt 0.637087619047619 0.3392857142857143
vt 0.6547619047619048 0.16657005952380943
vt 0.6547619047619048 0.19432023809523813
vt 0.661416011904762 0.20238095238095233
vt 0.6614318452380952 0.1693950595238095
vt 0.20238095238095238 0.12492017857142856
vt 0.20238095238095238 0.21354839285714278
vt 0.20515922619047616 0.22023809523809523
vt 0.20479773809523807 0.11433029761904767
vt 0.05357142857142857 0.23615648809523815
vt 0.05357142857142857 0.17887297619047615
vt 0.047619047619047616 0.1693163095238096
vt 0.04769571428571428 0.23809523809523814
vt 0.20833333333333334 0.33604672619047615
vt 0.20833333333333334 0.2299822619047619
vt 0.20238095238095238 0.23337696428571442
vt 0.20240636904761905 0.3392857142857143
vt 0.5297619047619048 0.13798303571428572
vt 0.5297619047619048 0.24404761904761907
vt 0.5335799404761905 0.24226482142857142
vt 0.5335263690476191 0.13599160714285707
vt 0.7023809523809523 0.2521181547619048
vt 0.7023809523809523 0.18430500000000005
vt 0.6964285714285714 0.18109404761904757
vt 0.6971805952380953 0.26190476190476186
vt 0.6130952380952381 0.31490321428571433
vt 0.6190476190476191 0.31482958333333333
vt 0.6190476190476191 0.21726190476190477
vt 0.6131220238095237 0.2172757738095238
vt 0.7919200000000001 0.43194440476190477
vt 0.7920339285714286 0.43452380952380953
vt 0.8824404761904762 0.43452380952380953
vt 0.8823851190476191 0.43190523809523806
vt 0.8041595833333333 0.7291396428571428
vt 0.8042103571428572 0.7321428571428572
vt 0.8720238095238095 0.7321428571428572
vt 0.8719658928571429 0.7291741071428571
vt 0.7990491071428572 0.11309523809523814
vt 0.797671011904762 0.16666666666666663
vt 0.7991651785714285 0.16666666666666663
vt 0.8005432738095237 0.11309523809523814
vt 0.8341404761904763 0.6547619047619048
vt 0.8341863690476191 0.6488095238095238
vt 0.7804422619047618 0.6488095238095238
vt 0.7803969642857143 0.6547619047619048
vt 0.4493986904761905 0.13095238095238093
vt 0.4476028571428572 0.1964285714285714
vt 0.4490970238095238 0.1964285714285714
vt 0.45089285714285715 0.13095238095238093
vt 0.9014695238095237 0.29377595238095233
vt 0.8988095238095238 0.29043791666666663
vt 0.8988095238095238 0.29761904761904767
vt 0.9014094047619048 0.27976190476190477
vt 0.9014094047619048 0.27258065476190474
vt 0.8988095238095238 0.2768383333333334
vt 0.5808579761904762 0.12366428571428567
vt 0.5773809523809523 0.12187017857142857
vt 0.5773809523809523 0.15476190476190477
vt 0.7230743452380952 0.14880952380952384
vt 0.7230743452380952 0.11591803571428572
vt 0.7202380952380952 0.14878119047619043
vt 0.502903869047619 0.12246845238095239
vt 0.5000723214285715 0.12229934523809527
vt 0.5000723214285715 0.19047619047619047
vt 0.40739422619047616 0.16666666666666663
vt 0.40739422619047616 0.09849023809523805
vt 0.40510577380952384 0.16612249999999995
vt 0.14285714285714285 0.20073797619047629
vt 0.14285714285714285 0.2321428571428571
vt 0.15556535714285713 0.22807660714285716
vt 0.25595238095238093 0.3392857142857143
vt 0.2790347023809524 0.3198928571428572
vt 0.25595238095238093 0.30799398809523815
vt 0.4166666666666667 0.12912851190476193
vt 0.42082726190476194 0.15476190476190477
vt 0.42082726190476194 0.12699875000000005
vt 0.35263011904761904 0.4785445833333333
vt 0.32161660714285717 0.4735999404761905
vt 0.32161660714285717 0.5416666666666667
vt 0.35397863095238097 0.5221929761904762
vt 0.3631798214285714 0.6428571428571428
vt 0.4523809523809524 0.6427889880952381
vt 0.4523809523809524 0.5991173214285714
vt 0.3630952380952381 0.5991852380952382
vt 0.5119047619047619 0.9761904761904762
vt 0.5119047619047619 0.9541227976190476
vt 0.4166666666666667 0.962245
vt 0.41791261904761906 0.9755279761904762
vt 0.31576041666666665 0.8869047619047619
vt 0.31640309523809523 0.7976190476190477
vt 0.09588857142857142 0.7976190476190477
vt 0.08984690476190475 0.8851272619047619
vt 0.5106807142857143 0.19871077380952384
vt 0.5059523809523809 0.197395
vt 0.5059523809523809 0.3035714285714286
vt 0.25655791666666666 0.9226190476190477
vt 0.4770730357142857 0.9226190476190477
vt 0.4587577976190476 0.8895833333333333
vt 0.19047619047619047 0.7011810714285714
vt 0.21817369047619048 0.7023809523809523
vt 0.24053136904761904 0.6124602976190476
vt 0.19047619047619047 0.5960436904761905
vt 0.8514033333333334 0.14571374999999998
vt 0.8511904761904762 0.14880952380952384
vt 0.8789536309523809 0.14880952380952384
vt 0.6785714285714286 0.09697499999999992
vt 0.6792416666666666 0.10119047619047616
vt 0.6823446428571428 0.10117738095238105
vt 0.6826422619047618 0.09612857142857134
vt 0.6428571428571429 0.4821428571428571
vt 0.7478138095238096 0.47556297619047627
vt 0.6428571428571429 0.47703922619047623
vt 0.9166666666666666 0.8488815476190477
vt 0.7142857142857143 0.8488815476190477
vt 0.9162160714285713 0.8511904761904762
vt 0.30379190476190476 0.9345235119047619
vt 0.30379190476190476 0.9702380952380952
vt 0.5057319047619048 0.9356509523809524
vt 0.7209814285714286 0.1964285714285714
vt 0.7269352380952381 0.1964285714285714
vt 0.7253994642857142 0.16074738095238095
vt 0.7209814285714286 0.1604463690476191
vt 0.4880952380952381 0.24960232142857142
vt 0.5 0.25
vt 0.5 0.21428553571428566
vt 0.4880952380952381 0.21388785714285707
vt 0.7380952380952381 0.2438080952380952
vt 0.75 0.24404761904761907
vt 0.75 0.20833345238095247
vt 0.7380952380952381 0.2080939285714285
vt 0.3274216071428572 0.8511904761904762
vt 0.329062619047619 0.8928571428571429
vt 0.3650180357142857 0.8914399404761905
vt 0.46424505952380957 0.8511904761904762
vt 0.23809523809523808 0.3988436904761905
vt 0.23809523809523808 0.49057130952380956
vt 0.25 0.49404761904761907
vt 0.25 0.38565785714285716
vt 0.30357142857142855 0.4013264880952381
vt 0.30357142857142855 0.5098091666666666
vt 0.31547619047619047 0.5119047619047619
vt 0.31547619047619047 0.39827880952380945
vt 0.09017595238095237 0.5535714285714286
vt 0.08928571428571429 0.6701772023809525
vt 0.14875934523809523 0.6726190476190477
vt 0.14966910714285714 0.5535714285714286
vt 0.42857142857142855 0.21231148809523803
vt 0.44047619047619047 0.2142857142857143
vt 0.44047619047619047 0.19047619047619047
vt 0.42857142857142855 0.1885020833333334
vt 0.5773809523809523 0.21309619047619055
vt 0.5892857142857143 0.2142857142857143
vt 0.5892857142857143 0.19047654761904753
vt 0.5773809523809523 0.1892862500000001
vt 0.5238095238095238 0.7607814880952382
vt 0.5833333333333334 0.7619047619047619
vt 0.5833333333333334 0.7380952976190476
vt 0.5238095238095238 0.7369720238095239
vt 0.4642857142857143 0.5354880357142857
vt 0.5238095238095238 0.5357142857142857
vt 0.5238095238095238 0.5
vt 0.4642857142857143 0.49977375
vt 0.5416666666666666 0.14758172619047627
vt 0.5459306547619048 0.14880952380952384
vt 0.5459306547619048 0.1249998809523809
vt 0.5714285714285714 0.3237049404761905
vt 0.5714285714285714 0.23218029761904768
vt 0.5686858333333333 0.23840023809523814
vt 0.5654761904761905 0.34523809523809523
vt 0.03720238095238095 0.0821964285714285
vt 0.03632041666666667 0.0803571428571429
vt 0.03632041666666667 0.09425595238095241
vt 0.21839208333333332 0.11211273809523803
vt 0.21839208333333332 0.0982142857142857
vt 0.21428571428571427 0.10173666666666659
vt 0.5654761904761905 0.22534845238095236
vt 0.570206011904762 0.22272196428571434
vt 0.5654761904761905 0.15476190476190477
vt 0.21351017857142857 0.47023809523809523
vt 0.1790855357142857 0.47051255952380955
vt 0.1790855357142857 0.5347813690476191
vt 0.21377160714285712 0.5343126190476191
vt 0.32783035714285713 0.7872023809523809
vt 0.32783035714285713 0.8291882142857143
vt 0.4085130357142857 0.8438258333333333
vt 0.40877678571428566 0.7886250595238096
vt 0.566125 0.6049970238095238
vt 0.6585773809523809 0.6071428571428572
vt 0.6567425595238096 0.5972585119047619
vt 0.566125 0.5969570238095239
vt 0.36949178571428576 0.24119922619047618
vt 0.36949178571428576 0.29649148809523806
vt 0.3775320238095238 0.2964118452380953
vt 0.3775035119047619 0.2321428571428571
vt 0.054789761904761904 0.41666666666666663
vt 0.035984047619047624 0.41705773809523816
vt 0.035984047619047624 0.4985380952380952
vt 0.05463791666666666 0.49258642857142854
vt 0.4238092857142857 0.3928571428571429
vt 0.4050597619047619 0.39353392857142855
vt 0.4050597619047619 0.4694544047619048
vt 0.4237614880952381 0.46284619047619047
vt 0.4357142857142857 0.4000491666666667
vt 0.4357142857142857 0.4697458333333333
vt 0.45370190476190475 0.46242928571428565
vt 0.45334976190476195 0.3991071428571429
vt 0.6071428571428571 0.93226375
vt 0.6080940476190476 0.9464285714285714
vt 0.6716858928571429 0.9464285714285714
vt 0.6659695833333333 0.9321124404761905
vt 0.6309523809523809 0.57502
vt 0.6318520833333333 0.5892857142857143
vt 0.6906844642857143 0.5892857142857143
vt 0.684985119047619 0.5749448214285714
vt 0.6331782142857143 0.43452380952380953
vt 0.6252889285714286 0.41666666666666663
vt 0.5773809523809523 0.41666666666666663
vt 0.5791832738095238 0.4345008928571429
vt 0.674701011904762 0.9226190476190477
vt 0.6664456547619048 0.9047619047619048
vt 0.625 0.9047619047619048
vt 0.6268081547619048 0.9222295238095238
vt 0.680083630952381 0.47023809523809523
vt 0.671424880952381 0.45238095238095233
vt 0.6369047619047619 0.45238095238095233
vt 0.63864625 0.4700963690476191
vt 0.7143057738095239 0.6904761904761905
vt 0.7056585119047619 0.6726190476190477
vt 0.6785714285714286 0.6726190476190477
vt 0.6798114285714286 0.6895605952380952
vt 0.7600331547619048 1
vt 0.7517620833333334 0.9821428571428571
vt 0.7321428571428571 0.9821428571428571
vt 0.7329805952380952 0.9993410714285714
vt 0.7745691666666668 0.45556011904761906
vt 0.7619047619047619 0.4558948214285714
vt 0.7619047619047619 0.4752614285714285
vt 0.7814579166666666 0.47619047619047616
vt 0.6309523809523809 0.20238095238095233
vt 0.6436214880952381 0.20238095238095233
vt 0.6377658928571429 0.1834053571428571
vt 0.6313716666666667 0.18439351190476183
vt 0.07738095238095238 0.4392216071428572
vt 0.0954125 0.4339565476190477
vt 0.09064095238095238 0.3794642857142857
vt 0.07738095238095238 0.38115934523809525
vt 0.5892857142857143 0.701775
vt 0.6071428571428571 0.6995855952380953
vt 0.6071428571428571 0.6476839880952381
vt 0.5943830357142857 0.6473214285714286
vt 0.15332113095238095 0.28722107142857145
vt 0.14285714285714285 0.28720238095238093
vt 0.14285714285714285 0.3391038095238096
vt 0.1568377380952381 0.3374367857142857
vt 0.16666666666666666 0.40776851190476193
vt 0.15848166666666666 0.40625
vt 0.15476190476190477 0.45647369047619046
vt 0.16666666666666666 0.4568818452380953
vt 0.33563464285714284 0.35005559523809526
vt 0.32142857142857145 0.3482142857142857
vt 0.32142857142857145 0.3973515476190477
vt 0.3403076785714286 0.39752297619047616
vt 0.16927827380952382 0.3510082738095238
vt 0.15476190476190477 0.3482142857142857
vt 0.15476190476190477 0.3959526785714286
vt 0.17366267857142856 0.39779494047619046
vt 0.6362878571428572 0.761617738095238
vt 0.6394188095238095 0.7425595238095238
vt 0.5926695833333333 0.7470753571428571
vt 0.5892857142857143 0.761617738095238
vt 0.6239705952380953 0.4107142857142857
vt 0.6307752976190476 0.3928571428571429
vt 0.5828744047619048 0.3928571428571429
vt 0.5773809523809523 0.40520660714285717
vt 0.9763842857142857 0.9002976190476191
vt 1 0.9002976190476191
vt 0.9765840476190477 0.8623133928571428
vt 0.9305899404761905 1
vt 1 0.9998880952380952
vt 1 0.9619039285714286
vt 0.9285714285714286 0.8750829761904761
vt 0.6246279761904762 0.45833333333333337
vt 0.6332950595238095 0.44047619047619047
vt 0.5836776785714286 0.44047619047619047
vt 0.5773809523809523 0.45054535714285715
vt 0.7098805357142857 0.8035714285714286
vt 0.7189994642857143 0.7916666666666666
vt 0.6675226785714286 0.7916666666666666
vt 0.6607142857142857 0.7969525
vt 0.0007357142857142857 0.5463202380952381
vt 0.032002380952380956 0.5331039285714285
vt 0.02603095238095238 0.47172619047619047
vt 0.0007357142857142857 0.47822517857142854
vt 0.25595238095238093 0.4628694642857143
vt 0.2736388690476191 0.4566786904761905
vt 0.26884458333333333 0.39880952380952384
vt 0.25595238095238093 0.4012077976190477
vt 0.8630952380952381 0.6458333333333333
vt 0.8572066666666667 0.6464470238095238
vt 0.8571428571428571 0.6596754166666667
vt 0.8630952380952381 0.659165
vt 0.5904676785714286 0.08333333333333337
vt 0.5892857142857143 0.08397904761904751
vt 0.5892857142857143 0.10118148809523808
vt 0.5904881547619047 0.10075601190476191
vt 0.17857142857142858 0.1339285714285714
vt 0.17261904761904762 0.1343877976190475
vt 0.17261904761904762 0.15410684523809526
vt 0.17857142857142858 0.1537738095238096
vt 0.5785578571428571 0.0803571428571429
vt 0.5773809523809523 0.08075684523809523
vt 0.5773809523809523 0.10031696428571435
vt 0.5785893452380952 0.09998154761904754
vt 0.34523809523809523 0.15342815476190474
vt 0.34523809523809523 0.1339285714285714
vt 0.3392857142857143 0.13428785714285718
vt 0.3392977976190476 0.15360119047619047
vt 0.48214285714285715 0.15316321428571433
vt 0.48214285714285715 0.1339285714285714
vt 0.4762764880952381 0.13412815476190487
vt 0.47619047619047616 0.15327738095238086
vt 0.6488095238095238 0.1545341071428571
vt 0.6488095238095238 0.13541666666666663
vt 0.6428923214285714 0.1355501785714287
vt 0.6428571428571429 0.1545341071428571
vt 0.9001790476190475 0.31547619047619047
vt 0.9004274404761904 0.3035714285714286
vt 0.8991152380952381 0.3035714285714286
vt 0.8988095238095238 0.315401130952381
vt 0.8988095238095238 0.5524989285714286
vt 0.9107142857142857 0.5519669047619048
vt 0.9107142857142857 0.5505952380952381
vt 0.8988816071428571 0.551075357142857
vt 0.5952380952380952 0.15453720238095248
vt 0.5952380952380952 0.13554124999999995
vt 0.5893684523809524 0.13541666666666663
vt 0.5892857142857143 0.15426470238095236
vt 0.49404761904761907 0.1546615476190476
vt 0.49404761904761907 0.1356686309523809
vt 0.4881529166666667 0.13541666666666663
vt 0.4880952380952381 0.15420113095238097
vt 0.8511904761904762 0.4998866666666666
vt 0.8511904761904762 0.48107291666666663
vt 0.8453217857142857 0.48065476190476186
vt 0.8452380952380952 0.4993932738095238
vt 0.7916666666666666 0.16115172619047613
vt 0.7858600595238094 0.1607142857142857
vt 0.7857142857142857 0.19465922619047626
vt 0.7916666666666666 0.19557696428571436
vt 0.8392857142857143 0.1603686904761904
vt 0.8452380952380952 0.1607142857142857
vt 0.8452380952380952 0.14028869047619053
vt 0.8394235119047618 0.14051369047619056
vt 0.20833333333333334 0.5650055952380952
vt 0.21428571428571427 0.5654761904761905
vt 0.21428571428571427 0.5435657142857143
vt 0.20833333333333334 0.5432160119047619
vt 0.041666666666666664 0.8388080357142857
vt 0.047619047619047616 0.8392857142857143
vt 0.047619047619047616 0.8170705952380952
vt 0.041666666666666664 0.8165572619047619
vt 0.19047619047619047 0.7321342261904762
vt 0.19642857142857142 0.7321428571428572
vt 0.19642857142857142 0.7100625595238095
vt 0.19048589285714285 0.7095908333333334
vt 0.47236827380952384 0.08333333333333337
vt 0.47023809523809523 0.08333333333333337
vt 0.47023809523809523 0.10711744047619054
vt 0.4723569642857143 0.1071428571428571
vt 0.6271189880952381 0.08571595238095242
vt 0.625 0.08569815476190479
vt 0.625 0.10712095238095232
vt 0.6271269047619048 0.1071428571428571
vt 0.6390307738095238 0.08616916666666663
vt 0.6369047619047619 0.08612422619047622
vt 0.6369047619047619 0.1066591071428572
vt 0.639013630952381 0.1071428571428571
vt 0.35119047619047616 0.2821575595238095
vt 0.34523809523809523 0.28163125
vt 0.34523809523809523 0.2970711309523809
vt 0.35119047619047616 0.29761904761904767
vt 0.4523809523809524 0.3922361904761905
vt 0.4583333333333333 0.3928571428571429
vt 0.4583333333333333 0.37734434523809524
vt 0.4523983928571429 0.3768006547619047
vt 0.6509127380952381 0.0871980952380953
vt 0.6488095238095238 0.0865138095238096
vt 0.6488095238095238 0.10705065476190478
vt 0.6509210714285715 0.1071428571428571
vt 0.19047619047619047 0.13492273809523814
vt 0.18452380952380953 0.1347985119047619
vt 0.18452380952380953 0.15463821428571423
vt 0.19047619047619047 0.15476190476190477
vt 0.8452380952380952 0.6606416666666667
vt 0.8511904761904762 0.6607142857142857
vt 0.8511904761904762 0.6411294642857143
vt 0.8452458333333333 0.6410598809523809
vt 0.6687876190476191 0.1069780952380952
vt 0.6666666666666666 0.10691619047619039
vt 0.6666666666666666 0.14264428571428567
vt 0.6687692857142857 0.1428571428571429
vt 0.7321428571428571 0.7935683928571429
vt 0.7261904761904762 0.7935185714285714
vt 0.7261904761904762 0.8035714285714286
vt 0.7321428571428571 0.8032805952380953
vt 0.3607317261904762 0.3742283333333334
vt 0.3560485119047619 0.4251441071428571
vt 0.37527369047619047 0.42280613095238095
vt 0.37813529761904763 0.3742283333333334
vt 0.5998382142857143 0.5891369047619047
vt 0.5994850595238095 0.5712797619047618
vt 0.5355784523809524 0.5712797619047618
vt 0.5357798809523809 0.5890842857142857
vt 0.019586130952380952 0.3983630952380952
vt 0.0005952380952380953 0.3986799404761905
vt 0.0005952380952380953 0.4625873214285714
vt 0.019152738095238094 0.46201458333333334
vt 0.12993994047619048 0.45643791666666667
vt 0.1477861904761905 0.45462184523809523
vt 0.14987958333333334 0.3946748809523809
vt 0.1320032738095238 0.39491267857142864
vt 0.5529449404761905 0.4501529761904761
vt 0.5709452976190476 0.4479995238095238
vt 0.5740799404761905 0.3902597023809524
vt 0.5562300595238096 0.3902597023809524
vt 0.5158482142857143 0.43093666666666675
vt 0.5339097023809524 0.4286561904761905
vt 0.5376429761904762 0.3755445833333333
vt 0.519806130952381 0.3755445833333333
vt 0.028038273809523808 0.40781
vt 0.046113214285714285 0.4057128571428572
vt 0.05078404761904762 0.3547960714285714
vt 0.03285190476190476 0.3547960714285714
vt 0.6699167857142857 0.731857619047619
vt 0.6673578571428571 0.7140423809523809
vt 0.6211476785714286 0.7148489880952381
vt 0.6214206547619048 0.7280847023809524
vt 0.5644883928571429 0.6995411904761905
vt 0.5825254761904761 0.6972632142857143
vt 0.5860346428571428 0.6418402976190476
vt 0.5682613095238095 0.6418402976190476
vt 0.6143102976190477 0.3221408333333333
vt 0.6121544047619047 0.3845313690476191
vt 0.6264227976190476 0.38367154761904754
vt 0.6286061904761905 0.3221408333333333
vt 0.38086089285714286 0.3665441071428571
vt 0.3819504166666667 0.3041260714285714
vt 0.3700390476190476 0.30440136904761905
vt 0.3690441071428571 0.3676330952380953
vt 0.018767142857142857 0.7825181547619048
vt 0.01933482142857143 0.7192772023809524
vt 0.0014728571428571427 0.7197339285714286
vt 0.0011920238095238095 0.7834114285714286
vt 0.05246749999999999 0.06935208333333331
vt 0.14315267857142858 0.07640005952380946
vt 0.14315267857142858 0.0357115476190476
vt 0.1961070238095238 0.029997083333333396
vt 0.19673035714285714 0.06570613095238098
vt 0.2866575 0.028889404761904713
vt 0.3518348214285714 0.20833333333333337
vt 0.3630952380952381 0.20527517857142863
vt 0.3630952380952381 0.18536738095238092
vt 0.35119047619047616 0.18945095238095244
vt 0.6734194642857142 0.20833333333333337
vt 0.6845238095238095 0.20524470238095238
vt 0.6845238095238095 0.18633708333333332
vt 0.6726190476190477 0.19055255952380956
vt 0.16781190476190475 0.2321428571428571
vt 0.18452380952380953 0.2278467261904763
vt 0.18452380952380953 0.21003184523809515
vt 0.16666666666666666 0.21588059523809533
vt 0.4467086904761905 0.5357142857142857
vt 0.4583333333333333 0.5333696428571428
vt 0.4583333333333333 0.5170540476190477
vt 0.44642857142857145 0.5202233333333333
vt 0.4048089880952381 0.5297619047619048
vt 0.4166666666666667 0.5275181547619048
vt 0.4166666666666667 0.5120242261904762
vt 0.40476190476190477 0.5150340476190476
vt 0.13702482142857142 0.19047619047619047
vt 0.1488095238095238 0.18824464285714293
vt 0.1488095238095238 0.1735166071428571
vt 0.13690476190476192 0.1765530357142857
vt 0.8095490476190477 0.5416666666666667
vt 0.8214285714285714 0.5392605357142857
vt 0.8214285714285714 0.5253363095238095
vt 0.8095238095238095 0.5286193452380952
vt 0.7501219642857142 0.19047619047619047
vt 0.7619047619047619 0.1876467261904763
vt 0.7619047619047619 0.174598869047619
vt 0.75 0.1784877380952381
vt 0.4286600595238095 0.1785714285714286
vt 0.44047619047619047 0.1755985714285715
vt 0.44047619047619047 0.16360833333333336
vt 0.42857142857142855 0.1677265476190476
vt 0.8274197023809523 0.7916666666666666
vt 0.8392857142857143 0.7886696428571428
vt 0.8392857142857143 0.7778236904761905
vt 0.8273809523809523 0.7819270238095238
vt 0.00008898809523809524 0.1607142857142857
vt 0.011904761904761904 0.15775505952380953
vt 0.011904761904761904 0.14801351190476186
vt 0 0.15209249999999996
vt 0.5893252380952381 0.875
vt 0.6011904761904762 0.8728669642857143
vt 0.6011904761904762 0.8642432142857143
vt 0.5892857142857143 0.8671832738095238
vt 0.8453530357142857 0.7916666666666666
vt 0.8571428571428571 0.78959375
vt 0.8571428571428571 0.7817762500000001
vt 0.8452380952380952 0.7846785119047619
vt 0.5 0.7549510119047619
vt 0.5131564285714285 0.7559523809523809
vt 0.515056130952381 0.75
vt 0.5015656547619047 0.75
vt 0.8511904761904762 0.5168913095238095
vt 0.8640629761904761 0.5178571428571428
vt 0.8656963095238096 0.5119047619047619
vt 0.852417738095238 0.5119047619047619
vt 0.2980676190476191 0.1419082142857142
vt 0.3107607738095238 0.1428571428571429
vt 0.31205142857142854 0.13690476190476186
vt 0.2990239880952381 0.13690476190476186
vt 0.08295779761904762 0.18047380952380954
vt 0.07142857142857142 0.18186773809523804
vt 0.07142857142857142 0.20238095238095233
vt 0.08276285714285714 0.20113875000000003
vt 0.8038681547619048 0.5010780952380953
vt 0.7916666666666666 0.5039014285714285
vt 0.7916666666666666 0.5238095238095238
vt 0.8035036904761904 0.5215817857142857
vt 0.8397106547619048 0.30066577380952375
vt 0.8601822619047619 0.3035714285714286
vt 0.8612032142857143 0.29761904761904767
vt 0.8396896428571429 0.29761904761904767
vt 0.8394463095238096 0.16666666666666663
vt 0.8396266666666666 0.1718923809523809
vt 0.8597520833333334 0.17261904761904767
vt 0.8601190476190477 0.16666666666666663
vt 0.7238527380952381 0.5997023809523809
vt 0.6733489880952381 0.6038307738095238
vt 0.6666666666666666 0.6116355952380952
vt 0.718143988095238 0.6116355952380952
vt 0.8160469047619048 0.3392857142857143
vt 0.8010216071428571 0.3392857142857143
vt 0.7976190476190477 0.35119047619047616
vt 0.812730119047619 0.35102922619047616
vt 0.8175419047619047 0.3571428571428571
vt 0.8024279761904761 0.3571428571428571
vt 0.7976190476190477 0.36904761904761907
vt 0.8129695238095238 0.36873999999999996
vt 0.11043916666666667 0.19047619047619047
vt 0.09507619047619047 0.19047619047619047
vt 0.08928571428571429 0.20238095238095233
vt 0.10486845238095237 0.2020094642857143
vt 0.8112718452380951 0.5892857142857143
vt 0.801180238095238 0.5773809523809523
vt 0.7857142857142857 0.5773809523809523
vt 0.7963131547619048 0.5889688095238095
vt 0.3054301190476191 0.15327380952380953
vt 0.2976190476190476 0.15943529761904762
vt 0.3130428571428571 0.15943529761904762
vt 0.32113113095238094 0.15354970238095234
vt 0.4163827976190476 0.7619047619047619
vt 0.400958630952381 0.7619047619047619
vt 0.39285714285714285 0.7678571428571428
vt 0.40777869047619053 0.7676557142857143
vt 0.5892857142857143 0.7378738095238095
vt 0.6037055952380952 0.7378738095238095
vt 0.612658511904762 0.7323625
vt 0.5977365476190476 0.7321428571428572
vt 0.8532288690476191 0.34495607142857143
vt 0.8632508333333333 0.3392857142857143
vt 0.8488314880952381 0.3392857142857143
vt 0.8392857142857143 0.34523809523809523
vt 0.8095238095238095 0.3332000595238095
vt 0.8228252380952382 0.3332000595238095
vt 0.8351113095238095 0.32621410714285715
vt 0.8211692261904763 0.3258928571428571
vt 0.8459634523809524 0.928173869047619
vt 0.859243511904762 0.9226190476190477
vt 0.8459419642857142 0.9226190476190477
vt 0.8333333333333334 0.9285714285714286
vt 0.8512124404761905 0.7675088690476191
vt 0.8646314880952382 0.7619047619047619
vt 0.8519950000000001 0.7619047619047619
vt 0.8392857142857143 0.7678571428571428
vt 0.8558776785714286 0.5297482738095238
vt 0.8702032738095239 0.5297482738095238
vt 0.8591316071428572 0.5252976190476191
vt 0.8452380952380952 0.5259300595238096
vt 0.8500572023809523 0.1842443452380952
vt 0.8599906547619047 0.1785714285714286
vt 0.8486860714285714 0.1785714285714286
vt 0.8392857142857143 0.18452380952380953
vt 0.855607380952381 0.868678869047619
vt 0.8655720833333334 0.8630952380952381
vt 0.8547973214285715 0.8630952380952381
vt 0.8452380952380952 0.8690476190476191
vt 0.8726701785714285 0.41045267857142864
vt 0.8863373214285715 0.41045267857142864
vt 0.876322380952381 0.40773809523809523
vt 0.8630952380952381 0.40833386904761904
vt 0.9020046428571428 0.6726190476190477
vt 0.9153922023809523 0.6726190476190477
vt 0.9058079166666666 0.6705417261904763
vt 0.8928571428571429 0.6711276785714286
vt 0.9058302976190475 0.625
vt 0.9189709523809524 0.625
vt 0.9098327380952381 0.6234469047619048
vt 0.8994814285714285 0.6235990476190476
vt 0.6666666666666666 0.1607142857142857
vt 0.6779721428571429 0.1607142857142857
vt 0.6792336904761905 0.14980964285714293
vt 0.6678308333333334 0.1498613095238096
vt 0.8392857142857143 0.7559523809523809
vt 0.8511025 0.7559523809523809
vt 0.853086011904762 0.7452188095238095
vt 0.8410373809523809 0.7454983928571428
vt 0.5297619047619048 0.5051979761904761
vt 0.5447868452380953 0.5051979761904761
vt 0.5466310119047619 0.49418297619047613
vt 0.5316304761904762 0.49404761904761907
vt 0.6846148214285714 0.1785714285714286
vt 0.6872718452380953 0.16666666666666663
vt 0.6748746428571428 0.16666666666666663
vt 0.6726190476190477 0.17817416666666663
vt 0.8387321428571429 0.8095238095238095
vt 0.8414858928571428 0.7976190476190477
vt 0.829631488095238 0.7976190476190477
vt 0.8273809523809523 0.8090827976190477
vt 0.8190227976190476 1
vt 0.8217945238095238 0.9880952380952381
vt 0.8056914285714285 0.9880952380952381
vt 0.8035714285714286 0.9993923809523809
vt 0.5119939880952381 0.9464285714285714
vt 0.5238095238095238 0.9440094047619048
vt 0.5238095238095238 0.9351861904761904
vt 0.5119047619047619 0.9380031547619048
vt 0.1488095238095238 0.1407673214285714
vt 0.1488095238095238 0.14880952380952384
vt 0.15846154761904763 0.14629630952380945
vt 0.1583819642857143 0.13787089285714282
vt 0.8511904761904762 0.8911302380952381
vt 0.8511904761904762 0.8988095238095238
vt 0.861027380952381 0.8960680357142857
vt 0.8608800595238095 0.888027738095238
vt 0.14285714285714285 0.27247166666666667
vt 0.14285714285714285 0.27976190476190477
vt 0.15395464285714286 0.2764731547619048
vt 0.15382119047619047 0.2687973809523809
vt 0.8392857142857143 0.9753214880952381
vt 0.8392857142857143 0.9821428571428571
vt 0.8523545238095238 0.97787375
vt 0.8521418452380952 0.9705880952380952
vt 0.7678571428571429 0.15476190476190477
vt 0.7825724404761905 0.15476190476190477
vt 0.7847502976190477 0.14829666666666663
vt 0.7700831547619048 0.1488261904761905
vt 0.30952380952380953 0.7256306547619047
vt 0.3238111904761905 0.7261904761904762
vt 0.3263676190476191 0.7202380952380952
vt 0.3120583928571429 0.7202380952380952
vt 0.6190476190476191 0.6190476190476191
vt 0.632956369047619 0.6190476190476191
vt 0.6353442857142857 0.6137344047619048
vt 0.6214923809523809 0.6142641666666667
vt 0.8452380952380952 0.8273809523809523
vt 0.8571428571428571 0.8227158928571429
vt 0.8571428571428571 0.8173414880952381
vt 0.8454017261904762 0.8223761309523809
vt 0.31547619047619047 0.11309523809523814
vt 0.3256780357142857 0.11309523809523814
vt 0.32812928571428573 0.10872642857142856
vt 0.3179750595238095 0.1091151785714285
vt 0.8630952380952381 0.38690476190476186
vt 0.8763360119047618 0.38690476190476186
vt 0.8788880952380952 0.3829560119047619
vt 0.8657044047619048 0.3834581547619047
vt 0.8869047619047619 0.6607142857142857
vt 0.8998695833333333 0.6607142857142857
vt 0.9025259523809523 0.6572983333333333
vt 0.8896284523809525 0.6578111904761905
vt 0.85723625 0.5052485714285715
vt 0.8675656547619047 0.5059523809523809
vt 0.8704423214285714 0.5
vt 0.8577147023809524 0.5
vt 0.8935516666666666 0.5157993452380952
vt 0.8938648214285714 0.5178571428571428
vt 0.9136904761904762 0.5157993452380952
vt 0.8934497619047619 0.45833333333333337
vt 0.9196428571428571 0.45833333333333337
vt 0.9133230952380952 0.45680220238095237
vt 0.7590022023809524 0.5533480357142857
vt 0.7546360714285714 0.5431547619047619
vt 0.7148160714285714 0.5457460119047619
vt 0.7083333333333334 0.5533480357142857
vt 0.7244268452380952 0.9985859523809524
vt 0.7201355952380952 0.9836309523809523
vt 0.6922660119047619 0.9857755952380952
vt 0.6845238095238095 0.9985859523809524
vt 0.8136661309523809 0.6420668452380952
vt 0.8115961904761905 0.6309523809523809
vt 0.7900631547619048 0.6320214285714285
vt 0.7857142857142857 0.6420668452380952
vt 0.7797619047619048 0.2128282142857143
vt 0.7797619047619048 0.2008928571428571
vt 0.7594017857142857 0.20216124999999996
vt 0.7559523809523809 0.2132795833333334
vt 0.8064123214285714 0.9277633928571428
vt 0.8035714285714286 0.9390518452380953
vt 0.8217210714285714 0.9390518452380953
vt 0.8222508333333333 0.9270833333333334
vt 0.15275767857142858 0.5473980952380952
vt 0.15328184523809524 0.5357142857142857
vt 0.13843863095238096 0.5363360119047619
vt 0.13690476190476192 0.5473980952380952
vt 0.14315267857142858 0.07640005952380946
vt 0.05246749999999999 0.06935208333333331
vt 0.14315267857142858 0.0357115476190476
vt 0.19673035714285714 0.06570613095238098
vt 0.1961070238095238 0.029997083333333396
vt 0.2866575 0.028889404761904713
vt 0.37527369047619047 0.42280613095238095
vt 0.3560485119047619 0.4251441071428571
vt 0.3607317261904762 0.3742283333333334
vt 0.37813529761904763 0.3742283333333334
vt 0.5355784523809524 0.5712797619047618
vt 0.5994850595238095 0.5712797619047618
vt 0.5998382142857143 0.5891369047619047
vt 0.5357798809523809 0.5890842857142857
vt 0.0005952380952380953 0.4625873214285714
vt 0.0005952380952380953 0.3986799404761905
vt 0.019586130952380952 0.3983630952380952
vt 0.019152738095238094 0.46201458333333334
vt 0.14987958333333334 0.3946748809523809
vt 0.1477861904761905 0.45462184523809523
vt 0.12993994047619048 0.45643791666666667
vt 0.1320032738095238 0.39491267857142864
vt 0.5740799404761905 0.3902597023809524
vt 0.5709452976190476 0.4479995238095238
vt 0.5529449404761905 0.4501529761904761
vt 0.5562300595238096 0.3902597023809524
vt 0.5376429761904762 0.3755445833333333
vt 0.5339097023809524 0.4286561904761905
vt 0.5158482142857143 0.43093666666666675
vt 0.519806130952381 0.3755445833333333
vt 0.05078404761904762 0.3547960714285714
vt 0.046113214285714285 0.4057128571428572
vt 0.028038273809523808 0.40781
vt 0.03285190476190476 0.3547960714285714
vt 0.6211476785714286 0.7148489880952381
vt 0.6673578571428571 0.7140423809523809
vt 0.6699167857142857 0.731857619047619
vt 0.6214206547619048 0.7280847023809524
vt 0.5860346428571428 0.6418402976190476
vt 0.5825254761904761 0.6972632142857143
vt 0.5644883928571429 0.6995411904761905
vt 0.5682613095238095 0.6418402976190476
vt 0.6264227976190476 0.38367154761904754
vt 0.6121544047619047 0.3845313690476191
vt 0.6143102976190477 0.3221408333333333
vt 0.6286061904761905 0.3221408333333333
vt 0.3700390476190476 0.30440136904761905
vt 0.3819504166666667 0.3041260714285714
vt 0.38086089285714286 0.3665441071428571
vt 0.3690441071428571 0.3676330952380953
vt 0.0014728571428571427 0.7197339285714286
vt 0.01933482142857143 0.7192772023809524
vt 0.018767142857142857 0.7825181547619048
vt 0.0011920238095238095 0.7834114285714286
vt 1 0.2755731547619048
vt 0.9799333928571428 0.15618815476190473
vt 0.9190868452380953 0.16986000000000012
vt 0.9190868452380953 0.2623289880952381
vt 0.9092627976190476 0.7008928571428572
vt 0.9773717857142857 0.7887333928571428
vt 1 0.7072377976190476
vt 0 0.01880261904761904
vt 0.08181732142857143 0.04209178571428562
vt 0.1198797619047619 0.01880261904761904
vt 0.1195892261904762 0
vt 0.7018704761904763 0.0009779761904761264
vt 0.7148980357142857 0.06196571428571418
vt 0.5953075 0.08076857142857141
vt 0.6094066666666667 0
vt 0.953562261904762 0.11165005952380946
vt 0.8854532738095238 0.023809523809523836
vt 0.9761904761904762 0.030154464285714222
vt 0.8639571428571429 0.042612142857142876
vt 0.8258947023809524 0.06590130952380946
vt 0.744077380952381 0.042612142857142876
vt 0.8636666071428571 0.023809523809523836
vt 0.8999725595238095 0.5654761904761905
vt 0.8999725595238095 0.5640060714285715
vt 0.9106935714285714 0.5634838095238095
vt 0.9136904761904762 0.5652982738095238
vt 0.8035714285714286 0.24404761904761907
vt 0.7857142857142857 0.24404761904761907
vt 0.7860751785714286 0.22875803571428577
vt 0.8035714285714286 0.22764964285714284
vt 0 0.20035863095238093
vt 0.017857142857142856 0.19607178571428563
vt 0.017857142857142856 0.21426119047619052
vt 0.00039238095238095243 0.2142857142857143
vt 0.2947753571428572 0.2142857142857143
vt 0.28102136904761904 0.2142857142857143
vt 0.28216452380952384 0.19939577380952378
vt 0.3020833333333333 0.1992817857142858
vt 0.822555119047619 0.47023809523809523
vt 0.8363095238095238 0.47023809523809523
vt 0.8314145238095237 0.4821428571428571
vt 0.8215794642857143 0.47955773809523816
vt 0.3090550595238095 0.11056238095238091
vt 0.30952380952380953 0.11309523809523814
vt 0.29878958333333333 0.11309523809523814
vt 0.29922875 0.10794511904761905
vt 0.9106935714285714 0.5634838095238095
vt 0.8999725595238095 0.5640060714285715
vt 0.8999725595238095 0.5654761904761905
vt 0.9136904761904762 0.5652982738095238
vt 0.7860751785714286 0.22875803571428577
vt 0.7857142857142857 0.24404761904761907
vt 0.8035714285714286 0.24404761904761907
vt 0.8035714285714286 0.22764964285714284
vt 0.017857142857142856 0.21426119047619052
vt 0.017857142857142856 0.19607178571428563
vt 0 0.20035863095238093
vt 0.00039238095238095243 0.2142857142857143
vt 0.28216452380952384 0.19939577380952378
vt 0.28102136904761904 0.2142857142857143
vt 0.2947753571428572 0.2142857142857143
vt 0.3020833333333333 0.1992817857142858
vt 0.8314145238095237 0.4821428571428571
vt 0.8363095238095238 0.47023809523809523
vt 0.822555119047619 0.47023809523809523
vt 0.8215794642857143 0.47955773809523816
vt 0.29878958333333333 0.11309523809523814
vt 0.30952380952380953 0.11309523809523814
vt 0.3090550595238095 0.11056238095238091
vt 0.29922875 0.10794511904761905
vt 0.7142857142857143 0.15476190476190477
vt 0.7089079761904762 0.1370382142857144
vt 0.7142857142857143 0.13568196428571422
vt 0.7071133928571429 0.3395147023809524
vt 0.7127976190476191 0.3571428571428571
vt 0.6869751785714285 0.3571428571428571
vt 0.6791524404761905 0.33865630952380954
vt 0.07204125 0.23213505952380964
vt 0.07204125 0.2145213690476191
vt 0.08573755952380953 0.21373184523809519
vt 0.09375 0.2321428571428571
vt 0.7089079761904762 0.1370382142857144
vt 0.7142857142857143 0.15476190476190477
vt 0.7142857142857143 0.13568196428571422
vt 0.6869751785714285 0.3571428571428571
vt 0.7127976190476191 0.3571428571428571
vt 0.7071133928571429 0.3395147023809524
vt 0.6791524404761905 0.33865630952380954
vt 0.08573755952380953 0.21373184523809519
vt 0.07204125 0.2145213690476191
vt 0.07204125 0.23213505952380964
vt 0.09375 0.2321428571428571
vt 0.7619047619047619 0.4135957738095237
vt 0.7619047619047619 0.43452380952380953
vt 0.7380952380952381 0.4341179761904762
vt 0.7381932142857143 0.415038869047619
vt 0.7380952380952381 0.4341179761904762
vt 0.7619047619047619 0.43452380952380953
vt 0.7619047619047619 0.4135957738095237
vt 0.7381932142857143 0.415038869047619
vt 0.7501860119047619 0.9761904761904762
vt 0.7501860119047619 0.9588996428571428
vt 0.7759855357142856 0.9584413095238096
vt 0.7765997023809523 0.9757211904761904
vt 0.3340394642857143 0.6915006547619048
vt 0.33427107142857143 0.7261904761904762
vt 0.42488910714285716 0.7261904761904762
vt 0.415507619047619 0.6917441666666666
vt 0.7562325 0.12016827380952377
vt 0.7616246428571428 0.12161297619047617
vt 0.7562325 0.13095238095238093
vt 0.4166666666666667 0.5059523809523809
vt 0.4107142857142857 0.5059523809523809
vt 0.4107142857142857 0.5
vt 0.4166666666666667 0.5
vt 0.869327738095238 0.17518440476190478
vt 0.8747198809523811 0.17373970238095227
vt 0.8747198809523811 0.18452380952380953
vt 0.39880952380952384 0.7797619047619048
vt 0.39285714285714285 0.7797619047619048
vt 0.39285714285714285 0.7738095238095238
vt 0.39880952380952384 0.7738095238095238
vt 0.8908520833333333 0.5243699404761905
vt 0.8922968452380952 0.5297619047619048
vt 0.8815126785714286 0.5297619047619048
vt 0.10119047619047619 0.9702380952380952
vt 0.09523809523809523 0.9702380952380952
vt 0.09523809523809523 0.9642857142857143
vt 0.10119047619047619 0.9642857142857143
vt 0.8803920833333333 0.35175071428571436
vt 0.8789473214285715 0.3571428571428571
vt 0.8696079166666667 0.35175071428571436
vt 0.18452380952380953 0.625
vt 0.17857142857142858 0.625
vt 0.17857142857142858 0.6190476190476191
vt 0.18452380952380953 0.6190476190476191
vt 0.8789473214285715 0.20294119047619052
vt 0.8803920833333333 0.20833333333333337
vt 0.8696079166666667 0.20833333333333337
vt 0.2857142857142857 0.4642857142857143
vt 0.27976190476190477 0.4642857142857143
vt 0.27976190476190477 0.45833333333333337
vt 0.2857142857142857 0.45833333333333337
vt 0.8922968452380952 0.13151279761904766
vt 0.8908520833333333 0.13690476190476186
vt 0.8815126785714286 0.13151279761904766
vt 0 0.7976190476190477
vt 0 0.7916666666666666
vt 0.005952380952380952 0.7916666666666666
vt 0.005952380952380952 0.7976190476190477
vt 0.2616246428571428 0.12355505952380952
vt 0.25623250000000003 0.125
vt 0.25623250000000003 0.11421577380952386
vt 0.03571428571428571 0.5416666666666667
vt 0.041666666666666664 0.5416666666666667
vt 0.041666666666666664 0.5476190476190477
vt 0.03571428571428571 0.5476190476190477
vt 0.8747198809523811 0.375
vt 0.869327738095238 0.3735550595238095
vt 0.8747198809523811 0.36421577380952375
vt 0 0.6785714285714286
vt 0.005952380952380952 0.6785714285714286
vt 0.005952380952380952 0.6845238095238095
vt 0 0.6845238095238095
vt 0.8866245238095238 0.75
vt 0.881232619047619 0.748555238095238
vt 0.8866245238095238 0.7392158928571428
vt 0.1130952380952381 0.9761904761904762
vt 0.11904761904761904 0.9761904761904762
vt 0.11904761904761904 0.9821428571428571
vt 0.1130952380952381 0.9821428571428571
vt 0.882957619047619 0.9166666666666666
vt 0.8815126785714286 0.9112745833333333
vt 0.8922968452380952 0.9112745833333333
vt 0.31547619047619047 0.7857142857142857
vt 0.32142857142857145 0.7857142857142857
vt 0.32142857142857145 0.7916666666666666
vt 0.31547619047619047 0.7916666666666666
vt 0.8696079166666667 0.4821428571428571
vt 0.8710528571428572 0.4767507738095238
vt 0.8803920833333333 0.4821428571428571
vt 0.5119047619047619 0.6369047619047619
vt 0.5178571428571429 0.6369047619047619
vt 0.5178571428571429 0.6428571428571428
vt 0.5119047619047619 0.6428571428571428
vt 0.10175077380952381 0.11309523809523814
vt 0.1031955357142857 0.10770327380952394
vt 0.11253494047619048 0.11309523809523814
vt 0.18452380952380953 0.75
vt 0.18452380952380953 0.7440476190476191
vt 0.19047619047619047 0.7440476190476191
vt 0.19047619047619047 0.75
vt 0.869327738095238 0.9356444642857142
vt 0.8747198809523811 0.9370891666666666
vt 0.869327738095238 0.9464285714285714
vt 0.875 0.9166666666666666
vt 0.8630952380952381 0.9166666666666666
vt 0.8630952380952381 0.9107142857142857
vt 0.875 0.9107142857142857
vt 0.8336134523809523 0.12161297619047617
vt 0.8390055952380953 0.12016827380952377
vt 0.8390055952380953 0.13095238095238093
vt 0.011904761904761904 0.13690476190476186
vt 0 0.13690476190476186
vt 0 0.13095238095238093
vt 0.011904761904761904 0.13095238095238093
vt 0.8908520833333333 0.571988988095238
vt 0.8922968452380952 0.5773809523809523
vt 0.8815126785714286 0.5773809523809523
vt 0.42857142857142855 0.8869047619047619
vt 0.4166666666666667 0.8869047619047619
vt 0.4166666666666667 0.8809523809523809
vt 0.42857142857142855 0.8809523809523809
vt 0.8922968452380952 0.9827030952380953
vt 0.8908520833333333 0.9880952380952381
vt 0.8815126785714286 0.9827030952380953
vt 0.7380952380952381 0.6904761904761905
vt 0.7261904761904762 0.6904761904761905
vt 0.7261904761904762 0.6845238095238095
vt 0.7380952380952381 0.6845238095238095
vt 0.8729949404761905 0.13151261904761902
vt 0.8744397023809524 0.13690476190476186
vt 0.8636555357142858 0.13690476190476186
vt 0.875 0.9761904761904762
vt 0.8630952380952381 0.9761904761904762
vt 0.8630952380952381 0.9702380952380952
vt 0.875 0.9702380952380952
vt 0.2494397023809524 0.10770327380952394
vt 0.24799494047619047 0.11309523809523814
vt 0.23865553571428572 0.10770327380952394
vt 0 0.8869047619047619
vt 0 0.875
vt 0.005952380952380952 0.875
vt 0.005952380952380952 0.8869047619047619
vt 0.023529404761904762 0.12950744047619045
vt 0.018137261904761906 0.13095238095238093
vt 0.018137261904761906 0.12016815476190479
vt 0.8630952380952381 0.9821428571428571
vt 0.875 0.9821428571428571
vt 0.875 0.9880952380952381
vt 0.8630952380952381 0.9880952380952381
vt 0.8747198809523811 0.33333333333333337
vt 0.869327738095238 0.3318883928571429
vt 0.8747198809523811 0.3225491071428571
vt 0.40476190476190477 0.47619047619047616
vt 0.4166666666666667 0.47619047619047616
vt 0.4166666666666667 0.4821428571428571
vt 0.40476190476190477 0.4821428571428571
vt 0.8866245238095238 0.125
vt 0.881232619047619 0.12355523809523816
vt 0.8866245238095238 0.11421589285714284
vt 0.11904761904761904 0.48809523809523814
vt 0.13095238095238096 0.48809523809523814
vt 0.13095238095238096 0.49404761904761907
vt 0.11904761904761904 0.49404761904761907
vt 0.882957619047619 0.8095238095238095
vt 0.8815126785714286 0.8041317261904761
vt 0.8922968452380952 0.8041317261904761
vt 0.5476190476190477 0.9166666666666666
vt 0.5595238095238095 0.9166666666666666
vt 0.5595238095238095 0.9226190476190477
vt 0.5476190476190477 0.9226190476190477
vt 0.8696079166666667 0.9285714285714286
vt 0.8710528571428572 0.9231793452380952
vt 0.8803920833333333 0.9285714285714286
vt 0.07142857142857142 0.13095238095238093
vt 0.08333333333333333 0.13095238095238093
vt 0.08333333333333333 0.13690476190476186
vt 0.07142857142857142 0.13690476190476186
vt 0.8874650595238096 0.8690476190476191
vt 0.8889098214285714 0.8636556547619048
vt 0.8982492261904762 0.8690476190476191
vt 0.023809523809523808 0.7678571428571428
vt 0.023809523809523808 0.7559523809523809
vt 0.02976190476190476 0.7559523809523809
vt 0.02976190476190476 0.7678571428571428
vt 0.15081458333333334 0.13095238095238093
vt 0.14936982142857141 0.12556023809523809
vt 0.1601539880952381 0.12556023809523809
vt 0.6964285714285714 0.48809523809523814
vt 0.6964285714285714 0.49404761904761907
vt 0.6904761904761905 0.49404761904761907
vt 0.6904761904761905 0.48809523809523814
vt 0.458893630952381 0.13095238095238093
vt 0.46033839285714284 0.12556023809523809
vt 0.4696777976190476 0.13095238095238093
vt 0.6666666666666666 0.8273809523809523
vt 0.6666666666666666 0.8333333333333334
vt 0.6607142857142857 0.8333333333333334
vt 0.6607142857142857 0.8273809523809523
vt 0.017576904761904762 0.11309523809523814
vt 0.012184999999999998 0.11165047619047619
vt 0.017576904761904762 0.10231113095238087
vt 0.5952380952380952 0.9523809523809523
vt 0.5952380952380952 0.9583333333333334
vt 0.5892857142857143 0.9583333333333334
vt 0.5892857142857143 0.9523809523809523
vt 0.005672261904761905 0.12355523809523816
vt 0.0002801190476190476 0.125
vt 0.0002801190476190476 0.11421589285714284
vt 0.6488095238095238 0.9523809523809523
vt 0.6488095238095238 0.9583333333333334
vt 0.6428571428571429 0.9583333333333334
vt 0.6428571428571429 0.9523809523809523
vt 0.8866246428571429 0.9464285714285714
vt 0.8812325 0.9449838095238096
vt 0.8866246428571429 0.9356444642857142
vt 0.7261904761904762 0.45833333333333337
vt 0.7261904761904762 0.4642857142857143
vt 0.7202380952380952 0.4642857142857143
vt 0.7202380952380952 0.45833333333333337
vt 0.1247197619047619 0.11165047619047619
vt 0.11932785714285715 0.11309523809523814
vt 0.11932785714285715 0.10231113095238087
vt 0.5952380952380952 0.9285714285714286
vt 0.6011904761904762 0.9285714285714286
vt 0.6011904761904762 0.9345238095238095
vt 0.5952380952380952 0.9345238095238095
vt 0.8803920833333333 0.8993698214285715
vt 0.8789471428571428 0.9047619047619048
vt 0.8696079166666667 0.8993698214285715
vt 0.6845238095238095 0.45833333333333337
vt 0.6845238095238095 0.45238095238095233
vt 0.6904761904761905 0.45238095238095233
vt 0.6904761904761905 0.45833333333333337
vt 0.8908519047619047 0.7922269642857143
vt 0.8922968452380952 0.7976190476190477
vt 0.8815126785714286 0.7976190476190477
vt 0.34523809523809523 0.38095238095238093
vt 0.34523809523809523 0.375
vt 0.35119047619047616 0.375
vt 0.35119047619047616 0.38095238095238093
vt 0.8908520833333333 0.7565127976190476
vt 0.8922968452380952 0.7619047619047619
vt 0.8815126785714286 0.7619047619047619
vt 0.32142857142857145 0.4107142857142857
vt 0.32142857142857145 0.40476190476190477
vt 0.3273809523809524 0.40476190476190477
vt 0.3273809523809524 0.4107142857142857
vt 0.29789916666666666 0.12016815476190479
vt 0.3032913095238095 0.12161309523809527
vt 0.29789916666666666 0.13095238095238093
vt 0.625 0.47023809523809523
vt 0.625 0.4642857142857143
vt 0.6309523809523809 0.4642857142857143
vt 0.6309523809523809 0.47023809523809523
vt 0.3098039285714286 0.12161309523809527
vt 0.3151960714285714 0.12016815476190479
vt 0.3151960714285714 0.13095238095238093
vt 0.6488095238095238 0.3035714285714286
vt 0.6488095238095238 0.29761904761904767
vt 0.6547619047619048 0.29761904761904767
vt 0.6547619047619048 0.3035714285714286
vt 0.4169469047619047 0.10970821428571431
vt 0.42233880952380953 0.1082635119047618
vt 0.42233880952380953 0.11904761904761907
vt 0.6130952380952381 0.6726190476190477
vt 0.6190476190476191 0.6726190476190477
vt 0.6190476190476191 0.6785714285714286
vt 0.6130952380952381 0.6785714285714286
vt 0.8710526785714285 1
vt 0.8696079166666667 0.9946078571428572
vt 0.8803920833333333 0.9946078571428572
vt 0.375 0.13095238095238093
vt 0.375 0.13690476190476186
vt 0.3630952380952381 0.13690476190476186
vt 0.3630952380952381 0.13095238095238093
vt 0.03032220238095238 0.125
vt 0.03176696428571429 0.11960785714285715
vt 0.04110636904761905 0.125
vt 0.875 0.75
vt 0.875 0.7559523809523809
vt 0.8630952380952381 0.7559523809523809
vt 0.8630952380952381 0.75
vt 0.8829574404761905 0.5654761904761905
vt 0.8815126785714286 0.5600842261904762
vt 0.8922968452380952 0.5600842261904762
vt 0.11904761904761904 0.13095238095238093
vt 0.11904761904761904 0.13690476190476186
vt 0.10714285714285714 0.13690476190476186
vt 0.10714285714285714 0.13095238095238093
vt 0.880672261904762 0.9628409523809524
vt 0.8752801190476189 0.9642857142857143
vt 0.8752801190476189 0.9535016071428571
vt 0.25 0.13095238095238093
vt 0.25 0.13690476190476186
vt 0.23809523809523808 0.13690476190476186
vt 0.23809523809523808 0.13095238095238093
vt 0.09495797619047619 0.13095238095238093
vt 0.08956583333333333 0.1295076190476191
vt 0.09495797619047619 0.12016827380952377
vt 0.3333333333333333 0.13095238095238093
vt 0.3333333333333333 0.13690476190476186
vt 0.32142857142857145 0.13690476190476186
vt 0.32142857142857145 0.13095238095238093
vt 0.8925769047619048 0.9033171428571428
vt 0.887185 0.9047619047619048
vt 0.887185 0.8939777976190476
vt 0.2916666666666667 0.6071428571428572
vt 0.2976190476190476 0.6071428571428572
vt 0.2976190476190476 0.6190476190476191
vt 0.2916666666666667 0.6190476190476191
vt 0.33277303571428574 0.1196079166666667
vt 0.33132809523809525 0.125
vt 0.32198886904761903 0.1196079166666667
vt 0.8630952380952381 0.7440476190476191
vt 0.8630952380952381 0.7380952380952381
vt 0.875 0.7380952380952381
vt 0.875 0.7440476190476191
vt 0.8789471428571428 0.6553222023809524
vt 0.8803920833333333 0.6607142857142857
vt 0.8696079166666667 0.6607142857142857
vt 0.8630952380952381 0.7976190476190477
vt 0.8630952380952381 0.7916666666666666
vt 0.875 0.7916666666666666
vt 0.875 0.7976190476190477
vt 0.8908520833333333 0.5481794642857143
vt 0.8922968452380952 0.5535714285714286
vt 0.8815126785714286 0.5535714285714286
vt 0.8630952380952381 0.8273809523809523
vt 0.8630952380952381 0.8214285714285714
vt 0.875 0.8214285714285714
vt 0.875 0.8273809523809523
vt 0.8633753571428571 0.2511205357142857
vt 0.8687675 0.2525654761904762
vt 0.8633753571428571 0.26190476190476186
vt 0.8630952380952381 0.7857142857142857
vt 0.8630952380952381 0.7797619047619048
vt 0.875 0.7797619047619048
vt 0.875 0.7857142857142857
vt 0.869327738095238 0.6394702380952381
vt 0.8747198809523811 0.6380252976190476
vt 0.8747198809523811 0.6488095238095238
vt 0.8630952380952381 0.5595238095238095
vt 0.8630952380952381 0.5535714285714286
vt 0.875 0.5535714285714286
vt 0.875 0.5595238095238095
vt 0.1609945238095238 0.10375583333333338
vt 0.16638642857142857 0.10231113095238087
vt 0.16638642857142857 0.11309523809523814
vt 0.4107142857142857 0.5773809523809523
vt 0.4166666666666667 0.5773809523809523
vt 0.4166666666666667 0.5892857142857143
vt 0.4107142857142857 0.5892857142857143
vn 0 0.9536700324540911 -0.30085456486317924
vn 0 0.9248907553784843 -0.3802329425699683
vn 0 0.9020533141765257 -0.4316246267106944
vn 0 0.885753394576991 -0.46415614182658116
vn 0 0.8755490215054248 -0.4831292900879569
vn 0 0.8700280037632934 -0.4930023049313855
vn 0 0.8674838029599902 -0.49746542754454137
vn 0 0.8511579399913628 -0.5249096695524476
vn 0 0.9903630460795873 -0.13849562072484942
vn 0 0.8252166366245636 -0.5648163441668831
vn -0.3413725260229782 0.9398147139417913 -0.014598011344020024
vn 0 0 -1
vn -0.6444484904943703 0.7633848813285589 -0.043927964424840406
vn 0 0 -1
vn -0.9996256355854901 0.020608631081764906 -0.017996472022060908
vn 0 0 -1
vn -0.9484978998915921 -0.03889511235729274 -0.3143865520914549
vn 0 0 -1
vn -0.6491871828871318 -0.1671343595935371 -0.7420391549091785
vn 0 0 -1
vn 0 -0.9852644181169506 -0.17103808462639808
vn 0 0 -1
vn 0.4326451705314453 -0.889263909490167 -0.14841784156253232
vn 0 0 -1
vn 0.8538471320743493 -0.5135843910994066 -0.08471214946783369
vn 0 0 -1
vn 0 0 -1
vn 0 0 -1
vn 0.3392692382998456 0.940265501410902 -0.02823421328721501
vn 0 0 -1
vn -0.007336903566254862 0.9999686013402241 -0.0029943579838825896
vn 0 0 -1
vn 0.9998309925614025 0.01425868248443959 -0.011605011309292708
vn 0.6773627970968168 0.7342741820467229 -0.044956275299369346
vn -0.07704095065219806 0.9800290239428091 -0.18332431413293335
vn -0.00014788281160578242 0.999697055079507 0.02461252112310224
vn 0.010707962088636952 0.9998034714717607 0.016684063681381645
vn 0.009280837739030323 0.9998289333054726 0.015999067976070213
vn 0.008295908951172652 0.9998321698535455 0.01633432032943968
vn -0.01042684418966332 0.9999350759356099 0.004596176007339266
vn 0.00230187244964016 0.9999742169319183 -0.006801974317963918
vn 0.6780482946448967 -0.56392345101936 0.4714242797306509
vn 0.002114170892161663 0.9992283904023697 -0.03921930768547746
vn -0.0022304345572752944 0.9995813966723658 -0.02884539110860371
vn -0.0004714401023692846 0.999790746892544 -0.020450921061874076
vn 0.0063632685111441175 0.9995210338593109 -0.030285502912605285
vn -0.8460708418259872 0.5193488824482375 -0.12017016647917357
vn -0.9915630790933793 -0.12544937773984183 0.03263608131414209
vn -0.07930382800350745 0.866137418219222 -0.4934742907432271
vn 0.042581636037076424 0.9878166417387388 -0.14968328756546687
vn 0.10443981352166407 0.9829136628361531 -0.15156865362461147
vn 0.2285044584588686 0.8279801370048541 -0.5120884739865197
vn 0.07606648531047393 0.9682082512547794 -0.23829954262371922
vn 0.09434431539507998 0.9836728240666062 -0.15325444641334662
vn 0.12983540875453992 0.9801870722250255 -0.14958632984492368
vn 0.46688895074951237 0.8673450918342824 -0.1724157746234364
vn 0.4694171151191808 0.8638578011371959 -0.18274920368525477
vn 0.3812003458341241 0.7657763468190925 -0.5179506569050275
vn 0.3869977686623723 0.7597688350418892 -0.5224787501415111
vn 0.3754520498179296 0.7426002788264529 -0.5545994808637937
vn 0.2960776885312445 0.7842337354126268 -0.5452664033247909
vn 0.12833614085991724 0.8541751995818125 -0.5038993583728345
vn 0.282677421464268 0.8074339586154327 -0.5178261077513613
vn 0.3347394987349423 0.8116984325992048 -0.47863882260288293
vn 0.07704095065219806 0.9800290239428091 -0.18332431413293332
vn 0.05071178521267463 0.9855982240659746 -0.16132097060996275
vn 0.34612182154610216 0.8086320581010379 -0.475724583410284
vn 0.35775831377122636 0.8187673372480246 -0.4490312198314815
vn 0.36894185451890626 0.8332481640862288 -0.4118002003776579
vn 0.367445854356276 0.8354383336214187 -0.40868855480947036
vn 0.38120395119088074 0.8526553737500171 -0.3572987002658695
vn 0.3767245138470705 0.8713821578900146 -0.31427977277838015
vn 0.38797949172467167 0.8458829735905012 -0.3659971434188483
vn 0.39300823433622506 0.8881761147618468 -0.23809182453514358
vn 0.07962441858910517 0.8697409695126586 -0.487042706459637
vn 0.07284382912173797 0.8825295683880703 -0.4645808191043292
vn 0.07391134469042054 0.8959006565736047 -0.4380629254765099
vn 0.14119524972771202 0.8612630559978404 -0.48814941342542867
vn 0.20624619108438896 0.8426323512359806 -0.4974266069619767
vn 0.2077965817760236 0.8490622099070244 -0.4857097325666847
vn 0.14226009438072795 0.8678843657864684 -0.475960915590982
vn 0.13828023815583765 0.8837241284441361 -0.44711323011203474
vn 0.2033817820210701 0.8678168815317434 -0.45335384730964207
vn 0.20375123963268654 0.8905551386162517 -0.40669027211421255
vn 0.12798395409008897 0.9132468713529115 -0.3867819275245227
vn 0.06557623647847517 0.9226841749736794 -0.37993903519177885
vn 0.04960243991171255 0.930502642117917 -0.3629110510392053
vn 0.12192583422944314 0.9139753995258779 -0.387018164959949
vn 0.18855207617748468 0.8985346459857626 -0.39633774048455234
vn 0.05345840293295372 0.9520865707005047 -0.3011201770848492
vn 0.11708152770583002 0.9484764080589142 -0.2944221785561155
vn 0.1679950873424721 0.9390420382486128 -0.2999628327488027
vn 0.16911143534459538 0.9439967767802602 -0.2833220920863225
vn 0.21225681307726568 0.8343900187742705 -0.5086652552240573
vn 0.00014788281160578258 0.999697055079507 0.02461252112310224
vn -0.01070796208863695 0.9998034714717607 0.016684063681381645
vn -0.009280837739030327 0.9998289333054726 0.015999067976070216
vn -0.008295908951172654 0.9998321698535455 0.01633432032943968
vn 0.01042684418966332 0.9999350759356099 0.004596176007339265
vn -0.0023018724496401597 0.9999742169319183 -0.006801974317963919
vn -0.6780482946449053 -0.5639234510193447 0.4714242797306568
vn -0.0021141708921616695 0.9992283904023697 -0.03921930768547747
vn 0.0022304345572752952 0.9995813966723658 -0.028845391108603707
vn 0.00047144010236928536 0.999790746892544 -0.02045092106187408
vn -0.006363268511144122 0.999521033859311 -0.030285502912605268
vn 0.8460708418259965 0.5193488824482233 -0.12017016647917089
vn 0.9915630790933774 -0.12544937773985643 0.03263608131414474
vn 0.3462204766553293 0.8161971154928918 -0.462551240627068
vn 0.3462207038880667 0.816196849947439 -0.46255153911226965
vn 0.33688357930746443 0.7934340311821616 -0.5069239510567797
vn 0.3379095285611611 0.7959322009201744 -0.5023037746682192
vn 0.1630085141535649 0.84973398480501 -0.5013784791760074
vn 0.3757215021087817 0.7534411109133715 -0.5395922953849005
vn 0.377870644070182 0.7430015212732008 -0.5524151660985561
vn 0.37300098337865284 0.7495884127934682 -0.5467974742117295
vn 0.14809845060500237 0.8539041141904207 -0.4989134320671981
vn 0.07930382800350746 0.8661374182192219 -0.493474290743227
vn -0.14809845060500235 0.8539041141904208 -0.4989134320671981
vn -0.042581636037076424 0.9878166417387388 -0.1496832875654669
vn -0.10443981352166407 0.9829136628361531 -0.15156865362461147
vn -0.22850445845886866 0.8279801370048541 -0.5120884739865197
vn -0.07606648531047391 0.9682082512547794 -0.23829954262371927
vn -0.09434431539507993 0.9836728240666062 -0.15325444641334687
vn -0.1298354087545403 0.9801870722250254 -0.14958632984492393
vn -0.46688895074951353 0.8673450918342818 -0.1724157746234363
vn -0.46941711511918216 0.8638578011371953 -0.18274920368525474
vn -0.38120034583412626 0.7657763468190903 -0.5179506569050287
vn -0.38699776866237207 0.75976883504189 -0.5224787501415106
vn -0.3754520498179291 0.7426002788264533 -0.5545994808637933
vn -0.29607768853124455 0.7842337354126268 -0.5452664033247909
vn -0.12833614085991737 0.8541751995818125 -0.5038993583728345
vn -0.282677421464268 0.8074339586154327 -0.5178261077513613
vn -0.33473949873494224 0.8116984325992048 -0.47863882260288293
vn -0.05071178521267463 0.9855982240659746 -0.16132097060996275
vn -0.34612182154610227 0.808632058101038 -0.47572458341028334
vn -0.3577583137712266 0.8187673372480242 -0.4490312198314821
vn -0.36894185451890626 0.8332481640862288 -0.4118002003776578
vn -0.3674458543562763 0.8354383336214192 -0.4086885548094695
vn -0.3812039511908806 0.8526553737500164 -0.35729870026587063
vn -0.37672451384707095 0.8713821578900148 -0.3142797727783794
vn -0.3879794917246718 0.8458829735905011 -0.3659971434188482
vn -0.39300823433622517 0.8881761147618469 -0.23809182453514333
vn -0.0796244185891052 0.8697409695126586 -0.48704270645963693
vn -0.07284382912173802 0.8825295683880703 -0.4645808191043292
vn -0.07391134469042053 0.8959006565736045 -0.4380629254765098
vn -0.14119524972771202 0.8612630559978404 -0.4881494134254286
vn -0.206246191084389 0.8426323512359806 -0.4974266069619767
vn -0.20779658177602361 0.8490622099070244 -0.4857097325666847
vn -0.14226009438072795 0.8678843657864684 -0.475960915590982
vn -0.13828023815583762 0.8837241284441361 -0.4471132301120347
vn -0.20338178202107007 0.8678168815317433 -0.45335384730964196
vn -0.20375123963268657 0.8905551386162518 -0.4066902721142127
vn -0.12798395409008897 0.9132468713529115 -0.3867819275245226
vn -0.06557623647847516 0.9226841749736794 -0.37993903519177885
vn -0.049602439911712544 0.930502642117917 -0.3629110510392053
vn -0.12192583422944314 0.9139753995258779 -0.387018164959949
vn -0.1885520761774847 0.8985346459857626 -0.3963377404845524
vn -0.05345840293295372 0.9520865707005047 -0.3011201770848492
vn -0.11708152770583002 0.9484764080589142 -0.2944221785561155
vn -0.16799508734247176 0.9390420382486128 -0.2999628327488027
vn -0.16911143534459513 0.9439967767802603 -0.28332209208632203
vn -0.21225681307726568 0.8343900187742705 -0.5086652552240573
vn -0.3462204766553298 0.8161971154928921 -0.46255124062706693
vn -0.3462207038880667 0.816196849947439 -0.46255153911226965
vn -0.3368835793074644 0.7934340311821616 -0.5069239510567797
vn -0.3379095285611614 0.7959322009201741 -0.5023037746682196
vn -0.16300851415356493 0.84973398480501 -0.5013784791760074
vn -0.37572150210878086 0.7534411109133715 -0.5395922953849007
vn -0.37787064407018217 0.7430015212732012 -0.5524151660985555
vn -0.37300098337865195 0.7495884127934687 -0.5467974742117295
vn -0.0008540897348478659 -0.0017864167538635188 -0.9999980396210318
vn -0.0008486087063081731 -0.001790858005509052 -0.9999980363435059
vn -0.0008499154646985783 -0.0017874322478626415 -0.9999980413629129
vn -0.0007157295211826955 -0.0022369369453749907 -0.999997241918374
vn -0.0006326426143041913 -0.0025766620187229186 -0.9999964802818878
vn -0.000645871286991516 -0.0025128346533931176 -0.9999966342504787
vn -0.0006458650916652581 -0.0025129221818505545 -0.999996634034531
vn -0.000645860393197194 -0.002512789290980719 -0.9999966343715022
vn -0.0006651757878426281 -0.002760371040873511 -0.9999959689383193
vn -0.0006890099099641245 -0.0029068214055185644 -0.9999955378173747
vn -0.0007614545208995375 -0.0032061243222407327 -0.9999945704621815
vn -0.0008685162190197258 -0.0035265312320077844 -0.999993404606774
vn -0.0008643467943686973 -0.0035194948409808502 -0.999993433008779
vn -0.0008637592519424637 -0.0035195669327990633 -0.9999934332627192
vn -0.0010318755463974364 -0.0032125991337093192 -0.9999943072036276
vn -0.0011897178250981073 -0.002860581204777949 -0.9999952008118177
vn -0.001251599425231349 -0.002659421445795736 -0.9999956804788971
vn -0.0012477396547673485 -0.0026840465830629844 -0.9999956195102527
vn -0.0012444391838023836 -0.002661776658120642 -0.9999956831487524
vn -0.0011675340782867848 -0.0024304952166057975 -0.9999963647719816
vn -0.0010301499092985407 -0.0021222221483805856 -0.9999972174782875
vn -0.0008464858443785777 -0.0017812975261983941 -0.9999980552185281
vn 0.008955514777098892 0.9999558980347247 -0.0028285580504199864
vn 0.009164504960320443 0.9999540040048108 -0.0028287317969652036
vn 0.009538713393009638 0.9999505031589835 -0.0028291657607558314
vn 0.010269713183571295 0.9999432603210736 -0.0028300405631446483
vn 0.29763162514201846 0.9546762385170565 -0.0029487838587476476
vn 0.7996218515460056 0.6004967980400825 -0.002913773111729587
vn 0.7972581477023705 0.6036337774656816 -0.0023892728385842155
vn -0.29373807679928443 0.9558828161883962 -0.0024462121736552552
vn -0.7636984960827232 0.645571488039657 -0.001435587423406162
vn -0.9999980404269196 0.0014955733020818084 0.0012970747159808383
vn -0.8520062495522647 -0.5235269688948255 0.0022053488796242153
vn -0.3252312887346636 -0.9456299128529276 0.0029456316392782417
vn -0.009128234143940657 -0.9999543386576292 0.0028277095319452763
vn -0.00945742610266903 -0.9999512637807243 0.0028332234019430233
vn -0.008851830939560018 -0.9999585972958241 0.002109213878520242
vn 0.19422749751461263 -0.9809530713654222 0.0025982663366011438
vn 0.8006721484781124 0.5990980173174072 -0.0023824982256573455
vn 0.9231020453909609 -0.3845549686215107 0.0002998391798170034
vn 0.5947866013462956 -0.8033880114585689 -0.028224136896806324
vn 0.802316246338296 0.596894475671614 -0.0023718714838061403
vn 0.0008540897348478659 -0.0017864167538635188 -0.9999980396210318
vn 0.0008486087063081731 -0.001790858005509052 -0.9999980363435059
vn 0.0008499154646985783 -0.0017874322478626406 -0.9999980413629129
vn 0.0007157295211826957 -0.0022369369453749907 -0.999997241918374
vn 0.0006326426143041901 -0.0025766620187229194 -0.9999964802818878
vn 0.0006458712869915157 -0.0025128346533931168 -0.9999966342504787
vn 0.0006458650916652575 -0.00251292218185056 -0.999996634034531
vn 0.0006458603931971934 -0.0025127892909807175 -0.9999966343715022
vn 0.0006651757878426269 -0.0027603710408735035 -0.9999959689383193
vn 0.0006890099099641262 -0.0029068214055185736 -0.9999955378173747
vn 0.0007614545208995347 -0.003206124322240725 -0.9999945704621815
vn 0.0008685162190197256 -0.0035265312320077844 -0.999993404606774
vn 0.0008643467943686971 -0.00351949484098085 -0.999993433008779
vn 0.0008637592519424638 -0.003519566932799063 -0.9999934332627192
vn 0.0010318755463974369 -0.003212599133709317 -0.9999943072036276
vn 0.0011897178250981073 -0.002860581204777949 -0.9999952008118177
vn 0.0012515994252313492 -0.0026594214457957353 -0.9999956804788971
vn 0.0012477396547673485 -0.0026840465830629844 -0.9999956195102527
vn 0.0012444391838023836 -0.002661776658120642 -0.9999956831487524
vn 0.001167534078286785 -0.0024304952166057975 -0.9999963647719816
vn 0.0010301499092985407 -0.002122222148380585 -0.9999972174782875
vn 0.0008464858443785776 -0.0017812975261983944 -0.9999980552185282
vn -0.008955514777098893 0.9999558980347247 -0.0028285580504199864
vn -0.009164504960320442 0.9999540040048109 -0.0028287317969652036
vn -0.00953871339300964 0.9999505031589835 -0.002829165760755831
vn -0.01026971318357129 0.9999432603210736 -0.002830040563144648
vn -0.29763162514201846 0.9546762385170565 -0.0029487838587476467
vn -0.7996218515460056 0.6004967980400825 -0.002913773111729585
vn -0.797258147702367 0.6036337774656865 -0.002389272838584232
vn 0.2937380767992845 0.9558828161883962 -0.0024462121736552557
vn 0.7636984960827231 0.6455714880396569 -0.0014355874234061598
vn 0.9999980404269198 0.0014955733020818088 0.0012970747159808387
vn 0.8520062495522644 -0.5235269688948255 0.002205348879624214
vn 0.3252312887346637 -0.9456299128529277 0.0029456316392782456
vn 0.009128234143940657 -0.9999543386576292 0.002827709531945277
vn 0.00945742610266903 -0.9999512637807243 0.0028332234019430233
vn 0.008851830939560018 -0.9999585972958241 0.002109213878520242
vn -0.1942274975146127 -0.9809530713654224 0.0025982663366011165
vn -0.8006721484781124 0.5990980173174073 -0.002382498225652341
vn -0.9231020453909571 -0.38455496862151967 0.00029983917982112456
vn -0.5947866013462932 -0.8033880114585707 -0.028224136896798892
vn -0.802316246338296 0.596894475671614 -0.0023718714838061425
vn 0.5178289653950691 0.7535307994298078 -0.4050240695422274
vn 0.5984689056502097 0.6964603324112675 -0.395951984901487
vn 0.648182070782253 0.6793637166032266 -0.34398392939130334
vn 0.8864621865145599 0.226631939212546 -0.4035130183879907
vn 0.9705022280333654 0.2391486535639553 -0.03055072635504546
vn 0.9857075743924417 0.16618645397001494 -0.027615942899735083
vn 0.3305046221002507 0.9415678952791536 -0.06493530126175823
vn 0.35563030603727935 0.9146533204772208 -0.19218841996287334
vn 0.29754097226800297 0.9253504414809364 -0.23493814137523006
vn 0.34015745911208384 0.9402614598581499 -0.014187674785942026
vn 0.07202875301454065 0.9973989585055606 -0.002678863787742854
vn 0.06960469978985724 0.9914393711405188 -0.11046790990897078
vn 0.07201870736411813 0.9973990969457307 0.0028891523743933886
vn 0.18360126454915632 0.8174511288004199 -0.5459525873909477
vn 0.3144709113655635 0.9492540666189958 0.004976234742370907
vn 0.08760825568623448 0.9404325449948765 -0.32849873949541253
vn 0.10873255898474564 0.9403971852722658 -0.3222271939930407
vn 0.20670176617072894 0.7697019856477573 -0.6040142656856718
vn 0.17083533115261443 0.8484247024164291 -0.5009898341878508
vn 0.9869661611967694 0.16092792378115417 0
vn 0.3420033101012933 0.9396458115741793 0.009974200261709669
vn 0.9847774961549357 0.1736542683180157 -0.007581435335765251
vn 0.7657399648086834 0.6425382381851773 -0.028052072377722698
vn 0.461398223692999 0.8863488405701108 -0.038696408011157646
vn 0.9848076672764094 0.17364866389810438 0
vn 0.740471751961063 0.6213354882813578 -0.2562104516796322
vn 0.43365270521464977 0.8330358116999362 -0.3435064303407499
vn 0.08061905092437295 0.9214766030629585 -0.379975576367224
vn 0.7583798369533227 0.6363622988293377 -0.14107816107141752
vn 0.453073093159712 0.8703418827581987 -0.19295019920073897
vn 0.08510525481496334 0.9727539608878029 -0.21565441609197664
vn 0.08707373207173619 0.9952536767115392 -0.043454391898433295
vn 0.9701709080701324 0.23667556529391706 -0.05246985731998576
vn 0.8450466559216495 0.494315753353839 -0.20383347443897404
vn 0 0.9244857790549746 -0.3812165320721504
vn -0.0000012376623450929967 0.9244858760380898 -0.3812162968769229
vn 0 0.9244859525954696 -0.3812161112199319
vn 0.0000014526035948430203 0.9244858760378224 -0.3812162968768126
vn 0.0000010547394323281468 0.9244862345539356 -0.3812154274411953
vn -0.0000064020229253961945 0.924485178656712 -0.38121798803713547
vn 0.0000035825837231288783 0.924485733561795 -0.38121664238051733
vn -8.188527501950338e-7 0.924486193419326 -0.3812155271973773
vn 6.236647209878995e-7 0.9244856305410657 -0.3812168922315738
vn 0.000009854843549551138 0.9244866011822341 -0.3812145382031002
vn 0.000005788975348373034 0.9244850403713045 -0.3812183234003261
vn -3.2185807721612036e-7 0.924485918398846 -0.38121619414990576
vn 0 0.9762959954771645 -0.21643966645523316
vn 0 0.9990481919258063 -0.04362006659529063
vn 0 0.8313835799755295 -0.5556989679197474
vn 0 0.9999978818567357 -0.0020582230302431015
vn 0 0.9999962249233961 -0.002747751618461773
vn 0 0.9938413595235334 -0.11081223804442912
vn 0 0.9576342489557288 -0.287987231013803
vn 0.2559559709855738 -0.615659529717737 -0.7452851027523408
vn -0.3208793029276853 0.5991958551028046 0.7334853783002505
vn -0.4476151964028339 0.883831672411651 0.13594929492747243
vn 0.4251441432229184 -0.8849598443116499 -0.18999613532688317
vn 0.17366084386868952 -0.9847952281693751 -0.0045022085294760626
vn -0.17366260188781646 0.9848051975372231 -0.00015365293709319804
vn 0.0004555907847225031 -0.0025835624243073793 -0.9999965588151974
vn -0.17365708669720836 0.9847739220160846 0.007971120178307605
vn 0.9848078483487193 0.17364545133994638 0.0008712403298204447
vn 0.9846251285276476 0.17361606486497724 -0.019256642820425624
vn 0.9796517002839116 0.19909165692705416 -0.025397997418723155
vn 0.9796515394125502 0.19909238081226938 -0.025398528089695695
vn 0.9790846463805015 0.20340385901450522 0.004486129732357983
vn 0.9790833269910468 0.20341007641601058 0.004492173257532612
vn 0.9768576237258998 0.20392675767314872 -0.06452178293805454
vn 0.9790836386529559 0.20340877102542287 0.004483346073545509
vn 0.9790813750888081 0.20341985300299398 0.004474858483695886
vn 0.9790846554109517 0.20340394331605693 0.004480332833198873
vn 0.9790826605959069 0.20341366671116132 0.004474808997161825
vn 0.5807930143846333 -0.6359769194739034 0.5081464674072778
vn 0.5807848237651536 -0.6359818606323937 0.5081496447215506
vn 0.15342530263646725 0.8127150762226089 -0.5620986402682252
vn 0.1931584126317921 0.7959104749489021 -0.5737737737960665
vn 0.2621585332094574 0.7485511453515521 -0.6090517927552183
vn 0.2825697612856535 0.7638813634847775 -0.5802065085188257
vn 0.7977839966097209 0.4812259723896539 -0.3632660984059113
vn 0.8050339057916761 0.4791841825911627 -0.3497183576540391
vn 0.8546674084565765 0.39377045715365344 -0.3383614162328827
vn 0.6991367408885196 0.5731941713446189 -0.4273830360184347
vn 0.37498086663619173 0.7361602582409856 -0.5634336019828211
vn 0.8164090447669371 0.45278940271048107 -0.35841041895545267
vn 0.9745448734923466 -0.1838080159850312 0.1283623886090972
vn -0.9769570674852429 0.15473944256651292 -0.14700541896419883
vn -0.5551943468203422 0.44681985058339335 -0.7015064207713052
vn 0.0002972127082369175 -0.0016854326531104966 0.9999985354896166
vn -0.0024174814884315205 0.013709044485556661 -0.9999031042468796
vn 0.1047446932858156 -0.593985793377421 0.7976273732102331
vn 0 0.8222790236640442 -0.569084534355052
vn 0.3264888323028556 -0.6479431743521789 0.6881676287009872
vn 0.9898110278843951 -0.1017694554295409 -0.09958467261588061
vn 0.8509538012668371 -0.5180347053864501 -0.08670451040571367
vn 0.9954476363921233 -0.09092810870147895 -0.02856715332873055
vn 0.9879864294428361 -0.1485448265665436 -0.042629212250653505
vn 0.9999802246839303 0.0049232894490496715 -0.003912986337477684
vn 0.9956720209018195 -0.09184287072979544 -0.014216676453971294
vn 0.9997345281847446 0.003919379405353309 -0.022704880979716624
vn 0.9998494409864574 -0.013363264772348267 -0.011068808142377389
vn 0.9999481783470068 -0.009930186165275037 0.002243217159770871
vn 0.9960950102120852 -0.0034374001825196207 -0.08822083036659281
vn 0.9919714618733076 0.003853104412317017 -0.12640321362734822
vn 0.9886242002989526 0.017228656954042864 -0.14941674592500087
vn 0.9606507910771225 0.06367262341535737 -0.27036245048139507
vn 0.9433823936531304 0.0867156795458514 -0.320171907365702
vn 0.9285990184955638 0.10579572840760057 -0.35568402648949676
vn 0.9135239274381207 0.13231516242802446 -0.3846644405058474
vn 0.8917352794682465 0.174025122227221 -0.41776003660652977
vn 0.8791668467431359 0.24021931823627882 -0.41153412341363527
vn 0.8360727205133254 0.2231915108482672 -0.5011665945558573
vn 0.8150430830714188 -0.567976285384237 -0.1144889164004973
vn 0.8035594669466432 -0.5807123454089573 -0.13063443255916374
vn 0.788446623680679 -0.5667830881078186 -0.23897458576489378
vn 0.7708860605246426 -0.5910402755546309 -0.23749963023361365
vn 0.7452200785607882 -0.6148248599968651 -0.25814225930615864
vn 0.7038893347309602 -0.6473442864867541 -0.2923784862211335
vn 0.6749215316837279 -0.7135059654070856 -0.18812273493172912
vn 0.6310432105889183 -0.7503802430724698 -0.19675862668795882
vn 0.9999898832245017 0.0027763830789153234 0.0035390882508107542
vn 0.99999513255572 0.0028539872265754868 -0.0012608020377455195
vn 0.5801303916871446 -0.7795679636563553 -0.23605617696134049
vn 0.5501522569009055 -0.7974578065156217 -0.2477772004324315
vn 0.8221304103137552 -0.5689009496224117 -0.021290795101525286
vn 0.8204231625906316 -0.567459839152003 -0.06996545743700414
vn 0.514157222818447 -0.7935680717398405 -0.3254106109805475
vn 0.6008044239984802 -0.7521583542645476 -0.2707246834219255
vn 0.6371847790963523 -0.725783443944758 -0.25929510173472076
vn 0.7134785877429002 -0.664412623940893 -0.222495325749496
vn 0.7550934885061302 -0.6229015013413793 -0.2045178311108804
vn 0.8185120101855988 -0.5429614902612766 -0.18769898581288
vn 0.8151824339251277 -0.5559371525033371 -0.16251609731465524
vn 0.8429572109015002 -0.5196538582585948 -0.1392228723526421
vn 0.8429315888029042 -0.5194128129556714 -0.14027354111053267
vn 0.8414513018519763 -0.5224459815815177 -0.13787640458373998
vn 0.8357600853375102 -0.536655221617911 -0.11621640532587658
vn 0.8415992971071935 -0.5350324648558896 -0.07383010672421565
vn 0.8240904596868356 -0.5660561057777553 -0.021340088211231612
vn 0.6222104819429017 0.5148784958223679 -0.5897069193252508
vn 0.6641749179212328 0.5114102335370007 -0.5452808922362437
vn 0.6985706929392153 0.49204115650241115 -0.5195137026818393
vn 0.7158149331103654 0.4887707099579263 -0.4987105118437227
vn 0.7220673005343134 0.49791675205639996 -0.4803100264627997
vn 0.7428087480656547 0.4963629481326338 -0.44928719937053085
vn 0.7539669731678167 0.5094587368838636 -0.41471146449653334
vn 0.7657208731998718 0.5348970535560953 -0.35715078950358414
vn 0.7800065016174161 0.5165769520570445 -0.3531828280622008
vn 0.8050566791843098 0.5267639015770686 -0.27277011437478943
vn 0.8006707644961264 0.5591020613232924 -0.215246862707065
vn 0.802930052315735 0.5606951174688137 -0.20229759349751164
vn 0.8043844515772858 0.576720686850463 -0.14268462923328323
vn 0.830852876710712 0.5461356527183286 -0.10686134049065417
vn 0.49868171974130987 0.46098555801498037 -0.7340360057227896
vn 0.6198296735389018 0.39125731079561704 -0.6802417897701084
vn 0.7698990231868473 0.2971612327308296 -0.5647572008021079
vn 0.8894194689730032 0.20336074985412658 -0.40936220347089763
vn 0.9254985559185167 0.17621243244987095 -0.3352634809263308
vn 0.9222100977245861 0.18313770911363875 -0.34057174744158986
vn 0.914887726583918 0.19442935324267413 -0.3538045708350104
vn 0.9135860885107524 0.20241189583791466 -0.35268949984784764
vn 0.9254655600928959 0.2038953208860599 -0.31928074668340617
vn 0.9498546146943113 0.1941630848052486 -0.24510591066482093
vn 0.9590901021383421 0.20176097415461464 -0.1985917553385485
vn 0.9619991196595598 0.21379792485321844 -0.16984740534576823
vn 0.958926217072107 0.22860193280102886 -0.16793351818922958
vn 0.9628870049774384 0.23978816066235806 -0.12389614058453008
vn 0.9626656371296736 0.26030281012133843 -0.07427865193078234
vn 0.9527421964456669 0.30257692817045717 -0.02700943632911093
vn 0.20208614052749668 0.5370322938152469 -0.8189978676444984
vn 0.40376747047458655 0.4843455708269712 -0.7761322038202315
vn 0.9320296901923472 0.36156603177513164 0.02430352374332378
vn 0.8421400390975726 0.5346408242395533 0.0704226072024461
vn 0.47275776651584955 -0.8264506780687955 -0.3057439630124757
vn 0.2841579332521493 -0.6393008042098289 -0.7145269419038957
vn 0.3796568972281857 -0.6274818887960989 -0.6797993230505214
vn 0.4636088211242809 -0.6237759208624257 -0.6292618386077352
vn 0.6041479741937799 -0.5791637845054329 -0.5473340259794712
vn 0.7619156299819105 -0.4937590225498058 -0.41914985439569097
vn 0.8320574680753212 -0.418603758384894 -0.3639385432818666
vn 0.8130294170072673 -0.4472571886127266 -0.3727521620528353
vn 0.8010674671329715 -0.4608137544567224 -0.3820230317725166
vn 0.7754744660562246 -0.5017516073060312 -0.38325536794757037
vn 0.8166960904280399 -0.45498015339010117 -0.35496557002148105
vn 0.8810676790628077 -0.3698844139165144 -0.2947969898973092
vn 0.922697579359911 -0.29853252434296895 -0.24394160971998144
vn 0.9424825340701986 -0.2560958852662805 -0.21480589033426734
vn 0.9357619843616618 -0.2766593667119716 -0.2186529291687076
vn 0.9739636557906919 -0.1578720661163994 -0.16269974781470994
vn 0.9956176775043192 0.010737960942686042 -0.09289852762933838
vn 0.9527068375073354 0.30388950011746035 0.0009238425902971502
vn 0.18985619045547725 0.5452426924333595 -0.8164955806945647
vn 0.34132525111572415 0.5221034700518657 -0.7816041450188121
vn 0.1612815113612198 -0.6592923776451383 -0.7343853449464124
vn 0.496690248697528 0.46843959076747743 -0.7306593916801357
vn 0.6161628889045383 0.4053122048675981 -0.6753260774782652
vn 0.7650440970792931 0.3184128212940392 -0.5597506630274764
vn 0.8892330406404234 0.2212839273287413 -0.4003723553635484
vn 0.9223512586219548 0.20818651589872586 -0.32546356219467254
vn 0.9188254619646988 0.22065616282722 -0.3272164852994502
vn 0.910481278931947 0.24829712627550096 -0.33071494946218316
vn 0.903564425335608 0.27039406017566486 -0.3323527967230781
vn 0.9192955460708174 0.25456332891942485 -0.30015531070400625
vn 0.9410654795200037 0.24834517495895983 -0.22960931455493966
vn 0.9527607740720305 0.24389851867721019 -0.18099839771867518
vn 0.9531353097633531 0.2624233091512449 -0.15055593012706986
vn 0.9440642932557425 0.2946695272612223 -0.1480286455493784
vn 0.9512027247354268 0.2907642651601013 -0.10329336165410903
vn 0.9486675361342713 0.31063173575962716 -0.05947966563366209
vn 0.9525207508992134 0.3041629079182148 -0.013752983426672239
vn 0.7416524843061866 0.6637488126995326 0.09689740018402268
vn 0.8287243495964454 0.5525532021591787 0.08888706975475426
vn 0.3705984649460052 -0.8496249044304961 -0.375225664835356
vn 0.2952857984194691 -0.8595403982753519 -0.41712899801431474
vn 0.2370920934476347 -0.8700817597807394 -0.43214010519907736
vn 0.19088714580564928 -0.8796389659715151 -0.4356574194372646
vn 0.1437139448838023 -0.8845109522722989 -0.4438318120147388
vn 0.08631093076138863 -0.8857281288003424 -0.4561097511377575
vn 0 0.5543985871275541 -0.8322512881281541
vn 0 0.5516355195604192 -0.8340852795483843
vn 0 -0.6660462849702088 -0.745910414377882
vn 0 -0.8882173611999693 -0.4594234639882507
vn -0.2559559709855739 -0.6156595297177365 -0.745285102752341
vn 0.32087930292768524 0.5991958551028046 0.7334853783002506
vn 0.4476151964028339 0.883831672411651 0.13594929492747246
vn -0.4251441432229132 -0.8849598443116528 -0.1899961353268819
vn -0.17366084386868713 -0.9847952281693757 -0.00450220852947612
vn 0.17366260188781404 0.9848051975372234 -0.0001536529370934364
vn -0.0004555907847224913 -0.0025835624243073798 -0.9999965588151974
vn 0.1736570866972059 0.9847739220160849 0.00797112017830752
vn -0.9848078483487197 0.1736454513399445 0.0008712403298200901
vn -0.9846251285276477 0.17361606486497688 -0.019256642820425537
vn -0.9796517002839112 0.1990916569270555 -0.025397997418723478
vn -0.9796515394125502 0.19909238081226907 -0.025398528089695865
vn -0.9790846463805026 0.20340385901450073 0.004486129732353598
vn -0.9790833269910472 0.20341007641600983 0.004492173257531963
vn -0.9768576237259001 0.20392675767314872 -0.06452178293804967
vn -0.9790836386529559 0.20340877102542293 0.004483346073540976
vn -0.9790813750888113 0.203419853002978 0.004474858483699689
vn -0.9790846554109528 0.20340394331605235 0.004480332833199359
vn -0.9790826605959073 0.20341366671115893 0.004474808997165716
vn -0.5807930143846259 -0.6359769194739073 0.508146467407281
vn -0.5807848237651474 -0.6359818606323971 0.5081496447215536
vn -0.15342530263646761 0.8127150762226089 -0.5620986402682251
vn -0.19315841263179198 0.795910474948902 -0.5737737737960664
vn -0.26215853320945726 0.7485511453515524 -0.609051792755218
vn -0.2825697612856557 0.763881363484777 -0.5802065085188253
vn -0.7977839966097185 0.48122597238965714 -0.36326609840591156
vn -0.8050339057916769 0.4791841825911619 -0.349718357654038
vn -0.85466740845658 0.3937704571536462 -0.3383614162328829
vn -0.699136740888518 0.5731941713446201 -0.42738303601843586
vn -0.37498086663619545 0.7361602582409845 -0.56343360198282
vn -0.8164090447669411 0.4527894027104776 -0.3584104189554479
vn -0.9745448734923464 -0.18380801598503133 0.1283623886090973
vn 0.976957067485236 0.154739442566538 -0.14700541896421787
vn 0.5551943468203431 0.44681985058339363 -0.7015064207713047
vn -0.0002972127082369131 -0.0016854326531104977 0.9999985354896166
vn 0.002417481488431502 0.013709044485556666 -0.9999031042468796
vn -0.10474469328581473 -0.5939857933774213 0.7976273732102329
vn -0.5178289653950706 0.7535307994298062 -0.40502406954222864
vn -0.5984689056502079 0.696460332411268 -0.3959519849014888
vn -0.6481820707822528 0.6793637166032267 -0.3439839293913037
vn -0.8864621865145595 0.22663193921254604 -0.40351301838799103
vn -0.9705022280333654 0.2391486535639553 -0.030550726355045157
vn -0.9857075743924402 0.16618645397002385 -0.02761594289973514
vn -0.3305046221002506 0.9415678952791539 -0.06493530126175821
vn -0.35563030603727913 0.9146533204772208 -0.19218841996287347
vn -0.2975409722680031 0.9253504414809364 -0.2349381413752301
vn -0.3401574591120836 0.94026145985815 -0.014187674785941913
vn -0.07202875301454065 0.9973989585055606 -0.0026788637877428593
vn -0.06960469978985724 0.9914393711405188 -0.11046790990897079
vn -0.07201870736411813 0.9973990969457307 0.0028891523743934003
vn -0.1836012645491563 0.8174511288004198 -0.5459525873909477
vn -0.31447091136556343 0.9492540666189958 0.004976234742370967
vn -0.0876082556862345 0.9404325449948767 -0.3284987394954125
vn -0.10873255898474635 0.9403971852722659 -0.32222719399304045
vn -0.2067017661707304 0.7697019856477566 -0.6040142656856718
vn -0.17083533115261432 0.8484247024164293 -0.5009898341878506
vn -0.9869661611967679 0.1609279237811631 0
vn -0.3420033101012927 0.9396458115741795 0.009974200261709639
vn -0.9847774961549357 0.1736542683180157 -0.007581435335765253
vn -0.7657399648086842 0.6425382381851762 -0.02805207237772265
vn -0.4613982236930004 0.8863488405701099 -0.03869640801115761
vn -0.9848076672764094 0.17364866389810488 0
vn -0.740471751961064 0.6213354882813567 -0.25621045167963175
vn -0.4336527052146491 0.8330358116999366 -0.34350643034075007
vn -0.080619050924373 0.9214766030629585 -0.379975576367224
vn -0.7583798369533233 0.6363622988293367 -0.14107816107141724
vn -0.4530730931597114 0.8703418827581992 -0.1929501992007391
vn -0.08510525481496334 0.9727539608878029 -0.2156544160919767
vn -0.08707373207173619 0.9952536767115392 -0.04345439189843331
vn -0.9701709080701335 0.23667556529391254 -0.05246985731998474
vn -0.8450466559216523 0.49431575335383526 -0.2038334744389725
vn -0.3264888323028766 -0.647943174352176 0.6881676287009799
vn -0.9898110278843953 -0.10176945542954223 -0.09958467261587672
vn -0.8509538012668358 -0.5180347053864524 -0.08670451040571024
vn -0.9954476363921233 -0.0909281087014796 -0.028567153328728688
vn -0.9879864294428361 -0.14854482656654458 -0.04262921225065366
vn -0.9999802246839303 0.0049232894490496715 -0.003912986337477686
vn -0.9956720209018195 -0.09184287072979508 -0.014216676453968784
vn -0.9998494409864574 -0.013363264772348523 -0.011068808142377375
vn -0.9999481783470068 -0.00993018616527531 0.002243217159768622
vn -0.9960950102120852 -0.003437400182520224 -0.08822083036659258
vn -0.9919714618733079 0.0038531044123163603 -0.12640321362734672
vn -0.9886242002989525 0.017228656954042507 -0.1494167459250023
vn -0.9606507910771236 0.06367262341535615 -0.27036245048139146
vn -0.9433823936531287 0.08671567954585271 -0.32017190736570633
vn -0.9285990184955645 0.10579572840760063 -0.35568402648949493
vn -0.9135239274381208 0.13231516242802524 -0.38466444050584686
vn -0.8917352794682479 0.17402512222721828 -0.41776003660652783
vn -0.8791668467431354 0.24021931823628181 -0.4115341234136343
vn -0.8360727205133249 0.22319151084826994 -0.5011665945558564
vn -0.8150430830714187 -0.5679762853842373 -0.11448891640049708
vn -0.8035594669466428 -0.5807123454089579 -0.1306344325591627
vn -0.7884466236806781 -0.5667830881078186 -0.23897458576489675
vn -0.7708860605246428 -0.5910402755546318 -0.23749963023361037
vn -0.745220078560788 -0.6148248599968654 -0.25814225930615853
vn -0.7038893347309604 -0.647344286486754 -0.2923784862211336
vn -0.6749215316837285 -0.7135059654070852 -0.18812273493172857
vn -0.6310432105889188 -0.7503802430724694 -0.1967586266879581
vn -0.9999898832245017 0.0027763830789147665 0.003539088250810748
vn -0.99999513255572 0.002853987226574935 -0.0012608020377458413
vn -0.5801303916871442 -0.7795679636563554 -0.23605617696134168
vn -0.5501522569009067 -0.7974578065156213 -0.24777720043243048
vn -0.8221304103137557 -0.5689009496224107 -0.021290795101527354
vn -0.8204231625906312 -0.5674598391520039 -0.06996545743700132
vn -0.514157222818447 -0.7935680717398406 -0.32541061098054747
vn -0.6008044239984816 -0.7521583542645469 -0.27072468342192446
vn -0.6371847790963362 -0.725783443944774 -0.25929510173471565
vn -0.7134785877429171 -0.6644126239408734 -0.22249532574950043
vn -0.7550934885061072 -0.6229015013414096 -0.2045178311108723
vn -0.8185120101855837 -0.5429614902613014 -0.18769898581287556
vn -0.815182433925127 -0.5559371525033374 -0.16251609731465697
vn -0.8429572109015008 -0.5196538582585948 -0.13922287235263972
vn -0.8429315888029109 -0.5194128129556603 -0.14027354111053508
vn -0.8414513018519891 -0.5224459815814965 -0.13787640458374031
vn -0.8357600853375288 -0.5366552216178808 -0.11621640532588304
vn -0.8415992971071875 -0.5350324648558992 -0.07383010672421508
vn -0.8240904596868123 -0.5660561057777892 -0.021340088211233083
vn -0.6222104819429185 0.5148784958223496 -0.5897069193252493
vn -0.6641749179212244 0.5114102335370109 -0.5452808922362444
vn -0.6985706929392148 0.4920411565024109 -0.5195137026818402
vn -0.7158149331103613 0.48877070995793237 -0.4987105118437226
vn -0.7220673005343092 0.4979167520564058 -0.4803100264627995
vn -0.7428087480656628 0.4963629481326215 -0.4492871993705309
vn -0.7539669731677986 0.5094587368838874 -0.4147114644965367
vn -0.765720873199876 0.5348970535560891 -0.3571507895035847
vn -0.7800065016174026 0.5165769520570627 -0.3531828280622037
vn -0.8050566791842955 0.5267639015770874 -0.27277011437479515
vn -0.8006707644961264 0.5591020613232921 -0.21524686270706578
vn -0.8029300523157205 0.5606951174688323 -0.2022975934975171
vn -0.8043844515772717 0.5767206868504817 -0.14268462923328765
vn -0.8308528767107027 0.5461356527183422 -0.10686134049065674
vn -0.9073541745420105 -0.22210615374529774 -0.3568995074382381
vn -0.9930040505327816 -0.11774445293270545 -0.008899406107532187
vn -0.9834796255552777 -0.11693725253432827 -0.13817924984372296
vn -0.9648982379101569 -0.226965724166598 -0.13212853791443377
vn -0.9486980226592729 -0.22118330498140146 -0.2259424869295061
vn -0.9315356479847089 -0.20689697247748473 -0.29905681619611935
vn -0.9222138464529936 -0.22529267431275973 -0.3142687262700171
vn -0.8714286970910252 -0.26704973876888055 -0.4114565139959644
vn -0.9372766811318205 -0.21162312306537676 -0.2769983335519838
vn -0.9705306571872938 -0.2019075860100295 -0.1315430354340452
vn -0.9661176059561817 -0.2010643111473591 -0.16183298256021353
vn -0.9687279675228737 -0.1895530400848914 -0.1601117420228067
vn -0.9888579178637548 -0.14845746230888238 0.010972700805480769
vn -0.9845924698194611 -0.17361056457446702 0.020905507478850918
vn -0.4986817197413098 0.46098555801498037 -0.7340360057227896
vn -0.6198296735389018 0.39125731079561704 -0.6802417897701084
vn -0.7698990231868473 0.2971612327308296 -0.5647572008021079
vn -0.8894194689730032 0.2033607498541266 -0.40936220347089775
vn -0.9254985559185166 0.17621243244987092 -0.33526348092633074
vn -0.922210097724586 0.18313770911363875 -0.34057174744158974
vn -0.914887726583918 0.19442935324267405 -0.3538045708350104
vn -0.9135860885107524 0.20241189583791466 -0.35268949984784764
vn -0.9254655600928959 0.20389532088605997 -0.3192807466834061
vn -0.9498546146943113 0.19416308480524863 -0.24510591066482093
vn -0.9590901021383411 0.20176097415461547 -0.19859175533855125
vn -0.9619991196595625 0.21379792485321153 -0.16984740534576118
vn -0.9589262170721041 0.2286019328010363 -0.16793351818923663
vn -0.9628870049774391 0.23978816066235722 -0.12389614058452712
vn -0.9626656371296749 0.2603028101213325 -0.07427865193078607
vn -0.9527421964456727 0.3025769281704397 -0.0270094363291062
vn -0.20208614052749665 0.5370322938152469 -0.8189978676444984
vn -0.4037674704745865 0.4843455708269711 -0.7761322038202315
vn -0.9320296901923467 0.3615660317751325 0.02430352374332007
vn -0.842140039097558 0.534640824239576 0.07042260720244886
vn -0.47275776651584944 -0.8264506780687955 -0.3057439630124758
vn -0.2841579332521494 -0.639300804209829 -0.7145269419038957
vn -0.3796568972281857 -0.6274818887960989 -0.6797993230505215
vn -0.4636088211242811 -0.6237759208624256 -0.6292618386077352
vn -0.6041479741937799 -0.579163784505433 -0.5473340259794712
vn -0.7619156299819105 -0.4937590225498058 -0.41914985439569097
vn -0.8320574680753214 -0.418603758384894 -0.36393854328186664
vn -0.8130294170072673 -0.4472571886127266 -0.37275216205283523
vn -0.8010674671329715 -0.4608137544567224 -0.38202303177251656
vn -0.7754744660562246 -0.5017516073060313 -0.38325536794757037
vn -0.8166960904280399 -0.4549801533901013 -0.35496557002148105
vn -0.8810676790628077 -0.3698844139165144 -0.2947969898973092
vn -0.922697579359911 -0.2985325243429689 -0.24394160971998144
vn -0.9424825340702023 -0.25609588526627086 -0.21480589033426253
vn -0.9357619843616576 -0.2766593667119822 -0.21865292916871243
vn -0.973963655790689 -0.15787206611641416 -0.16269974781471197
vn -0.9956176775043194 0.010737960942706055 -0.09289852762933513
vn -0.9527068375073354 0.30388950011746035 0.0009238425902971532
vn -0.18985619045547736 0.5452426924333597 -0.8164955806945648
vn -0.3413252511157242 0.5221034700518659 -0.7816041450188123
vn -0.16128151136121976 -0.6592923776451384 -0.7343853449464124
vn -0.496690248697528 0.46843959076747743 -0.7306593916801357
vn -0.6161628889045383 0.4053122048675981 -0.6753260774782652
vn -0.7650440970792931 0.3184128212940392 -0.5597506630274764
vn -0.8892330406404234 0.2212839273287414 -0.4003723553635485
vn -0.9223512586219548 0.2081865158987259 -0.32546356219467254
vn -0.9188254619646987 0.22065616282722006 -0.3272164852994502
vn -0.910481278931947 0.24829712627550088 -0.33071494946218316
vn -0.903564425335608 0.2703940601756649 -0.3323527967230781
vn -0.9192955460708174 0.25456332891942485 -0.30015531070400625
vn -0.9410654795200037 0.24834517495895983 -0.22960931455493971
vn -0.9527607740720305 0.24389851867721024 -0.1809983977186752
vn -0.9531353097633524 0.26242330915125056 -0.15055593012706495
vn -0.9440642932557425 0.29466952726122236 -0.1480286455493784
vn -0.9512027247354191 0.29076426516012505 -0.10329336165411135
vn -0.9486675361342759 0.3106317357596135 -0.059479665633661014
vn -0.9525207508992107 0.30416290791822387 -0.013752983426666828
vn -0.7416524843061765 0.6637488126995438 0.09689740018402342
vn -0.828724349596455 0.5525532021591643 0.08888706975475316
vn -0.37059846494600523 -0.8496249044304962 -0.37522566483535613
vn -0.29528579841946917 -0.8595403982753518 -0.4171289980143148
vn -0.23709209344763468 -0.8700817597807394 -0.4321401051990775
vn -0.1908871458056492 -0.8796389659715153 -0.4356574194372646
vn -0.14371394488380232 -0.884510952272299 -0.44383181201473876
vn -0.08631093076138867 -0.8857281288003424 -0.4561097511377576
vn 0.9888579178637549 -0.14845746230888138 0.01097270080548107
vn 0.984592469819461 -0.17361056457446816 0.020905507478851833
vn 0.9073541745420101 -0.22210615374529802 -0.35689950743823895
vn 0.9930040505327816 -0.11774445293270579 -0.008899406107532206
vn 0.9834796255552781 -0.11693725253432863 -0.13817924984371865
vn 0.9648982379101568 -0.22696572416659794 -0.1321285379144338
vn 0.9486980226592727 -0.2211833049814011 -0.22594248692950816
vn 0.9315356479847086 -0.20689697247748315 -0.2990568161961215
vn 0.9222138464529945 -0.22529267431276032 -0.31426872627001423
vn 0.8714286970910251 -0.26704973876888055 -0.41145651399596417
vn 0.9372766811318206 -0.21162312306537753 -0.27699833355198267
vn 0.970530657187294 -0.2019075860100292 -0.1315430354340436
vn 0.9661176059561818 -0.20106431114735882 -0.16183298256021209
vn 0.9687279675228733 -0.18955304008489166 -0.1601117420228088
vn -0.9998266352182107 0.018363918815140733 0.003076685551406406
vn -0.9995770052225652 0.017690604545370258 0.02308361195973187
vn -0.9995049993756681 0.016688993290723264 0.026668965596516426
vn 0.9998266352182107 0.01836391881514051 0.0030766855514061065
vn 0.9995770052225652 0.017690604545369682 0.023083611959732058
vn 0.9995049993756681 0.016688993290723084 0.026668965596515225
vn -0.12231426667009769 0.8161118563433715 -0.5648014324563393
vn -0.30155229425690094 0.7729883211196129 -0.5581713618962209
vn -0.36375951235928977 0.7206465704077569 -0.5902097404547552
vn -0.2374167506667277 0.7923034075887555 -0.5620396754910627
vn -0.17968292375140055 0.8062433821757834 -0.5636361021172279
vn -0.15425429622320946 0.810312031973222 -0.5653317812896338
vn 0.12231426667009797 0.8161118563433715 -0.5648014324563392
vn 0.301552294256901 0.7729883211196128 -0.5581713618962207
vn 0.36375951235929066 0.720646570407757 -0.5902097404547547
vn 0.23741675066672768 0.7923034075887555 -0.5620396754910627
vn 0.1796829237514006 0.8062433821757834 -0.5636361021172278
vn 0.15425429622320957 0.8103120319732222 -0.5653317812896338
vn -0.088578006616642 0.853815704713036 -0.5129840924718854
vn -0.08372063244534418 0.8469656483365873 -0.5250143295575236
vn -0.08752643250874592 0.8207157829066887 -0.5645925320973998
vn 0.08857800661664197 0.8538157047130361 -0.5129840924718853
vn 0.08372063244534421 0.8469656483365874 -0.5250143295575235
vn 0.08752643250874591 0.8207157829066887 -0.5645925320973998
vn -0.08390332827018344 0.8632288350229221 -0.497791331674382
vn 0.08390332827018347 0.8632288350229221 -0.497791331674382
vn 0 0.9251185747775453 -0.37967831463169377
vn -0.9997345281847446 0.003919379405353542 -0.022704880979716624
vn 0 0 -1
vn -0.4999981273407048 -0.8660264849620875 0
vn 0 0 -1
vn -0.8660264849620876 -0.49999812734070465 0
vn 0 0 -1
vn -1 0 0
vn 0 0 -1
vn -0.8660264849620876 0.49999812734070465 0
vn 0 0 -1
vn -0.49999812734070537 0.8660264849620869 0
vn 0 0 -1
vn 0 1 0
vn 0 0 -1
vn 0.49999812734070537 0.8660264849620869 0
vn 0 0 -1
vn 0.8660264849620876 0.49999812734070465 0
vn 0 0 -1
vn 1 0 0
vn 0 0 -1
vn 0.8660264849620876 -0.49999812734070465 0
vn 0 0 -1
vn 0.4999981273407048 -0.8660264849620875 0
vn 0 0 -1
vn 0 -1 0
vn 0 0 -1
vn -0.49999812734070476 -0.8660264849620875 0
vn 0 0 -1
vn -0.8660264849620876 -0.49999812734070465 0
vn 0 0 -1
vn -1 0 0
vn 0 0 -1
vn -0.8660264849620876 0.49999812734070465 0
vn 0 0 -1
vn -0.49999812734070537 0.8660264849620869 0
vn 0 0 -1
vn 0 1 0
vn 0 0 -1
vn 0.49999812734070537 0.8660264849620869 0
vn 0 0 -1
vn 0.8660264849620876 0.49999812734070465 0
vn 0 0 -1
vn 1 0 0
vn 0 0 -1
vn 0.8660264849620876 -0.49999812734070465 0
vn 0 0 -1
vn 0.49999812734070476 -0.8660264849620875 0
vn 0 0 -1
vn 0 -1 0
vn 0 0 -1
vn 0.4999981273407048 -0.8660264849620875 0
vn 0 0 -1
vn 0.8660264849620876 -0.49999812734070465 0
vn 0 0 -1
vn 1 0 0
vn 0 0 -1
vn 0.8660264849620876 0.49999812734070465 0
vn 0 0 -1
vn 0.49999812734070537 0.8660264849620869 0
vn 0 0 -1
vn 0 1 0
vn 0 0 -1
vn -0.49999812734070537 0.8660264849620869 0
vn 0 0 -1
vn -0.8660264849620876 0.49999812734070465 0
vn 0 0 -1
vn -1 0 0
vn 0 0 -1
vn -0.8660264849620876 -0.49999812734070465 0
vn 0 0 -1
vn -0.4999981273407048 -0.8660264849620875 0
vn 0 0 -1
vn 0 -1 0
vn 0 0 -1
vn 0.49999812734070476 -0.8660264849620875 0
vn 0 0 -1
vn 0.8660264849620876 -0.49999812734070465 0
vn 0 0 -1
vn 1 0 0
vn 0 0 -1
vn 0.8660264849620876 0.49999812734070465 0
vn 0 0 -1
vn 0.49999812734070537 0.8660264849620869 0
vn 0 0 -1
vn 0 1 0
vn 0 0 -1
vn -0.49999812734070537 0.8660264849620869 0
vn 0 0 -1
vn -0.8660264849620876 0.49999812734070465 0
vn 0 0 -1
vn -1 0 0
vn 0 0 -1
vn -0.8660264849620876 -0.49999812734070465 0
vn 0 0 -1
vn -0.49999812734070476 -0.8660264849620875 0
vn 0 0 -1
vn 0 -1 0
usemtl m_2e146a60-ae6a-de58-ef29-5cac9a70e150
f 663/1345/390 652/1346/390 664/1347/390 665/1348/390
f 652/1349/391 651/1350/391 658/1351/391 664/1352/391
f 656/1353/392 657/1354/392 650/1355/392 649/1356/392
f 655/1357/393 656/1358/393 649/1359/393 648/1360/393
f 654/1361/394 655/1362/394 648/1363/394 647/1364/394
f 653/1365/395 654/1366/395 647/1367/395 646/1368/395
f 646/1369/396 661/1370/396 660/1371/396 653/1372/396
f 659/1373/397 660/1374/397 661/1375/397 645/1376/397
f 667/1377/398 663/1378/398 665/1379/398 666/1380/398
f 645/1381/399 668/1382/399 669/1383/399 659/1384/399
f 674/1385/400 673/1386/400 671/1387/400 672/1388/400
f 674/1389/401 672/1390/401 670/1391/401
f 676/1392/402 675/1393/402 673/1394/402 674/1395/402
f 676/1396/403 674/1397/403 670/1398/403
f 678/1399/404 677/1400/404 675/1401/404 676/1402/404
f 678/1403/405 676/1404/405 670/1405/405
f 680/1406/406 679/1407/406 677/1408/406 678/1409/406
f 680/1410/407 678/1411/407 670/1412/407
f 682/1413/408 681/1414/408 679/1415/408 680/1416/408
f 682/1417/409 680/1418/409 670/1419/409
f 684/1420/410 683/1421/410 681/1422/410 682/1423/410
f 684/1424/411 682/1425/411 670/1426/411
f 686/1427/412 685/1428/412 683/1429/412 684/1430/412
f 686/1431/413 684/1432/413 670/1433/413
f 688/1434/414 687/1435/414 685/1436/414 686/1437/414
f 688/1438/415 686/1439/415 670/1440/415
f 689/1441/416 688/1442/416 670/1443/416
f 691/1444/417 689/1445/417 670/1446/417
f 693/1447/418 692/1448/418 690/1449/418 691/1450/418
f 693/1451/419 691/1452/419 670/1453/419
f 672/1454/420 671/1455/420 692/1456/420 693/1457/420
f 672/1458/421 693/1459/421 670/1460/421
f 689/1461/422 694/1462/422 687/1463/422 688/1464/422
f 691/1465/423 690/1466/423 694/1467/423 689/1468/423
f 695/1469/424 696/1470/424 697/1471/424
f 702/1472/425 703/1473/425 704/1474/425
f 704/1475/426 703/1476/426 705/1477/426
f 705/1478/427 703/1479/427 706/1480/427
f 705/1481/428 706/1482/428 707/1483/428
f 707/1484/429 706/1485/429 700/1486/429
f 707/1487/430 700/1488/430 701/1489/430
f 708/1490/431 709/1491/431 710/1492/431
f 710/1493/432 709/1494/432 711/1495/432
f 709/1496/433 712/1497/433 711/1498/433
f 711/1499/434 712/1500/434 713/1501/434
f 712/1502/435 714/1503/435 713/1504/435
f 717/1505/436 716/1506/436 715/1507/436
f 715/1508/437 718/1509/437 717/1510/437
f 720/1511/438 719/1512/438 721/1513/438 722/1514/438
f 734/1515/439 790/1516/439 735/1517/439
f 734/1518/440 735/1519/440 736/1520/440
f 745/1521/441 744/1522/441 746/1523/441
f 754/1524/442 755/1525/442 756/1526/442
f 756/1527/443 755/1528/443 757/1529/443
f 756/1530/444 757/1531/444 758/1532/444
f 767/1533/445 758/1534/445 768/1535/445
f 768/1536/446 758/1537/446 769/1538/446
f 771/1539/447 770/1540/447 772/1541/447
f 772/1542/448 770/1543/448 773/1544/448
f 777/1545/449 776/1546/449 778/1547/449
f 779/1548/450 780/1549/450 781/1550/450
f 782/1551/451 743/1552/451 783/1553/451
f 746/1554/452 747/1555/452 784/1556/452
f 784/1557/453 747/1558/453 785/1559/453
f 787/1560/454 786/1561/454 788/1562/454
f 735/1563/455 790/1564/455 791/1565/455
f 760/1566/456 759/1567/456 748/1568/456 749/1569/456
f 761/1570/457 760/1571/457 749/1572/457 750/1573/457
f 762/1574/458 761/1575/458 750/1576/458 751/1577/458
f 763/1578/459 762/1579/459 751/1580/459 752/1581/459
f 764/1582/460 763/1583/460 752/1584/460 753/1585/460
f 765/1586/461 764/1587/461 753/1588/461 754/1589/461
f 754/1590/462 756/1591/462 766/1592/462 765/1593/462
f 767/1594/463 766/1595/463 756/1596/463 758/1597/463
f 729/1598/464 728/1599/464 723/1600/464 724/1601/464
f 724/1602/465 725/1603/465 730/1604/465 729/1605/465
f 731/1606/466 730/1607/466 725/1608/466 726/1609/466
f 728/1610/467 729/1611/467 741/1612/467 742/1613/467
f 742/1614/468 741/1615/468 748/1616/468 747/1617/468
f 749/1618/469 748/1619/469 741/1620/469 740/1621/469
f 740/1622/470 741/1623/470 729/1624/470 730/1625/470
f 739/1626/471 740/1627/471 730/1628/471 731/1629/471
f 750/1630/472 749/1631/472 740/1632/472 739/1633/472
f 751/1634/473 750/1635/473 739/1636/473 738/1637/473
f 731/1638/474 732/1639/474 738/1640/474 739/1641/474
f 726/1642/475 727/1643/475 732/1644/475 731/1645/475
f 727/1646/476 789/1647/476 733/1648/476 732/1649/476
f 732/1650/477 733/1651/477 737/1652/477 738/1653/477
f 738/1654/478 737/1655/478 752/1656/478 751/1657/478
f 789/1658/479 790/1659/479 734/1660/479 733/1661/479
f 733/1662/480 734/1663/480 736/1664/480 737/1665/480
f 737/1666/481 736/1667/481 753/1668/481 752/1669/481
f 754/1670/482 753/1671/482 736/1672/482 755/1673/482
f 744/1674/483 742/1675/483 747/1676/483 746/1677/483
f 797/1678/484 796/1679/484 798/1680/484
f 797/1681/485 798/1682/485 799/1683/485
f 797/1684/486 799/1685/486 800/1686/486
f 800/1687/487 799/1688/487 801/1689/487
f 800/1690/488 801/1691/488 794/1692/488
f 794/1693/489 801/1694/489 795/1695/489
f 803/1696/490 802/1697/490 804/1698/490
f 803/1699/491 804/1700/491 805/1701/491
f 806/1702/492 803/1703/492 805/1704/492
f 806/1705/493 805/1706/493 807/1707/493
f 808/1708/494 806/1709/494 807/1710/494
f 810/1711/495 811/1712/495 809/1713/495
f 812/1714/496 809/1715/496 811/1716/496
f 814/1717/497 770/1718/497 771/1719/497 813/1720/497
f 747/1721/498 814/1722/498 813/1723/498
f 814/1724/499 747/1725/499 748/1726/499 759/1727/499
f 770/1728/500 814/1729/500 759/1730/500
f 745/1731/501 783/1732/501 743/1733/501 744/1734/501
f 772/1735/502 773/1736/502 774/1737/502 775/1738/502
f 775/1739/503 774/1740/503 776/1741/503 777/1742/503
f 776/1743/504 780/1744/504 779/1745/504 778/1746/504
f 817/1747/505 815/1748/505 816/1749/505 818/1750/505
f 821/1751/506 819/1752/506 820/1753/506 822/1754/506
f 826/1755/507 825/1756/507 827/1757/507 828/1758/507
f 893/1759/508 840/1760/508 841/1761/508
f 841/1762/509 840/1763/509 842/1764/509
f 850/1765/510 851/1766/510 852/1767/510
f 861/1768/511 860/1769/511 862/1770/511
f 861/1771/512 862/1772/512 863/1773/512
f 863/1774/513 862/1775/513 864/1776/513
f 864/1777/514 873/1778/514 874/1779/514
f 864/1780/515 874/1781/515 875/1782/515
f 876/1783/516 877/1784/516 878/1785/516
f 876/1786/517 878/1787/517 879/1788/517
f 882/1789/518 883/1790/518 884/1791/518
f 886/1792/519 885/1793/519 887/1794/519
f 849/1795/520 888/1796/520 889/1797/520
f 853/1798/521 852/1799/521 890/1800/521
f 853/1801/522 890/1802/522 891/1803/522
f 893/1804/523 841/1805/523 894/1806/523
f 854/1807/524 865/1808/524 866/1809/524 855/1810/524
f 855/1811/525 866/1812/525 867/1813/525 856/1814/525
f 856/1815/526 867/1816/526 868/1817/526 857/1818/526
f 857/1819/527 868/1820/527 869/1821/527 858/1822/527
f 858/1823/528 869/1824/528 870/1825/528 859/1826/528
f 859/1827/529 870/1828/529 871/1829/529 860/1830/529
f 872/1831/530 862/1832/530 860/1833/530 871/1834/530
f 862/1835/531 872/1836/531 873/1837/531 864/1838/531
f 829/1839/532 834/1840/532 835/1841/532 830/1842/532
f 836/1843/533 831/1844/533 830/1845/533 835/1846/533
f 831/1847/534 836/1848/534 837/1849/534 832/1850/534
f 847/1851/535 835/1852/535 834/1853/535 848/1854/535
f 854/1855/536 847/1856/536 848/1857/536 853/1858/536
f 847/1859/537 854/1860/537 855/1861/537 846/1862/537
f 835/1863/538 847/1864/538 846/1865/538 836/1866/538
f 836/1867/539 846/1868/539 845/1869/539 837/1870/539
f 846/1871/540 855/1872/540 856/1873/540 845/1874/540
f 845/1875/541 856/1876/541 857/1877/541 844/1878/541
f 844/1879/542 838/1880/542 837/1881/542 845/1882/542
f 838/1883/543 833/1884/543 832/1885/543 837/1886/543
f 839/1887/544 892/1888/544 833/1889/544 838/1890/544
f 843/1891/545 839/1892/545 838/1893/545 844/1894/545
f 858/1895/546 843/1896/546 844/1897/546 857/1898/546
f 840/1899/547 893/1900/547 892/1901/547 839/1902/547
f 842/1903/548 840/1904/548 839/1905/548 843/1906/548
f 859/1907/549 842/1908/549 843/1909/549 858/1910/549
f 842/1911/550 859/1912/550 860/1913/550 861/1914/550
f 853/1915/551 848/1916/551 850/1917/551 852/1918/551
f 877/1919/552 876/1920/552 896/1921/552 895/1922/552
f 896/1923/553 853/1924/553 895/1925/553
f 854/1926/554 853/1927/554 896/1928/554 865/1929/554
f 896/1930/555 876/1931/555 865/1932/555
f 849/1933/556 889/1934/556 851/1935/556 850/1936/556
f 880/1937/557 879/1938/557 878/1939/557 881/1940/557
f 882/1941/558 880/1942/558 881/1943/558 883/1944/558
f 885/1945/559 886/1946/559 882/1947/559 884/1948/559
f 949/1949/560 950/1950/560 951/1951/560
f 951/1952/561 950/1953/561 952/1954/561
f 951/1955/562 952/1956/562 953/1957/562
f 953/1958/563 954/1959/563 951/1960/563
f 951/1961/564 954/1962/564 955/1963/564
f 951/1964/565 955/1965/565 956/1966/565
f 956/1967/566 957/1968/566 951/1969/566
f 951/1970/567 957/1971/567 958/1972/567
f 951/1973/568 958/1974/568 959/1975/568
f 959/1976/569 960/1977/569 951/1978/569
f 951/1979/570 960/1980/570 961/1981/570
f 951/1982/571 961/1983/571 962/1984/571
f 962/1985/572 963/1986/572 951/1987/572
f 951/1988/573 963/1989/573 964/1990/573
f 951/1991/574 964/1992/574 965/1993/574
f 965/1994/575 966/1995/575 951/1996/575
f 951/1997/576 966/1998/576 967/1999/576
f 951/2000/577 967/2001/577 968/2002/577
f 968/2003/578 969/2004/578 951/2005/578
f 951/2006/579 969/2007/579 970/2008/579
f 951/2009/580 970/2010/580 971/2011/580
f 972/2012/581 973/2013/581 974/2014/581
f 940/2015/582 942/2016/582 941/2017/582 939/2018/582
f 943/2019/583 941/2020/583 942/2021/583 944/2022/583
f 938/2023/584 940/2024/584 939/2025/584 937/2026/584
f 945/2027/585 943/2028/585 944/2029/585 946/2030/585
f 947/2031/586 945/2032/586 946/2033/586 948/2034/586
f 921/2035/587 919/2036/587 920/2037/587 922/2038/587
f 923/2039/588 921/2040/588 922/2041/588 924/2042/588
f 937/2043/589 935/2044/589 936/2045/589 938/2046/589
f 932/2047/590 934/2048/590 933/2049/590 931/2050/590
f 928/2051/591 930/2052/591 929/2053/591 927/2054/591
f 977/2055/592 975/2056/592 976/2057/592 978/2058/592
f 914/2059/593 916/2060/593 915/2061/593 913/2062/593
f 912/2063/594 914/2064/594 913/2065/594 911/2066/594
f 910/2067/595 912/2068/595 911/2069/595 909/2070/595
f 908/2071/596 910/2072/596 909/2073/596 907/2074/596
f 906/2075/597 908/2076/597 907/2077/597 905/2078/597
f 925/2079/598 923/2080/598 924/2081/598 926/2082/598
f 903/2083/599 901/2084/599 902/2085/599 904/2086/599
f 898/2087/600 900/2088/600 899/2089/600 897/2090/600
f 919/2091/601 917/2092/601 918/2093/601 920/2094/601
f 1032/2095/602 1031/2096/602 1033/2097/602
f 1032/2098/603 1033/2099/603 1034/2100/603
f 1034/2101/604 1033/2102/604 1035/2103/604
f 1036/2104/605 1035/2105/605 1033/2106/605
f 1036/2107/606 1033/2108/606 1037/2109/606
f 1037/2110/607 1033/2111/607 1038/2112/607
f 1039/2113/608 1038/2114/608 1033/2115/608
f 1039/2116/609 1033/2117/609 1040/2118/609
f 1040/2119/610 1033/2120/610 1041/2121/610
f 1042/2122/611 1041/2123/611 1033/2124/611
f 1042/2125/612 1033/2126/612 1043/2127/612
f 1043/2128/613 1033/2129/613 1044/2130/613
f 1045/2131/614 1044/2132/614 1033/2133/614
f 1045/2134/615 1033/2135/615 1046/2136/615
f 1046/2137/616 1033/2138/616 1047/2139/616
f 1048/2140/617 1047/2141/617 1033/2142/617
f 1048/2143/618 1033/2144/618 1049/2145/618
f 1049/2146/619 1033/2147/619 1050/2148/619
f 1051/2149/620 1050/2150/620 1033/2151/620
f 1051/2152/621 1033/2153/621 1052/2154/621
f 1052/2155/622 1033/2156/622 1053/2157/622
f 1055/2158/623 1054/2159/623 1056/2160/623
f 1023/2161/624 1024/2162/624 1022/2163/624 1021/2164/624
f 1024/2165/625 1023/2166/625 1025/2167/625 1026/2168/625
f 1021/2169/626 1022/2170/626 1020/2171/626 1019/2172/626
f 1026/2173/627 1025/2174/627 1027/2175/627 1028/2176/627
f 1028/2177/628 1027/2178/628 1029/2179/628 1030/2180/628
f 1002/2181/629 1001/2182/629 1003/2183/629 1004/2184/629
f 1004/2185/630 1003/2186/630 1005/2187/630 1006/2188/630
f 1018/2189/631 1017/2190/631 1019/2191/631 1020/2192/631
f 1015/2193/632 1016/2194/632 1014/2195/632 1013/2196/632
f 1011/2197/633 1012/2198/633 1010/2199/633 1009/2200/633
f 1058/2201/634 1057/2202/634 1059/2203/634 1060/2204/634
f 997/2205/635 998/2206/635 996/2207/635 995/2208/635
f 995/2209/636 996/2210/636 994/2211/636 993/2212/636
f 993/2213/637 994/2214/637 992/2215/637 991/2216/637
f 991/2217/638 992/2218/638 990/2219/638 989/2220/638
f 989/2221/639 990/2222/639 988/2223/639 987/2224/639
f 1006/2225/640 1005/2226/640 1007/2227/640 1008/2228/640
f 984/2229/641 983/2230/641 985/2231/641 986/2232/641
f 981/2233/642 982/2234/642 980/2235/642 979/2236/642
f 1000/2237/643 999/2238/643 1001/2239/643 1002/2240/643
f 1062/2241/644 1061/2242/644 1063/2243/644
f 1062/2244/645 1063/2245/645 1064/2246/645
f 1064/2247/646 1063/2248/646 1065/2249/646
f 1064/2250/647 1065/2251/647 1066/2252/647
f 1066/2253/648 1065/2254/648 1067/2255/648
f 1066/2256/649 1067/2257/649 1068/2258/649
f 1074/2259/650 1075/2260/650 1076/2261/650
f 1076/2262/651 1075/2263/651 1077/2264/651
f 1076/2265/652 1077/2266/652 1078/2267/652
f 1073/2268/653 1075/2269/653 1074/2270/653 1072/2271/653
f 1079/2272/654 1070/2273/654 1072/2274/654 1074/2275/654
f 1076/2276/655 1080/2277/655 1079/2278/655 1074/2279/655
f 1071/2280/656 1072/2281/656 1070/2282/656 1069/2283/656
f 1082/2284/657 1081/2285/657 1084/2286/657
f 1072/2287/658 1071/2288/658 1073/2289/658
f 1080/2290/659 1076/2291/659 1085/2292/659 1081/2293/659
f 1078/2294/660 1085/2295/660 1076/2296/660
f 1085/2297/661 1078/2298/661 1083/2299/661 1084/2300/661
f 1081/2301/662 1085/2302/662 1084/2303/662
f 1087/2304/663 1086/2305/663 1089/2306/663
f 1088/2307/664 1087/2308/664 1089/2309/664
f 1090/2310/665 1092/2311/665 1093/2312/665 1091/2313/665
f 1094/2314/666 1096/2315/666 1097/2316/666 1095/2317/666
f 1098/2318/667 1100/2319/667 1101/2320/667 1099/2321/667
f 1104/2322/668 1102/2323/668 1103/2324/668 1105/2325/668
f 1106/2326/669 1107/2327/669 1109/2328/669 1108/2329/669
f 1110/2330/670 1111/2331/670 1112/2332/670 1113/2333/670
f 1114/2334/671 1116/2335/671 1117/2336/671 1115/2337/671
f 1119/2338/672 1118/2339/672 1120/2340/672 1121/2341/672
f 1123/2342/673 1122/2343/673 1124/2344/673 1125/2345/673
f 1127/2346/674 1126/2347/674 1128/2348/674 1129/2349/674
f 1131/2350/675 1130/2351/675 1132/2352/675 1133/2353/675
f 1134/2354/676 1135/2355/676 1136/2356/676
f 1137/2357/677 1138/2358/677 1136/2359/677 1135/2360/677
f 1141/2361/678 1139/2362/678 1143/2363/678 1144/2364/678
f 1139/2365/679 1140/2366/679 1152/2367/679 1153/2368/679
f 1140/2369/680 1142/2370/680 1149/2371/680 1150/2372/680
f 1147/2373/681 1142/2374/681 1141/2375/681 1146/2376/681
f 1144/2377/682 1145/2378/682 1141/2379/682
f 1145/2380/683 1146/2381/683 1141/2382/683
f 1147/2383/684 1148/2384/684 1142/2385/684
f 1148/2386/685 1149/2387/685 1142/2388/685
f 1150/2389/686 1151/2390/686 1140/2391/686
f 1151/2392/687 1152/2393/687 1140/2394/687
f 1153/2395/688 1154/2396/688 1139/2397/688
f 1154/2398/689 1143/2399/689 1139/2400/689
f 1157/2401/690 1155/2402/690 1156/2403/690 1158/2404/690
f 1161/2405/691 1159/2406/691 1160/2407/691 1162/2408/691
f 1166/2409/692 1165/2410/692 1167/2411/692 1168/2412/692
f 1163/2413/693 1169/2414/693 1170/2415/693 1164/2416/693
f 1169/2417/694 1171/2418/694 1172/2419/694 1170/2420/694
f 1171/2421/695 1173/2422/695 1174/2423/695 1172/2424/695
f 1173/2425/696 1165/2426/696 1166/2427/696 1174/2428/696
f 1184/2429/697 1183/2430/697 1185/2431/697 1186/2432/697
f 1188/2433/698 1187/2434/698 1189/2435/698 1190/2436/698
f 1180/2437/699 1179/2438/699 1181/2439/699 1182/2440/699
f 1177/2441/700 1178/2442/700 1176/2443/700 1175/2444/700
f 1195/2445/701 1191/2446/701 1192/2447/701 1196/2448/701
f 1194/2449/702 1193/2450/702 1197/2451/702 1198/2452/702
f 1193/2453/703 1191/2454/703 1195/2455/703 1197/2456/703
f 1200/2457/704 1199/2458/704 1201/2459/704 1202/2460/704
f 1214/2461/705 1208/2462/705 1207/2463/705 1215/2464/705
f 1213/2465/706 1206/2466/706 1208/2467/706 1214/2468/706
f 1205/2469/707 1206/2470/707 1213/2471/707 1212/2472/707
f 1207/2473/708 1205/2474/708 1212/2475/708 1215/2476/708
f 1211/2477/709 1216/2478/709 1209/2479/709
f 1209/2480/710 1216/2481/710 1218/2482/710 1210/2483/710
f 1204/2484/711 1210/2485/711 1218/2486/711
f 1219/2487/712 1204/2488/712 1218/2489/712
f 1203/2490/713 1217/2491/713 1220/2492/713 1211/2493/713
f 1216/2494/714 1211/2495/714 1220/2496/714
f 1220/2497/715 1217/2498/715 1219/2499/715 1218/2500/715
f 1226/2501/716 1225/2502/716 1227/2503/716
f 1226/2504/717 1227/2505/717 1228/2506/717
f 1231/2507/718 1229/2508/718 1230/2509/718 1232/2510/718
f 1232/2511/719 1230/2512/719 1233/2513/719 1234/2514/719
f 1229/2515/720 1231/2516/720 1236/2517/720 1235/2518/720
f 1235/2519/721 1236/2520/721 1234/2521/721 1233/2522/721
f 1245/2523/722 1246/2524/722 1244/2525/722 1242/2526/722
f 1242/2527/723 1244/2528/723 1243/2529/723 1240/2530/723
f 1248/2531/724 1247/2532/724 1249/2533/724 1250/2534/724
f 1240/2535/725 1239/2536/725 1241/2537/725 1242/2538/725
f 1233/2539/726 1238/2540/726 1237/2541/726 1235/2542/726
f 1250/2543/727 1249/2544/727 1251/2545/727 1252/2546/727
f 1258/2547/728 1257/2548/728 1259/2549/728 1260/2550/728
f 1255/2551/729 1256/2552/729 1254/2553/729 1253/2554/729
f 1223/2555/730 1224/2556/730 1222/2557/730 1221/2558/730
f 1263/2559/731 1261/2560/731 1262/2561/731 1264/2562/731
f 1267/2563/732 1265/2564/732 1269/2565/732 1271/2566/732
f 1270/2567/733 1266/2568/733 1268/2569/733 1272/2570/733
f 1276/2571/734 1275/2572/734 1273/2573/734 1274/2574/734
f 1287/2575/735 1285/2576/735 1283/2577/735
f 1287/2578/736 1283/2579/736 1341/2580/736
f 1287/2581/737 1341/2582/737 1342/2583/737
f 1284/2584/738 1285/2585/738 1286/2586/738 1293/2587/738
f 1282/2588/739 1280/2589/739 1281/2590/739 1283/2591/739
f 1292/2592/740 1291/2593/740 1282/2594/740 1284/2595/740
f 1284/2596/741 1282/2597/741 1283/2598/741 1285/2599/741
f 1292/2600/742 1284/2601/742 1293/2602/742 1299/2603/742
f 1299/2604/743 1293/2605/743 1300/2606/743 1304/2607/743
f 1304/2608/744 1300/2609/744 1305/2610/744 1343/2611/744
f 1313/2612/745 1343/2613/745 1305/2614/745 1309/2615/745
f 1313/2616/746 1309/2617/746 1314/2618/746 1318/2619/746
f 1318/2620/747 1314/2621/747 1319/2622/747 1323/2623/747
f 1324/2624/748 1328/2625/748 1323/2626/748 1319/2627/748
f 1329/2628/749 1357/2629/749 1328/2630/749 1324/2631/749
f 1375/2632/750 1355/2633/750 1357/2634/750 1329/2635/750
f 1374/2636/751 1352/2637/751 1355/2638/751 1375/2639/751
f 1348/2640/752 1350/2641/752 1352/2642/752 1374/2643/752
f 1348/2644/753 1347/2645/753 1349/2646/753 1350/2647/753
f 1345/2648/754 1349/2649/754 1347/2650/754 1346/2651/754
f 1297/2652/755 1296/2653/755 1295/2654/755 1290/2655/755
f 1298/2656/756 1302/2657/756 1296/2658/756 1297/2659/756
f 1302/2660/757 1298/2661/757 1303/2662/757 1307/2663/757
f 1307/2664/758 1303/2665/758 1308/2666/758 1311/2667/758
f 1311/2668/759 1308/2669/759 1312/2670/759 1316/2671/759
f 1316/2672/760 1312/2673/760 1317/2674/760 1321/2675/760
f 1322/2676/761 1326/2677/761 1321/2678/761 1317/2679/761
f 1327/2680/762 1332/2681/762 1326/2682/762 1322/2683/762
f 1279/2684/763 1376/2685/763 1377/2686/763
f 1379/2687/764 1378/2688/764 1277/2689/764 1278/2690/764
f 1340/2691/765 1334/2692/765 1332/2693/765 1327/2694/765
f 1339/2695/766 1336/2696/766 1334/2697/766 1340/2698/766
f 1289/2699/767 1288/2700/767 1287/2701/767 1342/2702/767
f 1290/2703/768 1295/2704/768 1288/2705/768 1289/2706/768
f 1336/2707/769 1338/2708/769 1337/2709/769 1335/2710/769
f 1334/2711/770 1336/2712/770 1335/2713/770 1333/2714/770
f 1332/2715/771 1334/2716/771 1333/2717/771 1331/2718/771
f 1326/2719/772 1332/2720/772 1331/2721/772 1330/2722/772
f 1326/2723/773 1330/2724/773 1325/2725/773 1321/2726/773
f 1321/2727/774 1325/2728/774 1320/2729/774 1316/2730/774
f 1316/2731/775 1320/2732/775 1315/2733/775 1311/2734/775
f 1311/2735/776 1315/2736/776 1310/2737/776 1307/2738/776
f 1307/2739/777 1310/2740/777 1306/2741/777 1302/2742/777
f 1302/2743/778 1306/2744/778 1301/2745/778 1296/2746/778
f 1296/2747/779 1301/2748/779 1294/2749/779 1295/2750/779
f 1295/2751/780 1294/2752/780 1286/2753/780 1288/2754/780
f 1287/2755/781 1288/2756/781 1286/2757/781 1285/2758/781
f 1344/2759/782 1351/2760/782 1349/2761/782 1345/2762/782
f 1351/2763/783 1353/2764/783 1350/2765/783 1349/2766/783
f 1353/2767/784 1354/2768/784 1352/2769/784 1350/2770/784
f 1354/2771/785 1356/2772/785 1355/2773/785 1352/2774/785
f 1357/2775/786 1355/2776/786 1356/2777/786 1358/2778/786
f 1328/2779/787 1357/2780/787 1358/2781/787 1359/2782/787
f 1360/2783/788 1328/2784/788 1359/2785/788 1361/2786/788
f 1362/2787/789 1360/2788/789 1361/2789/789 1363/2790/789
f 1363/2791/790 1365/2792/790 1364/2793/790 1362/2794/790
f 1366/2795/791 1364/2796/791 1365/2797/791 1367/2798/791
f 1368/2799/792 1366/2800/792 1367/2801/792 1369/2802/792
f 1369/2803/793 1371/2804/793 1370/2805/793 1368/2806/793
f 1292/2807/794 1370/2808/794 1371/2809/794 1372/2810/794
f 1291/2811/795 1292/2812/795 1372/2813/795 1373/2814/795
f 1432/2815/796 1433/2816/796 1431/2817/796 1430/2818/796
f 1430/2819/797 1431/2820/797 1429/2821/797 1428/2822/797
f 1428/2823/798 1429/2824/798 1427/2825/798 1426/2826/798
f 1426/2827/799 1427/2828/799 1425/2829/799 1424/2830/799
f 1424/2831/800 1425/2832/800 1423/2833/800 1422/2834/800
f 1422/2835/801 1423/2836/801 1421/2837/801 1420/2838/801
f 1420/2839/802 1421/2840/802 1419/2841/802 1418/2842/802
f 1418/2843/803 1419/2844/803 1400/2845/803 1409/2846/803
f 1409/2847/804 1400/2848/804 1401/2849/804 1410/2850/804
f 1410/2851/805 1401/2852/805 1402/2853/805 1411/2854/805
f 1411/2855/806 1402/2856/806 1403/2857/806 1412/2858/806
f 1412/2859/807 1403/2860/807 1404/2861/807 1413/2862/807
f 1413/2863/808 1404/2864/808 1405/2865/808 1414/2866/808
f 1414/2867/809 1405/2868/809 1406/2869/809 1415/2870/809
f 1415/2871/810 1406/2872/810 1407/2873/810 1416/2874/810
f 1416/2875/811 1407/2876/811 1408/2877/811 1417/2878/811
f 1469/2879/812 1472/2880/812 1471/2881/812 1470/2882/812
f 1473/2883/813 1476/2884/813 1475/2885/813 1474/2886/813
f 1417/2887/814 1408/2888/814 1477/2889/814 1478/2890/814
f 1380/2891/815 1480/2892/815 1477/2893/815 1408/2894/815
f 1450/2895/816 1451/2896/816 1449/2897/816 1448/2898/816
f 1461/2899/817 1463/2900/817 1462/2901/817 1459/2902/817
f 1460/2903/818 1461/2904/818 1459/2905/818 1458/2906/818
f 1441/2907/819 1442/2908/819 1446/2909/819 1445/2910/819
f 1440/2911/820 1441/2912/820 1445/2913/820 1444/2914/820
f 1439/2915/821 1436/2916/821 1440/2917/821 1444/2918/821
f 1435/2919/822 1436/2920/822 1439/2921/822 1438/2922/822
f 1438/2923/823 1437/2924/823 1434/2925/823 1435/2926/823
f 1434/2927/824 1437/2928/824 1468/2929/824 1399/2930/824
f 1398/2931/825 1397/2932/825 1396/2933/825 1399/2934/825
f 1396/2935/826 1397/2936/826 1395/2937/826 1394/2938/826
f 1394/2939/827 1395/2940/827 1393/2941/827 1392/2942/827
f 1392/2943/828 1393/2944/828 1391/2945/828 1390/2946/828
f 1390/2947/829 1391/2948/829 1389/2949/829 1388/2950/829
f 1388/2951/830 1389/2952/830 1387/2953/830 1386/2954/830
f 1386/2955/831 1387/2956/831 1385/2957/831 1384/2958/831
f 1384/2959/832 1385/2960/832 1383/2961/832 1382/2962/832
f 1382/2963/833 1383/2964/833 1381/2965/833 1380/2966/833
f 1465/2967/834 1466/2968/834 1463/2969/834 1464/2970/834
f 1464/2971/835 1463/2972/835 1461/2973/835 1467/2974/835
f 1481/2975/836 1484/2976/836 1483/2977/836 1482/2978/836
f 1431/2979/837 1433/2980/837 1443/2981/837 1442/2982/837
f 1429/2983/838 1431/2984/838 1442/2985/838 1441/2986/838
f 1427/2987/839 1429/2988/839 1441/2989/839 1440/2990/839
f 1427/2991/840 1440/2992/840 1436/2993/840 1425/2994/840
f 1436/2995/841 1435/2996/841 1423/2997/841 1425/2998/841
f 1435/2999/842 1434/3000/842 1421/3001/842 1423/3002/842
f 1434/3003/843 1399/3004/843 1419/3005/843 1421/3006/843
f 1399/3007/844 1396/3008/844 1400/3009/844 1419/3010/844
f 1400/3011/845 1396/3012/845 1394/3013/845 1401/3014/845
f 1401/3015/846 1394/3016/846 1392/3017/846 1402/3018/846
f 1402/3019/847 1392/3020/847 1390/3021/847 1403/3022/847
f 1403/3023/848 1390/3024/848 1388/3025/848 1404/3026/848
f 1404/3027/849 1388/3028/849 1386/3029/849 1405/3030/849
f 1405/3031/850 1386/3032/850 1384/3033/850 1406/3034/850
f 1406/3035/851 1384/3036/851 1382/3037/851 1407/3038/851
f 1407/3039/852 1382/3040/852 1380/3041/852 1408/3042/852
f 1447/3043/853 1479/3044/853 1380/3045/853
f 1381/3046/854 1447/3047/854 1380/3048/854
f 1452/3049/855 1485/3050/855 1449/3051/855 1451/3052/855
f 1453/3053/856 1486/3054/856 1485/3055/856 1452/3056/856
f 1454/3057/857 1487/3058/857 1486/3059/857 1453/3060/857
f 1455/3061/858 1488/3062/858 1487/3063/858 1454/3064/858
f 1488/3065/859 1455/3066/859 1456/3067/859 1489/3068/859
f 1457/3069/860 1490/3070/860 1489/3071/860 1456/3072/860
f 1493/3073/861 1495/3074/861 1498/3075/861 1497/3076/861
f 1494/3077/862 1496/3078/862 1495/3079/862 1493/3080/862
f 1499/3081/863 1502/3082/863 1501/3083/863 1500/3084/863
f 1503/3085/864 1504/3086/864 1492/3087/864 1491/3088/864
f 1515/3089/865 1513/3090/865 1514/3091/865 1516/3092/865
f 1519/3093/866 1517/3094/866 1518/3095/866 1520/3096/866
f 1511/3097/867 1509/3098/867 1510/3099/867 1512/3100/867
f 1506/3101/868 1508/3102/868 1507/3103/868 1505/3104/868
f 1522/3105/869 1521/3106/869 1525/3107/869 1526/3108/869
f 1527/3109/870 1523/3110/870 1524/3111/870 1528/3112/870
f 1525/3113/871 1521/3114/871 1523/3115/871 1527/3116/871
f 1531/3117/872 1529/3118/872 1530/3119/872 1532/3120/872
f 1537/3121/873 1538/3122/873 1544/3123/873 1545/3124/873
f 1538/3125/874 1536/3126/874 1543/3127/874 1544/3128/874
f 1543/3129/875 1536/3130/875 1535/3131/875 1542/3132/875
f 1542/3133/876 1535/3134/876 1537/3135/876 1545/3136/876
f 1546/3137/877 1541/3138/877 1539/3139/877
f 1548/3140/878 1546/3141/878 1539/3142/878 1540/3143/878
f 1540/3144/879 1534/3145/879 1548/3146/879
f 1534/3147/880 1549/3148/880 1548/3149/880
f 1550/3150/881 1547/3151/881 1533/3152/881 1541/3153/881
f 1541/3154/882 1546/3155/882 1550/3156/882
f 1549/3157/883 1547/3158/883 1550/3159/883 1548/3160/883
f 1555/3161/884 1556/3162/884 1557/3163/884
f 1557/3164/885 1556/3165/885 1558/3166/885
f 1560/3167/886 1559/3168/886 1561/3169/886 1562/3170/886
f 1563/3171/887 1560/3172/887 1562/3173/887 1564/3174/887
f 1566/3175/888 1561/3176/888 1559/3177/888 1565/3178/888
f 1564/3179/889 1566/3180/889 1565/3181/889 1563/3182/889
f 1574/3183/890 1576/3184/890 1575/3185/890 1572/3186/890
f 1573/3187/891 1574/3188/891 1572/3189/891 1570/3190/891
f 1579/3191/892 1577/3192/892 1578/3193/892 1580/3194/892
f 1571/3195/893 1569/3196/893 1570/3197/893 1572/3198/893
f 1567/3199/894 1568/3200/894 1563/3201/894 1565/3202/894
f 1581/3203/895 1579/3204/895 1580/3205/895 1582/3206/895
f 1589/3207/896 1587/3208/896 1588/3209/896 1590/3210/896
f 1584/3211/897 1586/3212/897 1585/3213/897 1583/3214/897
f 1552/3215/898 1554/3216/898 1553/3217/898 1551/3218/898
f 1592/3219/899 1591/3220/899 1593/3221/899 1594/3222/899
f 1599/3223/900 1595/3224/900 1597/3225/900 1601/3226/900
f 1598/3227/901 1596/3228/901 1600/3229/901 1602/3230/901
f 1603/3231/902 1604/3232/902 1605/3233/902
f 1605/3234/903 1604/3235/903 1606/3236/903
f 1605/3237/904 1606/3238/904 1607/3239/904
f 1607/3240/905 1606/3241/905 1608/3242/905
f 1607/3243/906 1608/3244/906 1609/3245/906
f 1609/3246/907 1608/3247/907 1610/3248/907
f 1617/3249/908 1616/3250/908 1618/3251/908
f 1617/3252/909 1618/3253/909 1619/3254/909
f 1619/3255/910 1618/3256/910 1620/3257/910
f 1616/3258/911 1617/3259/911 1615/3260/911 1614/3261/911
f 1614/3262/912 1612/3263/912 1621/3264/912 1616/3265/912
f 1621/3266/913 1622/3267/913 1618/3268/913 1616/3269/913
f 1612/3270/914 1614/3271/914 1613/3272/914 1611/3273/914
f 1623/3274/915 1624/3275/915 1626/3276/915
f 1613/3277/916 1614/3278/916 1615/3279/916
f 1627/3280/917 1618/3281/917 1622/3282/917 1623/3283/917
f 1627/3284/918 1620/3285/918 1618/3286/918
f 1625/3287/919 1620/3288/919 1627/3289/919 1626/3290/919
f 1627/3291/920 1623/3292/920 1626/3293/920
f 1628/3294/921 1629/3295/921 1631/3296/921
f 1629/3297/922 1630/3298/922 1631/3299/922
f 1635/3300/923 1634/3301/923 1632/3302/923 1633/3303/923
f 1639/3304/924 1638/3305/924 1636/3306/924 1637/3307/924
f 1643/3308/925 1642/3309/925 1640/3310/925 1641/3311/925
f 1645/3312/926 1644/3313/926 1646/3314/926 1647/3315/926
f 1651/3316/927 1649/3317/927 1648/3318/927 1650/3319/927
f 1654/3320/928 1653/3321/928 1652/3322/928 1655/3323/928
f 1659/3324/929 1658/3325/929 1656/3326/929 1657/3327/929
f 1662/3328/930 1660/3329/930 1661/3330/930 1663/3331/930
f 1666/3332/931 1664/3333/931 1665/3334/931 1667/3335/931
f 1670/3336/932 1668/3337/932 1669/3338/932 1671/3339/932
f 1674/3340/933 1672/3341/933 1673/3342/933 1675/3343/933
f 1677/3344/934 1676/3345/934 1678/3346/934
f 1678/3347/935 1680/3348/935 1679/3349/935 1677/3350/935
f 1689/3351/936 1691/3352/936 1687/3353/936
f 1687/3354/937 1691/3355/937 1744/3356/937
f 1744/3357/938 1691/3358/938 1745/3359/938
f 1690/3360/939 1689/3361/939 1688/3362/939 1697/3363/939
f 1685/3364/940 1684/3365/940 1686/3366/940 1687/3367/940
f 1686/3368/941 1695/3369/941 1696/3370/941 1688/3371/941
f 1687/3372/942 1686/3373/942 1688/3374/942 1689/3375/942
f 1704/3376/943 1697/3377/943 1703/3378/943 1708/3379/943
f 1709/3380/944 1704/3381/944 1708/3382/944 1746/3383/944
f 1709/3384/945 1746/3385/945 1717/3386/945 1713/3387/945
f 1718/3388/946 1713/3389/946 1717/3390/946 1722/3391/946
f 1723/3392/947 1718/3393/947 1722/3394/947 1727/3395/947
f 1727/3396/948 1732/3397/948 1728/3398/948 1723/3399/948
f 1732/3400/949 1760/3401/949 1733/3402/949 1728/3403/949
f 1760/3404/950 1758/3405/950 1778/3406/950 1733/3407/950
f 1758/3408/951 1755/3409/951 1777/3410/951 1778/3411/951
f 1755/3412/952 1753/3413/952 1751/3414/952 1777/3415/952
f 1752/3416/953 1750/3417/953 1751/3418/953 1753/3419/953
f 1750/3420/954 1752/3421/954 1748/3422/954 1749/3423/954
f 1699/3424/955 1700/3425/955 1701/3426/955 1694/3427/955
f 1700/3428/956 1706/3429/956 1702/3430/956 1701/3431/956
f 1707/3432/957 1702/3433/957 1706/3434/957 1711/3435/957
f 1712/3436/958 1707/3437/958 1711/3438/958 1715/3439/958
f 1716/3440/959 1712/3441/959 1715/3442/959 1720/3443/959
f 1721/3444/960 1716/3445/960 1720/3446/960 1725/3447/960
f 1725/3448/961 1730/3449/961 1726/3450/961 1721/3451/961
f 1730/3452/962 644/3453/962 1731/3454/962 1726/3455/962
f 1779/3456/963 1683/3457/963 1780/3458/963
f 1681/3459/964 1781/3460/964 1782/3461/964 1682/3462/964
f 644/3463/965 1737/3464/965 1743/3465/965 1731/3466/965
f 1737/3467/966 1739/3468/966 1742/3469/966 1743/3470/966
f 1691/3471/967 1692/3472/967 1693/3473/967 1745/3474/967
f 1692/3475/968 1699/3476/968 1694/3477/968 1693/3478/968
f 1740/3479/969 1741/3480/969 1739/3481/969 1738/3482/969
f 1738/3483/970 1739/3484/970 1737/3485/970 1736/3486/970
f 1736/3487/971 1737/3488/971 644/3489/971 1735/3490/971
f 1735/3491/972 644/3492/972 1730/3493/972 1734/3494/972
f 1729/3495/973 1734/3496/973 1730/3497/973 1725/3498/973
f 1724/3499/974 1729/3500/974 1725/3501/974 1720/3502/974
f 1719/3503/975 1724/3504/975 1720/3505/975 1715/3506/975
f 1714/3507/976 1719/3508/976 1715/3509/976 1711/3510/976
f 1710/3511/977 1714/3512/977 1711/3513/977 1706/3514/977
f 1705/3515/978 1710/3516/978 1706/3517/978 1700/3518/978
f 1698/3519/979 1705/3520/979 1700/3521/979 1699/3522/979
f 1690/3523/980 1698/3524/980 1699/3525/980 1692/3526/980
f 1690/3527/981 1692/3528/981 1691/3529/981 1689/3530/981
f 1752/3531/982 1754/3532/982 1747/3533/982 1748/3534/982
f 1753/3535/983 1756/3536/983 1754/3537/983 1752/3538/983
f 1755/3539/984 1757/3540/984 1756/3541/984 1753/3542/984
f 1758/3543/985 1759/3544/985 1757/3545/985 1755/3546/985
f 1759/3547/986 1758/3548/986 1760/3549/986 1761/3550/986
f 1761/3551/987 1760/3552/987 1732/3553/987 1762/3554/987
f 1762/3555/988 1732/3556/988 1763/3557/988 1764/3558/988
f 1764/3559/989 1763/3560/989 1765/3561/989 1766/3562/989
f 1767/3563/990 1768/3564/990 1766/3565/990 1765/3566/990
f 1768/3567/991 1767/3568/991 1769/3569/991 1770/3570/991
f 1770/3571/992 1769/3572/992 1771/3573/992 1772/3574/992
f 1773/3575/993 1774/3576/993 1772/3577/993 1771/3578/993
f 1774/3579/994 1773/3580/994 1696/3581/994 1775/3582/994
f 1775/3583/995 1696/3584/995 1695/3585/995 1776/3586/995
f 1785/3587/996 1783/3588/996 1786/3589/996 1784/3590/996
f 1788/3591/997 1790/3592/997 1789/3593/997 1787/3594/997
f 1791/3595/998 1789/3596/998 1790/3597/998 1792/3598/998
f 1798/3599/999 1800/3600/999 1799/3601/999 1797/3602/999
f 1800/3603/1000 1802/3604/1000 1801/3605/1000 1799/3606/1000
f 1812/3607/1001 1811/3608/1001 1804/3609/1001 1803/3610/1001
f 1811/3611/1002 1810/3612/1002 1805/3613/1002 1804/3614/1002
f 1807/3615/1003 1806/3616/1003 1808/3617/1003 1809/3618/1003
f 1802/3619/1004 1812/3620/1004 1803/3621/1004 1801/3622/1004
f 1795/3623/1005 1796/3624/1005 1798/3625/1005 1797/3626/1005
f 1796/3627/1006 1795/3628/1006 1793/3629/1006 1794/3630/1006
f 1794/3631/1007 1793/3632/1007 1791/3633/1007 1792/3634/1007
f 1815/3635/1008 1816/3636/1008 1817/3637/1008
f 1818/3638/1009 1814/3639/1009 1813/3640/1009
f 1870/3641/1010 1872/3642/1010 1871/3643/1010 1869/3644/1010
f 1868/3645/1011 1870/3646/1011 1869/3647/1011 1867/3648/1011
f 1866/3649/1012 1868/3650/1012 1867/3651/1012 1865/3652/1012
f 1864/3653/1013 1866/3654/1013 1865/3655/1013 1863/3656/1013
f 1862/3657/1014 1864/3658/1014 1863/3659/1014 1861/3660/1014
f 1860/3661/1015 1862/3662/1015 1861/3663/1015 1859/3664/1015
f 1858/3665/1016 1860/3666/1016 1859/3667/1016 1857/3668/1016
f 1839/3669/1017 1858/3670/1017 1857/3671/1017 1848/3672/1017
f 1840/3673/1018 1839/3674/1018 1848/3675/1018 1849/3676/1018
f 1841/3677/1019 1840/3678/1019 1849/3679/1019 1850/3680/1019
f 1842/3681/1020 1841/3682/1020 1850/3683/1020 1851/3684/1020
f 1843/3685/1021 1842/3686/1021 1851/3687/1021 1852/3688/1021
f 1844/3689/1022 1843/3690/1022 1852/3691/1022 1853/3692/1022
f 1845/3693/1023 1844/3694/1023 1853/3695/1023 1854/3696/1023
f 1846/3697/1024 1845/3698/1024 1854/3699/1024 1855/3700/1024
f 1847/3701/1025 1846/3702/1025 1855/3703/1025 1856/3704/1025
f 1910/3705/1026 1911/3706/1026 1908/3707/1026 1909/3708/1026
f 1914/3709/1027 1915/3710/1027 1912/3711/1027 1913/3712/1027
f 1916/3713/1028 1847/3714/1028 1856/3715/1028 1917/3716/1028
f 1916/3717/1029 1919/3718/1029 1819/3719/1029 1847/3720/1029
f 1888/3721/1030 1890/3722/1030 1889/3723/1030 1887/3724/1030
f 1901/3725/1031 1902/3726/1031 1900/3727/1031 1898/3728/1031
f 1898/3729/1032 1900/3730/1032 1899/3731/1032 1897/3732/1032
f 1885/3733/1033 1881/3734/1033 1880/3735/1033 1884/3736/1033
f 1884/3737/1034 1880/3738/1034 1879/3739/1034 1883/3740/1034
f 1879/3741/1035 1875/3742/1035 1878/3743/1035 1883/3744/1035
f 1878/3745/1036 1875/3746/1036 1874/3747/1036 1877/3748/1036
f 1873/3749/1037 1876/3750/1037 1877/3751/1037 1874/3752/1037
f 1907/3753/1038 1876/3754/1038 1873/3755/1038 1838/3756/1038
f 1835/3757/1039 1836/3758/1039 1837/3759/1039 1838/3760/1039
f 1834/3761/1040 1836/3762/1040 1835/3763/1040 1833/3764/1040
f 1832/3765/1041 1834/3766/1041 1833/3767/1041 1831/3768/1041
f 1830/3769/1042 1832/3770/1042 1831/3771/1042 1829/3772/1042
f 1828/3773/1043 1830/3774/1043 1829/3775/1043 1827/3776/1043
f 1826/3777/1044 1828/3778/1044 1827/3779/1044 1825/3780/1044
f 1824/3781/1045 1826/3782/1045 1825/3783/1045 1823/3784/1045
f 1822/3785/1046 1824/3786/1046 1823/3787/1046 1821/3788/1046
f 1820/3789/1047 1822/3790/1047 1821/3791/1047 1819/3792/1047
f 1902/3793/1048 1905/3794/1048 1904/3795/1048 1903/3796/1048
f 1900/3797/1049 1902/3798/1049 1903/3799/1049 1906/3800/1049
f 1922/3801/1050 1923/3802/1050 1920/3803/1050 1921/3804/1050
f 1882/3805/1051 1872/3806/1051 1870/3807/1051 1881/3808/1051
f 1881/3809/1052 1870/3810/1052 1868/3811/1052 1880/3812/1052
f 1880/3813/1053 1868/3814/1053 1866/3815/1053 1879/3816/1053
f 1875/3817/1054 1879/3818/1054 1866/3819/1054 1864/3820/1054
f 1862/3821/1055 1874/3822/1055 1875/3823/1055 1864/3824/1055
f 1860/3825/1056 1873/3826/1056 1874/3827/1056 1862/3828/1056
f 1858/3829/1057 1838/3830/1057 1873/3831/1057 1860/3832/1057
f 1839/3833/1058 1835/3834/1058 1838/3835/1058 1858/3836/1058
f 1833/3837/1059 1835/3838/1059 1839/3839/1059 1840/3840/1059
f 1831/3841/1060 1833/3842/1060 1840/3843/1060 1841/3844/1060
f 1829/3845/1061 1831/3846/1061 1841/3847/1061 1842/3848/1061
f 1827/3849/1062 1829/3850/1062 1842/3851/1062 1843/3852/1062
f 1825/3853/1063 1827/3854/1063 1843/3855/1063 1844/3856/1063
f 1823/3857/1064 1825/3858/1064 1844/3859/1064 1845/3860/1064
f 1821/3861/1065 1823/3862/1065 1845/3863/1065 1846/3864/1065
f 1819/3865/1066 1821/3866/1066 1846/3867/1066 1847/3868/1066
f 1918/3869/1067 1886/3870/1067 1819/3871/1067
f 1886/3872/1068 1820/3873/1068 1819/3874/1068
f 1888/3875/1069 1924/3876/1069 1891/3877/1069 1890/3878/1069
f 1924/3879/1070 1925/3880/1070 1892/3881/1070 1891/3882/1070
f 1925/3883/1071 1926/3884/1071 1893/3885/1071 1892/3886/1071
f 1926/3887/1072 1927/3888/1072 1894/3889/1072 1893/3890/1072
f 1895/3891/1073 1894/3892/1073 1927/3893/1073 1928/3894/1073
f 1928/3895/1074 1929/3896/1074 1896/3897/1074 1895/3898/1074
f 1933/3899/1075 1932/3900/1075 1934/3901/1075
f 1931/3902/1076 1935/3903/1076 1930/3904/1076
f 1939/3905/1077 1936/3906/1077 1938/3907/1077 1937/3908/1077
f 1942/3909/1078 1943/3910/1078 1941/3911/1078 1940/3912/1078
f 1943/3913/1079 1942/3914/1079 1944/3915/1079 1945/3916/1079
f 1952/3917/1080 1953/3918/1080 1951/3919/1080 1950/3920/1080
f 1954/3921/1081 1955/3922/1081 1953/3923/1081 1952/3924/1081
f 1957/3925/1082 1964/3926/1082 1965/3927/1082 1956/3928/1082
f 1958/3929/1083 1963/3930/1083 1964/3931/1083 1957/3932/1083
f 1961/3933/1084 1959/3934/1084 1960/3935/1084 1962/3936/1084
f 1956/3937/1085 1965/3938/1085 1955/3939/1085 1954/3940/1085
f 1951/3941/1086 1949/3942/1086 1948/3943/1086 1950/3944/1086
f 1946/3945/1087 1948/3946/1087 1949/3947/1087 1947/3948/1087
f 1944/3949/1088 1946/3950/1088 1947/3951/1088 1945/3952/1088
f 1968/3953/1089 1970/3954/1089 1971/3955/1089 1969/3956/1089
f 1966/3957/1090 1973/3958/1090 1968/3959/1090
f 1968/3960/1091 1972/3961/1091 1967/3962/1091 1970/3963/1091
f 1979/3964/1092 1978/3965/1092 1976/3966/1092 1977/3967/1092
f 1981/3968/1093 1974/3969/1093 1976/3970/1093
f 1975/3971/1094 1980/3972/1094 1976/3973/1094 1978/3974/1094
f 1991/3975/1095 1990/3976/1095 1987/3977/1095 1988/3978/1095
f 1984/3979/1096 1993/3980/1096 1992/3981/1096 1983/3982/1096
f 1989/3983/1097 1982/3984/1097 1983/3985/1097 1992/3986/1097
f 1985/3987/1098 1994/3988/1098 1993/3989/1098 1984/3990/1098
f 1994/3991/1099 1985/3992/1099 1986/3993/1099 1995/3994/1099
f 1986/3995/1100 1987/3996/1100 1990/3997/1100 1995/3998/1100
f 2001/3999/1101 2004/4000/1101 2005/4001/1101 2002/4002/1101
f 2006/4003/1102 2007/4004/1102 1998/4005/1102 1997/4006/1102
f 1997/4007/1103 1996/4008/1103 2003/4009/1103 2006/4010/1103
f 2007/4011/1104 2008/4012/1104 1999/4013/1104 1998/4014/1104
f 2000/4015/1105 1999/4016/1105 2008/4017/1105 2009/4018/1105
f 2004/4019/1106 2001/4020/1106 2000/4021/1106 2009/4022/1106
f 2013/4023/1107 2012/4024/1107 2014/4025/1107
f 2012/4026/1108 2013/4027/1108 2011/4028/1108 2010/4029/1108
f 2018/4030/1109 2017/4031/1109 2015/4032/1109 2016/4033/1109
f 2021/4034/1110 2022/4035/1110 2023/4036/1110
f 2020/4037/1111 2022/4038/1111 2021/4039/1111 2019/4040/1111
f 2024/4041/1112 2026/4042/1112 2027/4043/1112 2025/4044/1112
f 2029/4045/1113 2028/4046/1113 2030/4047/1113 2031/4048/1113
f 2034/4049/1114 2032/4050/1114 2033/4051/1114 2035/4052/1114
f 2037/4053/1115 2036/4054/1115 2038/4055/1115 2039/4056/1115
f 2042/4057/1116 2040/4058/1116 2041/4059/1116 2043/4060/1116
f 2045/4061/1117 2047/4062/1117 2044/4063/1117
f 2048/4064/1118 2047/4065/1118 2045/4066/1118 2046/4067/1118
f 2047/4068/1119 2049/4069/1119 2044/4070/1119
f 2050/4071/1120 2049/4072/1120 2047/4073/1120 2048/4074/1120
f 2049/4075/1121 2051/4076/1121 2044/4077/1121
f 2052/4078/1122 2051/4079/1122 2049/4080/1122 2050/4081/1122
f 2051/4082/1123 2053/4083/1123 2044/4084/1123
f 2054/4085/1124 2053/4086/1124 2051/4087/1124 2052/4088/1124
f 2053/4089/1125 2055/4090/1125 2044/4091/1125
f 2056/4092/1126 2055/4093/1126 2053/4094/1126 2054/4095/1126
f 2055/4096/1127 2057/4097/1127 2044/4098/1127
f 2058/4099/1128 2057/4100/1128 2055/4101/1128 2056/4102/1128
f 2057/4103/1129 2059/4104/1129 2044/4105/1129
f 2060/4106/1130 2059/4107/1130 2057/4108/1130 2058/4109/1130
f 2059/4110/1131 2061/4111/1131 2044/4112/1131
f 2062/4113/1132 2061/4114/1132 2059/4115/1132 2060/4116/1132
f 2061/4117/1133 2063/4118/1133 2044/4119/1133
f 2064/4120/1134 2063/4121/1134 2061/4122/1134 2062/4123/1134
f 2063/4124/1135 2065/4125/1135 2044/4126/1135
f 2066/4127/1136 2065/4128/1136 2063/4129/1136 2064/4130/1136
f 2065/4131/1137 2067/4132/1137 2044/4133/1137
f 2068/4134/1138 2067/4135/1138 2065/4136/1138 2066/4137/1138
f 2067/4138/1139 2045/4139/1139 2044/4140/1139
f 2046/4141/1140 2045/4142/1140 2067/4143/1140 2068/4144/1140
f 2070/4145/1141 2072/4146/1141 2069/4147/1141
f 2073/4148/1142 2072/4149/1142 2070/4150/1142 2071/4151/1142
f 2072/4152/1143 2074/4153/1143 2069/4154/1143
f 2075/4155/1144 2074/4156/1144 2072/4157/1144 2073/4158/1144
f 2074/4159/1145 2076/4160/1145 2069/4161/1145
f 2077/4162/1146 2076/4163/1146 2074/4164/1146 2075/4165/1146
f 2076/4166/1147 2078/4167/1147 2069/4168/1147
f 2079/4169/1148 2078/4170/1148 2076/4171/1148 2077/4172/1148
f 2078/4173/1149 2080/4174/1149 2069/4175/1149
f 2081/4176/1150 2080/4177/1150 2078/4178/1150 2079/4179/1150
f 2080/4180/1151 2082/4181/1151 2069/4182/1151
f 2083/4183/1152 2082/4184/1152 2080/4185/1152 2081/4186/1152
f 2082/4187/1153 2084/4188/1153 2069/4189/1153
f 2085/4190/1154 2084/4191/1154 2082/4192/1154 2083/4193/1154
f 2084/4194/1155 2086/4195/1155 2069/4196/1155
f 2087/4197/1156 2086/4198/1156 2084/4199/1156 2085/4200/1156
f 2086/4201/1157 2088/4202/1157 2069/4203/1157
f 2089/4204/1158 2088/4205/1158 2086/4206/1158 2087/4207/1158
f 2088/4208/1159 2090/4209/1159 2069/4210/1159
f 2091/4211/1160 2090/4212/1160 2088/4213/1160 2089/4214/1160
f 2090/4215/1161 2092/4216/1161 2069/4217/1161
f 2093/4218/1162 2092/4219/1162 2090/4220/1162 2091/4221/1162
f 2092/4222/1163 2070/4223/1163 2069/4224/1163
f 2071/4225/1164 2070/4226/1164 2092/4227/1164 2093/4228/1164
f 2097/4229/1165 2095/4230/1165 2094/4231/1165
f 2095/4232/1166 2097/4233/1166 2098/4234/1166 2096/4235/1166
f 2099/4236/1167 2097/4237/1167 2094/4238/1167
f 2097/4239/1168 2099/4240/1168 2100/4241/1168 2098/4242/1168
f 2101/4243/1169 2099/4244/1169 2094/4245/1169
f 2099/4246/1170 2101/4247/1170 2102/4248/1170 2100/4249/1170
f 2103/4250/1171 2101/4251/1171 2094/4252/1171
f 2101/4253/1172 2103/4254/1172 2104/4255/1172 2102/4256/1172
f 2105/4257/1173 2103/4258/1173 2094/4259/1173
f 2103/4260/1174 2105/4261/1174 2106/4262/1174 2104/4263/1174
f 2107/4264/1175 2105/4265/1175 2094/4266/1175
f 2105/4267/1176 2107/4268/1176 2108/4269/1176 2106/4270/1176
f 2109/4271/1177 2107/4272/1177 2094/4273/1177
f 2107/4274/1178 2109/4275/1178 2110/4276/1178 2108/4277/1178
f 2111/4278/1179 2109/4279/1179 2094/4280/1179
f 2109/4281/1180 2111/4282/1180 2112/4283/1180 2110/4284/1180
f 2113/4285/1181 2111/4286/1181 2094/4287/1181
f 2111/4288/1182 2113/4289/1182 2114/4290/1182 2112/4291/1182
f 2115/4292/1183 2113/4293/1183 2094/4294/1183
f 2113/4295/1184 2115/4296/1184 2116/4297/1184 2114/4298/1184
f 2117/4299/1185 2115/4300/1185 2094/4301/1185
f 2115/4302/1186 2117/4303/1186 2118/4304/1186 2116/4305/1186
f 2095/4306/1187 2117/4307/1187 2094/4308/1187
f 2117/4309/1188 2095/4310/1188 2096/4311/1188 2118/4312/1188
f 2122/4313/1189 2120/4314/1189 2119/4315/1189
f 2120/4316/1190 2122/4317/1190 2123/4318/1190 2121/4319/1190
f 2124/4320/1191 2122/4321/1191 2119/4322/1191
f 2122/4323/1192 2124/4324/1192 2125/4325/1192 2123/4326/1192
f 2126/4327/1193 2124/4328/1193 2119/4329/1193
f 2124/4330/1194 2126/4331/1194 2127/4332/1194 2125/4333/1194
f 2128/4334/1195 2126/4335/1195 2119/4336/1195
f 2126/4337/1196 2128/4338/1196 2129/4339/1196 2127/4340/1196
f 2130/4341/1197 2128/4342/1197 2119/4343/1197
f 2128/4344/1198 2130/4345/1198 2131/4346/1198 2129/4347/1198
f 2132/4348/1199 2130/4349/1199 2119/4350/1199
f 2130/4351/1200 2132/4352/1200 2133/4353/1200 2131/4354/1200
f 2134/4355/1201 2132/4356/1201 2119/4357/1201
f 2132/4358/1202 2134/4359/1202 2135/4360/1202 2133/4361/1202
f 2136/4362/1203 2134/4363/1203 2119/4364/1203
f 2134/4365/1204 2136/4366/1204 2137/4367/1204 2135/4368/1204
f 2138/4369/1205 2136/4370/1205 2119/4371/1205
f 2136/4372/1206 2138/4373/1206 2139/4374/1206 2137/4375/1206
f 2140/4376/1207 2138/4377/1207 2119/4378/1207
f 2138/4379/1208 2140/4380/1208 2141/4381/1208 2139/4382/1208
f 2142/4383/1209 2140/4384/1209 2119/4385/1209
f 2140/4386/1210 2142/4387/1210 2143/4388/1210 2141/4389/1210
f 2120/4390/1211 2142/4391/1211 2119/4392/1211
f 2142/4393/1212 2120/4394/1212 2121/4395/1212 2143/4396/1212