# Made in Blockbench 4.12.6
mtllib tgv_pse_orange_nologo_obj.mtl

o car1_glass
v 1.30109125 2.35291125 -7.214404375
v 1.4132156249999999 1.800501875 -7.2153687500000006
v 1.309360625 2.35291125 -6.895435
v 1.41293125 1.800501875 -6.893960625
v 1.14942125 2.3419443749999997 -7.6492325
v 1.169043125 1.772180625 -8.384755
v 1.27011125 2.342944375 -7.38382875
v 1.381808125 1.793460625 -7.822568125
v 1.02920875 1.766299375 -8.52092875
v 1.0073362499999998 2.3454525 -7.76834
v 0.1082774999999998 1.763133125 -8.92103
v 0.10625687500000014 2.3425868750000003 -8.07543375
v 1.2969225 2.354735 -7.304889375
v 1.411733125 1.802285 -7.31274125
v 1.412895 1.805858125 -7.7288625
v -1.3010912499999998 2.35291125 -7.214404375
v -1.4132156250000003 1.800501875 -7.2153687500000006
v -1.309360625 2.35291125 -6.895435
v -1.4129312499999997 1.800501875 -6.893960625
v -1.1494212499999996 2.3419443749999997 -7.6492325
v -1.169043125 1.772180625 -8.384755
v -1.2701112500000002 2.342944375 -7.38382875
v -1.381808125 1.793460625 -7.822568125
v -1.0292087500000004 1.766299375 -8.52092875
v -1.0073362499999998 2.3454525 -7.76834
v -0.10827750000000025 1.763133125 -8.92103
v -0.10625687500000014 2.3425868750000003 -8.07543375
v -1.2969225 2.354735 -7.304889375
v -1.4117331250000005 1.802285 -7.31274125
v -1.4128949999999998 1.805858125 -7.7288625
vt 0.01827690476190476 0.8869047619047619
vt 0 0.8216080952380952
vt 0.03571428571428571 0.7784722619047619
vt 0.03571428571428571 0.8670917261904763
vt 0.48283107142857146 0.7857142857142857
vt 0.5365141666666666 0.7857142857142857
vt 0.5364093452380952 0.8152649404761905
vt 0.48288869047619043 0.8154761904761905
vt 0.08928571428571429 0.7916666666666666
vt 0.08928571428571429 0.7012010119047619
vt 0.1806135119047619 0.6728472023809524
vt 0.17727244047619048 0.7703044642857143
vt 0.46252392857142854 0.4817302976190476
vt 0.4228927380952381 0.5357142857142857
vt 0.4228927380952381 0.4819708928571428
vt 0.03571428571428571 0.7784722619047619
vt 0 0.8216080952380952
vt 0.01827690476190476 0.8869047619047619
vt 0.03571428571428571 0.8670917261904763
vt 0.5364093452380952 0.8152649404761905
vt 0.5365141666666666 0.7857142857142857
vt 0.48283107142857146 0.7857142857142857
vt 0.48288869047619043 0.8154761904761905
vt 0.1806135119047619 0.6728472023809524
vt 0.08928571428571429 0.7012010119047619
vt 0.08928571428571429 0.7916666666666666
vt 0.17727244047619048 0.7703044642857143
vt 0.4228927380952381 0.5357142857142857
vt 0.46252392857142854 0.4817302976190476
vt 0.4228927380952381 0.4819708928571428
vn 0.836178623237207 0.4358268940027539 -0.3329567967545364
vn 0.9796915042700965 0.19889559544131521 -0.025398790818471358
vn 0.2517735973154734 0.7704957972628547 -0.5856161559375767
vn 0.9790833454056387 0.20341024781139647 0.004480383310523769
vn -0.836178623237207 0.4358268940027537 -0.33295679675453643
vn -0.9796915042700961 0.19889559544131635 -0.025398790818472045
vn -0.2517735973154733 0.7704957972628547 -0.5856161559375764
vn -0.9790833454056385 0.20341024781139724 0.004480383310522221
usemtl m_2e146a60-ae6a-de58-ef29-5cac9a70e150
f 7/1/1 8/2/1 6/3/1 5/4/1
f 2/5/2 1/6/2 3/7/2 4/8/2
f 10/9/3 9/10/3 11/11/3 12/12/3
f 15/13/4 13/14/4 14/15/4
f 21/16/5 23/17/5 22/18/5 20/19/5
f 18/20/6 16/21/6 17/22/6 19/23/6
f 26/24/7 24/25/7 25/26/7 27/27/7
f 28/28/8 30/29/8 29/30/8
o car1_light_red
v -0.5625 0.8625 -10.528125000000001
v -0.533193125 0.753125 -10.528125000000001
v -0.482431875 0.782431875 -10.528125000000001
v -0.453125 0.833193125 -10.528125000000001
v -0.453125 0.891806875 -10.528125000000001
v -0.482431875 0.942568125 -10.528125000000001
v -0.533193125 0.971875 -10.528125000000001
v -0.591806875 0.971875 -10.528125000000001
v -0.642568125 0.942568125 -10.528125000000001
v -0.671875 0.891806875 -10.528125000000001
v -0.671875 0.833193125 -10.528125000000001
v -0.642568125 0.782431875 -10.528125000000001
v -0.591806875 0.753125 -10.528125000000001
v 0.5625 0.8625 -10.528125000000001
v 0.5331931249999999 0.753125 -10.528125000000001
v 0.48243187500000007 0.782431875 -10.528125000000001
v 0.453125 0.833193125 -10.528125000000001
v 0.453125 0.891806875 -10.528125000000001
v 0.48243187500000007 0.942568125 -10.528125000000001
v 0.5331931249999999 0.971875 -10.528125000000001
v 0.5918068750000001 0.971875 -10.528125000000001
v 0.6425681249999999 0.942568125 -10.528125000000001
v 0.671875 0.891806875 -10.528125000000001
v 0.671875 0.833193125 -10.528125000000001
v 0.6425681249999999 0.782431875 -10.528125000000001
v 0.5918068750000001 0.753125 -10.528125000000001
vt 0.4518206547619047 0.11904761904761907
vt 0.4503757142857143 0.12443970238095237
vt 0.44103648809523815 0.11904761904761907
vt 0.8863444642857142 0.7678571428571428
vt 0.8848997023809524 0.7732492857142858
vt 0.8755602976190476 0.7678571428571428
vt 0.8908520833333333 0.5
vt 0.8922968452380952 0.5053919642857143
vt 0.8815126785714286 0.5053919642857143
vt 0.47647059523809526 0.11309523809523814
vt 0.4818627380952381 0.11454017857142862
vt 0.47647059523809526 0.12387946428571417
vt 0.7026610714285715 0.11454017857142862
vt 0.7080532142857143 0.11309523809523814
vt 0.7080532142857143 0.12387946428571417
vt 0.881232619047619 0.3645400000000001
vt 0.8866245238095238 0.36309523809523814
vt 0.8866245238095238 0.3738793452380952
vt 0.8755602976190476 0.5172968452380953
vt 0.8770052380952381 0.5119047619047619
vt 0.8863444642857142 0.5172968452380953
vt 0.8770052380952381 0.3446777976190476
vt 0.8755602976190476 0.3392857142857143
vt 0.8863444642857142 0.3392857142857143
vt 0.4640054761904762 0.11792696428571436
vt 0.4586135714285714 0.11648226190476185
vt 0.4640054761904762 0.1071428571428571
vt 0.49376749999999997 0.12387946428571417
vt 0.4883753571428572 0.12243452380952369
vt 0.49376749999999997 0.11309523809523814
vt 0.5354341666666667 0.1238793452380953
vt 0.5300420238095238 0.12243464285714278
vt 0.5354341666666667 0.11309523809523814
vt 0.8866245238095238 0.33076797619047615
vt 0.881232619047619 0.33221267857142855
vt 0.881232619047619 0.3214285714285714
vt 0.8866246428571429 0.8262602976190476
vt 0.8812325 0.8248155952380952
vt 0.8866246428571429 0.8154761904761905
vt 0.07710083333333333 0.12243464285714278
vt 0.07170869047619048 0.1238793452380953
vt 0.07170869047619048 0.11309523809523814
vt 0.8829574404761905 0.6482491071428571
vt 0.8815126785714286 0.6428571428571428
vt 0.8922968452380952 0.6428571428571428
vt 0.10175077380952381 0.12443976190476191
vt 0.1031955357142857 0.11904761904761907
vt 0.11253494047619048 0.12443976190476191
vt 0.8710526785714285 0.2851540476190476
vt 0.8696079166666667 0.27976190476190477
vt 0.8803920833333333 0.27976190476190477
vt 0.8815126785714286 0.7851538690476191
vt 0.8829574404761905 0.7797619047619048
vt 0.8922968452380952 0.7851538690476191
vt 0.14908964285714285 0.10858779761904758
vt 0.15448178571428572 0.1071428571428571
vt 0.15448178571428572 0.11792708333333324
vt 0.6907563095238095 0.11904761904761907
vt 0.6961484523809524 0.12049255952380955
vt 0.6907563095238095 0.1298318452380952
vt 0.024089761904761905 0.10119047619047616
vt 0.029481666666666666 0.102635238095238
vt 0.024089761904761905 0.11197458333333343
vt 0.8789471428571428 0.29166666666666663
vt 0.8803920833333333 0.2970587499999999
vt 0.8696079166666667 0.2970587499999999
vt 0.8922968452380952 0.9702380952380952
vt 0.8908519047619047 0.9756301785714285
vt 0.8815126785714286 0.9702380952380952
vt 0.8922968452380952 0.7261904761904762
vt 0.8908520833333333 0.7315824404761905
vt 0.8815126785714286 0.7261904761904762
vn 0 -2.220446049250313e-16 -1
vn 0 -2.220446049250313e-16 -1
vn 0 -2.220446049250313e-16 -1
vn 0 -2.220446049250313e-16 -1
vn 0 -2.220446049250313e-16 -1
vn 0 -2.220446049250313e-16 -1
vn 0 -2.220446049250313e-16 -1
vn 0 -2.220446049250313e-16 -1
vn 0 -2.220446049250313e-16 -1
vn 0 -2.220446049250313e-16 -1
vn 0 -2.220446049250313e-16 -1
vn 0 -2.220446049250313e-16 -1
vn 0 -2.220446049250313e-16 -1
vn 0 -2.220446049250313e-16 -1
vn 0 -2.220446049250313e-16 -1
vn 0 -2.220446049250313e-16 -1
vn 0 -2.220446049250313e-16 -1
vn 0 -2.220446049250313e-16 -1
vn 0 -2.220446049250313e-16 -1
vn 0 -2.220446049250313e-16 -1
vn 0 -2.220446049250313e-16 -1
vn 0 -2.220446049250313e-16 -1
vn 0 -2.220446049250313e-16 -1
vn 0 -2.220446049250313e-16 -1
usemtl m_2e146a60-ae6a-de58-ef29-5cac9a70e150
f 33/31/9 32/32/9 31/33/9
f 34/34/10 33/35/10 31/36/10
f 35/37/11 34/38/11 31/39/11
f 36/40/12 35/41/12 31/42/12
f 37/43/13 36/44/13 31/45/13
f 38/46/14 37/47/14 31/48/14
f 39/49/15 38/50/15 31/51/15
f 40/52/16 39/53/16 31/54/16
f 41/55/17 40/56/17 31/57/17
f 42/58/18 41/59/18 31/60/18
f 43/61/19 42/62/19 31/63/19
f 32/64/20 43/65/20 31/66/20
f 45/67/21 46/68/21 44/69/21
f 46/70/22 47/71/22 44/72/22
f 47/73/23 48/74/23 44/75/23
f 48/76/24 49/77/24 44/78/24
f 49/79/25 50/80/25 44/81/25
f 50/82/26 51/83/26 44/84/26
f 51/85/27 52/86/27 44/87/27
f 52/88/28 53/89/28 44/90/28
f 53/91/29 54/92/29 44/93/29
f 54/94/30 55/95/30 44/96/30
f 55/97/31 56/98/31 44/99/31
f 56/100/32 45/101/32 44/102/32
o car1_exterior
v -1.0372218750000002 -0.028302500000000008 -10.50861125
v 0.09797000000000011 0.839086875 -10.95094875
v 0.1119993749999999 1.09646 -10.519535625
v 0.11862937499999981 1.2077718750000002 -10.3230975
v 0.12438312500000004 1.316564375 -10.12593875
v 0.13014687499999988 1.420636875 -9.92733625
v 0.1354668750000001 1.521489375 -9.716564375
v 0.13869312500000008 1.590410625 -9.548631875
v 0.07221749999999982 1.659470625 -9.380648125
v -0.1119993749999999 1.09646 -10.519535625
v -0.11862937499999981 1.2077718750000002 -10.3230975
v -0.12438312500000004 1.316564375 -10.12593875
v -0.13014687499999988 1.420636875 -9.92733625
v -0.1354668750000001 1.521489375 -9.716564375
v -0.13869312500000008 1.590410625 -9.548631875
v -0.09797000000000011 0.839086875 -10.95094875
v -0.10538250000000016 0.98135625 -10.720254375
v 0.10538250000000016 0.98135625 -10.720254375
v 0.07116875 -0.024456250000000013 -11.36286625
v 0.07460125000000017 1.712010625 -9.214103125000001
v -0.07221749999999982 1.659470625 -9.380648125
v -0.07460125000000017 1.712010625 -9.214103125000001
v -0.14544500000000005 1.733405625 -9.061119375
v 0.14500562500000003 1.733404375 -9.061119375
v 0.0931112500000002 0.7103725 -11.139005
v -0.0931112500000002 0.7103725 -11.139005
v 0 2.85 -5.20625
v 0.1158743750000002 2.71700125 -5.90592875
v 0.0686618750000001 2.71875 -5.20625
v 0.2331906250000002 2.7612825 -5.7985425
v 0.187588125 2.753918125 -5.20625
v 0.26366999999999985 2.79118625 -5.726021875
v 0.2562500000000001 2.814831875 -5.20625
v 0.26079437500000013 2.91597875 -5.4233875000000005
v 0.2562500000000001 2.885168125 -5.20625
v 0.23261562500000021 2.94933375 -5.342499375
v 0.187588125 2.946081875 -5.20625
v 0.11414875000000002 2.988439375 -5.247664374999999
v 0.0686618750000001 2.98125 -5.20625
v -0.11473312499999988 2.988439375 -5.247664374999999
v -0.0686618750000001 2.98125 -5.20625
v -0.23262500000000008 2.94760875 -5.346683125
v -0.187588125 2.946081875 -5.20625
v -0.26022875 2.91482875 -5.4261768749999995
v -0.2562500000000001 2.885168125 -5.20625
v -0.2562500000000001 2.814831875 -5.20625
v -0.23435000000000006 2.760706875 -5.799936875
v -0.187588125 2.753918125 -5.20625
v -0.11760875000000004 2.715275625 -5.9101125
v -0.0686618750000001 2.71875 -5.20625
v -0.26195375 2.79061125 -5.72741625
v -0.7361599999999999 1.7352075 -8.830265625
v -0.4208068749999998 1.733451875 -8.97217625
v -0.6925643749999999 1.67750125 -9.157076875
v -0.8904568749999999 -0.020351249999999987 -10.87500125
v -1.0915749999999997 0.5021575 -10.713119375
v -0.0005131249999998921 1.734169375 -8.899756875
v 0.0015125000000000277 1.73306625 -9.061244375000001
v -1.0075225000000003 1.73162125 -8.686231875
v -0.5956475000000001 1.730493125 -8.637935625
v -0.7361599999999999 1.7352075 -8.830265625
v -0.4392775000000002 1.7342525 -8.963578125
v -0.35726499999999994 1.729635 -8.72259125
v -0.14500562500000003 1.733404375 -9.061119375
v -1.4135987500000002 1.739531875 -7.883746875
v -1.0650500000000003 1.738378125 -8.38644375
v -1.4385731249999996 1.7613325 -7.821748125
v -1.2374368750000002 1.7359125 -8.458555624999999
v -0.808939375 1.73427875 -8.548303125
v -1.0075225000000003 1.73136375 -8.686231875
v -0.5956475000000001 1.730205 -8.637935625
v -1.440245 1.630410625 -8.3757925
v -1.4283318749999996 1.648315 -8.382289375
v -1.4385731249999996 1.7613325 -7.821748125
v -1.4358456249999998 1.762485 -7.73445
v -0.11862937499999981 1.2077718750000002 -10.3230975
v -0.3505531249999998 1.1866824999999999 -10.322841875
v -0.1119993749999999 1.09646 -10.519535625
v -0.330723125 1.0753412500000001 -10.519291875
v 0.11862937499999981 1.2077718750000002 -10.3230975
v 0.12438312500000004 1.316564375 -10.12593875
v 0.13014687499999988 1.420636875 -9.92733625
v 0.1354668750000001 1.521489375 -9.716564375
v 0.13869312500000008 1.590410625 -9.548631875
v 0.3505531249999998 1.1866824999999999 -10.322841875
v 0.3690668750000001 1.2953999999999999 -10.125671875
v 0.3867099999999999 1.399605625 -9.92706
v 0.4030287499999998 1.5013225 -9.71628125
v 0.413728125 1.572159375 -9.545485
v 0.42486749999999995 1.642995625 -9.374690000000001
v 0.42986000000000013 1.700958125 -9.185979374999999
v 0.4392775000000002 1.7342525 -8.963578125
v 0.6925643749999999 1.67750125 -9.157076875
v 0.6942124999999999 1.60962375 -9.368646250000001
v 0.6773612500000001 1.53656125 -9.5423025
v 0.660948125 1.463499375 -9.71595875
v 0.6336312500000001 1.3611275 -9.92674625
v 0.60498875 1.25689625 -10.125366249999999
v 0.573715 1.14815 -10.322547499999999
v 0.330723125 1.0753412500000001 -10.519291875
v 0.54112625 1.036673125 -10.5190075
v 0.5211225000000002 0.9723825 -10.631883125
v 0.7652181250000001 0.975049375 -10.518650625
v 0.7797468749999998 1.09593125 -10.32223125
v 0.8220225000000001 1.2039675 -10.12503875
v 0.8612268749999998 1.30759125 -9.927123125
v 0.8977849999999998 1.4091456249999998 -9.716325625
v 0.9207981250000001 1.4825325 -9.544096249999999
v 0.943370625 1.555919375 -9.371865625
v 0.9487468749999999 1.6306375 -9.160309375
v 0.9687531250000001 1.6751175 -9.000165625000001
v 0.7361599999999999 1.7352075 -8.830265625
v 1.0249237500000001 1.6988725 -8.885719375
v 1.0075224999999999 1.73162125 -8.686231875
v 1.237436875 1.7359125 -8.458555624999999
v 1.243930625 1.0242925 -10.123481875
v 1.302523125 1.115258125 -9.926229375
v 1.351886875 1.20147625 -9.729688750000001
v 1.37890625 1.262628125 -9.581745
v 1.405926875 1.323466875 -9.433085
v 1.423109375 1.39754875 -9.237964375
v 1.427890625 1.466374375 -9.041405000000001
v 1.4336575 1.52878125 -8.845546875
v 1.427579375 1.62882125 -8.48239125
v 1.428331875 1.648315 -8.382289375
v 1.438573125 1.7613325 -7.821748125
v 1.17918875 0.9277525 -10.32000875
v 1.00415375 0.935415 -10.437501875
v 1.019676875 0.8967993750000001 -10.483169375
v 1.1104975 0.827106875 -10.517243125
v 1.038293125 0.7228893750000001 -10.71304
v 0.9334425 0.7808181249999999 -10.706846875
v 0.9603593749999999 0.62066625 -10.90384
v 0.9207462500000001 0.7637987500000001 -10.739005
v 0.8869212499999999 0.7531181250000001 -10.776205
v 0.8126056250000002 0.752286875 -10.82419625
v 0.785965 0.6972725 -10.917786875
v 0.6226212499999999 0.7502893749999999 -10.93023
v 0.30474250000000014 0.9616675 -10.718600625
v 0.3302243749999998 0.97049875 -10.697140625
v 0.88615625 0.976359375 -10.45058875
v 0.970244375 0.95967 -10.42008375
v 0.7361599999999999 1.7352075 -8.830265625
v 0.4208068749999998 1.733451875 -8.97217625
v 0.6925643749999999 1.67750125 -9.157076875
v 0.07221749999999982 1.659470625 -9.380648125
v 0.07460125000000017 1.712010625 -9.214103125000001
v 0.14544500000000005 1.733405625 -9.061119375
v 0.8904568749999999 -0.020351249999999987 -10.87500125
v 1.091575 0.5021575 -10.713119375
v 0.0005131249999998921 1.734169375 -8.899756875
v -0.0015125000000000277 1.73306625 -9.061244375000001
v 1.0075224999999999 1.73162125 -8.686231875
v 0.5956475000000001 1.730493125 -8.637935625
v 0.7361599999999999 1.7352075 -8.830265625
v 0.4392775000000002 1.7342525 -8.963578125
v 0.35726499999999994 1.729635 -8.72259125
v 0.14500562500000003 1.733404375 -9.061119375
v 1.41359875 1.739531875 -7.883746875
v 1.06505 1.738378125 -8.38644375
v 1.438573125 1.7613325 -7.821748125
v 1.237436875 1.7359125 -8.458555624999999
v 0.808939375 1.73427875 -8.548303125
v 1.0075224999999999 1.73136375 -8.686231875
v 0.5956475000000001 1.730205 -8.637935625
v 1.440245 1.630410625 -8.3757925
v 1.428331875 1.648315 -8.382289375
v 1.438573125 1.7613325 -7.821748125
v 1.435845625 1.762485 -7.73445
v 0.970244375 0.95967 -10.42008375
v 1.0003043749999998 1.00306875 -10.321004375000001
v 0.3505531249999998 1.1866824999999999 -10.322841875
v 0.573715 1.14815 -10.322547499999999
v 0.330723125 1.0753412500000001 -10.519291875
v 0.54112625 1.036673125 -10.5190075
v 0.11862937499999981 1.2077718750000002 -10.3230975
v 0.3505531249999998 1.1866824999999999 -10.322841875
v 0.1119993749999999 1.09646 -10.519535625
v 0.330723125 1.0753412500000001 -10.519291875
v -1.1875 2.4375 -6
v 1.1875 2.4375 -6
v -0.3505531249999998 1.1866824999999999 -10.322841875
v -0.573715 1.14815 -10.322547499999999
v -0.330723125 1.0753412500000001 -10.519291875
v -0.54112625 1.036673125 -10.5190075
v -0.11862937499999981 1.2077718750000002 -10.3230975
v -0.12438312500000004 1.316564375 -10.12593875
v -0.13014687499999988 1.420636875 -9.92733625
v -0.1354668750000001 1.521489375 -9.716564375
v -0.13869312500000008 1.590410625 -9.548631875
v -0.3505531249999998 1.1866824999999999 -10.322841875
v -0.3690668750000001 1.2953999999999999 -10.125671875
v -0.3867099999999999 1.399605625 -9.92706
v -0.4030287499999998 1.5013225 -9.71628125
v -0.413728125 1.572159375 -9.545485
v -0.42486749999999995 1.642995625 -9.374690000000001
v -0.42986000000000013 1.700958125 -9.185979374999999
v -0.4392775000000002 1.7342525 -8.963578125
v -0.6925643749999999 1.67750125 -9.157076875
v -0.6942124999999999 1.60962375 -9.368646250000001
v -0.6773612500000001 1.53656125 -9.5423025
v -0.660948125 1.463499375 -9.71595875
v -0.6336312500000001 1.3611275 -9.92674625
v -0.60498875 1.25689625 -10.125366249999999
v -0.573715 1.14815 -10.322547499999999
v -0.330723125 1.0753412500000001 -10.519291875
v -0.54112625 1.036673125 -10.5190075
v -0.5211225000000002 0.9723825 -10.631883125
v -0.7652181250000001 0.975049375 -10.518650625
v -0.7797468749999998 1.09593125 -10.32223125
v -0.8220225000000001 1.2039675 -10.12503875
v -0.8612268749999998 1.30759125 -9.927123125
v -0.8977849999999998 1.4091456249999998 -9.716325625
v -0.9207981250000001 1.4825325 -9.544096249999999
v -0.943370625 1.555919375 -9.371865625
v -0.9487468750000003 1.6306375 -9.160309375
v -0.9687531250000001 1.6751175 -9.000165625000001
v -0.7361599999999999 1.7352075 -8.830265625
v -1.0249237500000001 1.6988725 -8.885719375
v -1.0075225000000003 1.73162125 -8.686231875
v -1.2374368750000002 1.7359125 -8.458555624999999
v -1.243930625 1.0242925 -10.123481875
v -1.3025231249999996 1.115258125 -9.926229375
v -1.351886875 1.20147625 -9.729688750000001
v -1.37890625 1.262628125 -9.581745
v -1.4059268749999996 1.323466875 -9.433085
v -1.4231093750000001 1.39754875 -9.237964375
v -1.4278906249999999 1.466374375 -9.041405000000001
v -1.4336574999999998 1.52878125 -8.845546875
v -1.4275793749999997 1.62882125 -8.48239125
v -1.4283318749999996 1.648315 -8.382289375
v -1.4385731249999996 1.7613325 -7.821748125
v -1.1791887499999998 0.9277525 -10.32000875
v -1.0041537500000004 0.935415 -10.437501875
v -1.019676875 0.8967993750000001 -10.483169375
v -1.1104975000000001 0.827106875 -10.517243125
v -1.038293125 0.7228893750000001 -10.71304
v -0.9334425 0.7808181249999999 -10.706846875
v -0.9603593750000003 0.62066625 -10.90384
v -0.9207462500000001 0.7637987500000001 -10.739005
v -0.8869212499999999 0.7531181250000001 -10.776205
v -0.8126056250000002 0.752286875 -10.82419625
v -0.785965 0.6972725 -10.917786875
v -0.6226212499999999 0.7502893749999999 -10.93023
v -0.30474250000000014 0.9616675 -10.718600625
v -0.3302243749999998 0.97049875 -10.697140625
v -0.88615625 0.976359375 -10.45058875
v -0.970244375 0.95967 -10.42008375
v -0.07221749999999982 1.659470625 -9.380648125
v -0.07460125000000017 1.712010625 -9.214103125000001
v -0.14544500000000005 1.733405625 -9.061119375
v -0.970244375 0.95967 -10.42008375
v -1.0003043749999998 1.00306875 -10.321004375000001
v -1.0037193750000002 0.935483125 -10.382938750000001
v -1.00376625 0.9353281250000001 -10.43764
v -0.9637962499999997 0.963001875 -10.38304625
v -0.9701456249999998 0.9596512500000001 -10.421476875
v -1.0197487499999998 0.897005625 -10.382821875000001
v -1.01983375 0.89672375 -10.48265125
v -1.0037193750000002 0.935483125 -10.382938750000001
v -1.00376625 0.9353281250000001 -10.43764
v -0.9637962499999997 0.963001875 -10.38304625
v -0.9701456249999998 0.9596512500000001 -10.421476875
v -0.8858125000000001 0.976450625 -10.38314875
v -0.885869375 0.976261875 -10.450158125
v -0.7303493749999999 0.97502625 -10.383278749999999
v -0.7652181250000001 0.975049375 -10.518650625
v -0.520851875 0.97312125 -10.383453124999999
v -0.5210643749999999 0.97242 -10.63166
v -0.3299556250000002 0.971376875 -10.383611875
v -0.3302243749999998 0.97049375 -10.69677625
v -0.3042856249999999 0.962548125 -10.383610000000001
v -0.3045724999999999 0.961603125 -10.718655625
v -0.9203800000000002 0.76488125 -10.382553125000001
v -0.9206850000000002 0.7638756250000001 -10.738794375
v -0.9296531250000002 0.7773456249999999 -10.382579374999999
v -0.9334425 0.7808181249999999 -10.706846875
v -0.9680762500000002 0.828509375 -10.382683125
v -0.9682768749999999 0.82784875 -10.616530625
v -1.0038493749999997 0.875756875 -10.38277875
v -1.0039718750000004 0.875355 -10.52500125
v -1.0197487499999998 0.897005625 -10.382821875000001
v -1.01983375 0.89672375 -10.48265125
v -0.2875143750000002 0.93525375 -10.383551875
v -0.2881231249999998 0.9341999999999999 -10.7671875
v -0.2878599999999998 0.777050625 -10.383128750000001
v -0.2886812499999998 0.775315625 -11.0142825
v -0.2878599999999998 0.777050625 -10.383128750000001
v -0.28840125000000016 0.7752693749999999 -11.0142425
v -0.30517812499999986 0.75682625 -10.383059375
v -0.3054674999999998 0.755023125 -11.03996875
v -0.30517812499999986 0.75682625 -10.383059375
v -0.3057400000000001 0.75497375 -11.03947375
v -0.3304412499999998 0.7490631249999999 -10.383016875
v -0.3310081249999999 0.747196875 -11.0442175
v -0.46154375000000014 0.750313125 -10.382908125
v -0.46207312499999986 0.74857125 -11.0003475
v -0.62187875 0.7517493749999999 -10.38277375
v -0.6223475 0.75020625 -10.929785625
v -0.81188875 0.75349125 -10.382615625
v -0.8122668750000002 0.752245 -10.8243275
v -0.8862975 0.754255625 -10.38255375
v -0.8866343749999999 0.75314625 -10.77571875
v -0.9203800000000002 0.76488125 -10.382553125000001
v -0.9206850000000002 0.7638756250000001 -10.738794375
v -0.46154375000000014 0.750313125 -10.382908125
v -0.62187875 0.7517493749999999 -10.38277375
v -0.534833125 0.8591737500000001 -10.383040000000001
v -0.81188875 0.75349125 -10.382615625
v -0.8862975 0.754255625 -10.38255375
v -0.9203800000000002 0.76488125 -10.382553125000001
v -0.9296531250000002 0.7773456249999999 -10.382579374999999
v -0.9680762500000002 0.828509375 -10.382683125
v -1.0038493749999997 0.875756875 -10.38277875
v -1.0197487499999998 0.897005625 -10.382821875000001
v -1.0037193750000002 0.935483125 -10.382938750000001
v -0.9637962499999997 0.963001875 -10.38304625
v -0.8858125000000001 0.976450625 -10.38314875
v -0.7303493749999999 0.97502625 -10.383278749999999
v -0.520851875 0.97312125 -10.383453124999999
v -0.3299556250000002 0.971376875 -10.383611875
v -0.3042856249999999 0.962548125 -10.383610000000001
v -0.2875143750000002 0.93525375 -10.383551875
v -0.2875956249999998 0.897925 -10.3834525
v -0.2877606250000002 0.82255625 -10.38325
v -0.2878599999999998 0.777050625 -10.383128750000001
v -0.30517812499999986 0.75682625 -10.383059375
v -0.3304412499999998 0.7490631249999999 -10.383016875
v -0.46154375000000014 0.750313125 -10.382908125
v -0.534833125 0.8591737500000001 -10.383040000000001
v -0.3304412499999998 0.7490631249999999 -10.383016875
v -0.2878425 0.934171875 -10.767144375
v -0.2875143750000002 0.93525375 -10.383551875
v -0.3045724999999999 0.961603125 -10.718655625
v -0.3042856249999999 0.962548125 -10.383610000000001
v 1.0037193750000002 0.935483125 -10.382938750000001
v 1.00376625 0.9353281250000001 -10.43764
v 0.9637962500000001 0.963001875 -10.38304625
v 0.9701456249999998 0.9596512500000001 -10.421476875
v 1.0197487500000002 0.897005625 -10.382821875000001
v 1.01983375 0.89672375 -10.48265125
v 1.0037193750000002 0.935483125 -10.382938750000001
v 1.00376625 0.9353281250000001 -10.43764
v 0.9637962500000001 0.963001875 -10.38304625
v 0.9701456249999998 0.9596512500000001 -10.421476875
v 0.8858125000000001 0.976450625 -10.38314875
v 0.885869375 0.976261875 -10.450158125
v 0.7303493749999999 0.97502625 -10.383278749999999
v 0.7652181250000001 0.975049375 -10.518650625
v 0.520851875 0.97312125 -10.383453124999999
v 0.5210643749999999 0.97242 -10.63166
v 0.3299556250000002 0.971376875 -10.383611875
v 0.3302243749999998 0.97049375 -10.69677625
v 0.3042856249999999 0.962548125 -10.383610000000001
v 0.3045724999999999 0.961603125 -10.718655625
v 0.9203800000000002 0.76488125 -10.382553125000001
v 0.9206850000000002 0.7638756250000001 -10.738794375
v 0.9296531250000002 0.7773456249999999 -10.382579374999999
v 0.9334425 0.7808181249999999 -10.706846875
v 0.9680762500000002 0.828509375 -10.382683125
v 0.9682768749999999 0.82784875 -10.616530625
v 1.0038493750000002 0.875756875 -10.38277875
v 1.003971875 0.875355 -10.52500125
v 1.0197487500000002 0.897005625 -10.382821875000001
v 1.01983375 0.89672375 -10.48265125
v 0.2875143750000002 0.93525375 -10.383551875
v 0.2881231249999998 0.9341999999999999 -10.7671875
v 0.2878599999999998 0.777050625 -10.383128750000001
v 0.2886812499999998 0.775315625 -11.0142825
v 0.2878599999999998 0.777050625 -10.383128750000001
v 0.28840125000000016 0.7752693749999999 -11.0142425
v 0.30517812499999986 0.75682625 -10.383059375
v 0.3054674999999998 0.755023125 -11.03996875
v 0.30517812499999986 0.75682625 -10.383059375
v 0.3057400000000001 0.75497375 -11.03947375
v 0.3304412499999998 0.7490631249999999 -10.383016875
v 0.3310081249999999 0.747196875 -11.0442175
v 0.46154375000000014 0.750313125 -10.382908125
v 0.46207312499999986 0.74857125 -11.0003475
v 0.62187875 0.7517493749999999 -10.38277375
v 0.6223475 0.75020625 -10.929785625
v 0.81188875 0.75349125 -10.382615625
v 0.8122668750000002 0.752245 -10.8243275
v 0.8862975 0.754255625 -10.38255375
v 0.8866343749999999 0.75314625 -10.77571875
v 0.9203800000000002 0.76488125 -10.382553125000001
v 0.9206850000000002 0.7638756250000001 -10.738794375
v 0.46154375000000014 0.750313125 -10.382908125
v 0.62187875 0.7517493749999999 -10.38277375
v 0.534833125 0.8591737500000001 -10.383040000000001
v 0.81188875 0.75349125 -10.382615625
v 0.8862975 0.754255625 -10.38255375
v 0.9203800000000002 0.76488125 -10.382553125000001
v 0.9296531250000002 0.7773456249999999 -10.382579374999999
v 0.9680762500000002 0.828509375 -10.382683125
v 1.0038493750000002 0.875756875 -10.38277875
v 1.0197487500000002 0.897005625 -10.382821875000001
v 1.0037193750000002 0.935483125 -10.382938750000001
v 0.9637962500000001 0.963001875 -10.38304625
v 0.8858125000000001 0.976450625 -10.38314875
v 0.7303493749999999 0.97502625 -10.383278749999999
v 0.520851875 0.97312125 -10.383453124999999
v 0.3299556250000002 0.971376875 -10.383611875
v 0.3042856249999999 0.962548125 -10.383610000000001
v 0.2875143750000002 0.93525375 -10.383551875
v 0.2875956249999998 0.897925 -10.3834525
v 0.2877606250000002 0.82255625 -10.38325
v 0.2878599999999998 0.777050625 -10.383128750000001
v 0.30517812499999986 0.75682625 -10.383059375
v 0.3304412499999998 0.7490631249999999 -10.383016875
v 0.46154375000000014 0.750313125 -10.382908125
v 0.534833125 0.8591737500000001 -10.383040000000001
v 0.3304412499999998 0.7490631249999999 -10.383016875
v 0.2878425 0.934171875 -10.767144375
v 0.2875143750000002 0.93525375 -10.383551875
v 0.3045724999999999 0.961603125 -10.718655625
v 0.3042856249999999 0.962548125 -10.383610000000001
v 1.109870625 2.4460474999999997 -7.633181875
v 1.127559375 2.417791875 -7.663135
v 1.1399475 2.446221875 -7.59440375
v 1.156311875 2.4179775 -7.61935
v 1.292443125 2.448079375 -7.303381875
v 1.299548125 2.4191656249999998 -7.3040125
v 1.314215625 2.450981875 -6.58901625
v 1.318116875 2.427055625 -6.59375
v 0.031919375000000194 2.634188125 -4.4135875
v 0.03394937500000017 2.629305625 -6.785774375
v 0.9657325000000001 2.555313125 -4.46875
v 0.9866943749999999 2.56050625 -6.78405375
v 1.314215625 2.450981875 -6.58901625
v 0.9879674999999999 2.55914625 -7.2426075
v 1.292443125 2.448079375 -7.303381875
v 1.0013174999999999 2.5448925 -7.38134
v 1.1399475 2.446221875 -7.59440375
v 1.109870625 2.4460474999999997 -7.633181875
v 0.034342500000000165 2.628045625 -7.244329375
v 0.03459562500000013 2.602369375 -7.474611875
v 0.035545625000000136 2.442923125 -8.004813125
v 0.035646874999999856 2.41428625 -8.047656875000001
v 1.127559375 2.417791875 -7.663135
v 1.090818125 2.4176425 -7.6877825
v 1.0790825 2.4459581249999998 -7.643831875
v 1.318116875 2.427055625 -6.59375
v 1.318116875 2.427055625 -4.46875
v 0.9657325000000001 2.555313125 -4.46875
v 1.314215625 2.450981875 -6.58901625
v 1.163175625 2.9135475 -4.812143125
v 1.174029375 2.868353125 -4.815326875
v 1.163175625 2.92990375 -4.4375
v 1.174029375 2.868353125 -4.4375
v 1.082826875 3.0093025 -4.812143125
v 1.163175625 2.913546875 -4.812143125
v 1.082826875 3.02565875 -4.4375
v 1.163175625 2.92990375 -4.4375
v 0.9719506249999998 3.06702125 -4.812143125
v 1.082826875 3.0093025 -4.812143125
v 0.9719506249999998 3.0833775 -4.4375
v 1.0828275 3.025659375 -4.4375
v 1.17402875 2.868353125 -4.4375
v 1.25 2.4375 -4.4375
v 1.17402875 2.868353125 -4.815326875
v 1.18605625 2.4836775 -5.87303
v 1.082826875 2.9551925 -5.0562168750000005
v 1.163175625 2.8594375 -5.0562168750000005
v 1.082826875 2.521331875 -6.10837
v 1.163175625 2.49227375 -5.946625
v 0.9719506249999998 3.01291125 -5.0562168750000005
v 1.082826875 2.9551925 -5.0562168750000005
v 1.082826875 2.520961875 -6.1092675
v 0.9719506249999998 2.558091875 -6.159196875
v 0.34932937499999994 3.06738375 -5.0562168750000005
v 0.34932937499999994 2.60077375 -6.187790625
v 0.9719506249999998 3.01291125 -5.0562168750000005
v 0.9719506249999998 2.556074375 -6.164089375
v 1.082826875 3.0093025 -4.812143125
v 1.082826875 2.9551925 -5.0562175
v 1.163175625 2.9135475 -4.812143125
v 1.163175625 2.8594375 -5.0562168750000005
v 0.9719506249999998 3.06702125 -4.812143125
v 0.9719506249999998 3.01291125 -5.0562175
v 1.082826875 3.0093025 -4.812143125
v 1.082826875 2.9551925 -5.0562168750000005
v 0.34932937499999994 3.12149375 -4.812143125
v 0.34932937499999994 3.06738375 -5.0562175
v 0.9719506249999998 3.06702125 -4.812143125
v 0.9719506249999998 3.01291125 -5.0562175
v 0.34932937499999994 3.137850625 -4.4375
v 0.34932937499999994 3.121493125 -4.8121425
v 0.9719506249999998 3.083378125 -4.4375
v 0.9719506249999998 3.067020625 -4.812143125
v 1.163175625 2.9135475 -4.812143125
v 1.17402875 2.868353125 -4.81532625
v 1.163175625 2.8594375 -5.0562168750000005
v 1.1860275 2.484593125 -5.870511875
v 1.163175625 2.493085 -5.944656875
v 0.34932937499999994 3.06738375 -5.0562168750000005
v 0.34932937499999994 2.60077375 -6.187790625
v -0.34932937499999994 3.06738375 -5.0562168750000005
v -0.34932937499999994 2.60077375 -6.187790625
v 0.11414875000000002 2.988439375 -5.247664374999999
v -0.11473312499999988 2.988439375 -5.247664374999999
v -0.23262500000000008 2.94760875 -5.346683125
v -0.26022875 2.91482875 -5.4261768749999995
v -0.26195375 2.79061125 -5.72741625
v -0.23435000000000006 2.760706875 -5.799936875
v -0.11760875000000004 2.715275625 -5.9101125
v 0.1158743750000002 2.71700125 -5.90592875
v 0.2331906250000002 2.7612825 -5.7985425
v 0.26366999999999985 2.79118625 -5.726021875
v 0.26079437500000013 2.91597875 -5.4233875000000005
v 0.23261562500000021 2.94933375 -5.342499375
v 0.34932937499999994 3.12149375 -4.812143125
v 0.34932937499999994 3.06738375 -5.0562175
v -0.34932937499999994 3.12149375 -4.812143125
v -0.34932937499999994 3.06738375 -5.0562175
v 0.34932937499999994 3.137850625 -4.4375
v 0.34932937499999994 3.121493125 -4.8121425
v -0.34932937499999994 3.137850625 -4.4375
v -0.34932937499999994 3.121493125 -4.8121425
v 0.031919375000000194 2.634188125 -4.4135875
v -0.031919375000000194 2.634188125 -4.4135875
v 0.035545625000000136 2.442923125 -8.004813125
v -0.035545625000000136 2.442923125 -8.004813125
v 0.035646874999999856 2.41428625 -8.047656875000001
v -0.035646874999999856 2.41428625 -8.047656875000001
v 0.03394937500000017 2.629305625 -6.785774375
v -0.03394937500000017 2.629305625 -6.785774375
v 0.034342500000000165 2.628045625 -7.244329375
v -0.034342500000000165 2.628045625 -7.244329375
v 0.03459562500000013 2.602369375 -7.474611875
v -0.03459562500000013 2.602369375 -7.474611875
v 1.295334375 2.3576268750000002 -7.394788125
v 1.1750875 2.3566275 -7.66019125
v 1.27011125 2.342944375 -7.38382875
v 1.14942125 2.3419443749999997 -7.6492325
v 1.381808125 1.793460625 -7.822568125
v 1.169043125 1.772180625 -8.384755
v 1.407473125 1.808144375 -7.8335275
v 1.194709375 1.78686375 -8.395713125
v 0.10625687500000014 2.3425868750000003 -8.07543375
v 1.0073362499999998 2.3454525 -7.76834
v 0.1124218749999999 2.3642531250000003 -8.091214375
v 1.0135025 2.36711875 -7.784120625
v 0.1144418749999998 1.784916875 -8.93612875
v 1.0349306249999999 1.788081875 -8.536026249999999
v 0.1082774999999998 1.763133125 -8.92103
v 1.02920875 1.766299375 -8.52092875
v 1.309360625 2.35291125 -6.895435
v 1.30109125 2.35291125 -7.214404375
v 1.41293125 1.800501875 -6.893960625
v 1.413215625 1.800501875 -7.21536875
v 1.32481 2.3556356249999997 -6.895435
v 1.316540625 2.3556356249999997 -7.214404375
v 1.428380625 1.80322625 -6.893960625
v 1.428665 1.80322625 -7.21536875
v 1.411733125 1.802285 -7.31274125
v 1.412895 1.805858125 -7.7288625
v 1.4271825 1.805009375 -7.31274125
v 1.428344375 1.8085825 -7.7288625
v 1.438573125 1.76139375 -7.821748125
v 1.299548125 2.4191656249999998 -7.3040125
v 1.301410625 2.4243337499999997 -7.25948
v 1.318116875 2.427055625 -6.59375
v 1.4364475 1.75933125 -7.26372625
v 1.4375 1.750000625 -6.59375
v 1.4364475 1.75933125 -7.26372625
v 1.301410625 2.4243337499999997 -7.25948
v 1.436636875 1.759515 -7.313388125
v 1.316540625 2.3556356249999997 -7.214404375
v 1.32481 2.3556356249999997 -6.895435
v 1.428380625 1.80322625 -6.893960625
v 1.428665 1.80322625 -7.21536875
v 1.4271825 1.805009375 -7.31274125
v 1.42849875 1.8090575 -7.784231875
v 1.312371875 2.357459375 -7.304889375
v 1.312648125 2.357185625 -7.3527975
v 1.428344375 1.8085825 -7.7288625
v 1.27011125 2.342944375 -7.38382875
v 1.381808125 1.793460625 -7.822568125
v 1.295334375 2.3576268750000002 -7.394788125
v 1.407473125 1.808144375 -7.8335275
v 1.1750875 2.3566275 -7.66019125
v 1.194709375 1.78686375 -8.395713125
v 1.14942125 2.3419443749999997 -7.6492325
v 1.169043125 1.772180625 -8.384755
v 0.03801312499999998 1.729401875 -9.037256875
v 0.035646874999999856 2.41428625 -8.047656875000001
v 0.1144418749999998 1.784916875 -8.93612875
v 0.1124218749999999 2.3642531250000003 -8.091214375
v 1.090818125 2.4176425 -7.6877825
v 1.0135025 2.36711875 -7.784120625
v 1.116565625 1.733109375 -8.56864375
v 1.0349306249999999 1.788081875 -8.536026249999999
v 1.15197625 1.73326375 -8.5412625
v 1.127559375 2.417791875 -7.663135
v 1.15197625 1.73326375 -8.5412625
v 1.17984125 1.7334525 -8.495426250000001
v 1.127559375 2.417791875 -7.663135
v 1.156311875 2.4179775 -7.61935
v 1.194709375 1.78686375 -8.395713125
v 1.1750875 2.3566275 -7.66019125
v 1.299548125 2.4191656249999998 -7.3040125
v 1.295334375 2.3576268750000002 -7.394788125
v 1.194709375 1.78686375 -8.395713125
v 1.17984125 1.7334525 -8.495426250000001
v 1.407473125 1.808144375 -7.8335275
v 1.438573125 1.761393125 -7.821748125
v 1.295334375 2.3576268750000002 -7.394788125
v 1.299548125 2.4191656249999998 -7.3040125
v 1.0073362499999998 2.3454525 -7.76834
v 1.02920875 1.766299375 -8.52092875
v 1.0135025 2.36711875 -7.784120625
v 1.0349306249999999 1.788081875 -8.536026249999999
v 0.1124218749999999 2.3642531250000003 -8.091214375
v 0.1144418749999998 1.784916875 -8.93612875
v 0.10625687500000014 2.3425868750000003 -8.07543375
v 0.1082774999999998 1.763133125 -8.92103
v 1.30109125 2.35291125 -7.214404375
v 1.413215625 1.800501875 -7.21536875
v 1.316540625 2.3556356249999997 -7.214404375
v 1.428665 1.80322625 -7.21536875
v 1.2969225 2.354735 -7.304889375
v 1.2969225 2.354735 -7.304889375
v 1.411733125 1.802285 -7.31274125
v 1.412895 1.805858125 -7.7288625
v 1.312371875 2.357459375 -7.304889375
v 1.312371875 2.357459375 -7.304889375
v 1.4271825 1.805009375 -7.31274125
v 1.428344375 1.8085825 -7.7288625
v 0.03801312499999998 1.729401875 -9.037256875
v -0.03801312499999998 1.729401875 -9.037256875
v 0.035646874999999856 2.41428625 -8.047656875000001
v -0.035646874999999856 2.41428625 -8.047656875000001
v 1.4375 1.74931 -6.59375
v 1.4375625 0.4375 -6.59375
v 1.43744875 1.7622775 -7.549164375
v 1.458351875 0.505581875 -7.546156875
v 1.392881875 0.06962499999999999 -7.544381875
v 1.444956875 0.65956375 -8.393165
v 1.391605 0.08146062500000001 -8.395016250000001
v 1.44371 0.659113125 -8.477579375000001
v 1.382271875 -0.012905 -8.479438125
v 1.371816875 -0.013847500000000013 -8.840751874999999
v 1.37087375 -0.028492499999999976 -8.488706875
v 1.3617325 -0.028368125000000022 -8.84501375
v 1.0052937499999999 -0.536569375 -9.02927
v 0.99832125 -0.514296875 -9.165256875
v 1.440245 1.630410625 -8.3757925
v 1.439936875 1.610593125 -8.479469375
v 1.4354525 0.65593 -8.841720625
v 1.35421625 -0.014381874999999988 -9.03751125
v 1.34501 -0.028373749999999975 -9.041058125
v 1.317635625 -0.028281875000000012 -9.23639125
v 0.985189375 -0.49183374999999996 -9.303398125000001
v 0.965459375 -0.46897187500000004 -9.443690625
v 1.446891875 1.51139875 -8.841196875
v 1.43321375 0.651973125 -9.039170625
v 1.326405625 -0.014927499999999982 -9.234989375
v 1.2858625 -0.028305625 -9.431728750000001
v 0.94571125 -0.45147375 -9.55034625
v 1.441125 1.449096875 -9.037054375
v 1.43359 0.64538375 -9.236059375
v 1.293755 -0.015586875 -9.431755625000001
v 1.261528125 -0.028280000000000027 -9.578412499999999
v 0.9259656249999999 -0.434083125 -9.657715625
v 1.42104625 0.636155 -9.43318625
v 1.268981875 -0.015983124999999987 -9.579155
v 1.23719375 -0.028256249999999983 -9.72581375
v 0.8952374999999999 -0.410316875 -9.803028125
v 1.41829125 1.303861875 -9.434453125000001
v 1.402288125 0.625806875 -9.580709375
v 1.24420875 -0.016486875000000012 -9.727269374999999
v 1.1975 -0.028298125000000007 -9.921156875000001
v 0.8557112500000001 -0.38636812499999995 -9.95121
v 1.391269375 1.243445 -9.582398125000001
v 1.38008625 0.615561875 -9.728790625
v 1.204518125 -0.017163749999999978 -9.924042499999999
v 1.152876875 -0.028233750000000002 -10.117215625
v 0.8047456249999998 -0.36223562499999995 -10.0994025
v 1.364688125 1.182714375 -9.730342499999999
v 1.3484475 0.59599375 -9.92622625
v 1.1590175 -0.017732499999999984 -10.120815
v 1.098394375 -0.028266875000000025 -10.312555
v 0.7515731250000002 -0.339966875 -10.236145
v 1.3161975 1.097979375 -9.922595000000001
v 1.296394375 0.5736806249999999 -10.12294625
v 1.1049775 -0.018400625000000004 -10.318299374999999
v 1.043806875 -0.019068750000000023 -10.51506875
v 1.0372218750000002 -0.028302500000000008 -10.50861125
v 0.9657331249999999 -0.01973562499999998 -10.708265
v 0.9591456250000001 -0.028336874999999984 -10.7003775
v 0.8904568749999999 -0.020351249999999987 -10.87500125
v 0.8847462500000001 -0.028523750000000014 -10.86496875
v 0.8153199999999998 -0.020963125000000027 -10.993101875
v 0.8104874999999998 -0.028501249999999978 -10.982354375
v 0.6698418749999999 -0.304763125 -10.45307
v 0.7076312499999999 -0.321391875 -10.350693125
v 1.376545625 -0.028635624999999998 -8.432185624999999
v 1.0064825000000002 -0.5819875000000001 -8.758018125
v 1.4363425 1.3802725 -9.233615
v 0.8806568750000001 0.5201375 -11.075708125
v 0.8982712500000001 0.508041875 -11.073853125
v 0.925236875 0.44641125 -11.06365
v 1.0121518749999998 0.47542 -10.898399375
v 1.091575 0.5021575 -10.713119375
v 0.974479375 0.602851875 -10.904495625
v 1.0515349999999999 0.70423125 -10.71441
v 0.9603593749999999 0.62066625 -10.90384
v 1.123299375 0.808240625 -10.5178975
v 1.038293125 0.7228893750000001 -10.71304
v 1.1104975 0.827106875 -10.517243125
v 1.193303125 0.910790625 -10.31637375
v 1.17918875 0.9277525 -10.32000875
v 1.257604375 1.007119375 -10.119847499999999
v 1.243930625 1.0242925 -10.123481875
v 1.302523125 1.115258125 -9.926229375
v 1.364688125 1.182714375 -9.730342499999999
v 1.351886875 1.20147625 -9.729688750000001
v 1.391269375 1.243445 -9.582398125000001
v 1.37890625 1.262628125 -9.581745
v 1.41829125 1.303861875 -9.434453125000001
v 1.405926875 1.323466875 -9.433085
v 1.4363425 1.3802725 -9.233615
v 1.423109375 1.39754875 -9.237964375
v 1.441125 1.449096875 -9.037054375
v 1.427890625 1.466374375 -9.041405000000001
v 1.446891875 1.51139875 -8.841196875
v 1.4336575 1.52878125 -8.845546875
v 1.427579375 1.62882125 -8.48239125
v 1.428331875 1.648315 -8.382289375
v 1.16439375 0.526811875 -10.51710875
v 1.23281375 0.550513125 -10.320383750000001
v 1.43657875 1.759566875 -7.301214375
v 1.43770875 1.36078375 -7.307660625
v 1.43657875 1.759566875 -7.301214375
v 1.43770875 1.36078375 -7.307660625
v 1.0145775000000001 -0.5606618750000001 -8.966058125
v 1.0052937499999999 -0.536569375 -9.02927
v 1.00805625 -0.5450956250000001 -9.073449375
v 0.99832125 -0.514296875 -9.165256875
v 0.9944968749999998 -0.529448125 -9.207995
v 0.985189375 -0.49183374999999996 -9.303398125000001
v 0.97477875 -0.51350375 -9.344691874999999
v 0.965459375 -0.46897187500000004 -9.443690625
v 0.9546012500000001 -0.501353125 -9.449188125
v 0.94571125 -0.45147375 -9.55034625
v 0.9348624999999999 -0.48920062499999994 -9.552967500000001
v 0.9259656249999999 -0.434083125 -9.657715625
v 0.9037081250000001 -0.472668125 -9.69468375
v 0.8952374999999999 -0.410316875 -9.803028125
v 0.8641937500000001 -0.45594999999999997 -9.838553125
v 0.8557112500000001 -0.38636812499999995 -9.95121
v 0.8123612499999999 -0.439263125 -9.98315
v 0.8047456249999998 -0.36223562499999995 -10.0994025
v 0.7515731250000002 -0.339966875 -10.236145
v 0.75876125 -0.4238075 -10.1162975
v 0.8186606250000001 -0.5020275 -10.017087499999999
v 0.8709212499999999 -0.512835 -9.872506875
v 0.910420625 -0.5235675 -9.7279375
v 0.9420031249999998 -0.5342225 -9.586236249999999
v 0.9621706250000002 -0.5419631250000001 -9.481753125000001
v 0.9823387499999998 -0.54980875 -9.37727
v 1.002485 -0.560084375 -9.24058625
v 1.0155925 -0.570170625 -9.106056875
v 1.0225412500000002 -0.5801700000000001 -8.972963125
v 0.8308343749999998 -0.620623125 -10.057536875
v 0.8835062499999999 -0.6200818749999999 -9.908693125
v 0.9238581250000002 -0.6195706249999999 -9.760576875
v 0.955853125 -0.6190850000000001 -9.614613125
v 0.9760006250000002 -0.618735625 -9.507289375
v 0.9965875 -0.6183825000000001 -9.39925
v 1.0167068750000001 -0.6179406249999999 -9.25902
v 1.0302275 -0.6175174999999999 -9.120225625
v 1.0371506250000002 -0.6171156250000001 -8.9835825
v 0.7763925 -0.6211368749999999 -10.194934374999999
v 0.7650731249999998 -0.492135 -10.150220000000001
v 0.730731875 -0.6215668750000001 -10.310149375
v 0.7198306250000002 -0.48373937499999997 -10.262596875
v 0.6916606249999999 -0.6219481250000001 -10.41319625
v 0.6816193749999999 -0.47634 -10.362087500000001
v 0.6543481249999998 -0.62231875 -10.514095625
v 0.6447275000000001 -0.46914374999999997 -10.460145625
v 0.60823625 -0.622711875 -10.61571875
v 0.599034375 -0.46238187500000005 -10.55606375
v 0.5045293750000002 -0.6233850000000001 -10.7696125
v 0.49705125000000017 -0.45397 -10.690665
v 0.410015 -0.62388 -10.867699375
v 0.40383250000000004 -0.44948437500000005 -10.773025
v 0.2996500000000002 -0.6243762500000001 -10.953638125
v 0.29520750000000007 -0.44605249999999996 -10.84466625
v 0.7143887499999999 -0.41079125000000005 -10.228685625
v 0.67616875 -0.39919375 -10.328186875
v 0.6392674999999999 -0.38790187499999995 -10.425540625
v 0.7076312499999999 -0.321391875 -10.350693125
v 0.6698418749999999 -0.304763125 -10.45307
v 0.6333725000000001 -0.28854562500000003 -10.553298125
v 0.5944443750000001 -0.377458125 -10.51932125
v 0.49288374999999984 -0.36429687499999996 -10.645350625
v 0.40053312499999993 -0.35705937499999996 -10.720564375
v 0.29277750000000013 -0.35161312499999997 -10.78577125
v 0.5885387500000001 -0.27337750000000005 -10.647091875
v 0.4882806249999998 -0.254421875 -10.76669625
v 0.39679687500000016 -0.24391062500000005 -10.835479375
v 1.0064825000000002 -0.5819875000000001 -8.758018125
v 0.8847462500000001 -0.028523750000000014 -10.86496875
v 0.8104874999999998 -0.028501249999999978 -10.982354375
v 0.6698418749999999 -0.304763125 -10.45307
v 0.6333725000000001 -0.28854562500000003 -10.553298125
v 0.5885387500000001 -0.27337750000000005 -10.647091875
v 0.4882806249999998 -0.254421875 -10.76669625
v 0.39679687500000016 -0.24391062500000005 -10.835479375
v 0.2899099999999999 -0.23582000000000003 -10.894254375
v 0.176420625 -0.23159062500000005 -10.93943125
v 0.06204125000000005 -0.23077187499999996 -10.965285625
v 0.39679687500000016 -0.24391062500000005 -10.835479375
v 0.2899099999999999 -0.23582000000000003 -10.894254375
v 0.40053312499999993 -0.35705937499999996 -10.720564375
v 0.29277750000000013 -0.35161312499999997 -10.78577125
v 0.176420625 -0.23159062500000005 -10.93943125
v 0.17841312500000006 -0.34875812500000003 -10.833806875
v 0.1799693750000002 -0.44436624999999996 -10.8969925
v 0.06339249999999996 -0.44418625 -10.9242775
v 0.06271562500000005 -0.34826 -10.860376875
v 0.29520750000000007 -0.44605249999999996 -10.84466625
v 0.7515731250000002 -0.339966875 -10.236145
v 0.1799693750000002 -0.44436624999999996 -10.8969925
v 0.06339249999999996 -0.44418625 -10.9242775
v 0.06477062499999997 -0.6251724999999999 -11.043975625
v 0.1831037499999999 -0.6248175 -11.014544375
v 0.29520750000000007 -0.44605249999999996 -10.84466625
v 0.1799693750000002 -0.44436624999999996 -10.8969925
v 0.1831037499999999 -0.6248175 -11.014544375
v 0.2996500000000002 -0.6243762500000001 -10.953638125
v 1.0285175 -0.6100243750000001 -8.758003125
v 1.03732375 -0.6164775 -8.757619375
v 1.02105875 -0.59826625 -8.758075
v 1.02105875 -0.59826625 -8.758075
v 0.06204125000000005 -0.23077187499999996 -10.965285625
v 0.06271562500000005 -0.34826 -10.860376875
v 0.17841312500000006 -0.34875812500000003 -10.833806875
v 0.176420625 -0.23159062500000005 -10.93943125
v 0.7024431249999998 -0.069943125 -10.995229375
v 0.5463637499999998 -0.11291062500000004 -11.01717875
v 0.4310681249999999 -0.136953125 -11.0320275
v 0.3099850000000002 -0.1482325 -11.062306875
v 0.1869274999999999 -0.15579187500000002 -11.087258125
v 0.06529312500000017 -0.15912187499999997 -11.10380875
v -0.06204125000000005 -0.23077187499999996 -10.965285625
v 0.06204125000000005 -0.23077187499999996 -10.965285625
v 0.06339249999999996 -0.44418625 -10.9242775
v 0.06477062499999997 -0.6251724999999999 -11.043975625
v -0.06339249999999996 -0.44418625 -10.9242775
v -0.06477062499999997 -0.6251724999999999 -11.043975625
v 0.06271562500000005 -0.34826 -10.860376875
v -0.06271562500000005 -0.34826 -10.860376875
v -0.06204125000000005 -0.23077187499999996 -10.965285625
v -0.06271562500000005 -0.34826 -10.860376875
v 0.06271562500000005 -0.34826 -10.860376875
v 0.06204125000000005 -0.23077187499999996 -10.965285625
v -0.06529312500000017 -0.15912187499999997 -11.10380875
v 0.06529312500000017 -0.15912187499999997 -11.10380875
v -1.2953343750000004 2.3576268750000002 -7.394788125
v -1.1750875 2.3566275 -7.66019125
v -1.2701112500000002 2.342944375 -7.38382875
v -1.1494212499999996 2.3419443749999997 -7.6492325
v -1.381808125 1.793460625 -7.822568125
v -1.169043125 1.772180625 -8.384755
v -1.407473125 1.808144375 -7.8335275
v -1.1947093750000004 1.78686375 -8.395713125
v -0.10625687500000014 2.3425868750000003 -8.07543375
v -1.0073362499999998 2.3454525 -7.76834
v -0.1124218749999999 2.3642531250000003 -8.091214375
v -1.0135025000000004 2.36711875 -7.784120625
v -0.1144418749999998 1.784916875 -8.93612875
v -1.0349306250000003 1.788081875 -8.536026249999999
v -0.1082774999999998 1.763133125 -8.92103
v -1.0292087499999996 1.766299375 -8.52092875
v -1.309360625 2.35291125 -6.895435
v -1.3010912499999998 2.35291125 -7.214404375
v -1.4129312499999997 1.800501875 -6.893960625
v -1.4132156250000003 1.800501875 -7.21536875
v -1.3248100000000003 2.3556356249999997 -6.895435
v -1.316540625 2.3556356249999997 -7.214404375
v -1.428380625 1.80322625 -6.893960625
v -1.4286649999999996 1.80322625 -7.21536875
v -1.4117331249999996 1.802285 -7.31274125
v -1.4128949999999998 1.805858125 -7.7288625
v -1.4271824999999998 1.805009375 -7.31274125
v -1.428344375 1.8085825 -7.7288625
v -1.4385731249999996 1.76139375 -7.821748125
v -1.2995481250000003 2.4191656249999998 -7.3040125
v -1.301410625 2.4243337499999997 -7.25948
v -1.3181168750000003 2.427055625 -6.59375
v -1.4364474999999999 1.75933125 -7.26372625
v -1.4375 1.750000625 -6.59375
v -1.4364474999999999 1.75933125 -7.26372625
v -1.301410625 2.4243337499999997 -7.25948
v -1.4366368749999996 1.759515 -7.313388125
v -1.316540625 2.3556356249999997 -7.214404375
v -1.3248100000000003 2.3556356249999997 -6.895435
v -1.428380625 1.80322625 -6.893960625
v -1.4286649999999996 1.80322625 -7.21536875
v -1.4271824999999998 1.805009375 -7.31274125
v -1.4284987500000002 1.8090575 -7.784231875
v -1.3123718750000002 2.357459375 -7.304889375
v -1.312648125 2.357185625 -7.3527975
v -1.428344375 1.8085825 -7.7288625
v -1.2701112500000002 2.342944375 -7.38382875
v -1.381808125 1.793460625 -7.822568125
v -1.2953343750000004 2.3576268750000002 -7.394788125
v -1.407473125 1.808144375 -7.8335275
v -1.1750875 2.3566275 -7.66019125
v -1.1947093750000004 1.78686375 -8.395713125
v -1.1494212499999996 2.3419443749999997 -7.6492325
v -1.169043125 1.772180625 -8.384755
v -0.03801312499999998 1.729401875 -9.037256875
v -0.035646874999999856 2.41428625 -8.047656875000001
v -0.1144418749999998 1.784916875 -8.93612875
v -0.1124218749999999 2.3642531250000003 -8.091214375
v -1.0908181250000002 2.4176425 -7.6877825
v -1.0135025000000004 2.36711875 -7.784120625
v -1.1165656249999998 1.733109375 -8.56864375
v -1.0349306250000003 1.788081875 -8.536026249999999
v -1.1519762499999997 1.73326375 -8.5412625
v -1.1275593749999997 2.417791875 -7.663135
v -1.1519762499999997 1.73326375 -8.5412625
v -1.17984125 1.7334525 -8.495426250000001
v -1.1275593749999997 2.417791875 -7.663135
v -1.156311875 2.4179775 -7.61935
v -1.1947093750000004 1.78686375 -8.395713125
v -1.1750875 2.3566275 -7.66019125
v -1.2995481250000003 2.4191656249999998 -7.3040125
v -1.2953343750000004 2.3576268750000002 -7.394788125
v -1.1947093750000004 1.78686375 -8.395713125
v -1.17984125 1.7334525 -8.495426250000001
v -1.407473125 1.808144375 -7.8335275
v -1.4385731249999996 1.761393125 -7.821748125
v -1.2953343750000004 2.3576268750000002 -7.394788125
v -1.2995481250000003 2.4191656249999998 -7.3040125
v -1.0073362499999998 2.3454525 -7.76834
v -1.0292087499999996 1.766299375 -8.52092875
v -1.0135025000000004 2.36711875 -7.784120625
v -1.0349306250000003 1.788081875 -8.536026249999999
v -0.1124218749999999 2.3642531250000003 -8.091214375
v -0.1144418749999998 1.784916875 -8.93612875
v -0.10625687500000014 2.3425868750000003 -8.07543375
v -0.1082774999999998 1.763133125 -8.92103
v -1.3010912499999998 2.35291125 -7.214404375
v -1.4132156250000003 1.800501875 -7.21536875
v -1.316540625 2.3556356249999997 -7.214404375
v -1.4286649999999996 1.80322625 -7.21536875
v -1.2969225 2.354735 -7.304889375
v -1.2969225 2.354735 -7.304889375
v -1.4117331249999996 1.802285 -7.31274125
v -1.4128949999999998 1.805858125 -7.7288625
v -1.3123718750000002 2.357459375 -7.304889375
v -1.3123718750000002 2.357459375 -7.304889375
v -1.4271824999999998 1.805009375 -7.31274125
v -1.428344375 1.8085825 -7.7288625
v -1.109870625 2.4460474999999997 -7.633181875
v -1.1275593749999997 2.417791875 -7.663135
v -1.1399475 2.446221875 -7.59440375
v -1.156311875 2.4179775 -7.61935
v -1.2924431250000001 2.448079375 -7.303381875
v -1.2995481250000003 2.4191656249999998 -7.3040125
v -1.314215625 2.450981875 -6.58901625
v -1.3181168750000003 2.427055625 -6.59375
v -0.031919375000000194 2.634188125 -4.4135875
v -0.03394937500000017 2.629305625 -6.785774375
v -0.9657324999999997 2.555313125 -4.46875
v -0.9866943749999999 2.56050625 -6.78405375
v -1.314215625 2.450981875 -6.58901625
v -0.9879674999999999 2.55914625 -7.2426075
v -1.2924431250000001 2.448079375 -7.303381875
v -1.0013174999999999 2.5448925 -7.38134
v -1.1399475 2.446221875 -7.59440375
v -1.109870625 2.4460474999999997 -7.633181875
v -0.034342500000000165 2.628045625 -7.244329375
v -0.03459562500000013 2.602369375 -7.474611875
v -0.035545625000000136 2.442923125 -8.004813125
v -0.035646874999999856 2.41428625 -8.047656875000001
v -1.1275593749999997 2.417791875 -7.663135
v -1.0908181250000002 2.4176425 -7.6877825
v -1.0790825000000002 2.4459581249999998 -7.643831875
v -1.3181168750000003 2.427055625 -6.59375
v -1.3181168750000003 2.427055625 -4.46875
v -0.9657324999999997 2.555313125 -4.46875
v -1.314215625 2.450981875 -6.58901625
v -1.163175625 2.9135475 -4.812143125
v -1.174029375 2.868353125 -4.815326875
v -1.163175625 2.92990375 -4.4375
v -1.174029375 2.868353125 -4.4375
v -1.0828268750000003 3.0093025 -4.812143125
v -1.163175625 2.913546875 -4.812143125
v -1.0828268750000003 3.02565875 -4.4375
v -1.163175625 2.92990375 -4.4375
v -0.9719506249999998 3.06702125 -4.812143125
v -1.0828268750000003 3.0093025 -4.812143125
v -0.9719506249999998 3.0833775 -4.4375
v -1.0828274999999996 3.025659375 -4.4375
v -1.1740287499999997 2.868353125 -4.4375
v -1.25 2.4375 -4.4375
v -1.1740287499999997 2.868353125 -4.815326875
v -1.18605625 2.4836775 -5.87303
v -1.0828268750000003 2.9551925 -5.0562168750000005
v -1.163175625 2.8594375 -5.0562168750000005
v -1.0828268750000003 2.521331875 -6.10837
v -1.163175625 2.49227375 -5.946625
v -0.9719506249999998 3.01291125 -5.0562168750000005
v -1.0828268750000003 2.9551925 -5.0562168750000005
v -1.0828268750000003 2.520961875 -6.1092675
v -0.9719506249999998 2.558091875 -6.159196875
v -0.34932937499999994 3.06738375 -5.0562168750000005
v -0.34932937499999994 2.60077375 -6.187790625
v -0.9719506249999998 3.01291125 -5.0562168750000005
v -0.9719506249999998 2.556074375 -6.164089375
v -1.0828268750000003 3.0093025 -4.812143125
v -1.0828268750000003 2.9551925 -5.0562175
v -1.163175625 2.9135475 -4.812143125
v -1.163175625 2.8594375 -5.0562168750000005
v -0.9719506249999998 3.06702125 -4.812143125
v -0.9719506249999998 3.01291125 -5.0562175
v -1.0828268750000003 3.0093025 -4.812143125
v -1.0828268750000003 2.9551925 -5.0562168750000005
v -0.34932937499999994 3.12149375 -4.812143125
v -0.34932937499999994 3.06738375 -5.0562175
v -0.9719506249999998 3.06702125 -4.812143125
v -0.9719506249999998 3.01291125 -5.0562175
v -0.34932937499999994 3.137850625 -4.4375
v -0.34932937499999994 3.121493125 -4.8121425
v -0.9719506249999998 3.083378125 -4.4375
v -0.9719506249999998 3.067020625 -4.812143125
v -1.163175625 2.9135475 -4.812143125
v -1.1740287499999997 2.868353125 -4.81532625
v -1.163175625 2.8594375 -5.0562168750000005
v -1.1860274999999998 2.484593125 -5.870511875
v -1.163175625 2.493085 -5.944656875
v -1.4375 1.74931 -6.59375
v -1.4375625000000003 0.4375 -6.59375
v -1.4374487499999997 1.7622775 -7.549164375
v -1.458351875 0.505581875 -7.546156875
v -1.3928818749999996 0.06962499999999999 -7.544381875
v -1.444956875 0.65956375 -8.393165
v -1.3916050000000002 0.08146062500000001 -8.395016250000001
v -1.4437100000000003 0.659113125 -8.477579375000001
v -1.3822718749999998 -0.012905 -8.479438125
v -1.3718168750000004 -0.013847500000000013 -8.840751874999999
v -1.3708737500000003 -0.028492499999999976 -8.488706875
v -1.3617324999999996 -0.028368125000000022 -8.84501375
v -1.0052937499999999 -0.536569375 -9.02927
v -0.99832125 -0.514296875 -9.165256875
v -1.440245 1.630410625 -8.3757925
v -1.439936875 1.610593125 -8.479469375
v -1.4354525000000002 0.65593 -8.841720625
v -1.3542162500000003 -0.014381874999999988 -9.03751125
v -1.3450100000000003 -0.028373749999999975 -9.041058125
v -1.3176356250000003 -0.028281875000000012 -9.23639125
v -0.985189375 -0.49183374999999996 -9.303398125000001
v -0.965459375 -0.46897187500000004 -9.443690625
v -1.4468918750000004 1.51139875 -8.841196875
v -1.4332137500000002 0.651973125 -9.039170625
v -1.3264056249999996 -0.014927499999999982 -9.234989375
v -1.2858625000000004 -0.028305625 -9.431728750000001
v -0.9457112499999996 -0.45147375 -9.55034625
v -1.4411250000000004 1.449096875 -9.037054375
v -1.4335899999999997 0.64538375 -9.236059375
v -1.293755 -0.015586875 -9.431755625000001
v -1.261528125 -0.028280000000000027 -9.578412499999999
v -0.9259656249999999 -0.434083125 -9.657715625
v -1.4210462499999998 0.636155 -9.43318625
v -1.2689818749999997 -0.015983124999999987 -9.579155
v -1.2371937500000003 -0.028256249999999983 -9.72581375
v -0.8952374999999999 -0.410316875 -9.803028125
v -1.4182912500000002 1.303861875 -9.434453125000001
v -1.402288125 0.625806875 -9.580709375
v -1.2442087500000003 -0.016486875000000012 -9.727269374999999
v -1.1974999999999998 -0.028298125000000007 -9.921156875000001
v -0.8557112500000001 -0.38636812499999995 -9.95121
v -1.3912693750000003 1.243445 -9.582398125000001
v -1.3800862499999997 0.615561875 -9.728790625
v -1.2045181249999999 -0.017163749999999978 -9.924042499999999
v -1.1528768749999996 -0.028233750000000002 -10.117215625
v -0.8047456249999998 -0.36223562499999995 -10.0994025
v -1.3646881249999998 1.182714375 -9.730342499999999
v -1.3484474999999998 0.59599375 -9.92622625
v -1.1590175 -0.017732499999999984 -10.120815
v -1.0983943749999998 -0.028266875000000025 -10.312555
v -0.7515731250000002 -0.339966875 -10.236145
v -1.3161975000000004 1.097979375 -9.922595000000001
v -1.2963943750000002 0.5736806249999999 -10.12294625
v -1.1049775000000004 -0.018400625000000004 -10.318299374999999
v -1.0438068749999996 -0.019068750000000023 -10.51506875
v -0.9657331249999999 -0.01973562499999998 -10.708265
v -0.9591456249999997 -0.028336874999999984 -10.7003775
v -0.8904568749999999 -0.020351249999999987 -10.87500125
v -0.8847462500000001 -0.028523750000000014 -10.86496875
v -0.8153199999999998 -0.020963125000000027 -10.993101875
v -0.8104874999999998 -0.028501249999999978 -10.982354375
v -0.6698418749999999 -0.304763125 -10.45307
v -0.7076312499999999 -0.321391875 -10.350693125
v -1.3765456250000003 -0.028635624999999998 -8.432185624999999
v -1.0064824999999997 -0.5819875000000001 -8.758018125
v -1.4363425000000003 1.3802725 -9.233615
v -0.8806568750000001 0.5201375 -11.075708125
v -0.8982712500000001 0.508041875 -11.073853125
v -0.925236875 0.44641125 -11.06365
v -1.0121518749999998 0.47542 -10.898399375
v -1.0915749999999997 0.5021575 -10.713119375
v -0.9744793749999996 0.602851875 -10.904495625
v -1.0515350000000003 0.70423125 -10.71441
v -0.9603593750000003 0.62066625 -10.90384
v -1.1232993750000002 0.808240625 -10.5178975
v -1.038293125 0.7228893750000001 -10.71304
v -1.1104975000000001 0.827106875 -10.517243125
v -1.193303125 0.910790625 -10.31637375
v -1.1791887499999998 0.9277525 -10.32000875
v -1.2576043749999997 1.007119375 -10.119847499999999
v -1.243930625 1.0242925 -10.123481875
v -1.3025231249999996 1.115258125 -9.926229375
v -1.3646881249999998 1.182714375 -9.730342499999999
v -1.351886875 1.20147625 -9.729688750000001
v -1.3912693750000003 1.243445 -9.582398125000001
v -1.37890625 1.262628125 -9.581745
v -1.4182912500000002 1.303861875 -9.434453125000001
v -1.4059268749999996 1.323466875 -9.433085
v -1.4363425000000003 1.3802725 -9.233615
v -1.4231093750000001 1.39754875 -9.237964375
v -1.4411250000000004 1.449096875 -9.037054375
v -1.4278906249999999 1.466374375 -9.041405000000001
v -1.4468918750000004 1.51139875 -8.841196875
v -1.4336574999999998 1.52878125 -8.845546875
v -1.4275793749999997 1.62882125 -8.48239125
v -1.4283318749999996 1.648315 -8.382289375
v -1.1643937500000003 0.526811875 -10.51710875
v -1.23281375 0.550513125 -10.320383750000001
v -1.4365787499999998 1.759566875 -7.301214375
v -1.4377087499999996 1.36078375 -7.307660625
v -1.4365787499999998 1.759566875 -7.301214375
v -1.4377087499999996 1.36078375 -7.307660625
v -1.0915749999999997 0.5021575 -10.713119375
v -0.8904568749999999 -0.020351249999999987 -10.87500125
v -0.9657331249999999 -0.01973562499999998 -10.708265
v -1.0121518749999998 0.47542 -10.898399375
v -1.3718168750000004 -0.013847500000000013 -8.840751874999999
v -1.4354525000000002 0.65593 -8.841720625
v -1.3542162500000003 -0.014381874999999988 -9.03751125
v -1.4332137500000002 0.651973125 -9.039170625
v -1.3264056249999996 -0.014927499999999982 -9.234989375
v -1.4335899999999997 0.64538375 -9.236059375
v -1.293755 -0.015586875 -9.431755625000001
v -1.4210462499999998 0.636155 -9.43318625
v -1.2689818749999997 -0.015983124999999987 -9.579155
v -1.402288125 0.625806875 -9.580709375
v -1.2442087500000003 -0.016486875000000012 -9.727269374999999
v -1.3800862499999997 0.615561875 -9.728790625
v -1.2045181249999999 -0.017163749999999978 -9.924042499999999
v -1.3484474999999998 0.59599375 -9.92622625
v -1.1590175 -0.017732499999999984 -10.120815
v -1.2963943750000002 0.5736806249999999 -10.12294625
v -1.1049775000000004 -0.018400625000000004 -10.318299374999999
v -1.0438068749999996 -0.019068750000000023 -10.51506875
v -0.9657331249999999 -0.01973562499999998 -10.708265
v -0.925236875 0.44641125 -11.06365
v -1.0121518749999998 0.47542 -10.898399375
v -0.8153199999999998 -0.020963125000000027 -10.993101875
v -0.8904568749999999 -0.020351249999999987 -10.87500125
v -1.0915749999999997 0.5021575 -10.713119375
v -1.1643937500000003 0.526811875 -10.51710875
v -1.23281375 0.550513125 -10.320383750000001
v -1.3928818749999996 0.06962499999999999 -7.544381875
v -1.437561875 0.43748875 -6.59375
v -1.4375625000000003 0.4375 -6.59375
v -1.458351875 0.505581875 -7.546156875
v -1.3928818749999996 0.06962499999999999 -7.544381875
v -1.3724437500000004 0.06818625 -6.59375
v -1.0145774999999997 -0.5606618750000001 -8.966058125
v -1.0052937499999999 -0.536569375 -9.02927
v -1.00805625 -0.5450956250000001 -9.073449375
v -0.99832125 -0.514296875 -9.165256875
v -0.9944968750000003 -0.529448125 -9.207995
v -0.985189375 -0.49183374999999996 -9.303398125000001
v -0.9747787499999996 -0.51350375 -9.344691874999999
v -0.965459375 -0.46897187500000004 -9.443690625
v -0.9546012499999996 -0.501353125 -9.449188125
v -0.9457112499999996 -0.45147375 -9.55034625
v -0.9348624999999999 -0.48920062499999994 -9.552967500000001
v -0.9259656249999999 -0.434083125 -9.657715625
v -0.9037081250000001 -0.472668125 -9.69468375
v -0.8952374999999999 -0.410316875 -9.803028125
v -0.8641937500000001 -0.45594999999999997 -9.838553125
v -0.8557112500000001 -0.38636812499999995 -9.95121
v -0.8123612499999999 -0.439263125 -9.98315
v -0.8047456249999998 -0.36223562499999995 -10.0994025
v -0.7515731250000002 -0.339966875 -10.236145
v -0.75876125 -0.4238075 -10.1162975
v -0.8186606250000001 -0.5020275 -10.017087499999999
v -0.8709212499999999 -0.512835 -9.872506875
v -0.910420625 -0.5235675 -9.7279375
v -0.9420031250000003 -0.5342225 -9.586236249999999
v -0.9621706249999997 -0.5419631250000001 -9.481753125000001
v -0.9823387500000003 -0.54980875 -9.37727
v -1.002485 -0.560084375 -9.24058625
v -1.0155925000000003 -0.570170625 -9.106056875
v -1.0225412499999997 -0.5801700000000001 -8.972963125
v -0.8308343749999998 -0.620623125 -10.057536875
v -0.8835062499999999 -0.6200818749999999 -9.908693125
v -0.9238581250000002 -0.6195706249999999 -9.760576875
v -0.955853125 -0.6190850000000001 -9.614613125
v -0.9760006250000002 -0.618735625 -9.507289375
v -0.9965875000000004 -0.6183825000000001 -9.39925
v -1.0167068749999997 -0.6179406249999999 -9.25902
v -1.0302274999999996 -0.6175174999999999 -9.120225625
v -1.0371506249999998 -0.6171156250000001 -8.9835825
v -0.7763925 -0.6211368749999999 -10.194934374999999
v -0.7650731249999998 -0.492135 -10.150220000000001
v -0.730731875 -0.6215668750000001 -10.310149375
v -0.7198306250000002 -0.48373937499999997 -10.262596875
v -0.6916606249999999 -0.6219481250000001 -10.41319625
v -0.6816193749999999 -0.47634 -10.362087500000001
v -0.6543481249999998 -0.62231875 -10.514095625
v -0.6447275000000001 -0.46914374999999997 -10.460145625
v -0.60823625 -0.622711875 -10.61571875
v -0.599034375 -0.46238187500000005 -10.55606375
v -0.5045293750000002 -0.6233850000000001 -10.7696125
v -0.49705125000000017 -0.45397 -10.690665
v -0.410015 -0.62388 -10.867699375
v -0.40383250000000004 -0.44948437500000005 -10.773025
v -0.2996500000000002 -0.6243762500000001 -10.953638125
v -0.29520750000000007 -0.44605249999999996 -10.84466625
v -0.7143887499999999 -0.41079125000000005 -10.228685625
v -0.67616875 -0.39919375 -10.328186875
v -0.6392674999999999 -0.38790187499999995 -10.425540625
v -0.7076312499999999 -0.321391875 -10.350693125
v -0.6698418749999999 -0.304763125 -10.45307
v -0.6333725000000001 -0.28854562500000003 -10.553298125
v -0.5944443750000001 -0.377458125 -10.51932125
v -0.49288374999999984 -0.36429687499999996 -10.645350625
v -0.40053312499999993 -0.35705937499999996 -10.720564375
v -0.29277750000000013 -0.35161312499999997 -10.78577125
v -0.5885387500000001 -0.27337750000000005 -10.647091875
v -0.4882806249999998 -0.254421875 -10.76669625
v -0.39679687500000016 -0.24391062500000005 -10.835479375
v -1.0064824999999997 -0.5819875000000001 -8.758018125
v -0.8847462500000001 -0.028523750000000014 -10.86496875
v -0.8104874999999998 -0.028501249999999978 -10.982354375
v -0.6698418749999999 -0.304763125 -10.45307
v -0.6333725000000001 -0.28854562500000003 -10.553298125
v -0.5885387500000001 -0.27337750000000005 -10.647091875
v -0.4882806249999998 -0.254421875 -10.76669625
v -0.39679687500000016 -0.24391062500000005 -10.835479375
v -0.2899099999999999 -0.23582000000000003 -10.894254375
v -0.176420625 -0.23159062500000005 -10.93943125
v -0.06204125000000005 -0.23077187499999996 -10.965285625
v -0.39679687500000016 -0.24391062500000005 -10.835479375
v -0.2899099999999999 -0.23582000000000003 -10.894254375
v -0.40053312499999993 -0.35705937499999996 -10.720564375
v -0.29277750000000013 -0.35161312499999997 -10.78577125
v -0.176420625 -0.23159062500000005 -10.93943125
v -0.17841312500000006 -0.34875812500000003 -10.833806875
v -0.1799693750000002 -0.44436624999999996 -10.8969925
v -0.06339249999999996 -0.44418625 -10.9242775
v -0.06271562500000005 -0.34826 -10.860376875
v -0.29520750000000007 -0.44605249999999996 -10.84466625
v -0.7515731250000002 -0.339966875 -10.236145
v -0.1799693750000002 -0.44436624999999996 -10.8969925
v -0.06339249999999996 -0.44418625 -10.9242775
v -0.06477062499999997 -0.6251724999999999 -11.043975625
v -0.1831037499999999 -0.6248175 -11.014544375
v -0.29520750000000007 -0.44605249999999996 -10.84466625
v -0.1799693750000002 -0.44436624999999996 -10.8969925
v -0.1831037499999999 -0.6248175 -11.014544375
v -0.2996500000000002 -0.6243762500000001 -10.953638125
v -1.0285175000000004 -0.6100243750000001 -8.758003125
v -1.0373237499999997 -0.6164775 -8.757619375
v -1.02105875 -0.59826625 -8.758075
v -1.02105875 -0.59826625 -8.758075
v -0.06204125000000005 -0.23077187499999996 -10.965285625
v -0.06271562500000005 -0.34826 -10.860376875
v -0.17841312500000006 -0.34875812500000003 -10.833806875
v -0.176420625 -0.23159062500000005 -10.93943125
v -0.7024431249999998 -0.069943125 -10.995229375
v -0.5463637499999998 -0.11291062500000004 -11.01717875
v -0.4310681249999999 -0.136953125 -11.0320275
v -0.3099850000000002 -0.1482325 -11.062306875
v -0.1869274999999999 -0.15579187500000002 -11.087258125
v -0.06529312500000017 -0.15912187499999997 -11.10380875
v 1.392881875 0.06962499999999999 -7.544381875
v 1.437561875 0.43748875 -6.59375
v 1.4375625 0.4375 -6.59375
v 1.458351875 0.505581875 -7.546156875
v 1.392881875 0.06962499999999999 -7.544381875
v 1.37244375 0.06818625 -6.59375
v 1.091575 0.5021575 -10.713119375
v 0.8904568749999999 -0.020351249999999987 -10.87500125
v 0.9657331249999999 -0.01973562499999998 -10.708265
v 1.0121518749999998 0.47542 -10.898399375
v 1.371816875 -0.013847500000000013 -8.840751874999999
v 1.4354525 0.65593 -8.841720625
v 1.35421625 -0.014381874999999988 -9.03751125
v 1.43321375 0.651973125 -9.039170625
v 1.326405625 -0.014927499999999982 -9.234989375
v 1.43359 0.64538375 -9.236059375
v 1.293755 -0.015586875 -9.431755625000001
v 1.42104625 0.636155 -9.43318625
v 1.268981875 -0.015983124999999987 -9.579155
v 1.402288125 0.625806875 -9.580709375
v 1.24420875 -0.016486875000000012 -9.727269374999999
v 1.38008625 0.615561875 -9.728790625
v 1.204518125 -0.017163749999999978 -9.924042499999999
v 1.3484475 0.59599375 -9.92622625
v 1.1590175 -0.017732499999999984 -10.120815
v 1.296394375 0.5736806249999999 -10.12294625
v 1.1049775 -0.018400625000000004 -10.318299374999999
v 1.043806875 -0.019068750000000023 -10.51506875
v 0.9657331249999999 -0.01973562499999998 -10.708265
v 0.925236875 0.44641125 -11.06365
v 1.0121518749999998 0.47542 -10.898399375
v 0.8153199999999998 -0.020963125000000027 -10.993101875
v 0.8904568749999999 -0.020351249999999987 -10.87500125
v 1.091575 0.5021575 -10.713119375
v 1.16439375 0.526811875 -10.51710875
v 1.23281375 0.550513125 -10.320383750000001
v -1.4375625000000003 0.4375 -6.59375
v -1.4374487499999997 1.7622775 -7.549164375
v -1.458351875 0.505581875 -7.546156875
v -1.444956875 0.65956375 -8.393165
v -1.4358456249999998 1.762485 -7.73445
v -1.440245 1.630410625 -8.3757925
v -1.4377087499999996 1.36078375 -7.307660625
v -1.4377087499999996 1.36078375 -7.307660625
v 1.4375625 0.4375 -6.59375
v 1.43744875 1.7622775 -7.549164375
v 1.458351875 0.505581875 -7.546156875
v 1.444956875 0.65956375 -8.393165
v 1.435845625 1.762485 -7.73445
v 1.440245 1.630410625 -8.3757925
v 1.43770875 1.36078375 -7.307660625
v 1.43770875 1.36078375 -7.307660625
v -0.9603593750000003 0.62066625 -10.90384
v -0.785965 0.6972725 -10.917786875
v -0.6226212499999999 0.7502893749999999 -10.93023
v -0.4620868749999998 0.7485675 -11.00047
v -0.3310081249999999 0.747196875 -11.0442175
v -0.3054674999999998 0.755023125 -11.03996875
v -0.2886812499999998 0.775315625 -11.0142825
v -0.8806568750000001 0.5201375 -11.075708125
v -0.29259187499999983 0.692616875 -11.13293125
v -0.27730187500000003 0.694751875 -11.1331575
v -0.7506893749999999 0.58667375 -11.087625625
v -0.5983225000000001 0.634991875 -11.103028125
v -0.44611 0.668736875 -11.119755625
v -0.3461106250000001 0.684394375 -11.12923875
v 0.9603593749999999 0.62066625 -10.90384
v 0.785965 0.6972725 -10.917786875
v 0.6226212499999999 0.7502893749999999 -10.93023
v 0.4620868749999998 0.7485675 -11.00047
v 0.3310081249999999 0.747196875 -11.0442175
v 0.3054674999999998 0.755023125 -11.03996875
v 0.2886812499999998 0.775315625 -11.0142825
v 0.8806568750000001 0.5201375 -11.075708125
v 0.29259187499999983 0.692616875 -11.13293125
v 0.27730187500000003 0.694751875 -11.1331575
v 0.7506893749999999 0.58667375 -11.087625625
v 0.5983225000000001 0.634991875 -11.103028125
v 0.44611 0.668736875 -11.119755625
v 0.3461106250000001 0.684394375 -11.12923875
v -0.2886812499999998 0.775315625 -11.0142825
v -0.09797000000000011 0.839086875 -10.95094875
v -0.2881231249999998 0.9341999999999999 -10.7671875
v -0.10538250000000016 0.98135625 -10.720254375
v -0.30474250000000014 0.9616675 -10.718600625
v -0.2886812499999998 0.775315625 -11.0142825
v -0.09797000000000011 0.839086875 -10.95094875
v -0.27730187500000003 0.694751875 -11.1331575
v -0.0931112500000002 0.7103725 -11.139005
v 0.2886812499999998 0.775315625 -11.0142825
v 0.09797000000000011 0.839086875 -10.95094875
v 0.2881231249999998 0.9341999999999999 -10.7671875
v 0.10538250000000016 0.98135625 -10.720254375
v 0.30474250000000014 0.9616675 -10.718600625
v 0.2886812499999998 0.775315625 -11.0142825
v 0.09797000000000011 0.839086875 -10.95094875
v 0.27730187500000003 0.694751875 -11.1331575
v 0.0931112500000002 0.7103725 -11.139005
v -0.1119993749999999 1.09646 -10.519535625
v -0.330723125 1.0753412500000001 -10.519291875
v -0.10538250000000016 0.98135625 -10.720254375
v -0.30474250000000014 0.9616675 -10.718600625
v 0.1119993749999999 1.09646 -10.519535625
v 0.330723125 1.0753412500000001 -10.519291875
v 0.10538250000000016 0.98135625 -10.720254375
v 0.30474250000000014 0.9616675 -10.718600625
v 0.1354668750000001 1.521489375 -9.716564375
v 0.13869312500000008 1.590410625 -9.548631875
v -0.1354668750000001 1.521489375 -9.716564375
v -0.13869312500000008 1.590410625 -9.548631875
v 0.8125 0.8625 -10.40625
v 0.7831931249999999 0.753125 -10.40625
v 0.7831931249999999 0.753125 -10.375
v 0.7324318750000001 0.782431875 -10.40625
v 0.7324318750000001 0.782431875 -10.375
v 0.703125 0.833193125 -10.40625
v 0.703125 0.833193125 -10.375
v 0.703125 0.891806875 -10.40625
v 0.703125 0.891806875 -10.375
v 0.7324318750000001 0.942568125 -10.40625
v 0.7324318750000001 0.942568125 -10.375
v 0.7831931249999999 0.971875 -10.40625
v 0.7831931249999999 0.971875 -10.375
v 0.8418068750000001 0.971875 -10.40625
v 0.8418068750000001 0.971875 -10.375
v 0.8925681249999999 0.942568125 -10.40625
v 0.8925681249999999 0.942568125 -10.375
v 0.921875 0.891806875 -10.40625
v 0.921875 0.891806875 -10.375
v 0.921875 0.833193125 -10.40625
v 0.921875 0.833193125 -10.375
v 0.8925681249999999 0.782431875 -10.40625
v 0.8925681249999999 0.782431875 -10.375
v 0.8418068750000001 0.753125 -10.40625
v 0.8418068750000001 0.753125 -10.375
v 0.5625 0.8625 -10.51875
v 0.5331931249999999 0.753125 -10.51875
v 0.5331931249999999 0.753125 -10.375
v 0.48243187500000007 0.782431875 -10.51875
v 0.48243187500000007 0.782431875 -10.375
v 0.453125 0.833193125 -10.51875
v 0.453125 0.833193125 -10.375
v 0.453125 0.891806875 -10.51875
v 0.453125 0.891806875 -10.375
v 0.48243187500000007 0.942568125 -10.51875
v 0.48243187500000007 0.942568125 -10.375
v 0.5331931249999999 0.971875 -10.51875
v 0.5331931249999999 0.971875 -10.375
v 0.5918068750000001 0.971875 -10.51875
v 0.5918068750000001 0.971875 -10.375
v 0.6425681249999999 0.942568125 -10.51875
v 0.6425681249999999 0.942568125 -10.375
v 0.671875 0.891806875 -10.51875
v 0.671875 0.891806875 -10.375
v 0.671875 0.833193125 -10.51875
v 0.671875 0.833193125 -10.375
v 0.6425681249999999 0.782431875 -10.51875
v 0.6425681249999999 0.782431875 -10.375
v 0.5918068750000001 0.753125 -10.51875
v 0.5918068750000001 0.753125 -10.375
v -0.8125 0.8625 -10.40625
v -0.7831931249999999 0.753125 -10.40625
v -0.7831931249999999 0.753125 -10.375
v -0.7324318750000001 0.782431875 -10.40625
v -0.7324318750000001 0.782431875 -10.375
v -0.703125 0.833193125 -10.40625
v -0.703125 0.833193125 -10.375
v -0.703125 0.891806875 -10.40625
v -0.703125 0.891806875 -10.375
v -0.7324318750000001 0.942568125 -10.40625
v -0.7324318750000001 0.942568125 -10.375
v -0.7831931249999999 0.971875 -10.40625
v -0.7831931249999999 0.971875 -10.375
v -0.8418068750000001 0.971875 -10.40625
v -0.8418068750000001 0.971875 -10.375
v -0.8925681249999999 0.942568125 -10.40625
v -0.8925681249999999 0.942568125 -10.375
v -0.921875 0.891806875 -10.40625
v -0.921875 0.891806875 -10.375
v -0.921875 0.833193125 -10.40625
v -0.921875 0.833193125 -10.375
v -0.8925681249999999 0.782431875 -10.40625
v -0.8925681249999999 0.782431875 -10.375
v -0.8418068750000001 0.753125 -10.40625
v -0.8418068750000001 0.753125 -10.375
v -0.5625 0.8625 -10.51875
v -0.5331931249999999 0.753125 -10.51875
v -0.5331931249999999 0.753125 -10.375
v -0.48243187500000007 0.782431875 -10.51875
v -0.48243187500000007 0.782431875 -10.375
v -0.453125 0.833193125 -10.51875
v -0.453125 0.833193125 -10.375
v -0.453125 0.891806875 -10.51875
v -0.453125 0.891806875 -10.375
v -0.48243187500000007 0.942568125 -10.51875
v -0.48243187500000007 0.942568125 -10.375
v -0.5331931249999999 0.971875 -10.51875
v -0.5331931249999999 0.971875 -10.375
v -0.5918068750000001 0.971875 -10.51875
v -0.5918068750000001 0.971875 -10.375
v -0.6425681249999999 0.942568125 -10.51875
v -0.6425681249999999 0.942568125 -10.375
v -0.671875 0.891806875 -10.51875
v -0.671875 0.891806875 -10.375
v -0.671875 0.833193125 -10.51875
v -0.671875 0.833193125 -10.375
v -0.6425681249999999 0.782431875 -10.51875
v -0.6425681249999999 0.782431875 -10.375
v -0.5918068750000001 0.753125 -10.51875
v -0.5918068750000001 0.753125 -10.375
v -1.44996 0.709113125 -8.29007875
v -1.4461868750000004 1.1293431250000001 -8.291968749999999
v -1.4417024999999999 0.70593 -8.98547
v -1.4468918750000004 1.1363987500000001 -8.98494625
v 1.44996 0.709113125 -8.29007875
v 1.446186875 1.1293431250000001 -8.291968749999999
v 1.4417025 0.70593 -8.98547
v 1.446891875 1.1363987500000001 -8.98494625
v 0.1119993749999999 1.10271 -10.519535625
v -0.1119993749999999 1.10271 -10.519535625
v -0.10538250000000016 0.98760625 -10.720254375
v 0.10538250000000016 0.98760625 -10.720254375
v -0.1119993749999999 1.10271 -10.519535625
v -0.330723125 1.08159125 -10.519291875
v -0.10538250000000016 0.98760625 -10.720254375
v -0.30474250000000014 0.9679175 -10.718600625
v 0.1119993749999999 1.10271 -10.519535625
v 0.330723125 1.08159125 -10.519291875
v 0.10538250000000016 0.98760625 -10.720254375
v 0.30474250000000014 0.9679175 -10.718600625
vt 0.7979554166666667 0.40476190476190477
vt 0.7979554166666667 0.3881282142857143
vt 0.811710119047619 0.38794065476190476
vt 0.812163630952381 0.4045681547619048
vt 0.3219910714285714 0.5654761904761905
vt 0.31566011904761904 0.5476190476190477
vt 0.3420779761904762 0.5476190476190477
vt 0.3357470238095238 0.5654761904761905
vt 0.7103113095238095 0.8988095238095238
vt 0.7108184523809524 0.9226190476190477
vt 0.685014880952381 0.9226190476190477
vt 0.6855214285714285 0.8988095238095238
vt 0.6018758928571428 0.27976190476190477
vt 0.6024247023809524 0.3035714285714286
vt 0.5776348214285714 0.3035714285714286
vt 0.5781842261904762 0.27976190476190477
vt 0.7315363095238095 0.40476190476190477
vt 0.7320839285714286 0.4285714285714286
vt 0.7083922619047619 0.4285714285714286
vt 0.7089398809523809 0.40476190476190477
vt 0.7428095238095238 0.6964285714285714
vt 0.7434410714285714 0.7202380952380952
vt 0.7208446428571429 0.7202380952380952
vt 0.7214761904761905 0.6964285714285714
vt 0.7445242261904762 0.8986577976190476
vt 0.7451545833333333 0.8766215476190476
vt 0.7652272023809523 0.8766215476190476
vt 0.7658575595238096 0.8986578571428572
vt 0.7630505952380953 0.5592261904761905
vt 0.7637565476190477 0.5830357142857143
vt 0.7436839285714286 0.5830357142857143
vt 0.744389880952381 0.5592261904761905
vt 0.6372107142857143 0.22023809523809523
vt 0.6439160714285714 0.20833333333333337
vt 0.6581255952380952 0.20833333333333337
vt 0.6648726190476191 0.22023809523809523
vt 0.762202380952381 0.5236132142857144
vt 0.7626648809523809 0.5019096428571428
vt 0.7804005952380952 0.5019096428571428
vt 0.7808630357142857 0.5236132142857144
vt 0.1130952380952381 0.3031811904761904
vt 0.1130952380952381 0.35976125000000003
vt 0.10119047619047619 0.36904761904761907
vt 0.10212410714285713 0.30227029761904756
vt 0.8277613095238094 0.22619047619047616
vt 0.836315238095238 0.21804601190476192
vt 0.8478339285714286 0.22619047619047616
vt 0.7886891071428572 0.49404761904761907
vt 0.73913125 0.49404761904761907
vt 0.7321442261904763 0.49012047619047616
vt 0.7885186904761904 0.4853099999999999
vt 0.8336653571428572 1
vt 0.8393551190476191 0.9933635714285715
vt 0.8582989285714285 1
vt 0.7347527380952381 0.88898375
vt 0.714223869047619 0.8928571428571429
vt 0.684890119047619 0.8809523809523809
vt 0.7344479761904762 0.8809523809523809
vt 0.24513375 0.17261904761904767
vt 0.23849720238095237 0.17170821428571426
vt 0.24513375 0.14798553571428574
vt 0.46577380952380953 0.1383928571428571
vt 0.4639154761904762 0.151936130952381
vt 0.4594854761904762 0.15948648809523813
vt 0.4594854761904762 0.1394684523809524
vt 0.024895595238095238 0.16097690476190474
vt 0.018259166666666667 0.16666666666666663
vt 0.018259166666666667 0.1420331547619048
vt 0.23214285714285715 0.1339285714285714
vt 0.23214285714285715 0.139827380952381
vt 0.22626005952380954 0.15372077380952376
vt 0.2261904761904762 0.14185797619047624
vt 0.8359174404761905 0.36049375000000006
vt 0.8277730357142856 0.36904761904761907
vt 0.8277730357142856 0.34897505952380947
vt 0.6307675595238096 0.5
vt 0.6351550595238096 0.5059523809523809
vt 0.6133568452380952 0.5059523809523809
vt 0.6176889880952381 0.5
vt 0.6426990476190476 0.1665565476190477
vt 0.6311104761904762 0.17261904761904767
vt 0.6311104761904762 0.1585119047619047
vt 0.08928571428571429 0.1513329166666667
vt 0.09523809523809523 0.13988095238095233
vt 0.09523809523809523 0.1550503571428572
vt 0.09638488095238096 0.16057452380952375
vt 0.8478339285714286 0.23590315476190482
vt 0.83928 0.24404761904761907
vt 0.8277613095238094 0.23590315476190482
vt 0.8392857142857143 0.20238095238095233
vt 0.8604239285714286 0.20238095238095233
vt 0.8532922023809524 0.20482250000000002
vt 0.8399432738095237 0.20833333333333337
vt 0.8582989285714285 0.9397921428571429
vt 0.8526091666666666 0.9464285714285714
vt 0.8336653571428572 0.9397921428571429
vt 0.4823880952380953 0.16598244047619048
vt 0.4832989285714286 0.17261904761904767
vt 0.4586653571428571 0.17261904761904767
vt 0.11944964285714287 0.1477229166666667
vt 0.12608607142857142 0.1420331547619048
vt 0.12608607142857142 0.16666666666666663
vt 0.07779255952380952 0.36904761904761907
vt 0.07779255952380952 0.30185011904761905
vt 0.09036220238095238 0.31156809523809526
vt 0.08955785714285713 0.36827845238095236
vt 0.8218206547619047 0.1611003571428572
vt 0.8299650595238096 0.1525464880952382
vt 0.8299650595238096 0.17261904761904767
vt 0.38375470238095233 0.7706530357142857
vt 0.31759065476190473 0.7797619047619048
vt 0.31565005952380953 0.7559523809523809
vt 0.3828469642857143 0.7559523809523809
vt 0.8275390476190475 0.5336219642857143
vt 0.8391276190476191 0.5275595238095238
vt 0.8391276190476191 0.5416666666666667
vt 0.4054708928571429 0.3032604166666667
vt 0.4054708928571429 0.25356875
vt 0.4159576785714285 0.2827764285714286
vt 0.4121619047619048 0.3035714285714286
vt 0.05357142857142857 0.41051666666666675
vt 0.05860892857142857 0.3540203571428572
vt 0.05952380952380952 0.3610231547619047
vt 0.05952380952380952 0.4107142857142857
vt 0.6466758928571428 0.6547619047619048
vt 0.6137407738095239 0.6547619047619048
vt 0.6300889880952381 0.6275391071428571
vt 0.28632339285714287 0.33333333333333337
vt 0.28632339285714287 0.2938379166666666
vt 0.30296232142857143 0.30926386904761904
vt 0.6839970238095239 0.9761904761904762
vt 0.6732733333333334 0.9561950595238096
vt 0.7076790476190477 0.9561950595238096
vt 0.3342955357142857 0.2851129166666667
vt 0.31004970238095236 0.30952380952380953
vt 0.31004970238095236 0.28543125
vt 0.3342965476190476 0.3392857142857143
vt 0.3100486904761905 0.3392857142857143
vt 0.3340606547619048 0.30976095238095236
vt 0.6552672023809524 1
vt 0.6552672023809524 0.9619441666666667
vt 0.6750899404761904 0.9942908333333333
vt 0.6334646428571429 0.9550438690476191
vt 0.6195115476190476 0.9702380952380952
vt 0.6195115476190476 0.9548569047619048
vt 0.8102430357142858 0.1594052380952381
vt 0.8125 0.10119047619047616
vt 0.8125 0.165708511904762
vt 0.6007114880952381 0.5654761904761905
vt 0.5361932738095239 0.5654761904761905
vt 0.539512619047619 0.5479907738095238
vt 0.7837168452380953 0.6726190476190477
vt 0.7566820833333333 0.6625274999999999
vt 0.7983774404761904 0.6625274999999999
vt 0.7031393452380952 0.8511904761904762
vt 0.6614439880952381 0.8511904761904762
vt 0.6772610714285714 0.8344525595238095
vt 0.775476130952381 0.7559523809523809
vt 0.7562943452380952 0.7451031547619047
vt 0.7957889880952381 0.7451031547619047
vt 0.9002976190476191 0.5416666666666667
vt 0.8458295238095237 0.5416666666666667
vt 0.8461192261904762 0.5395469642857142
vt 0.851258630952381 0.6934523809523809
vt 0.9136223214285715 0.6934523809523809
vt 0.9054550595238094 0.695035119047619
vt 0.75 0.6206775595238094
vt 0.75 0.6428571428571428
vt 0.7262480357142858 0.6425465476190476
vt 0.7261904761904762 0.6216189285714286
vt 0.23250244047619045 0.6954574404761904
vt 0.24964041666666667 0.6661434523809524
vt 0.24964041666666667 0.7083333333333333
vt 0.7385577380952381 0.6611671428571428
vt 0.7510718452380952 0.6785714285714286
vt 0.7202380952380952 0.6785714285714286
vt 0.4626067857142857 0.8680286904761905
vt 0.4626067857142857 0.8805460119047619
vt 0.44047619047619047 0.8809523809523809
vt 0.3362583928571429 0.6725169642857143
vt 0.36157886904761904 0.6845238095238095
vt 0.3333616071428572 0.6845238095238095
vt 0.7335970238095237 0.9285801190476191
vt 0.7554514880952381 0.9464285714285714
vt 0.7261904761904762 0.9464285714285714
vt 0.125 0.2103768452380953
vt 0.13511684523809522 0.22684172619047616
vt 0.125 0.25595238095238093
vt 0.1275875 0.9906384523809524
vt 0.1462815476190476 1
vt 0.125 1
vt 0.27976190476190477 0.41271357142857146
vt 0.29728505952380957 0.4006379166666667
vt 0.29728505952380957 0.4642857142857143
vt 0.35649315476190474 0.13538392857142845
vt 0.35119047619047616 0.15476190476190477
vt 0.35119047619047616 0.13283166666666668
vt 0.4930935714285714 0.18338035714285705
vt 0.48214285714285715 0.20238095238095233
vt 0.48214285714285715 0.18030095238095234
vt 0.8511904761904762 0.27380952380952384
vt 0.8511904761904762 0.25267910714285713
vt 0.8552655952380952 0.27109654761904756
vt 0.8297757738095238 0.20238095238095233
vt 0.8214285714285714 0.1957733928571428
vt 0.8297757738095238 0.1816590476190476
vt 0.4843260714285715 0.08515065476190475
vt 0.4843260714285715 0.1071428571428571
vt 0.48214285714285715 0.08760238095238093
vt 0.2973339285714286 0.9303721428571429
vt 0.2973339285714286 0.9523809523809523
vt 0.2857142857142857 0.9366711904761905
vt 0.839076607142857 0.7137488095238095
vt 0.8575078571428572 0.7202380952380952
vt 0.8333333333333334 0.7202380952380952
vt 0.6467958928571429 0.967064880952381
vt 0.6467958928571429 1
vt 0.6195731547619048 0.9834130952380953
vt 0.7741248214285713 0.5892857142857143
vt 0.7741248214285713 0.5470958333333333
vt 0.7824227976190476 0.5609914285714286
vt 0.5535714285714286 0.8568967857142857
vt 0.5553747619047619 0.8333333333333334
vt 0.5990486904761905 0.8333333333333334
vt 0.5994160714285715 0.8571428571428572
vt 0.5476190476190477 0.7916666666666666
vt 0.5476190476190477 0.7706930952380953
vt 0.593406369047619 0.7683667857142857
vt 0.5951848214285714 0.7908510119047619
vt 0.6071428571428571 0.8711048214285715
vt 0.6071428571428571 0.8556433333333333
vt 0.6546946428571429 0.8570548214285714
vt 0.6555145833333333 0.875
vt 0.6150576785714286 0.7023809523809523
vt 0.6130952380952381 0.6869930357142857
vt 0.6615686904761905 0.6846982738095237
vt 0.6647044047619047 0.7023809523809523
vt 0.5872101785714285 0.49287261904761903
vt 0.5833333333333334 0.47619047619047616
vt 0.6329801190476191 0.47619047619047616
vt 0.6380651190476191 0.49404761904761907
vt 0.6063673214285714 0.8035714285714286
vt 0.6011904761904762 0.7857142857142857
vt 0.6520676785714286 0.7857142857142857
vt 0.6544408928571429 0.8001798809523809
vt 0.6546010714285715 0.8339617857142857
vt 0.6495629166666667 0.8452380952380952
vt 0.6072266666666667 0.8452380952380952
vt 0.6071428571428571 0.8257177380952381
vt 0.3630952380952381 0.5245727380952381
vt 0.3630952380952381 0.4886938095238096
vt 0.4054132142857143 0.48993559523809527
vt 0.3832992857142857 0.5297619047619048
vt 0.6787813095238094 0.29166666666666663
vt 0.6796202380952381 0.2678571428571429
vt 0.7017992261904762 0.2678571428571429
vt 0.7021710714285715 0.2916168452380953
vt 0.09523809523809523 0.24054333333333333
vt 0.09523809523809523 0.26190476190476186
vt 0.07142857142857142 0.2616260714285714
vt 0.07255565476190476 0.24022922619047615
vt 0 0.2735863095238096
vt 0.0010373214285714287 0.2512673809523809
vt 0.023809523809523808 0.2515508333333334
vt 0.023809523809523808 0.27380952380952384
vt 0.18452380952380953 0.2678571428571429
vt 0.18452380952380953 0.29156404761904764
vt 0.16071428571428573 0.29166666666666663
vt 0.16191220238095239 0.2678571428571429
vt 0.7559523809523809 0.5909841666666666
vt 0.7559523809523809 0.6126355952380953
vt 0.7321428571428571 0.6130952380952381
vt 0.7331739880952381 0.5913308333333334
vt 0.47023809523809523 0.27976190476190477
vt 0.4715548214285714 0.25595238095238093
vt 0.4928305357142857 0.25595238095238093
vt 0.49250452380952375 0.2797336309523809
vt 0.07142857142857142 0.29166666666666663
vt 0.07254607142857143 0.2678571428571429
vt 0.0953125 0.2678571428571429
vt 0.09522863095238095 0.2915854166666667
vt 0.6904761904761905 0.6428571428571428
vt 0.6915709523809523 0.6190476190476191
vt 0.7153709523809524 0.6190476190476191
vt 0.7153017261904762 0.6427576190476191
vt 0.7083333333333334 0.33333333333333337
vt 0.7094755357142857 0.30952380952380953
vt 0.7317432142857143 0.30952380952380953
vt 0.7314754761904761 0.33327363095238094
vt 0 0.24404761904761907
vt 0 0.2260839880952381
vt 0.02313190476190476 0.22537809523809516
vt 0.023738630952380952 0.2433772023809524
vt 0.6011904761904762 0.22597494047619038
vt 0.6011904761904762 0.24361386904761906
vt 0.5773809523809523 0.24404761904761907
vt 0.5778890476190476 0.22604464285714287
vt 0.7857142857142857 0.5957224999999999
vt 0.7857142857142857 0.6130136904761905
vt 0.7619047619047619 0.6130952380952381
vt 0.7626054761904761 0.5954704166666667
vt 0.7120906547619048 0.7208085714285715
vt 0.7184503571428571 0.7380952380952381
vt 0.6848234523809524 0.7380952380952381
vt 0.6858425595238095 0.7204880952380952
vt 0.30952380952380953 0.22554809523809516
vt 0.30952380952380953 0.24318988095238103
vt 0.2857142857142857 0.24404761904761907
vt 0.28622273809523807 0.22604095238095245
vt 0.4583333333333333 0.22603297619047624
vt 0.4583333333333333 0.24404761904761907
vt 0.43452380952380953 0.2439041666666666
vt 0.43505154761904763 0.22595374999999995
vt 0.7023809523809523 0.546143869047619
vt 0.7023809523809523 0.5627771428571429
vt 0.6666666666666666 0.5654761904761905
vt 0.6668928571428572 0.5466707738095238
vt 0.7619047619047619 0.8000143452380952
vt 0.7619047619047619 0.8188216071428571
vt 0.7388126190476191 0.8214285714285714
vt 0.7380952380952381 0.8002798214285715
vt 0.7385497619047618 0.9550869642857143
vt 0.7401169642857143 0.9761904761904762
vt 0.7153119642857143 0.9761904761904762
vt 0.7142857142857143 0.9548531547619048
vt 0.6309523809523809 0.55112375
vt 0.6309523809523809 0.5351804166666667
vt 0.6557158928571428 0.5337451785714286
vt 0.6548421428571428 0.5654761904761905
vt 0.6011904761904762 0.25167589285714287
vt 0.6011904761904762 0.27341107142857146
vt 0.5792722619047619 0.27380952380952384
vt 0.5773809523809523 0.2518856547619047
vt 0.6729606547619047 0.6976464880952381
vt 0.7124560119047619 0.6976464880952381
vt 0.6883863690476191 0.7142857142857143
vt 0.16708559523809524 0.2989276190476191
vt 0.18708107142857142 0.3096513095238096
vt 0.16708559523809524 0.33333333333333337
vt 0.7211226190476191 0.43972148809523814
vt 0.6970321428571429 0.4642857142857143
vt 0.6970321428571429 0.4400377976190476
vt 0.6784528571428572 0.8745616666666667
vt 0.6784528571428572 0.8988095238095238
vt 0.6489280952380952 0.898573630952381
vt 0.6431744642857142 0.6230339880952381
vt 0.6812302976190476 0.6230339880952381
vt 0.6755207738095238 0.6428571428571428
vt 0.4742077380952381 0.18268077380952386
vt 0.4588279761904762 0.1964285714285714
vt 0.4588279761904762 0.18247404761904762
vt 0.8392857142857143 0.6838051785714285
vt 0.8975004166666667 0.6815476190476191
vt 0.9038043452380953 0.6838051785714285
vt 0.35100458333333334 0.405719880952381
vt 0.35100458333333334 0.47023809523809523
vt 0.3335192261904762 0.4090392857142857
vt 0.029924464285714287 0.19639982142857149
vt 0.04001601190476191 0.22343464285714298
vt 0.029924464285714287 0.23809523809523814
vt 0.6720594642857143 0.3035433333333333
vt 0.6720594642857143 0.34523809523809523
vt 0.655321488095238 0.31936035714285715
vt 0.7564801785714286 0.3236
vt 0.7673293452380952 0.34278232142857146
vt 0.7564801785714286 0.36309523809523814
vt 0.430691130952381 0.10029398809523804
vt 0.430691130952381 0.15476190476190477
vt 0.42857142857142855 0.10058369047619042
vt 0.5661729761904761 0.14867261904761908
vt 0.5661729761904761 0.08630952380952384
vt 0.5677555952380953 0.14050595238095231
vt 0.8061158928571428 0.5714285714285714
vt 0.7916666666666666 0.5595238095238095
vt 0.8117576190476191 0.5595238095238095
vt 0.8135968452380953 0.563788988095238
vt 0.17893660714285714 0.19235267857142857
vt 0.1584702380952381 0.20238095238095233
vt 0.15476190476190477 0.19235267857142857
vt 0.5861727976190476 0.6130952380952381
vt 0.6089646428571429 0.6130952380952381
vt 0.6091502976190476 0.6369047619047619
vt 0.5654761904761905 0.6367485119047619
vt 0.7083333333333334 0.22093529761904762
vt 0.7216901785714286 0.20815666666666655
vt 0.7216901785714286 0.23809523809523814
vt 0.7686378571428572 0.8089364880952381
vt 0.7864949404761904 0.8018432738095238
vt 0.7882308333333332 0.8214285714285714
vt 0.7678571428571429 0.8214285714285714
vt 0.606207619047619 0.2142857142857143
vt 0.5952380952380952 0.21127386904761902
vt 0.5952380952380952 0.18905857142857152
vt 0.6066608333333333 0.1889277380952381
vt 0.8090339880952381 0.8983672619047619
vt 0.7976190476190477 0.8988095238095238
vt 0.7976190476190477 0.8768994047619048
vt 0.8090084523809524 0.8946975595238096
vt 0.30952380952380953 0.18947184523809513
vt 0.32459625000000003 0.19965380952380962
vt 0.31793886904761903 0.20796130952380953
vt 0.30952380952380953 0.20833333333333337
vt 0.7321428571428571 0.24618809523809526
vt 0.7321428571428571 0.26777666666666666
vt 0.7083333333333334 0.2678571428571429
vt 0.7095285119047618 0.24615529761904764
vt 0.7559523809523809 0.5022974404761904
vt 0.7559523809523809 0.5238095238095238
vt 0.7321428571428571 0.5234892261904762
vt 0.7333955357142857 0.5019376785714286
vt 0.16666666666666666 0.240255
vt 0.16666666666666666 0.2618229166666667
vt 0.14296625 0.26190476190476186
vt 0.14285714285714285 0.24153172619047625
vt 0.6433395833333334 0.5059523809523809
vt 0.6726535714285714 0.48881440476190474
vt 0.6855294642857143 0.5059523809523809
vt 0.23214285714285715 0.2857142857142857
vt 0.2147379761904762 0.2732003571428572
vt 0.23214285714285715 0.2548805357142857
vt 0.8046531547619047 0.7142857142857143
vt 0.7921358333333334 0.7142857142857143
vt 0.8050595238095238 0.6921551190476191
vt 0.554366130952381 0.22619047619047616
vt 0.5423600595238095 0.20087017857142864
vt 0.554366130952381 0.1979736904761905
vt 0.11904761904761904 0.27380952380952384
vt 0.1011992261904762 0.25195500000000004
vt 0.11904761904761904 0.24454910714285716
vt 0.7610679761904762 0.6964285714285714
vt 0.7446035714285715 0.6863115476190476
vt 0.7901785714285714 0.6863115476190476
vt 0.8139880952380952 0.1964285714285714
vt 0.8046261904761904 0.17773482142857144
vt 0.8139880952380952 0.17514785714285708
vt 0.5479593452380952 0.8154761904761905
vt 0.560034761904762 0.7979529166666667
vt 0.6116071428571429 0.8154761904761905
vt 0.8675595238095238 0.5839834523809524
vt 0.8481808333333334 0.5892857142857143
vt 0.8456292857142857 0.5839834523809524
vt 0.8199404761904762 0.8104778571428571
vt 0.8009398809523809 0.8214285714285714
vt 0.7978604761904762 0.8104778571428571
vt 0.8523816666666667 0.15663964285714282
vt 0.8735119047619048 0.15663964285714282
vt 0.8707991666666667 0.1607142857142857
vt 0.8356543452380952 0.2654623214285714
vt 0.8422619047619048 0.27380952380952384
vt 0.82154 0.27380952380952384
vt 0.9151785714285714 0.7738095238095238
vt 0.8931866071428571 0.7738095238095238
vt 0.8956382142857142 0.77162625
vt 0.8199404761904762 0.9583333333333334
vt 0.7979314285714286 0.9583333333333334
vt 0.8042301785714285 0.9467135714285714
vt 0.7574404761904762 0.16666666666666663
vt 0.7509507738095238 0.14823559523809526
vt 0.7574404761904762 0.14249190476190476
vt 0.7683395833333334 0.41432125
vt 0.8105294642857143 0.41432125
vt 0.7822357142857144 0.42261904761904767
vt 0.58405875 0.5472510714285714
vt 0.58405875 0.5035775595238094
vt 0.6054095238095238 0.5017739880952381
vt 0.6056547619047619 0.5476190476190477
vt 0.5540816071428571 0.5041744047619048
vt 0.5564070238095239 0.45833333333333337
vt 0.5773809523809523 0.45833333333333337
vt 0.5765658928571428 0.5059523809523809
vt 0.5430998214285714 0.3796000595238096
vt 0.5430998214285714 0.3320273214285715
vt 0.5585553571428571 0.3324863690476191
vt 0.5610119047619048 0.38095238095238093
vt 0.2857142857142857 0.38972178571428573
vt 0.2880092261904762 0.34124750000000004
vt 0.30357142857142855 0.34321041666666674
vt 0.30357142857142855 0.3928571428571429
vt 0.17271315476190474 0.4592008333333334
vt 0.17271315476190474 0.4095545833333334
vt 0.19227708333333332 0.41343077380952387
vt 0.19345238095238096 0.4642857142857143
vt 0.48828845238095236 0.4321505952380952
vt 0.48828845238095236 0.3812733928571428
vt 0.5074404761904762 0.38645047619047623
vt 0.5040494047619047 0.43452380952380953
vt 0.5 0.32762565476190475
vt 0.5 0.3699619047619047
vt 0.4903869047619048 0.375
vt 0.48214285714285715 0.32754261904761905
vt 0.08454220238095238 0.49404761904761907
vt 0.08454220238095238 0.45171142857142854
vt 0.12040613095238095 0.4527634523809524
vt 0.125 0.4731113690476191
vt 0.25636315476190474 0.2615324404761905
vt 0.25636315476190474 0.2393527976190476
vt 0.2778630357142857 0.23851440476190477
vt 0.27781261904761906 0.26190476190476186
vt 0.27976190476190477 0.2731027380952381
vt 0.27976190476190477 0.29761904761904767
vt 0.2560005357142857 0.29737684523809527
vt 0.25595238095238093 0.2739865476190476
vt 0.7031209523809524 0.5235515476190475
vt 0.7031209523809524 0.4990352380952381
vt 0.7254504761904762 0.4982555357142857
vt 0.7253780357142857 0.5238095238095238
vt 0.7440476190476191 0.7628519047619048
vt 0.7440476190476191 0.7856182142857143
vt 0.7203344642857142 0.7857142857142857
vt 0.7202380952380952 0.7641470833333334
vt 0.7559523809523809 0.44254238095238096
vt 0.7559523809523809 0.4638184523809523
vt 0.7322327380952381 0.4642857142857143
vt 0.7321428571428571 0.4440440476190476
vt 0.7388551190476191 0.27380952380952384
vt 0.7388551190476191 0.2525338690476191
vt 0.7604166666666666 0.2512168452380953
vt 0.7603883928571429 0.27348327380952375
vt 0.17343357142857144 0.26190476190476186
vt 0.17343357142857144 0.23913857142857142
vt 0.1949404761904762 0.23802107142857143
vt 0.19486 0.2618205952380952
vt 0.6501773214285714 0.29166666666666663
vt 0.6501773214285714 0.2678666666666667
vt 0.6726190476190477 0.2667719047619047
vt 0.6725195238095237 0.29159750000000006
vt 0.43580779761904764 0.27380952380952384
vt 0.43580779761904764 0.25154178571428576
vt 0.4583333333333333 0.25039934523809515
vt 0.4582744642857143 0.27354125000000007
vt 0.7572879166666666 0.24399029761904756
vt 0.7572879166666666 0.2208479166666667
vt 0.7752431547619048 0.22029958333333344
vt 0.7752976190476191 0.24404761904761907
vt 0.48214285714285715 0.22436083333333334
vt 0.48214285714285715 0.24969863095238098
vt 0.46464041666666667 0.25
vt 0.4642857142857143 0.22517660714285714
vt 0.7678571428571429 0.7653591666666667
vt 0.7678571428571429 0.791612380952381
vt 0.7503313095238096 0.7916666666666666
vt 0.75 0.7661145833333334
vt 0.7023809523809523 0.38899154761904753
vt 0.7023809523809523 0.42261904761904767
vt 0.6848444047619048 0.41625880952380945
vt 0.6845238095238095 0.3900113095238096
vt 0.6666666666666666 0.22951202380952385
vt 0.6666666666666666 0.2553669047619047
vt 0.6491578571428571 0.25595238095238093
vt 0.6488095238095238 0.23061761904761913
vt 0.3333333333333333 0.21977119047619043
vt 0.3333333333333333 0.24404761904761907
vt 0.31547619047619047 0.243941130952381
vt 0.31553732142857144 0.2201928571428572
vt 0.4955292857142857 0.28757958333333333
vt 0.49283023809523807 0.3214285714285714
vt 0.4761969047619048 0.3214285714285714
vt 0.476723869047619 0.2878057738095239
vt 0.7306547619047619 0.27843666666666667
vt 0.7280477976190476 0.3035714285714286
vt 0.7092405357142857 0.3035714285714286
vt 0.7095060119047619 0.2777192857142857
vt 0.7023809523809523 0.30257595238095236
vt 0.7023809523809523 0.32738095238095233
vt 0.6788051785714286 0.3258132142857143
vt 0.6785714285714286 0.30154916666666665
vt 0.6379119642857143 0.36904761904761907
vt 0.6393467261904762 0.34523809523809523
vt 0.6552900595238095 0.34523809523809523
vt 0.6696428571428571 0.3681730357142857
vt 0.05357142857142857 0.24718702380952384
vt 0.05357142857142857 0.26742958333333333
vt 0.029987261904761905 0.2678571428571429
vt 0.02976190476190476 0.24572761904761908
vt 0.00037553571428571426 0.7124458333333333
vt 0.00037553571428571426 0.6923554761904762
vt 0.011904761904761904 0.7068047619047619
vt 0.00426577380952381 0.7142857142857143
vt 0.12946428571428573 0.18191392857142863
vt 0.11943547619047619 0.20238095238095233
vt 0.11943547619047619 0.1782057142857143
vt 0.6116071428571429 1
vt 0.5898179761904763 1
vt 0.5896234523809524 0.9772094642857143
vt 0.6110792857142857 0.9563292261904762
vt 0.7632162499999999 0.4464285714285714
vt 0.7759950595238094 0.433071369047619
vt 0.7931547619047619 0.4464285714285714
vt 0.7916666666666666 0.8988095238095238
vt 0.7738095238095238 0.8970736309523809
vt 0.7809022023809524 0.8792163095238095
vt 0.7916666666666666 0.8784358333333333
vt 0.44798654761904766 0.20238095238095233
vt 0.4702022023809524 0.20238095238095233
vt 0.4732142857142857 0.21383202380952382
vt 0.4478554761904762 0.2142857142857143
vt 0.7920775595238095 0.47023809523809523
vt 0.8139880952380952 0.47023809523809523
vt 0.8135460714285714 0.4821428571428571
vt 0.8098760119047619 0.48211696428571427
vt 0.7927830357142857 0.7314381547619048
vt 0.7844757738095238 0.7380952380952381
vt 0.7742933333333333 0.7202380952380952
vt 0.7931547619047619 0.7202380952380952
vt 0.14935863095238094 0.15625
vt 0.1646294642857143 0.15625
vt 0.15643107142857143 0.16655488095238102
vt 0.7748795833333333 0.19044309523809522
vt 0.7682751785714286 0.17905077380952383
vt 0.7748795833333333 0.16220238095238093
vt 0.6811077976190476 0.14207511904761905
vt 0.6790112500000001 0.11391232142857144
vt 0.6811077976190476 0.1071428571428571
vt 0.7684682142857142 0.10112678571428568
vt 0.770222261904762 0.0982142857142857
vt 0.770222261904762 0.1360155357142856
vt 0.3764150595238095 0.10685321428571426
vt 0.37507303571428574 0.06907636904761905
vt 0.3764150595238095 0.06845238095238093
vt 0.743631130952381 0.1961264285714286
vt 0.7385117261904762 0.15806827380952393
vt 0.743631130952381 0.15476190476190477
vt 0.8513733928571429 0.5491071428571428
vt 0.8549375 0.5534839285714286
vt 0.8102410714285714 0.5534839285714286
vt 0.8518384523809523 0.6120189285714286
vt 0.8964944047619048 0.6101190476190477
vt 0.8981615476190477 0.6120189285714286
vt 0.8220768452380953 0.39434523809523814
vt 0.8683993452380951 0.39434523809523814
vt 0.8671622023809523 0.3981172023809524
vt 0.8849729761904761 0.6681547619047619
vt 0.8816409523809524 0.6713523809523809
vt 0.8397294047619048 0.6681547619047619
vt 0.8398464880952381 0.1919642857142857
vt 0.8818797023809524 0.1919642857142857
vt 0.8749626785714286 0.19495642857142859
vt 0.8276163095238095 0.30952380952380953
vt 0.862859880952381 0.30952380952380953
vt 0.8487741666666667 0.31408749999999996
vt 0.8255544047619048 0.7693452380952381
vt 0.8082967261904761 0.7793604166666667
vt 0.8039098809523809 0.7693452380952381
vt 0.00002511904761904762 0.16815476190476186
vt 0.008903452380952382 0.1745351190476191
vt 0.00002511904761904762 0.19040107142857143
vt 0.7029854761904762 0.08184523809523814
vt 0.704752619047619 0.10402125000000007
vt 0.7029854761904762 0.10590803571428575
vt 0.8243938095238096 0.14144029761904753
vt 0.8214395238095238 0.14220297619047617
vt 0.8214395238095238 0.11755952380952384
vt 0.27773934523809524 0.11755952380952384
vt 0.27773934523809524 0.14220297619047617
vt 0.2743439880952381 0.1411504166666666
vt 0.07869333333333334 0.1473214285714286
vt 0.07869333333333334 0.17115529761904757
vt 0.07160428571428572 0.17002857142857142
vt 0.8528038690476191 0.7079845833333334
vt 0.8514455357142856 0.7038690476190477
vt 0.8762330357142858 0.7038690476190477
vt 0.8881379166666666 0.27318154761904756
vt 0.8633501785714286 0.27318154761904756
vt 0.8643075595238094 0.27083333333333337
vt 0.9174785714285715 0.43320226190476185
vt 0.8935333333333333 0.43320226190476185
vt 0.8954299404761905 0.43154761904761907
vt 0.7135351785714286 0.5833333333333333
vt 0.7245972619047618 0.5891505357142857
vt 0.7024860714285714 0.5891505357142857
vt 0.4642857142857143 0.37571958333333333
vt 0.48214285714285715 0.38242714285714285
vt 0.48214285714285715 0.43452380952380953
vt 0.4642857142857143 0.43452380952380953
vt 0.017857142857142856 0.3928571428571429
vt 0 0.3928571428571429
vt 0 0.3407604761904762
vt 0.017857142857142856 0.3507889285714286
vt 0.023809523809523808 0.2822660714285714
vt 0.03571428571428571 0.2864336904761904
vt 0.03571428571428571 0.34523809523809523
vt 0.023809523809523808 0.34523809523809523
vt 0.5476190476190477 0.43452380952380953
vt 0.5416666666666666 0.43452380952380953
vt 0.5416666666666666 0.39245571428571424
vt 0.5476190476190477 0.3970791071428571
vt 0.31547619047619047 0.38690476190476186
vt 0.30952380952380953 0.38690476190476186
vt 0.30952380952380953 0.3494602380952381
vt 0.31547619047619047 0.3529770238095238
vt 0.8157626785714285 0.8809523809523809
vt 0.8156578571428571 0.875
vt 0.8465445238095238 0.875
vt 0.8380303571428571 0.8805666071428572
vt 0.2619047619047619 0.5833333333333333
vt 0.25595238095238093 0.5833333333333333
vt 0.25595238095238093 0.5610623809523809
vt 0.2619047619047619 0.5697880357142857
vt 0.8928571428571429 0.8367683333333333
vt 0.8928571428571429 0.8392857142857143
vt 0.8278363095238096 0.8392764285714286
vt 0.8273809523809523 0.8367591666666667
vt 0.34769416666666664 0.9761697619047619
vt 0.34523809523809523 0.9702380952380952
vt 0.4107142857142857 0.9702380952380952
vt 0.4107142857142857 0.9761904761904762
vt 0.5830986904761905 0.9226190476190477
vt 0.5595238095238095 0.9047619047619048
vt 0.6190476190476191 0.9047619047619048
vt 0.6190476190476191 0.9226190476190477
vt 0.6831952380952381 0.6666666666666667
vt 0.6785714285714286 0.6607142857142857
vt 0.7142857142857143 0.6607142857142857
vt 0.7142857142857143 0.6666666666666667
vt 0.15089333333333332 0.7916666666666666
vt 0.1488095238095238 0.7857142857142857
vt 0.17857142857142858 0.7857142857142857
vt 0.17857142857142858 0.7916666666666666
vt 0.7264242857142857 0.3571428571428571
vt 0.7202380952380952 0.3392857142857143
vt 0.75 0.3392857142857143
vt 0.75 0.3571428571428571
vt 0.2786005357142857 0.5952380952380952
vt 0.26785714285714285 0.5714285714285714
vt 0.2916666666666667 0.5714285714285714
vt 0.2916666666666667 0.5919278571428571
vt 0.8279424999999999 0.4225450595238096
vt 0.8214285714285714 0.41104797619047617
vt 0.8333333333333334 0.40773809523809523
vt 0.8333333333333334 0.4225450595238096
vt 0.8928571428571429 0.4059936904761905
vt 0.8988095238095238 0.40327380952380953
vt 0.8988095238095238 0.4096554166666666
vt 0.8935069047619048 0.4096554166666666
vt 0.8630952380952381 0.6369047619047619
vt 0.8571428571428571 0.6369047619047619
vt 0.8571428571428571 0.6233594642857143
vt 0.8630952380952381 0.6273975595238095
vt 0.8928571428571429 0.7193292261904762
vt 0.8869047619047619 0.7193292261904762
vt 0.8869047619047619 0.7098214285714286
vt 0.8928571428571429 0.7141196428571428
vt 0.9043891666666666 0.6309523809523809
vt 0.9028445238095237 0.636233511904762
vt 0.8991822619047619 0.6369047619047619
vt 0.8991822619047619 0.6309523809523809
vt 0.7460066071428572 0.13690476190476186
vt 0.7445268452380953 0.13690476190476186
vt 0.7445268452380953 0.10297654761904762
vt 0.7465445833333333 0.10602315476190483
vt 0.1646294642857143 0.15625
vt 0.14935863095238094 0.15625
vt 0.15643107142857143 0.16655488095238102
vt 0.7682751785714286 0.17905077380952383
vt 0.7748795833333333 0.19044309523809522
vt 0.7748795833333333 0.16220238095238093
vt 0.6790112500000001 0.11391232142857144
vt 0.6811077976190476 0.14207511904761905
vt 0.6811077976190476 0.1071428571428571
vt 0.770222261904762 0.0982142857142857
vt 0.7684682142857142 0.10112678571428568
vt 0.770222261904762 0.1360155357142856
vt 0.37507303571428574 0.06907636904761905
vt 0.3764150595238095 0.10685321428571426
vt 0.3764150595238095 0.06845238095238093
vt 0.7385117261904762 0.15806827380952393
vt 0.743631130952381 0.1961264285714286
vt 0.743631130952381 0.15476190476190477
vt 0.8549375 0.5534839285714286
vt 0.8513733928571429 0.5491071428571428
vt 0.8102410714285714 0.5534839285714286
vt 0.8964944047619048 0.6101190476190477
vt 0.8518384523809523 0.6120189285714286
vt 0.8981615476190477 0.6120189285714286
vt 0.8683993452380951 0.39434523809523814
vt 0.8220768452380953 0.39434523809523814
vt 0.8671622023809523 0.3981172023809524
vt 0.8816409523809524 0.6713523809523809
vt 0.8849729761904761 0.6681547619047619
vt 0.8397294047619048 0.6681547619047619
vt 0.8818797023809524 0.1919642857142857
vt 0.8398464880952381 0.1919642857142857
vt 0.8749626785714286 0.19495642857142859
vt 0.862859880952381 0.30952380952380953
vt 0.8276163095238095 0.30952380952380953
vt 0.8487741666666667 0.31408749999999996
vt 0.8082967261904761 0.7793604166666667
vt 0.8255544047619048 0.7693452380952381
vt 0.8039098809523809 0.7693452380952381
vt 0.008903452380952382 0.1745351190476191
vt 0.00002511904761904762 0.16815476190476186
vt 0.00002511904761904762 0.19040107142857143
vt 0.704752619047619 0.10402125000000007
vt 0.7029854761904762 0.08184523809523814
vt 0.7029854761904762 0.10590803571428575
vt 0.8214395238095238 0.14220297619047617
vt 0.8243938095238096 0.14144029761904753
vt 0.8214395238095238 0.11755952380952384
vt 0.27773934523809524 0.14220297619047617
vt 0.27773934523809524 0.11755952380952384
vt 0.2743439880952381 0.1411504166666666
vt 0.07869333333333334 0.17115529761904757
vt 0.07869333333333334 0.1473214285714286
vt 0.07160428571428572 0.17002857142857142
vt 0.8514455357142856 0.7038690476190477
vt 0.8528038690476191 0.7079845833333334
vt 0.8762330357142858 0.7038690476190477
vt 0.8633501785714286 0.27318154761904756
vt 0.8881379166666666 0.27318154761904756
vt 0.8643075595238094 0.27083333333333337
vt 0.8935333333333333 0.43320226190476185
vt 0.9174785714285715 0.43320226190476185
vt 0.8954299404761905 0.43154761904761907
vt 0.7245972619047618 0.5891505357142857
vt 0.7135351785714286 0.5833333333333333
vt 0.7024860714285714 0.5891505357142857
vt 0.48214285714285715 0.43452380952380953
vt 0.48214285714285715 0.38242714285714285
vt 0.4642857142857143 0.37571958333333333
vt 0.4642857142857143 0.43452380952380953
vt 0 0.3407604761904762
vt 0 0.3928571428571429
vt 0.017857142857142856 0.3928571428571429
vt 0.017857142857142856 0.3507889285714286
vt 0.03571428571428571 0.34523809523809523
vt 0.03571428571428571 0.2864336904761904
vt 0.023809523809523808 0.2822660714285714
vt 0.023809523809523808 0.34523809523809523
vt 0.5416666666666666 0.39245571428571424
vt 0.5416666666666666 0.43452380952380953
vt 0.5476190476190477 0.43452380952380953
vt 0.5476190476190477 0.3970791071428571
vt 0.30952380952380953 0.3494602380952381
vt 0.30952380952380953 0.38690476190476186
vt 0.31547619047619047 0.38690476190476186
vt 0.31547619047619047 0.3529770238095238
vt 0.8465445238095238 0.875
vt 0.8156578571428571 0.875
vt 0.8157626785714285 0.8809523809523809
vt 0.8380303571428571 0.8805666071428572
vt 0.25595238095238093 0.5610623809523809
vt 0.25595238095238093 0.5833333333333333
vt 0.2619047619047619 0.5833333333333333
vt 0.2619047619047619 0.5697880357142857
vt 0.8278363095238096 0.8392764285714286
vt 0.8928571428571429 0.8392857142857143
vt 0.8928571428571429 0.8367683333333333
vt 0.8273809523809523 0.8367591666666667
vt 0.4107142857142857 0.9702380952380952
vt 0.34523809523809523 0.9702380952380952
vt 0.34769416666666664 0.9761697619047619
vt 0.4107142857142857 0.9761904761904762
vt 0.6190476190476191 0.9047619047619048
vt 0.5595238095238095 0.9047619047619048
vt 0.5830986904761905 0.9226190476190477
vt 0.6190476190476191 0.9226190476190477
vt 0.7142857142857143 0.6607142857142857
vt 0.6785714285714286 0.6607142857142857
vt 0.6831952380952381 0.6666666666666667
vt 0.7142857142857143 0.6666666666666667
vt 0.17857142857142858 0.7857142857142857
vt 0.1488095238095238 0.7857142857142857
vt 0.15089333333333332 0.7916666666666666
vt 0.17857142857142858 0.7916666666666666
vt 0.75 0.3392857142857143
vt 0.7202380952380952 0.3392857142857143
vt 0.7264242857142857 0.3571428571428571
vt 0.75 0.3571428571428571
vt 0.2916666666666667 0.5714285714285714
vt 0.26785714285714285 0.5714285714285714
vt 0.2786005357142857 0.5952380952380952
vt 0.2916666666666667 0.5919278571428571
vt 0.8333333333333334 0.40773809523809523
vt 0.8214285714285714 0.41104797619047617
vt 0.8279424999999999 0.4225450595238096
vt 0.8333333333333334 0.4225450595238096
vt 0.8988095238095238 0.4096554166666666
vt 0.8988095238095238 0.40327380952380953
vt 0.8928571428571429 0.4059936904761905
vt 0.8935069047619048 0.4096554166666666
vt 0.8571428571428571 0.6233594642857143
vt 0.8571428571428571 0.6369047619047619
vt 0.8630952380952381 0.6369047619047619
vt 0.8630952380952381 0.6273975595238095
vt 0.8869047619047619 0.7098214285714286
vt 0.8869047619047619 0.7193292261904762
vt 0.8928571428571429 0.7193292261904762
vt 0.8928571428571429 0.7141196428571428
vt 0.8991822619047619 0.6369047619047619
vt 0.9028445238095237 0.636233511904762
vt 0.9043891666666666 0.6309523809523809
vt 0.8991822619047619 0.6309523809523809
vt 0.7445268452380953 0.10297654761904762
vt 0.7445268452380953 0.13690476190476186
vt 0.7460066071428572 0.13690476190476186
vt 0.7465445833333333 0.10602315476190483
vt 0.8988095238095238 0.29043791666666663
vt 0.9014695238095237 0.29377595238095233
vt 0.8988095238095238 0.29761904761904767
vt 0.9014094047619048 0.27258065476190474
vt 0.9014094047619048 0.27976190476190477
vt 0.8988095238095238 0.2768383333333334
vt 0.5773809523809523 0.12187017857142857
vt 0.5808579761904762 0.12366428571428567
vt 0.5773809523809523 0.15476190476190477
vt 0.7230743452380952 0.11591803571428572
vt 0.7230743452380952 0.14880952380952384
vt 0.7202380952380952 0.14878119047619043
vt 0.5000723214285715 0.12229934523809527
vt 0.502903869047619 0.12246845238095239
vt 0.5000723214285715 0.19047619047619047
vt 0.40739422619047616 0.09849023809523805
vt 0.40739422619047616 0.16666666666666663
vt 0.40510577380952384 0.16612249999999995
vt 0.14285714285714285 0.2321428571428571
vt 0.14285714285714285 0.20073797619047629
vt 0.15556535714285713 0.22807660714285716
vt 0.2790347023809524 0.3198928571428572
vt 0.25595238095238093 0.3392857142857143
vt 0.25595238095238093 0.30799398809523815
vt 0.42082726190476194 0.15476190476190477
vt 0.4166666666666667 0.12912851190476193
vt 0.42082726190476194 0.12699875000000005
vt 0.32161660714285717 0.5416666666666667
vt 0.32161660714285717 0.4735999404761905
vt 0.35263011904761904 0.4785445833333333
vt 0.35397863095238097 0.5221929761904762
vt 0.4523809523809524 0.5991173214285714
vt 0.4523809523809524 0.6427889880952381
vt 0.3631798214285714 0.6428571428571428
vt 0.3630952380952381 0.5991852380952382
vt 0.4166666666666667 0.962245
vt 0.5119047619047619 0.9541227976190476
vt 0.5119047619047619 0.9761904761904762
vt 0.41791261904761906 0.9755279761904762
vt 0.09588857142857142 0.7976190476190477
vt 0.31640309523809523 0.7976190476190477
vt 0.31576041666666665 0.8869047619047619
vt 0.08984690476190475 0.8851272619047619
vt 0.5059523809523809 0.197395
vt 0.5106807142857143 0.19871077380952384
vt 0.5059523809523809 0.3035714285714286
vt 0.4770730357142857 0.9226190476190477
vt 0.25655791666666666 0.9226190476190477
vt 0.4587577976190476 0.8895833333333333
vt 0.24053136904761904 0.6124602976190476
vt 0.21817369047619048 0.7023809523809523
vt 0.19047619047619047 0.7011810714285714
vt 0.19047619047619047 0.5960436904761905
vt 0.8511904761904762 0.14880952380952384
vt 0.8514033333333334 0.14571374999999998
vt 0.8789536309523809 0.14880952380952384
vt 0.6823446428571428 0.10117738095238105
vt 0.6792416666666666 0.10119047619047616
vt 0.6785714285714286 0.09697499999999992
vt 0.6826422619047618 0.09612857142857134
vt 0.7478138095238096 0.47556297619047627
vt 0.6428571428571429 0.4821428571428571
vt 0.6428571428571429 0.47703922619047623
vt 0.7142857142857143 0.8488815476190477
vt 0.9166666666666666 0.8488815476190477
vt 0.9162160714285713 0.8511904761904762
vt 0.30379190476190476 0.9702380952380952
vt 0.30379190476190476 0.9345235119047619
vt 0.5057319047619048 0.9356509523809524
vt 0.7253994642857142 0.16074738095238095
vt 0.7269352380952381 0.1964285714285714
vt 0.7209814285714286 0.1964285714285714
vt 0.7209814285714286 0.1604463690476191
vt 0.5 0.21428553571428566
vt 0.5 0.25
vt 0.4880952380952381 0.24960232142857142
vt 0.4880952380952381 0.21388785714285707
vt 0.75 0.20833345238095247
vt 0.75 0.24404761904761907
vt 0.7380952380952381 0.2438080952380952
vt 0.7380952380952381 0.2080939285714285
vt 0.3650180357142857 0.8914399404761905
vt 0.329062619047619 0.8928571428571429
vt 0.3274216071428572 0.8511904761904762
vt 0.46424505952380957 0.8511904761904762
vt 0.25 0.49404761904761907
vt 0.23809523809523808 0.49057130952380956
vt 0.23809523809523808 0.3988436904761905
vt 0.25 0.38565785714285716
vt 0.31547619047619047 0.5119047619047619
vt 0.30357142857142855 0.5098091666666666
vt 0.30357142857142855 0.4013264880952381
vt 0.31547619047619047 0.39827880952380945
vt 0.14875934523809523 0.6726190476190477
vt 0.08928571428571429 0.6701772023809525
vt 0.09017595238095237 0.5535714285714286
vt 0.14966910714285714 0.5535714285714286
vt 0.44047619047619047 0.19047619047619047
vt 0.44047619047619047 0.2142857142857143
vt 0.42857142857142855 0.21231148809523803
vt 0.42857142857142855 0.1885020833333334
vt 0.5892857142857143 0.19047654761904753
vt 0.5892857142857143 0.2142857142857143
vt 0.5773809523809523 0.21309619047619055
vt 0.5773809523809523 0.1892862500000001
vt 0.5833333333333334 0.7380952976190476
vt 0.5833333333333334 0.7619047619047619
vt 0.5238095238095238 0.7607814880952382
vt 0.5238095238095238 0.7369720238095239
vt 0.5238095238095238 0.5
vt 0.5238095238095238 0.5357142857142857
vt 0.4642857142857143 0.5354880357142857
vt 0.4642857142857143 0.49977375
vt 0.5459306547619048 0.14880952380952384
vt 0.5416666666666666 0.14758172619047627
vt 0.5459306547619048 0.1249998809523809
vt 0.5686858333333333 0.23840023809523814
vt 0.5714285714285714 0.23218029761904768
vt 0.5714285714285714 0.3237049404761905
vt 0.5654761904761905 0.34523809523809523
vt 0.5965136904761904 0.9464285714285714
vt 0.5299744047619048 0.9464285714285714
vt 0.552372619047619 0.9285714285714286
vt 0.5741708333333333 0.9285714285714286
vt 0.20262916666666667 0.4642857142857143
vt 0.20262916666666667 0.3477136904761904
vt 0.21078750000000002 0.3952839285714286
vt 0.21106130952380953 0.4264607142857143
vt 0.48235535714285716 0.8988095238095238
vt 0.5488946428571428 0.8988095238095238
vt 0.5268255952380952 0.9281404761904762
vt 0.5045892857142857 0.9285714285714286
vt 0.4227833333333334 0.31775952380952377
vt 0.42857142857142855 0.27033273809523806
vt 0.42857142857142855 0.38690476190476186
vt 0.4226190476190476 0.34879226190476187
vt 0.7560612499999999 0.7202380952380952
vt 0.750408630952381 0.7061608928571428
vt 0.7823294642857144 0.7061608928571428
vt 0.8353695238095239 0.9583333333333334
vt 0.827947380952381 0.9539872619047619
vt 0.8669930952380953 0.9539872619047619
vt 0.5577439285714286 0.19047619047619047
vt 0.5538632142857143 0.18357214285714296
vt 0.5577439285714286 0.14232488095238105
vt 0.13334964285714287 0.3035714285714286
vt 0.1196265476190476 0.29556392857142855
vt 0.13334964285714287 0.2621420238095238
vt 0.7303670833333333 0.5636684523809523
vt 0.7380603571428571 0.5773809523809523
vt 0.6964634523809524 0.5773809523809523
vt 0.845384761904762 0.4482569047619047
vt 0.8522573809523809 0.45238095238095233
vt 0.8039926190476191 0.45238095238095233
vt 0.03573035714285714 0.13386559523809516
vt 0.040162500000000004 0.14141482142857142
vt 0.03573035714285714 0.17261904761904767
vt 0.2147245238095238 0.21848255952380957
vt 0.22872785714285712 0.2236452976190476
vt 0.2147245238095238 0.25
vt 0.5833333333333334 0.9761904761904762
vt 0.5178571428571429 0.9761904761904762
vt 0.5178571428571429 0.9523809523809523
vt 0.5833333333333334 0.9523809523809523
vt 0.5 0.7261904761904762
vt 0.43452380952380953 0.7261904761904762
vt 0.43452380952380953 0.6904761904761905
vt 0.5 0.6904761904761905
vt 0.8999627976190476 0.47023809523809523
vt 0.8931925595238096 0.47023809523809523
vt 0.8931824404761906 0.4642857142857143
vt 0.8999723214285714 0.4642857142857143
vt 0.22091845238095237 0.5178571428571428
vt 0.220725 0.29166666666666663
vt 0.22719166666666665 0.29166666666666663
vt 0.2269982142857143 0.5178571428571428
vt 0.6135821428571429 0.20833333333333337
vt 0.6135446428571429 0.16666666666666663
vt 0.6200863095238095 0.16666666666666663
vt 0.6200488095238095 0.20833333333333337
vt 0.3694970238095238 0.16666666666666663
vt 0.3694732142857143 0.1428571428571429
vt 0.3760625 0.1428571428571429
vt 0.3760386904761905 0.16666666666666663
vt 0.3694732142857143 0.22619047619047616
vt 0.3693827380952381 0.17261904761904767
vt 0.37615297619047616 0.17261904761904767
vt 0.3760625 0.22619047619047616
vt 0.625 0.31536672619047623
vt 0.625 0.22470238095238093
vt 0.6309523809523809 0.22477904761904755
vt 0.6309523809523809 0.3154439880952381
vt 0.8872560714285714 0.6011904761904762
vt 0.7916666666666666 0.6011904761904762
vt 0.7916945833333334 0.5985986904761905
vt 0.8873227380952381 0.5986092261904762
vt 0.41672779761904766 0.7857142857142857
vt 0.47401154761904757 0.7857142857142857
vt 0.4739497619047619 0.7916666666666666
vt 0.4166666666666667 0.7916666666666666
vt 0.2857142857142857 0.14235077380952377
vt 0.2857142857142857 0.11458333333333337
vt 0.2887168452380952 0.11465011904761913
vt 0.2886830357142857 0.14240000000000008
vt 0.8630952380952381 0.4457211904761904
vt 0.8630952380952381 0.4442272619047619
vt 0.8928571428571429 0.44345238095238093
vt 0.8928571428571429 0.44494630952380954
vt 0.8154761904761905 0.6904761904761905
vt 0.8452380952380952 0.6904761904761905
vt 0.8452380952380952 0.6964285714285714
vt 0.8154761904761905 0.6964285714285714
vt 0.6845538690476191 0.8690476190476191
vt 0.7380812499999999 0.8690476190476191
vt 0.7380651785714286 0.875
vt 0.6845377976190476 0.875
vt 0.14285714285714285 0.38689821428571436
vt 0.14285714285714285 0.3472658928571428
vt 0.1488095238095238 0.34727244047619044
vt 0.1488095238095238 0.38690476190476186
vt 0.7847000595238095 0.31547619047619047
vt 0.7560396428571429 0.30952380952380953
vt 0.8198532142857143 0.30952380952380953
vt 0.8153071428571428 0.31504333333333334
vt 0.5408098214285714 0.8224529166666666
vt 0.5476189285714286 0.8511904761904762
vt 0.48214297619047625 0.8511904761904762
vt 0.48728577380952376 0.822604761904762
vt 0.19642857142857142 0.16276732142857142
vt 0.19642857142857142 0.22619047619047616
vt 0.19047619047619047 0.19745583333333339
vt 0.19060279761904764 0.16706803571428575
vt 0.2619047619047619 0.1675154166666667
vt 0.2619047619047619 0.2321428571428571
vt 0.2561968452380952 0.22547142857142854
vt 0.25595238095238093 0.17178833333333343
vt 0.9041504761904762 0.4420030952380952
vt 0.9041504761904762 0.4464285714285714
vt 0.8994209523809524 0.44205523809523817
vt 0.26785714285714285 0.16751809523809535
vt 0.27380952380952384 0.17189178571428576
vt 0.27380952380952384 0.2256352380952381
vt 0.2683539285714286 0.2321428571428571
vt 0.45566023809523815 0.09844994047619049
vt 0.4523809523809524 0.10119047619047616
vt 0.4523809523809524 0.09342184523809527
vt 0.4206967857142857 0.09357535714285725
vt 0.4206967857142857 0.10119047619047616
vt 0.41710083333333337 0.096383630952381
vt 0.8404278571428572 0.2512851785714285
vt 0.8368908928571428 0.25595238095238093
vt 0.8316174999999999 0.25595238095238093
vt 0.7920126190476191 0.2515232142857142
vt 0.8217020238095238 0.5714285714285714
vt 0.8217020238095238 0.5670030952380952
vt 0.8613336904761905 0.5711844642857142
vt 0.40476190476190477 0.177080119047619
vt 0.4107142857142857 0.17389559523809528
vt 0.4107142857142857 0.24123892857142848
vt 0.40536886904761904 0.24404761904761907
vt 0.21875 0.11904761904761907
vt 0.21875 0.20767565476190475
vt 0.2157467261904762 0.20769619047619037
vt 0.5223214285714286 0.11904761904761907
vt 0.5223214285714286 0.2077471428571429
vt 0.5193205357142857 0.11916982142857147
vt 0.5298261904761905 0.26534398809523807
vt 0.5357142857142857 0.2544295833333333
vt 0.5357142857142857 0.36904761904761907
vt 0.5297619047619048 0.36290999999999995
vt 0.5178734523809524 0.22081898809523803
vt 0.5238095238095238 0.21525166666666673
vt 0.5238095238095238 0.3214285714285714
vt 0.5178571428571429 0.31148374999999995
vt 0.05953696428571428 0.22728928571428564
vt 0.06547619047619048 0.2378211309523809
vt 0.06547619047619048 0.3334102976190476
vt 0.05952380952380952 0.3392857142857143
vt 0.6369047619047619 0.2330134523809525
vt 0.6428571428571429 0.23884309523809522
vt 0.6428571428571429 0.32924946428571433
vt 0.637087619047619 0.3392857142857143
vt 0.661416011904762 0.20238095238095233
vt 0.6547619047619048 0.19432023809523813
vt 0.6547619047619048 0.16657005952380943
vt 0.6614318452380952 0.1693950595238095
vt 0.20515922619047616 0.22023809523809523
vt 0.20238095238095238 0.21354839285714278
vt 0.20238095238095238 0.12492017857142856
vt 0.20479773809523807 0.11433029761904767
vt 0.047619047619047616 0.1693163095238096
vt 0.05357142857142857 0.17887297619047615
vt 0.05357142857142857 0.23615648809523815
vt 0.04769571428571428 0.23809523809523814
vt 0.20238095238095238 0.23337696428571442
vt 0.20833333333333334 0.2299822619047619
vt 0.20833333333333334 0.33604672619047615
vt 0.20240636904761905 0.3392857142857143
vt 0.5335799404761905 0.24226482142857142
vt 0.5297619047619048 0.24404761904761907
vt 0.5297619047619048 0.13798303571428572
vt 0.5335263690476191 0.13599160714285707
vt 0.6964285714285714 0.18109404761904757
vt 0.7023809523809523 0.18430500000000005
vt 0.7023809523809523 0.2521181547619048
vt 0.6971805952380953 0.26190476190476186
vt 0.6190476190476191 0.21726190476190477
vt 0.6190476190476191 0.31482958333333333
vt 0.6130952380952381 0.31490321428571433
vt 0.6131220238095237 0.2172757738095238
vt 0.8824404761904762 0.43452380952380953
vt 0.7920339285714286 0.43452380952380953
vt 0.7919200000000001 0.43194440476190477
vt 0.8823851190476191 0.43190523809523806
vt 0.8720238095238095 0.7321428571428572
vt 0.8042103571428572 0.7321428571428572
vt 0.8041595833333333 0.7291396428571428
vt 0.8719658928571429 0.7291741071428571
vt 0.7991651785714285 0.16666666666666663
vt 0.797671011904762 0.16666666666666663
vt 0.7990491071428572 0.11309523809523814
vt 0.8005432738095237 0.11309523809523814
vt 0.7804422619047618 0.6488095238095238
vt 0.8341863690476191 0.6488095238095238
vt 0.8341404761904763 0.6547619047619048
vt 0.7803969642857143 0.6547619047619048
vt 0.4490970238095238 0.1964285714285714
vt 0.4476028571428572 0.1964285714285714
vt 0.4493986904761905 0.13095238095238093
vt 0.45089285714285715 0.13095238095238093
vt 0.24521011904761908 0.375
vt 0.2384202380952381 0.375
vt 0.23819523809523813 0.26190476190476186
vt 0.24543571428571426 0.26190476190476186
vt 0.03632041666666667 0.0803571428571429
vt 0.03720238095238095 0.0821964285714285
vt 0.03632041666666667 0.09425595238095241
vt 0.21839208333333332 0.0982142857142857
vt 0.21839208333333332 0.11211273809523803
vt 0.21428571428571427 0.10173666666666659
vt 0.570206011904762 0.22272196428571434
vt 0.5654761904761905 0.22534845238095236
vt 0.5654761904761905 0.15476190476190477
vt 0.1790855357142857 0.5347813690476191
vt 0.1790855357142857 0.47051255952380955
vt 0.21351017857142857 0.47023809523809523
vt 0.21377160714285712 0.5343126190476191
vt 0.4085130357142857 0.8438258333333333
vt 0.32783035714285713 0.8291882142857143
vt 0.32783035714285713 0.7872023809523809
vt 0.40877678571428566 0.7886250595238096
vt 0.6567425595238096 0.5972585119047619
vt 0.6585773809523809 0.6071428571428572
vt 0.566125 0.6049970238095238
vt 0.566125 0.5969570238095239
vt 0.3775320238095238 0.2964118452380953
vt 0.36949178571428576 0.29649148809523806
vt 0.36949178571428576 0.24119922619047618
vt 0.3775035119047619 0.2321428571428571
vt 0.42488910714285716 0.7261904761904762
vt 0.33427107142857143 0.7261904761904762
vt 0.3340394642857143 0.6915006547619048
vt 0.415507619047619 0.6917441666666666
vt 0.035984047619047624 0.4985380952380952
vt 0.035984047619047624 0.41705773809523816
vt 0.054789761904761904 0.41666666666666663
vt 0.05463791666666666 0.49258642857142854
vt 0.4050597619047619 0.4694544047619048
vt 0.4050597619047619 0.39353392857142855
vt 0.4238092857142857 0.3928571428571429
vt 0.4237614880952381 0.46284619047619047
vt 0.45370190476190475 0.46242928571428565
vt 0.4357142857142857 0.4697458333333333
vt 0.4357142857142857 0.4000491666666667
vt 0.45334976190476195 0.3991071428571429
vt 0.6716858928571429 0.9464285714285714
vt 0.6080940476190476 0.9464285714285714
vt 0.6071428571428571 0.93226375
vt 0.6659695833333333 0.9321124404761905
vt 0.6906844642857143 0.5892857142857143
vt 0.6318520833333333 0.5892857142857143
vt 0.6309523809523809 0.57502
vt 0.684985119047619 0.5749448214285714
vt 0.5773809523809523 0.41666666666666663
vt 0.6252889285714286 0.41666666666666663
vt 0.6331782142857143 0.43452380952380953
vt 0.5791832738095238 0.4345008928571429
vt 0.625 0.9047619047619048
vt 0.6664456547619048 0.9047619047619048
vt 0.674701011904762 0.9226190476190477
vt 0.6268081547619048 0.9222295238095238
vt 0.6369047619047619 0.45238095238095233
vt 0.671424880952381 0.45238095238095233
vt 0.680083630952381 0.47023809523809523
vt 0.63864625 0.4700963690476191
vt 0.6785714285714286 0.6726190476190477
vt 0.7056585119047619 0.6726190476190477
vt 0.7143057738095239 0.6904761904761905
vt 0.6798114285714286 0.6895605952380952
vt 0.7321428571428571 0.9821428571428571
vt 0.7517620833333334 0.9821428571428571
vt 0.7600331547619048 1
vt 0.7329805952380952 0.9993410714285714
vt 0.7619047619047619 0.4752614285714285
vt 0.7619047619047619 0.4558948214285714
vt 0.7745691666666668 0.45556011904761906
vt 0.7814579166666666 0.47619047619047616
vt 0.6377658928571429 0.1834053571428571
vt 0.6436214880952381 0.20238095238095233
vt 0.6309523809523809 0.20238095238095233
vt 0.6313716666666667 0.18439351190476183
vt 0.09064095238095238 0.3794642857142857
vt 0.0954125 0.4339565476190477
vt 0.07738095238095238 0.4392216071428572
vt 0.07738095238095238 0.38115934523809525
vt 0.6071428571428571 0.6476839880952381
vt 0.6071428571428571 0.6995855952380953
vt 0.5892857142857143 0.701775
vt 0.5943830357142857 0.6473214285714286
vt 0.14285714285714285 0.3391038095238096
vt 0.14285714285714285 0.28720238095238093
vt 0.15332113095238095 0.28722107142857145
vt 0.1568377380952381 0.3374367857142857
vt 0.15476190476190477 0.45647369047619046
vt 0.15848166666666666 0.40625
vt 0.16666666666666666 0.40776851190476193
vt 0.16666666666666666 0.4568818452380953
vt 0.32142857142857145 0.3973515476190477
vt 0.32142857142857145 0.3482142857142857
vt 0.33563464285714284 0.35005559523809526
vt 0.3403076785714286 0.39752297619047616
vt 0.15476190476190477 0.3959526785714286
vt 0.15476190476190477 0.3482142857142857
vt 0.16927827380952382 0.3510082738095238
vt 0.17366267857142856 0.39779494047619046
vt 0.5926695833333333 0.7470753571428571
vt 0.6394188095238095 0.7425595238095238
vt 0.6362878571428572 0.761617738095238
vt 0.5892857142857143 0.761617738095238
vt 0.5828744047619048 0.3928571428571429
vt 0.6307752976190476 0.3928571428571429
vt 0.6239705952380953 0.4107142857142857
vt 0.5773809523809523 0.40520660714285717
vt 0.06537928571428571 0.8869047619047619
vt 0.04176357142857143 0.8869047619047619
vt 0.04196333333333333 0.8489205357142857
vt 0.3273809523809524 0.6761896428571428
vt 0.3273809523809524 0.7141738095238095
vt 0.25797089285714286 0.7142857142857143
vt 0.25595238095238093 0.5893686904761906
vt 0.5836776785714286 0.44047619047619047
vt 0.6332950595238095 0.44047619047619047
vt 0.6246279761904762 0.45833333333333337
vt 0.5773809523809523 0.45054535714285715
vt 0.6675226785714286 0.7916666666666666
vt 0.7189994642857143 0.7916666666666666
vt 0.7098805357142857 0.8035714285714286
vt 0.6607142857142857 0.7969525
vt 0.02603095238095238 0.47172619047619047
vt 0.032002380952380956 0.5331039285714285
vt 0.0007357142857142857 0.5463202380952381
vt 0.0007357142857142857 0.47822517857142854
vt 0.26884458333333333 0.39880952380952384
vt 0.2736388690476191 0.4566786904761905
vt 0.25595238095238093 0.4628694642857143
vt 0.25595238095238093 0.4012077976190477
vt 0.8571428571428571 0.6596754166666667
vt 0.8572066666666667 0.6464470238095238
vt 0.8630952380952381 0.6458333333333333
vt 0.8630952380952381 0.659165
vt 0.5892857142857143 0.10118148809523808
vt 0.5892857142857143 0.08397904761904751
vt 0.5904676785714286 0.08333333333333337
vt 0.5904881547619047 0.10075601190476191
vt 0.17261904761904762 0.15410684523809526
vt 0.17261904761904762 0.1343877976190475
vt 0.17857142857142858 0.1339285714285714
vt 0.17857142857142858 0.1537738095238096
vt 0.5773809523809523 0.10031696428571435
vt 0.5773809523809523 0.08075684523809523
vt 0.5785578571428571 0.0803571428571429
vt 0.5785893452380952 0.09998154761904754
vt 0.3392857142857143 0.13428785714285718
vt 0.34523809523809523 0.1339285714285714
vt 0.34523809523809523 0.15342815476190474
vt 0.3392977976190476 0.15360119047619047
vt 0.4762764880952381 0.13412815476190487
vt 0.48214285714285715 0.1339285714285714
vt 0.48214285714285715 0.15316321428571433
vt 0.47619047619047616 0.15327738095238086
vt 0.6428923214285714 0.1355501785714287
vt 0.6488095238095238 0.13541666666666663
vt 0.6488095238095238 0.1545341071428571
vt 0.6428571428571429 0.1545341071428571
vt 0.8991152380952381 0.3035714285714286
vt 0.9004274404761904 0.3035714285714286
vt 0.9001790476190475 0.31547619047619047
vt 0.8988095238095238 0.315401130952381
vt 0.9107142857142857 0.5505952380952381
vt 0.9107142857142857 0.5519669047619048
vt 0.8988095238095238 0.5524989285714286
vt 0.8988816071428571 0.551075357142857
vt 0.5893684523809524 0.13541666666666663
vt 0.5952380952380952 0.13554124999999995
vt 0.5952380952380952 0.15453720238095248
vt 0.5892857142857143 0.15426470238095236
vt 0.4881529166666667 0.13541666666666663
vt 0.49404761904761907 0.1356686309523809
vt 0.49404761904761907 0.1546615476190476
vt 0.4880952380952381 0.15420113095238097
vt 0.8453217857142857 0.48065476190476186
vt 0.8511904761904762 0.48107291666666663
vt 0.8511904761904762 0.4998866666666666
vt 0.8452380952380952 0.4993932738095238
vt 0.7857142857142857 0.19465922619047626
vt 0.7858600595238094 0.1607142857142857
vt 0.7916666666666666 0.16115172619047613
vt 0.7916666666666666 0.19557696428571436
vt 0.8452380952380952 0.14028869047619053
vt 0.8452380952380952 0.1607142857142857
vt 0.8392857142857143 0.1603686904761904
vt 0.8394235119047618 0.14051369047619056
vt 0.21428571428571427 0.5435657142857143
vt 0.21428571428571427 0.5654761904761905
vt 0.20833333333333334 0.5650055952380952
vt 0.20833333333333334 0.5432160119047619
vt 0.047619047619047616 0.8170705952380952
vt 0.047619047619047616 0.8392857142857143
vt 0.041666666666666664 0.8388080357142857
vt 0.041666666666666664 0.8165572619047619
vt 0.19642857142857142 0.7100625595238095
vt 0.19642857142857142 0.7321428571428572
vt 0.19047619047619047 0.7321342261904762
vt 0.19048589285714285 0.7095908333333334
vt 0.47023809523809523 0.10711744047619054
vt 0.47023809523809523 0.08333333333333337
vt 0.47236827380952384 0.08333333333333337
vt 0.4723569642857143 0.1071428571428571
vt 0.625 0.10712095238095232
vt 0.625 0.08569815476190479
vt 0.6271189880952381 0.08571595238095242
vt 0.6271269047619048 0.1071428571428571
vt 0.6369047619047619 0.1066591071428572
vt 0.6369047619047619 0.08612422619047622
vt 0.6390307738095238 0.08616916666666663
vt 0.639013630952381 0.1071428571428571
vt 0.34523809523809523 0.2970711309523809
vt 0.34523809523809523 0.28163125
vt 0.35119047619047616 0.2821575595238095
vt 0.35119047619047616 0.29761904761904767
vt 0.4583333333333333 0.37734434523809524
vt 0.4583333333333333 0.3928571428571429
vt 0.4523809523809524 0.3922361904761905
vt 0.4523983928571429 0.3768006547619047
vt 0.6488095238095238 0.10705065476190478
vt 0.6488095238095238 0.0865138095238096
vt 0.6509127380952381 0.0871980952380953
vt 0.6509210714285715 0.1071428571428571
vt 0.18452380952380953 0.15463821428571423
vt 0.18452380952380953 0.1347985119047619
vt 0.19047619047619047 0.13492273809523814
vt 0.19047619047619047 0.15476190476190477
vt 0.8511904761904762 0.6411294642857143
vt 0.8511904761904762 0.6607142857142857
vt 0.8452380952380952 0.6606416666666667
vt 0.8452458333333333 0.6410598809523809
vt 0.6666666666666666 0.14264428571428567
vt 0.6666666666666666 0.10691619047619039
vt 0.6687876190476191 0.1069780952380952
vt 0.6687692857142857 0.1428571428571429
vt 0.7261904761904762 0.8035714285714286
vt 0.7261904761904762 0.7935185714285714
vt 0.7321428571428571 0.7935683928571429
vt 0.7321428571428571 0.8032805952380953
vt 0.3630952380952381 0.18536738095238092
vt 0.3630952380952381 0.20527517857142863
vt 0.3518348214285714 0.20833333333333337
vt 0.35119047619047616 0.18945095238095244
vt 0.6845238095238095 0.18633708333333332
vt 0.6845238095238095 0.20524470238095238
vt 0.6734194642857142 0.20833333333333337
vt 0.6726190476190477 0.19055255952380956
vt 0.18452380952380953 0.21003184523809515
vt 0.18452380952380953 0.2278467261904763
vt 0.16781190476190475 0.2321428571428571
vt 0.16666666666666666 0.21588059523809533
vt 0.4583333333333333 0.5170540476190477
vt 0.4583333333333333 0.5333696428571428
vt 0.4467086904761905 0.5357142857142857
vt 0.44642857142857145 0.5202233333333333
vt 0.4166666666666667 0.5120242261904762
vt 0.4166666666666667 0.5275181547619048
vt 0.4048089880952381 0.5297619047619048
vt 0.40476190476190477 0.5150340476190476
vt 0.1488095238095238 0.1735166071428571
vt 0.1488095238095238 0.18824464285714293
vt 0.13702482142857142 0.19047619047619047
vt 0.13690476190476192 0.1765530357142857
vt 0.8214285714285714 0.5253363095238095
vt 0.8214285714285714 0.5392605357142857
vt 0.8095490476190477 0.5416666666666667
vt 0.8095238095238095 0.5286193452380952
vt 0.7619047619047619 0.174598869047619
vt 0.7619047619047619 0.1876467261904763
vt 0.7501219642857142 0.19047619047619047
vt 0.75 0.1784877380952381
vt 0.44047619047619047 0.16360833333333336
vt 0.44047619047619047 0.1755985714285715
vt 0.4286600595238095 0.1785714285714286
vt 0.42857142857142855 0.1677265476190476
vt 0.8392857142857143 0.7778236904761905
vt 0.8392857142857143 0.7886696428571428
vt 0.8274197023809523 0.7916666666666666
vt 0.8273809523809523 0.7819270238095238
vt 0.011904761904761904 0.14801351190476186
vt 0.011904761904761904 0.15775505952380953
vt 0.00008898809523809524 0.1607142857142857
vt 0 0.15209249999999996
vt 0.6011904761904762 0.8642432142857143
vt 0.6011904761904762 0.8728669642857143
vt 0.5893252380952381 0.875
vt 0.5892857142857143 0.8671832738095238
vt 0.8571428571428571 0.7817762500000001
vt 0.8571428571428571 0.78959375
vt 0.8453530357142857 0.7916666666666666
vt 0.8452380952380952 0.7846785119047619
vt 0.515056130952381 0.75
vt 0.5131564285714285 0.7559523809523809
vt 0.5 0.7549510119047619
vt 0.5015656547619047 0.75
vt 0.8656963095238096 0.5119047619047619
vt 0.8640629761904761 0.5178571428571428
vt 0.8511904761904762 0.5168913095238095
vt 0.852417738095238 0.5119047619047619
vt 0.31205142857142854 0.13690476190476186
vt 0.3107607738095238 0.1428571428571429
vt 0.2980676190476191 0.1419082142857142
vt 0.2990239880952381 0.13690476190476186
vt 0.07142857142857142 0.20238095238095233
vt 0.07142857142857142 0.18186773809523804
vt 0.08295779761904762 0.18047380952380954
vt 0.08276285714285714 0.20113875000000003
vt 0.7916666666666666 0.5238095238095238
vt 0.7916666666666666 0.5039014285714285
vt 0.8038681547619048 0.5010780952380953
vt 0.8035036904761904 0.5215817857142857
vt 0.8612032142857143 0.29761904761904767
vt 0.8601822619047619 0.3035714285714286
vt 0.8397106547619048 0.30066577380952375
vt 0.8396896428571429 0.29761904761904767
vt 0.8597520833333334 0.17261904761904767
vt 0.8396266666666666 0.1718923809523809
vt 0.8394463095238096 0.16666666666666663
vt 0.8601190476190477 0.16666666666666663
vt 0.6666666666666666 0.6116355952380952
vt 0.6733489880952381 0.6038307738095238
vt 0.7238527380952381 0.5997023809523809
vt 0.718143988095238 0.6116355952380952
vt 0.7976190476190477 0.35119047619047616
vt 0.8010216071428571 0.3392857142857143
vt 0.8160469047619048 0.3392857142857143
vt 0.812730119047619 0.35102922619047616
vt 0.7976190476190477 0.36904761904761907
vt 0.8024279761904761 0.3571428571428571
vt 0.8175419047619047 0.3571428571428571
vt 0.8129695238095238 0.36873999999999996
vt 0.08928571428571429 0.20238095238095233
vt 0.09507619047619047 0.19047619047619047
vt 0.11043916666666667 0.19047619047619047
vt 0.10486845238095237 0.2020094642857143
vt 0.7857142857142857 0.5773809523809523
vt 0.801180238095238 0.5773809523809523
vt 0.8112718452380951 0.5892857142857143
vt 0.7963131547619048 0.5889688095238095
vt 0.3130428571428571 0.15943529761904762
vt 0.2976190476190476 0.15943529761904762
vt 0.3054301190476191 0.15327380952380953
vt 0.32113113095238094 0.15354970238095234
vt 0.39285714285714285 0.7678571428571428
vt 0.400958630952381 0.7619047619047619
vt 0.4163827976190476 0.7619047619047619
vt 0.40777869047619053 0.7676557142857143
vt 0.612658511904762 0.7323625
vt 0.6037055952380952 0.7378738095238095
vt 0.5892857142857143 0.7378738095238095
vt 0.5977365476190476 0.7321428571428572
vt 0.8488314880952381 0.3392857142857143
vt 0.8632508333333333 0.3392857142857143
vt 0.8532288690476191 0.34495607142857143
vt 0.8392857142857143 0.34523809523809523
vt 0.8351113095238095 0.32621410714285715
vt 0.8228252380952382 0.3332000595238095
vt 0.8095238095238095 0.3332000595238095
vt 0.8211692261904763 0.3258928571428571
vt 0.8459419642857142 0.9226190476190477
vt 0.859243511904762 0.9226190476190477
vt 0.8459634523809524 0.928173869047619
vt 0.8333333333333334 0.9285714285714286
vt 0.8519950000000001 0.7619047619047619
vt 0.8646314880952382 0.7619047619047619
vt 0.8512124404761905 0.7675088690476191
vt 0.8392857142857143 0.7678571428571428
vt 0.8591316071428572 0.5252976190476191
vt 0.8702032738095239 0.5297482738095238
vt 0.8558776785714286 0.5297482738095238
vt 0.8452380952380952 0.5259300595238096
vt 0.8486860714285714 0.1785714285714286
vt 0.8599906547619047 0.1785714285714286
vt 0.8500572023809523 0.1842443452380952
vt 0.8392857142857143 0.18452380952380953
vt 0.8547973214285715 0.8630952380952381
vt 0.8655720833333334 0.8630952380952381
vt 0.855607380952381 0.868678869047619
vt 0.8452380952380952 0.8690476190476191
vt 0.876322380952381 0.40773809523809523
vt 0.8863373214285715 0.41045267857142864
vt 0.8726701785714285 0.41045267857142864
vt 0.8630952380952381 0.40833386904761904
vt 0.9058079166666666 0.6705417261904763
vt 0.9153922023809523 0.6726190476190477
vt 0.9020046428571428 0.6726190476190477
vt 0.8928571428571429 0.6711276785714286
vt 0.9098327380952381 0.6234469047619048
vt 0.9189709523809524 0.625
vt 0.9058302976190475 0.625
vt 0.8994814285714285 0.6235990476190476
vt 0.6792336904761905 0.14980964285714293
vt 0.6779721428571429 0.1607142857142857
vt 0.6666666666666666 0.1607142857142857
vt 0.6678308333333334 0.1498613095238096
vt 0.853086011904762 0.7452188095238095
vt 0.8511025 0.7559523809523809
vt 0.8392857142857143 0.7559523809523809
vt 0.8410373809523809 0.7454983928571428
vt 0.5466310119047619 0.49418297619047613
vt 0.5447868452380953 0.5051979761904761
vt 0.5297619047619048 0.5051979761904761
vt 0.5316304761904762 0.49404761904761907
vt 0.6748746428571428 0.16666666666666663
vt 0.6872718452380953 0.16666666666666663
vt 0.6846148214285714 0.1785714285714286
vt 0.6726190476190477 0.17817416666666663
vt 0.829631488095238 0.7976190476190477
vt 0.8414858928571428 0.7976190476190477
vt 0.8387321428571429 0.8095238095238095
vt 0.8273809523809523 0.8090827976190477
vt 0.8056914285714285 0.9880952380952381
vt 0.8217945238095238 0.9880952380952381
vt 0.8190227976190476 1
vt 0.8035714285714286 0.9993923809523809
vt 0.5238095238095238 0.9351861904761904
vt 0.5238095238095238 0.9440094047619048
vt 0.5119939880952381 0.9464285714285714
vt 0.5119047619047619 0.9380031547619048
vt 0.15846154761904763 0.14629630952380945
vt 0.1488095238095238 0.14880952380952384
vt 0.1488095238095238 0.1407673214285714
vt 0.1583819642857143 0.13787089285714282
vt 0.861027380952381 0.8960680357142857
vt 0.8511904761904762 0.8988095238095238
vt 0.8511904761904762 0.8911302380952381
vt 0.8608800595238095 0.888027738095238
vt 0.15395464285714286 0.2764731547619048
vt 0.14285714285714285 0.27976190476190477
vt 0.14285714285714285 0.27247166666666667
vt 0.15382119047619047 0.2687973809523809
vt 0.8523545238095238 0.97787375
vt 0.8392857142857143 0.9821428571428571
vt 0.8392857142857143 0.9753214880952381
vt 0.8521418452380952 0.9705880952380952
vt 0.7847502976190477 0.14829666666666663
vt 0.7825724404761905 0.15476190476190477
vt 0.7678571428571429 0.15476190476190477
vt 0.7700831547619048 0.1488261904761905
vt 0.3263676190476191 0.7202380952380952
vt 0.3238111904761905 0.7261904761904762
vt 0.30952380952380953 0.7256306547619047
vt 0.3120583928571429 0.7202380952380952
vt 0.6353442857142857 0.6137344047619048
vt 0.632956369047619 0.6190476190476191
vt 0.6190476190476191 0.6190476190476191
vt 0.6214923809523809 0.6142641666666667
vt 0.8571428571428571 0.8173414880952381
vt 0.8571428571428571 0.8227158928571429
vt 0.8452380952380952 0.8273809523809523
vt 0.8454017261904762 0.8223761309523809
vt 0.32812928571428573 0.10872642857142856
vt 0.3256780357142857 0.11309523809523814
vt 0.31547619047619047 0.11309523809523814
vt 0.3179750595238095 0.1091151785714285
vt 0.8788880952380952 0.3829560119047619
vt 0.8763360119047618 0.38690476190476186
vt 0.8630952380952381 0.38690476190476186
vt 0.8657044047619048 0.3834581547619047
vt 0.9025259523809523 0.6572983333333333
vt 0.8998695833333333 0.6607142857142857
vt 0.8869047619047619 0.6607142857142857
vt 0.8896284523809525 0.6578111904761905
vt 0.8704423214285714 0.5
vt 0.8675656547619047 0.5059523809523809
vt 0.85723625 0.5052485714285715
vt 0.8577147023809524 0.5
vt 0.8938648214285714 0.5178571428571428
vt 0.8935516666666666 0.5157993452380952
vt 0.9136904761904762 0.5157993452380952
vt 0.9196428571428571 0.45833333333333337
vt 0.8934497619047619 0.45833333333333337
vt 0.9133230952380952 0.45680220238095237
vt 0.7148160714285714 0.5457460119047619
vt 0.7546360714285714 0.5431547619047619
vt 0.7590022023809524 0.5533480357142857
vt 0.7083333333333334 0.5533480357142857
vt 0.6922660119047619 0.9857755952380952
vt 0.7201355952380952 0.9836309523809523
vt 0.7244268452380952 0.9985859523809524
vt 0.6845238095238095 0.9985859523809524
vt 0.7900631547619048 0.6320214285714285
vt 0.8115961904761905 0.6309523809523809
vt 0.8136661309523809 0.6420668452380952
vt 0.7857142857142857 0.6420668452380952
vt 0.7594017857142857 0.20216124999999996
vt 0.7797619047619048 0.2008928571428571
vt 0.7797619047619048 0.2128282142857143
vt 0.7559523809523809 0.2132795833333334
vt 0.8217210714285714 0.9390518452380953
vt 0.8035714285714286 0.9390518452380953
vt 0.8064123214285714 0.9277633928571428
vt 0.8222508333333333 0.9270833333333334
vt 0.13843863095238096 0.5363360119047619
vt 0.15328184523809524 0.5357142857142857
vt 0.15275767857142858 0.5473980952380952
vt 0.13690476190476192 0.5473980952380952
vt 0.8399446428571429 0.4107142857142857
vt 0.8520196428571428 0.4107142857142857
vt 0.8519547619047619 0.42261904761904767
vt 0.8400089285714285 0.42261904761904767
vt 0.8040994047619047 0.7857142857142857
vt 0.8164363095238096 0.7857142857142857
vt 0.8163053571428571 0.8035714285714286
vt 0.8042303571428572 0.8035714285714286
vt 0.29236755952380955 0.19047619047619047
vt 0.2805497023809524 0.19047619047619047
vt 0.28048541666666665 0.17261904761904767
vt 0.29243125000000003 0.17261904761904767
vt 0.2688672619047619 0.1607142857142857
vt 0.25643035714285717 0.1607142857142857
vt 0.256739880952381 0.14880952380952384
vt 0.2685577380952381 0.14880952380952384
vt 0.6309523809523809 0.22477904761904755
vt 0.625 0.22470238095238093
vt 0.625 0.31536672619047623
vt 0.6309523809523809 0.3154439880952381
vt 0.7916945833333334 0.5985986904761905
vt 0.7916666666666666 0.6011904761904762
vt 0.8872560714285714 0.6011904761904762
vt 0.8873227380952381 0.5986092261904762
vt 0.4739497619047619 0.7916666666666666
vt 0.47401154761904757 0.7857142857142857
vt 0.41672779761904766 0.7857142857142857
vt 0.4166666666666667 0.7916666666666666
vt 0.2887168452380952 0.11465011904761913
vt 0.2857142857142857 0.11458333333333337
vt 0.2857142857142857 0.14235077380952377
vt 0.2886830357142857 0.14240000000000008
vt 0.8928571428571429 0.44345238095238093
vt 0.8630952380952381 0.4442272619047619
vt 0.8630952380952381 0.4457211904761904
vt 0.8928571428571429 0.44494630952380954
vt 0.8452380952380952 0.6964285714285714
vt 0.8452380952380952 0.6904761904761905
vt 0.8154761904761905 0.6904761904761905
vt 0.8154761904761905 0.6964285714285714
vt 0.7380651785714286 0.875
vt 0.7380812499999999 0.8690476190476191
vt 0.6845538690476191 0.8690476190476191
vt 0.6845377976190476 0.875
vt 0.1488095238095238 0.34727244047619044
vt 0.14285714285714285 0.3472658928571428
vt 0.14285714285714285 0.38689821428571436
vt 0.1488095238095238 0.38690476190476186
vt 0.8198532142857143 0.30952380952380953
vt 0.7560396428571429 0.30952380952380953
vt 0.7847000595238095 0.31547619047619047
vt 0.8153071428571428 0.31504333333333334
vt 0.48214297619047625 0.8511904761904762
vt 0.5476189285714286 0.8511904761904762
vt 0.5408098214285714 0.8224529166666666
vt 0.48728577380952376 0.822604761904762
vt 0.19047619047619047 0.19745583333333339
vt 0.19642857142857142 0.22619047619047616
vt 0.19642857142857142 0.16276732142857142
vt 0.19060279761904764 0.16706803571428575
vt 0.2561968452380952 0.22547142857142854
vt 0.2619047619047619 0.2321428571428571
vt 0.2619047619047619 0.1675154166666667
vt 0.25595238095238093 0.17178833333333343
vt 0.9041504761904762 0.4464285714285714
vt 0.9041504761904762 0.4420030952380952
vt 0.8994209523809524 0.44205523809523817
vt 0.27380952380952384 0.2256352380952381
vt 0.27380952380952384 0.17189178571428576
vt 0.26785714285714285 0.16751809523809535
vt 0.2683539285714286 0.2321428571428571
vt 0.4523809523809524 0.10119047619047616
vt 0.45566023809523815 0.09844994047619049
vt 0.4523809523809524 0.09342184523809527
vt 0.4206967857142857 0.10119047619047616
vt 0.4206967857142857 0.09357535714285725
vt 0.41710083333333337 0.096383630952381
vt 0.8316174999999999 0.25595238095238093
vt 0.8368908928571428 0.25595238095238093
vt 0.8404278571428572 0.2512851785714285
vt 0.7920126190476191 0.2515232142857142
vt 0.8217020238095238 0.5670030952380952
vt 0.8217020238095238 0.5714285714285714
vt 0.8613336904761905 0.5711844642857142
vt 0.4107142857142857 0.24123892857142848
vt 0.4107142857142857 0.17389559523809528
vt 0.40476190476190477 0.177080119047619
vt 0.40536886904761904 0.24404761904761907
vt 0.21875 0.20767565476190475
vt 0.21875 0.11904761904761907
vt 0.2157467261904762 0.20769619047619037
vt 0.5223214285714286 0.2077471428571429
vt 0.5223214285714286 0.11904761904761907
vt 0.5193205357142857 0.11916982142857147
vt 0.5357142857142857 0.36904761904761907
vt 0.5357142857142857 0.2544295833333333
vt 0.5298261904761905 0.26534398809523807
vt 0.5297619047619048 0.36290999999999995
vt 0.5238095238095238 0.3214285714285714
vt 0.5238095238095238 0.21525166666666673
vt 0.5178734523809524 0.22081898809523803
vt 0.5178571428571429 0.31148374999999995
vt 0.06547619047619048 0.3334102976190476
vt 0.06547619047619048 0.2378211309523809
vt 0.05953696428571428 0.22728928571428564
vt 0.05952380952380952 0.3392857142857143
vt 0.6428571428571429 0.32924946428571433
vt 0.6428571428571429 0.23884309523809522
vt 0.6369047619047619 0.2330134523809525
vt 0.637087619047619 0.3392857142857143
vt 0.6547619047619048 0.16657005952380943
vt 0.6547619047619048 0.19432023809523813
vt 0.661416011904762 0.20238095238095233
vt 0.6614318452380952 0.1693950595238095
vt 0.20238095238095238 0.12492017857142856
vt 0.20238095238095238 0.21354839285714278
vt 0.20515922619047616 0.22023809523809523
vt 0.20479773809523807 0.11433029761904767
vt 0.05357142857142857 0.23615648809523815
vt 0.05357142857142857 0.17887297619047615
vt 0.047619047619047616 0.1693163095238096
vt 0.04769571428571428 0.23809523809523814
vt 0.20833333333333334 0.33604672619047615
vt 0.20833333333333334 0.2299822619047619
vt 0.20238095238095238 0.23337696428571442
vt 0.20240636904761905 0.3392857142857143
vt 0.5297619047619048 0.13798303571428572
vt 0.5297619047619048 0.24404761904761907
vt 0.5335799404761905 0.24226482142857142
vt 0.5335263690476191 0.13599160714285707
vt 0.7023809523809523 0.2521181547619048
vt 0.7023809523809523 0.18430500000000005
vt 0.6964285714285714 0.18109404761904757
vt 0.6971805952380953 0.26190476190476186
vt 0.6130952380952381 0.31490321428571433
vt 0.6190476190476191 0.31482958333333333
vt 0.6190476190476191 0.21726190476190477
vt 0.6131220238095237 0.2172757738095238
vt 0.7919200000000001 0.43194440476190477
vt 0.7920339285714286 0.43452380952380953
vt 0.8824404761904762 0.43452380952380953
vt 0.8823851190476191 0.43190523809523806
vt 0.8041595833333333 0.7291396428571428
vt 0.8042103571428572 0.7321428571428572
vt 0.8720238095238095 0.7321428571428572
vt 0.8719658928571429 0.7291741071428571
vt 0.7990491071428572 0.11309523809523814
vt 0.797671011904762 0.16666666666666663
vt 0.7991651785714285 0.16666666666666663
vt 0.8005432738095237 0.11309523809523814
vt 0.8341404761904763 0.6547619047619048
vt 0.8341863690476191 0.6488095238095238
vt 0.7804422619047618 0.6488095238095238
vt 0.7803969642857143 0.6547619047619048
vt 0.4493986904761905 0.13095238095238093
vt 0.4476028571428572 0.1964285714285714
vt 0.4490970238095238 0.1964285714285714
vt 0.45089285714285715 0.13095238095238093
vt 0.9014695238095237 0.29377595238095233
vt 0.8988095238095238 0.29043791666666663
vt 0.8988095238095238 0.29761904761904767
vt 0.9014094047619048 0.27976190476190477
vt 0.9014094047619048 0.27258065476190474
vt 0.8988095238095238 0.2768383333333334
vt 0.5808579761904762 0.12366428571428567
vt 0.5773809523809523 0.12187017857142857
vt 0.5773809523809523 0.15476190476190477
vt 0.7230743452380952 0.14880952380952384
vt 0.7230743452380952 0.11591803571428572
vt 0.7202380952380952 0.14878119047619043
vt 0.502903869047619 0.12246845238095239
vt 0.5000723214285715 0.12229934523809527
vt 0.5000723214285715 0.19047619047619047
vt 0.40739422619047616 0.16666666666666663
vt 0.40739422619047616 0.09849023809523805
vt 0.40510577380952384 0.16612249999999995
vt 0.14285714285714285 0.20073797619047629
vt 0.14285714285714285 0.2321428571428571
vt 0.15556535714285713 0.22807660714285716
vt 0.25595238095238093 0.3392857142857143
vt 0.2790347023809524 0.3198928571428572
vt 0.25595238095238093 0.30799398809523815
vt 0.4166666666666667 0.12912851190476193
vt 0.42082726190476194 0.15476190476190477
vt 0.42082726190476194 0.12699875000000005
vt 0.35263011904761904 0.4785445833333333
vt 0.32161660714285717 0.4735999404761905
vt 0.32161660714285717 0.5416666666666667
vt 0.35397863095238097 0.5221929761904762
vt 0.3631798214285714 0.6428571428571428
vt 0.4523809523809524 0.6427889880952381
vt 0.4523809523809524 0.5991173214285714
vt 0.3630952380952381 0.5991852380952382
vt 0.5119047619047619 0.9761904761904762
vt 0.5119047619047619 0.9541227976190476
vt 0.4166666666666667 0.962245
vt 0.41791261904761906 0.9755279761904762
vt 0.31576041666666665 0.8869047619047619
vt 0.31640309523809523 0.7976190476190477
vt 0.09588857142857142 0.7976190476190477
vt 0.08984690476190475 0.8851272619047619
vt 0.5106807142857143 0.19871077380952384
vt 0.5059523809523809 0.197395
vt 0.5059523809523809 0.3035714285714286
vt 0.25655791666666666 0.9226190476190477
vt 0.4770730357142857 0.9226190476190477
vt 0.4587577976190476 0.8895833333333333
vt 0.19047619047619047 0.7011810714285714
vt 0.21817369047619048 0.7023809523809523
vt 0.24053136904761904 0.6124602976190476
vt 0.19047619047619047 0.5960436904761905
vt 0.8514033333333334 0.14571374999999998
vt 0.8511904761904762 0.14880952380952384
vt 0.8789536309523809 0.14880952380952384
vt 0.6785714285714286 0.09697499999999992
vt 0.6792416666666666 0.10119047619047616
vt 0.6823446428571428 0.10117738095238105
vt 0.6826422619047618 0.09612857142857134
vt 0.6428571428571429 0.4821428571428571
vt 0.7478138095238096 0.47556297619047627
vt 0.6428571428571429 0.47703922619047623
vt 0.9166666666666666 0.8488815476190477
vt 0.7142857142857143 0.8488815476190477
vt 0.9162160714285713 0.8511904761904762
vt 0.30379190476190476 0.9345235119047619
vt 0.30379190476190476 0.9702380952380952
vt 0.5057319047619048 0.9356509523809524
vt 0.7209814285714286 0.1964285714285714
vt 0.7269352380952381 0.1964285714285714
vt 0.7253994642857142 0.16074738095238095
vt 0.7209814285714286 0.1604463690476191
vt 0.4880952380952381 0.24960232142857142
vt 0.5 0.25
vt 0.5 0.21428553571428566
vt 0.4880952380952381 0.21388785714285707
vt 0.7380952380952381 0.2438080952380952
vt 0.75 0.24404761904761907
vt 0.75 0.20833345238095247
vt 0.7380952380952381 0.2080939285714285
vt 0.3274216071428572 0.8511904761904762
vt 0.329062619047619 0.8928571428571429
vt 0.3650180357142857 0.8914399404761905
vt 0.46424505952380957 0.8511904761904762
vt 0.23809523809523808 0.3988436904761905
vt 0.23809523809523808 0.49057130952380956
vt 0.25 0.49404761904761907
vt 0.25 0.38565785714285716
vt 0.30357142857142855 0.4013264880952381
vt 0.30357142857142855 0.5098091666666666
vt 0.31547619047619047 0.5119047619047619
vt 0.31547619047619047 0.39827880952380945
vt 0.09017595238095237 0.5535714285714286
vt 0.08928571428571429 0.6701772023809525
vt 0.14875934523809523 0.6726190476190477
vt 0.14966910714285714 0.5535714285714286
vt 0.42857142857142855 0.21231148809523803
vt 0.44047619047619047 0.2142857142857143
vt 0.44047619047619047 0.19047619047619047
vt 0.42857142857142855 0.1885020833333334
vt 0.5773809523809523 0.21309619047619055
vt 0.5892857142857143 0.2142857142857143
vt 0.5892857142857143 0.19047654761904753
vt 0.5773809523809523 0.1892862500000001
vt 0.5238095238095238 0.7607814880952382
vt 0.5833333333333334 0.7619047619047619
vt 0.5833333333333334 0.7380952976190476
vt 0.5238095238095238 0.7369720238095239
vt 0.4642857142857143 0.5354880357142857
vt 0.5238095238095238 0.5357142857142857
vt 0.5238095238095238 0.5
vt 0.4642857142857143 0.49977375
vt 0.5416666666666666 0.14758172619047627
vt 0.5459306547619048 0.14880952380952384
vt 0.5459306547619048 0.1249998809523809
vt 0.5714285714285714 0.3237049404761905
vt 0.5714285714285714 0.23218029761904768
vt 0.5686858333333333 0.23840023809523814
vt 0.5654761904761905 0.34523809523809523
vt 0.03720238095238095 0.0821964285714285
vt 0.03632041666666667 0.0803571428571429
vt 0.03632041666666667 0.09425595238095241
vt 0.21839208333333332 0.11211273809523803
vt 0.21839208333333332 0.0982142857142857
vt 0.21428571428571427 0.10173666666666659
vt 0.5654761904761905 0.22534845238095236
vt 0.570206011904762 0.22272196428571434
vt 0.5654761904761905 0.15476190476190477
vt 0.21351017857142857 0.47023809523809523
vt 0.1790855357142857 0.47051255952380955
vt 0.1790855357142857 0.5347813690476191
vt 0.21377160714285712 0.5343126190476191
vt 0.32783035714285713 0.7872023809523809
vt 0.32783035714285713 0.8291882142857143
vt 0.4085130357142857 0.8438258333333333
vt 0.40877678571428566 0.7886250595238096
vt 0.566125 0.6049970238095238
vt 0.6585773809523809 0.6071428571428572
vt 0.6567425595238096 0.5972585119047619
vt 0.566125 0.5969570238095239
vt 0.36949178571428576 0.24119922619047618
vt 0.36949178571428576 0.29649148809523806
vt 0.3775320238095238 0.2964118452380953
vt 0.3775035119047619 0.2321428571428571
vt 0.3340394642857143 0.6915006547619048
vt 0.33427107142857143 0.7261904761904762
vt 0.42488910714285716 0.7261904761904762
vt 0.415507619047619 0.6917441666666666
vt 0.054789761904761904 0.41666666666666663
vt 0.035984047619047624 0.41705773809523816
vt 0.035984047619047624 0.4985380952380952
vt 0.05463791666666666 0.49258642857142854
vt 0.4238092857142857 0.3928571428571429
vt 0.4050597619047619 0.39353392857142855
vt 0.4050597619047619 0.4694544047619048
vt 0.4237614880952381 0.46284619047619047
vt 0.4357142857142857 0.4000491666666667
vt 0.4357142857142857 0.4697458333333333
vt 0.45370190476190475 0.46242928571428565
vt 0.45334976190476195 0.3991071428571429
vt 0.6071428571428571 0.93226375
vt 0.6080940476190476 0.9464285714285714
vt 0.6716858928571429 0.9464285714285714
vt 0.6659695833333333 0.9321124404761905
vt 0.6309523809523809 0.57502
vt 0.6318520833333333 0.5892857142857143
vt 0.6906844642857143 0.5892857142857143
vt 0.684985119047619 0.5749448214285714
vt 0.6331782142857143 0.43452380952380953
vt 0.6252889285714286 0.41666666666666663
vt 0.5773809523809523 0.41666666666666663
vt 0.5791832738095238 0.4345008928571429
vt 0.674701011904762 0.9226190476190477
vt 0.6664456547619048 0.9047619047619048
vt 0.625 0.9047619047619048
vt 0.6268081547619048 0.9222295238095238
vt 0.680083630952381 0.47023809523809523
vt 0.671424880952381 0.45238095238095233
vt 0.6369047619047619 0.45238095238095233
vt 0.63864625 0.4700963690476191
vt 0.7143057738095239 0.6904761904761905
vt 0.7056585119047619 0.6726190476190477
vt 0.6785714285714286 0.6726190476190477
vt 0.6798114285714286 0.6895605952380952
vt 0.7600331547619048 1
vt 0.7517620833333334 0.9821428571428571
vt 0.7321428571428571 0.9821428571428571
vt 0.7329805952380952 0.9993410714285714
vt 0.7745691666666668 0.45556011904761906
vt 0.7619047619047619 0.4558948214285714
vt 0.7619047619047619 0.4752614285714285
vt 0.7814579166666666 0.47619047619047616
vt 0.6309523809523809 0.20238095238095233
vt 0.6436214880952381 0.20238095238095233
vt 0.6377658928571429 0.1834053571428571
vt 0.6313716666666667 0.18439351190476183
vt 0.07738095238095238 0.4392216071428572
vt 0.0954125 0.4339565476190477
vt 0.09064095238095238 0.3794642857142857
vt 0.07738095238095238 0.38115934523809525
vt 0.5892857142857143 0.701775
vt 0.6071428571428571 0.6995855952380953
vt 0.6071428571428571 0.6476839880952381
vt 0.5943830357142857 0.6473214285714286
vt 0.15332113095238095 0.28722107142857145
vt 0.14285714285714285 0.28720238095238093
vt 0.14285714285714285 0.3391038095238096
vt 0.1568377380952381 0.3374367857142857
vt 0.16666666666666666 0.40776851190476193
vt 0.15848166666666666 0.40625
vt 0.15476190476190477 0.45647369047619046
vt 0.16666666666666666 0.4568818452380953
vt 0.33563464285714284 0.35005559523809526
vt 0.32142857142857145 0.3482142857142857
vt 0.32142857142857145 0.3973515476190477
vt 0.3403076785714286 0.39752297619047616
vt 0.16927827380952382 0.3510082738095238
vt 0.15476190476190477 0.3482142857142857
vt 0.15476190476190477 0.3959526785714286
vt 0.17366267857142856 0.39779494047619046
vt 0.6362878571428572 0.761617738095238
vt 0.6394188095238095 0.7425595238095238
vt 0.5926695833333333 0.7470753571428571
vt 0.5892857142857143 0.761617738095238
vt 0.6239705952380953 0.4107142857142857
vt 0.6307752976190476 0.3928571428571429
vt 0.5828744047619048 0.3928571428571429
vt 0.5773809523809523 0.40520660714285717
vt 0.04176357142857143 0.8869047619047619
vt 0.06537928571428571 0.8869047619047619
vt 0.04196333333333333 0.8489205357142857
vt 0.25797089285714286 0.7142857142857143
vt 0.3273809523809524 0.7141738095238095
vt 0.3273809523809524 0.6761896428571428
vt 0.25595238095238093 0.5893686904761906
vt 0.6246279761904762 0.45833333333333337
vt 0.6332950595238095 0.44047619047619047
vt 0.5836776785714286 0.44047619047619047
vt 0.5773809523809523 0.45054535714285715
vt 0.7098805357142857 0.8035714285714286
vt 0.7189994642857143 0.7916666666666666
vt 0.6675226785714286 0.7916666666666666
vt 0.6607142857142857 0.7969525
vt 0.0007357142857142857 0.5463202380952381
vt 0.032002380952380956 0.5331039285714285
vt 0.02603095238095238 0.47172619047619047
vt 0.0007357142857142857 0.47822517857142854
vt 0.25595238095238093 0.4628694642857143
vt 0.2736388690476191 0.4566786904761905
vt 0.26884458333333333 0.39880952380952384
vt 0.25595238095238093 0.4012077976190477
vt 0.8630952380952381 0.6458333333333333
vt 0.8572066666666667 0.6464470238095238
vt 0.8571428571428571 0.6596754166666667
vt 0.8630952380952381 0.659165
vt 0.5904676785714286 0.08333333333333337
vt 0.5892857142857143 0.08397904761904751
vt 0.5892857142857143 0.10118148809523808
vt 0.5904881547619047 0.10075601190476191
vt 0.17857142857142858 0.1339285714285714
vt 0.17261904761904762 0.1343877976190475
vt 0.17261904761904762 0.15410684523809526
vt 0.17857142857142858 0.1537738095238096
vt 0.5785578571428571 0.0803571428571429
vt 0.5773809523809523 0.08075684523809523
vt 0.5773809523809523 0.10031696428571435
vt 0.5785893452380952 0.09998154761904754
vt 0.34523809523809523 0.15342815476190474
vt 0.34523809523809523 0.1339285714285714
vt 0.3392857142857143 0.13428785714285718
vt 0.3392977976190476 0.15360119047619047
vt 0.48214285714285715 0.15316321428571433
vt 0.48214285714285715 0.1339285714285714
vt 0.4762764880952381 0.13412815476190487
vt 0.47619047619047616 0.15327738095238086
vt 0.6488095238095238 0.1545341071428571
vt 0.6488095238095238 0.13541666666666663
vt 0.6428923214285714 0.1355501785714287
vt 0.6428571428571429 0.1545341071428571
vt 0.9001790476190475 0.31547619047619047
vt 0.9004274404761904 0.3035714285714286
vt 0.8991152380952381 0.3035714285714286
vt 0.8988095238095238 0.315401130952381
vt 0.8988095238095238 0.5524989285714286
vt 0.9107142857142857 0.5519669047619048
vt 0.9107142857142857 0.5505952380952381
vt 0.8988816071428571 0.551075357142857
vt 0.5952380952380952 0.15453720238095248
vt 0.5952380952380952 0.13554124999999995
vt 0.5893684523809524 0.13541666666666663
vt 0.5892857142857143 0.15426470238095236
vt 0.49404761904761907 0.1546615476190476
vt 0.49404761904761907 0.1356686309523809
vt 0.4881529166666667 0.13541666666666663
vt 0.4880952380952381 0.15420113095238097
vt 0.8511904761904762 0.4998866666666666
vt 0.8511904761904762 0.48107291666666663
vt 0.8453217857142857 0.48065476190476186
vt 0.8452380952380952 0.4993932738095238
vt 0.7916666666666666 0.16115172619047613
vt 0.7858600595238094 0.1607142857142857
vt 0.7857142857142857 0.19465922619047626
vt 0.7916666666666666 0.19557696428571436
vt 0.8392857142857143 0.1603686904761904
vt 0.8452380952380952 0.1607142857142857
vt 0.8452380952380952 0.14028869047619053
vt 0.8394235119047618 0.14051369047619056
vt 0.20833333333333334 0.5650055952380952
vt 0.21428571428571427 0.5654761904761905
vt 0.21428571428571427 0.5435657142857143
vt 0.20833333333333334 0.5432160119047619
vt 0.041666666666666664 0.8388080357142857
vt 0.047619047619047616 0.8392857142857143
vt 0.047619047619047616 0.8170705952380952
vt 0.041666666666666664 0.8165572619047619
vt 0.19047619047619047 0.7321342261904762
vt 0.19642857142857142 0.7321428571428572
vt 0.19642857142857142 0.7100625595238095
vt 0.19048589285714285 0.7095908333333334
vt 0.47236827380952384 0.08333333333333337
vt 0.47023809523809523 0.08333333333333337
vt 0.47023809523809523 0.10711744047619054
vt 0.4723569642857143 0.1071428571428571
vt 0.6271189880952381 0.08571595238095242
vt 0.625 0.08569815476190479
vt 0.625 0.10712095238095232
vt 0.6271269047619048 0.1071428571428571
vt 0.6390307738095238 0.08616916666666663
vt 0.6369047619047619 0.08612422619047622
vt 0.6369047619047619 0.1066591071428572
vt 0.639013630952381 0.1071428571428571
vt 0.35119047619047616 0.2821575595238095
vt 0.34523809523809523 0.28163125
vt 0.34523809523809523 0.2970711309523809
vt 0.35119047619047616 0.29761904761904767
vt 0.4523809523809524 0.3922361904761905
vt 0.4583333333333333 0.3928571428571429
vt 0.4583333333333333 0.37734434523809524
vt 0.4523983928571429 0.3768006547619047
vt 0.6509127380952381 0.0871980952380953
vt 0.6488095238095238 0.0865138095238096
vt 0.6488095238095238 0.10705065476190478
vt 0.6509210714285715 0.1071428571428571
vt 0.19047619047619047 0.13492273809523814
vt 0.18452380952380953 0.1347985119047619
vt 0.18452380952380953 0.15463821428571423
vt 0.19047619047619047 0.15476190476190477
vt 0.8452380952380952 0.6606416666666667
vt 0.8511904761904762 0.6607142857142857
vt 0.8511904761904762 0.6411294642857143
vt 0.8452458333333333 0.6410598809523809
vt 0.6687876190476191 0.1069780952380952
vt 0.6666666666666666 0.10691619047619039
vt 0.6666666666666666 0.14264428571428567
vt 0.6687692857142857 0.1428571428571429
vt 0.7321428571428571 0.7935683928571429
vt 0.7261904761904762 0.7935185714285714
vt 0.7261904761904762 0.8035714285714286
vt 0.7321428571428571 0.8032805952380953
vt 0.3607317261904762 0.3742283333333334
vt 0.3560485119047619 0.4251441071428571
vt 0.37527369047619047 0.42280613095238095
vt 0.37813529761904763 0.3742283333333334
vt 0.5998382142857143 0.5891369047619047
vt 0.5994850595238095 0.5712797619047618
vt 0.5355784523809524 0.5712797619047618
vt 0.5357798809523809 0.5890842857142857
vt 0.019586130952380952 0.3983630952380952
vt 0.0005952380952380953 0.3986799404761905
vt 0.0005952380952380953 0.4625873214285714
vt 0.019152738095238094 0.46201458333333334
vt 0.12993994047619048 0.45643791666666667
vt 0.1477861904761905 0.45462184523809523
vt 0.14987958333333334 0.3946748809523809
vt 0.1320032738095238 0.39491267857142864
vt 0.5529449404761905 0.4501529761904761
vt 0.5709452976190476 0.4479995238095238
vt 0.5740799404761905 0.3902597023809524
vt 0.5562300595238096 0.3902597023809524
vt 0.5158482142857143 0.43093666666666675
vt 0.5339097023809524 0.4286561904761905
vt 0.5376429761904762 0.3755445833333333
vt 0.519806130952381 0.3755445833333333
vt 0.028038273809523808 0.40781
vt 0.046113214285714285 0.4057128571428572
vt 0.05078404761904762 0.3547960714285714
vt 0.03285190476190476 0.3547960714285714
vt 0.6699167857142857 0.731857619047619
vt 0.6673578571428571 0.7140423809523809
vt 0.6211476785714286 0.7148489880952381
vt 0.6214206547619048 0.7280847023809524
vt 0.5644883928571429 0.6995411904761905
vt 0.5825254761904761 0.6972632142857143
vt 0.5860346428571428 0.6418402976190476
vt 0.5682613095238095 0.6418402976190476
vt 0.6143102976190477 0.3221408333333333
vt 0.6121544047619047 0.3845313690476191
vt 0.6264227976190476 0.38367154761904754
vt 0.6286061904761905 0.3221408333333333
vt 0.38086089285714286 0.3665441071428571
vt 0.3819504166666667 0.3041260714285714
vt 0.3700390476190476 0.30440136904761905
vt 0.3690441071428571 0.3676330952380953
vt 0.018767142857142857 0.7825181547619048
vt 0.01933482142857143 0.7192772023809524
vt 0.0014728571428571427 0.7197339285714286
vt 0.0011920238095238095 0.7834114285714286
vt 0.05246749999999999 0.06935208333333331
vt 0.14315267857142858 0.07640005952380946
vt 0.14315267857142858 0.0357115476190476
vt 0.1961070238095238 0.029997083333333396
vt 0.19673035714285714 0.06570613095238098
vt 0.2866575 0.028889404761904713
vt 0.3518348214285714 0.20833333333333337
vt 0.3630952380952381 0.20527517857142863
vt 0.3630952380952381 0.18536738095238092
vt 0.35119047619047616 0.18945095238095244
vt 0.6734194642857142 0.20833333333333337
vt 0.6845238095238095 0.20524470238095238
vt 0.6845238095238095 0.18633708333333332
vt 0.6726190476190477 0.19055255952380956
vt 0.16781190476190475 0.2321428571428571
vt 0.18452380952380953 0.2278467261904763
vt 0.18452380952380953 0.21003184523809515
vt 0.16666666666666666 0.21588059523809533
vt 0.4467086904761905 0.5357142857142857
vt 0.4583333333333333 0.5333696428571428
vt 0.4583333333333333 0.5170540476190477
vt 0.44642857142857145 0.5202233333333333
vt 0.4048089880952381 0.5297619047619048
vt 0.4166666666666667 0.5275181547619048
vt 0.4166666666666667 0.5120242261904762
vt 0.40476190476190477 0.5150340476190476
vt 0.13702482142857142 0.19047619047619047
vt 0.1488095238095238 0.18824464285714293
vt 0.1488095238095238 0.1735166071428571
vt 0.13690476190476192 0.1765530357142857
vt 0.8095490476190477 0.5416666666666667
vt 0.8214285714285714 0.5392605357142857
vt 0.8214285714285714 0.5253363095238095
vt 0.8095238095238095 0.5286193452380952
vt 0.7501219642857142 0.19047619047619047
vt 0.7619047619047619 0.1876467261904763
vt 0.7619047619047619 0.174598869047619
vt 0.75 0.1784877380952381
vt 0.4286600595238095 0.1785714285714286
vt 0.44047619047619047 0.1755985714285715
vt 0.44047619047619047 0.16360833333333336
vt 0.42857142857142855 0.1677265476190476
vt 0.8274197023809523 0.7916666666666666
vt 0.8392857142857143 0.7886696428571428
vt 0.8392857142857143 0.7778236904761905
vt 0.8273809523809523 0.7819270238095238
vt 0.00008898809523809524 0.1607142857142857
vt 0.011904761904761904 0.15775505952380953
vt 0.011904761904761904 0.14801351190476186
vt 0 0.15209249999999996
vt 0.5893252380952381 0.875
vt 0.6011904761904762 0.8728669642857143
vt 0.6011904761904762 0.8642432142857143
vt 0.5892857142857143 0.8671832738095238
vt 0.8453530357142857 0.7916666666666666
vt 0.8571428571428571 0.78959375
vt 0.8571428571428571 0.7817762500000001
vt 0.8452380952380952 0.7846785119047619
vt 0.5 0.7549510119047619
vt 0.5131564285714285 0.7559523809523809
vt 0.515056130952381 0.75
vt 0.5015656547619047 0.75
vt 0.8511904761904762 0.5168913095238095
vt 0.8640629761904761 0.5178571428571428
vt 0.8656963095238096 0.5119047619047619
vt 0.852417738095238 0.5119047619047619
vt 0.2980676190476191 0.1419082142857142
vt 0.3107607738095238 0.1428571428571429
vt 0.31205142857142854 0.13690476190476186
vt 0.2990239880952381 0.13690476190476186
vt 0.08295779761904762 0.18047380952380954
vt 0.07142857142857142 0.18186773809523804
vt 0.07142857142857142 0.20238095238095233
vt 0.08276285714285714 0.20113875000000003
vt 0.8038681547619048 0.5010780952380953
vt 0.7916666666666666 0.5039014285714285
vt 0.7916666666666666 0.5238095238095238
vt 0.8035036904761904 0.5215817857142857
vt 0.8397106547619048 0.30066577380952375
vt 0.8601822619047619 0.3035714285714286
vt 0.8612032142857143 0.29761904761904767
vt 0.8396896428571429 0.29761904761904767
vt 0.8394463095238096 0.16666666666666663
vt 0.8396266666666666 0.1718923809523809
vt 0.8597520833333334 0.17261904761904767
vt 0.8601190476190477 0.16666666666666663
vt 0.7238527380952381 0.5997023809523809
vt 0.6733489880952381 0.6038307738095238
vt 0.6666666666666666 0.6116355952380952
vt 0.718143988095238 0.6116355952380952
vt 0.8160469047619048 0.3392857142857143
vt 0.8010216071428571 0.3392857142857143
vt 0.7976190476190477 0.35119047619047616
vt 0.812730119047619 0.35102922619047616
vt 0.8175419047619047 0.3571428571428571
vt 0.8024279761904761 0.3571428571428571
vt 0.7976190476190477 0.36904761904761907
vt 0.8129695238095238 0.36873999999999996
vt 0.11043916666666667 0.19047619047619047
vt 0.09507619047619047 0.19047619047619047
vt 0.08928571428571429 0.20238095238095233
vt 0.10486845238095237 0.2020094642857143
vt 0.8112718452380951 0.5892857142857143
vt 0.801180238095238 0.5773809523809523
vt 0.7857142857142857 0.5773809523809523
vt 0.7963131547619048 0.5889688095238095
vt 0.3054301190476191 0.15327380952380953
vt 0.2976190476190476 0.15943529761904762
vt 0.3130428571428571 0.15943529761904762
vt 0.32113113095238094 0.15354970238095234
vt 0.4163827976190476 0.7619047619047619
vt 0.400958630952381 0.7619047619047619
vt 0.39285714285714285 0.7678571428571428
vt 0.40777869047619053 0.7676557142857143
vt 0.5892857142857143 0.7378738095238095
vt 0.6037055952380952 0.7378738095238095
vt 0.612658511904762 0.7323625
vt 0.5977365476190476 0.7321428571428572
vt 0.8532288690476191 0.34495607142857143
vt 0.8632508333333333 0.3392857142857143
vt 0.8488314880952381 0.3392857142857143
vt 0.8392857142857143 0.34523809523809523
vt 0.8095238095238095 0.3332000595238095
vt 0.8228252380952382 0.3332000595238095
vt 0.8351113095238095 0.32621410714285715
vt 0.8211692261904763 0.3258928571428571
vt 0.8459634523809524 0.928173869047619
vt 0.859243511904762 0.9226190476190477
vt 0.8459419642857142 0.9226190476190477
vt 0.8333333333333334 0.9285714285714286
vt 0.8512124404761905 0.7675088690476191
vt 0.8646314880952382 0.7619047619047619
vt 0.8519950000000001 0.7619047619047619
vt 0.8392857142857143 0.7678571428571428
vt 0.8558776785714286 0.5297482738095238
vt 0.8702032738095239 0.5297482738095238
vt 0.8591316071428572 0.5252976190476191
vt 0.8452380952380952 0.5259300595238096
vt 0.8500572023809523 0.1842443452380952
vt 0.8599906547619047 0.1785714285714286
vt 0.8486860714285714 0.1785714285714286
vt 0.8392857142857143 0.18452380952380953
vt 0.855607380952381 0.868678869047619
vt 0.8655720833333334 0.8630952380952381
vt 0.8547973214285715 0.8630952380952381
vt 0.8452380952380952 0.8690476190476191
vt 0.8726701785714285 0.41045267857142864
vt 0.8863373214285715 0.41045267857142864
vt 0.876322380952381 0.40773809523809523
vt 0.8630952380952381 0.40833386904761904
vt 0.9020046428571428 0.6726190476190477
vt 0.9153922023809523 0.6726190476190477
vt 0.9058079166666666 0.6705417261904763
vt 0.8928571428571429 0.6711276785714286
vt 0.9058302976190475 0.625
vt 0.9189709523809524 0.625
vt 0.9098327380952381 0.6234469047619048
vt 0.8994814285714285 0.6235990476190476
vt 0.6666666666666666 0.1607142857142857
vt 0.6779721428571429 0.1607142857142857
vt 0.6792336904761905 0.14980964285714293
vt 0.6678308333333334 0.1498613095238096
vt 0.8392857142857143 0.7559523809523809
vt 0.8511025 0.7559523809523809
vt 0.853086011904762 0.7452188095238095
vt 0.8410373809523809 0.7454983928571428
vt 0.5297619047619048 0.5051979761904761
vt 0.5447868452380953 0.5051979761904761
vt 0.5466310119047619 0.49418297619047613
vt 0.5316304761904762 0.49404761904761907
vt 0.6846148214285714 0.1785714285714286
vt 0.6872718452380953 0.16666666666666663
vt 0.6748746428571428 0.16666666666666663
vt 0.6726190476190477 0.17817416666666663
vt 0.8387321428571429 0.8095238095238095
vt 0.8414858928571428 0.7976190476190477
vt 0.829631488095238 0.7976190476190477
vt 0.8273809523809523 0.8090827976190477
vt 0.8190227976190476 1
vt 0.8217945238095238 0.9880952380952381
vt 0.8056914285714285 0.9880952380952381
vt 0.8035714285714286 0.9993923809523809
vt 0.5119939880952381 0.9464285714285714
vt 0.5238095238095238 0.9440094047619048
vt 0.5238095238095238 0.9351861904761904
vt 0.5119047619047619 0.9380031547619048
vt 0.1488095238095238 0.1407673214285714
vt 0.1488095238095238 0.14880952380952384
vt 0.15846154761904763 0.14629630952380945
vt 0.1583819642857143 0.13787089285714282
vt 0.8511904761904762 0.8911302380952381
vt 0.8511904761904762 0.8988095238095238
vt 0.861027380952381 0.8960680357142857
vt 0.8608800595238095 0.888027738095238
vt 0.14285714285714285 0.27247166666666667
vt 0.14285714285714285 0.27976190476190477
vt 0.15395464285714286 0.2764731547619048
vt 0.15382119047619047 0.2687973809523809
vt 0.8392857142857143 0.9753214880952381
vt 0.8392857142857143 0.9821428571428571
vt 0.8523545238095238 0.97787375
vt 0.8521418452380952 0.9705880952380952
vt 0.7678571428571429 0.15476190476190477
vt 0.7825724404761905 0.15476190476190477
vt 0.7847502976190477 0.14829666666666663
vt 0.7700831547619048 0.1488261904761905
vt 0.30952380952380953 0.7256306547619047
vt 0.3238111904761905 0.7261904761904762
vt 0.3263676190476191 0.7202380952380952
vt 0.3120583928571429 0.7202380952380952
vt 0.6190476190476191 0.6190476190476191
vt 0.632956369047619 0.6190476190476191
vt 0.6353442857142857 0.6137344047619048
vt 0.6214923809523809 0.6142641666666667
vt 0.8452380952380952 0.8273809523809523
vt 0.8571428571428571 0.8227158928571429
vt 0.8571428571428571 0.8173414880952381
vt 0.8454017261904762 0.8223761309523809
vt 0.31547619047619047 0.11309523809523814
vt 0.3256780357142857 0.11309523809523814
vt 0.32812928571428573 0.10872642857142856
vt 0.3179750595238095 0.1091151785714285
vt 0.8630952380952381 0.38690476190476186
vt 0.8763360119047618 0.38690476190476186
vt 0.8788880952380952 0.3829560119047619
vt 0.8657044047619048 0.3834581547619047
vt 0.8869047619047619 0.6607142857142857
vt 0.8998695833333333 0.6607142857142857
vt 0.9025259523809523 0.6572983333333333
vt 0.8896284523809525 0.6578111904761905
vt 0.85723625 0.5052485714285715
vt 0.8675656547619047 0.5059523809523809
vt 0.8704423214285714 0.5
vt 0.8577147023809524 0.5
vt 0.8935516666666666 0.5157993452380952
vt 0.8938648214285714 0.5178571428571428
vt 0.9136904761904762 0.5157993452380952
vt 0.8934497619047619 0.45833333333333337
vt 0.9196428571428571 0.45833333333333337
vt 0.9133230952380952 0.45680220238095237
vt 0.7590022023809524 0.5533480357142857
vt 0.7546360714285714 0.5431547619047619
vt 0.7148160714285714 0.5457460119047619
vt 0.7083333333333334 0.5533480357142857
vt 0.7244268452380952 0.9985859523809524
vt 0.7201355952380952 0.9836309523809523
vt 0.6922660119047619 0.9857755952380952
vt 0.6845238095238095 0.9985859523809524
vt 0.8136661309523809 0.6420668452380952
vt 0.8115961904761905 0.6309523809523809
vt 0.7900631547619048 0.6320214285714285
vt 0.7857142857142857 0.6420668452380952
vt 0.7797619047619048 0.2128282142857143
vt 0.7797619047619048 0.2008928571428571
vt 0.7594017857142857 0.20216124999999996
vt 0.7559523809523809 0.2132795833333334
vt 0.8064123214285714 0.9277633928571428
vt 0.8035714285714286 0.9390518452380953
vt 0.8217210714285714 0.9390518452380953
vt 0.8222508333333333 0.9270833333333334
vt 0.15275767857142858 0.5473980952380952
vt 0.15328184523809524 0.5357142857142857
vt 0.13843863095238096 0.5363360119047619
vt 0.13690476190476192 0.5473980952380952
vt 0.14315267857142858 0.07640005952380946
vt 0.05246749999999999 0.06935208333333331
vt 0.14315267857142858 0.0357115476190476
vt 0.19673035714285714 0.06570613095238098
vt 0.1961070238095238 0.029997083333333396
vt 0.2866575 0.028889404761904713
vt 0.37527369047619047 0.42280613095238095
vt 0.3560485119047619 0.4251441071428571
vt 0.3607317261904762 0.3742283333333334
vt 0.37813529761904763 0.3742283333333334
vt 0.5355784523809524 0.5712797619047618
vt 0.5994850595238095 0.5712797619047618
vt 0.5998382142857143 0.5891369047619047
vt 0.5357798809523809 0.5890842857142857
vt 0.0005952380952380953 0.4625873214285714
vt 0.0005952380952380953 0.3986799404761905
vt 0.019586130952380952 0.3983630952380952
vt 0.019152738095238094 0.46201458333333334
vt 0.14987958333333334 0.3946748809523809
vt 0.1477861904761905 0.45462184523809523
vt 0.12993994047619048 0.45643791666666667
vt 0.1320032738095238 0.39491267857142864
vt 0.5740799404761905 0.3902597023809524
vt 0.5709452976190476 0.4479995238095238
vt 0.5529449404761905 0.4501529761904761
vt 0.5562300595238096 0.3902597023809524
vt 0.5376429761904762 0.3755445833333333
vt 0.5339097023809524 0.4286561904761905
vt 0.5158482142857143 0.43093666666666675
vt 0.519806130952381 0.3755445833333333
vt 0.05078404761904762 0.3547960714285714
vt 0.046113214285714285 0.4057128571428572
vt 0.028038273809523808 0.40781
vt 0.03285190476190476 0.3547960714285714
vt 0.6211476785714286 0.7148489880952381
vt 0.6673578571428571 0.7140423809523809
vt 0.6699167857142857 0.731857619047619
vt 0.6214206547619048 0.7280847023809524
vt 0.5860346428571428 0.6418402976190476
vt 0.5825254761904761 0.6972632142857143
vt 0.5644883928571429 0.6995411904761905
vt 0.5682613095238095 0.6418402976190476
vt 0.6264227976190476 0.38367154761904754
vt 0.6121544047619047 0.3845313690476191
vt 0.6143102976190477 0.3221408333333333
vt 0.6286061904761905 0.3221408333333333
vt 0.3700390476190476 0.30440136904761905
vt 0.3819504166666667 0.3041260714285714
vt 0.38086089285714286 0.3665441071428571
vt 0.3690441071428571 0.3676330952380953
vt 0.0014728571428571427 0.7197339285714286
vt 0.01933482142857143 0.7192772023809524
vt 0.018767142857142857 0.7825181547619048
vt 0.0011920238095238095 0.7834114285714286
vt 0.5953075 0.08076857142857141
vt 0.7148980357142857 0.06196571428571418
vt 0.7018704761904763 0.0009779761904761264
vt 0.6094066666666667 0
vt 0.8854532738095238 0.023809523809523836
vt 0.953562261904762 0.11165005952380946
vt 0.9761904761904762 0.030154464285714222
vt 0.744077380952381 0.042612142857142876
vt 0.8258947023809524 0.06590130952380946
vt 0.8639571428571429 0.042612142857142876
vt 0.8636666071428571 0.023809523809523836
vt 0.7018704761904763 0.0009779761904761264
vt 0.7148980357142857 0.06196571428571418
vt 0.5953075 0.08076857142857141
vt 0.6094066666666667 0
vt 0.953562261904762 0.11165005952380946
vt 0.8854532738095238 0.023809523809523836
vt 0.9761904761904762 0.030154464285714222
vt 0.8639571428571429 0.042612142857142876
vt 0.8258947023809524 0.06590130952380946
vt 0.744077380952381 0.042612142857142876
vt 0.8636666071428571 0.023809523809523836
vt 0.8999725595238095 0.5654761904761905
vt 0.8999725595238095 0.5640060714285715
vt 0.9106935714285714 0.5634838095238095
vt 0.9136904761904762 0.5652982738095238
vt 0.8035714285714286 0.24404761904761907
vt 0.7857142857142857 0.24404761904761907
vt 0.7860751785714286 0.22875803571428577
vt 0.8035714285714286 0.22764964285714284
vt 0 0.20035863095238093
vt 0.017857142857142856 0.19607178571428563
vt 0.017857142857142856 0.21426119047619052
vt 0.00039238095238095243 0.2142857142857143
vt 0.2947753571428572 0.2142857142857143
vt 0.28102136904761904 0.2142857142857143
vt 0.28216452380952384 0.19939577380952378
vt 0.3020833333333333 0.1992817857142858
vt 0.822555119047619 0.47023809523809523
vt 0.8363095238095238 0.47023809523809523
vt 0.8314145238095237 0.4821428571428571
vt 0.8215794642857143 0.47955773809523816
vt 0.3090550595238095 0.11056238095238091
vt 0.30952380952380953 0.11309523809523814
vt 0.29878958333333333 0.11309523809523814
vt 0.29922875 0.10794511904761905
vt 0.9106935714285714 0.5634838095238095
vt 0.8999725595238095 0.5640060714285715
vt 0.8999725595238095 0.5654761904761905
vt 0.9136904761904762 0.5652982738095238
vt 0.7860751785714286 0.22875803571428577
vt 0.7857142857142857 0.24404761904761907
vt 0.8035714285714286 0.24404761904761907
vt 0.8035714285714286 0.22764964285714284
vt 0.017857142857142856 0.21426119047619052
vt 0.017857142857142856 0.19607178571428563
vt 0 0.20035863095238093
vt 0.00039238095238095243 0.2142857142857143
vt 0.28216452380952384 0.19939577380952378
vt 0.28102136904761904 0.2142857142857143
vt 0.2947753571428572 0.2142857142857143
vt 0.3020833333333333 0.1992817857142858
vt 0.8314145238095237 0.4821428571428571
vt 0.8363095238095238 0.47023809523809523
vt 0.822555119047619 0.47023809523809523
vt 0.8215794642857143 0.47955773809523816
vt 0.29878958333333333 0.11309523809523814
vt 0.30952380952380953 0.11309523809523814
vt 0.3090550595238095 0.11056238095238091
vt 0.29922875 0.10794511904761905
vt 0.7142857142857143 0.15476190476190477
vt 0.7089079761904762 0.1370382142857144
vt 0.7142857142857143 0.13568196428571422
vt 0.7071133928571429 0.3395147023809524
vt 0.7127976190476191 0.3571428571428571
vt 0.6869751785714285 0.3571428571428571
vt 0.6791524404761905 0.33865630952380954
vt 0.07204125 0.23213505952380964
vt 0.07204125 0.2145213690476191
vt 0.08573755952380953 0.21373184523809519
vt 0.09375 0.2321428571428571
vt 0.7089079761904762 0.1370382142857144
vt 0.7142857142857143 0.15476190476190477
vt 0.7142857142857143 0.13568196428571422
vt 0.6869751785714285 0.3571428571428571
vt 0.7127976190476191 0.3571428571428571
vt 0.7071133928571429 0.3395147023809524
vt 0.6791524404761905 0.33865630952380954
vt 0.08573755952380953 0.21373184523809519
vt 0.07204125 0.2145213690476191
vt 0.07204125 0.23213505952380964
vt 0.09375 0.2321428571428571
vt 0.7619047619047619 0.4135957738095237
vt 0.7619047619047619 0.43452380952380953
vt 0.7380952380952381 0.4341179761904762
vt 0.7381932142857143 0.415038869047619
vt 0.7380952380952381 0.4341179761904762
vt 0.7619047619047619 0.43452380952380953
vt 0.7619047619047619 0.4135957738095237
vt 0.7381932142857143 0.415038869047619
vt 0.7501860119047619 0.9761904761904762
vt 0.7501860119047619 0.9588996428571428
vt 0.7759855357142856 0.9584413095238096
vt 0.7765997023809523 0.9757211904761904
vt 0.7562325 0.12016827380952377
vt 0.7616246428571428 0.12161297619047617
vt 0.7562325 0.13095238095238093
vt 0.4166666666666667 0.5059523809523809
vt 0.4107142857142857 0.5059523809523809
vt 0.4107142857142857 0.5
vt 0.4166666666666667 0.5
vt 0.869327738095238 0.17518440476190478
vt 0.8747198809523811 0.17373970238095227
vt 0.8747198809523811 0.18452380952380953
vt 0.39880952380952384 0.7797619047619048
vt 0.39285714285714285 0.7797619047619048
vt 0.39285714285714285 0.7738095238095238
vt 0.39880952380952384 0.7738095238095238
vt 0.8908520833333333 0.5243699404761905
vt 0.8922968452380952 0.5297619047619048
vt 0.8815126785714286 0.5297619047619048
vt 0.10119047619047619 0.9702380952380952
vt 0.09523809523809523 0.9702380952380952
vt 0.09523809523809523 0.9642857142857143
vt 0.10119047619047619 0.9642857142857143
vt 0.8803920833333333 0.35175071428571436
vt 0.8789473214285715 0.3571428571428571
vt 0.8696079166666667 0.35175071428571436
vt 0.18452380952380953 0.625
vt 0.17857142857142858 0.625
vt 0.17857142857142858 0.6190476190476191
vt 0.18452380952380953 0.6190476190476191
vt 0.8789473214285715 0.20294119047619052
vt 0.8803920833333333 0.20833333333333337
vt 0.8696079166666667 0.20833333333333337
vt 0.2857142857142857 0.4642857142857143
vt 0.27976190476190477 0.4642857142857143
vt 0.27976190476190477 0.45833333333333337
vt 0.2857142857142857 0.45833333333333337
vt 0.8922968452380952 0.13151279761904766
vt 0.8908520833333333 0.13690476190476186
vt 0.8815126785714286 0.13151279761904766
vt 0 0.7976190476190477
vt 0 0.7916666666666666
vt 0.005952380952380952 0.7916666666666666
vt 0.005952380952380952 0.7976190476190477
vt 0.2616246428571428 0.12355505952380952
vt 0.25623250000000003 0.125
vt 0.25623250000000003 0.11421577380952386
vt 0.03571428571428571 0.5416666666666667
vt 0.041666666666666664 0.5416666666666667
vt 0.041666666666666664 0.5476190476190477
vt 0.03571428571428571 0.5476190476190477
vt 0.8747198809523811 0.375
vt 0.869327738095238 0.3735550595238095
vt 0.8747198809523811 0.36421577380952375
vt 0 0.6785714285714286
vt 0.005952380952380952 0.6785714285714286
vt 0.005952380952380952 0.6845238095238095
vt 0 0.6845238095238095
vt 0.8866245238095238 0.75
vt 0.881232619047619 0.748555238095238
vt 0.8866245238095238 0.7392158928571428
vt 0.1130952380952381 0.9761904761904762
vt 0.11904761904761904 0.9761904761904762
vt 0.11904761904761904 0.9821428571428571
vt 0.1130952380952381 0.9821428571428571
vt 0.882957619047619 0.9166666666666666
vt 0.8815126785714286 0.9112745833333333
vt 0.8922968452380952 0.9112745833333333
vt 0.31547619047619047 0.7857142857142857
vt 0.32142857142857145 0.7857142857142857
vt 0.32142857142857145 0.7916666666666666
vt 0.31547619047619047 0.7916666666666666
vt 0.8696079166666667 0.4821428571428571
vt 0.8710528571428572 0.4767507738095238
vt 0.8803920833333333 0.4821428571428571
vt 0.5119047619047619 0.6369047619047619
vt 0.5178571428571429 0.6369047619047619
vt 0.5178571428571429 0.6428571428571428
vt 0.5119047619047619 0.6428571428571428
vt 0.10175077380952381 0.11309523809523814
vt 0.1031955357142857 0.10770327380952394
vt 0.11253494047619048 0.11309523809523814
vt 0.18452380952380953 0.75
vt 0.18452380952380953 0.7440476190476191
vt 0.19047619047619047 0.7440476190476191
vt 0.19047619047619047 0.75
vt 0.869327738095238 0.9356444642857142
vt 0.8747198809523811 0.9370891666666666
vt 0.869327738095238 0.9464285714285714
vt 0.875 0.9166666666666666
vt 0.8630952380952381 0.9166666666666666
vt 0.8630952380952381 0.9107142857142857
vt 0.875 0.9107142857142857
vt 0.8336134523809523 0.12161297619047617
vt 0.8390055952380953 0.12016827380952377
vt 0.8390055952380953 0.13095238095238093
vt 0.011904761904761904 0.13690476190476186
vt 0 0.13690476190476186
vt 0 0.13095238095238093
vt 0.011904761904761904 0.13095238095238093
vt 0.8908520833333333 0.571988988095238
vt 0.8922968452380952 0.5773809523809523
vt 0.8815126785714286 0.5773809523809523
vt 0.42857142857142855 0.8869047619047619
vt 0.4166666666666667 0.8869047619047619
vt 0.4166666666666667 0.8809523809523809
vt 0.42857142857142855 0.8809523809523809
vt 0.8922968452380952 0.9827030952380953
vt 0.8908520833333333 0.9880952380952381
vt 0.8815126785714286 0.9827030952380953
vt 0.7380952380952381 0.6904761904761905
vt 0.7261904761904762 0.6904761904761905
vt 0.7261904761904762 0.6845238095238095
vt 0.7380952380952381 0.6845238095238095
vt 0.8729949404761905 0.13151261904761902
vt 0.8744397023809524 0.13690476190476186
vt 0.8636555357142858 0.13690476190476186
vt 0.875 0.9761904761904762
vt 0.8630952380952381 0.9761904761904762
vt 0.8630952380952381 0.9702380952380952
vt 0.875 0.9702380952380952
vt 0.2494397023809524 0.10770327380952394
vt 0.24799494047619047 0.11309523809523814
vt 0.23865553571428572 0.10770327380952394
vt 0 0.8869047619047619
vt 0 0.875
vt 0.005952380952380952 0.875
vt 0.005952380952380952 0.8869047619047619
vt 0.023529404761904762 0.12950744047619045
vt 0.018137261904761906 0.13095238095238093
vt 0.018137261904761906 0.12016815476190479
vt 0.8630952380952381 0.9821428571428571
vt 0.875 0.9821428571428571
vt 0.875 0.9880952380952381
vt 0.8630952380952381 0.9880952380952381
vt 0.8747198809523811 0.33333333333333337
vt 0.869327738095238 0.3318883928571429
vt 0.8747198809523811 0.3225491071428571
vt 0.40476190476190477 0.47619047619047616
vt 0.4166666666666667 0.47619047619047616
vt 0.4166666666666667 0.4821428571428571
vt 0.40476190476190477 0.4821428571428571
vt 0.8866245238095238 0.125
vt 0.881232619047619 0.12355523809523816
vt 0.8866245238095238 0.11421589285714284
vt 0.11904761904761904 0.48809523809523814
vt 0.13095238095238096 0.48809523809523814
vt 0.13095238095238096 0.49404761904761907
vt 0.11904761904761904 0.49404761904761907
vt 0.882957619047619 0.8095238095238095
vt 0.8815126785714286 0.8041317261904761
vt 0.8922968452380952 0.8041317261904761
vt 0.5476190476190477 0.9166666666666666
vt 0.5595238095238095 0.9166666666666666
vt 0.5595238095238095 0.9226190476190477
vt 0.5476190476190477 0.9226190476190477
vt 0.8696079166666667 0.9285714285714286
vt 0.8710528571428572 0.9231793452380952
vt 0.8803920833333333 0.9285714285714286
vt 0.07142857142857142 0.13095238095238093
vt 0.08333333333333333 0.13095238095238093
vt 0.08333333333333333 0.13690476190476186
vt 0.07142857142857142 0.13690476190476186
vt 0.8874650595238096 0.8690476190476191
vt 0.8889098214285714 0.8636556547619048
vt 0.8982492261904762 0.8690476190476191
vt 0.023809523809523808 0.7678571428571428
vt 0.023809523809523808 0.7559523809523809
vt 0.02976190476190476 0.7559523809523809
vt 0.02976190476190476 0.7678571428571428
vt 0.15081458333333334 0.13095238095238093
vt 0.14936982142857141 0.12556023809523809
vt 0.1601539880952381 0.12556023809523809
vt 0.6964285714285714 0.48809523809523814
vt 0.6964285714285714 0.49404761904761907
vt 0.6904761904761905 0.49404761904761907
vt 0.6904761904761905 0.48809523809523814
vt 0.458893630952381 0.13095238095238093
vt 0.46033839285714284 0.12556023809523809
vt 0.4696777976190476 0.13095238095238093
vt 0.6666666666666666 0.8273809523809523
vt 0.6666666666666666 0.8333333333333334
vt 0.6607142857142857 0.8333333333333334
vt 0.6607142857142857 0.8273809523809523
vt 0.017576904761904762 0.11309523809523814
vt 0.012184999999999998 0.11165047619047619
vt 0.017576904761904762 0.10231113095238087
vt 0.5952380952380952 0.9523809523809523
vt 0.5952380952380952 0.9583333333333334
vt 0.5892857142857143 0.9583333333333334
vt 0.5892857142857143 0.9523809523809523
vt 0.005672261904761905 0.12355523809523816
vt 0.0002801190476190476 0.125
vt 0.0002801190476190476 0.11421589285714284
vt 0.6488095238095238 0.9523809523809523
vt 0.6488095238095238 0.9583333333333334
vt 0.6428571428571429 0.9583333333333334
vt 0.6428571428571429 0.9523809523809523
vt 0.8866246428571429 0.9464285714285714
vt 0.8812325 0.9449838095238096
vt 0.8866246428571429 0.9356444642857142
vt 0.7261904761904762 0.45833333333333337
vt 0.7261904761904762 0.4642857142857143
vt 0.7202380952380952 0.4642857142857143
vt 0.7202380952380952 0.45833333333333337
vt 0.1247197619047619 0.11165047619047619
vt 0.11932785714285715 0.11309523809523814
vt 0.11932785714285715 0.10231113095238087
vt 0.5952380952380952 0.9285714285714286
vt 0.6011904761904762 0.9285714285714286
vt 0.6011904761904762 0.9345238095238095
vt 0.5952380952380952 0.9345238095238095
vt 0.8803920833333333 0.8993698214285715
vt 0.8789471428571428 0.9047619047619048
vt 0.8696079166666667 0.8993698214285715
vt 0.6845238095238095 0.45833333333333337
vt 0.6845238095238095 0.45238095238095233
vt 0.6904761904761905 0.45238095238095233
vt 0.6904761904761905 0.45833333333333337
vt 0.8908519047619047 0.7922269642857143
vt 0.8922968452380952 0.7976190476190477
vt 0.8815126785714286 0.7976190476190477
vt 0.34523809523809523 0.38095238095238093
vt 0.34523809523809523 0.375
vt 0.35119047619047616 0.375
vt 0.35119047619047616 0.38095238095238093
vt 0.8908520833333333 0.7565127976190476
vt 0.8922968452380952 0.7619047619047619
vt 0.8815126785714286 0.7619047619047619
vt 0.32142857142857145 0.4107142857142857
vt 0.32142857142857145 0.40476190476190477
vt 0.3273809523809524 0.40476190476190477
vt 0.3273809523809524 0.4107142857142857
vt 0.29789916666666666 0.12016815476190479
vt 0.3032913095238095 0.12161309523809527
vt 0.29789916666666666 0.13095238095238093
vt 0.625 0.47023809523809523
vt 0.625 0.4642857142857143
vt 0.6309523809523809 0.4642857142857143
vt 0.6309523809523809 0.47023809523809523
vt 0.3098039285714286 0.12161309523809527
vt 0.3151960714285714 0.12016815476190479
vt 0.3151960714285714 0.13095238095238093
vt 0.6488095238095238 0.3035714285714286
vt 0.6488095238095238 0.29761904761904767
vt 0.6547619047619048 0.29761904761904767
vt 0.6547619047619048 0.3035714285714286
vt 0.4169469047619047 0.10970821428571431
vt 0.42233880952380953 0.1082635119047618
vt 0.42233880952380953 0.11904761904761907
vt 0.6130952380952381 0.6726190476190477
vt 0.6190476190476191 0.6726190476190477
vt 0.6190476190476191 0.6785714285714286
vt 0.6130952380952381 0.6785714285714286
vt 0.8710526785714285 1
vt 0.8696079166666667 0.9946078571428572
vt 0.8803920833333333 0.9946078571428572
vt 0.375 0.13095238095238093
vt 0.375 0.13690476190476186
vt 0.3630952380952381 0.13690476190476186
vt 0.3630952380952381 0.13095238095238093
vt 0.03032220238095238 0.125
vt 0.03176696428571429 0.11960785714285715
vt 0.04110636904761905 0.125
vt 0.875 0.75
vt 0.875 0.7559523809523809
vt 0.8630952380952381 0.7559523809523809
vt 0.8630952380952381 0.75
vt 0.8829574404761905 0.5654761904761905
vt 0.8815126785714286 0.5600842261904762
vt 0.8922968452380952 0.5600842261904762
vt 0.11904761904761904 0.13095238095238093
vt 0.11904761904761904 0.13690476190476186
vt 0.10714285714285714 0.13690476190476186
vt 0.10714285714285714 0.13095238095238093
vt 0.880672261904762 0.9628409523809524
vt 0.8752801190476189 0.9642857142857143
vt 0.8752801190476189 0.9535016071428571
vt 0.25 0.13095238095238093
vt 0.25 0.13690476190476186
vt 0.23809523809523808 0.13690476190476186
vt 0.23809523809523808 0.13095238095238093
vt 0.09495797619047619 0.13095238095238093
vt 0.08956583333333333 0.1295076190476191
vt 0.09495797619047619 0.12016827380952377
vt 0.3333333333333333 0.13095238095238093
vt 0.3333333333333333 0.13690476190476186
vt 0.32142857142857145 0.13690476190476186
vt 0.32142857142857145 0.13095238095238093
vt 0.8925769047619048 0.9033171428571428
vt 0.887185 0.9047619047619048
vt 0.887185 0.8939777976190476
vt 0.2916666666666667 0.6071428571428572
vt 0.2976190476190476 0.6071428571428572
vt 0.2976190476190476 0.6190476190476191
vt 0.2916666666666667 0.6190476190476191
vt 0.33277303571428574 0.1196079166666667
vt 0.33132809523809525 0.125
vt 0.32198886904761903 0.1196079166666667
vt 0.8630952380952381 0.7440476190476191
vt 0.8630952380952381 0.7380952380952381
vt 0.875 0.7380952380952381
vt 0.875 0.7440476190476191
vt 0.8789471428571428 0.6553222023809524
vt 0.8803920833333333 0.6607142857142857
vt 0.8696079166666667 0.6607142857142857
vt 0.8630952380952381 0.7976190476190477
vt 0.8630952380952381 0.7916666666666666
vt 0.875 0.7916666666666666
vt 0.875 0.7976190476190477
vt 0.8908520833333333 0.5481794642857143
vt 0.8922968452380952 0.5535714285714286
vt 0.8815126785714286 0.5535714285714286
vt 0.8630952380952381 0.8273809523809523
vt 0.8630952380952381 0.8214285714285714
vt 0.875 0.8214285714285714
vt 0.875 0.8273809523809523
vt 0.8633753571428571 0.2511205357142857
vt 0.8687675 0.2525654761904762
vt 0.8633753571428571 0.26190476190476186
vt 0.8630952380952381 0.7857142857142857
vt 0.8630952380952381 0.7797619047619048
vt 0.875 0.7797619047619048
vt 0.875 0.7857142857142857
vt 0.869327738095238 0.6394702380952381
vt 0.8747198809523811 0.6380252976190476
vt 0.8747198809523811 0.6488095238095238
vt 0.8630952380952381 0.5595238095238095
vt 0.8630952380952381 0.5535714285714286
vt 0.875 0.5535714285714286
vt 0.875 0.5595238095238095
vt 0.1609945238095238 0.10375583333333338
vt 0.16638642857142857 0.10231113095238087
vt 0.16638642857142857 0.11309523809523814
vt 0.4107142857142857 0.5773809523809523
vt 0.4166666666666667 0.5773809523809523
vt 0.4166666666666667 0.5892857142857143
vt 0.4107142857142857 0.5892857142857143
vt 0.9955357142857143 0.3298935119047619
vt 0.9954065476190476 0.4196428571428571
vt 0.9448646428571428 0.4196428571428571
vt 0.9448646428571428 0.3305235119047619
vt 0.9448646428571428 0.3298935119047619
vt 0.9954065476190476 0.3298935119047619
vt 0.9955357142857143 0.4196428571428571
vt 0.9448646428571428 0.4190128571428572
vt 0.7445242261904762 0.8986577976190476
vt 0.7451545833333333 0.8766215476190476
vt 0.7652272023809523 0.8766215476190476
vt 0.7658575595238096 0.8986578571428572
vt 0.9895833333333334 0.43591720238095233
vt 0.9895833333333334 0.45684523809523814
vt 0.9657738095238095 0.4564394047619048
vt 0.9658717857142857 0.4373602976190476
vt 0.7380952380952381 0.4341179761904762
vt 0.7619047619047619 0.43452380952380953
vt 0.7619047619047619 0.4135957738095237
vt 0.7381932142857143 0.415038869047619
vn 0 0.9536700324540911 -0.30085456486317924
vn 0 0.9248907553784843 -0.3802329425699683
vn 0 0.9020533141765257 -0.4316246267106944
vn 0 0.885753394576991 -0.46415614182658116
vn 0 0.8755490215054248 -0.4831292900879569
vn 0 0.8700280037632934 -0.4930023049313855
vn 0 0.8674838029599902 -0.49746542754454137
vn 0 0.8511579399913628 -0.5249096695524476
vn 0 0.9903630460795873 -0.13849562072484942
vn 0 0.8252166366245636 -0.5648163441668831
vn -0.3413725260229782 0.9398147139417913 -0.014598011344020024
vn 0 0 -1
vn -0.6444484904943703 0.7633848813285589 -0.043927964424840406
vn 0 0 -1
vn -0.9996256355854901 0.020608631081764906 -0.017996472022060908
vn 0 0 -1
vn -0.9484978998915921 -0.03889511235729274 -0.3143865520914549
vn 0 0 -1
vn -0.6491871828871318 -0.1671343595935371 -0.7420391549091785
vn 0 0 -1
vn 0 -0.9852644181169506 -0.17103808462639808
vn 0 0 -1
vn 0.4326451705314453 -0.889263909490167 -0.14841784156253232
vn 0 0 -1
vn 0.8538471320743493 -0.5135843910994066 -0.08471214946783369
vn 0 0 -1
vn 0 0 -1
vn 0 0 -1
vn 0.3392692382998456 0.940265501410902 -0.02823421328721501
vn 0 0 -1
vn -0.007336903566254862 0.9999686013402241 -0.0029943579838825896
vn 0 0 -1
vn 0.9998309925614025 0.01425868248443959 -0.011605011309292708
vn 0.6773627970968168 0.7342741820467229 -0.044956275299369346
vn -0.07704095065219806 0.9800290239428091 -0.18332431413293335
vn -0.00014788281160578242 0.999697055079507 0.02461252112310224
vn 0.010707962088636952 0.9998034714717607 0.016684063681381645
vn 0.009280837739030323 0.9998289333054726 0.015999067976070213
vn 0.008295908951172652 0.9998321698535455 0.01633432032943968
vn -0.01042684418966332 0.9999350759356099 0.004596176007339266
vn 0.00230187244964016 0.9999742169319183 -0.006801974317963918
vn 0.6780482946448967 -0.56392345101936 0.4714242797306509
vn 0.002114170892161663 0.9992283904023697 -0.03921930768547746
vn -0.0022304345572752944 0.9995813966723658 -0.02884539110860371
vn -0.0004714401023692846 0.999790746892544 -0.020450921061874076
vn 0.0063632685111441175 0.9995210338593109 -0.030285502912605285
vn -0.8460708418259872 0.5193488824482375 -0.12017016647917357
vn -0.9915630790933793 -0.12544937773984183 0.03263608131414209
vn -0.07930382800350745 0.866137418219222 -0.4934742907432271
vn 0.042581636037076424 0.9878166417387388 -0.14968328756546687
vn 0.10443981352166407 0.9829136628361531 -0.15156865362461147
vn 0.2285044584588686 0.8279801370048541 -0.5120884739865197
vn 0.07606648531047393 0.9682082512547794 -0.23829954262371922
vn 0.09434431539507998 0.9836728240666062 -0.15325444641334662
vn 0.12983540875453992 0.9801870722250255 -0.14958632984492368
vn 0.46688895074951237 0.8673450918342824 -0.1724157746234364
vn 0.4694171151191808 0.8638578011371959 -0.18274920368525477
vn 0.3812003458341241 0.7657763468190925 -0.5179506569050275
vn 0.3869977686623723 0.7597688350418892 -0.5224787501415111
vn 0.3754520498179296 0.7426002788264529 -0.5545994808637937
vn 0.2960776885312445 0.7842337354126268 -0.5452664033247909
vn 0.12833614085991724 0.8541751995818125 -0.5038993583728345
vn 0.282677421464268 0.8074339586154327 -0.5178261077513613
vn 0.3347394987349423 0.8116984325992048 -0.47863882260288293
vn 0.07704095065219806 0.9800290239428091 -0.18332431413293332
vn 0.05071178521267463 0.9855982240659746 -0.16132097060996275
vn 0.34612182154610216 0.8086320581010379 -0.475724583410284
vn 0.35775831377122636 0.8187673372480246 -0.4490312198314815
vn 0.36894185451890626 0.8332481640862288 -0.4118002003776579
vn 0.367445854356276 0.8354383336214187 -0.40868855480947036
vn 0.38120395119088074 0.8526553737500171 -0.3572987002658695
vn 0.3767245138470705 0.8713821578900146 -0.31427977277838015
vn 0.38797949172467167 0.8458829735905012 -0.3659971434188483
vn 0.39300823433622506 0.8881761147618468 -0.23809182453514358
vn 0.07962441858910517 0.8697409695126586 -0.487042706459637
vn 0.07284382912173797 0.8825295683880703 -0.4645808191043292
vn 0.07391134469042054 0.8959006565736047 -0.4380629254765099
vn 0.14119524972771202 0.8612630559978404 -0.48814941342542867
vn 0.20624619108438896 0.8426323512359806 -0.4974266069619767
vn 0.2077965817760236 0.8490622099070244 -0.4857097325666847
vn 0.14226009438072795 0.8678843657864684 -0.475960915590982
vn 0.13828023815583765 0.8837241284441361 -0.44711323011203474
vn 0.2033817820210701 0.8678168815317434 -0.45335384730964207
vn 0.20375123963268654 0.8905551386162517 -0.40669027211421255
vn 0.12798395409008897 0.9132468713529115 -0.3867819275245227
vn 0.06557623647847517 0.9226841749736794 -0.37993903519177885
vn 0.04960243991171255 0.930502642117917 -0.3629110510392053
vn 0.12192583422944314 0.9139753995258779 -0.387018164959949
vn 0.18855207617748468 0.8985346459857626 -0.39633774048455234
vn 0.05345840293295372 0.9520865707005047 -0.3011201770848492
vn 0.11708152770583002 0.9484764080589142 -0.2944221785561155
vn 0.1679950873424721 0.9390420382486128 -0.2999628327488027
vn 0.16911143534459538 0.9439967767802602 -0.2833220920863225
vn 0.21225681307726568 0.8343900187742705 -0.5086652552240573
vn 0.00014788281160578258 0.999697055079507 0.02461252112310224
vn -0.01070796208863695 0.9998034714717607 0.016684063681381645
vn -0.009280837739030327 0.9998289333054726 0.015999067976070216
vn -0.008295908951172654 0.9998321698535455 0.01633432032943968
vn 0.01042684418966332 0.9999350759356099 0.004596176007339265
vn -0.0023018724496401597 0.9999742169319183 -0.006801974317963919
vn -0.6780482946449053 -0.5639234510193447 0.4714242797306568
vn -0.0021141708921616695 0.9992283904023697 -0.03921930768547747
vn 0.0022304345572752952 0.9995813966723658 -0.028845391108603707
vn 0.00047144010236928536 0.999790746892544 -0.02045092106187408
vn -0.006363268511144122 0.999521033859311 -0.030285502912605268
vn 0.8460708418259965 0.5193488824482233 -0.12017016647917089
vn 0.9915630790933774 -0.12544937773985643 0.03263608131414474
vn 0.3462204766553293 0.8161971154928918 -0.462551240627068
vn 0.3462207038880667 0.816196849947439 -0.46255153911226965
vn 0.33688357930746443 0.7934340311821616 -0.5069239510567797
vn 0.3379095285611611 0.7959322009201744 -0.5023037746682192
vn 0.1630085141535649 0.84973398480501 -0.5013784791760074
vn 0.3757215021087817 0.7534411109133715 -0.5395922953849005
vn 0.377870644070182 0.7430015212732008 -0.5524151660985561
vn 0.37300098337865284 0.7495884127934682 -0.5467974742117295
vn 0.14809845060500237 0.8539041141904207 -0.4989134320671981
vn 0.07930382800350746 0.8661374182192219 -0.493474290743227
vn -0.14809845060500235 0.8539041141904208 -0.4989134320671981
vn -0.042581636037076424 0.9878166417387388 -0.1496832875654669
vn -0.10443981352166407 0.9829136628361531 -0.15156865362461147
vn -0.22850445845886866 0.8279801370048541 -0.5120884739865197
vn -0.07606648531047391 0.9682082512547794 -0.23829954262371927
vn -0.09434431539507993 0.9836728240666062 -0.15325444641334687
vn -0.1298354087545403 0.9801870722250254 -0.14958632984492393
vn -0.46688895074951353 0.8673450918342818 -0.1724157746234363
vn -0.46941711511918216 0.8638578011371953 -0.18274920368525474
vn -0.38120034583412626 0.7657763468190903 -0.5179506569050287
vn -0.38699776866237207 0.75976883504189 -0.5224787501415106
vn -0.3754520498179291 0.7426002788264533 -0.5545994808637933
vn -0.29607768853124455 0.7842337354126268 -0.5452664033247909
vn -0.12833614085991737 0.8541751995818125 -0.5038993583728345
vn -0.282677421464268 0.8074339586154327 -0.5178261077513613
vn -0.33473949873494224 0.8116984325992048 -0.47863882260288293
vn -0.05071178521267463 0.9855982240659746 -0.16132097060996275
vn -0.34612182154610227 0.808632058101038 -0.47572458341028334
vn -0.3577583137712266 0.8187673372480242 -0.4490312198314821
vn -0.36894185451890626 0.8332481640862288 -0.4118002003776578
vn -0.3674458543562763 0.8354383336214192 -0.4086885548094695
vn -0.3812039511908806 0.8526553737500164 -0.35729870026587063
vn -0.37672451384707095 0.8713821578900148 -0.3142797727783794
vn -0.3879794917246718 0.8458829735905011 -0.3659971434188482
vn -0.39300823433622517 0.8881761147618469 -0.23809182453514333
vn -0.0796244185891052 0.8697409695126586 -0.48704270645963693
vn -0.07284382912173802 0.8825295683880703 -0.4645808191043292
vn -0.07391134469042053 0.8959006565736045 -0.4380629254765098
vn -0.14119524972771202 0.8612630559978404 -0.4881494134254286
vn -0.206246191084389 0.8426323512359806 -0.4974266069619767
vn -0.20779658177602361 0.8490622099070244 -0.4857097325666847
vn -0.14226009438072795 0.8678843657864684 -0.475960915590982
vn -0.13828023815583762 0.8837241284441361 -0.4471132301120347
vn -0.20338178202107007 0.8678168815317433 -0.45335384730964196
vn -0.20375123963268657 0.8905551386162518 -0.4066902721142127
vn -0.12798395409008897 0.9132468713529115 -0.3867819275245226
vn -0.06557623647847516 0.9226841749736794 -0.37993903519177885
vn -0.049602439911712544 0.930502642117917 -0.3629110510392053
vn -0.12192583422944314 0.9139753995258779 -0.387018164959949
vn -0.1885520761774847 0.8985346459857626 -0.3963377404845524
vn -0.05345840293295372 0.9520865707005047 -0.3011201770848492
vn -0.11708152770583002 0.9484764080589142 -0.2944221785561155
vn -0.16799508734247176 0.9390420382486128 -0.2999628327488027
vn -0.16911143534459513 0.9439967767802603 -0.28332209208632203
vn -0.21225681307726568 0.8343900187742705 -0.5086652552240573
vn -0.3462204766553298 0.8161971154928921 -0.46255124062706693
vn -0.3462207038880667 0.816196849947439 -0.46255153911226965
vn -0.3368835793074644 0.7934340311821616 -0.5069239510567797
vn -0.3379095285611614 0.7959322009201741 -0.5023037746682196
vn -0.16300851415356493 0.84973398480501 -0.5013784791760074
vn -0.37572150210878086 0.7534411109133715 -0.5395922953849007
vn -0.37787064407018217 0.7430015212732012 -0.5524151660985555
vn -0.37300098337865195 0.7495884127934687 -0.5467974742117295
vn -0.0008540897348478659 -0.0017864167538635188 -0.9999980396210318
vn -0.0008486087063081731 -0.001790858005509052 -0.9999980363435059
vn -0.0008499154646985783 -0.0017874322478626415 -0.9999980413629129
vn -0.0007157295211826955 -0.0022369369453749907 -0.999997241918374
vn -0.0006326426143041913 -0.0025766620187229186 -0.9999964802818878
vn -0.000645871286991516 -0.0025128346533931176 -0.9999966342504787
vn -0.0006458650916652581 -0.0025129221818505545 -0.999996634034531
vn -0.000645860393197194 -0.002512789290980719 -0.9999966343715022
vn -0.0006651757878426281 -0.002760371040873511 -0.9999959689383193
vn -0.0006890099099641245 -0.0029068214055185644 -0.9999955378173747
vn -0.0007614545208995375 -0.0032061243222407327 -0.9999945704621815
vn -0.0008685162190197258 -0.0035265312320077844 -0.999993404606774
vn -0.0008643467943686973 -0.0035194948409808502 -0.999993433008779
vn -0.0008637592519424637 -0.0035195669327990633 -0.9999934332627192
vn -0.0010318755463974364 -0.0032125991337093192 -0.9999943072036276
vn -0.0011897178250981073 -0.002860581204777949 -0.9999952008118177
vn -0.001251599425231349 -0.002659421445795736 -0.9999956804788971
vn -0.0012477396547673485 -0.0026840465830629844 -0.9999956195102527
vn -0.0012444391838023836 -0.002661776658120642 -0.9999956831487524
vn -0.0011675340782867848 -0.0024304952166057975 -0.9999963647719816
vn -0.0010301499092985407 -0.0021222221483805856 -0.9999972174782875
vn -0.0008464858443785777 -0.0017812975261983941 -0.9999980552185281
vn 0.008955514777098892 0.9999558980347247 -0.0028285580504199864
vn 0.009164504960320443 0.9999540040048108 -0.0028287317969652036
vn 0.009538713393009638 0.9999505031589835 -0.0028291657607558314
vn 0.010269713183571295 0.9999432603210736 -0.0028300405631446483
vn 0.29763162514201846 0.9546762385170565 -0.0029487838587476476
vn 0.7996218515460056 0.6004967980400825 -0.002913773111729587
vn 0.7972581477023705 0.6036337774656816 -0.0023892728385842155
vn -0.29373807679928443 0.9558828161883962 -0.0024462121736552552
vn -0.7636984960827232 0.645571488039657 -0.001435587423406162
vn -0.9999980404269196 0.0014955733020818084 0.0012970747159808383
vn -0.8520062495522647 -0.5235269688948255 0.0022053488796242153
vn -0.3252312887346636 -0.9456299128529276 0.0029456316392782417
vn -0.009128234143940657 -0.9999543386576292 0.0028277095319452763
vn -0.00945742610266903 -0.9999512637807243 0.0028332234019430233
vn -0.008851830939560018 -0.9999585972958241 0.002109213878520242
vn 0.19422749751461263 -0.9809530713654222 0.0025982663366011438
vn 0.8006721484781124 0.5990980173174072 -0.0023824982256573455
vn 0.9231020453909609 -0.3845549686215107 0.0002998391798170034
vn 0.5947866013462956 -0.8033880114585689 -0.028224136896806324
vn 0.802316246338296 0.596894475671614 -0.0023718714838061403
vn 0.0008540897348478659 -0.0017864167538635188 -0.9999980396210318
vn 0.0008486087063081731 -0.001790858005509052 -0.9999980363435059
vn 0.0008499154646985783 -0.0017874322478626406 -0.9999980413629129
vn 0.0007157295211826957 -0.0022369369453749907 -0.999997241918374
vn 0.0006326426143041901 -0.0025766620187229194 -0.9999964802818878
vn 0.0006458712869915157 -0.0025128346533931168 -0.9999966342504787
vn 0.0006458650916652575 -0.00251292218185056 -0.999996634034531
vn 0.0006458603931971934 -0.0025127892909807175 -0.9999966343715022
vn 0.0006651757878426269 -0.0027603710408735035 -0.9999959689383193
vn 0.0006890099099641262 -0.0029068214055185736 -0.9999955378173747
vn 0.0007614545208995347 -0.003206124322240725 -0.9999945704621815
vn 0.0008685162190197256 -0.0035265312320077844 -0.999993404606774
vn 0.0008643467943686971 -0.00351949484098085 -0.999993433008779
vn 0.0008637592519424638 -0.003519566932799063 -0.9999934332627192
vn 0.0010318755463974369 -0.003212599133709317 -0.9999943072036276
vn 0.0011897178250981073 -0.002860581204777949 -0.9999952008118177
vn 0.0012515994252313492 -0.0026594214457957353 -0.9999956804788971
vn 0.0012477396547673485 -0.0026840465830629844 -0.9999956195102527
vn 0.0012444391838023836 -0.002661776658120642 -0.9999956831487524
vn 0.001167534078286785 -0.0024304952166057975 -0.9999963647719816
vn 0.0010301499092985407 -0.002122222148380585 -0.9999972174782875
vn 0.0008464858443785776 -0.0017812975261983944 -0.9999980552185282
vn -0.008955514777098893 0.9999558980347247 -0.0028285580504199864
vn -0.009164504960320442 0.9999540040048109 -0.0028287317969652036
vn -0.00953871339300964 0.9999505031589835 -0.002829165760755831
vn -0.01026971318357129 0.9999432603210736 -0.002830040563144648
vn -0.29763162514201846 0.9546762385170565 -0.0029487838587476467
vn -0.7996218515460056 0.6004967980400825 -0.002913773111729585
vn -0.797258147702367 0.6036337774656865 -0.002389272838584232
vn 0.2937380767992845 0.9558828161883962 -0.0024462121736552557
vn 0.7636984960827231 0.6455714880396569 -0.0014355874234061598
vn 0.9999980404269198 0.0014955733020818088 0.0012970747159808387
vn 0.8520062495522644 -0.5235269688948255 0.002205348879624214
vn 0.3252312887346637 -0.9456299128529277 0.0029456316392782456
vn 0.009128234143940657 -0.9999543386576292 0.002827709531945277
vn 0.00945742610266903 -0.9999512637807243 0.0028332234019430233
vn 0.008851830939560018 -0.9999585972958241 0.002109213878520242
vn -0.1942274975146127 -0.9809530713654224 0.0025982663366011165
vn -0.8006721484781124 0.5990980173174073 -0.002382498225652341
vn -0.9231020453909571 -0.38455496862151967 0.00029983917982112456
vn -0.5947866013462932 -0.8033880114585707 -0.028224136896798892
vn -0.802316246338296 0.596894475671614 -0.0023718714838061425
vn 0.5178289653950691 0.7535307994298078 -0.4050240695422274
vn 0.5984689056502097 0.6964603324112675 -0.395951984901487
vn 0.648182070782253 0.6793637166032266 -0.34398392939130334
vn 0.8864621865145599 0.226631939212546 -0.4035130183879907
vn 0.9705022280333654 0.2391486535639553 -0.03055072635504546
vn 0.9857075743924417 0.16618645397001494 -0.027615942899735083
vn 0.3305046221002507 0.9415678952791536 -0.06493530126175823
vn 0.35563030603727935 0.9146533204772208 -0.19218841996287334
vn 0.29754097226800297 0.9253504414809364 -0.23493814137523006
vn 0.34015745911208384 0.9402614598581499 -0.014187674785942026
vn 0.07202875301454065 0.9973989585055606 -0.002678863787742854
vn 0.06960469978985724 0.9914393711405188 -0.11046790990897078
vn 0.07201870736411813 0.9973990969457307 0.0028891523743933886
vn 0.18360126454915632 0.8174511288004199 -0.5459525873909477
vn 0.3144709113655635 0.9492540666189958 0.004976234742370907
vn 0.08760825568623448 0.9404325449948765 -0.32849873949541253
vn 0.10873255898474564 0.9403971852722658 -0.3222271939930407
vn 0.20670176617072894 0.7697019856477573 -0.6040142656856718
vn 0.17083533115261443 0.8484247024164291 -0.5009898341878508
vn 0.9869661611967694 0.16092792378115417 0
vn 0.3420033101012933 0.9396458115741793 0.009974200261709669
vn 0.9847774961549357 0.1736542683180157 -0.007581435335765251
vn 0.7657399648086834 0.6425382381851773 -0.028052072377722698
vn 0.461398223692999 0.8863488405701108 -0.038696408011157646
vn 0.9848076672764094 0.17364866389810438 0
vn 0.740471751961063 0.6213354882813578 -0.2562104516796322
vn 0.43365270521464977 0.8330358116999362 -0.3435064303407499
vn 0.08061905092437295 0.9214766030629585 -0.379975576367224
vn 0.7583798369533227 0.6363622988293377 -0.14107816107141752
vn 0.453073093159712 0.8703418827581987 -0.19295019920073897
vn 0.08510525481496334 0.9727539608878029 -0.21565441609197664
vn 0.08707373207173619 0.9952536767115392 -0.043454391898433295
vn 0.9701709080701324 0.23667556529391706 -0.05246985731998576
vn 0.8450466559216495 0.494315753353839 -0.20383347443897404
vn 0 0.9244857790549746 -0.3812165320721504
vn -0.0000012376623450929967 0.9244858760380898 -0.3812162968769229
vn 0 0.9244859525954696 -0.3812161112199319
vn 0.0000014526035948430203 0.9244858760378224 -0.3812162968768126
vn 0.0000010547394323281468 0.9244862345539356 -0.3812154274411953
vn -0.0000064020229253961945 0.924485178656712 -0.38121798803713547
vn 0.0000035825837231288783 0.924485733561795 -0.38121664238051733
vn -8.188527501950338e-7 0.924486193419326 -0.3812155271973773
vn 6.236647209878995e-7 0.9244856305410657 -0.3812168922315738
vn 0.000009854843549551138 0.9244866011822341 -0.3812145382031002
vn 0.000005788975348373034 0.9244850403713045 -0.3812183234003261
vn -3.2185807721612036e-7 0.924485918398846 -0.38121619414990576
vn 0 0.9762959954771645 -0.21643966645523316
vn 0 0.9990481919258063 -0.04362006659529063
vn 0 0.8313835799755295 -0.5556989679197474
vn 0 0.9999978818567357 -0.0020582230302431015
vn 0 0.9999962249233961 -0.002747751618461773
vn 0 0.9938413595235334 -0.11081223804442912
vn 0 0.9576342489557288 -0.287987231013803
vn 0.2559559709855738 -0.615659529717737 -0.7452851027523408
vn -0.3208793029276853 0.5991958551028046 0.7334853783002505
vn -0.4476151964028339 0.883831672411651 0.13594929492747243
vn 0.4251441432229184 -0.8849598443116499 -0.18999613532688317
vn 0.17366084386868952 -0.9847952281693751 -0.0045022085294760626
vn -0.17366260188781646 0.9848051975372231 -0.00015365293709319804
vn 0.0004555907847225031 -0.0025835624243073793 -0.9999965588151974
vn -0.17365708669720836 0.9847739220160846 0.007971120178307605
vn 0.9848078483487193 0.17364545133994638 0.0008712403298204447
vn 0.9846251285276476 0.17361606486497724 -0.019256642820425624
vn 0.9796517002839116 0.19909165692705416 -0.025397997418723155
vn 0.9796515394125502 0.19909238081226938 -0.025398528089695695
vn 0.9790846463805015 0.20340385901450522 0.004486129732357983
vn 0.9790833269910468 0.20341007641601058 0.004492173257532612
vn 0.9768576237258998 0.20392675767314872 -0.06452178293805454
vn 0.9790836386529559 0.20340877102542287 0.004483346073545509
vn 0.9790813750888081 0.20341985300299398 0.004474858483695886
vn 0.9790846554109517 0.20340394331605693 0.004480332833198873
vn 0.9790826605959069 0.20341366671116132 0.004474808997161825
vn 0.5807930143846333 -0.6359769194739034 0.5081464674072778
vn 0.5807848237651536 -0.6359818606323937 0.5081496447215506
vn 0.15342530263646725 0.8127150762226089 -0.5620986402682252
vn 0.1931584126317921 0.7959104749489021 -0.5737737737960665
vn 0.2621585332094574 0.7485511453515521 -0.6090517927552183
vn 0.2825697612856535 0.7638813634847775 -0.5802065085188257
vn 0.7977839966097209 0.4812259723896539 -0.3632660984059113
vn 0.8050339057916761 0.4791841825911627 -0.3497183576540391
vn 0.8546674084565765 0.39377045715365344 -0.3383614162328827
vn 0.6991367408885196 0.5731941713446189 -0.4273830360184347
vn 0.37498086663619173 0.7361602582409856 -0.5634336019828211
vn 0.8164090447669371 0.45278940271048107 -0.35841041895545267
vn 0.9745448734923466 -0.1838080159850312 0.1283623886090972
vn -0.9769570674852429 0.15473944256651292 -0.14700541896419883
vn -0.5551943468203422 0.44681985058339335 -0.7015064207713052
vn 0.0002972127082369175 -0.0016854326531104966 0.9999985354896166
vn -0.0024174814884315205 0.013709044485556661 -0.9999031042468796
vn 0.1047446932858156 -0.593985793377421 0.7976273732102331
vn 0 0.8222790236640442 -0.569084534355052
vn 0.3264888323028556 -0.6479431743521789 0.6881676287009872
vn 0.9898110278843951 -0.1017694554295409 -0.09958467261588061
vn 0.8509538012668371 -0.5180347053864501 -0.08670451040571367
vn 0.9954476363921233 -0.09092810870147895 -0.02856715332873055
vn 0.9879864294428361 -0.1485448265665436 -0.042629212250653505
vn 0.9999802246839303 0.0049232894490496715 -0.003912986337477684
vn 0.9956720209018195 -0.09184287072979544 -0.014216676453971294
vn 0.9997345281847446 0.003919379405353309 -0.022704880979716624
vn 0.9998494409864574 -0.013363264772348267 -0.011068808142377389
vn 0.9999481783470068 -0.009930186165275037 0.002243217159770871
vn 0.9960950102120852 -0.0034374001825196207 -0.08822083036659281
vn 0.9919714618733076 0.003853104412317017 -0.12640321362734822
vn 0.9886242002989526 0.017228656954042864 -0.14941674592500087
vn 0.9606507910771225 0.06367262341535737 -0.27036245048139507
vn 0.9433823936531304 0.0867156795458514 -0.320171907365702
vn 0.9285990184955638 0.10579572840760057 -0.35568402648949676
vn 0.9135239274381207 0.13231516242802446 -0.3846644405058474
vn 0.8917352794682465 0.174025122227221 -0.41776003660652977
vn 0.8791668467431359 0.24021931823627882 -0.41153412341363527
vn 0.8360727205133254 0.2231915108482672 -0.5011665945558573
vn 0.8150430830714188 -0.567976285384237 -0.1144889164004973
vn 0.8035594669466432 -0.5807123454089573 -0.13063443255916374
vn 0.788446623680679 -0.5667830881078186 -0.23897458576489378
vn 0.7708860605246426 -0.5910402755546309 -0.23749963023361365
vn 0.7452200785607882 -0.6148248599968651 -0.25814225930615864
vn 0.7038893347309602 -0.6473442864867541 -0.2923784862211335
vn 0.6749215316837279 -0.7135059654070856 -0.18812273493172912
vn 0.6310432105889183 -0.7503802430724698 -0.19675862668795882
vn 0.9999898832245017 0.0027763830789153234 0.0035390882508107542
vn 0.99999513255572 0.0028539872265754868 -0.0012608020377455195
vn 0.5801303916871446 -0.7795679636563553 -0.23605617696134049
vn 0.5501522569009055 -0.7974578065156217 -0.2477772004324315
vn 0.8221304103137552 -0.5689009496224117 -0.021290795101525286
vn 0.8204231625906316 -0.567459839152003 -0.06996545743700414
vn 0.514157222818447 -0.7935680717398405 -0.3254106109805475
vn 0.6008044239984802 -0.7521583542645476 -0.2707246834219255
vn 0.6371847790963523 -0.725783443944758 -0.25929510173472076
vn 0.7134785877429002 -0.664412623940893 -0.222495325749496
vn 0.7550934885061302 -0.6229015013413793 -0.2045178311108804
vn 0.8185120101855988 -0.5429614902612766 -0.18769898581288
vn 0.8151824339251277 -0.5559371525033371 -0.16251609731465524
vn 0.8429572109015002 -0.5196538582585948 -0.1392228723526421
vn 0.8429315888029042 -0.5194128129556714 -0.14027354111053267
vn 0.8414513018519763 -0.5224459815815177 -0.13787640458373998
vn 0.8357600853375102 -0.536655221617911 -0.11621640532587658
vn 0.8415992971071935 -0.5350324648558896 -0.07383010672421565
vn 0.8240904596868356 -0.5660561057777553 -0.021340088211231612
vn 0.6222104819429017 0.5148784958223679 -0.5897069193252508
vn 0.6641749179212328 0.5114102335370007 -0.5452808922362437
vn 0.6985706929392153 0.49204115650241115 -0.5195137026818393
vn 0.7158149331103654 0.4887707099579263 -0.4987105118437227
vn 0.7220673005343134 0.49791675205639996 -0.4803100264627997
vn 0.7428087480656547 0.4963629481326338 -0.44928719937053085
vn 0.7539669731678167 0.5094587368838636 -0.41471146449653334
vn 0.7657208731998718 0.5348970535560953 -0.35715078950358414
vn 0.7800065016174161 0.5165769520570445 -0.3531828280622008
vn 0.8050566791843098 0.5267639015770686 -0.27277011437478943
vn 0.8006707644961264 0.5591020613232924 -0.215246862707065
vn 0.802930052315735 0.5606951174688137 -0.20229759349751164
vn 0.8043844515772858 0.576720686850463 -0.14268462923328323
vn 0.830852876710712 0.5461356527183286 -0.10686134049065417
vn 0.49868171974130987 0.46098555801498037 -0.7340360057227896
vn 0.6198296735389018 0.39125731079561704 -0.6802417897701084
vn 0.7698990231868473 0.2971612327308296 -0.5647572008021079
vn 0.8894194689730032 0.20336074985412658 -0.40936220347089763
vn 0.9254985559185167 0.17621243244987095 -0.3352634809263308
vn 0.9222100977245861 0.18313770911363875 -0.34057174744158986
vn 0.914887726583918 0.19442935324267413 -0.3538045708350104
vn 0.9135860885107524 0.20241189583791466 -0.35268949984784764
vn 0.9254655600928959 0.2038953208860599 -0.31928074668340617
vn 0.9498546146943113 0.1941630848052486 -0.24510591066482093
vn 0.9590901021383421 0.20176097415461464 -0.1985917553385485
vn 0.9619991196595598 0.21379792485321844 -0.16984740534576823
vn 0.958926217072107 0.22860193280102886 -0.16793351818922958
vn 0.9628870049774384 0.23978816066235806 -0.12389614058453008
vn 0.9626656371296736 0.26030281012133843 -0.07427865193078234
vn 0.9527421964456669 0.30257692817045717 -0.02700943632911093
vn 0.20208614052749668 0.5370322938152469 -0.8189978676444984
vn 0.40376747047458655 0.4843455708269712 -0.7761322038202315
vn 0.9320296901923472 0.36156603177513164 0.02430352374332378
vn 0.8421400390975726 0.5346408242395533 0.0704226072024461
vn 0.47275776651584955 -0.8264506780687955 -0.3057439630124757
vn 0.2841579332521493 -0.6393008042098289 -0.7145269419038957
vn 0.3796568972281857 -0.6274818887960989 -0.6797993230505214
vn 0.4636088211242809 -0.6237759208624257 -0.6292618386077352
vn 0.6041479741937799 -0.5791637845054329 -0.5473340259794712
vn 0.7619156299819105 -0.4937590225498058 -0.41914985439569097
vn 0.8320574680753212 -0.418603758384894 -0.3639385432818666
vn 0.8130294170072673 -0.4472571886127266 -0.3727521620528353
vn 0.8010674671329715 -0.4608137544567224 -0.3820230317725166
vn 0.7754744660562246 -0.5017516073060312 -0.38325536794757037
vn 0.8166960904280399 -0.45498015339010117 -0.35496557002148105
vn 0.8810676790628077 -0.3698844139165144 -0.2947969898973092
vn 0.922697579359911 -0.29853252434296895 -0.24394160971998144
vn 0.9424825340701986 -0.2560958852662805 -0.21480589033426734
vn 0.9357619843616618 -0.2766593667119716 -0.2186529291687076
vn 0.9739636557906919 -0.1578720661163994 -0.16269974781470994
vn 0.9956176775043192 0.010737960942686042 -0.09289852762933838
vn 0.9527068375073354 0.30388950011746035 0.0009238425902971502
vn 0.18985619045547725 0.5452426924333595 -0.8164955806945647
vn 0.34132525111572415 0.5221034700518657 -0.7816041450188121
vn 0.1612815113612198 -0.6592923776451383 -0.7343853449464124
vn 0.496690248697528 0.46843959076747743 -0.7306593916801357
vn 0.6161628889045383 0.4053122048675981 -0.6753260774782652
vn 0.7650440970792931 0.3184128212940392 -0.5597506630274764
vn 0.8892330406404234 0.2212839273287413 -0.4003723553635484
vn 0.9223512586219548 0.20818651589872586 -0.32546356219467254
vn 0.9188254619646988 0.22065616282722 -0.3272164852994502
vn 0.910481278931947 0.24829712627550096 -0.33071494946218316
vn 0.903564425335608 0.27039406017566486 -0.3323527967230781
vn 0.9192955460708174 0.25456332891942485 -0.30015531070400625
vn 0.9410654795200037 0.24834517495895983 -0.22960931455493966
vn 0.9527607740720305 0.24389851867721019 -0.18099839771867518
vn 0.9531353097633531 0.2624233091512449 -0.15055593012706986
vn 0.9440642932557425 0.2946695272612223 -0.1480286455493784
vn 0.9512027247354268 0.2907642651601013 -0.10329336165410903
vn 0.9486675361342713 0.31063173575962716 -0.05947966563366209
vn 0.9525207508992134 0.3041629079182148 -0.013752983426672239
vn 0.7416524843061866 0.6637488126995326 0.09689740018402268
vn 0.8287243495964454 0.5525532021591787 0.08888706975475426
vn 0.3705984649460052 -0.8496249044304961 -0.375225664835356
vn 0.2952857984194691 -0.8595403982753519 -0.41712899801431474
vn 0.2370920934476347 -0.8700817597807394 -0.43214010519907736
vn 0.19088714580564928 -0.8796389659715151 -0.4356574194372646
vn 0.1437139448838023 -0.8845109522722989 -0.4438318120147388
vn 0.08631093076138863 -0.8857281288003424 -0.4561097511377575
vn 0 0.5543985871275541 -0.8322512881281541
vn 0 0.5516355195604192 -0.8340852795483843
vn 0 -0.6660462849702088 -0.745910414377882
vn 0 -0.8882173611999693 -0.4594234639882507
vn -0.2559559709855739 -0.6156595297177365 -0.745285102752341
vn 0.32087930292768524 0.5991958551028046 0.7334853783002506
vn 0.4476151964028339 0.883831672411651 0.13594929492747246
vn -0.4251441432229132 -0.8849598443116528 -0.1899961353268819
vn -0.17366084386868713 -0.9847952281693757 -0.00450220852947612
vn 0.17366260188781404 0.9848051975372234 -0.0001536529370934364
vn -0.0004555907847224913 -0.0025835624243073798 -0.9999965588151974
vn 0.1736570866972059 0.9847739220160849 0.00797112017830752
vn -0.9848078483487197 0.1736454513399445 0.0008712403298200901
vn -0.9846251285276477 0.17361606486497688 -0.019256642820425537
vn -0.9796517002839112 0.1990916569270555 -0.025397997418723478
vn -0.9796515394125502 0.19909238081226907 -0.025398528089695865
vn -0.9790846463805026 0.20340385901450073 0.004486129732353598
vn -0.9790833269910472 0.20341007641600983 0.004492173257531963
vn -0.9768576237259001 0.20392675767314872 -0.06452178293804967
vn -0.9790836386529559 0.20340877102542293 0.004483346073540976
vn -0.9790813750888113 0.203419853002978 0.004474858483699689
vn -0.9790846554109528 0.20340394331605235 0.004480332833199359
vn -0.9790826605959073 0.20341366671115893 0.004474808997165716
vn -0.5807930143846259 -0.6359769194739073 0.508146467407281
vn -0.5807848237651474 -0.6359818606323971 0.5081496447215536
vn -0.15342530263646761 0.8127150762226089 -0.5620986402682251
vn -0.19315841263179198 0.795910474948902 -0.5737737737960664
vn -0.26215853320945726 0.7485511453515524 -0.609051792755218
vn -0.2825697612856557 0.763881363484777 -0.5802065085188253
vn -0.7977839966097185 0.48122597238965714 -0.36326609840591156
vn -0.8050339057916769 0.4791841825911619 -0.349718357654038
vn -0.85466740845658 0.3937704571536462 -0.3383614162328829
vn -0.699136740888518 0.5731941713446201 -0.42738303601843586
vn -0.37498086663619545 0.7361602582409845 -0.56343360198282
vn -0.8164090447669411 0.4527894027104776 -0.3584104189554479
vn -0.9745448734923464 -0.18380801598503133 0.1283623886090973
vn 0.976957067485236 0.154739442566538 -0.14700541896421787
vn 0.5551943468203431 0.44681985058339363 -0.7015064207713047
vn -0.0002972127082369131 -0.0016854326531104977 0.9999985354896166
vn 0.002417481488431502 0.013709044485556666 -0.9999031042468796
vn -0.10474469328581473 -0.5939857933774213 0.7976273732102329
vn -0.5178289653950706 0.7535307994298062 -0.40502406954222864
vn -0.5984689056502079 0.696460332411268 -0.3959519849014888
vn -0.6481820707822528 0.6793637166032267 -0.3439839293913037
vn -0.8864621865145595 0.22663193921254604 -0.40351301838799103
vn -0.9705022280333654 0.2391486535639553 -0.030550726355045157
vn -0.9857075743924402 0.16618645397002385 -0.02761594289973514
vn -0.3305046221002506 0.9415678952791539 -0.06493530126175821
vn -0.35563030603727913 0.9146533204772208 -0.19218841996287347
vn -0.2975409722680031 0.9253504414809364 -0.2349381413752301
vn -0.3401574591120836 0.94026145985815 -0.014187674785941913
vn -0.07202875301454065 0.9973989585055606 -0.0026788637877428593
vn -0.06960469978985724 0.9914393711405188 -0.11046790990897079
vn -0.07201870736411813 0.9973990969457307 0.0028891523743934003
vn -0.1836012645491563 0.8174511288004198 -0.5459525873909477
vn -0.31447091136556343 0.9492540666189958 0.004976234742370967
vn -0.0876082556862345 0.9404325449948767 -0.3284987394954125
vn -0.10873255898474635 0.9403971852722659 -0.32222719399304045
vn -0.2067017661707304 0.7697019856477566 -0.6040142656856718
vn -0.17083533115261432 0.8484247024164293 -0.5009898341878506
vn -0.9869661611967679 0.1609279237811631 0
vn -0.3420033101012927 0.9396458115741795 0.009974200261709639
vn -0.9847774961549357 0.1736542683180157 -0.007581435335765253
vn -0.7657399648086842 0.6425382381851762 -0.02805207237772265
vn -0.4613982236930004 0.8863488405701099 -0.03869640801115761
vn -0.9848076672764094 0.17364866389810488 0
vn -0.740471751961064 0.6213354882813567 -0.25621045167963175
vn -0.4336527052146491 0.8330358116999366 -0.34350643034075007
vn -0.080619050924373 0.9214766030629585 -0.379975576367224
vn -0.7583798369533233 0.6363622988293367 -0.14107816107141724
vn -0.4530730931597114 0.8703418827581992 -0.1929501992007391
vn -0.08510525481496334 0.9727539608878029 -0.2156544160919767
vn -0.08707373207173619 0.9952536767115392 -0.04345439189843331
vn -0.9701709080701335 0.23667556529391254 -0.05246985731998474
vn -0.8450466559216523 0.49431575335383526 -0.2038334744389725
vn -0.3264888323028766 -0.647943174352176 0.6881676287009799
vn -0.9898110278843953 -0.10176945542954223 -0.09958467261587672
vn -0.8509538012668358 -0.5180347053864524 -0.08670451040571024
vn -0.9954476363921233 -0.0909281087014796 -0.028567153328728688
vn -0.9879864294428361 -0.14854482656654458 -0.04262921225065366
vn -0.9999802246839303 0.0049232894490496715 -0.003912986337477686
vn -0.9956720209018195 -0.09184287072979508 -0.014216676453968784
vn -0.9997345281847446 0.003919379405353542 -0.022704880979716624
vn -0.9998494409864574 -0.013363264772348523 -0.011068808142377375
vn -0.9999481783470068 -0.00993018616527531 0.002243217159768622
vn -0.9960950102120852 -0.003437400182520224 -0.08822083036659258
vn -0.9919714618733079 0.0038531044123163603 -0.12640321362734672
vn -0.9886242002989525 0.017228656954042507 -0.1494167459250023
vn -0.9606507910771236 0.06367262341535615 -0.27036245048139146
vn -0.9433823936531287 0.08671567954585271 -0.32017190736570633
vn -0.9285990184955645 0.10579572840760063 -0.35568402648949493
vn -0.9135239274381208 0.13231516242802524 -0.38466444050584686
vn -0.8917352794682479 0.17402512222721828 -0.41776003660652783
vn -0.8791668467431354 0.24021931823628181 -0.4115341234136343
vn -0.8360727205133249 0.22319151084826994 -0.5011665945558564
vn -0.8150430830714187 -0.5679762853842373 -0.11448891640049708
vn -0.8035594669466428 -0.5807123454089579 -0.1306344325591627
vn -0.7884466236806781 -0.5667830881078186 -0.23897458576489675
vn -0.7708860605246428 -0.5910402755546318 -0.23749963023361037
vn -0.745220078560788 -0.6148248599968654 -0.25814225930615853
vn -0.7038893347309604 -0.647344286486754 -0.2923784862211336
vn -0.6749215316837285 -0.7135059654070852 -0.18812273493172857
vn -0.6310432105889188 -0.7503802430724694 -0.1967586266879581
vn -0.9999898832245017 0.0027763830789147665 0.003539088250810748
vn -0.99999513255572 0.002853987226574935 -0.0012608020377458413
vn -0.5801303916871442 -0.7795679636563554 -0.23605617696134168
vn -0.5501522569009067 -0.7974578065156213 -0.24777720043243048
vn -0.8221304103137557 -0.5689009496224107 -0.021290795101527354
vn -0.8204231625906312 -0.5674598391520039 -0.06996545743700132
vn -0.514157222818447 -0.7935680717398406 -0.32541061098054747
vn -0.6008044239984816 -0.7521583542645469 -0.27072468342192446
vn -0.6371847790963362 -0.725783443944774 -0.25929510173471565
vn -0.7134785877429171 -0.6644126239408734 -0.22249532574950043
vn -0.7550934885061072 -0.6229015013414096 -0.2045178311108723
vn -0.8185120101855837 -0.5429614902613014 -0.18769898581287556
vn -0.815182433925127 -0.5559371525033374 -0.16251609731465697
vn -0.8429572109015008 -0.5196538582585948 -0.13922287235263972
vn -0.8429315888029109 -0.5194128129556603 -0.14027354111053508
vn -0.8414513018519891 -0.5224459815814965 -0.13787640458374031
vn -0.8357600853375288 -0.5366552216178808 -0.11621640532588304
vn -0.8415992971071875 -0.5350324648558992 -0.07383010672421508
vn -0.8240904596868123 -0.5660561057777892 -0.021340088211233083
vn -0.6222104819429185 0.5148784958223496 -0.5897069193252493
vn -0.6641749179212244 0.5114102335370109 -0.5452808922362444
vn -0.6985706929392148 0.4920411565024109 -0.5195137026818402
vn -0.7158149331103613 0.48877070995793237 -0.4987105118437226
vn -0.7220673005343092 0.4979167520564058 -0.4803100264627995
vn -0.7428087480656628 0.4963629481326215 -0.4492871993705309
vn -0.7539669731677986 0.5094587368838874 -0.4147114644965367
vn -0.765720873199876 0.5348970535560891 -0.3571507895035847
vn -0.7800065016174026 0.5165769520570627 -0.3531828280622037
vn -0.8050566791842955 0.5267639015770874 -0.27277011437479515
vn -0.8006707644961264 0.5591020613232921 -0.21524686270706578
vn -0.8029300523157205 0.5606951174688323 -0.2022975934975171
vn -0.8043844515772717 0.5767206868504817 -0.14268462923328765
vn -0.8308528767107027 0.5461356527183422 -0.10686134049065674
vn -0.9073541745420105 -0.22210615374529774 -0.3568995074382381
vn -0.9930040505327816 -0.11774445293270545 -0.008899406107532187
vn -0.9834796255552777 -0.11693725253432827 -0.13817924984372296
vn -0.9648982379101569 -0.226965724166598 -0.13212853791443377
vn -0.9486980226592729 -0.22118330498140146 -0.2259424869295061
vn -0.9315356479847089 -0.20689697247748473 -0.29905681619611935
vn -0.9222138464529936 -0.22529267431275973 -0.3142687262700171
vn -0.8714286970910252 -0.26704973876888055 -0.4114565139959644
vn -0.9372766811318205 -0.21162312306537676 -0.2769983335519838
vn -0.9705306571872938 -0.2019075860100295 -0.1315430354340452
vn -0.9661176059561817 -0.2010643111473591 -0.16183298256021353
vn -0.9687279675228737 -0.1895530400848914 -0.1601117420228067
vn -0.9888579178637548 -0.14845746230888238 0.010972700805480769
vn -0.9845924698194611 -0.17361056457446702 0.020905507478850918
vn -0.4986817197413098 0.46098555801498037 -0.7340360057227896
vn -0.6198296735389018 0.39125731079561704 -0.6802417897701084
vn -0.7698990231868473 0.2971612327308296 -0.5647572008021079
vn -0.8894194689730032 0.2033607498541266 -0.40936220347089775
vn -0.9254985559185166 0.17621243244987092 -0.33526348092633074
vn -0.922210097724586 0.18313770911363875 -0.34057174744158974
vn -0.914887726583918 0.19442935324267405 -0.3538045708350104
vn -0.9135860885107524 0.20241189583791466 -0.35268949984784764
vn -0.9254655600928959 0.20389532088605997 -0.3192807466834061
vn -0.9498546146943113 0.19416308480524863 -0.24510591066482093
vn -0.9590901021383411 0.20176097415461547 -0.19859175533855125
vn -0.9619991196595625 0.21379792485321153 -0.16984740534576118
vn -0.9589262170721041 0.2286019328010363 -0.16793351818923663
vn -0.9628870049774391 0.23978816066235722 -0.12389614058452712
vn -0.9626656371296749 0.2603028101213325 -0.07427865193078607
vn -0.9527421964456727 0.3025769281704397 -0.0270094363291062
vn -0.20208614052749665 0.5370322938152469 -0.8189978676444984
vn -0.4037674704745865 0.4843455708269711 -0.7761322038202315
vn -0.9320296901923467 0.3615660317751325 0.02430352374332007
vn -0.842140039097558 0.534640824239576 0.07042260720244886
vn -0.47275776651584944 -0.8264506780687955 -0.3057439630124758
vn -0.2841579332521494 -0.639300804209829 -0.7145269419038957
vn -0.3796568972281857 -0.6274818887960989 -0.6797993230505215
vn -0.4636088211242811 -0.6237759208624256 -0.6292618386077352
vn -0.6041479741937799 -0.579163784505433 -0.5473340259794712
vn -0.7619156299819105 -0.4937590225498058 -0.41914985439569097
vn -0.8320574680753214 -0.418603758384894 -0.36393854328186664
vn -0.8130294170072673 -0.4472571886127266 -0.37275216205283523
vn -0.8010674671329715 -0.4608137544567224 -0.38202303177251656
vn -0.7754744660562246 -0.5017516073060313 -0.38325536794757037
vn -0.8166960904280399 -0.4549801533901013 -0.35496557002148105
vn -0.8810676790628077 -0.3698844139165144 -0.2947969898973092
vn -0.922697579359911 -0.2985325243429689 -0.24394160971998144
vn -0.9424825340702023 -0.25609588526627086 -0.21480589033426253
vn -0.9357619843616576 -0.2766593667119822 -0.21865292916871243
vn -0.973963655790689 -0.15787206611641416 -0.16269974781471197
vn -0.9956176775043194 0.010737960942706055 -0.09289852762933513
vn -0.9527068375073354 0.30388950011746035 0.0009238425902971532
vn -0.18985619045547736 0.5452426924333597 -0.8164955806945648
vn -0.3413252511157242 0.5221034700518659 -0.7816041450188123
vn -0.16128151136121976 -0.6592923776451384 -0.7343853449464124
vn -0.496690248697528 0.46843959076747743 -0.7306593916801357
vn -0.6161628889045383 0.4053122048675981 -0.6753260774782652
vn -0.7650440970792931 0.3184128212940392 -0.5597506630274764
vn -0.8892330406404234 0.2212839273287414 -0.4003723553635485
vn -0.9223512586219548 0.2081865158987259 -0.32546356219467254
vn -0.9188254619646987 0.22065616282722006 -0.3272164852994502
vn -0.910481278931947 0.24829712627550088 -0.33071494946218316
vn -0.903564425335608 0.2703940601756649 -0.3323527967230781
vn -0.9192955460708174 0.25456332891942485 -0.30015531070400625
vn -0.9410654795200037 0.24834517495895983 -0.22960931455493971
vn -0.9527607740720305 0.24389851867721024 -0.1809983977186752
vn -0.9531353097633524 0.26242330915125056 -0.15055593012706495
vn -0.9440642932557425 0.29466952726122236 -0.1480286455493784
vn -0.9512027247354191 0.29076426516012505 -0.10329336165411135
vn -0.9486675361342759 0.3106317357596135 -0.059479665633661014
vn -0.9525207508992107 0.30416290791822387 -0.013752983426666828
vn -0.7416524843061765 0.6637488126995438 0.09689740018402342
vn -0.828724349596455 0.5525532021591643 0.08888706975475316
vn -0.37059846494600523 -0.8496249044304962 -0.37522566483535613
vn -0.29528579841946917 -0.8595403982753518 -0.4171289980143148
vn -0.23709209344763468 -0.8700817597807394 -0.4321401051990775
vn -0.1908871458056492 -0.8796389659715153 -0.4356574194372646
vn -0.14371394488380232 -0.884510952272299 -0.44383181201473876
vn -0.08631093076138867 -0.8857281288003424 -0.4561097511377576
vn 0.9888579178637549 -0.14845746230888138 0.01097270080548107
vn 0.984592469819461 -0.17361056457446816 0.020905507478851833
vn 0.9073541745420101 -0.22210615374529802 -0.35689950743823895
vn 0.9930040505327816 -0.11774445293270579 -0.008899406107532206
vn 0.9834796255552781 -0.11693725253432863 -0.13817924984371865
vn 0.9648982379101568 -0.22696572416659794 -0.1321285379144338
vn 0.9486980226592727 -0.2211833049814011 -0.22594248692950816
vn 0.9315356479847086 -0.20689697247748315 -0.2990568161961215
vn 0.9222138464529945 -0.22529267431276032 -0.31426872627001423
vn 0.8714286970910251 -0.26704973876888055 -0.41145651399596417
vn 0.9372766811318206 -0.21162312306537753 -0.27699833355198267
vn 0.970530657187294 -0.2019075860100292 -0.1315430354340436
vn 0.9661176059561818 -0.20106431114735882 -0.16183298256021209
vn 0.9687279675228733 -0.18955304008489166 -0.1601117420228088
vn -0.9998266352182107 0.018363918815140733 0.003076685551406406
vn -0.9995770052225652 0.017690604545370258 0.02308361195973187
vn -0.9995049993756681 0.016688993290723264 0.026668965596516426
vn 0.9998266352182107 0.01836391881514051 0.0030766855514061065
vn 0.9995770052225652 0.017690604545369682 0.023083611959732058
vn 0.9995049993756681 0.016688993290723084 0.026668965596515225
vn -0.12231426667009769 0.8161118563433715 -0.5648014324563393
vn -0.30155229425690094 0.7729883211196129 -0.5581713618962209
vn -0.36375951235928977 0.7206465704077569 -0.5902097404547552
vn -0.2374167506667277 0.7923034075887555 -0.5620396754910627
vn -0.17968292375140055 0.8062433821757834 -0.5636361021172279
vn -0.15425429622320946 0.810312031973222 -0.5653317812896338
vn 0.12231426667009797 0.8161118563433715 -0.5648014324563392
vn 0.301552294256901 0.7729883211196128 -0.5581713618962207
vn 0.36375951235929066 0.720646570407757 -0.5902097404547547
vn 0.23741675066672768 0.7923034075887555 -0.5620396754910627
vn 0.1796829237514006 0.8062433821757834 -0.5636361021172278
vn 0.15425429622320957 0.8103120319732222 -0.5653317812896338
vn -0.088578006616642 0.853815704713036 -0.5129840924718854
vn -0.08372063244534418 0.8469656483365873 -0.5250143295575236
vn -0.08752643250874592 0.8207157829066887 -0.5645925320973998
vn 0.08857800661664197 0.8538157047130361 -0.5129840924718853
vn 0.08372063244534421 0.8469656483365874 -0.5250143295575235
vn 0.08752643250874591 0.8207157829066887 -0.5645925320973998
vn -0.08390332827018344 0.8632288350229221 -0.497791331674382
vn 0.08390332827018347 0.8632288350229221 -0.497791331674382
vn 0 0.9251185747775453 -0.37967831463169377
vn 0 0 -1
vn -0.4999981273407048 -0.8660264849620875 0
vn 0 0 -1
vn -0.8660264849620876 -0.49999812734070465 0
vn 0 0 -1
vn -1 0 0
vn 0 0 -1
vn -0.8660264849620876 0.49999812734070465 0
vn 0 0 -1
vn -0.49999812734070537 0.8660264849620869 0
vn 0 0 -1
vn 0 1 0
vn 0 0 -1
vn 0.49999812734070537 0.8660264849620869 0
vn 0 0 -1
vn 0.8660264849620876 0.49999812734070465 0
vn 0 0 -1
vn 1 0 0
vn 0 0 -1
vn 0.8660264849620876 -0.49999812734070465 0
vn 0 0 -1
vn 0.4999981273407048 -0.8660264849620875 0
vn 0 0 -1
vn 0 -1 0
vn 0 0 -1
vn -0.49999812734070476 -0.8660264849620875 0
vn 0 0 -1
vn -0.8660264849620876 -0.49999812734070465 0
vn 0 0 -1
vn -1 0 0
vn 0 0 -1
vn -0.8660264849620876 0.49999812734070465 0
vn 0 0 -1
vn -0.49999812734070537 0.8660264849620869 0
vn 0 0 -1
vn 0 1 0
vn 0 0 -1
vn 0.49999812734070537 0.8660264849620869 0
vn 0 0 -1
vn 0.8660264849620876 0.49999812734070465 0
vn 0 0 -1
vn 1 0 0
vn 0 0 -1
vn 0.8660264849620876 -0.49999812734070465 0
vn 0 0 -1
vn 0.49999812734070476 -0.8660264849620875 0
vn 0 0 -1
vn 0 -1 0
vn 0 0 -1
vn 0.4999981273407048 -0.8660264849620875 0
vn 0 0 -1
vn 0.8660264849620876 -0.49999812734070465 0
vn 0 0 -1
vn 1 0 0
vn 0 0 -1
vn 0.8660264849620876 0.49999812734070465 0
vn 0 0 -1
vn 0.49999812734070537 0.8660264849620869 0
vn 0 0 -1
vn 0 1 0
vn 0 0 -1
vn -0.49999812734070537 0.8660264849620869 0
vn 0 0 -1
vn -0.8660264849620876 0.49999812734070465 0
vn 0 0 -1
vn -1 0 0
vn 0 0 -1
vn -0.8660264849620876 -0.49999812734070465 0
vn 0 0 -1
vn -0.4999981273407048 -0.8660264849620875 0
vn 0 0 -1
vn 0 -1 0
vn 0 0 -1
vn 0.49999812734070476 -0.8660264849620875 0
vn 0 0 -1
vn 0.8660264849620876 -0.49999812734070465 0
vn 0 0 -1
vn 1 0 0
vn 0 0 -1
vn 0.8660264849620876 0.49999812734070465 0
vn 0 0 -1
vn 0.49999812734070537 0.8660264849620869 0
vn 0 0 -1
vn 0 1 0
vn 0 0 -1
vn -0.49999812734070537 0.8660264849620869 0
vn 0 0 -1
vn -0.8660264849620876 0.49999812734070465 0
vn 0 0 -1
vn -1 0 0
vn 0 0 -1
vn -0.8660264849620876 -0.49999812734070465 0
vn 0 0 -1
vn -0.49999812734070476 -0.8660264849620875 0
vn 0 0 -1
vn 0 -1 0
vn -0.9998892003525249 0.008924134893562582 -0.011914144316302618
vn 0.9998892003525252 0.00892413489356364 -0.011914144316302307
vn 0 0.8674838029599902 -0.49746542754454137
vn -0.08390332827018344 0.8632288350229221 -0.497791331674382
vn 0.08390332827018347 0.8632288350229221 -0.497791331674382
usemtl m_2e146a60-ae6a-de58-ef29-5cac9a70e150
f 76/103/33 65/104/33 77/105/33 78/106/33
f 65/107/34 64/108/34 71/109/34 77/110/34
f 69/111/35 70/112/35 63/113/35 62/114/35
f 68/115/36 69/116/36 62/117/36 61/118/36
f 67/119/37 68/120/37 61/121/37 60/122/37
f 66/123/38 67/124/38 60/125/38 59/126/38
f 59/127/39 74/128/39 73/129/39 66/130/39
f 72/131/40 73/132/40 74/133/40 58/134/40
f 80/135/41 76/136/41 78/137/41 79/138/41
f 58/139/42 81/140/42 82/141/42 72/142/42
f 87/143/43 86/144/43 84/145/43 85/146/43
f 87/147/44 85/148/44 83/149/44
f 89/150/45 88/151/45 86/152/45 87/153/45
f 89/154/46 87/155/46 83/156/46
f 91/157/47 90/158/47 88/159/47 89/160/47
f 91/161/48 89/162/48 83/163/48
f 93/164/49 92/165/49 90/166/49 91/167/49
f 93/168/50 91/169/50 83/170/50
f 95/171/51 94/172/51 92/173/51 93/174/51
f 95/175/52 93/176/52 83/177/52
f 97/178/53 96/179/53 94/180/53 95/181/53
f 97/182/54 95/183/54 83/184/54
f 99/185/55 98/186/55 96/187/55 97/188/55
f 99/189/56 97/190/56 83/191/56
f 101/192/57 100/193/57 98/194/57 99/195/57
f 101/196/58 99/197/58 83/198/58
f 102/199/59 101/200/59 83/201/59
f 104/202/60 102/203/60 83/204/60
f 106/205/61 105/206/61 103/207/61 104/208/61
f 106/209/62 104/210/62 83/211/62
f 85/212/63 84/213/63 105/214/63 106/215/63
f 85/216/64 106/217/64 83/218/64
f 102/219/65 107/220/65 100/221/65 101/222/65
f 104/223/66 103/224/66 107/225/66 102/226/66
f 108/227/67 109/228/67 110/229/67
f 115/230/68 116/231/68 117/232/68
f 117/233/69 116/234/69 118/235/69
f 118/236/70 116/237/70 119/238/70
f 118/239/71 119/240/71 120/241/71
f 120/242/72 119/243/72 113/244/72
f 120/245/73 113/246/73 114/247/73
f 121/248/74 122/249/74 123/250/74
f 123/251/75 122/252/75 124/253/75
f 122/254/76 125/255/76 124/256/76
f 124/257/77 125/258/77 126/259/77
f 125/260/78 127/261/78 126/262/78
f 130/263/79 129/264/79 128/265/79
f 128/266/80 131/267/80 130/268/80
f 133/269/81 132/270/81 134/271/81 135/272/81
f 147/273/82 203/274/82 148/275/82
f 147/276/83 148/277/83 149/278/83
f 158/279/84 157/280/84 159/281/84
f 167/282/85 168/283/85 169/284/85
f 169/285/86 168/286/86 170/287/86
f 169/288/87 170/289/87 171/290/87
f 180/291/88 171/292/88 181/293/88
f 181/294/89 171/295/89 182/296/89
f 184/297/90 183/298/90 185/299/90
f 185/300/91 183/301/91 186/302/91
f 190/303/92 189/304/92 191/305/92
f 192/306/93 193/307/93 194/308/93
f 195/309/94 156/310/94 196/311/94
f 159/312/95 160/313/95 197/314/95
f 197/315/96 160/316/96 198/317/96
f 200/318/97 199/319/97 201/320/97
f 148/321/98 203/322/98 204/323/98
f 173/324/99 172/325/99 161/326/99 162/327/99
f 174/328/100 173/329/100 162/330/100 163/331/100
f 175/332/101 174/333/101 163/334/101 164/335/101
f 176/336/102 175/337/102 164/338/102 165/339/102
f 177/340/103 176/341/103 165/342/103 166/343/103
f 178/344/104 177/345/104 166/346/104 167/347/104
f 167/348/105 169/349/105 179/350/105 178/351/105
f 180/352/106 179/353/106 169/354/106 171/355/106
f 142/356/107 141/357/107 136/358/107 137/359/107
f 137/360/108 138/361/108 143/362/108 142/363/108
f 144/364/109 143/365/109 138/366/109 139/367/109
f 141/368/110 142/369/110 154/370/110 155/371/110
f 155/372/111 154/373/111 161/374/111 160/375/111
f 162/376/112 161/377/112 154/378/112 153/379/112
f 153/380/113 154/381/113 142/382/113 143/383/113
f 152/384/114 153/385/114 143/386/114 144/387/114
f 163/388/115 162/389/115 153/390/115 152/391/115
f 164/392/116 163/393/116 152/394/116 151/395/116
f 144/396/117 145/397/117 151/398/117 152/399/117
f 139/400/118 140/401/118 145/402/118 144/403/118
f 140/404/119 202/405/119 146/406/119 145/407/119
f 145/408/120 146/409/120 150/410/120 151/411/120
f 151/412/121 150/413/121 165/414/121 164/415/121
f 202/416/122 203/417/122 147/418/122 146/419/122
f 146/420/123 147/421/123 149/422/123 150/423/123
f 150/424/124 149/425/124 166/426/124 165/427/124
f 167/428/125 166/429/125 149/430/125 168/431/125
f 157/432/126 155/433/126 160/434/126 159/435/126
f 210/436/127 209/437/127 211/438/127
f 210/439/128 211/440/128 212/441/128
f 210/442/129 212/443/129 213/444/129
f 213/445/130 212/446/130 214/447/130
f 213/448/131 214/449/131 207/450/131
f 207/451/132 214/452/132 208/453/132
f 216/454/133 215/455/133 217/456/133
f 216/457/134 217/458/134 218/459/134
f 219/460/135 216/461/135 218/462/135
f 219/463/136 218/464/136 220/465/136
f 221/466/137 219/467/137 220/468/137
f 223/469/138 224/470/138 222/471/138
f 225/472/139 222/473/139 224/474/139
f 227/475/140 183/476/140 184/477/140 226/478/140
f 160/479/141 227/480/141 226/481/141
f 227/482/142 160/483/142 161/484/142 172/485/142
f 183/486/143 227/487/143 172/488/143
f 158/489/144 196/490/144 156/491/144 157/492/144
f 185/493/145 186/494/145 187/495/145 188/496/145
f 188/497/146 187/498/146 189/499/146 190/500/146
f 189/501/147 193/502/147 192/503/147 191/504/147
f 230/505/148 228/506/148 229/507/148 231/508/148
f 234/509/149 232/510/149 233/511/149 235/512/149
f 239/513/150 238/514/150 240/515/150 241/516/150
f 306/517/151 253/518/151 254/519/151
f 254/520/152 253/521/152 255/522/152
f 263/523/153 264/524/153 265/525/153
f 274/526/154 273/527/154 275/528/154
f 274/529/155 275/530/155 276/531/155
f 276/532/156 275/533/156 277/534/156
f 277/535/157 286/536/157 287/537/157
f 277/538/158 287/539/158 288/540/158
f 289/541/159 290/542/159 291/543/159
f 289/544/160 291/545/160 292/546/160
f 295/547/161 296/548/161 297/549/161
f 299/550/162 298/551/162 300/552/162
f 262/553/163 301/554/163 302/555/163
f 266/556/164 265/557/164 303/558/164
f 266/559/165 303/560/165 304/561/165
f 306/562/166 254/563/166 307/564/166
f 267/565/167 278/566/167 279/567/167 268/568/167
f 268/569/168 279/570/168 280/571/168 269/572/168
f 269/573/169 280/574/169 281/575/169 270/576/169
f 270/577/170 281/578/170 282/579/170 271/580/170
f 271/581/171 282/582/171 283/583/171 272/584/171
f 272/585/172 283/586/172 284/587/172 273/588/172
f 285/589/173 275/590/173 273/591/173 284/592/173
f 275/593/174 285/594/174 286/595/174 277/596/174
f 242/597/175 247/598/175 248/599/175 243/600/175
f 249/601/176 244/602/176 243/603/176 248/604/176
f 244/605/177 249/606/177 250/607/177 245/608/177
f 260/609/178 248/610/178 247/611/178 261/612/178
f 267/613/179 260/614/179 261/615/179 266/616/179
f 260/617/180 267/618/180 268/619/180 259/620/180
f 248/621/181 260/622/181 259/623/181 249/624/181
f 249/625/182 259/626/182 258/627/182 250/628/182
f 259/629/183 268/630/183 269/631/183 258/632/183
f 258/633/184 269/634/184 270/635/184 257/636/184
f 257/637/185 251/638/185 250/639/185 258/640/185
f 251/641/186 246/642/186 245/643/186 250/644/186
f 252/645/187 305/646/187 246/647/187 251/648/187
f 256/649/188 252/650/188 251/651/188 257/652/188
f 271/653/189 256/654/189 257/655/189 270/656/189
f 253/657/190 306/658/190 305/659/190 252/660/190
f 255/661/191 253/662/191 252/663/191 256/664/191
f 272/665/192 255/666/192 256/667/192 271/668/192
f 255/669/193 272/670/193 273/671/193 274/672/193
f 266/673/194 261/674/194 263/675/194 265/676/194
f 290/677/195 289/678/195 309/679/195 308/680/195
f 309/681/196 266/682/196 308/683/196
f 267/684/197 266/685/197 309/686/197 278/687/197
f 309/688/198 289/689/198 278/690/198
f 262/691/199 302/692/199 264/693/199 263/694/199
f 293/695/200 292/696/200 291/697/200 294/698/200
f 295/699/201 293/700/201 294/701/201 296/702/201
f 298/703/202 299/704/202 295/705/202 297/706/202
f 362/707/203 363/708/203 364/709/203
f 364/710/204 363/711/204 365/712/204
f 364/713/205 365/714/205 366/715/205
f 366/716/206 367/717/206 364/718/206
f 364/719/207 367/720/207 368/721/207
f 364/722/208 368/723/208 369/724/208
f 369/725/209 370/726/209 364/727/209
f 364/728/210 370/729/210 371/730/210
f 364/731/211 371/732/211 372/733/211
f 372/734/212 373/735/212 364/736/212
f 364/737/213 373/738/213 374/739/213
f 364/740/214 374/741/214 375/742/214
f 375/743/215 376/744/215 364/745/215
f 364/746/216 376/747/216 377/748/216
f 364/749/217 377/750/217 378/751/217
f 378/752/218 379/753/218 364/754/218
f 364/755/219 379/756/219 380/757/219
f 364/758/220 380/759/220 381/760/220
f 381/761/221 382/762/221 364/763/221
f 364/764/222 382/765/222 383/766/222
f 364/767/223 383/768/223 384/769/223
f 385/770/224 386/771/224 387/772/224
f 353/773/225 355/774/225 354/775/225 352/776/225
f 356/777/226 354/778/226 355/779/226 357/780/226
f 351/781/227 353/782/227 352/783/227 350/784/227
f 358/785/228 356/786/228 357/787/228 359/788/228
f 360/789/229 358/790/229 359/791/229 361/792/229
f 334/793/230 332/794/230 333/795/230 335/796/230
f 336/797/231 334/798/231 335/799/231 337/800/231
f 350/801/232 348/802/232 349/803/232 351/804/232
f 345/805/233 347/806/233 346/807/233 344/808/233
f 341/809/234 343/810/234 342/811/234 340/812/234
f 390/813/235 388/814/235 389/815/235 391/816/235
f 327/817/236 329/818/236 328/819/236 326/820/236
f 325/821/237 327/822/237 326/823/237 324/824/237
f 323/825/238 325/826/238 324/827/238 322/828/238
f 321/829/239 323/830/239 322/831/239 320/832/239
f 319/833/240 321/834/240 320/835/240 318/836/240
f 338/837/241 336/838/241 337/839/241 339/840/241
f 316/841/242 314/842/242 315/843/242 317/844/242
f 311/845/243 313/846/243 312/847/243 310/848/243
f 332/849/244 330/850/244 331/851/244 333/852/244
f 445/853/245 444/854/245 446/855/245
f 445/856/246 446/857/246 447/858/246
f 447/859/247 446/860/247 448/861/247
f 449/862/248 448/863/248 446/864/248
f 449/865/249 446/866/249 450/867/249
f 450/868/250 446/869/250 451/870/250
f 452/871/251 451/872/251 446/873/251
f 452/874/252 446/875/252 453/876/252
f 453/877/253 446/878/253 454/879/253
f 455/880/254 454/881/254 446/882/254
f 455/883/255 446/884/255 456/885/255
f 456/886/256 446/887/256 457/888/256
f 458/889/257 457/890/257 446/891/257
f 458/892/258 446/893/258 459/894/258
f 459/895/259 446/896/259 460/897/259
f 461/898/260 460/899/260 446/900/260
f 461/901/261 446/902/261 462/903/261
f 462/904/262 446/905/262 463/906/262
f 464/907/263 463/908/263 446/909/263
f 464/910/264 446/911/264 465/912/264
f 465/913/265 446/914/265 466/915/265
f 468/916/266 467/917/266 469/918/266
f 436/919/267 437/920/267 435/921/267 434/922/267
f 437/923/268 436/924/268 438/925/268 439/926/268
f 434/927/269 435/928/269 433/929/269 432/930/269
f 439/931/270 438/932/270 440/933/270 441/934/270
f 441/935/271 440/936/271 442/937/271 443/938/271
f 415/939/272 414/940/272 416/941/272 417/942/272
f 417/943/273 416/944/273 418/945/273 419/946/273
f 431/947/274 430/948/274 432/949/274 433/950/274
f 428/951/275 429/952/275 427/953/275 426/954/275
f 424/955/276 425/956/276 423/957/276 422/958/276
f 471/959/277 470/960/277 472/961/277 473/962/277
f 410/963/278 411/964/278 409/965/278 408/966/278
f 408/967/279 409/968/279 407/969/279 406/970/279
f 406/971/280 407/972/280 405/973/280 404/974/280
f 404/975/281 405/976/281 403/977/281 402/978/281
f 402/979/282 403/980/282 401/981/282 400/982/282
f 419/983/283 418/984/283 420/985/283 421/986/283
f 397/987/284 396/988/284 398/989/284 399/990/284
f 394/991/285 395/992/285 393/993/285 392/994/285
f 413/995/286 412/996/286 414/997/286 415/998/286
f 475/999/287 474/1000/287 476/1001/287
f 475/1002/288 476/1003/288 477/1004/288
f 477/1005/289 476/1006/289 478/1007/289
f 477/1008/290 478/1009/290 479/1010/290
f 479/1011/291 478/1012/291 480/1013/291
f 479/1014/292 480/1015/292 481/1016/292
f 487/1017/293 488/1018/293 489/1019/293
f 489/1020/294 488/1021/294 490/1022/294
f 489/1023/295 490/1024/295 491/1025/295
f 486/1026/296 488/1027/296 487/1028/296 485/1029/296
f 492/1030/297 483/1031/297 485/1032/297 487/1033/297
f 489/1034/298 493/1035/298 492/1036/298 487/1037/298
f 484/1038/299 485/1039/299 483/1040/299 482/1041/299
f 495/1042/300 494/1043/300 497/1044/300
f 485/1045/301 484/1046/301 486/1047/301
f 493/1048/302 489/1049/302 498/1050/302 494/1051/302
f 491/1052/303 498/1053/303 489/1054/303
f 498/1055/304 491/1056/304 496/1057/304 497/1058/304
f 494/1059/305 498/1060/305 497/1061/305
f 500/1062/306 499/1063/306 502/1064/306
f 501/1065/307 500/1066/307 502/1067/307
f 503/1068/308 505/1069/308 506/1070/308 504/1071/308
f 507/1072/309 509/1073/309 510/1074/309 508/1075/309
f 511/1076/310 513/1077/310 514/1078/310 512/1079/310
f 517/1080/311 515/1081/311 516/1082/311 518/1083/311
f 519/1084/312 520/1085/312 522/1086/312 521/1087/312
f 523/1088/313 524/1089/313 525/1090/313 526/1091/313
f 527/1092/314 529/1093/314 530/1094/314 528/1095/314
f 532/1096/315 531/1097/315 533/1098/315 534/1099/315
f 536/1100/316 535/1101/316 537/1102/316 538/1103/316
f 540/1104/317 539/1105/317 541/1106/317 542/1107/317
f 544/1108/318 543/1109/318 545/1110/318 546/1111/318
f 547/1112/319 548/1113/319 549/1114/319
f 550/1115/320 551/1116/320 549/1117/320 548/1118/320
f 554/1119/321 552/1120/321 556/1121/321 557/1122/321
f 552/1123/322 553/1124/322 565/1125/322 566/1126/322
f 553/1127/323 555/1128/323 562/1129/323 563/1130/323
f 560/1131/324 555/1132/324 554/1133/324 559/1134/324
f 557/1135/325 558/1136/325 554/1137/325
f 558/1138/326 559/1139/326 554/1140/326
f 560/1141/327 561/1142/327 555/1143/327
f 561/1144/328 562/1145/328 555/1146/328
f 563/1147/329 564/1148/329 553/1149/329
f 564/1150/330 565/1151/330 553/1152/330
f 566/1153/331 567/1154/331 552/1155/331
f 567/1156/332 556/1157/332 552/1158/332
f 570/1159/333 568/1160/333 569/1161/333 571/1162/333
f 574/1163/334 572/1164/334 573/1165/334 575/1166/334
f 579/1167/335 578/1168/335 580/1169/335 581/1170/335
f 576/1171/336 582/1172/336 583/1173/336 577/1174/336
f 582/1175/337 584/1176/337 585/1177/337 583/1178/337
f 584/1179/338 586/1180/338 587/1181/338 585/1182/338
f 586/1183/339 578/1184/339 579/1185/339 587/1186/339
f 597/1187/340 596/1188/340 598/1189/340 599/1190/340
f 601/1191/341 600/1192/341 602/1193/341 603/1194/341
f 593/1195/342 592/1196/342 594/1197/342 595/1198/342
f 590/1199/343 591/1200/343 589/1201/343 588/1202/343
f 608/1203/344 604/1204/344 605/1205/344 609/1206/344
f 607/1207/345 606/1208/345 610/1209/345 611/1210/345
f 606/1211/346 604/1212/346 608/1213/346 610/1214/346
f 613/1215/347 612/1216/347 614/1217/347 615/1218/347
f 627/1219/348 621/1220/348 620/1221/348 628/1222/348
f 626/1223/349 619/1224/349 621/1225/349 627/1226/349
f 618/1227/350 619/1228/350 626/1229/350 625/1230/350
f 620/1231/351 618/1232/351 625/1233/351 628/1234/351
f 624/1235/352 629/1236/352 622/1237/352
f 622/1238/353 629/1239/353 631/1240/353 623/1241/353
f 617/1242/354 623/1243/354 631/1244/354
f 632/1245/355 617/1246/355 631/1247/355
f 616/1248/356 630/1249/356 633/1250/356 624/1251/356
f 629/1252/357 624/1253/357 633/1254/357
f 633/1255/358 630/1256/358 632/1257/358 631/1258/358
f 639/1259/359 638/1260/359 640/1261/359
f 639/1262/360 640/1263/360 641/1264/360
f 644/1265/361 642/1266/361 643/1267/361 645/1268/361
f 645/1269/362 643/1270/362 646/1271/362 647/1272/362
f 642/1273/363 644/1274/363 649/1275/363 648/1276/363
f 648/1277/364 649/1278/364 647/1279/364 646/1280/364
f 658/1281/365 659/1282/365 657/1283/365 655/1284/365
f 655/1285/366 657/1286/366 656/1287/366 653/1288/366
f 661/1289/367 660/1290/367 662/1291/367 663/1292/367
f 653/1293/368 652/1294/368 654/1295/368 655/1296/368
f 646/1297/369 651/1298/369 650/1299/369 648/1300/369
f 663/1301/370 662/1302/370 664/1303/370 665/1304/370
f 671/1305/371 670/1306/371 672/1307/371 673/1308/371
f 668/1309/372 669/1310/372 667/1311/372 666/1312/372
f 636/1313/373 637/1314/373 635/1315/373 634/1316/373
f 676/1317/374 674/1318/374 675/1319/374 677/1320/374
f 680/1321/375 678/1322/375 682/1323/375 684/1324/375
f 683/1325/376 679/1326/376 681/1327/376 685/1328/376
f 689/1329/377 688/1330/377 686/1331/377 687/1332/377
f 700/1333/378 698/1334/378 696/1335/378
f 700/1336/379 696/1337/379 754/1338/379
f 700/1339/380 754/1340/380 755/1341/380
f 697/1342/381 698/1343/381 699/1344/381 706/1345/381
f 695/1346/382 693/1347/382 694/1348/382 696/1349/382
f 705/1350/383 704/1351/383 695/1352/383 697/1353/383
f 697/1354/384 695/1355/384 696/1356/384 698/1357/384
f 705/1358/385 697/1359/385 706/1360/385 712/1361/385
f 712/1362/386 706/1363/386 713/1364/386 717/1365/386
f 717/1366/387 713/1367/387 718/1368/387 756/1369/387
f 726/1370/388 756/1371/388 718/1372/388 722/1373/388
f 726/1374/389 722/1375/389 727/1376/389 731/1377/389
f 731/1378/390 727/1379/390 732/1380/390 736/1381/390
f 737/1382/391 741/1383/391 736/1384/391 732/1385/391
f 742/1386/392 770/1387/392 741/1388/392 737/1389/392
f 788/1390/393 768/1391/393 770/1392/393 742/1393/393
f 787/1394/394 765/1395/394 768/1396/394 788/1397/394
f 761/1398/395 763/1399/395 765/1400/395 787/1401/395
f 761/1402/396 760/1403/396 762/1404/396 763/1405/396
f 758/1406/397 762/1407/397 760/1408/397 759/1409/397
f 710/1410/398 709/1411/398 708/1412/398 703/1413/398
f 711/1414/399 715/1415/399 709/1416/399 710/1417/399
f 715/1418/400 711/1419/400 716/1420/400 720/1421/400
f 720/1422/401 716/1423/401 721/1424/401 724/1425/401
f 724/1426/402 721/1427/402 725/1428/402 729/1429/402
f 729/1430/403 725/1431/403 730/1432/403 734/1433/403
f 735/1434/404 739/1435/404 734/1436/404 730/1437/404
f 740/1438/405 745/1439/405 739/1440/405 735/1441/405
f 692/1442/406 789/1443/406 790/1444/406
f 792/1445/407 791/1446/407 690/1447/407 691/1448/407
f 753/1449/408 747/1450/408 745/1451/408 740/1452/408
f 752/1453/409 749/1454/409 747/1455/409 753/1456/409
f 702/1457/410 701/1458/410 700/1459/410 755/1460/410
f 703/1461/411 708/1462/411 701/1463/411 702/1464/411
f 749/1465/412 751/1466/412 750/1467/412 748/1468/412
f 747/1469/413 749/1470/413 748/1471/413 746/1472/413
f 745/1473/414 747/1474/414 746/1475/414 744/1476/414
f 739/1477/415 745/1478/415 744/1479/415 743/1480/415
f 739/1481/416 743/1482/416 738/1483/416 734/1484/416
f 734/1485/417 738/1486/417 733/1487/417 729/1488/417
f 729/1489/418 733/1490/418 728/1491/418 724/1492/418
f 724/1493/419 728/1494/419 723/1495/419 720/1496/419
f 720/1497/420 723/1498/420 719/1499/420 715/1500/420
f 715/1501/421 719/1502/421 714/1503/421 709/1504/421
f 709/1505/422 714/1506/422 707/1507/422 708/1508/422
f 708/1509/423 707/1510/423 699/1511/423 701/1512/423
f 700/1513/424 701/1514/424 699/1515/424 698/1516/424
f 757/1517/425 764/1518/425 762/1519/425 758/1520/425
f 764/1521/426 766/1522/426 763/1523/426 762/1524/426
f 766/1525/427 767/1526/427 765/1527/427 763/1528/427
f 767/1529/428 769/1530/428 768/1531/428 765/1532/428
f 770/1533/429 768/1534/429 769/1535/429 771/1536/429
f 741/1537/430 770/1538/430 771/1539/430 772/1540/430
f 773/1541/431 741/1542/431 772/1543/431 774/1544/431
f 775/1545/432 773/1546/432 774/1547/432 776/1548/432
f 776/1549/433 778/1550/433 777/1551/433 775/1552/433
f 779/1553/434 777/1554/434 778/1555/434 780/1556/434
f 781/1557/435 779/1558/435 780/1559/435 782/1560/435
f 782/1561/436 784/1562/436 783/1563/436 781/1564/436
f 705/1565/437 783/1566/437 784/1567/437 785/1568/437
f 704/1569/438 705/1570/438 785/1571/438 786/1572/438
f 845/1573/439 846/1574/439 844/1575/439 843/1576/439
f 843/1577/440 844/1578/440 842/1579/440 841/1580/440
f 841/1581/441 842/1582/441 840/1583/441 839/1584/441
f 839/1585/442 840/1586/442 838/1587/442 837/1588/442
f 837/1589/443 838/1590/443 836/1591/443 835/1592/443
f 835/1593/444 836/1594/444 834/1595/444 833/1596/444
f 833/1597/445 834/1598/445 832/1599/445 831/1600/445
f 831/1601/446 832/1602/446 813/1603/446 822/1604/446
f 822/1605/447 813/1606/447 814/1607/447 823/1608/447
f 823/1609/448 814/1610/448 815/1611/448 824/1612/448
f 824/1613/449 815/1614/449 816/1615/449 825/1616/449
f 825/1617/450 816/1618/450 817/1619/450 826/1620/450
f 826/1621/451 817/1622/451 818/1623/451 827/1624/451
f 827/1625/452 818/1626/452 819/1627/452 828/1628/452
f 828/1629/453 819/1630/453 820/1631/453 829/1632/453
f 829/1633/454 820/1634/454 821/1635/454 830/1636/454
f 882/1637/455 885/1638/455 884/1639/455 883/1640/455
f 886/1641/456 889/1642/456 888/1643/456 887/1644/456
f 830/1645/457 821/1646/457 890/1647/457 891/1648/457
f 793/1649/458 893/1650/458 890/1651/458 821/1652/458
f 863/1653/459 864/1654/459 862/1655/459 861/1656/459
f 874/1657/460 876/1658/460 875/1659/460 872/1660/460
f 873/1661/461 874/1662/461 872/1663/461 871/1664/461
f 854/1665/462 855/1666/462 859/1667/462 858/1668/462
f 853/1669/463 854/1670/463 858/1671/463 857/1672/463
f 852/1673/464 849/1674/464 853/1675/464 857/1676/464
f 848/1677/465 849/1678/465 852/1679/465 851/1680/465
f 851/1681/466 850/1682/466 847/1683/466 848/1684/466
f 847/1685/467 850/1686/467 881/1687/467 812/1688/467
f 811/1689/468 810/1690/468 809/1691/468 812/1692/468
f 809/1693/469 810/1694/469 808/1695/469 807/1696/469
f 807/1697/470 808/1698/470 806/1699/470 805/1700/470
f 805/1701/471 806/1702/471 804/1703/471 803/1704/471
f 803/1705/472 804/1706/472 802/1707/472 801/1708/472
f 801/1709/473 802/1710/473 800/1711/473 799/1712/473
f 799/1713/474 800/1714/474 798/1715/474 797/1716/474
f 797/1717/475 798/1718/475 796/1719/475 795/1720/475
f 795/1721/476 796/1722/476 794/1723/476 793/1724/476
f 878/1725/477 879/1726/477 876/1727/477 877/1728/477
f 877/1729/478 876/1730/478 874/1731/478 880/1732/478
f 894/1733/479 897/1734/479 896/1735/479 895/1736/479
f 844/1737/480 846/1738/480 856/1739/480 855/1740/480
f 842/1741/481 844/1742/481 855/1743/481 854/1744/481
f 840/1745/482 842/1746/482 854/1747/482 853/1748/482
f 840/1749/483 853/1750/483 849/1751/483 838/1752/483
f 849/1753/484 848/1754/484 836/1755/484 838/1756/484
f 848/1757/485 847/1758/485 834/1759/485 836/1760/485
f 847/1761/486 812/1762/486 832/1763/486 834/1764/486
f 812/1765/487 809/1766/487 813/1767/487 832/1768/487
f 813/1769/488 809/1770/488 807/1771/488 814/1772/488
f 814/1773/489 807/1774/489 805/1775/489 815/1776/489
f 815/1777/490 805/1778/490 803/1779/490 816/1780/490
f 816/1781/491 803/1782/491 801/1783/491 817/1784/491
f 817/1785/492 801/1786/492 799/1787/492 818/1788/492
f 818/1789/493 799/1790/493 797/1791/493 819/1792/493
f 819/1793/494 797/1794/494 795/1795/494 820/1796/494
f 820/1797/495 795/1798/495 793/1799/495 821/1800/495
f 860/1801/496 892/1802/496 793/1803/496
f 794/1804/497 860/1805/497 793/1806/497
f 865/1807/498 898/1808/498 862/1809/498 864/1810/498
f 866/1811/499 899/1812/499 898/1813/499 865/1814/499
f 867/1815/500 900/1816/500 899/1817/500 866/1818/500
f 868/1819/501 901/1820/501 900/1821/501 867/1822/501
f 901/1823/502 868/1824/502 869/1825/502 902/1826/502
f 870/1827/503 903/1828/503 902/1829/503 869/1830/503
f 906/1831/504 908/1832/504 911/1833/504 910/1834/504
f 907/1835/505 909/1836/505 908/1837/505 906/1838/505
f 912/1839/506 915/1840/506 914/1841/506 913/1842/506
f 916/1843/507 917/1844/507 905/1845/507 904/1846/507
f 928/1847/508 926/1848/508 927/1849/508 929/1850/508
f 932/1851/509 930/1852/509 931/1853/509 933/1854/509
f 924/1855/510 922/1856/510 923/1857/510 925/1858/510
f 919/1859/511 921/1860/511 920/1861/511 918/1862/511
f 935/1863/512 934/1864/512 938/1865/512 939/1866/512
f 940/1867/513 936/1868/513 937/1869/513 941/1870/513
f 938/1871/514 934/1872/514 936/1873/514 940/1874/514
f 944/1875/515 942/1876/515 943/1877/515 945/1878/515
f 950/1879/516 951/1880/516 957/1881/516 958/1882/516
f 951/1883/517 949/1884/517 956/1885/517 957/1886/517
f 956/1887/518 949/1888/518 948/1889/518 955/1890/518
f 955/1891/519 948/1892/519 950/1893/519 958/1894/519
f 959/1895/520 954/1896/520 952/1897/520
f 961/1898/521 959/1899/521 952/1900/521 953/1901/521
f 953/1902/522 947/1903/522 961/1904/522
f 947/1905/523 962/1906/523 961/1907/523
f 963/1908/524 960/1909/524 946/1910/524 954/1911/524
f 954/1912/525 959/1913/525 963/1914/525
f 962/1915/526 960/1916/526 963/1917/526 961/1918/526
f 968/1919/527 969/1920/527 970/1921/527
f 970/1922/528 969/1923/528 971/1924/528
f 973/1925/529 972/1926/529 974/1927/529 975/1928/529
f 976/1929/530 973/1930/530 975/1931/530 977/1932/530
f 979/1933/531 974/1934/531 972/1935/531 978/1936/531
f 977/1937/532 979/1938/532 978/1939/532 976/1940/532
f 987/1941/533 989/1942/533 988/1943/533 985/1944/533
f 986/1945/534 987/1946/534 985/1947/534 983/1948/534
f 992/1949/535 990/1950/535 991/1951/535 993/1952/535
f 984/1953/536 982/1954/536 983/1955/536 985/1956/536
f 980/1957/537 981/1958/537 976/1959/537 978/1960/537
f 994/1961/538 992/1962/538 993/1963/538 995/1964/538
f 1002/1965/539 1000/1966/539 1001/1967/539 1003/1968/539
f 997/1969/540 999/1970/540 998/1971/540 996/1972/540
f 965/1973/541 967/1974/541 966/1975/541 964/1976/541
f 1005/1977/542 1004/1978/542 1006/1979/542 1007/1980/542
f 1012/1981/543 1008/1982/543 1010/1983/543 1014/1984/543
f 1011/1985/544 1009/1986/544 1013/1987/544 1015/1988/544
f 1016/1989/545 1017/1990/545 1018/1991/545
f 1018/1992/546 1017/1993/546 1019/1994/546
f 1018/1995/547 1019/1996/547 1020/1997/547
f 1020/1998/548 1019/1999/548 1021/2000/548
f 1020/2001/549 1021/2002/549 1022/2003/549
f 1022/2004/550 1021/2005/550 1023/2006/550
f 1030/2007/551 1029/2008/551 1031/2009/551
f 1030/2010/552 1031/2011/552 1032/2012/552
f 1032/2013/553 1031/2014/553 1033/2015/553
f 1029/2016/554 1030/2017/554 1028/2018/554 1027/2019/554
f 1027/2020/555 1025/2021/555 1034/2022/555 1029/2023/555
f 1034/2024/556 1035/2025/556 1031/2026/556 1029/2027/556
f 1025/2028/557 1027/2029/557 1026/2030/557 1024/2031/557
f 1036/2032/558 1037/2033/558 1039/2034/558
f 1026/2035/559 1027/2036/559 1028/2037/559
f 1040/2038/560 1031/2039/560 1035/2040/560 1036/2041/560
f 1040/2042/561 1033/2043/561 1031/2044/561
f 1038/2045/562 1033/2046/562 1040/2047/562 1039/2048/562
f 1040/2049/563 1036/2050/563 1039/2051/563
f 1041/2052/564 1042/2053/564 1044/2054/564
f 1042/2055/565 1043/2056/565 1044/2057/565
f 1048/2058/566 1047/2059/566 1045/2060/566 1046/2061/566
f 1052/2062/567 1051/2063/567 1049/2064/567 1050/2065/567
f 1056/2066/568 1055/2067/568 1053/2068/568 1054/2069/568
f 1058/2070/569 1057/2071/569 1059/2072/569 1060/2073/569
f 1064/2074/570 1062/2075/570 1061/2076/570 1063/2077/570
f 1067/2078/571 1066/2079/571 1065/2080/571 1068/2081/571
f 1072/2082/572 1071/2083/572 1069/2084/572 1070/2085/572
f 1075/2086/573 1073/2087/573 1074/2088/573 1076/2089/573
f 1079/2090/574 1077/2091/574 1078/2092/574 1080/2093/574
f 1083/2094/575 1081/2095/575 1082/2096/575 1084/2097/575
f 1087/2098/576 1085/2099/576 1086/2100/576 1088/2101/576
f 1090/2102/577 1089/2103/577 1091/2104/577
f 1091/2105/578 1093/2106/578 1092/2107/578 1090/2108/578
f 1102/2109/579 1104/2110/579 1100/2111/579
f 1100/2112/580 1104/2113/580 1157/2114/580
f 1157/2115/581 1104/2116/581 1158/2117/581
f 1103/2118/582 1102/2119/582 1101/2120/582 1110/2121/582
f 1098/2122/583 1097/2123/583 1099/2124/583 1100/2125/583
f 1099/2126/584 1108/2127/584 1109/2128/584 1101/2129/584
f 1100/2130/585 1099/2131/585 1101/2132/585 1102/2133/585
f 1110/2134/586 1101/2135/586 1109/2136/586 1116/2137/586
f 1117/2138/587 1110/2139/587 1116/2140/587 1121/2141/587
f 1122/2142/588 1117/2143/588 1121/2144/588 1159/2145/588
f 1122/2146/589 1159/2147/589 1130/2148/589 1126/2149/589
f 1131/2150/590 1126/2151/590 1130/2152/590 1135/2153/590
f 1136/2154/591 1131/2155/591 1135/2156/591 1140/2157/591
f 1140/2158/592 1145/2159/592 1141/2160/592 1136/2161/592
f 1145/2162/593 1173/2163/593 1146/2164/593 1141/2165/593
f 1173/2166/594 1171/2167/594 1191/2168/594 1146/2169/594
f 1171/2170/595 1168/2171/595 1190/2172/595 1191/2173/595
f 1168/2174/596 1166/2175/596 1164/2176/596 1190/2177/596
f 1165/2178/597 1163/2179/597 1164/2180/597 1166/2181/597
f 1163/2182/598 1165/2183/598 1161/2184/598 1162/2185/598
f 1112/2186/599 1113/2187/599 1114/2188/599 1107/2189/599
f 1113/2190/600 1119/2191/600 1115/2192/600 1114/2193/600
f 1120/2194/601 1115/2195/601 1119/2196/601 1124/2197/601
f 1125/2198/602 1120/2199/602 1124/2200/602 1128/2201/602
f 1129/2202/603 1125/2203/603 1128/2204/603 1133/2205/603
f 1134/2206/604 1129/2207/604 1133/2208/604 1138/2209/604
f 1138/2210/605 1143/2211/605 1139/2212/605 1134/2213/605
f 1143/2214/606 57/2215/606 1144/2216/606 1139/2217/606
f 1192/2218/607 1096/2219/607 1193/2220/607
f 1094/2221/608 1194/2222/608 1195/2223/608 1095/2224/608
f 57/2225/609 1150/2226/609 1156/2227/609 1144/2228/609
f 1150/2229/610 1152/2230/610 1155/2231/610 1156/2232/610
f 1104/2233/611 1105/2234/611 1106/2235/611 1158/2236/611
f 1105/2237/612 1112/2238/612 1107/2239/612 1106/2240/612
f 1153/2241/613 1154/2242/613 1152/2243/613 1151/2244/613
f 1151/2245/614 1152/2246/614 1150/2247/614 1149/2248/614
f 1149/2249/615 1150/2250/615 57/2251/615 1148/2252/615
f 1148/2253/616 57/2254/616 1143/2255/616 1147/2256/616
f 1142/2257/617 1147/2258/617 1143/2259/617 1138/2260/617
f 1137/2261/618 1142/2262/618 1138/2263/618 1133/2264/618
f 1132/2265/619 1137/2266/619 1133/2267/619 1128/2268/619
f 1127/2269/620 1132/2270/620 1128/2271/620 1124/2272/620
f 1123/2273/621 1127/2274/621 1124/2275/621 1119/2276/621
f 1118/2277/622 1123/2278/622 1119/2279/622 1113/2280/622
f 1111/2281/623 1118/2282/623 1113/2283/623 1112/2284/623
f 1103/2285/624 1111/2286/624 1112/2287/624 1105/2288/624
f 1103/2289/625 1105/2290/625 1104/2291/625 1102/2292/625
f 1165/2293/626 1167/2294/626 1160/2295/626 1161/2296/626
f 1166/2297/627 1169/2298/627 1167/2299/627 1165/2300/627
f 1168/2301/628 1170/2302/628 1169/2303/628 1166/2304/628
f 1171/2305/629 1172/2306/629 1170/2307/629 1168/2308/629
f 1172/2309/630 1171/2310/630 1173/2311/630 1174/2312/630
f 1174/2313/631 1173/2314/631 1145/2315/631 1175/2316/631
f 1175/2317/632 1145/2318/632 1176/2319/632 1177/2320/632
f 1177/2321/633 1176/2322/633 1178/2323/633 1179/2324/633
f 1180/2325/634 1181/2326/634 1179/2327/634 1178/2328/634
f 1181/2329/635 1180/2330/635 1182/2331/635 1183/2332/635
f 1183/2333/636 1182/2334/636 1184/2335/636 1185/2336/636
f 1186/2337/637 1187/2338/637 1185/2339/637 1184/2340/637
f 1187/2341/638 1186/2342/638 1109/2343/638 1188/2344/638
f 1188/2345/639 1109/2346/639 1108/2347/639 1189/2348/639
f 1198/2349/640 1196/2350/640 1199/2351/640 1197/2352/640
f 1201/2353/641 1203/2354/641 1202/2355/641 1200/2356/641
f 1204/2357/642 1202/2358/642 1203/2359/642 1205/2360/642
f 1211/2361/643 1213/2362/643 1212/2363/643 1210/2364/643
f 1213/2365/644 1215/2366/644 1214/2367/644 1212/2368/644
f 1225/2369/645 1224/2370/645 1217/2371/645 1216/2372/645
f 1224/2373/646 1223/2374/646 1218/2375/646 1217/2376/646
f 1220/2377/647 1219/2378/647 1221/2379/647 1222/2380/647
f 1215/2381/648 1225/2382/648 1216/2383/648 1214/2384/648
f 1208/2385/649 1209/2386/649 1211/2387/649 1210/2388/649
f 1209/2389/650 1208/2390/650 1206/2391/650 1207/2392/650
f 1207/2393/651 1206/2394/651 1204/2395/651 1205/2396/651
f 1228/2397/652 1229/2398/652 1230/2399/652
f 1231/2400/653 1227/2401/653 1226/2402/653
f 1283/2403/654 1285/2404/654 1284/2405/654 1282/2406/654
f 1281/2407/655 1283/2408/655 1282/2409/655 1280/2410/655
f 1279/2411/656 1281/2412/656 1280/2413/656 1278/2414/656
f 1277/2415/657 1279/2416/657 1278/2417/657 1276/2418/657
f 1275/2419/658 1277/2420/658 1276/2421/658 1274/2422/658
f 1273/2423/659 1275/2424/659 1274/2425/659 1272/2426/659
f 1271/2427/660 1273/2428/660 1272/2429/660 1270/2430/660
f 1252/2431/661 1271/2432/661 1270/2433/661 1261/2434/661
f 1253/2435/662 1252/2436/662 1261/2437/662 1262/2438/662
f 1254/2439/663 1253/2440/663 1262/2441/663 1263/2442/663
f 1255/2443/664 1254/2444/664 1263/2445/664 1264/2446/664
f 1256/2447/665 1255/2448/665 1264/2449/665 1265/2450/665
f 1257/2451/666 1256/2452/666 1265/2453/666 1266/2454/666
f 1258/2455/667 1257/2456/667 1266/2457/667 1267/2458/667
f 1259/2459/668 1258/2460/668 1267/2461/668 1268/2462/668
f 1260/2463/669 1259/2464/669 1268/2465/669 1269/2466/669
f 1323/2467/670 1324/2468/670 1321/2469/670 1322/2470/670
f 1327/2471/671 1328/2472/671 1325/2473/671 1326/2474/671
f 1329/2475/672 1260/2476/672 1269/2477/672 1330/2478/672
f 1329/2479/673 1332/2480/673 1232/2481/673 1260/2482/673
f 1301/2483/674 1303/2484/674 1302/2485/674 1300/2486/674
f 1314/2487/675 1315/2488/675 1313/2489/675 1311/2490/675
f 1311/2491/676 1313/2492/676 1312/2493/676 1310/2494/676
f 1298/2495/677 1294/2496/677 1293/2497/677 1297/2498/677
f 1297/2499/678 1293/2500/678 1292/2501/678 1296/2502/678
f 1292/2503/679 1288/2504/679 1291/2505/679 1296/2506/679
f 1291/2507/680 1288/2508/680 1287/2509/680 1290/2510/680
f 1286/2511/681 1289/2512/681 1290/2513/681 1287/2514/681
f 1320/2515/682 1289/2516/682 1286/2517/682 1251/2518/682
f 1248/2519/683 1249/2520/683 1250/2521/683 1251/2522/683
f 1247/2523/684 1249/2524/684 1248/2525/684 1246/2526/684
f 1245/2527/685 1247/2528/685 1246/2529/685 1244/2530/685
f 1243/2531/686 1245/2532/686 1244/2533/686 1242/2534/686
f 1241/2535/687 1243/2536/687 1242/2537/687 1240/2538/687
f 1239/2539/688 1241/2540/688 1240/2541/688 1238/2542/688
f 1237/2543/689 1239/2544/689 1238/2545/689 1236/2546/689
f 1235/2547/690 1237/2548/690 1236/2549/690 1234/2550/690
f 1233/2551/691 1235/2552/691 1234/2553/691 1232/2554/691
f 1315/2555/692 1318/2556/692 1317/2557/692 1316/2558/692
f 1313/2559/693 1315/2560/693 1316/2561/693 1319/2562/693
f 1335/2563/694 1336/2564/694 1333/2565/694 1334/2566/694
f 1295/2567/695 1285/2568/695 1283/2569/695 1294/2570/695
f 1294/2571/696 1283/2572/696 1281/2573/696 1293/2574/696
f 1293/2575/697 1281/2576/697 1279/2577/697 1292/2578/697
f 1288/2579/698 1292/2580/698 1279/2581/698 1277/2582/698
f 1275/2583/699 1287/2584/699 1288/2585/699 1277/2586/699
f 1273/2587/700 1286/2588/700 1287/2589/700 1275/2590/700
f 1271/2591/701 1251/2592/701 1286/2593/701 1273/2594/701
f 1252/2595/702 1248/2596/702 1251/2597/702 1271/2598/702
f 1246/2599/703 1248/2600/703 1252/2601/703 1253/2602/703
f 1244/2603/704 1246/2604/704 1253/2605/704 1254/2606/704
f 1242/2607/705 1244/2608/705 1254/2609/705 1255/2610/705
f 1240/2611/706 1242/2612/706 1255/2613/706 1256/2614/706
f 1238/2615/707 1240/2616/707 1256/2617/707 1257/2618/707
f 1236/2619/708 1238/2620/708 1257/2621/708 1258/2622/708
f 1234/2623/709 1236/2624/709 1258/2625/709 1259/2626/709
f 1232/2627/710 1234/2628/710 1259/2629/710 1260/2630/710
f 1331/2631/711 1299/2632/711 1232/2633/711
f 1299/2634/712 1233/2635/712 1232/2636/712
f 1301/2637/713 1337/2638/713 1304/2639/713 1303/2640/713
f 1337/2641/714 1338/2642/714 1305/2643/714 1304/2644/714
f 1338/2645/715 1339/2646/715 1306/2647/715 1305/2648/715
f 1339/2649/716 1340/2650/716 1307/2651/716 1306/2652/716
f 1308/2653/717 1307/2654/717 1340/2655/717 1341/2656/717
f 1341/2657/718 1342/2658/718 1309/2659/718 1308/2660/718
f 1346/2661/719 1345/2662/719 1347/2663/719
f 1344/2664/720 1348/2665/720 1343/2666/720
f 1352/2667/721 1349/2668/721 1351/2669/721 1350/2670/721
f 1355/2671/722 1356/2672/722 1354/2673/722 1353/2674/722
f 1356/2675/723 1355/2676/723 1357/2677/723 1358/2678/723
f 1365/2679/724 1366/2680/724 1364/2681/724 1363/2682/724
f 1367/2683/725 1368/2684/725 1366/2685/725 1365/2686/725
f 1370/2687/726 1377/2688/726 1378/2689/726 1369/2690/726
f 1371/2691/727 1376/2692/727 1377/2693/727 1370/2694/727
f 1374/2695/728 1372/2696/728 1373/2697/728 1375/2698/728
f 1369/2699/729 1378/2700/729 1368/2701/729 1367/2702/729
f 1364/2703/730 1362/2704/730 1361/2705/730 1363/2706/730
f 1359/2707/731 1361/2708/731 1362/2709/731 1360/2710/731
f 1357/2711/732 1359/2712/732 1360/2713/732 1358/2714/732
f 1381/2715/733 1383/2716/733 1384/2717/733 1382/2718/733
f 1379/2719/734 1386/2720/734 1381/2721/734
f 1381/2722/735 1385/2723/735 1380/2724/735 1383/2725/735
f 1392/2726/736 1391/2727/736 1389/2728/736 1390/2729/736
f 1394/2730/737 1387/2731/737 1389/2732/737
f 1388/2733/738 1393/2734/738 1389/2735/738 1391/2736/738
f 1404/2737/739 1403/2738/739 1400/2739/739 1401/2740/739
f 1397/2741/740 1406/2742/740 1405/2743/740 1396/2744/740
f 1402/2745/741 1395/2746/741 1396/2747/741 1405/2748/741
f 1398/2749/742 1407/2750/742 1406/2751/742 1397/2752/742
f 1407/2753/743 1398/2754/743 1399/2755/743 1408/2756/743
f 1399/2757/744 1400/2758/744 1403/2759/744 1408/2760/744
f 1414/2761/745 1417/2762/745 1418/2763/745 1415/2764/745
f 1419/2765/746 1420/2766/746 1411/2767/746 1410/2768/746
f 1410/2769/747 1409/2770/747 1416/2771/747 1419/2772/747
f 1420/2773/748 1421/2774/748 1412/2775/748 1411/2776/748
f 1413/2777/749 1412/2778/749 1421/2779/749 1422/2780/749
f 1417/2781/750 1414/2782/750 1413/2783/750 1422/2784/750
f 1426/2785/751 1425/2786/751 1427/2787/751
f 1425/2788/752 1426/2789/752 1424/2790/752 1423/2791/752
f 1431/2792/753 1430/2793/753 1428/2794/753 1429/2795/753
f 1434/2796/754 1435/2797/754 1436/2798/754
f 1433/2799/755 1435/2800/755 1434/2801/755 1432/2802/755
f 1437/2803/756 1439/2804/756 1440/2805/756 1438/2806/756
f 1442/2807/757 1441/2808/757 1443/2809/757 1444/2810/757
f 1447/2811/758 1445/2812/758 1446/2813/758 1448/2814/758
f 1450/2815/759 1449/2816/759 1451/2817/759 1452/2818/759
f 1454/2819/760 1456/2820/760 1453/2821/760
f 1457/2822/761 1456/2823/761 1454/2824/761 1455/2825/761
f 1456/2826/762 1458/2827/762 1453/2828/762
f 1459/2829/763 1458/2830/763 1456/2831/763 1457/2832/763
f 1458/2833/764 1460/2834/764 1453/2835/764
f 1461/2836/765 1460/2837/765 1458/2838/765 1459/2839/765
f 1460/2840/766 1462/2841/766 1453/2842/766
f 1463/2843/767 1462/2844/767 1460/2845/767 1461/2846/767
f 1462/2847/768 1464/2848/768 1453/2849/768
f 1465/2850/769 1464/2851/769 1462/2852/769 1463/2853/769
f 1464/2854/770 1466/2855/770 1453/2856/770
f 1467/2857/771 1466/2858/771 1464/2859/771 1465/2860/771
f 1466/2861/772 1468/2862/772 1453/2863/772
f 1469/2864/773 1468/2865/773 1466/2866/773 1467/2867/773
f 1468/2868/774 1470/2869/774 1453/2870/774
f 1471/2871/775 1470/2872/775 1468/2873/775 1469/2874/775
f 1470/2875/776 1472/2876/776 1453/2877/776
f 1473/2878/777 1472/2879/777 1470/2880/777 1471/2881/777
f 1472/2882/778 1474/2883/778 1453/2884/778
f 1475/2885/779 1474/2886/779 1472/2887/779 1473/2888/779
f 1474/2889/780 1476/2890/780 1453/2891/780
f 1477/2892/781 1476/2893/781 1474/2894/781 1475/2895/781
f 1476/2896/782 1454/2897/782 1453/2898/782
f 1455/2899/783 1454/2900/783 1476/2901/783 1477/2902/783
f 1479/2903/784 1481/2904/784 1478/2905/784
f 1482/2906/785 1481/2907/785 1479/2908/785 1480/2909/785
f 1481/2910/786 1483/2911/786 1478/2912/786
f 1484/2913/787 1483/2914/787 1481/2915/787 1482/2916/787
f 1483/2917/788 1485/2918/788 1478/2919/788
f 1486/2920/789 1485/2921/789 1483/2922/789 1484/2923/789
f 1485/2924/790 1487/2925/790 1478/2926/790
f 1488/2927/791 1487/2928/791 1485/2929/791 1486/2930/791
f 1487/2931/792 1489/2932/792 1478/2933/792
f 1490/2934/793 1489/2935/793 1487/2936/793 1488/2937/793
f 1489/2938/794 1491/2939/794 1478/2940/794
f 1492/2941/795 1491/2942/795 1489/2943/795 1490/2944/795
f 1491/2945/796 1493/2946/796 1478/2947/796
f 1494/2948/797 1493/2949/797 1491/2950/797 1492/2951/797
f 1493/2952/798 1495/2953/798 1478/2954/798
f 1496/2955/799 1495/2956/799 1493/2957/799 1494/2958/799
f 1495/2959/800 1497/2960/800 1478/2961/800
f 1498/2962/801 1497/2963/801 1495/2964/801 1496/2965/801
f 1497/2966/802 1499/2967/802 1478/2968/802
f 1500/2969/803 1499/2970/803 1497/2971/803 1498/2972/803
f 1499/2973/804 1501/2974/804 1478/2975/804
f 1502/2976/805 1501/2977/805 1499/2978/805 1500/2979/805
f 1501/2980/806 1479/2981/806 1478/2982/806
f 1480/2983/807 1479/2984/807 1501/2985/807 1502/2986/807
f 1506/2987/808 1504/2988/808 1503/2989/808
f 1504/2990/809 1506/2991/809 1507/2992/809 1505/2993/809
f 1508/2994/810 1506/2995/810 1503/2996/810
f 1506/2997/811 1508/2998/811 1509/2999/811 1507/3000/811
f 1510/3001/812 1508/3002/812 1503/3003/812
f 1508/3004/813 1510/3005/813 1511/3006/813 1509/3007/813
f 1512/3008/814 1510/3009/814 1503/3010/814
f 1510/3011/815 1512/3012/815 1513/3013/815 1511/3014/815
f 1514/3015/816 1512/3016/816 1503/3017/816
f 1512/3018/817 1514/3019/817 1515/3020/817 1513/3021/817
f 1516/3022/818 1514/3023/818 1503/3024/818
f 1514/3025/819 1516/3026/819 1517/3027/819 1515/3028/819
f 1518/3029/820 1516/3030/820 1503/3031/820
f 1516/3032/821 1518/3033/821 1519/3034/821 1517/3035/821
f 1520/3036/822 1518/3037/822 1503/3038/822
f 1518/3039/823 1520/3040/823 1521/3041/823 1519/3042/823
f 1522/3043/824 1520/3044/824 1503/3045/824
f 1520/3046/825 1522/3047/825 1523/3048/825 1521/3049/825
f 1524/3050/826 1522/3051/826 1503/3052/826
f 1522/3053/827 1524/3054/827 1525/3055/827 1523/3056/827
f 1526/3057/828 1524/3058/828 1503/3059/828
f 1524/3060/829 1526/3061/829 1527/3062/829 1525/3063/829
f 1504/3064/830 1526/3065/830 1503/3066/830
f 1526/3067/831 1504/3068/831 1505/3069/831 1527/3070/831
f 1531/3071/832 1529/3072/832 1528/3073/832
f 1529/3074/833 1531/3075/833 1532/3076/833 1530/3077/833
f 1533/3078/834 1531/3079/834 1528/3080/834
f 1531/3081/835 1533/3082/835 1534/3083/835 1532/3084/835
f 1535/3085/836 1533/3086/836 1528/3087/836
f 1533/3088/837 1535/3089/837 1536/3090/837 1534/3091/837
f 1537/3092/838 1535/3093/838 1528/3094/838
f 1535/3095/839 1537/3096/839 1538/3097/839 1536/3098/839
f 1539/3099/840 1537/3100/840 1528/3101/840
f 1537/3102/841 1539/3103/841 1540/3104/841 1538/3105/841
f 1541/3106/842 1539/3107/842 1528/3108/842
f 1539/3109/843 1541/3110/843 1542/3111/843 1540/3112/843
f 1543/3113/844 1541/3114/844 1528/3115/844
f 1541/3116/845 1543/3117/845 1544/3118/845 1542/3119/845
f 1545/3120/846 1543/3121/846 1528/3122/846
f 1543/3123/847 1545/3124/847 1546/3125/847 1544/3126/847
f 1547/3127/848 1545/3128/848 1528/3129/848
f 1545/3130/849 1547/3131/849 1548/3132/849 1546/3133/849
f 1549/3134/850 1547/3135/850 1528/3136/850
f 1547/3137/851 1549/3138/851 1550/3139/851 1548/3140/851
f 1551/3141/852 1549/3142/852 1528/3143/852
f 1549/3144/853 1551/3145/853 1552/3146/853 1550/3147/853
f 1529/3148/854 1551/3149/854 1528/3150/854
f 1551/3151/855 1529/3152/855 1530/3153/855 1552/3154/855
f 1555/3155/856 1553/3156/856 1554/3157/856 1556/3158/856
f 1558/3159/857 1557/3160/857 1559/3161/857 1560/3162/857
f 1561/3163/858 1564/3164/858 1563/3165/858 1562/3166/858
f 1566/3167/859 1565/3168/859 1567/3169/859 1568/3170/859
f 1571/3171/860 1569/3172/860 1570/3173/860 1572/3174/860
o car1_light_yellow
v 0 2.85625 -5.215625
v 0.029306875 2.746875 -5.215625
v 0.080068125 2.7761818750000002 -5.215625
v 0.109375 2.826943125 -5.215625
v 0.109375 2.8855568750000002 -5.215625
v 0.080068125 2.936318125 -5.215625
v 0.029306875 2.965625 -5.215625
v -0.029306875 2.965625 -5.215625
v -0.080068125 2.936318125 -5.215625
v -0.109375 2.8855568750000002 -5.215625
v -0.109375 2.826943125 -5.215625
v -0.080068125 2.7761818750000002 -5.215625
v -0.029306875 2.746875 -5.215625
v -0.8125 0.8624999999999992 -10.412500000000001
v -0.783193125 0.7531249999999989 -10.4125
v -0.732431875 0.782431874999999 -10.4125
v -0.703125 0.8331931249999989 -10.4125
v -0.703125 0.891806874999999 -10.412500000000001
v -0.732431875 0.9425681249999991 -10.412500000000001
v -0.783193125 0.9718749999999992 -10.412500000000001
v -0.841806875 0.9718749999999992 -10.412500000000001
v -0.892568125 0.9425681249999991 -10.412500000000001
v -0.921875 0.891806874999999 -10.412500000000001
v -0.921875 0.8331931249999989 -10.4125
v -0.892568125 0.782431874999999 -10.4125
v -0.841806875 0.7531249999999989 -10.4125
v 0.8125 0.8624999999999992 -10.412500000000001
v 0.783193125 0.7531249999999989 -10.4125
v 0.732431875 0.782431874999999 -10.4125
v 0.703125 0.8331931249999989 -10.4125
v 0.703125 0.891806874999999 -10.412500000000001
v 0.732431875 0.9425681249999991 -10.412500000000001
v 0.783193125 0.9718749999999992 -10.412500000000001
v 0.841806875 0.9718749999999992 -10.412500000000001
v 0.892568125 0.9425681249999991 -10.412500000000001
v 0.921875 0.891806874999999 -10.412500000000001
v 0.921875 0.8331931249999989 -10.4125
v 0.892568125 0.782431874999999 -10.4125
v 0.841806875 0.7531249999999989 -10.4125
vt 0.6006301785714285 0.11904761904761907
vt 0.5991852380952382 0.12443970238095237
vt 0.5898460119047619 0.11904761904761907
vt 0.2494397023809524 0.11904761904761907
vt 0.24799494047619047 0.12443976190476191
vt 0.23865553571428572 0.11904761904761907
vt 0.8908520833333333 0.30952380952380953
vt 0.8922968452380952 0.31491577380952385
vt 0.8815126785714286 0.31491577380952385
vt 0.625280119047619 0.11309523809523814
vt 0.6306722619047619 0.11454017857142862
vt 0.625280119047619 0.12387946428571417
vt 0.8752801190476189 0.2514449404761905
vt 0.880672261904762 0.25
vt 0.880672261904762 0.26078422619047625
vt 0.881232619047619 0.1740638095238095
vt 0.8866245238095238 0.17261904761904767
vt 0.8866245238095238 0.18340315476190483
vt 0.8755602976190476 0.3982492261904762
vt 0.8770052380952381 0.3928571428571429
vt 0.8863444642857142 0.3982492261904762
vt 0.8651004761904763 0.12443970238095237
vt 0.8636555357142858 0.11904761904761907
vt 0.8744397023809524 0.11904761904761907
vt 0.8866245238095238 0.4691174404761904
vt 0.881232619047619 0.467672738095238
vt 0.8866245238095238 0.45833333333333337
vt 0.6425770238095238 0.12387946428571417
vt 0.637184880952381 0.12243452380952369
vt 0.6425770238095238 0.11309523809523814
vt 0.6544817857142857 0.1238793452380953
vt 0.6490896428571429 0.12243464285714278
vt 0.6544817857142857 0.11309523809523814
vt 0.8866245238095238 0.16410130952380952
vt 0.881232619047619 0.16554601190476192
vt 0.881232619047619 0.15476190476190477
vt 0.3506301785714286 0.11904761904761907
vt 0.3491852380952381 0.12443970238095237
vt 0.3398460119047619 0.11904761904761907
vt 0.8789471428571428 0.625
vt 0.8803920833333333 0.6303920833333334
vt 0.8696079166666667 0.6303920833333334
vt 0.8968044642857143 0.9940476190476191
vt 0.8982492261904762 0.9994395833333334
vt 0.8874650595238096 0.9994395833333334
vt 0.8752801190476189 0.858587619047619
vt 0.880672261904762 0.8571428571428572
vt 0.880672261904762 0.8679269642857143
vt 0.869327738095238 0.3035714285714286
vt 0.8747198809523811 0.30501619047619055
vt 0.869327738095238 0.31435553571428565
vt 0.03599452380952381 0.102635238095238
vt 0.04138642857142857 0.10119047619047616
vt 0.04138642857142857 0.11197458333333343
vt 0.8710526785714285 0.7196778571428571
vt 0.8696079166666667 0.7142857142857143
vt 0.8803920833333333 0.7142857142857143
vt 0.1672269642857143 0.12443976190476191
vt 0.16867172619047618 0.11904761904761907
vt 0.17801113095238094 0.12443976190476191
vt 0.17829119047619046 0.11197458333333343
vt 0.17289928571428573 0.11052988095238092
vt 0.17829119047619046 0.10119047619047616
vt 0.13067226190476192 0.1298318452380952
vt 0.12528011904761904 0.12838690476190473
vt 0.13067226190476192 0.11904761904761907
vt 0.36281511904761904 0.12243452380952369
vt 0.3574229761904762 0.12387946428571417
vt 0.3574229761904762 0.11309523809523814
vt 0.8925769047619048 0.9617203571428572
vt 0.887185 0.9631650595238095
vt 0.887185 0.9523809523809523
vt 0.37471988095238096 0.12243452380952369
vt 0.3693277380952381 0.12387946428571417
vt 0.3693277380952381 0.11309523809523814
vt 0.8747198809523811 0.5762604166666667
vt 0.869327738095238 0.5748154761904762
vt 0.8747198809523811 0.5654761904761905
vt 0.06519595238095238 0.11197458333333343
vt 0.05980404761904762 0.11052988095238092
vt 0.06519595238095238 0.10119047619047616
vt 0.18508410714285714 0.12443976190476191
vt 0.18652886904761903 0.11904761904761907
vt 0.19586827380952382 0.12443976190476191
vt 0.8710526785714285 0.493487380952381
vt 0.8696079166666667 0.48809523809523814
vt 0.8803920833333333 0.48809523809523814
vt 0.8874650595238096 0.9280110119047619
vt 0.8889098214285714 0.9226190476190477
vt 0.8982492261904762 0.9280110119047619
vt 0.5538515476190476 0.11904761904761907
vt 0.5592436904761905 0.1204923809523809
vt 0.5538515476190476 0.12983172619047623
vt 0.22647059523809526 0.11453999999999998
vt 0.23186273809523808 0.11309523809523814
vt 0.23186273809523808 0.1238793452380953
vt 0.19442351190476193 0.1071428571428571
vt 0.19586827380952382 0.1125348214285713
vt 0.18508410714285714 0.1125348214285713
vt 0.8789471428571428 0.8869047619047619
vt 0.8803920833333333 0.8922968452380953
vt 0.8696079166666667 0.8922968452380953
vt 0.8863444642857142 0.5833333333333333
vt 0.8848995238095237 0.5887254166666667
vt 0.8755602976190476 0.5833333333333333
vt 0.09467779761904763 0.1071428571428571
vt 0.09323303571428572 0.1125348214285713
vt 0.08389363095238095 0.1071428571428571
vn 0 -2.220446049250313e-16 -1
vn 0 -2.220446049250313e-16 -1
vn 0 -2.220446049250313e-16 -1
vn 0 -2.220446049250313e-16 -1
vn 0 -2.220446049250313e-16 -1
vn 0 -2.220446049250313e-16 -1
vn 0 -2.220446049250313e-16 -1
vn 0 -2.220446049250313e-16 -1
vn 0 -2.220446049250313e-16 -1
vn 0 -2.220446049250313e-16 -1
vn 0 -2.220446049250313e-16 -1
vn 0 -2.220446049250313e-16 -1
vn 0 -2.220446049250313e-16 -1
vn 0 -2.220446049250313e-16 -1
vn 0 -2.220446049250313e-16 -1
vn 0 -2.220446049250313e-16 -1
vn 0 -2.220446049250313e-16 -1
vn 0 -2.220446049250313e-16 -1
vn 0 -2.220446049250313e-16 -1
vn 0 -2.220446049250313e-16 -1
vn 0 -2.220446049250313e-16 -1
vn 0 -2.220446049250313e-16 -1
vn 0 -2.220446049250313e-16 -1
vn 0 -2.220446049250313e-16 -1
vn 0 -2.220446049250313e-16 -1
vn 0 -2.220446049250313e-16 -1
vn 0 -2.220446049250313e-16 -1
vn 0 -2.220446049250313e-16 -1
vn 0 -2.220446049250313e-16 -1
vn 0 -2.220446049250313e-16 -1
vn 0 -2.220446049250313e-16 -1
vn 0 -2.220446049250313e-16 -1
vn 0 -2.220446049250313e-16 -1
vn 0 -2.220446049250313e-16 -1
vn 0 -2.220446049250313e-16 -1
vn 0 -2.220446049250313e-16 -1
usemtl m_2e146a60-ae6a-de58-ef29-5cac9a70e150
f 1575/3175/861 1574/3176/861 1573/3177/861
f 1576/3178/862 1575/3179/862 1573/3180/862
f 1577/3181/863 1576/3182/863 1573/3183/863
f 1578/3184/864 1577/3185/864 1573/3186/864
f 1579/3187/865 1578/3188/865 1573/3189/865
f 1580/3190/866 1579/3191/866 1573/3192/866
f 1581/3193/867 1580/3194/867 1573/3195/867
f 1582/3196/868 1581/3197/868 1573/3198/868
f 1583/3199/869 1582/3200/869 1573/3201/869
f 1584/3202/870 1583/3203/870 1573/3204/870
f 1585/3205/871 1584/3206/871 1573/3207/871
f 1574/3208/872 1585/3209/872 1573/3210/872
f 1588/3211/873 1587/3212/873 1586/3213/873
f 1589/3214/874 1588/3215/874 1586/3216/874
f 1590/3217/875 1589/3218/875 1586/3219/875
f 1591/3220/876 1590/3221/876 1586/3222/876
f 1592/3223/877 1591/3224/877 1586/3225/877
f 1593/3226/878 1592/3227/878 1586/3228/878
f 1594/3229/879 1593/3230/879 1586/3231/879
f 1595/3232/880 1594/3233/880 1586/3234/880
f 1596/3235/881 1595/3236/881 1586/3237/881
f 1597/3238/882 1596/3239/882 1586/3240/882
f 1598/3241/883 1597/3242/883 1586/3243/883
f 1587/3244/884 1598/3245/884 1586/3246/884
f 1600/3247/885 1601/3248/885 1599/3249/885
f 1601/3250/886 1602/3251/886 1599/3252/886
f 1602/3253/887 1603/3254/887 1599/3255/887
f 1603/3256/888 1604/3257/888 1599/3258/888
f 1604/3259/889 1605/3260/889 1599/3261/889
f 1605/3262/890 1606/3263/890 1599/3264/890
f 1606/3265/891 1607/3266/891 1599/3267/891
f 1607/3268/892 1608/3269/892 1599/3270/892
f 1608/3271/893 1609/3272/893 1599/3273/893
f 1609/3274/894 1610/3275/894 1599/3276/894
f 1610/3277/895 1611/3278/895 1599/3279/895
f 1611/3280/896 1600/3281/896 1599/3282/896
o car1_coupler_closed
v 0.6743268750000002 0.406511875 -11.346333125
v 0.7137175 0.470755625 -11.2656325
v 0.5437212499999999 0.402635 -11.422980625
v 0.5598537499999998 0.45245375 -11.3766
v 0.3941812499999999 0.4012675 -11.488204375
v 0.40239812499999994 0.450320625 -11.44612125
v 0.23802374999999998 0.40077625 -11.5348375
v 0.24315124999999993 0.452979375 -11.48990375
v 0.0818468750000001 0.400345625 -11.5600075
v 0.08344937499999983 0.454435625 -11.51293625
v 0.8806568750000001 0.5201375 -11.075708125
v 0.8104874999999998 -0.028501249999999978 -10.982354375
v 0.7256393750000001 -0.028513750000000004 -11.066126875
v 0.8153199999999998 -0.020963125000000027 -10.993101875
v 0.7291525000000001 -0.02139812499999999 -11.076873125
v 0.5809662499999999 -0.02860499999999999 -11.16640375
v 0.46574187499999997 -0.028737500000000027 -11.230886875
v 0.3373149999999998 -0.028993749999999985 -11.291088125
v 0.5836006249999999 -0.022016250000000015 -11.177150625
v 0.4674974999999999 -0.023299999999999987 -11.239484375
v 0.33863125000000016 -0.023663749999999983 -11.300400625
v 0.20490999999999993 -0.024093124999999993 -11.3434375
v 0.2044731249999998 -0.02921062499999999 -11.33412375
v 0.07116875 -0.024456250000000013 -11.36286625
v 0.07117249999999986 -0.029574374999999986 -11.3542675
v 0.8806568750000001 0.5201375 -11.075708125
v 0.7137175 0.470755625 -11.2656325
v 0.8982712500000001 0.508041875 -11.073853125
v 0.8785056249999998 0.501734375 -11.09817625
v 0.7137175 0.470755625 -11.2656325
v 0.8785056249999998 0.501734375 -11.09817625
v 0.6743268750000002 0.406511875 -11.346333125
v 0.8321243749999998 0.42314 -11.19958875
v 0.8982712500000001 0.508041875 -11.073853125
v 0.925236875 0.44641125 -11.06365
v 0.8153199999999998 -0.020963125000000027 -10.993101875
v 0.7291525000000001 -0.02139812499999999 -11.076873125
v 0.8321243749999998 0.42314 -11.19958875
v 0.7291525000000001 -0.02139812499999999 -11.076873125
v 0.29259187499999983 0.692616875 -11.13293125
v 0.27730187500000003 0.694751875 -11.1331575
v 0.7506893749999999 0.58667375 -11.087625625
v 0.5983225000000001 0.634991875 -11.103028125
v 0.44611 0.668736875 -11.119755625
v 0.3461106250000001 0.684394375 -11.12923875
v 0.0931112500000002 0.7103725 -11.139005
v 0.7024431249999998 -0.069943125 -10.995229375
v 0.5463637499999998 -0.11291062500000004 -11.01717875
v 0.4310681249999999 -0.136953125 -11.0320275
v 0.3099850000000002 -0.1482325 -11.062306875
v 0.1869274999999999 -0.15579187500000002 -11.087258125
v 0.06529312500000017 -0.15912187499999997 -11.10380875
v -0.0818468750000001 0.400345625 -11.5600075
v -0.08344937499999983 0.454435625 -11.51293625
v 0.08344937499999983 0.454435625 -11.51293625
v 0.0818468750000001 0.400345625 -11.5600075
v 0.07116875 -0.024456250000000013 -11.36286625
v 0.0818468750000001 0.400345625 -11.5600075
v -0.0818468750000001 0.400345625 -11.5600075
v -0.07116875 -0.024456250000000013 -11.36286625
v -0.07116875 -0.024456250000000013 -11.36286625
v 0.07116875 -0.024456250000000013 -11.36286625
v 0.0931112500000002 0.7103725 -11.139005
v -0.0931112500000002 0.7103725 -11.139005
v 0.06529312500000017 -0.15912187499999997 -11.10380875
v -0.06529312500000017 -0.15912187499999997 -11.10380875
v 0.07117249999999986 -0.029574374999999986 -11.3542675
v -0.07117249999999986 -0.029574374999999986 -11.3542675
v -0.6743268750000002 0.406511875 -11.346333125
v -0.7137175 0.470755625 -11.2656325
v -0.5437212499999999 0.402635 -11.422980625
v -0.5598537499999998 0.45245375 -11.3766
v -0.3941812499999999 0.4012675 -11.488204375
v -0.40239812499999994 0.450320625 -11.44612125
v -0.23802374999999998 0.40077625 -11.5348375
v -0.24315124999999993 0.452979375 -11.48990375
v -0.0818468750000001 0.400345625 -11.5600075
v -0.08344937499999983 0.454435625 -11.51293625
v -0.8806568750000001 0.5201375 -11.075708125
v -0.8104874999999998 -0.028501249999999978 -10.982354375
v -0.7256393750000001 -0.028513750000000004 -11.066126875
v -0.8153199999999998 -0.020963125000000027 -10.993101875
v -0.7291525000000001 -0.02139812499999999 -11.076873125
v -0.5809662499999999 -0.02860499999999999 -11.16640375
v -0.46574187499999997 -0.028737500000000027 -11.230886875
v -0.3373149999999998 -0.028993749999999985 -11.291088125
v -0.5836006249999999 -0.022016250000000015 -11.177150625
v -0.4674974999999999 -0.023299999999999987 -11.239484375
v -0.33863125000000016 -0.023663749999999983 -11.300400625
v -0.20490999999999993 -0.024093124999999993 -11.3434375
v -0.2044731249999998 -0.02921062499999999 -11.33412375
v -0.07116875 -0.024456250000000013 -11.36286625
v -0.07117249999999986 -0.029574374999999986 -11.3542675
v -0.8806568750000001 0.5201375 -11.075708125
v -0.7137175 0.470755625 -11.2656325
v -0.8982712500000001 0.508041875 -11.073853125
v -0.8785056249999998 0.501734375 -11.09817625
v -0.7137175 0.470755625 -11.2656325
v -0.8785056249999998 0.501734375 -11.09817625
v -0.6743268750000002 0.406511875 -11.346333125
v -0.8321243749999998 0.42314 -11.19958875
v -0.8982712500000001 0.508041875 -11.073853125
v -0.925236875 0.44641125 -11.06365
v -0.8153199999999998 -0.020963125000000027 -10.993101875
v -0.7291525000000001 -0.02139812499999999 -11.076873125
v -0.8321243749999998 0.42314 -11.19958875
v -0.7291525000000001 -0.02139812499999999 -11.076873125
v -0.29259187499999983 0.692616875 -11.13293125
v -0.27730187500000003 0.694751875 -11.1331575
v -0.7506893749999999 0.58667375 -11.087625625
v -0.5983225000000001 0.634991875 -11.103028125
v -0.44611 0.668736875 -11.119755625
v -0.3461106250000001 0.684394375 -11.12923875
v -0.0931112500000002 0.7103725 -11.139005
v -0.7024431249999998 -0.069943125 -10.995229375
v -0.5463637499999998 -0.11291062500000004 -11.01717875
v -0.4310681249999999 -0.136953125 -11.0320275
v -0.3099850000000002 -0.1482325 -11.062306875
v -0.1869274999999999 -0.15579187500000002 -11.087258125
v -0.06529312500000017 -0.15912187499999997 -11.10380875
v -0.0818468750000001 0.400345625 -11.5600075
v -0.07116875 -0.024456250000000013 -11.36286625
v -0.23802374999999998 0.40077625 -11.5348375
v -0.20490999999999993 -0.024093124999999993 -11.3434375
v -0.3941812499999999 0.4012675 -11.488204375
v -0.33863125000000016 -0.023663749999999983 -11.300400625
v -0.5437212499999999 0.402635 -11.422980625
v -0.4674974999999999 -0.023299999999999987 -11.239484375
v -0.6743268750000002 0.406511875 -11.346333125
v -0.5836006249999999 -0.022016250000000015 -11.177150625
v -0.7291525000000001 -0.02139812499999999 -11.076873125
v -0.8321243749999998 0.42314 -11.19958875
v -0.5836006249999999 -0.022016250000000015 -11.177150625
v -0.6743268750000002 0.406511875 -11.346333125
v 0.0818468750000001 0.400345625 -11.5600075
v 0.07116875 -0.024456250000000013 -11.36286625
v 0.23802374999999998 0.40077625 -11.5348375
v 0.20490999999999993 -0.024093124999999993 -11.3434375
v 0.3941812499999999 0.4012675 -11.488204375
v 0.33863125000000016 -0.023663749999999983 -11.300400625
v 0.5437212499999999 0.402635 -11.422980625
v 0.4674974999999999 -0.023299999999999987 -11.239484375
v 0.6743268750000002 0.406511875 -11.346333125
v 0.5836006249999999 -0.022016250000000015 -11.177150625
v 0.7291525000000001 -0.02139812499999999 -11.076873125
v 0.8321243749999998 0.42314 -11.19958875
v 0.5836006249999999 -0.022016250000000015 -11.177150625
v 0.6743268750000002 0.406511875 -11.346333125
vt 0.24561946428571427 0.6323428571428571
vt 0.25 0.6366107738095238
vt 0.25 0.6547619047619048
vt 0.24404761904761904 0.6466706547619048
vt 0.6548529761904762 0.13597577380952386
vt 0.6607142857142857 0.13836773809523806
vt 0.6607142857142857 0.15476190476190477
vt 0.6547619047619048 0.15151369047619045
vt 0.8624943452380952 0.36264874999999996
vt 0.8609688095238096 0.36904761904761907
vt 0.8452380952380952 0.36904761904761907
vt 0.8469793452380953 0.3630925595238095
vt 0.8613504166666667 0.3265436904761905
vt 0.8606058333333334 0.33333333333333337
vt 0.8452380952380952 0.33333333333333337
vt 0.8462879761904761 0.32684005952380957
vt 0.6149680357142857 0.08260559523809519
vt 0.6149680357142857 0.1071428571428571
vt 0.6130952380952381 0.10509684523809526
vt 0.8988095238095238 0.23063630952380954
vt 0.9017517857142858 0.22985059523809526
vt 0.9001892857142857 0.2321428571428571
vt 0.8452380952380952 0.08542797619047615
vt 0.8463856547619047 0.09837047619047623
vt 0.8452380952380952 0.10119047619047616
vt 0.625 0.132961488095238
vt 0.6313244047619048 0.1473996428571428
vt 0.625 0.14880952380952384
vt 0.6949308333333333 0.7609263095238095
vt 0.6488095238095238 0.7579434523809524
vt 0.6488095238095238 0.7464981547619047
vt 0.6936604761904762 0.7455357142857143
vt 0.44642857142857145 0.28003619047619055
vt 0.44642857142857145 0.29055202380952383
vt 0.434606369047619 0.30952380952380953
vt 0.43452380952380953 0.29653375000000004
vt 0.8630952380952381 0.48065476190476186
vt 0.8630952380952381 0.4935257738095238
vt 0.8571428571428571 0.49361124999999995
vt 0.8572075595238096 0.48077148809523806
vt 0.011904761904761904 0.09388922619047624
vt 0.011904761904761904 0.08059035714285712
vt 0.01289059523809524 0.0803571428571429
vt 0.012923095238095237 0.09373589285714279
vt 0.023809523809523808 0.09412750000000003
vt 0.023809523809523808 0.0806190476190477
vt 0.02480571428571429 0.0803571428571429
vt 0.024772738095238094 0.09393208333333325
vt 0.8699716666666666 0.4699940476190476
vt 0.8574230952380952 0.47023809523809523
vt 0.8571428571428571 0.4642857142857143
vt 0.8697178571428571 0.4642857142857143
vt 0.2024477380952381 0.5718007142857143
vt 0.20833333333333334 0.5714285714285714
vt 0.20833333333333334 0.5882622619047619
vt 0.20238095238095238 0.5885649404761906
vt 0.22033279761904762 0.5242806547619048
vt 0.2261904761904762 0.5238095238095238
vt 0.2261904761904762 0.535255
vt 0.22023809523809523 0.53563625
vt 0.7797619047619048 0.13690476190476186
vt 0.7812324404761904 0.09571351190476185
vt 0.7812324404761904 0.13688553571428574
vt 0.16782678571428572 0.6461648214285713
vt 0.18452380952380953 0.6347704761904762
vt 0.18452380952380953 0.6663051785714286
vt 0.16666666666666666 0.6666666666666667
vt 0.7996621428571429 0.1997032738095238
vt 0.7996621428571429 0.22023809523809523
vt 0.7857142857142857 0.2198910119047619
vt 0.6608963690476191 0.3910844642857143
vt 0.6785714285714286 0.38384458333333327
vt 0.6785714285714286 0.4214764880952381
vt 0.6607142857142857 0.42261904761904767
vt 0.3869047619047619 0.2246853571428572
vt 0.39646863095238094 0.18828910714285707
vt 0.39646863095238094 0.22619047619047616
vt 0.041666666666666664 0.5109950000000001
vt 0.05952380952380952 0.5059633333333333
vt 0.05952380952380952 0.5471802380952382
vt 0.051421547619047624 0.5476190476190477
vt 0.6545185714285714 0.42261904761904767
vt 0.6369047619047619 0.42261904761904767
vt 0.6392727380952381 0.38151541666666666
vt 0.6545013690476191 0.37945375000000003
vt 0.25595238095238093 0.13412345238095236
vt 0.26343458333333336 0.13095238095238093
vt 0.26343458333333336 0.1423077380952381
vt 0.7816993452380953 0.36254363095238096
vt 0.7738095238095238 0.3491334523809524
vt 0.7916666666666666 0.34375
vt 0.7916666666666666 0.3605143452380952
vt 0.7916666666666666 0.26190476190476186
vt 0.8134800595238095 0.26190476190476186
vt 0.809815238095238 0.27380952380952384
vt 0.7931829761904762 0.2729830357142857
vt 0.7859635119047619 0.9699622619047619
vt 0.8106420238095238 0.96875
vt 0.8075266666666666 0.9818936904761905
vt 0.7857142857142857 0.9818936904761905
vt 0.8103995833333334 0.8690476190476191
vt 0.7857142857142857 0.8679879166666666
vt 0.7867570833333333 0.8571428571428572
vt 0.8132317857142857 0.8571428571428572
vt 0.7750224404761904 0.3214285714285714
vt 0.8018830952380953 0.3214285714285714
vt 0.8004601785714285 0.33333333333333337
vt 0.7740097619047619 0.3322230357142857
vt 0.4505029761904762 0.6785714285714286
vt 0.4506559523809524 0.6845238095238095
vt 0.4347607142857143 0.6845238095238095
vt 0.43491309523809524 0.6785714285714286
vt 0.39395565476190475 0.04613095238095233
vt 0.3783657738095238 0.04613095238095233
vt 0.3793830357142857 0.004464285714285698
vt 0.3929389880952381 0.004464285714285698
vt 0.4516840476190476 0.3688634523809524
vt 0.45260428571428574 0.3257080952380952
vt 0.4684995238095238 0.3257080952380952
vt 0.4694197619047619 0.3688634523809524
vt 0.11559345238095238 0.20833333333333337
vt 0.11615357142857143 0.23809523809523814
vt 0.10259642857142857 0.23809523809523814
vt 0.10315654761904762 0.20833333333333337
vt 0.8638392857142857 0.45238095238095233
vt 0.8757440476190477 0.45238095238095233
vt 0.8757440476190477 0.45833333333333337
vt 0.8638392857142857 0.45833333333333337
vt 0.25 0.6547619047619048
vt 0.25 0.6366107738095238
vt 0.24561946428571427 0.6323428571428571
vt 0.24404761904761904 0.6466706547619048
vt 0.6607142857142857 0.15476190476190477
vt 0.6607142857142857 0.13836773809523806
vt 0.6548529761904762 0.13597577380952386
vt 0.6547619047619048 0.15151369047619045
vt 0.8452380952380952 0.36904761904761907
vt 0.8609688095238096 0.36904761904761907
vt 0.8624943452380952 0.36264874999999996
vt 0.8469793452380953 0.3630925595238095
vt 0.8452380952380952 0.33333333333333337
vt 0.8606058333333334 0.33333333333333337
vt 0.8613504166666667 0.3265436904761905
vt 0.8462879761904761 0.32684005952380957
vt 0.6149680357142857 0.1071428571428571
vt 0.6149680357142857 0.08260559523809519
vt 0.6130952380952381 0.10509684523809526
vt 0.9017517857142858 0.22985059523809526
vt 0.8988095238095238 0.23063630952380954
vt 0.9001892857142857 0.2321428571428571
vt 0.8463856547619047 0.09837047619047623
vt 0.8452380952380952 0.08542797619047615
vt 0.8452380952380952 0.10119047619047616
vt 0.6313244047619048 0.1473996428571428
vt 0.625 0.132961488095238
vt 0.625 0.14880952380952384
vt 0.6488095238095238 0.7464981547619047
vt 0.6488095238095238 0.7579434523809524
vt 0.6949308333333333 0.7609263095238095
vt 0.6936604761904762 0.7455357142857143
vt 0.434606369047619 0.30952380952380953
vt 0.44642857142857145 0.29055202380952383
vt 0.44642857142857145 0.28003619047619055
vt 0.43452380952380953 0.29653375000000004
vt 0.8571428571428571 0.49361124999999995
vt 0.8630952380952381 0.4935257738095238
vt 0.8630952380952381 0.48065476190476186
vt 0.8572075595238096 0.48077148809523806
vt 0.01289059523809524 0.0803571428571429
vt 0.011904761904761904 0.08059035714285712
vt 0.011904761904761904 0.09388922619047624
vt 0.012923095238095237 0.09373589285714279
vt 0.02480571428571429 0.0803571428571429
vt 0.023809523809523808 0.0806190476190477
vt 0.023809523809523808 0.09412750000000003
vt 0.024772738095238094 0.09393208333333325
vt 0.8571428571428571 0.4642857142857143
vt 0.8574230952380952 0.47023809523809523
vt 0.8699716666666666 0.4699940476190476
vt 0.8697178571428571 0.4642857142857143
vt 0.20833333333333334 0.5882622619047619
vt 0.20833333333333334 0.5714285714285714
vt 0.2024477380952381 0.5718007142857143
vt 0.20238095238095238 0.5885649404761906
vt 0.2261904761904762 0.535255
vt 0.2261904761904762 0.5238095238095238
vt 0.22033279761904762 0.5242806547619048
vt 0.22023809523809523 0.53563625
vt 0.7812324404761904 0.09571351190476185
vt 0.7797619047619048 0.13690476190476186
vt 0.7812324404761904 0.13688553571428574
vt 0.18452380952380953 0.6663051785714286
vt 0.18452380952380953 0.6347704761904762
vt 0.16782678571428572 0.6461648214285713
vt 0.16666666666666666 0.6666666666666667
vt 0.7996621428571429 0.22023809523809523
vt 0.7996621428571429 0.1997032738095238
vt 0.7857142857142857 0.2198910119047619
vt 0.6785714285714286 0.4214764880952381
vt 0.6785714285714286 0.38384458333333327
vt 0.6608963690476191 0.3910844642857143
vt 0.6607142857142857 0.42261904761904767
vt 0.39646863095238094 0.18828910714285707
vt 0.3869047619047619 0.2246853571428572
vt 0.39646863095238094 0.22619047619047616
vt 0.05952380952380952 0.5471802380952382
vt 0.05952380952380952 0.5059633333333333
vt 0.041666666666666664 0.5109950000000001
vt 0.051421547619047624 0.5476190476190477
vt 0.6392727380952381 0.38151541666666666
vt 0.6369047619047619 0.42261904761904767
vt 0.6545185714285714 0.42261904761904767
vt 0.6545013690476191 0.37945375000000003
vt 0.26343458333333336 0.13095238095238093
vt 0.25595238095238093 0.13412345238095236
vt 0.26343458333333336 0.1423077380952381
vt 0.7916666666666666 0.34375
vt 0.7738095238095238 0.3491334523809524
vt 0.7816993452380953 0.36254363095238096
vt 0.7916666666666666 0.3605143452380952
vt 0.809815238095238 0.27380952380952384
vt 0.8134800595238095 0.26190476190476186
vt 0.7916666666666666 0.26190476190476186
vt 0.7931829761904762 0.2729830357142857
vt 0.8075266666666666 0.9818936904761905
vt 0.8106420238095238 0.96875
vt 0.7859635119047619 0.9699622619047619
vt 0.7857142857142857 0.9818936904761905
vt 0.7867570833333333 0.8571428571428572
vt 0.7857142857142857 0.8679879166666666
vt 0.8103995833333334 0.8690476190476191
vt 0.8132317857142857 0.8571428571428572
vt 0.8004601785714285 0.33333333333333337
vt 0.8018830952380953 0.3214285714285714
vt 0.7750224404761904 0.3214285714285714
vt 0.7740097619047619 0.3322230357142857
vt 0.4786105952380953 0.05029761904761898
vt 0.47907738095238095 0.038690476190476164
vt 0.43714369047619045 0.038690476190476164
vt 0.4367559523809524 0.04845946428571424
vt 0.4791666666666667 0.036520297619047626
vt 0.4791666666666667 0.02157738095238093
vt 0.43741619047619046 0.023465535714285668
vt 0.43720238095238095 0.03651434523809527
vt 0.4791666666666667 0.01849708333333333
vt 0.4791666666666667 0.0029761904761904656
vt 0.4376172619047619 0.005046964285714273
vt 0.4375 0.018422857142857185
vt 0.49420934523809523 0.005952380952380931
vt 0.4827380952380952 0.006117023809523836
vt 0.4827380952380952 0.04764440476190468
vt 0.49616517857142856 0.04754226190476185
vt 0.43086178571428574 0.005357142857142838
vt 0.41428571428571426 0.005916130952380971
vt 0.41428571428571426 0.04812809523809525
vt 0.43427065476190474 0.047062857142857184
vt 0.3166079761904762 0.03720238095238093
vt 0.35854166666666665 0.03720238095238093
vt 0.35807488095238094 0.04880952380952375
vt 0.3162202380952381 0.046971369047619005
vt 0.3168804761904762 0.021977440476190435
vt 0.3586309523809524 0.0200892857142857
vt 0.3586309523809524 0.03503220238095239
vt 0.3166666666666667 0.035026250000000037
vt 0.3170815476190476 0.00355886904761904
vt 0.3586309523809524 0.0014880952380952328
vt 0.3586309523809524 0.017008988095237987
vt 0.3169642857142857 0.016934761904761952
vt 0.36220238095238094 0.04615630952380945
vt 0.36220238095238094 0.004628928571428603
vt 0.37367363095238093 0.004464285714285698
vt 0.3756294642857143 0.04605416666666662
vt 0.29375 0.046640000000000015
vt 0.29375 0.0044280357142857385
vt 0.31032607142857144 0.0038690476190476053
vt 0.3137349404761905 0.04557476190476195
vn 0.4571092769012215 0.5222364148301143 -0.7199446061998321
vn 0.3208918343010349 0.585156656059533 -0.7447282179078101
vn 0.21671539844691706 0.6245474419616972 -0.7503165524064456
vn 0.11425251680811668 0.6502412114015642 -0.7510876975413974
vn 0.47096927665700955 0.6598075886251803 -0.5855270159760333
vn 0.5031148053991518 0.6443397881264261 -0.5759355259274825
vn 0.6379270203387498 0.43949936704739145 -0.6323681072655917
vn 0.7795967696928867 0.24573355924452817 -0.5760589332224892
vn 0.6732715378604468 -0.26266820834828325 -0.6911662959303875
vn 0.582701769428929 0.4729274596365095 -0.6609071537108316
vn 0.07177664837786774 -0.8755735719359141 -0.47772275733423514
vn 0.1537698882613919 -0.8690198637703048 -0.4702757678604329
vn 0.2180021380940402 -0.8599904144350736 -0.4614017282869861
vn 0.255803170992279 -0.8508474905573309 -0.45893712589263036
vn 0.3076617843255073 -0.8429322083676418 -0.44137231286306966
vn 0.4028360450810538 -0.8182498528136317 -0.4101101061348345
vn 0.12231430960120511 0.8161122205531893 -0.5648008968924562
vn 0.31043047209069086 0.7700037458802166 -0.5574290567668554
vn 0.418831400598293 0.7187074393091449 -0.5550134003378334
vn 0.23742258194127497 0.7923026716401927 -0.562038249673589
vn 0.17968880801533751 0.8062428651119675 -0.563634965851191
vn 0.1689205900139485 0.8073518337661716 -0.565374964765632
vn 0.0875264667371805 0.8207166726817001 -0.5645912333740087
vn 0.3705982815474652 -0.8496231022483473 -0.3752299266316058
vn 0.2952858115314192 -0.8595394032448659 -0.4171310390964584
vn 0.24212102851403305 -0.8693324797222809 -0.4308578039808691
vn 0.20474637769837992 -0.8778090973578567 -0.4330474678544807
vn 0.14430448559832734 -0.8844629981299911 -0.4437357551235981
vn 0.07146754735465281 -0.8866302004909843 -0.45692371053867176
vn 0 0.6564682693390251 -0.7543536381240734
vn 0 -0.420956378785671 -0.9070808823691826
vn 0 0.8252155327702144 -0.5648179569337111
vn 0 -0.8882178302881085 -0.4594225570847444
vn 0 -0.8593007275391743 -0.5114706830803167
vn -0.45710927690122155 0.5222364148301144 -0.7199446061998319
vn -0.32089183430103485 0.585156656059533 -0.7447282179078102
vn -0.21671539844691717 0.6245474419616972 -0.7503165524064458
vn -0.11425251680811674 0.6502412114015642 -0.7510876975413974
vn -0.4709692766570095 0.6598075886251804 -0.5855270159760335
vn -0.5031148053991519 0.6443397881264262 -0.5759355259274825
vn -0.6379270203387498 0.4394993670473917 -0.6323681072655915
vn -0.7795967696928867 0.24573355924452805 -0.5760589332224891
vn -0.6732715378604467 -0.26266820834828325 -0.6911662959303875
vn -0.5827017694289288 0.47292745963650984 -0.6609071537108319
vn -0.07177664837786775 -0.8755735719359143 -0.47772275733423514
vn -0.15376988826139187 -0.8690198637703049 -0.47027576786043285
vn -0.2180021380940402 -0.8599904144350734 -0.4614017282869861
vn -0.25580317099227884 -0.8508474905573311 -0.4589371258926301
vn -0.3076617843255072 -0.8429322083676419 -0.44137231286306977
vn -0.40283604508105386 -0.8182498528136317 -0.4101101061348346
vn -0.12231430960120647 0.8161122205531892 -0.564800896892456
vn -0.3104304720906907 0.7700037458802165 -0.5574290567668553
vn -0.41883140059829305 0.7187074393091449 -0.5550134003378333
vn -0.23742258194127497 0.7923026716401927 -0.562038249673589
vn -0.1796888080153376 0.8062428651119675 -0.563634965851191
vn -0.16892059001394846 0.8073518337661716 -0.5653749647656321
vn -0.0875264667371804 0.8207166726817001 -0.5645912333740087
vn -0.37059828154746527 -0.8496231022483474 -0.3752299266316059
vn -0.2952858115314192 -0.8595394032448659 -0.4171310390964583
vn -0.24212102851403305 -0.8693324797222809 -0.43085780398086904
vn -0.20474637769837986 -0.8778090973578567 -0.43304746785448067
vn -0.14430448559832734 -0.8844629981299911 -0.4437357551235981
vn -0.07146754735465287 -0.8866302004909841 -0.45692371053867165
vn -0.46880603539734095 -0.41891206822551064 -0.7776461793579726
vn -0.36678942494574684 -0.4157636973609567 -0.8322295751201799
vn -0.2617529006831897 -0.41330219351385633 -0.8721620926299027
vn -0.1318587097843892 -0.4156758248928334 -0.8999038222241637
vn -0.5349795207563441 -0.33770617239002787 -0.7744362165478764
vn 0.46880603539734117 -0.41891206822551075 -0.7776461793579728
vn 0.36678942494574696 -0.4157636973609567 -0.8322295751201799
vn 0.26175290068318974 -0.41330219351385633 -0.8721620926299029
vn 0.13185870978438935 -0.4156758248928333 -0.8999038222241634
vn 0.5349795207563441 -0.3377061723900278 -0.7744362165478765
usemtl m_2e146a60-ae6a-de58-ef29-5cac9a70e150
f 1614/3283/897 1615/3284/897 1613/3285/897 1612/3286/897
f 1616/3287/898 1617/3288/898 1615/3289/898 1614/3290/898
f 1618/3291/899 1619/3292/899 1617/3293/899 1616/3294/899
f 1620/3295/900 1621/3296/900 1619/3297/900 1618/3298/900
f 1638/3299/901 1637/3300/901 1640/3301/901
f 1639/3302/902 1640/3303/902 1637/3304/902
f 1644/3305/903 1642/3306/903 1645/3307/903
f 1644/3308/904 1645/3309/904 1646/3310/904
f 1646/3311/905 1647/3312/905 1648/3313/905 1649/3314/905
f 1643/3315/906 1641/3316/906 1642/3317/906 1644/3318/906
f 1635/3319/907 1633/3320/907 1634/3321/907 1636/3322/907
f 1629/3323/908 1634/3324/908 1633/3325/908 1632/3326/908
f 1628/3327/909 1629/3328/909 1632/3329/909 1631/3330/909
f 1631/3331/910 1630/3332/910 1627/3333/910 1628/3334/910
f 1627/3335/911 1630/3336/911 1650/3337/911 1624/3338/911
f 1624/3339/912 1626/3340/912 1625/3341/912 1623/3342/912
f 1651/3343/913 1619/3344/913 1652/3345/913
f 1613/3346/914 1615/3347/914 1654/3348/914 1653/3349/914
f 1613/3350/915 1653/3351/915 1622/3352/915
f 1615/3353/916 1617/3354/916 1655/3355/916 1654/3356/916
f 1655/3357/917 1617/3358/917 1656/3359/917
f 1617/3360/918 1619/3361/918 1651/3362/918 1656/3363/918
f 1657/3364/919 1652/3365/919 1619/3366/919 1621/3367/919
f 1658/3368/920 1624/3369/920 1623/3370/920
f 1658/3371/921 1659/3372/921 1627/3373/921 1624/3374/921
f 1660/3375/922 1628/3376/922 1627/3377/922 1659/3378/922
f 1661/3379/923 1629/3380/923 1628/3381/923 1660/3382/923
f 1629/3383/924 1661/3384/924 1662/3385/924 1634/3386/924
f 1663/3387/925 1636/3388/925 1634/3389/925 1662/3390/925
f 1664/3391/926 1665/3392/926 1666/3393/926 1667/3394/926
f 1670/3395/927 1669/3396/927 1668/3397/927 1671/3398/927
f 1674/3399/928 1666/3400/928 1665/3401/928 1675/3402/928
f 1677/3403/929 1679/3404/929 1678/3405/929 1676/3406/929
f 1678/3407/930 1679/3408/930 1672/3409/930 1673/3410/930
f 1681/3411/931 1683/3412/931 1682/3413/931 1680/3414/931
f 1683/3415/932 1685/3416/932 1684/3417/932 1682/3418/932
f 1685/3419/933 1687/3420/933 1686/3421/933 1684/3422/933
f 1687/3423/934 1689/3424/934 1688/3425/934 1686/3426/934
f 1705/3427/935 1706/3428/935 1708/3429/935
f 1708/3430/936 1707/3431/936 1705/3432/936
f 1710/3433/937 1712/3434/937 1713/3435/937
f 1713/3436/938 1712/3437/938 1714/3438/938
f 1716/3439/939 1715/3440/939 1714/3441/939 1717/3442/939
f 1710/3443/940 1709/3444/940 1711/3445/940 1712/3446/940
f 1702/3447/941 1701/3448/941 1703/3449/941 1704/3450/941
f 1701/3451/942 1702/3452/942 1697/3453/942 1700/3454/942
f 1700/3455/943 1697/3456/943 1696/3457/943 1699/3458/943
f 1695/3459/944 1698/3460/944 1699/3461/944 1696/3462/944
f 1718/3463/945 1698/3464/945 1695/3465/945 1692/3466/945
f 1693/3467/946 1694/3468/946 1692/3469/946 1691/3470/946
f 1687/3471/947 1719/3472/947 1720/3473/947
f 1722/3474/948 1683/3475/948 1681/3476/948 1721/3477/948
f 1721/3478/949 1681/3479/949 1690/3480/949
f 1723/3481/950 1685/3482/950 1683/3483/950 1722/3484/950
f 1685/3485/951 1723/3486/951 1724/3487/951
f 1719/3488/952 1687/3489/952 1685/3490/952 1724/3491/952
f 1687/3492/953 1720/3493/953 1725/3494/953 1689/3495/953
f 1692/3496/954 1726/3497/954 1691/3498/954
f 1695/3499/955 1727/3500/955 1726/3501/955 1692/3502/955
f 1695/3503/956 1696/3504/956 1728/3505/956 1727/3506/956
f 1696/3507/957 1697/3508/957 1729/3509/957 1728/3510/957
f 1730/3511/958 1729/3512/958 1697/3513/958 1702/3514/958
f 1702/3515/959 1704/3516/959 1731/3517/959 1730/3518/959
f 1740/3519/960 1738/3520/960 1739/3521/960 1741/3522/960
f 1738/3523/961 1736/3524/961 1737/3525/961 1739/3526/961
f 1736/3527/962 1734/3528/962 1735/3529/962 1737/3530/962
f 1733/3531/963 1735/3532/963 1734/3533/963 1732/3534/963
f 1744/3535/964 1742/3536/964 1743/3537/964 1745/3538/964
f 1753/3539/965 1752/3540/965 1754/3541/965 1755/3542/965
f 1751/3543/966 1750/3544/966 1752/3545/966 1753/3546/966
f 1749/3547/967 1748/3548/967 1750/3549/967 1751/3550/967
f 1748/3551/968 1749/3552/968 1747/3553/968 1746/3554/968
f 1757/3555/969 1756/3556/969 1758/3557/969 1759/3558/969
o car1_coupler_open
v 0.3125 0.5 -10.625
v 0.3125 -0.125 -10.625
v -0.3125 0.5 -10.625
v -0.3125 -0.125 -10.625
v 0.09311124999999998 0.7103725000000001 -11.139005
v 0.3125 0.5 -10.625
v -0.09311124999999998 0.7103725000000001 -11.139005
v -0.3125 0.5 -10.625
v 0.3125 -0.125 -10.625
v 0.06529312499999995 -0.1591218749999999 -11.10380875
v -0.3125 -0.125 -10.625
v -0.06529312499999995 -0.1591218749999999 -11.10380875
v -0.3125 0.5 -10.625
v -0.3125 -0.125 -10.625
v -0.09311124999999998 0.7103725000000001 -11.139005
v -0.06529312499999995 -0.1591218749999999 -11.10380875
v -0.81532 -0.020963124999999916 -10.993101875
v -0.925236875 0.4464112500000001 -11.063649999999999
v -0.277301875 0.6947518750000001 -11.1331575
v -0.292591875 0.6926168750000001 -11.13293125
v -0.346110625 0.6843943750000001 -11.129238749999999
v -0.44611 0.6687368750000001 -11.119755625
v -0.5983225 0.6349918750000001 -11.103028125
v -0.750689375 0.5866737500000001 -11.087625625
v -0.880656875 0.5201375000000001 -11.075708125
v -0.8982712500000001 0.5080418750000001 -11.073853125
v -0.18692750000000002 -0.1557918749999999 -11.087258125
v -0.7024431250000001 -0.06994312499999994 -10.995229375000001
v -0.8104875 -0.028501249999999922 -10.982354375
v -0.54636375 -0.11291062499999988 -11.01717875
v -0.431068125 -0.1369531249999999 -11.0320275
v -0.309985 -0.14823249999999988 -11.062306875
v 0.3125 0.5 -10.625
v 0.3125 -0.125 -10.625
v 0.09311124999999998 0.7103725000000001 -11.139005
v 0.06529312499999995 -0.1591218749999999 -11.10380875
v 0.81532 -0.020963124999999916 -10.993101875
v 0.925236875 0.4464112500000001 -11.063649999999999
v 0.27730187500000003 0.6947518750000001 -11.1331575
v 0.29259187499999995 0.6926168750000001 -11.13293125
v 0.346110625 0.6843943750000001 -11.129238749999999
v 0.44611 0.6687368750000001 -11.119755625
v 0.5983225000000001 0.6349918750000001 -11.103028125
v 0.7506893750000001 0.5866737500000001 -11.087625625
v 0.8806568749999999 0.5201375000000001 -11.075708125
v 0.8982712500000001 0.5080418750000001 -11.073853125
v 0.18692750000000002 -0.1557918749999999 -11.087258125
v 0.7024431250000001 -0.06994312499999994 -10.995229375000001
v 0.8104875 -0.028501249999999922 -10.982354375
v 0.54636375 -0.11291062499999988 -11.01717875
v 0.4310681249999999 -0.1369531249999999 -11.0320275
v 0.30998499999999996 -0.14823249999999988 -11.062306875
v -0.8490925 0.4529793750000001 -10.97096875
v -0.94158125 0.5201374999999999 -10.21637125
v -0.9514825 0.5080418749999999 -10.201685
v -0.95741 0.5017343749999998 -10.23246125
v -0.607415625 0.692616875 -10.7036375
v -0.597760625 0.694751875 -10.715495624999999
v 0.8490831249999999 0.4529793750000001 -10.9709475
v 0.6074062499999999 0.692616875 -10.70361625
v 0.59775125 0.694751875 -10.715475
v 0.26249999999999996 -0.07812499999999994 -10.9875
v 0.26249999999999996 0.26562500000000006 -10.9875
v 0.26249999999999996 0.26562500000000017 -11.45625
v 0.26249999999999996 -0.07812499999999983 -11.45625
v -0.2625 -0.07812499999999994 -10.9875
v -0.2625 0.26562500000000006 -10.9875
v -0.2625 0.26562500000000017 -11.45625
v -0.2625 -0.07812499999999983 -11.45625
v 0.31875 0.10937499999999999 -10.690625
v 0.31875 0.453125 -10.690625
v 0.31875 0.4531250000000001 -11.159375
v 0.31875 0.1093750000000001 -11.159375
v -0.31875 0.10937499999999999 -10.690625
v -0.31875 0.453125 -10.690625
v -0.31875 0.4531250000000001 -11.159375
v -0.31875 0.1093750000000001 -11.159375
v 0.21562499999999996 0.23750000000000004 -11.015625
v 0.21562499999999996 0.38750000000000007 -11.015625
v 0.21562499999999996 0.3875000000000002 -11.421875
v 0.21562499999999996 0.23750000000000016 -11.421875
v -0.215625 0.23750000000000004 -11.015625
v -0.215625 0.38750000000000007 -11.015625
v -0.215625 0.3875000000000002 -11.421875
v -0.215625 0.23750000000000016 -11.421875
v 0 0.09375000000000011 -11.2375
v 0 0.09374999999999993 -10.440625
v 0.06472124999999995 0.2500000000000001 -11.2375
v 0.06472124999999995 0.24999999999999994 -10.440625
v 0.15625 0.15847125000000012 -11.2375
v 0.15625 0.1584712499999999 -10.440625
v 0.15625 0.02902875000000013 -11.2375
v 0.15625 0.029028749999999964 -10.440625
v 0.06472124999999995 -0.06249999999999986 -11.2375
v 0.06472124999999995 -0.06250000000000006 -10.440625
v 0.234375 -0.031249999999999833 -11.409375
v 0.234375 0.25000000000000017 -11.409375
v 0.234375 0.25000000000000017 -11.503125
v 0.234375 -0.031249999999999806 -11.503125
v -0.06472124999999995 0.2500000000000001 -11.2375
v -0.06472124999999995 0.24999999999999994 -10.440625
v -0.15625 0.15847125000000012 -11.2375
v -0.15625 0.1584712499999999 -10.440625
v -0.15625 0.02902875000000013 -11.2375
v -0.15625 0.029028749999999964 -10.440625
v -0.06472124999999995 -0.06249999999999986 -11.2375
v -0.06472124999999995 -0.06250000000000006 -10.440625
v -0.234375 -0.031249999999999833 -11.409375
v -0.234375 0.25000000000000017 -11.409375
v -0.234375 0.25000000000000017 -11.503125
v -0.234375 -0.031249999999999806 -11.503125
v -0.09072687499999998 0.17187500000000017 -11.50451375
v -0.05627000000000004 0.15760250000000017 -11.50451375
v -0.109375 0.07812500000000014 -11.37951375
v -0.02989750000000002 0.13123000000000018 -11.50451375
v -0.015625 0.09677312500000017 -11.50451375
v -0.015625 0.05947687500000018 -11.50451375
v -0.02989750000000002 0.02502000000000018 -11.50451375
v -0.05627000000000004 -0.00135249999999984 -11.50451375
v -0.09072687499999998 -0.015624999999999806 -11.50451375
v -0.12802312500000002 -0.015624999999999806 -11.50451375
v -0.16248 -0.00135249999999984 -11.50451375
v -0.18885249999999998 0.02502000000000018 -11.50451375
v -0.203125 0.05947687500000018 -11.50451375
v -0.203125 0.09677312500000017 -11.50451375
v -0.18885249999999998 0.13123000000000018 -11.50451375
v -0.16248 0.15760250000000017 -11.50451375
v -0.12802312500000002 0.17187500000000017 -11.50451375
v -0.109375 0.07812500000000017 -11.50451375
v 0.16247999999999996 0.15760250000000017 -11.503125
v 0.12802312500000002 0.17187500000000017 -11.503125
v 0.109375 0.07812500000000017 -11.503125
v 0.109375 0.0781250000000002 -11.628125
v 0.18885249999999998 0.13123000000000018 -11.503125
v 0.203125 0.09677312500000017 -11.503125
v 0.203125 0.05947687500000018 -11.503125
v 0.18885249999999998 0.02502000000000018 -11.503125
v 0.16247999999999996 -0.00135249999999984 -11.503125
v 0.12802312500000002 -0.015624999999999806 -11.503125
v 0.09072687499999998 -0.015624999999999806 -11.503125
v 0.05627000000000004 -0.00135249999999984 -11.503125
v 0.02989750000000002 0.02502000000000018 -11.503125
v 0.015625 0.05947687500000018 -11.503125
v 0.015625 0.09677312500000017 -11.503125
v 0.02989750000000002 0.13123000000000018 -11.503125
v 0.05627000000000004 0.15760250000000017 -11.503125
v 0.09072687499999998 0.17187500000000017 -11.503125
v -0.8802181250000001 0.40077625000000006 -11.003779375
v -0.8490925 0.452979375 -10.97096875
v -0.799110625 0.40034562500000015 -11.139596875
v -0.7640825 0.4544356250000001 -11.1081125
v -0.712311875 -0.024093124999999938 -10.90611625
v -0.704896875 -0.029210624999999935 -10.900464375
v -0.641228125 -0.02445624999999993 -11.02105625
v -0.63464375 -0.02957437499999993 -11.01552625
v -0.597760625 0.694751875 -10.715495624999999
v -0.48384499999999997 0.7103724999999999 -10.8603525
v -0.504508125 -0.15579187499999997 -10.7552225
v -0.439001875 -0.15912187499999997 -10.85903875
v -0.799110625 0.40034562500000015 -11.139596875
v -0.641228125 -0.02445624999999993 -11.02105625
v -0.8802181250000001 0.40077625000000006 -11.003779375
v -0.712311875 -0.024093124999999938 -10.90611625
v -0.799110625 0.40034562500000015 -11.139596875
v -0.7640825 0.4544356250000001 -11.1081125
v -0.641228125 -0.02445624999999993 -11.02105625
v -0.63464375 -0.02957437499999993 -11.01552625
v -0.588921875 -0.029574374999999875 -11.070015625
v -0.59550875 -0.0244562499999999 -11.075542500000001
v -0.746528125 0.40034562500000015 -11.2022625
v -0.7106281249999999 0.4544356250000001 -11.171816875
v -0.7640825 0.4544356250000001 -11.1081125
v -0.799110625 0.40034562500000015 -11.139596875
v -0.641228125 -0.02445624999999993 -11.02105625
v -0.48384499999999997 0.7103724999999999 -10.8603525
v -0.439001875 -0.15912187499999997 -10.85903875
v -0.63464375 -0.02957437499999993 -11.01552625
v -0.42418 0.7103725000000001 -10.931458125
v -0.7106281249999999 0.4544356250000001 -11.171816875
v -0.746528125 0.40034562500000015 -11.2022625
v -0.59550875 -0.0244562499999999 -11.075542500000001
v -0.588921875 -0.029574374999999875 -11.070015625
v -0.397059375 -0.15912187499999997 -10.90902375
v 0.88020875 0.40077625000000006 -11.00375875
v 0.8490831249999999 0.452979375 -10.9709475
v 0.7991012500000001 0.40034562500000015 -11.139575624999999
v 0.7640724999999999 0.4544356250000001 -11.10809125
v 0.7123025000000001 -0.024093124999999938 -10.906095625
v 0.7048868749999999 -0.029210624999999935 -10.900443125
v 0.64121875 -0.02445624999999993 -11.021035625
v 0.6346337500000001 -0.02957437499999993 -11.015505625
v 0.59775125 0.694751875 -10.715475
v 0.483835 0.7103724999999999 -10.860331875
v 0.50449875 -0.15579187499999997 -10.755201875000001
v 0.4389924999999999 -0.15912187499999997 -10.859018125
v 0.7640724999999999 0.4544356250000001 -11.10809125
v 0.7991012500000001 0.40034562500000015 -11.139575624999999
v 0.64121875 -0.02445624999999993 -11.021035625
v 0.6346337500000001 -0.02957437499999993 -11.015505625
v 0.7991012500000001 0.40034562500000015 -11.139575624999999
v 0.64121875 -0.02445624999999993 -11.021035625
v 0.88020875 0.40077625000000006 -11.00375875
v 0.7123025000000001 -0.024093124999999938 -10.906095625
v 0.588858125 -0.029574374999999875 -11.070059375
v 0.595445 -0.0244562499999999 -11.075586875
v 0.74646375 0.40034562500000015 -11.202306875
v 0.7102468749999999 0.4544356250000001 -11.17223875
v 0.7640724999999999 0.4544356250000001 -11.10809125
v 0.64121875 -0.02445624999999993 -11.021035625
v 0.7991012500000001 0.40034562500000015 -11.139575624999999
v 0.483835 0.7103724999999999 -10.860331875
v 0.4389924999999999 -0.15912187499999997 -10.859018125
v 0.6346337500000001 -0.02957437499999993 -11.015505625
v 0.42379875 0.7103725000000001 -10.931880625
v 0.7102468749999999 0.4544356250000001 -11.17223875
v 0.74646375 0.40034562500000015 -11.202306875
v 0.595445 -0.0244562499999999 -11.075586875
v 0.588858125 -0.029574374999999875 -11.070059375
v 0.39699562499999996 -0.15912187499999997 -10.9090675
v -0.8802181250000001 0.40077625000000006 -11.003779375
v -0.8490925 0.452979375 -10.97096875
v -0.799110625 0.40034562500000015 -11.139596875
v -0.7640825 0.4544356250000001 -11.1081125
v -0.712311875 -0.024093124999999938 -10.90611625
v -0.704896875 -0.029210624999999935 -10.900464375
v -0.641228125 -0.02445624999999993 -11.02105625
v -0.63464375 -0.02957437499999993 -11.01552625
v -0.597760625 0.694751875 -10.715495624999999
v -0.48384499999999997 0.7103724999999999 -10.8603525
v -0.504508125 -0.15579187499999997 -10.7552225
v -0.439001875 -0.15912187499999997 -10.85903875
v -0.799110625 0.40034562500000015 -11.139596875
v -0.641228125 -0.02445624999999993 -11.02105625
v -0.8802181250000001 0.40077625000000006 -11.003779375
v -0.712311875 -0.024093124999999938 -10.90611625
v -0.799110625 0.40034562500000015 -11.139596875
v -0.7640825 0.4544356250000001 -11.1081125
v -0.641228125 -0.02445624999999993 -11.02105625
v -0.63464375 -0.02957437499999993 -11.01552625
v -0.588921875 -0.029574374999999875 -11.070015625
v -0.59550875 -0.0244562499999999 -11.075542500000001
v -0.746528125 0.40034562500000015 -11.2022625
v -0.7106281249999999 0.4544356250000001 -11.171816875
v -0.7640825 0.4544356250000001 -11.1081125
v -0.799110625 0.40034562500000015 -11.139596875
v -0.641228125 -0.02445624999999993 -11.02105625
v -0.48384499999999997 0.7103724999999999 -10.8603525
v -0.439001875 -0.15912187499999997 -10.85903875
v -0.63464375 -0.02957437499999993 -11.01552625
v -0.42418 0.7103725000000001 -10.931458125
v -0.7106281249999999 0.4544356250000001 -11.171816875
v -0.746528125 0.40034562500000015 -11.2022625
v -0.59550875 -0.0244562499999999 -11.075542500000001
v -0.588921875 -0.029574374999999875 -11.070015625
v -0.397059375 -0.15912187499999997 -10.90902375
v 0.88020875 0.40077625000000006 -11.00375875
v 0.8490831249999999 0.452979375 -10.9709475
v 0.7991012500000001 0.40034562500000015 -11.139575624999999
v 0.7640724999999999 0.4544356250000001 -11.10809125
v 0.7123025000000001 -0.024093124999999938 -10.906095625
v 0.7048868749999999 -0.029210624999999935 -10.900443125
v 0.64121875 -0.02445624999999993 -11.021035625
v 0.6346337500000001 -0.02957437499999993 -11.015505625
v 0.59775125 0.694751875 -10.715475
v 0.483835 0.7103724999999999 -10.860331875
v 0.50449875 -0.15579187499999997 -10.755201875000001
v 0.4389924999999999 -0.15912187499999997 -10.859018125
v 0.7640724999999999 0.4544356250000001 -11.10809125
v 0.7991012500000001 0.40034562500000015 -11.139575624999999
v 0.64121875 -0.02445624999999993 -11.021035625
v 0.6346337500000001 -0.02957437499999993 -11.015505625
v 0.7991012500000001 0.40034562500000015 -11.139575624999999
v 0.64121875 -0.02445624999999993 -11.021035625
v 0.88020875 0.40077625000000006 -11.00375875
v 0.7123025000000001 -0.024093124999999938 -10.906095625
v 0.588858125 -0.029574374999999875 -11.070059375
v 0.595445 -0.0244562499999999 -11.075586875
v 0.74646375 0.40034562500000015 -11.202306875
v 0.7102468749999999 0.4544356250000001 -11.17223875
v 0.7640724999999999 0.4544356250000001 -11.10809125
v 0.64121875 -0.02445624999999993 -11.021035625
v 0.7991012500000001 0.40034562500000015 -11.139575624999999
v 0.483835 0.7103724999999999 -10.860331875
v 0.4389924999999999 -0.15912187499999997 -10.859018125
v 0.6346337500000001 -0.02957437499999993 -11.015505625
v 0.42379875 0.7103725000000001 -10.931880625
v 0.7102468749999999 0.4544356250000001 -11.17223875
v 0.74646375 0.40034562500000015 -11.202306875
v 0.595445 -0.0244562499999999 -11.075586875
v 0.588858125 -0.029574374999999875 -11.070059375
v 0.39699562499999996 -0.15912187499999997 -10.9090675
vt 0.05952380952380952 0.5535714285714286
vt 0.05952380952380952 0.6130952380952381
vt 0 0.6130952380952381
vt 0 0.5535714285714286
vt 0.37803690476190477 0.5892857142857143
vt 0.35714285714285715 0.5357142857142857
vt 0.4166666666666667 0.5357142857142857
vt 0.39577261904761907 0.5892857142857143
vt 0.31547619047619047 0.5178571428571428
vt 0.29193273809523806 0.5654761904761905
vt 0.27949583333333333 0.5654761904761905
vt 0.25595238095238093 0.5178571428571428
vt 0.35714285714285715 0.5709116071428572
vt 0.2976190476190476 0.5751340476190476
vt 0.3117124404761905 0.6336304761904762
vt 0.35714285714285715 0.6428571428571428
vt 0.6631005357142857 0.6785714285714286
vt 0.670548869047619 0.662610119047619
vt 0.6136773214285715 0.662610119047619
vt 0.9090804761904762 0.24404761904761907
vt 0.9092261904761905 0.24258446428571423
vt 0.8573097023809524 0.24404761904761907
vt 0.8429567261904761 0.6130952380952381
vt 0.84375 0.6079874404761905
vt 0.7919794047619048 0.6079874404761905
vt 0.41746005952380955 0.26190476190476186
vt 0.4270833333333333 0.26084065476190477
vt 0.41746005952380955 0.21051946428571422
vt 0.5068135714285714 0.36904761904761907
vt 0.5208333333333334 0.36390398809523805
vt 0.5068135714285714 0.3144679761904762
vt 0.3457292261904762 0.36904761904761907
vt 0.3586309523809524 0.36083529761904765
vt 0.3457292261904762 0.30780244047619043
vt 0.042755357142857144 0.34523809523809523
vt 0.05357142857142857 0.3364259523809524
vt 0.042755357142857144 0.27614339285714284
vt 0.23935154761904764 0.25595238095238093
vt 0.24553571428571427 0.25401714285714283
vt 0.23935154761904764 0.18400315476190476
vt 0.3882359523809524 0.15476190476190477
vt 0.3898809523809524 0.15355059523809533
vt 0.3882359523809524 0.08447535714285714
vt 0.7385179166666667 0.28191047619047627
vt 0.7385179166666667 0.33333333333333337
vt 0.7480892261904761 0.32661154761904765
vt 0.8009280357142858 0.3035714285714286
vt 0.8090942857142858 0.2960696428571429
vt 0.75 0.2960696428571429
vt 0.5245046428571429 0.10607232142857148
vt 0.5252976190476191 0.1071428571428571
vt 0.5245046428571429 0.04697845238095244
vt 0.7203401190476191 0.38095238095238093
vt 0.7300486904761905 0.3687945238095238
vt 0.6785714285714286 0.3687945238095238
vt 0.7890344047619048 0.9345238095238095
vt 0.7935029166666667 0.9241389285714285
vt 0.75 0.9241389285714285
vt 0.6791771428571428 0.26190476190476186
vt 0.6898704761904761 0.25650404761904766
vt 0.6791771428571428 0.21619071428571435
vt 0.32160511904761907 0.4642857142857143
vt 0.3331567857142857 0.4612829761904762
vt 0.32160511904761907 0.42257827380952384
vt 0.3117124404761905 0.6336304761904762
vt 0.2976190476190476 0.5751340476190476
vt 0.35714285714285715 0.5709116071428572
vt 0.35714285714285715 0.6428571428571428
vt 0.670548869047619 0.662610119047619
vt 0.6631005357142857 0.6785714285714286
vt 0.6136773214285715 0.662610119047619
vt 0.9092261904761905 0.24258446428571423
vt 0.9090804761904762 0.24404761904761907
vt 0.8573097023809524 0.24404761904761907
vt 0.84375 0.6079874404761905
vt 0.8429567261904761 0.6130952380952381
vt 0.7919794047619048 0.6079874404761905
vt 0.4270833333333333 0.26084065476190477
vt 0.41746005952380955 0.26190476190476186
vt 0.41746005952380955 0.21051946428571422
vt 0.5208333333333334 0.36390398809523805
vt 0.5068135714285714 0.36904761904761907
vt 0.5068135714285714 0.3144679761904762
vt 0.3586309523809524 0.36083529761904765
vt 0.3457292261904762 0.36904761904761907
vt 0.3457292261904762 0.30780244047619043
vt 0.05357142857142857 0.3364259523809524
vt 0.042755357142857144 0.34523809523809523
vt 0.042755357142857144 0.27614339285714284
vt 0.24553571428571427 0.25401714285714283
vt 0.23935154761904764 0.25595238095238093
vt 0.23935154761904764 0.18400315476190476
vt 0.3898809523809524 0.15355059523809533
vt 0.3882359523809524 0.15476190476190477
vt 0.3882359523809524 0.08447535714285714
vt 0.7385179166666667 0.33333333333333337
vt 0.7385179166666667 0.28191047619047627
vt 0.7480892261904761 0.32661154761904765
vt 0.8090942857142858 0.2960696428571429
vt 0.8009280357142858 0.3035714285714286
vt 0.75 0.2960696428571429
vt 0.5252976190476191 0.1071428571428571
vt 0.5245046428571429 0.10607232142857148
vt 0.5245046428571429 0.04697845238095244
vt 0.7300486904761905 0.3687945238095238
vt 0.7203401190476191 0.38095238095238093
vt 0.6785714285714286 0.3687945238095238
vt 0.7935029166666667 0.9241389285714285
vt 0.7890344047619048 0.9345238095238095
vt 0.75 0.9241389285714285
vt 0.6898704761904761 0.25650404761904766
vt 0.6791771428571428 0.26190476190476186
vt 0.6791771428571428 0.21619071428571435
vt 0.3331567857142857 0.4612829761904762
vt 0.32160511904761907 0.4642857142857143
vt 0.32160511904761907 0.42257827380952384
vt 0.9017517857142858 0.22985059523809526
vt 0.8988095238095238 0.23063630952380954
vt 0.9001892857142857 0.2321428571428571
vt 0.7812324404761904 0.09571351190476185
vt 0.7797619047619048 0.13690476190476186
vt 0.7812324404761904 0.13688553571428574
vt 0.7797619047619048 0.13690476190476186
vt 0.7812324404761904 0.09571351190476185
vt 0.7812324404761904 0.13688553571428574
vt 0.08333333333333333 0.5
vt 0.13095238095238096 0.5
vt 0.13095238095238096 0.5476190476190477
vt 0.08333333333333333 0.5476190476190477
vt 0.4583333333333333 0.6845238095238095
vt 0.4583333333333333 0.6369047619047619
vt 0.5059523809523809 0.6369047619047619
vt 0.5059523809523809 0.6845238095238095
vt 0.5535714285714286 0.6904761904761905
vt 0.5535714285714286 0.7261904761904762
vt 0.5059523809523809 0.7261904761904762
vt 0.5059523809523809 0.6904761904761905
vt 0.5119047619047619 0.6488095238095238
vt 0.5595238095238095 0.6488095238095238
vt 0.5595238095238095 0.6845238095238095
vt 0.5119047619047619 0.6845238095238095
vt 0.47023809523809523 0.48809523809523814
vt 0.47023809523809523 0.44047619047619047
vt 0.5059523809523809 0.44047619047619047
vt 0.5059523809523809 0.48809523809523814
vt 0.5119047619047619 0.44047619047619047
vt 0.5476190476190477 0.44047619047619047
vt 0.5476190476190477 0.48809523809523814
vt 0.5119047619047619 0.48809523809523814
vt 0.4166666666666667 0.7976190476190477
vt 0.47619047619047616 0.7976190476190477
vt 0.47619047619047616 0.8452380952380952
vt 0.4166666666666667 0.8452380952380952
vt 0.4226190476190476 0.5892857142857143
vt 0.4226190476190476 0.5416666666666667
vt 0.48214285714285715 0.5416666666666667
vt 0.48214285714285715 0.5892857142857143
vt 0.5178571428571429 0.5952380952380952
vt 0.5178571428571429 0.6309523809523809
vt 0.4583333333333333 0.6309523809523809
vt 0.4583333333333333 0.5952380952380952
vt 0.47023809523809523 0.8571428571428572
vt 0.5297619047619048 0.8571428571428572
vt 0.5297619047619048 0.8928571428571429
vt 0.47023809523809523 0.8928571428571429
vt 0.3630952380952381 0.4821428571428571
vt 0.3630952380952381 0.43452380952380953
vt 0.39880952380952384 0.43452380952380953
vt 0.39880952380952384 0.4821428571428571
vt 0.5238095238095238 0.5952380952380952
vt 0.5595238095238095 0.5952380952380952
vt 0.5595238095238095 0.6428571428571428
vt 0.5238095238095238 0.6428571428571428
vt 0.25595238095238093 0.47023809523809523
vt 0.2976190476190476 0.47023809523809523
vt 0.2976190476190476 0.5119047619047619
vt 0.25595238095238093 0.5119047619047619
vt 0.4880952380952381 0.5892857142857143
vt 0.4880952380952381 0.5476190476190477
vt 0.5297619047619048 0.5476190476190477
vt 0.5297619047619048 0.5892857142857143
vt 0.7678571428571429 0.7261904761904762
vt 0.7678571428571429 0.7380952380952381
vt 0.7261904761904762 0.7380952380952381
vt 0.7261904761904762 0.7261904761904762
vt 0.7380952380952381 0.36904761904761907
vt 0.7797619047619048 0.36904761904761907
vt 0.7797619047619048 0.38095238095238093
vt 0.7380952380952381 0.38095238095238093
vt 0.3392857142857143 0.27380952380952384
vt 0.3392857142857143 0.2321428571428571
vt 0.35119047619047616 0.2321428571428571
vt 0.35119047619047616 0.27380952380952384
vt 0.5416666666666666 0.2321428571428571
vt 0.5535714285714286 0.2321428571428571
vt 0.5535714285714286 0.27380952380952384
vt 0.5416666666666666 0.27380952380952384
vt 0.8216864285714285 0.7505151785714286
vt 0.8330754761904762 0.7457977976190476
vt 0.8330754761904762 0.7619047619047619
vt 0.44642857142857145 0.3928571428571429
vt 0.43452380952380953 0.3928571428571429
vt 0.43452380952380953 0.31547619047619047
vt 0.44642857142857145 0.31547619047619047
vt 0.36283738095238094 0.17359196428571433
vt 0.35144833333333336 0.17830934523809527
vt 0.35144833333333336 0.16220238095238093
vt 0.3985516666666667 0.17385404761904766
vt 0.387162619047619 0.1785714285714286
vt 0.387162619047619 0.16246446428571426
vt 0.13690476190476192 0.38690476190476186
vt 0.125 0.38690476190476186
vt 0.125 0.30952380952380953
vt 0.13690476190476192 0.30952380952380953
vt 0.17287690476190476 0.16691976190476188
vt 0.18426595238095236 0.16220238095238093
vt 0.18426595238095236 0.17830934523809527
vt 0.27380952380952384 0.8928571428571429
vt 0.32142857142857145 0.8928571428571429
vt 0.32142857142857145 0.9047619047619048
vt 0.27380952380952384 0.9047619047619048
vt 0.7023809523809523 0.8392857142857143
vt 0.7023809523809523 0.8273809523809523
vt 0.75 0.8273809523809523
vt 0.75 0.8392857142857143
vt 0.5773809523809523 0.5119047619047619
vt 0.5773809523809523 0.5416666666666667
vt 0.5297619047619048 0.5416666666666667
vt 0.5297619047619048 0.5119047619047619
vt 0.5357142857142857 0.8630952380952381
vt 0.5833333333333334 0.8630952380952381
vt 0.5833333333333334 0.8928571428571429
vt 0.5357142857142857 0.8928571428571429
vt 0.0895432738095238 0.17313476190476185
vt 0.10093291666666666 0.1684168452380952
vt 0.10093291666666666 0.18452380952380953
vt 0.4166666666666667 0.38690476190476186
vt 0.40476190476190477 0.38690476190476186
vt 0.40476190476190477 0.30952380952380953
vt 0.4166666666666667 0.30952380952380953
vt 0.8376665476190477 0.8571428571428572
vt 0.8329486904761906 0.8685324404761905
vt 0.8215596428571429 0.8571428571428572
vt 0.8329492261904763 0.8159919047619048
vt 0.8376665476190477 0.8273809523809523
vt 0.8215596428571429 0.8273809523809523
vt 0.39880952380952384 0.4285714285714286
vt 0.3869047619047619 0.4285714285714286
vt 0.3869047619047619 0.35119047619047616
vt 0.39880952380952384 0.35119047619047616
vt 0.8329492261904763 0.5773809523809523
vt 0.8376665476190477 0.58877
vt 0.8215596428571429 0.58877
vt 0.8317141666666666 0.2921818452380952
vt 0.8269963095238095 0.3035714285714286
vt 0.8156072619047618 0.2921818452380952
vt 0.625 0.5892857142857143
vt 0.6130952380952381 0.5892857142857143
vt 0.6130952380952381 0.5119047619047619
vt 0.625 0.5119047619047619
vt 0.821686130952381 0.9657738095238095
vt 0.8330757738095238 0.9704916666666666
vt 0.821686130952381 0.9818807738095238
vt 0.7619047619047619 0.9523809523809523
vt 0.7619047619047619 0.9404761904761905
vt 0.7916666666666666 0.9404761904761905
vt 0.7916666666666666 0.9523809523809523
vt 0.1548929761904762 0.18452380952380953
vt 0.15961083333333334 0.17313422619047614
vt 0.17099988095238094 0.18452380952380953
vt 0.5892857142857143 0.38690476190476186
vt 0.5773809523809523 0.38690476190476186
vt 0.5773809523809523 0.30952380952380953
vt 0.5892857142857143 0.30952380952380953
vt 0.8271233928571429 0.7199760119047619
vt 0.81573375 0.7152580952380952
vt 0.8271233928571429 0.7038690476190477
vt 0.8262769642857142 0.6428571428571428
vt 0.8215596428571429 0.6314680952380953
vt 0.8376665476190477 0.6314680952380953
vt 0.19642857142857142 0.40476190476190477
vt 0.18452380952380953 0.40476190476190477
vt 0.18452380952380953 0.32738095238095233
vt 0.19642857142857142 0.32738095238095233
vt 0.30841982142857144 0.17805571428571432
vt 0.3037025 0.16666666666666663
vt 0.3198094047619048 0.16666666666666663
vt 0.8271233928571429 0.5131392857142858
vt 0.81573375 0.5178571428571428
vt 0.81573375 0.5017501785714287
vt 0.6071428571428571 0.38690476190476186
vt 0.5952380952380952 0.38690476190476186
vt 0.5952380952380952 0.30952380952380953
vt 0.6071428571428571 0.30952380952380953
vt 0.017988214285714284 0.18400863095238107
vt 0.02270607142857143 0.17261904761904767
vt 0.03409511904761905 0.18400863095238107
vt 0.7678571428571429 0.9880952380952381
vt 0.7976190476190477 0.9880952380952381
vt 0.7976190476190477 1
vt 0.7678571428571429 1
vt 0.8992998214285715 0.9789917261904761
vt 0.9027835119047619 0.9796848214285714
vt 0.8992998214285715 0.9880952380952381
vt 0.8913690476190477 0.3017679166666667
vt 0.8878417261904762 0.3021889880952381
vt 0.8878417261904762 0.28720238095238093
vt 0.29215714285714284 0.09277988095238088
vt 0.2956404761904762 0.09208714285714292
vt 0.2956404761904762 0.10119047619047616
vt 0.36755952380952384 0.10533946428571439
vt 0.3640327976190476 0.10576041666666669
vt 0.3640327976190476 0.09077380952380953
vt 0.18501410714285715 0.09278005952380952
vt 0.1884977976190476 0.09208696428571428
vt 0.1884977976190476 0.10119047619047616
vt 0.9032738095238095 0.20386904761904767
vt 0.9028528571428571 0.2073957738095238
vt 0.8882872023809524 0.20386904761904767
vt 0.9019241071428571 0.32389684523809525
vt 0.9026172619047619 0.32738095238095233
vt 0.8935136904761904 0.32738095238095233
vt 0.7599482142857144 0.11129172619047623
vt 0.7564208333333333 0.11171279761904762
vt 0.7564208333333333 0.09672619047619047
vt 0.9026172619047619 0.10365910714285709
vt 0.9019241071428571 0.1071428571428571
vt 0.8935136904761904 0.10365910714285709
vt 0.25947910714285716 0.10533946428571439
vt 0.25595238095238093 0.10576041666666669
vt 0.25595238095238093 0.09077380952380953
vt 0.9085695238095238 0.64532625
vt 0.9078767261904762 0.6488095238095238
vt 0.8994661904761905 0.64532625
vt 0.55709875 0.11129172619047623
vt 0.5535714285714286 0.11171279761904762
vt 0.5535714285714286 0.09672619047619047
vt 0.10430505952380953 0.09770672619047616
vt 0.10499821428571429 0.10119047619047616
vt 0.09589464285714284 0.10119047619047616
vt 0.9018913690476191 0.38244047619047616
vt 0.9014702976190476 0.38596779761904765
vt 0.8869047619047619 0.38244047619047616
vt 0.896831369047619 0.344545
vt 0.8933472023809524 0.34523809523809523
vt 0.8933472023809524 0.33613458333333335
vt 0.8909005952380953 0.49224410714285716
vt 0.8873732142857143 0.49266517857142866
vt 0.8873732142857143 0.4776785714285714
vt 0.1527835119047619 0.10119047619047616
vt 0.14929982142857143 0.10049732142857148
vt 0.1527835119047619 0.09208696428571428
vt 0.8913690476190477 0.63510125
vt 0.8878417261904762 0.6355223214285715
vt 0.8878417261904762 0.6205357142857143
vt 0.9027833333333333 0.7142857142857143
vt 0.8993 0.7135929166666666
vt 0.9027833333333333 0.705182380952381
vt 0.3556547619047619 0.10533952380952372
vt 0.3521279761904762 0.1057602976190476
vt 0.3521279761904762 0.09077380952380953
vt 0.08730732142857144 0.10049732142857148
vt 0.08382363095238095 0.10119047619047616
vt 0.08382363095238095 0.09208696428571428
vt 0.9032738095238095 0.3526785714285714
vt 0.9028529761904762 0.35620535714285717
vt 0.8882873214285715 0.3526785714285714
vt 0.8942068452380953 0.22023809523809523
vt 0.8935136904761904 0.21675398809523805
vt 0.9026172619047619 0.21675398809523805
vt 0.5456625 0.11129172619047623
vt 0.542135119047619 0.11171279761904762
vt 0.542135119047619 0.09672619047619047
vt 0.8994660714285714 0.9047619047619048
vt 0.9001592261904763 0.9012781547619048
vt 0.9085696428571429 0.9047619047619048
vt 0.05114583333333333 0.10533952380952372
vt 0.047619047619047616 0.1057602976190476
vt 0.047619047619047616 0.09077380952380953
vt 0.9001589880952381 0.7619047619047619
vt 0.8994661904761905 0.7584214880952381
vt 0.9085695238095238 0.7584214880952381
vt 0.694003511904762 0.11129172619047623
vt 0.6904761904761905 0.11171279761904762
vt 0.6904761904761905 0.09672619047619047
vt 0.9001592261904763 0.8392857142857143
vt 0.8994660714285714 0.8358019642857143
vt 0.9085696428571429 0.8358019642857143
vt 0.5923675595238096 0.10863095238095233
vt 0.5919464880952381 0.11215827380952381
vt 0.5773809523809523 0.10863095238095233
vt 0.8933472023809524 0.18801815476190475
vt 0.896831369047619 0.1873250595238095
vt 0.896831369047619 0.1964285714285714
vt 0.44447202380952383 0.11129172619047623
vt 0.44094464285714285 0.11171279761904762
vt 0.44094464285714285 0.09672619047619047
vt 0.8840669642857142 0.1026785714285714
vt 0.8847601190476191 0.10616232142857152
vt 0.8756565476190475 0.10616232142857152
vt 0.8882872023809524 0.26190476190476186
vt 0.8887081547619047 0.25837803571428575
vt 0.9032738095238095 0.26190476190476186
vt 0.31333142857142854 0.09672619047619047
vt 0.312638630952381 0.10020946428571431
vt 0.30422809523809524 0.09672619047619047
vt 0.0009375595238095239 0.09257720238095235
vt 0.004464285714285714 0.09215624999999994
vt 0.004464285714285714 0.1071428571428571
vt 0.9085696428571429 0.8110119047619048
vt 0.907876488095238 0.8144956547619048
vt 0.8994660714285714 0.8110119047619048
vt 0.2806994642857143 0.09257720238095235
vt 0.28422619047619047 0.09215624999999994
vt 0.28422619047619047 0.1071428571428571
vt 0.9019241071428571 0.1741071428571429
vt 0.9026172619047619 0.17759124999999998
vt 0.8935136904761904 0.17759124999999998
vt 0.6016589285714286 0.09852970238095238
vt 0.6051863095238096 0.09810863095238087
vt 0.6051863095238096 0.11309523809523814
vt 0.821918869047619 0.09741934523809515
vt 0.8254025595238096 0.09672619047619047
vt 0.8254025595238096 0.10582970238095246
vt 0.8928571428571429 0.9464285714285714
vt 0.8932780952380952 0.9429018452380953
vt 0.9078437500000001 0.9464285714285714
vt 0.2385857142857143 0.09146660714285715
vt 0.24206904761904763 0.09077380952380953
vt 0.24206904761904763 0.09987714285714289
vt 0.26785714285714285 0.09257720238095235
vt 0.271383869047619 0.09215624999999994
vt 0.271383869047619 0.1071428571428571
vt 0.8933474404761904 0.11458333333333337
vt 0.896831130952381 0.11527648809523805
vt 0.8933474404761904 0.12368684523809526
vt 0.8333333333333334 0.09852970238095238
vt 0.8368606547619047 0.09810863095238087
vt 0.8368606547619047 0.11309523809523814
vt 0.8933472023809524 0.3652764285714285
vt 0.896831369047619 0.36458333333333337
vt 0.896831369047619 0.37368684523809526
vt 0.5004684523809524 0.09852970238095238
vt 0.5039958333333333 0.09810863095238087
vt 0.5039958333333333 0.11309523809523814
vt 0.9001592261904763 0.78473375
vt 0.8994660714285714 0.78125
vt 0.9085696428571429 0.78125
vt 0.8942397023809524 0.8869047619047619
vt 0.8946604761904763 0.8833779761904762
vt 0.9092261904761905 0.8869047619047619
vt 0.3220852380952381 0.10020946428571431
vt 0.3227780357142857 0.09672619047619047
vt 0.33118857142857144 0.10020946428571431
vt 0.20331845238095236 0.09257714285714291
vt 0.20684523809523808 0.09215636904761904
vt 0.20684523809523808 0.1071428571428571
vt 0.8994660714285714 0.9156861309523809
vt 0.9001592261904763 0.9122023809523809
vt 0.9085696428571429 0.9156861309523809
vt 0.07236607142857143 0.09257714285714291
vt 0.07589285714285714 0.09215636904761904
vt 0.07589285714285714 0.1071428571428571
vt 0.8942068452380953 0.16568648809523812
vt 0.8935136904761904 0.16220238095238093
vt 0.9026172619047619 0.16220238095238093
vt 0.8635636904761904 0.09852970238095238
vt 0.8670910714285714 0.09810863095238087
vt 0.8670910714285714 0.11309523809523814
vt 0.9027835119047619 0.8015651785714286
vt 0.8992998214285715 0.8022582738095239
vt 0.8992998214285715 0.7931547619047619
vt 0.8869047619047619 0.14880952380952384
vt 0.8873255952380952 0.14528273809523806
vt 0.90189125 0.14880952380952384
vt 0.9027833333333333 0.7301367857142858
vt 0.8993 0.7308295238095238
vt 0.8993 0.7217261904761905
vt 0.2261904761904762 0.09257714285714291
vt 0.2297172619047619 0.09215636904761904
vt 0.2297172619047619 0.1071428571428571
vt 0.9027835119047619 0.9689249404761905
vt 0.8992998214285715 0.9682318452380952
vt 0.9027835119047619 0.9598214285714286
vt 0.5119047619047619 0.09852970238095238
vt 0.5154320833333333 0.09810863095238087
vt 0.5154320833333333 0.11309523809523814
vt 0.7956408928571428 0.10513660714285711
vt 0.7921567261904763 0.10582970238095246
vt 0.7921567261904763 0.09672619047619047
vt 0.33975416666666663 0.09852970238095238
vt 0.3432815476190476 0.09810863095238087
vt 0.3432815476190476 0.11309523809523814
vt 0.8452380952380952 0.33333333333333337
vt 0.8606058333333334 0.33333333333333337
vt 0.8613504166666667 0.3265436904761905
vt 0.8462879761904761 0.32684005952380957
vt 0.8571428571428571 0.49361124999999995
vt 0.8630952380952381 0.4935257738095238
vt 0.8630952380952381 0.48065476190476186
vt 0.8572075595238096 0.48077148809523806
vt 0.6392727380952381 0.38151541666666666
vt 0.6369047619047619 0.42261904761904767
vt 0.6545185714285714 0.42261904761904767
vt 0.6545013690476191 0.37945375000000003
vt 0.8004601785714285 0.33333333333333337
vt 0.8018830952380953 0.3214285714285714
vt 0.7750224404761904 0.3214285714285714
vt 0.7740097619047619 0.3322230357142857
vt 0.49420934523809523 0.005952380952380931
vt 0.4827380952380952 0.006117023809523836
vt 0.4827380952380952 0.04764440476190468
vt 0.49616517857142856 0.04754226190476185
vt 0.869807619047619 0.45238095238095233
vt 0.8757440476190477 0.45238095238095233
vt 0.8757440476190477 0.45833333333333337
vt 0.8697949404761905 0.45833333333333337
vt 0.44272886904761904 0.6785714285714286
vt 0.4505029761904762 0.6785714285714286
vt 0.4506559523809524 0.6845238095238095
vt 0.4427292261904762 0.6845238095238095
vt 0.46057934523809524 0.3688634523809524
vt 0.4605794047619048 0.3257080952380952
vt 0.4684995238095238 0.3257080952380952
vt 0.4694197619047619 0.3688634523809524
vt 0.3929389880952381 0.004464285714285698
vt 0.39395565476190475 0.04613095238095233
vt 0.3861647619047619 0.04613095238095233
vt 0.38616505952380953 0.004464285714285698
vt 0.10937886904761905 0.20833333333333337
vt 0.11559345238095238 0.20833333333333337
vt 0.11615357142857143 0.23809523809523814
vt 0.10937904761904761 0.23809523809523814
vt 0.8613504166666667 0.3265436904761905
vt 0.8606058333333334 0.33333333333333337
vt 0.8452380952380952 0.33333333333333337
vt 0.8462879761904761 0.32684005952380957
vt 0.8630952380952381 0.48065476190476186
vt 0.8630952380952381 0.4935257738095238
vt 0.8571428571428571 0.49361124999999995
vt 0.8572075595238096 0.48077148809523806
vt 0.6545185714285714 0.42261904761904767
vt 0.6369047619047619 0.42261904761904767
vt 0.6392727380952381 0.38151541666666666
vt 0.6545013690476191 0.37945375000000003
vt 0.7750224404761904 0.3214285714285714
vt 0.8018830952380953 0.3214285714285714
vt 0.8004601785714285 0.33333333333333337
vt 0.7740097619047619 0.3322230357142857
vt 0.36220238095238094 0.04615630952380945
vt 0.36220238095238094 0.004628928571428603
vt 0.37367363095238093 0.004464285714285698
vt 0.3756294642857143 0.04605416666666662
vt 0.8638392857142857 0.45238095238095233
vt 0.869807619047619 0.45238095238095233
vt 0.8697949404761905 0.45833333333333337
vt 0.8638392857142857 0.45833333333333337
vt 0.4427292261904762 0.6845238095238095
vt 0.4347607142857143 0.6845238095238095
vt 0.43491309523809524 0.6785714285714286
vt 0.44272886904761904 0.6785714285714286
vt 0.4516840476190476 0.3688634523809524
vt 0.45260428571428574 0.3257080952380952
vt 0.4605794047619048 0.3257080952380952
vt 0.46057934523809524 0.3688634523809524
vt 0.3861647619047619 0.04613095238095233
vt 0.3783657738095238 0.04613095238095233
vt 0.3793830357142857 0.004464285714285698
vt 0.38616505952380953 0.004464285714285698
vt 0.10937904761904761 0.23809523809523814
vt 0.10259642857142857 0.23809523809523814
vt 0.10315654761904762 0.20833333333333337
vt 0.10937886904761905 0.20833333333333337
vt 0.8613504166666667 0.3265436904761905
vt 0.8606058333333334 0.33333333333333337
vt 0.8452380952380952 0.33333333333333337
vt 0.8462879761904761 0.32684005952380957
vt 0.8630952380952381 0.48065476190476186
vt 0.8630952380952381 0.4935257738095238
vt 0.8571428571428571 0.49361124999999995
vt 0.8572075595238096 0.48077148809523806
vt 0.6545185714285714 0.42261904761904767
vt 0.6369047619047619 0.42261904761904767
vt 0.6392727380952381 0.38151541666666666
vt 0.6545013690476191 0.37945375000000003
vt 0.7750224404761904 0.3214285714285714
vt 0.8018830952380953 0.3214285714285714
vt 0.8004601785714285 0.33333333333333337
vt 0.7740097619047619 0.3322230357142857
vt 0.4827380952380952 0.04764440476190468
vt 0.4827380952380952 0.006117023809523836
vt 0.49420934523809523 0.005952380952380931
vt 0.49616517857142856 0.04754226190476185
vt 0.8757440476190477 0.45833333333333337
vt 0.8757440476190477 0.45238095238095233
vt 0.869807619047619 0.45238095238095233
vt 0.8697949404761905 0.45833333333333337
vt 0.4506559523809524 0.6845238095238095
vt 0.4505029761904762 0.6785714285714286
vt 0.44272886904761904 0.6785714285714286
vt 0.4427292261904762 0.6845238095238095
vt 0.4684995238095238 0.3257080952380952
vt 0.4605794047619048 0.3257080952380952
vt 0.46057934523809524 0.3688634523809524
vt 0.4694197619047619 0.3688634523809524
vt 0.3861647619047619 0.04613095238095233
vt 0.39395565476190475 0.04613095238095233
vt 0.3929389880952381 0.004464285714285698
vt 0.38616505952380953 0.004464285714285698
vt 0.11615357142857143 0.23809523809523814
vt 0.11559345238095238 0.20833333333333337
vt 0.10937886904761905 0.20833333333333337
vt 0.10937904761904761 0.23809523809523814
vt 0.8452380952380952 0.33333333333333337
vt 0.8606058333333334 0.33333333333333337
vt 0.8613504166666667 0.3265436904761905
vt 0.8462879761904761 0.32684005952380957
vt 0.8571428571428571 0.49361124999999995
vt 0.8630952380952381 0.4935257738095238
vt 0.8630952380952381 0.48065476190476186
vt 0.8572075595238096 0.48077148809523806
vt 0.6392727380952381 0.38151541666666666
vt 0.6369047619047619 0.42261904761904767
vt 0.6545185714285714 0.42261904761904767
vt 0.6545013690476191 0.37945375000000003
vt 0.8004601785714285 0.33333333333333337
vt 0.8018830952380953 0.3214285714285714
vt 0.7750224404761904 0.3214285714285714
vt 0.7740097619047619 0.3322230357142857
vt 0.37367363095238093 0.004464285714285698
vt 0.36220238095238094 0.004628928571428603
vt 0.36220238095238094 0.04615630952380945
vt 0.3756294642857143 0.04605416666666662
vt 0.8697949404761905 0.45833333333333337
vt 0.869807619047619 0.45238095238095233
vt 0.8638392857142857 0.45238095238095233
vt 0.8638392857142857 0.45833333333333337
vt 0.43491309523809524 0.6785714285714286
vt 0.4347607142857143 0.6845238095238095
vt 0.4427292261904762 0.6845238095238095
vt 0.44272886904761904 0.6785714285714286
vt 0.4605794047619048 0.3257080952380952
vt 0.45260428571428574 0.3257080952380952
vt 0.4516840476190476 0.3688634523809524
vt 0.46057934523809524 0.3688634523809524
vt 0.3793830357142857 0.004464285714285698
vt 0.3783657738095238 0.04613095238095233
vt 0.3861647619047619 0.04613095238095233
vt 0.38616505952380953 0.004464285714285698
vt 0.10315654761904762 0.20833333333333337
vt 0.10259642857142857 0.23809523809523814
vt 0.10937904761904761 0.23809523809523814
vt 0.10937886904761905 0.20833333333333337
vn 0 2.220446049250313e-16 -1
vn 0 -0.9254852795052422 -0.37878357596271756
vn 0 0.9974703451803874 -0.07108382717411067
vn 0.5907031241369419 1.7916534383161332e-16 -0.8068889757177605
vn 0.06793522305662725 -0.9331779758175834 -0.35293578866026604
vn 0.12462542925334286 -0.9293460653330129 -0.3475404915020226
vn 0.11886347229247807 -0.9299329116631941 -0.3479888716039483
vn 0.1127415055780322 -0.930737509478027 -0.3478750370041496
vn 0.1644457440000682 -0.9191684930199586 -0.3578922725062426
vn 0.2412641341714567 -0.8866010360802845 -0.39462668483500113
vn 0.3610401265269142 -0.7930970890158112 -0.49055788081741847
vn 0.56221965769248 -0.36855387037972426 -0.7403222954445424
vn 0.42484024495353395 -0.7056453629991273 -0.5670761747293314
vn 0.018977025981010254 0.997937776538183 -0.06131938227790194
vn 0.32841820338808514 0.9211365610322604 -0.20892323856623313
vn 0.3206426138468858 -0.7016492620416201 -0.6362991649074252
vn 0.24805886132500807 0.9614967144830086 -0.1182830053579987
vn 0.19291036037753514 0.9775362737077455 -0.08490245252397308
vn 0.05058134872498073 0.9973288935106845 -0.052693503678494756
vn 0.07961939706059129 0.9954457384290946 -0.052426457586440746
vn -0.5907031241369418 1.7916534383161332e-16 -0.8068889757177605
vn -0.06793522305662723 -0.9331779758175835 -0.35293578866026604
vn -0.12462542925334374 -0.9293460653330127 -0.34754049150202254
vn -0.11886347229247796 -0.9299329116631941 -0.3479888716039483
vn -0.11274150557803217 -0.930737509478027 -0.3478750370041496
vn -0.16444574400006812 -0.9191684930199586 -0.3578922725062426
vn -0.2412641341714567 -0.8866010360802846 -0.3946266848350012
vn -0.3610401265269145 -0.7930970890158107 -0.4905578808174187
vn -0.5622196576924802 -0.36855387037972337 -0.7403222954445425
vn -0.4248402449535322 -0.7056453629991302 -0.5670761747293291
vn -0.018977025981010254 0.997937776538183 -0.06131938227790193
vn -0.3284182033880852 0.9211365610322605 -0.20892323856623327
vn -0.32064261384688636 -0.7016492620416194 -0.6362991649074259
vn -0.248058861325008 0.9614967144830086 -0.11828300535799872
vn -0.19291036037753492 0.9775362737077455 -0.08490245252397297
vn -0.05058134872498076 0.9973288935106845 -0.05269350367849475
vn -0.07961939706059133 0.9954457384290946 -0.05242645758644074
vn -0.7645889373000487 0.6443388736550733 0.01520436961184908
vn -0.5112812847264 0.8161130463125484 -0.2693528234991683
vn 0.5112884155885655 0.8161112407086922 -0.26934475839312966
vn 0 1 2.220446049250313e-16
vn 0 -1 -2.220446049250313e-16
vn 0 -2.220446049250313e-16 1
vn 0 2.220446049250313e-16 -1
vn 1 0 0
vn -1 0 0
vn 0 1 2.220446049250313e-16
vn 0 -1 -2.220446049250313e-16
vn 0 -2.220446049250313e-16 1
vn 0 2.220446049250313e-16 -1
vn 1 0 0
vn -1 0 0
vn 0 1 2.220446049250313e-16
vn 0 -1 -2.9036602182504095e-16
vn 0 -2.220446049250313e-16 1
vn 0 2.220446049250313e-16 -1
vn 1 0 0
vn -1 0 0
vn 0 2.220446049250313e-16 -1
vn 0 1 2.220446049250313e-16
vn 0 -2.220446049250313e-16 1
vn 0 2.220446049250313e-16 -1
vn 0 -1 -2.220446049250313e-16
vn 0 -2.220446049250313e-16 1
vn 0 1 -7.401486830834375e-17
vn 0 -1 -2.220446049250313e-16
vn 0 -2.220446049250313e-16 1
vn 0 2.220446049250313e-16 -1
vn 0 2.220446049250313e-16 -1
vn 0.7071067811865472 0.7071067811865478 1.5700924586837757e-16
vn 0 -2.220446049250313e-16 1
vn 0 2.220446049250313e-16 -1
vn 1 0 0
vn 0 -2.220446049250313e-16 1
vn 0 2.220446049250313e-16 -1
vn 0.7071067811865472 -0.7071067811865478 -1.5700924586837757e-16
vn 0 -2.220446049250313e-16 1
vn 1 0 0
vn 0 2.220446049250313e-16 -1
vn -0.7071067811865472 0.7071067811865478 1.9064471739055866e-16
vn 0 -2.220446049250313e-16 1
vn 0 2.220446049250313e-16 -1
vn -1 0 0
vn 0 -2.220446049250313e-16 1
vn 0 2.220446049250313e-16 -1
vn -0.7071067811865472 -0.7071067811865478 -1.5700924586837757e-16
vn 0 -2.220446049250313e-16 1
vn -1 0 0
vn 0 2.220446049250313e-16 -1
vn 0.3061466119855806 0.7391035586519976 0.6000001512980674
vn 0 2.220446049250313e-16 -1
vn 0.5656854579309637 0.5656854579309641 0.5999999378090562
vn 0 2.220446049250313e-16 -1
vn 0.7391035586519977 0.3061466119855804 0.6000001512980673
vn 0 2.220446049250313e-16 -1
vn 0.8 -1.332267629550188e-16 0.6000000000000001
vn 0 2.220446049250313e-16 -1
vn 0.7391035586519977 -0.3061466119855808 0.600000151298067
vn 0 2.220446049250313e-16 -1
vn 0.565685457930964 -0.5656854579309641 0.5999999378090561
vn 0 2.220446049250313e-16 -1
vn 0.3061466119855801 -0.7391035586519981 0.600000151298067
vn 0 2.220446049250313e-16 -1
vn 0 -0.8000000000000004 0.5999999999999998
vn 0 2.220446049250313e-16 -1
vn -0.3061466119855796 -0.7391035586519982 0.600000151298067
vn 0 2.220446049250313e-16 -1
vn -0.5656854579309646 -0.5656854579309635 0.5999999378090561
vn 0 2.220446049250313e-16 -1
vn -0.7391035586519977 -0.3061466119855808 0.600000151298067
vn 0 2.220446049250313e-16 -1
vn -0.8 -1.332267629550188e-16 0.6000000000000001
vn 0 2.220446049250313e-16 -1
vn -0.7391035586519977 0.3061466119855804 0.6000001512980673
vn 0 2.220446049250313e-16 -1
vn -0.5656854579309643 0.5656854579309635 0.5999999378090564
vn 0 2.220446049250313e-16 -1
vn -0.30614661198558013 0.7391035586519977 0.6000001512980674
vn 0 2.220446049250313e-16 -1
vn 0 0.7999999999999999 0.6000000000000002
vn 0 -2.220446049250313e-16 1
vn 0.3061466119855805 0.7391035586519977 -0.600000151298067
vn 0 -2.220446049250313e-16 1
vn 0.5656854579309637 0.5656854579309644 -0.599999937809056
vn 0 -2.220446049250313e-16 1
vn 0.7391035586519977 0.30614661198558063 -0.600000151298067
vn 0 -2.220446049250313e-16 1
vn 0.8 1.332267629550188e-16 -0.6000000000000001
vn 0 -2.220446049250313e-16 1
vn 0.7391035586519976 -0.3061466119855805 -0.6000001512980672
vn 0 -2.220446049250313e-16 1
vn 0.5656854579309639 -0.5656854579309638 -0.5999999378090562
vn 0 -2.220446049250313e-16 1
vn 0.3061466119855801 -0.7391035586519978 -0.6000001512980673
vn 0 -2.220446049250313e-16 1
vn 0 -0.7999999999999999 -0.6000000000000001
vn 0 -2.220446049250313e-16 1
vn -0.3061466119855801 -0.7391035586519978 -0.6000001512980673
vn 0 -2.220446049250313e-16 1
vn -0.5656854579309639 -0.5656854579309638 -0.5999999378090562
vn 0 -2.220446049250313e-16 1
vn -0.7391035586519976 -0.3061466119855805 -0.6000001512980672
vn 0 -2.220446049250313e-16 1
vn -0.8 1.332267629550188e-16 -0.6000000000000001
vn 0 -2.220446049250313e-16 1
vn -0.7391035586519977 0.30614661198558063 -0.600000151298067
vn 0 -2.220446049250313e-16 1
vn -0.5656854579309637 0.5656854579309644 -0.599999937809056
vn 0 -2.220446049250313e-16 1
vn -0.3061466119855805 0.7391035586519977 -0.600000151298067
vn 0 -2.220446049250313e-16 1
vn 0 0.8000000000000002 -0.5999999999999998
vn -0.6488102475337889 0.6502376194817666 -0.3952673790054384
vn -0.41211426091308334 -0.8755604166465375 -0.2521027424559374
vn -0.48876346967778617 0.8207166163410139 -0.29586230981706435
vn -0.3959616611589739 -0.8866302036798906 -0.23895866758663906
vn -0.7741232549223702 -0.4156763474430159 -0.4774372842215282
vn -0.3918168557778539 -0.8592952205728531 -0.3287723763168195
vn -0.5778713777976637 0.6564652029151765 -0.48488978962622614
vn -0.4326751730463955 0.8252157938095818 -0.3630579682041058
vn -0.6948652349985304 -0.4209567777203142 -0.5830589133884906
vn -0.3519379104515038 -0.8882177105327014 -0.29531170969515563
vn 0.6488056492275373 0.6502421723289293 -0.3952674371300894
vn 0.4120851200887577 -0.8755793382728461 -0.25208466076125996
vn 0.48876265820672204 0.8207165675316894 -0.2958637857557109
vn 0.3959629993970885 -0.8866297352429553 -0.23895818816577244
vn 0.7741232549223672 -0.415676347443014 -0.47743728422153453
vn 0.3918074316683892 -0.8593032764833896 -0.32876255187343345
vn 0.5778702483055702 0.6564689663927 -0.4848860405152524
vn 0.43267758436100134 0.8252153498785277 -0.3630561035382653
vn 0.694865840176196 -0.42095608342334295 -0.5830586934306947
vn 0.35194005980462123 -0.8882173768171838 -0.29531015191611826
vn 0.648810247533789 -0.6502376194817666 0.3952673790054385
vn 0.41211426091308373 0.8755604166465373 0.2521027424559376
vn 0.48876346967778617 -0.8207166163410139 0.29586230981706435
vn 0.3959616611589739 0.8866302036798906 0.23895866758663906
vn 0.7741232549223702 0.41567634744301596 0.4774372842215281
vn 0.3918168557778539 0.8592952205728531 0.32877237631681944
vn 0.5778713777976638 -0.6564652029151765 0.48488978962622614
vn 0.43267517304639536 -0.8252157938095818 0.36305796820410585
vn 0.6948652349985304 0.4209567777203142 0.5830589133884906
vn 0.35193791045150385 0.8882177105327012 0.2953117096951558
vn -0.6488056492275373 -0.6502421723289293 0.3952674371300893
vn -0.4120851200887574 0.8755793382728463 0.25208466076125985
vn -0.48876265820672204 -0.8207165675316894 0.2958637857557108
vn -0.3959629993970884 0.8866297352429552 0.23895818816577233
vn -0.7741232549223672 0.41567634744301407 0.47743728422153453
vn -0.39180743166838916 0.8593032764833898 0.3287625518734334
vn -0.5778702483055702 -0.6564689663927 0.4848860405152524
vn -0.4326775843610016 -0.8252153498785276 0.36305610353826523
vn -0.6948658401761959 0.42095608342334295 0.5830586934306948
vn -0.3519400598046212 0.8882173768171839 0.29531015191611815
usemtl m_2e146a60-ae6a-de58-ef29-5cac9a70e150
f 1760/3559/970 1761/3560/970 1763/3561/970 1762/3562/970
f 1764/3563/971 1765/3564/971 1767/3565/971 1766/3566/971
f 1768/3567/972 1769/3568/972 1771/3569/972 1770/3570/972
f 1772/3571/973 1773/3572/973 1776/3573/973 1777/3574/973
f 1778/3575/974 1774/3576/974 1772/3577/974
f 1779/3578/975 1778/3579/975 1772/3580/975
f 1780/3581/976 1779/3582/976 1772/3583/976
f 1781/3584/977 1780/3585/977 1772/3586/977
f 1782/3587/978 1781/3588/978 1772/3589/978
f 1783/3590/979 1782/3591/979 1772/3592/979
f 1784/3593/980 1783/3594/980 1772/3595/980
f 1777/3596/981 1785/3597/981 1772/3598/981
f 1785/3599/982 1784/3600/982 1772/3601/982
f 1773/3602/983 1775/3603/983 1786/3604/983
f 1787/3605/984 1788/3606/984 1773/3607/984
f 1788/3608/985 1776/3609/985 1773/3610/985
f 1789/3611/986 1787/3612/986 1773/3613/986
f 1790/3614/987 1789/3615/987 1773/3616/987
f 1786/3617/988 1791/3618/988 1773/3619/988
f 1791/3620/989 1790/3621/989 1773/3622/989
f 1796/3623/990 1793/3624/990 1792/3625/990 1797/3626/990
f 1794/3627/991 1798/3628/991 1792/3629/991
f 1798/3630/992 1799/3631/992 1792/3632/992
f 1799/3633/993 1800/3634/993 1792/3635/993
f 1800/3636/994 1801/3637/994 1792/3638/994
f 1801/3639/995 1802/3640/995 1792/3641/995
f 1802/3642/996 1803/3643/996 1792/3644/996
f 1803/3645/997 1804/3646/997 1792/3647/997
f 1805/3648/998 1797/3649/998 1792/3650/998
f 1804/3651/999 1805/3652/999 1792/3653/999
f 1795/3654/1000 1793/3655/1000 1806/3656/1000
f 1808/3657/1001 1807/3658/1001 1793/3659/1001
f 1796/3660/1002 1808/3661/1002 1793/3662/1002
f 1807/3663/1003 1809/3664/1003 1793/3665/1003
f 1809/3666/1004 1810/3667/1004 1793/3668/1004
f 1811/3669/1005 1806/3670/1005 1793/3671/1005
f 1810/3672/1006 1811/3673/1006 1793/3674/1006
f 1815/3675/1007 1814/3676/1007 1813/3677/1007
f 1812/3678/1008 1816/3679/1008 1817/3680/1008
f 1819/3681/1009 1818/3682/1009 1820/3683/1009
f 1826/3684/1010 1822/3685/1010 1823/3686/1010 1827/3687/1010
f 1824/3688/1011 1821/3689/1011 1825/3690/1011 1828/3691/1011
f 1821/3692/1012 1822/3693/1012 1826/3694/1012 1825/3695/1012
f 1827/3696/1013 1823/3697/1013 1824/3698/1013 1828/3699/1013
f 1823/3700/1014 1822/3701/1014 1821/3702/1014 1824/3703/1014
f 1825/3704/1015 1826/3705/1015 1827/3706/1015 1828/3707/1015
f 1834/3708/1016 1830/3709/1016 1831/3710/1016 1835/3711/1016
f 1832/3712/1017 1829/3713/1017 1833/3714/1017 1836/3715/1017
f 1829/3716/1018 1830/3717/1018 1834/3718/1018 1833/3719/1018
f 1835/3720/1019 1831/3721/1019 1832/3722/1019 1836/3723/1019
f 1831/3724/1020 1830/3725/1020 1829/3726/1020 1832/3727/1020
f 1833/3728/1021 1834/3729/1021 1835/3730/1021 1836/3731/1021
f 1842/3732/1022 1838/3733/1022 1839/3734/1022 1843/3735/1022
f 1840/3736/1023 1837/3737/1023 1841/3738/1023 1844/3739/1023
f 1837/3740/1024 1838/3741/1024 1842/3742/1024 1841/3743/1024
f 1843/3744/1025 1839/3745/1025 1840/3746/1025 1844/3747/1025
f 1839/3748/1026 1838/3749/1026 1837/3750/1026 1840/3751/1026
f 1841/3752/1027 1842/3753/1027 1843/3754/1027 1844/3755/1027
f 1859/3756/1028 1847/3757/1028 1845/3758/1028
f 1847/3759/1029 1859/3760/1029 1860/3761/1029 1848/3762/1029
f 1848/3763/1030 1860/3764/1030 1846/3765/1030
f 1853/3766/1031 1865/3767/1031 1845/3768/1031
f 1865/3769/1032 1853/3770/1032 1854/3771/1032 1866/3772/1032
f 1866/3773/1033 1854/3774/1033 1846/3775/1033
f 1868/3776/1034 1856/3777/1034 1857/3778/1034 1869/3779/1034
f 1858/3780/1035 1855/3781/1035 1867/3782/1035 1870/3783/1035
f 1855/3784/1036 1856/3785/1036 1868/3786/1036 1867/3787/1036
f 1869/3788/1037 1857/3789/1037 1858/3790/1037 1870/3791/1037
f 1847/3792/1038 1849/3793/1038 1845/3794/1038
f 1849/3795/1039 1847/3796/1039 1848/3797/1039 1850/3798/1039
f 1850/3799/1040 1848/3800/1040 1846/3801/1040
f 1849/3802/1041 1851/3803/1041 1845/3804/1041
f 1851/3805/1042 1849/3806/1042 1850/3807/1042 1852/3808/1042
f 1852/3809/1043 1850/3810/1043 1846/3811/1043
f 1851/3812/1044 1853/3813/1044 1845/3814/1044
f 1853/3815/1045 1851/3816/1045 1852/3817/1045 1854/3818/1045
f 1854/3819/1046 1852/3820/1046 1846/3821/1046
f 1857/3822/1047 1856/3823/1047 1855/3824/1047 1858/3825/1047
f 1861/3826/1048 1859/3827/1048 1845/3828/1048
f 1859/3829/1049 1861/3830/1049 1862/3831/1049 1860/3832/1049
f 1860/3833/1050 1862/3834/1050 1846/3835/1050
f 1863/3836/1051 1861/3837/1051 1845/3838/1051
f 1861/3839/1052 1863/3840/1052 1864/3841/1052 1862/3842/1052
f 1862/3843/1053 1864/3844/1053 1846/3845/1053
f 1865/3846/1054 1863/3847/1054 1845/3848/1054
f 1863/3849/1055 1865/3850/1055 1866/3851/1055 1864/3852/1055
f 1864/3853/1056 1866/3854/1056 1846/3855/1056
f 1867/3856/1057 1868/3857/1057 1869/3858/1057 1870/3859/1057
f 1871/3860/1058 1872/3861/1058 1888/3862/1058
f 1872/3863/1059 1871/3864/1059 1873/3865/1059
f 1872/3866/1060 1874/3867/1060 1888/3868/1060
f 1874/3869/1061 1872/3870/1061 1873/3871/1061
f 1874/3872/1062 1875/3873/1062 1888/3874/1062
f 1875/3875/1063 1874/3876/1063 1873/3877/1063
f 1875/3878/1064 1876/3879/1064 1888/3880/1064
f 1876/3881/1065 1875/3882/1065 1873/3883/1065
f 1876/3884/1066 1877/3885/1066 1888/3886/1066
f 1877/3887/1067 1876/3888/1067 1873/3889/1067
f 1877/3890/1068 1878/3891/1068 1888/3892/1068
f 1878/3893/1069 1877/3894/1069 1873/3895/1069
f 1878/3896/1070 1879/3897/1070 1888/3898/1070
f 1879/3899/1071 1878/3900/1071 1873/3901/1071
f 1879/3902/1072 1880/3903/1072 1888/3904/1072
f 1880/3905/1073 1879/3906/1073 1873/3907/1073
f 1880/3908/1074 1881/3909/1074 1888/3910/1074
f 1881/3911/1075 1880/3912/1075 1873/3913/1075
f 1881/3914/1076 1882/3915/1076 1888/3916/1076
f 1882/3917/1077 1881/3918/1077 1873/3919/1077
f 1882/3920/1078 1883/3921/1078 1888/3922/1078
f 1883/3923/1079 1882/3924/1079 1873/3925/1079
f 1883/3926/1080 1884/3927/1080 1888/3928/1080
f 1884/3929/1081 1883/3930/1081 1873/3931/1081
f 1884/3932/1082 1885/3933/1082 1888/3934/1082
f 1885/3935/1083 1884/3936/1083 1873/3937/1083
f 1885/3938/1084 1886/3939/1084 1888/3940/1084
f 1886/3941/1085 1885/3942/1085 1873/3943/1085
f 1886/3944/1086 1887/3945/1086 1888/3946/1086
f 1887/3947/1087 1886/3948/1087 1873/3949/1087
f 1887/3950/1088 1871/3951/1088 1888/3952/1088
f 1871/3953/1089 1887/3954/1089 1873/3955/1089
f 1889/3956/1090 1890/3957/1090 1891/3958/1090
f 1890/3959/1091 1889/3960/1091 1892/3961/1091
f 1893/3962/1092 1889/3963/1092 1891/3964/1092
f 1889/3965/1093 1893/3966/1093 1892/3967/1093
f 1894/3968/1094 1893/3969/1094 1891/3970/1094
f 1893/3971/1095 1894/3972/1095 1892/3973/1095
f 1895/3974/1096 1894/3975/1096 1891/3976/1096
f 1894/3977/1097 1895/3978/1097 1892/3979/1097
f 1896/3980/1098 1895/3981/1098 1891/3982/1098
f 1895/3983/1099 1896/3984/1099 1892/3985/1099
f 1897/3986/1100 1896/3987/1100 1891/3988/1100
f 1896/3989/1101 1897/3990/1101 1892/3991/1101
f 1898/3992/1102 1897/3993/1102 1891/3994/1102
f 1897/3995/1103 1898/3996/1103 1892/3997/1103
f 1899/3998/1104 1898/3999/1104 1891/4000/1104
f 1898/4001/1105 1899/4002/1105 1892/4003/1105
f 1900/4004/1106 1899/4005/1106 1891/4006/1106
f 1899/4007/1107 1900/4008/1107 1892/4009/1107
f 1901/4010/1108 1900/4011/1108 1891/4012/1108
f 1900/4013/1109 1901/4014/1109 1892/4015/1109
f 1902/4016/1110 1901/4017/1110 1891/4018/1110
f 1901/4019/1111 1902/4020/1111 1892/4021/1111
f 1903/4022/1112 1902/4023/1112 1891/4024/1112
f 1902/4025/1113 1903/4026/1113 1892/4027/1113
f 1904/4028/1114 1903/4029/1114 1891/4030/1114
f 1903/4031/1115 1904/4032/1115 1892/4033/1115
f 1905/4034/1116 1904/4035/1116 1891/4036/1116
f 1904/4037/1117 1905/4038/1117 1892/4039/1117
f 1906/4040/1118 1905/4041/1118 1891/4042/1118
f 1905/4043/1119 1906/4044/1119 1892/4045/1119
f 1890/4046/1120 1906/4047/1120 1891/4048/1120
f 1906/4049/1121 1890/4050/1121 1892/4051/1121
f 1908/4052/1122 1910/4053/1122 1909/4054/1122 1907/4055/1122
f 1912/4056/1123 1911/4057/1123 1913/4058/1123 1914/4059/1123
f 1908/4060/1124 1915/4061/1124 1916/4062/1124 1910/4063/1124
f 1912/4064/1125 1914/4065/1125 1918/4066/1125 1917/4067/1125
f 1920/4068/1126 1922/4069/1126 1921/4070/1126 1919/4071/1126
f 1927/4072/1127 1926/4073/1127 1925/4074/1127 1928/4075/1127
f 1929/4076/1128 1923/4077/1128 1924/4078/1128 1930/4079/1128
f 1937/4080/1129 1938/4081/1129 1931/4082/1129 1934/4083/1129
f 1933/4084/1130 1932/4085/1130 1939/4086/1130 1940/4087/1130
f 1942/4088/1131 1935/4089/1131 1936/4090/1131 1941/4091/1131
f 1945/4092/1132 1946/4093/1132 1944/4094/1132 1943/4095/1132
f 1949/4096/1133 1947/4097/1133 1948/4098/1133 1950/4099/1133
f 1952/4100/1134 1951/4101/1134 1944/4102/1134 1946/4103/1134
f 1954/4104/1135 1950/4105/1135 1948/4106/1135 1953/4107/1135
f 1961/4108/1136 1962/4109/1136 1960/4110/1136 1959/4111/1136
f 1958/4112/1137 1963/4113/1137 1964/4114/1137 1957/4115/1137
f 1966/4116/1138 1955/4117/1138 1956/4118/1138 1965/4119/1138
f 1970/4120/1139 1967/4121/1139 1974/4122/1139 1973/4123/1139
f 1975/4124/1140 1969/4125/1140 1968/4126/1140 1976/4127/1140
f 1977/4128/1141 1972/4129/1141 1971/4130/1141 1978/4131/1141
f 1981/4132/1142 1982/4133/1142 1980/4134/1142 1979/4135/1142
f 1985/4136/1143 1983/4137/1143 1984/4138/1143 1986/4139/1143
f 1988/4140/1144 1987/4141/1144 1980/4142/1144 1982/4143/1144
f 1990/4144/1145 1986/4145/1145 1984/4146/1145 1989/4147/1145
f 1993/4148/1146 1994/4149/1146 1992/4150/1146 1991/4151/1146
f 1997/4152/1147 1998/4153/1147 1999/4154/1147 2000/4155/1147
f 1996/4156/1148 1995/4157/1148 2001/4158/1148 2002/4159/1148
f 2003/4160/1149 2010/4161/1149 2009/4162/1149 2006/4163/1149
f 2011/4164/1150 2004/4165/1150 2005/4166/1150 2012/4167/1150
f 2008/4168/1151 2007/4169/1151 2014/4170/1151 2013/4171/1151
f 2016/4172/1152 2018/4173/1152 2017/4174/1152 2015/4175/1152
f 2020/4176/1153 2019/4177/1153 2021/4178/1153 2022/4179/1153
f 2016/4180/1154 2023/4181/1154 2024/4182/1154 2018/4183/1154
f 2020/4184/1155 2022/4185/1155 2026/4186/1155 2025/4187/1155
f 2032/4188/1156 2034/4189/1156 2033/4190/1156 2031/4191/1156
f 2036/4192/1157 2035/4193/1157 2030/4194/1157 2029/4195/1157
f 2028/4196/1158 2027/4197/1158 2038/4198/1158 2037/4199/1158
f 2046/4200/1159 2039/4201/1159 2042/4202/1159 2045/4203/1159
f 2040/4204/1160 2041/4205/1160 2047/4206/1160 2048/4207/1160
f 2043/4208/1161 2044/4209/1161 2049/4210/1161 2050/4211/1161
o car1_interior
v -0.41775437500000034 2.325468125 -5.341250625000001
v -0.10625687500000014 2.342586875 -8.07543375
v -1.3250000000000002 2.35 -5.3436875
v -1.0073362500000003 2.3454525 -7.76834
v -1.3067812500000002 2.363023125 -7.306475000000001
v -1.3220500000000002 2.358223125 -6.58696125
v -1.2701112500000002 2.342944375 -7.383828749999999
v -1.14942125 2.341944375 -7.6492325
v -0.03184812500000023 1.713985625 -9.021476250000001
v -0.029481875000000102 2.39262 -8.03187625
v -0.10827687500000005 1.763250625 -8.920348125
v -0.10625687500000014 2.342586875 -8.07543375
v -1.0846531250000002 2.39597625 -7.672001874999999
v -1.0073375000000002 2.3454525 -7.76834
v -1.1104006250000003 1.717693125 -8.552863125
v -1.0287656250000001 1.766415625 -8.520245625000001
v -1.1458112500000002 1.7178475 -8.525481875
v -1.1213943750000002 2.396125625 -7.647354375000001
v -1.1458112500000002 1.7178475 -8.525481875
v -1.1736762500000002 1.71803625 -8.479645625
v -1.1213943750000002 2.396125625 -7.647354375000001
v -1.1501468750000001 2.39631125 -7.603569374999999
v -1.1690431250000002 1.772180625 -8.384755
v -1.14942125 2.341944375 -7.6492325
v -1.293383125 2.3974993749999998 -7.288231874999999
v -1.2701112500000002 2.342944375 -7.383828749999999
v -1.1690431250000002 1.772180625 -8.384755
v -1.1736762500000002 1.71803625 -8.479645625
v -1.381808125 1.793460625 -7.822568125
v -1.4324081250000003 1.739726875 -7.8059674999999995
v -1.2701112500000002 2.342944375 -7.383828749999999
v -1.293383125 2.3974993749999998 -7.288231874999999
v -1.4231237500000002 1.758669375 -7.821748124999999
v -1.28409875 2.41644125 -7.304012500000001
v -1.2859612500000002 2.421609375 -7.25948
v -1.3026675 2.42433125 -6.59375
v -1.4209981250000001 1.756606875 -7.2637262499999995
v -1.4220506250000002 1.74727625 -6.59375
v -1.4209981250000001 1.756606875 -7.2637262499999995
v -1.2859612500000002 2.421609375 -7.25948
v -1.4211875 1.756790625 -7.3133881249999995
v -1.3010912500000003 2.35291125 -7.214404375000001
v -1.309360625 2.35291125 -6.895435000000001
v -1.4129312500000002 1.800501875 -6.893960625
v -1.413215625 1.800501875 -7.21536875
v -1.4117331250000003 1.802285 -7.31274125
v -1.4130493750000002 1.8063331249999999 -7.784231875
v -1.2969225000000002 2.354735 -7.304889375
v -1.2971987500000002 2.35446125 -7.352797499999999
v -1.4128950000000002 1.805858125 -7.7288625
v 0.1062568749999997 2.342586875 -8.08168375
v 0.4177543749999999 2.325468125 -5.341250625000001
v -0.10625687500000014 2.342586875 -8.08168375
v -0.41775437500000034 2.325468125 -5.341250625000001
v 0.00013124999999991616 2.342586875 -8.11293375
v 0.03184812499999978 1.713985625 -9.021476250000001
v 0.029481874999999658 2.39262 -8.03187625
v -0.03184812500000023 1.713985625 -9.021476250000001
v -0.029481875000000102 2.39262 -8.03187625
v 0.4177543749999999 2.325468125 -5.341250625000001
v 0.1062568749999997 2.342586875 -8.07543375
v 1.3250000000000002 2.35 -5.3436875
v 1.0073362499999998 2.3454525 -7.76834
v 1.3067812500000002 2.363023125 -7.306475000000001
v 1.32205 2.358223125 -6.58696125
v 1.2701112500000002 2.342944375 -7.383828749999999
v 1.1494212499999996 2.341944375 -7.6492325
v 0.03184812499999978 1.713985625 -9.021476250000001
v 0.029481874999999658 2.39262 -8.03187625
v 0.10827687500000005 1.763250625 -8.920348125
v 0.1062568749999997 2.342586875 -8.07543375
v 1.084653125 2.39597625 -7.672001874999999
v 1.0073375000000002 2.3454525 -7.76834
v 1.1104006249999996 1.717693125 -8.552863125
v 1.0287656250000001 1.766415625 -8.520245625000001
v 1.1458112499999995 1.7178475 -8.525481875
v 1.1213943749999995 2.396125625 -7.647354375000001
v 1.1458112499999995 1.7178475 -8.525481875
v 1.1736762499999998 1.71803625 -8.479645625
v 1.1213943749999995 2.396125625 -7.647354375000001
v 1.150146875 2.39631125 -7.603569374999999
v 1.169043125 1.772180625 -8.384755
v 1.1494212499999996 2.341944375 -7.6492325
v 1.293383125 2.3974993749999998 -7.288231874999999
v 1.2701112500000002 2.342944375 -7.383828749999999
v 1.169043125 1.772180625 -8.384755
v 1.1736762499999998 1.71803625 -8.479645625
v 1.381808125 1.793460625 -7.822568125
v 1.4324081250000003 1.739726875 -7.8059674999999995
v 1.2701112500000002 2.342944375 -7.383828749999999
v 1.293383125 2.3974993749999998 -7.288231874999999
v 1.4231237500000002 1.758669375 -7.821748124999999
v 1.28409875 2.41644125 -7.304012500000001
v 1.2859612499999997 2.421609375 -7.25948
v 1.3026675 2.42433125 -6.59375
v 1.4209981249999997 1.756606875 -7.2637262499999995
v 1.4220506249999998 1.74727625 -6.59375
v 1.4209981249999997 1.756606875 -7.2637262499999995
v 1.2859612499999997 2.421609375 -7.25948
v 1.4211875000000003 1.756790625 -7.3133881249999995
v 1.3010912499999998 2.35291125 -7.214404375000001
v 1.309360625 2.35291125 -6.895435000000001
v 1.4129312499999997 1.800501875 -6.893960625
v 1.4132156249999994 1.800501875 -7.21536875
v 1.4117331249999996 1.802285 -7.31274125
v 1.413049375 1.8063331249999999 -7.784231875
v 1.2969225 2.354735 -7.304889375
v 1.2971987499999997 2.35446125 -7.352797499999999
v 1.4128949999999998 1.805858125 -7.7288625
vt 0.0003189880952380952 0.9122023809523809
vt 0.0003189880952380952 0.9986386309523809
vt 0.11872863095238095 0.9986966666666667
vt 0.45384107142857144 0.7617178571428571
vt 0.5156741666666667 0.7321428571428572
vt 0.3102186904761905 0.7321428571428572
vt 0.2627404761904762 0.8928571428571429
vt 0.0006523809523809524 0.8928571428571429
vt 0.17704892857142857 1
vt 0.18475160714285715 0.9973183928571429
vt 0.5339625595238096 0.779251130952381
vt 0.5111689880952381 0.7633928571428572
vt 0.40502553571428573 0.779251130952381
vt 0.6673214285714286 0.5297619047619048
vt 0.68413875 0.535155119047619
vt 0.7746428571428571 0.5297619047619048
vt 0.6653438690476191 0.6488095238095238
vt 0.6547619047619048 0.6547619047619048
vt 0.7690416071428572 0.6547619047619048
vt 0.76291125 0.6488095238095238
vt 0.3630952380952381 0.3214285714285714
vt 0.3630952380952381 0.21525166666666673
vt 0.3571591666666667 0.22081898809523803
vt 0.35714285714285715 0.3114831547619048
vt 0.6011904761904762 0.7708468452380952
vt 0.6117201785714286 0.7783890476190476
vt 0.7073095238095238 0.7783890476190476
vt 0.7131864880952381 0.7708333333333334
vt 0.625 0.8125
vt 0.6304667261904762 0.8203577976190476
vt 0.7208729166666666 0.8203577976190476
vt 0.7309089285714285 0.8125589880952381
vt 0.4166666666666667 0.16539011904761902
vt 0.4166666666666667 0.19315755952380953
vt 0.4226190476190476 0.20238095238095233
vt 0.4226190476190476 0.16939559523809522
vt 0.4270833333333333 0.9999702380952381
vt 0.4204777380952381 0.9940476190476191
vt 0.33184970238095235 0.9940476190476191
vt 0.32154041666666666 1
vt 0.75 0.9097216071428571
vt 0.7584732738095238 0.915776130952381
vt 0.8157569047619047 0.915776130952381
vt 0.8187580357142858 0.9092261904761905
vt 0.7534067261904761 0.28125
vt 0.75 0.285057380952381
vt 0.8556997619047619 0.285057380952381
vt 0.8589498214285715 0.28127499999999994
vt 0.7725756547619047 0.8630952380952381
vt 0.7743644642857144 0.8571428571428572
vt 0.6686645238095238 0.8571428571428572
vt 0.6666666666666666 0.8630410714285714
vt 0.7083333333333334 0.39136904761904767
vt 0.7120647023809523 0.39753238095238097
vt 0.7798713095238096 0.39753238095238097
vt 0.7891441666666668 0.392164880952381
vt 0.06487142857142858 0.18491041666666674
vt 0.06012857142857143 0.15625
vt 0.06012857142857143 0.22006351190476203
vt 0.06443857142857143 0.21551744047619048
vt 0.13690476190476192 0.5229525595238096
vt 0.16666666666666666 0.5297616666666667
vt 0.16666666666666666 0.4642857142857143
vt 0.13705660714285714 0.46942851190476187
vt 0.7562348214285715 0.838666369047619
vt 0.8196580357142857 0.838666369047619
vt 0.7909239285714287 0.8318452380952381
vt 0.7605354761904761 0.8319721428571428
vt 0.7861386904761906 0.46291315476190475
vt 0.8507660714285714 0.46291315476190475
vt 0.8440946428571428 0.4585772619047619
vt 0.7904121428571429 0.45833333333333337
vt 0.8988289285714286 0.5285390476190477
vt 0.9032544047619047 0.5285390476190477
vt 0.8988816666666667 0.5238095238095238
vt 0.78614 0.6190476190476191
vt 0.7905136904761905 0.623777380952381
vt 0.8442571428571428 0.623777380952381
vt 0.8507647619047619 0.6195444047619048
vt 0.8988095238095238 0.5059523809523809
vt 0.9020880952380953 0.5032117857142857
vt 0.8988095238095238 0.4981832142857142
vt 0.89946625 0.5765126190476191
vt 0.907081369047619 0.5765126190476191
vt 0.9022745238095238 0.5729166666666667
vt 0.2261904761904762 0.21359380952380946
vt 0.23214285714285715 0.2100568452380952
vt 0.23214285714285715 0.2047834523809523
vt 0.22642857142857142 0.1651785714285714
vt 0.11158803571428572 0.14434523809523814
vt 0.10716196428571428 0.14434523809523814
vt 0.11134934523809523 0.18397702380952385
vt 0.7895370833333334 0.37648809523809523
vt 0.7863525595238094 0.380691369047619
vt 0.8536958928571428 0.380691369047619
vt 0.8565045833333335 0.3770950595238095
vt 0.07547208333333333 0.6077430357142857
vt 0.06589696428571429 0.6121963690476191
vt 0.06589696428571429 0.34523809523809523
vt 0.5828820238095238 0.9836309523809523
vt 0.5784332142857143 0.9931819642857143
vt 0.3159275 0.9836309523809523
vt 0.00009285714285714286 0.6309104761904762
vt 0.07877619047619049 0.6190476190476191
vt 0.07877619047619049 0.8860059523809524
vt 0.3875916666666666 0.2321428571428571
vt 0.3936583333333334 0.2321428571428571
vt 0.3934327380952381 0.34523809523809523
vt 0.3878172619047619 0.34523809523809523
vt 0.0003189880952380952 0.9986386309523809
vt 0.0003189880952380952 0.9122023809523809
vt 0.11872863095238095 0.9986966666666667
vt 0.5156741666666667 0.7321428571428572
vt 0.45384107142857144 0.7617178571428571
vt 0.3102186904761905 0.7321428571428572
vt 0.17704892857142857 1
vt 0.0006523809523809524 0.8928571428571429
vt 0.2627404761904762 0.8928571428571429
vt 0.18475160714285715 0.9973183928571429
vt 0.5111689880952381 0.7633928571428572
vt 0.5339625595238096 0.779251130952381
vt 0.40502553571428573 0.779251130952381
vt 0.68413875 0.535155119047619
vt 0.6673214285714286 0.5297619047619048
vt 0.7746428571428571 0.5297619047619048
vt 0.7690416071428572 0.6547619047619048
vt 0.6547619047619048 0.6547619047619048
vt 0.6653438690476191 0.6488095238095238
vt 0.76291125 0.6488095238095238
vt 0.3571591666666667 0.22081898809523803
vt 0.3630952380952381 0.21525166666666673
vt 0.3630952380952381 0.3214285714285714
vt 0.35714285714285715 0.3114831547619048
vt 0.7073095238095238 0.7783890476190476
vt 0.6117201785714286 0.7783890476190476
vt 0.6011904761904762 0.7708468452380952
vt 0.7131864880952381 0.7708333333333334
vt 0.7208729166666666 0.8203577976190476
vt 0.6304667261904762 0.8203577976190476
vt 0.625 0.8125
vt 0.7309089285714285 0.8125589880952381
vt 0.4226190476190476 0.20238095238095233
vt 0.4166666666666667 0.19315755952380953
vt 0.4166666666666667 0.16539011904761902
vt 0.4226190476190476 0.16939559523809522
vt 0.33184970238095235 0.9940476190476191
vt 0.4204777380952381 0.9940476190476191
vt 0.4270833333333333 0.9999702380952381
vt 0.32154041666666666 1
vt 0.8157569047619047 0.915776130952381
vt 0.7584732738095238 0.915776130952381
vt 0.75 0.9097216071428571
vt 0.8187580357142858 0.9092261904761905
vt 0.8556997619047619 0.285057380952381
vt 0.75 0.285057380952381
vt 0.7534067261904761 0.28125
vt 0.8589498214285715 0.28127499999999994
vt 0.6686645238095238 0.8571428571428572
vt 0.7743644642857144 0.8571428571428572
vt 0.7725756547619047 0.8630952380952381
vt 0.6666666666666666 0.8630410714285714
vt 0.7798713095238096 0.39753238095238097
vt 0.7120647023809523 0.39753238095238097
vt 0.7083333333333334 0.39136904761904767
vt 0.7891441666666668 0.392164880952381
vt 0.06012857142857143 0.22006351190476203
vt 0.06012857142857143 0.15625
vt 0.06487142857142858 0.18491041666666674
vt 0.06443857142857143 0.21551744047619048
vt 0.16666666666666666 0.4642857142857143
vt 0.16666666666666666 0.5297616666666667
vt 0.13690476190476192 0.5229525595238096
vt 0.13705660714285714 0.46942851190476187
vt 0.7909239285714287 0.8318452380952381
vt 0.8196580357142857 0.838666369047619
vt 0.7562348214285715 0.838666369047619
vt 0.7605354761904761 0.8319721428571428
vt 0.8440946428571428 0.4585772619047619
vt 0.8507660714285714 0.46291315476190475
vt 0.7861386904761906 0.46291315476190475
vt 0.7904121428571429 0.45833333333333337
vt 0.9032544047619047 0.5285390476190477
vt 0.8988289285714286 0.5285390476190477
vt 0.8988816666666667 0.5238095238095238
vt 0.8442571428571428 0.623777380952381
vt 0.7905136904761905 0.623777380952381
vt 0.78614 0.6190476190476191
vt 0.8507647619047619 0.6195444047619048
vt 0.9020880952380953 0.5032117857142857
vt 0.8988095238095238 0.5059523809523809
vt 0.8988095238095238 0.4981832142857142
vt 0.907081369047619 0.5765126190476191
vt 0.89946625 0.5765126190476191
vt 0.9022745238095238 0.5729166666666667
vt 0.23214285714285715 0.2047834523809523
vt 0.23214285714285715 0.2100568452380952
vt 0.2261904761904762 0.21359380952380946
vt 0.22642857142857142 0.1651785714285714
vt 0.10716196428571428 0.14434523809523814
vt 0.11158803571428572 0.14434523809523814
vt 0.11134934523809523 0.18397702380952385
vt 0.8536958928571428 0.380691369047619
vt 0.7863525595238094 0.380691369047619
vt 0.7895370833333334 0.37648809523809523
vt 0.8565045833333335 0.3770950595238095
vn -0.027011548683632564 -0.9996128312059048 -0.006675621785810682
vn -0.026254193655044982 -0.9996291835479414 -0.007225836615909705
vn -0.02268199371750385 -0.9997036181379221 -0.008843248438605063
vn 0.0026471018637458507 -0.9999841382418535 0.004971530591324467
vn -0.022233118570579077 -0.9981875527289495 -0.05592224973673122
vn 0.21123433892671312 -0.8063351503401247 0.5524524227335448
vn -0.19315841263179265 0.7959104749489005 -0.5737737737960682
vn 0.24395886812255604 -0.7864158310908104 0.5674805822881622
vn 0.22660508228746498 -0.7747949239069588 0.5902058645671875
vn -0.8616223406703106 0.321151311348285 -0.39302516112469477
vn 0.989324470055513 0.1012425921307769 -0.10481903685886233
vn 0.7432104384570042 -0.5960876784751699 0.30383831841726294
vn 0.6970022257804492 -0.5767379680277519 0.42610000409800464
vn 0.37309041411321575 -0.7392514636960084 0.5606342982017231
vn 0.7096241286608059 -0.52205639910704 0.4731709122228277
vn 0.9848078483487196 -0.17364545133994486 -0.0008712403298200403
vn 0.9846251285276477 -0.17361606486497763 0.01925664282042558
vn 0.9796517002839117 -0.19909165692705313 0.025397997418722756
vn 0.9796515394125503 -0.19909238081226902 0.025398528089695747
vn 0.9790846463805023 -0.20340385901450161 -0.004486129732358882
vn 0.9790833269910468 -0.2034100764160105 -0.004492173257537007
vn -0.976857623725899 0.2039267576731505 -0.06452178293805957
vn 0.9790836386529554 -0.2034087710254256 -0.004483346073545491
vn 0.9790813750888081 -0.20341985300299464 -0.004474858483695081
vn 0.9790846554109526 -0.20340394331605333 -0.004480332833198943
vn 0.9790826605959067 -0.20341366671116193 -0.004474808997161014
vn -0.0018982252115738812 -0.9999773170915398 -0.006462355874786356
vn 0.00190308301115569 -0.9999773042902804 -0.006462907967544933
vn 0 -0.9999809271969938 -0.006176183468827588
vn 0 -0.8247088267072832 0.5655575577702913
vn 0.027011548683632553 -0.9996128312059048 -0.00667562178581069
vn 0.026254193655044982 -0.9996291835479414 -0.007225836615909696
vn 0.022681993717503842 -0.9997036181379221 -0.008843248438605065
vn -0.002647101863745853 -0.9999841382418535 0.004971530591324472
vn 0.022233118570579073 -0.9981875527289495 -0.05592224973673122
vn -0.21123433892671184 -0.8063351503401248 0.5524524227335449
vn 0.19315841263179254 0.7959104749489007 -0.5737737737960681
vn -0.24395886812255632 -0.7864158310908095 0.567480582288163
vn -0.22660508228746737 -0.7747949239069583 0.5902058645671872
vn 0.8616223406703094 0.32115131134828695 -0.3930251611246957
vn -0.9893244700555108 0.10124259213078886 -0.10481903685887191
vn -0.7432104384570055 -0.5960876784751681 0.30383831841726355
vn -0.6970022257804467 -0.5767379680277538 0.4261000040980062
vn -0.3730904141132192 -0.7392514636960074 0.5606342982017221
vn -0.7096241286608059 -0.5220563991070402 0.4731709122228276
vn -0.9848078483487196 -0.17364545133994486 -0.0008712403298200391
vn -0.9846251285276478 -0.173616064864977 0.019256642820425416
vn -0.9796517002839112 -0.19909165692705585 0.025397997418723416
vn -0.9796515394125503 -0.19909238081226902 0.02539852808969603
vn -0.9790846463804986 -0.20340385901451977 -0.004486129732372065
vn -0.9790833269910472 -0.20341007641600983 -0.004492173257531963
vn 0.9768576237259006 0.20392675767314714 -0.06452178293804951
vn -0.9790836386529561 -0.20340877102542235 -0.004483346073540997
vn -0.9790813750888077 -0.20341985300299606 -0.004474858483699018
vn -0.9790846554109487 -0.20340394331607162 -0.0044803328331996135
vn -0.9790826605959071 -0.2034136667111596 -0.004474808997165286
usemtl m_2e146a60-ae6a-de58-ef29-5cac9a70e150
f 2051/4212/1162 2053/4213/1162 2056/4214/1162
f 2056/4215/1163 2055/4216/1163 2051/4217/1163
f 2052/4218/1164 2051/4219/1164 2055/4220/1164 2057/4221/1164
f 2057/4222/1165 2058/4223/1165 2052/4224/1165
f 2058/4225/1166 2054/4226/1166 2052/4227/1166
f 2061/4228/1167 2059/4229/1167 2060/4230/1167 2062/4231/1167
f 2063/4232/1168 2060/4233/1168 2062/4234/1168 2064/4235/1168
f 2059/4236/1169 2061/4237/1169 2066/4238/1169 2065/4239/1169
f 2065/4240/1170 2066/4241/1170 2064/4242/1170 2063/4243/1170
f 2074/4244/1171 2076/4245/1171 2075/4246/1171 2072/4247/1171
f 2072/4248/1172 2074/4249/1172 2073/4250/1172 2070/4251/1172
f 2078/4252/1173 2077/4253/1173 2079/4254/1173 2080/4255/1173
f 2070/4256/1174 2069/4257/1174 2071/4258/1174 2072/4259/1174
f 2063/4260/1175 2068/4261/1175 2067/4262/1175 2065/4263/1175
f 2080/4264/1176 2079/4265/1176 2081/4266/1176 2082/4267/1176
f 2094/4268/1177 2088/4269/1177 2087/4270/1177 2095/4271/1177
f 2093/4272/1178 2086/4273/1178 2088/4274/1178 2094/4275/1178
f 2085/4276/1179 2086/4277/1179 2093/4278/1179 2092/4279/1179
f 2087/4280/1180 2085/4281/1180 2092/4282/1180 2095/4283/1180
f 2091/4284/1181 2096/4285/1181 2089/4286/1181
f 2089/4287/1182 2096/4288/1182 2098/4289/1182 2090/4290/1182
f 2090/4291/1183 2084/4292/1183 2098/4293/1183
f 2099/4294/1184 2084/4295/1184 2098/4296/1184
f 2083/4297/1185 2097/4298/1185 2100/4299/1185 2091/4300/1185
f 2096/4301/1186 2091/4302/1186 2100/4303/1186
f 2100/4304/1187 2097/4305/1187 2099/4306/1187 2098/4307/1187
f 2103/4308/1188 2105/4309/1188 2104/4310/1188
f 2105/4311/1189 2101/4312/1189 2102/4313/1189
f 2102/4314/1190 2104/4315/1190 2105/4316/1190
f 2108/4317/1191 2106/4318/1191 2107/4319/1191 2109/4320/1191
f 2112/4321/1192 2110/4322/1192 2115/4323/1192
f 2114/4324/1193 2115/4325/1193 2110/4326/1193
f 2114/4327/1194 2110/4328/1194 2111/4329/1194 2116/4330/1194
f 2117/4331/1195 2116/4332/1195 2111/4333/1195
f 2113/4334/1196 2117/4335/1196 2111/4336/1196
f 2119/4337/1197 2118/4338/1197 2120/4339/1197 2121/4340/1197
f 2121/4341/1198 2119/4342/1198 2122/4343/1198 2123/4344/1198
f 2125/4345/1199 2120/4346/1199 2118/4347/1199 2124/4348/1199
f 2123/4349/1200 2125/4350/1200 2124/4351/1200 2122/4352/1200
f 2134/4353/1201 2135/4354/1201 2133/4355/1201 2131/4356/1201
f 2132/4357/1202 2133/4358/1202 2131/4359/1202 2129/4360/1202
f 2138/4361/1203 2136/4362/1203 2137/4363/1203 2139/4364/1203
f 2130/4365/1204 2128/4366/1204 2129/4367/1204 2131/4368/1204
f 2126/4369/1205 2127/4370/1205 2122/4371/1205 2124/4372/1205
f 2140/4373/1206 2138/4374/1206 2139/4375/1206 2141/4376/1206
f 2146/4377/1207 2147/4378/1207 2153/4379/1207 2154/4380/1207
f 2147/4381/1208 2145/4382/1208 2152/4383/1208 2153/4384/1208
f 2152/4385/1209 2145/4386/1209 2144/4387/1209 2151/4388/1209
f 2151/4389/1210 2144/4390/1210 2146/4391/1210 2154/4392/1210
f 2155/4393/1211 2150/4394/1211 2148/4395/1211
f 2157/4396/1212 2155/4397/1212 2148/4398/1212 2149/4399/1212
f 2143/4400/1213 2149/4401/1213 2157/4402/1213
f 2143/4403/1214 2158/4404/1214 2157/4405/1214
f 2159/4406/1215 2156/4407/1215 2142/4408/1215 2150/4409/1215
f 2150/4410/1216 2155/4411/1216 2159/4412/1216
f 2158/4413/1217 2156/4414/1217 2159/4415/1217 2157/4416/1217