# Made in Blockbench 4.12.6
mtllib tgv_m_obj.mtl

o car1_light_yellow
v -0.66424875 0.9776900000000001 -9.221875
v -0.678268125 0.9221212500000001 -9.221875
v -0.611435 0.9506087500000001 -9.221875
v -0.65028 0.9077700000000001 -9.221875
v -0.577551875 0.9026506250000002 -9.221875
v -0.632325 0.8823556250000001 -9.221875
v -0.5703625 0.8448012500000001 -9.221875
v -0.628515 0.8517000000000001 -9.221875
v -0.591513125 0.7903143750000001 -9.221875
v -0.639723125 0.8228256250000001 -9.221875
v -0.636159375 0.7516718750000001 -9.221875
v -0.6633825 0.8023481250000001 -9.221875
v -0.694071875 0.7377262500000001 -9.221875
v -0.694071875 0.7949575000000001 -9.221875
v -0.751984375 0.7516718750000001 -9.221875
v -0.72476125 0.8023481250000001 -9.221875
v -0.796630625 0.7903143750000001 -9.221875
v -0.7484206250000001 0.8228256250000001 -9.221875
v -0.81778125 0.8448012500000001 -9.221875
v -0.75962875 0.8517000000000001 -9.221875
v -0.810591875 0.9026506250000002 -9.221875
v -0.75581875 0.8823556250000001 -9.221875
v -0.7767087500000001 0.9506087500000001 -9.221875
v -0.73786375 0.9077700000000001 -9.221875
v -0.723895 0.9776900000000001 -9.221875
v -0.709875625 0.9221212500000001 -9.221875
v 0 2.8122393749999994 -5.71875
v 0.025303124999999982 2.7124999999999995 -5.71875
v 0.07011187500000005 2.7353493749999993 -5.71875
v 0.09885937499999997 2.7758131249999995 -5.71875
v 0.10495937499999997 2.8246212499999994 -5.71875
v 0.08701437499999998 2.8705937499999994 -5.71875
v 0.04913500000000004 2.903197499999999 -5.71875
v 0 2.914963749999999 -5.71875
v -0.04913500000000004 2.903197499999999 -5.71875
v -0.08701437499999998 2.8705937499999994 -5.71875
v -0.10495937499999997 2.8246212499999994 -5.71875
v -0.09885937499999997 2.7758131249999995 -5.71875
v -0.07011187500000005 2.7353493749999993 -5.71875
v -0.025303124999999982 2.7124999999999995 -5.71875
v 0.6642487499999999 0.9776900000000001 -9.221875
v 0.6782681249999999 0.9221212500000001 -9.221875
v 0.6114350000000001 0.9506087500000001 -9.221875
v 0.6502800000000001 0.9077700000000001 -9.221875
v 0.577551875 0.9026506250000002 -9.221875
v 0.6323249999999999 0.8823556250000001 -9.221875
v 0.5703625 0.8448012500000001 -9.221875
v 0.628515 0.8517000000000001 -9.221875
v 0.591513125 0.7903143750000001 -9.221875
v 0.6397231250000001 0.8228256250000001 -9.221875
v 0.636159375 0.7516718750000001 -9.221875
v 0.6633825000000001 0.8023481250000001 -9.221875
v 0.694071875 0.7377262500000001 -9.221875
v 0.694071875 0.7949575000000001 -9.221875
v 0.751984375 0.7516718750000001 -9.221875
v 0.7247612499999999 0.8023481250000001 -9.221875
v 0.796630625 0.7903143750000001 -9.221875
v 0.748420625 0.8228256250000001 -9.221875
v 0.81778125 0.8448012500000001 -9.221875
v 0.75962875 0.8517000000000001 -9.221875
v 0.810591875 0.9026506250000002 -9.221875
v 0.7558187500000001 0.8823556250000001 -9.221875
v 0.77670875 0.9506087500000001 -9.221875
v 0.7378637499999999 0.9077700000000001 -9.221875
v 0.7238950000000001 0.9776900000000001 -9.221875
v 0.7098756249999999 0.9221212500000001 -9.221875
vt 0.8069613068181819 0.36931818181818177
vt 0.812356875 0.36931818181818177
vt 0.8109915909090909 0.375
vt 0.8081323295454546 0.375
vt 0.8865355681818182 0.4602272727272727
vt 0.8918735227272727 0.4602272727272727
vt 0.8905073295454545 0.46590909090909094
vt 0.8876785795454545 0.46590909090909094
vt 0.6308729545454546 0.05681818181818177
vt 0.6361724999999999 0.05681818181818177
vt 0.6348982386363636 0.0625
vt 0.6320898863636364 0.0625
vt 0.5113636363636364 0.057186534090909125
vt 0.5113636363636364 0.0625
vt 0.5056818181818182 0.06133039772727278
vt 0.5056818181818182 0.05851465909090903
vt 0.8181818181818182 0.14235948863636372
vt 0.8181818181818182 0.1477272727272727
vt 0.8125 0.14658357954545453
vt 0.8125 0.14373852272727272
vt 0.1875 0.2559484090909091
vt 0.1875 0.26136363636363635
vt 0.18181818181818182 0.2601457386363637
vt 0.18181818181818182 0.25727625
vt 0.7441848863636363 0.4772727272727273
vt 0.7387696590909091 0.4772727272727273
vt 0.7400975 0.47159090909090906
vt 0.7429669886363637 0.47159090909090906
vt 0.0055248295454545454 0.125
vt 0.00015698863636363634 0.125
vt 0.0015360795454545453 0.11931818181818177
vt 0.004381079545454546 0.11931818181818177
vt 0.6020885795454546 0.0625
vt 0.5967750568181818 0.0625
vt 0.5981032386363636 0.05681818181818177
vt 0.6009189772727273 0.05681818181818177
vt 0.6761363636363636 0.0625
vt 0.6761363636363636 0.05720045454545464
vt 0.6818181818181818 0.05841738636363647
vt 0.6818181818181818 0.061225738636363713
vt 0.2159090909090909 0.07954545454545459
vt 0.2159090909090909 0.07420749999999998
vt 0.2215909090909091 0.07535051136363624
vt 0.2215909090909091 0.07817926136363629
vt 0.6022727272727273 0.1875
vt 0.6022727272727273 0.1821044318181818
vt 0.6079545454545454 0.18327545454545457
vt 0.6079545454545454 0.18613471590909103
vt 0.6989931818181818 0.49431818181818177
vt 0.7044159090909091 0.49431818181818177
vt 0.7031414772727272 0.5
vt 0.7002676136363637 0.5
vt 0.4699286363636364 0.3295454545454546
vt 0.4687185795454546 0.33395534090909085
vt 0.4604690909090909 0.3295454545454546
vt 0.6858969886363636 0.24431818181818177
vt 0.68471625 0.24867335227272735
vt 0.6763189204545454 0.24431818181818177
vt 0.5290792613636364 0.109375
vt 0.5334207386363636 0.11044494318181819
vt 0.5290792613636364 0.11898261363636375
vt 0.62567 0.6673235227272727
vt 0.6300118181818182 0.6661931818181819
vt 0.6300118181818182 0.6758007954545455
vt 0.7563328977272726 0.6105835795454546
vt 0.7607125568181818 0.609375
vt 0.7607125568181818 0.6188994886363637
vt 0.39834892045454545 0.48555727272727267
vt 0.4027874431818182 0.484375
vt 0.4027874431818182 0.49377375
vt 0.5457267613636364 0.5498930113636364
vt 0.5469090340909091 0.5454545454545454
vt 0.5551255113636363 0.5498930113636364
vt 0.8070275000000001 0.9589251136363637
vt 0.8082360795454545 0.9545454545454546
vt 0.8165520454545454 0.9589251136363637
vt 0.6990314204545455 0.6179782386363636
vt 0.7001617613636364 0.6136363636363636
vt 0.7086390340909091 0.6179782386363636
vt 0.9387377272727272 0.7827505681818182
vt 0.937667784090909 0.7784090909090909
vt 0.9472753977272728 0.7784090909090909
vt 0.7436548863636364 0.9643632386363636
vt 0.739299659090909 0.965544034090909
vt 0.739299659090909 0.9559659090909091
vt 0.4255003977272727 0.3960335795454545
vt 0.42109051136363634 0.39724363636363635
vt 0.42109051136363634 0.38778409090909094
vt 0.4027975568181818 0.060780000000000056
vt 0.39833880681818185 0.06191102272727278
vt 0.39833880681818185 0.05255681818181823
vt 0.8109915909090909 0.375
vt 0.812356875 0.36931818181818177
vt 0.8069613068181819 0.36931818181818177
vt 0.8081323295454546 0.375
vt 0.8905073295454545 0.46590909090909094
vt 0.8918735227272727 0.4602272727272727
vt 0.8865355681818182 0.4602272727272727
vt 0.8876785795454545 0.46590909090909094
vt 0.6348982386363636 0.0625
vt 0.6361724999999999 0.05681818181818177
vt 0.6308729545454546 0.05681818181818177
vt 0.6320898863636364 0.0625
vt 0.5056818181818182 0.06133039772727278
vt 0.5113636363636364 0.0625
vt 0.5113636363636364 0.057186534090909125
vt 0.5056818181818182 0.05851465909090903
vt 0.8125 0.14658357954545453
vt 0.8181818181818182 0.1477272727272727
vt 0.8181818181818182 0.14235948863636372
vt 0.8125 0.14373852272727272
vt 0.18181818181818182 0.2601457386363637
vt 0.1875 0.26136363636363635
vt 0.1875 0.2559484090909091
vt 0.18181818181818182 0.25727625
vt 0.7400975 0.47159090909090906
vt 0.7387696590909091 0.4772727272727273
vt 0.7441848863636363 0.4772727272727273
vt 0.7429669886363637 0.47159090909090906
vt 0.0015360795454545453 0.11931818181818177
vt 0.00015698863636363634 0.125
vt 0.0055248295454545454 0.125
vt 0.004381079545454546 0.11931818181818177
vt 0.5981032386363636 0.05681818181818177
vt 0.5967750568181818 0.0625
vt 0.6020885795454546 0.0625
vt 0.6009189772727273 0.05681818181818177
vt 0.6818181818181818 0.05841738636363647
vt 0.6761363636363636 0.05720045454545464
vt 0.6761363636363636 0.0625
vt 0.6818181818181818 0.061225738636363713
vt 0.2215909090909091 0.07535051136363624
vt 0.2159090909090909 0.07420749999999998
vt 0.2159090909090909 0.07954545454545459
vt 0.2215909090909091 0.07817926136363629
vt 0.6079545454545454 0.18327545454545457
vt 0.6022727272727273 0.1821044318181818
vt 0.6022727272727273 0.1875
vt 0.6079545454545454 0.18613471590909103
vt 0.7031414772727272 0.5
vt 0.7044159090909091 0.49431818181818177
vt 0.6989931818181818 0.49431818181818177
vt 0.7002676136363637 0.5
vn 0 2.220446049250313e-16 -1
vn 0 2.220446049250313e-16 -1
vn 0 2.220446049250313e-16 -1
vn 0 2.220446049250313e-16 -1
vn 0 2.220446049250313e-16 -1
vn 0 2.220446049250313e-16 -1
vn 0 2.220446049250313e-16 -1
vn 0 2.220446049250313e-16 -1
vn 0 2.220446049250313e-16 -1
vn 0 2.220446049250313e-16 -1
vn 0 2.220446049250313e-16 -1
vn 0 2.220446049250313e-16 -1
vn 0 2.220446049250313e-16 -1
vn 0 2.220446049250313e-16 -1
vn 0 2.220446049250313e-16 -1
vn 0 2.220446049250313e-16 -1
vn 0 2.220446049250313e-16 -1
vn 0 2.220446049250313e-16 -1
vn 0 2.220446049250313e-16 -1
vn 0 2.220446049250313e-16 -1
vn 0 2.220446049250313e-16 -1
vn 0 2.220446049250313e-16 -1
vn 0 2.220446049250313e-16 -1
vn 0 2.220446049250313e-16 -1
vn 0 2.220446049250313e-16 -1
vn 0 2.220446049250313e-16 -1
vn 0 2.220446049250313e-16 -1
vn 0 2.220446049250313e-16 -1
vn 0 2.220446049250313e-16 -1
vn 0 2.220446049250313e-16 -1
vn 0 2.220446049250313e-16 -1
vn 0 2.220446049250313e-16 -1
vn 0 2.220446049250313e-16 -1
vn 0 2.220446049250313e-16 -1
vn 0 2.220446049250313e-16 -1
vn 0 2.220446049250313e-16 -1
vn 0 2.220446049250313e-16 -1
vn 0 2.220446049250313e-16 -1
vn 0 2.220446049250313e-16 -1
usemtl m_3763b251-fe16-00a5-ba92-24a9d1cbea6c
f 1/1/1 3/2/1 4/3/1 2/4/1
f 3/5/2 5/6/2 6/7/2 4/8/2
f 5/9/3 7/10/3 8/11/3 6/12/3
f 7/13/4 9/14/4 10/15/4 8/16/4
f 9/17/5 11/18/5 12/19/5 10/20/5
f 11/21/6 13/22/6 14/23/6 12/24/6
f 13/25/7 15/26/7 16/27/7 14/28/7
f 15/29/8 17/30/8 18/31/8 16/32/8
f 17/33/9 19/34/9 20/35/9 18/36/9
f 19/37/10 21/38/10 22/39/10 20/40/10
f 21/41/11 23/42/11 24/43/11 22/44/11
f 23/45/12 25/46/12 26/47/12 24/48/12
f 25/49/13 1/50/13 2/51/13 26/52/13
f 29/53/14 28/54/14 27/55/14
f 30/56/15 29/57/15 27/58/15
f 31/59/16 30/60/16 27/61/16
f 32/62/17 31/63/17 27/64/17
f 33/65/18 32/66/18 27/67/18
f 34/68/19 33/69/19 27/70/19
f 35/71/20 34/72/20 27/73/20
f 36/74/21 35/75/21 27/76/21
f 37/77/22 36/78/22 27/79/22
f 38/80/23 37/81/23 27/82/23
f 39/83/24 38/84/24 27/85/24
f 40/86/25 39/87/25 27/88/25
f 28/89/26 40/90/26 27/91/26
f 44/92/27 43/93/27 41/94/27 42/95/27
f 46/96/28 45/97/28 43/98/28 44/99/28
f 48/100/29 47/101/29 45/102/29 46/103/29
f 50/104/30 49/105/30 47/106/30 48/107/30
f 52/108/31 51/109/31 49/110/31 50/111/31
f 54/112/32 53/113/32 51/114/32 52/115/32
f 56/116/33 55/117/33 53/118/33 54/119/33
f 58/120/34 57/121/34 55/122/34 56/123/34
f 60/124/35 59/125/35 57/126/35 58/127/35
f 62/128/36 61/129/36 59/130/36 60/131/36
f 64/132/37 63/133/37 61/134/37 62/135/37
f 66/136/38 65/137/38 63/138/38 64/139/38
f 42/140/39 41/141/39 65/142/39 66/143/39
o car1_inside
v 1.125 2.5844883946965362 -5.405688986455912
v 0.6875 2.4594884312731877 -6.0931892086473685
v -1.125 2.5844883946965362 -5.405688986455912
v -0.6875 2.4594884312731877 -6.0931892086473685
v 1.1875 2.6157377190036297 -3.280689369007905
v 1.125 2.5844883946965362 -5.405688986455912
v -1.1875 2.6157377190036297 -3.280689369007905
v -1.125 2.58448892181619 -5.405688650643657
v 0.6875 0.5937500598956698 -7.281250222537572
v 0.6875 1.3437500216093805 -7.281249854157135
v -0.6875 0.5937500598956698 -7.281250222537572
v -0.6875 1.3437500216093805 -7.281249854157135
v 1.328125 0.5727687108094451 -5.994342779093828
v 0.6875 0.5937500598956698 -7.281250222537572
v -1.328125 0.5727687108094451 -5.994342779093828
v -0.6875 0.5937500598956698 -7.281250222537572
v 1.40625 0.5727693355936797 -3.3068418008123928
v 1.328124375 0.5727694292364971 -5.994341580349664
v -1.40625 0.5727696714059348 -3.306842327932046
v -1.328125 0.5727687108094451 -5.994342779093828
v 1.40625 1.5727697166941201 -3.3068427634591715
v 1.40625 0.5727693355936797 -3.3068418008123928
v -1.40625 1.5727697166941201 -3.3068427634591715
v -1.40625 0.5727693355936797 -3.3068418008123928
v 1.296875 2.0322576904968193 -3.3062822783290313
v 1.40625 1.5727691895744667 -3.306843099271427
v -1.296875 2.0322576904968193 -3.3062822783290313
v -1.40625 1.5727691895744667 -3.306843099271427
v 1.1875 2.6157377190036297 -3.280689369007905
v 1.296875 2.032258217616473 -3.306281942516776
v -1.1875 2.6157377190036297 -3.280689369007905
v -1.296875 2.032258217616473 -3.306281942516776
v 0.3125 0.8437501042787667 -6.265624642996462
v 0.3125 0.8437500941061358 -6.57812485481889
v 0.3125 0.7812496402185583 -6.2656249096117405
v 0.3125 0.781250157165581 -6.578124785621913
v -0.3125 0.8437501042787667 -6.265624642996462
v -0.3125 0.8437500941061358 -6.57812485481889
v -0.3125 0.7812496402185583 -6.2656249096117405
v -0.3125 0.781250157165581 -6.578124785621913
v 0.3125 0.8521234572145484 -6.796875289385469
v 0.3125 0.7979964885458047 -6.765624852753544
v 0.3125 0.8833733667268199 -6.742748656528981
v 0.3125 0.8292467338703313 -6.71149874701671
v -0.3125 0.8521234572145484 -6.796875289385469
v -0.3125 0.7979964885458047 -6.765624852753544
v -0.3125 0.8833733667268199 -6.742748656528981
v -0.3125 0.8292467338703313 -6.71149874701671
v 0.3125 0.9062501592680142 -6.765625261957186
v 0.3125 0.8521234572145484 -6.796875289385469
v 0.3125 0.8750001318397307 -6.7114985599037205
v 0.3125 0.820873429786265 -6.742748587332003
v -0.3125 0.9062501592680142 -6.765625261957186
v -0.3125 0.8521234572145484 -6.796875289385469
v -0.3125 0.8750001318397307 -6.7114985599037205
v -0.3125 0.820873429786265 -6.742748587332003
v 0.3125 0.8604966330772912 -6.578125111128857
v 0.3125 0.8604969526060132 -6.765624586138267
v 0.3125 0.7979966961367364 -6.578125041931879
v 0.3125 0.7979964885458047 -6.765624852753544
v -0.3125 0.8604966330772912 -6.578125111128857
v -0.3125 0.8604969526060132 -6.765624586138267
v -0.3125 0.7979966961367364 -6.578125041931879
v -0.3125 0.7979964885458047 -6.765624852753544
v 0.3125 0.9062500412193216 -6.265624712193439
v 0.3125 0.906249823455759 -6.765624734837532
v 0.3125 0.8437501042787667 -6.265624642996462
v 0.3125 0.8437498865152042 -6.765624665640555
v -0.3125 0.9062500412193216 -6.265624712193439
v -0.3125 0.906249823455759 -6.765624734837532
v -0.3125 0.8437501042787667 -6.265624642996462
v -0.3125 0.8437498865152042 -6.765624665640555
v 0.3125 1.6411568334473434 -6.130498244879446
v 0.3125 1.2718537981679188 -6.195616437018559
v 0.3125 1.6303036257176067 -6.06894785093696
v 0.3125 1.261000590438182 -6.134066043076073
v -0.3125 1.6411568334473434 -6.130498244879446
v -0.3125 1.2718537981679188 -6.195616437018559
v -0.3125 1.6303036257176067 -6.06894785093696
v -0.3125 1.261000590438182 -6.134066043076073
v 0.1875 1.8227874774907047 -6.06096786939436
v 0.1875 1.8255135077353342 -6.123408098399128
v 0.1875 1.638191766481723 -6.131586860757527
v 0.1875 1.6354657362370935 -6.069146631752759
v -0.1875 1.8255135077353342 -6.123408098399128
v -0.1875 1.638191766481723 -6.131586860757527
v -0.1875 1.8227874774907047 -6.06096786939436
v -0.1875 1.6354657362370935 -6.069146631752759
v 0.3125 1.279795655662913 -6.19367379587637
v 0.3125 0.862544306571589 -6.32523220448936
v 0.3125 1.2610014533700908 -6.1340662343834715
v 0.3125 0.843750440091022 -6.265625170116116
v -0.3125 1.279795655662913 -6.19367379587637
v -0.3125 0.862544306571589 -6.32523220448936
v -0.3125 1.2610014533700908 -6.1340662343834715
v -0.3125 0.843750440091022 -6.265625170116116
v -0.0012118750000000011 0.4046710883873541 -6.515625083857637
v -0.0012118750000000011 0.8421710458695684 -6.328124894482904
v -0.0012118750000000011 0.8421711740908918 -6.515625232424222
v 0.06128812500000001 0.8421710458695684 -6.328124894482904
v 0.06128812500000001 0.8421711740908918 -6.515625232424222
v -0.0012118750000000011 0.40467096016603055 -6.328124745916319
v 0.06128812500000001 0.40467096016603055 -6.328124745916319
v 0.06128812500000001 0.4046710883873541 -6.515625083857637
v 0.0012118750000000011 0.40467096016603055 -6.328124745916319
v 0.0012118750000000011 0.4046710883873541 -6.515625083857637
v -0.061288125 0.40467096016603055 -6.328124745916319
v -0.061288125 0.4046710883873541 -6.515625083857637
v 0.0012118750000000011 0.8421710458695684 -6.328124894482904
v 0.0012118750000000011 0.8421711740908918 -6.515625232424222
v -0.061288125 0.8421710458695684 -6.328124894482904
v -0.061288125 0.8421711740908918 -6.515625232424222
v 0.6875 2.459487904153534 -6.093189544459624
v 0.52363875 2.3638924830526196 -6.71206914053401
v -0.6875 2.459487904153534 -6.093189544459624
v -0.5236387499999999 2.3638924830526196 -6.71206914053401
v 0.333938125 2.34094610410855 -6.790568816749976
v 0.11582812499999999 2.32648782387754 -6.826166525802566
v -0.115828125 2.32648782387754 -6.826166525802566
v -0.333938125 2.34094610410855 -6.790568816749976
v 0.6875 1.3437500216093805 -7.281249854157135
v 0.71455625 1.7449601064836844 -7.811632994456951
v -0.6875 1.3437500216093805 -7.281249854157135
v -0.71455625 1.7449601064836844 -7.811632994456951
v -0.550605 1.7047224756842128 -7.914968359905625
v 0.550605 1.7047224756842128 -7.914968359905625
v 0.29404125 1.6859843510607089 -7.991300634012713
v -0.29404125 1.6859843510607089 -7.991300634012713
v 0.446110625 1.3903693323788155 -7.7168707801295024
v -0.445201875 1.391015270327601 -7.718510514324066
v 0.37933125 1.6811536611178064 -7.834547239320393
v 0.52793 1.617024880297166 -7.92921501691652
v 0.5 1.3875004003895572 -7.687500048319528
v 0.5 1.3233709535330425 -7.8636925238506015
v -0.37933125 1.6811536611178064 -7.834547239320393
v -0.52793 1.617024880297166 -7.92921501691652
v -0.5 1.3875004003895572 -7.687500048319528
v -0.5 1.3233709535330425 -7.8636925238506015
v -0.37933125 1.6811541882374599 -7.834546903508139
v -0.52793 1.617024880297166 -7.92921501691652
v -0.289188125 1.3874999217600381 -7.777119918834817
v -0.4377875 1.323371140939398 -7.871787696430943
v -0.681561875 1.681153995615699 -7.3601394993415425
v -0.830160625 1.6170252147950588 -7.454807276937668
v -0.65391875 1.387499989642653 -7.240211714795757
v -0.740018125 1.3233714754372907 -7.397379956452092
v 0.681561875 1.681153995615699 -7.3601394993415425
v 0.830160625 1.6170252147950588 -7.454807276937668
v 0.65391875 1.387499989642653 -7.240211714795757
v 0.740018125 1.3233714754372907 -7.397379956452092
v 0.37933125 1.6811541882374599 -7.834546903508139
v 0.52793 1.617024880297166 -7.92921501691652
v 0.28918812499999996 1.3874999217600381 -7.777119918834817
v 0.4377875 1.323371140939398 -7.871787696430943
v 0.40625 1.4125000690666178 -7.375000065663244
v 0.40625 1.4124999998696408 -7.437500002603798
v 0.40625 1.350000132126063 -7.374999996466267
v 0.40625 1.3500000629290858 -7.437499933406821
v 0.34375 1.4125000690666178 -7.375000065663244
v 0.34375 1.4124999998696408 -7.437500002603798
v 0.34375 1.350000132126063 -7.374999996466267
v 0.34375 1.3500000629290858 -7.437499933406821
v 0.09375000000000001 1.4125000690666178 -7.375000065663244
v 0.09375000000000001 1.4124999998696408 -7.437500002603798
v 0.09375000000000001 1.350000132126063 -7.374999996466267
v 0.09375000000000001 1.3500000629290858 -7.437499933406821
v 0.031250000000000014 1.4125000690666178 -7.375000065663244
v 0.031250000000000014 1.4124999998696408 -7.437500002603798
v 0.031250000000000014 1.350000132126063 -7.374999996466267
v 0.031250000000000014 1.3500000629290858 -7.437499933406821
v -1.39018 2.1620947601624527 -5.706616196072955
v -1.125 2.5844883946965362 -5.405688986455912
v -1.281790625 1.950800194551669 -6.578301124819068
v -0.6875 2.459487904153534 -6.093189544459624
v -1.40625 1.5727697166941201 -3.3068427634591715
v -1.296875 2.0322576904968193 -3.3062822783290313
v -1.39018 2.1620947601624527 -5.706616196072955
v -1.296875 2.0322576904968193 -3.3062822783290313
v -1.39018 2.1620947601624527 -5.706616196072955
v -1.125 2.5844883946965362 -5.405688986455912
v -1.296875 2.0322576904968193 -3.3062822783290313
v -1.125 2.5844883946965362 -5.405688986455912
v -1.1875 2.6157377190036297 -3.280689369007905
v -1.324633125 1.7294380491759163 -6.463395606784805
v -0.6875 1.3437500216093805 -7.281249854157135
v -1.328125 0.5727694292364971 -5.994341580349664
v -0.6875 0.5937502512030683 -7.281249359605663
v -1.40625 1.5727697166941201 -3.3068427634591715
v -1.324633125 1.7294380491759163 -6.463395606784805
v -1.40625 0.5727696714059348 -3.306842327932046
v -1.328124375 0.5727694292364971 -5.994341580349664
v -1.32883125 2.059608748359713 -6.227422781417538
v -1.316058125 2.030219884524506 -6.318073896517153
v -1.34694125 1.703246239770143 -6.316383917633892
v -1.356859375 1.7147042775898553 -6.228407836537361
v -1.40583125 1.6299559284605643 -5.706616031095661
v -1.32883125 2.059608748359713 -6.227422781417538
v -1.356859375 1.7147042775898553 -6.228407836537361
v -1.316058125 2.030219884524506 -6.318073896517153
v -1.34694125 1.703246239770143 -6.316383917633892
v -1.40625 1.5727691895744667 -3.306843099271427
v -1.40583125 1.6299559284605643 -5.706616031095661
v -1.39018 2.1620947601624527 -5.706616196072955
v -0.6875 2.459487904153534 -6.093189544459624
v -0.5236387499999999 2.3638924830526196 -6.71206914053401
v -0.6875 1.3437500216093805 -7.281249854157135
v -0.71455625 1.7449601064836844 -7.811632994456951
v 1.39018 2.1620947601624527 -5.706616196072955
v 1.125 2.5844883946965362 -5.405688986455912
v 1.281790625 1.950800194551669 -6.578301124819068
v 0.6875 2.459487904153534 -6.093189544459624
v 1.40625 1.5727697166941201 -3.3068427634591715
v 1.296875 2.0322576904968193 -3.3062822783290313
v 1.39018 2.1620947601624527 -5.706616196072955
v 1.296875 2.0322576904968193 -3.3062822783290313
v 1.39018 2.1620947601624527 -5.706616196072955
v 1.125 2.5844883946965362 -5.405688986455912
v 1.40625 1.5727691895744667 -3.306843099271427
v 1.40583125 1.6299559284605643 -5.706616031095661
v 1.39018 2.1620947601624527 -5.706616196072955
v 1.296875 2.0322576904968193 -3.3062822783290313
v 1.125 2.5844883946965362 -5.405688986455912
v 1.1875 2.6157377190036297 -3.280689369007905
v 1.324633125 1.7294380491759163 -6.463395606784805
v 0.6875 1.3437500216093805 -7.281249854157135
v 1.328125 0.5727694292364971 -5.994341580349664
v 0.6875 0.5937502512030683 -7.281249359605663
v 1.40625 1.5727697166941201 -3.3068427634591715
v 1.324633125 1.7294380491759163 -6.463395606784805
v 1.40625 0.5727696714059348 -3.306842327932046
v 1.328124375 0.5727694292364971 -5.994341580349664
v 1.32883125 2.059608748359713 -6.227422781417538
v 1.316058125 2.030219884524506 -6.318073896517153
v 1.34694125 1.703246239770143 -6.316383917633892
v 1.356859375 1.7147042775898553 -6.228407836537361
v 1.40583125 1.6299559284605643 -5.706616031095661
v 1.32883125 2.059608748359713 -6.227422781417538
v 1.356859375 1.7147042775898553 -6.228407836537361
v 1.316058125 2.030219884524506 -6.318073896517153
v 1.34694125 1.703246239770143 -6.316383917633892
v 0.6875 2.459487904153534 -6.093189544459624
v 0.52363875 2.3638924830526196 -6.71206914053401
v 0.6875 1.3437500216093805 -7.281249854157135
v 0.71455625 1.7449601064836844 -7.811632994456951
v -1.281790625 1.9508001945516695 -6.578301124819068
v -0.6875 2.4594879041535345 -6.093189544459624
v -0.6875 1.3437500216093807 -7.281249854157136
v 1.281790625 1.9508001945516695 -6.578301124819068
v 0.6875 2.4594879041535345 -6.093189544459624
v 0.6875 1.3437500216093807 -7.281249854157136
v -1.3246331249999996 1.7294380491759163 -6.463395606784806
v -1.281790625 1.9508001945516693 -6.578301124819068
v -0.6874999999999999 1.3437500216093807 -7.281249854157136
v 1.3246331249999996 1.7294380491759163 -6.463395606784806
v 1.281790625 1.9508001945516693 -6.578301124819068
v 0.6874999999999999 1.3437500216093807 -7.281249854157136
vt 0.29545454545454547 0.8125
vt 0.42045454545454547 0.8125
vt 0.4602272727272727 0.875
vt 0.2556818181818182 0.875
vt 0.2556818181818182 0.5965909090909092
vt 0.4602272727272727 0.5965909090909092
vt 0.4659090909090909 0.7897727272727273
vt 0.25 0.7897727272727273
vt 0.6875 0.6931818181818181
vt 0.6875 0.7613636363636364
vt 0.5625 0.7613636363636364
vt 0.5625 0.6931818181818181
vt 0.26136363636363635 1
vt 0.3196022727272727 0.8806818181818181
vt 0.4446022727272727 0.8806818181818181
vt 0.5028409090909091 1
vt 0.000053977272727272727 1
vt 0.000053977272727272727 0.7555786363636363
vt 0.24142926136363635 0.748561875
vt 0.2556278409090909 0.9925705113636364
vt 0.2159090909090909 0.5909090909090908
vt 0.2159090909090909 0.5
vt 0.4715909090909091 0.5
vt 0.4715909090909091 0.5909090909090908
vt 0.5440340909090909 0.9261363636363636
vt 0.5340909090909091 0.8863636363636364
vt 0.7897727272727273 0.8863636363636364
vt 0.7798295454545454 0.9261363636363636
vt 0.5099431818181818 0.9829545454545454
vt 0.5 0.9318181818181819
vt 0.7357954545454546 0.9318181818181819
vt 0.7258522727272727 0.9829545454545454
vt 0.2897727272727273 0.8806818181818181
vt 0.29545454545454547 0.8806818181818181
vt 0.29545454545454547 0.9090909090909091
vt 0.2897727272727273 0.9090909090909091
vt 0.24431818181818182 0.5965909090909092
vt 0.24431818181818182 0.6022727272727273
vt 0.2159090909090909 0.6022727272727273
vt 0.2159090909090909 0.5965909090909092
vt 0.7613636363636364 0.18181818181818177
vt 0.7613636363636364 0.15340909090909094
vt 0.8181818181818182 0.15340909090909094
vt 0.8181818181818182 0.18181818181818177
vt 0.8806818181818182 0.5852272727272727
vt 0.8806818181818182 0.6136363636363636
vt 0.8238636363636364 0.6136363636363636
vt 0.8238636363636364 0.5852272727272727
vt 0.9772727272727273 0.5511363636363636
vt 0.9772727272727273 0.5568181818181819
vt 0.9204545454545454 0.5568181818181819
vt 0.9204545454545454 0.5511363636363636
vt 0.9772727272727273 0.6534090909090908
vt 0.9772727272727273 0.6590909090909092
vt 0.9204545454545454 0.6590909090909092
vt 0.9204545454545454 0.6534090909090908
vt 0.30113636363636365 0.8863636363636364
vt 0.30113636363636365 0.8806818181818181
vt 0.3068181818181818 0.8806818181818181
vt 0.3068181818181818 0.8863636363636364
vt 0.45454545454545453 0.8011363636363636
vt 0.44886363636363635 0.8011363636363636
vt 0.44886363636363635 0.7954545454545454
vt 0.45454545454545453 0.7954545454545454
vt 0.9204545454545454 0.7670454545454546
vt 0.9204545454545454 0.7613636363636364
vt 0.9772727272727273 0.7613636363636364
vt 0.9772727272727273 0.7670454545454546
vt 0.9772727272727273 0.7386363636363636
vt 0.9772727272727273 0.7443181818181819
vt 0.9204545454545454 0.7443181818181819
vt 0.9204545454545454 0.7386363636363636
vt 0.9204545454545454 0.7556818181818181
vt 0.9204545454545454 0.75
vt 0.9772727272727273 0.75
vt 0.9772727272727273 0.7556818181818181
vt 0.9204545454545454 0.9147727272727273
vt 0.9204545454545454 0.9090909090909091
vt 0.9772727272727273 0.9090909090909091
vt 0.9772727272727273 0.9147727272727273
vt 0.2840909090909091 0.4772727272727273
vt 0.2840909090909091 0.47159090909090906
vt 0.2897727272727273 0.47159090909090906
vt 0.2897727272727273 0.4772727272727273
vt 0.5284090909090909 0.5568181818181819
vt 0.5227272727272727 0.5568181818181819
vt 0.5227272727272727 0.5511363636363636
vt 0.5284090909090909 0.5511363636363636
vt 0.6988636363636364 0.6306818181818181
vt 0.6988636363636364 0.625
vt 0.7556818181818182 0.625
vt 0.7556818181818182 0.6306818181818181
vt 0.6875 0.7670454545454546
vt 0.6875 0.7727272727272727
vt 0.6306818181818182 0.7727272727272727
vt 0.6306818181818182 0.7670454545454546
vt 0.5681818181818182 0.7727272727272727
vt 0.5681818181818182 0.7670454545454546
vt 0.625 0.7670454545454546
vt 0.625 0.7727272727272727
vt 0.7897727272727273 0.36363636363636365
vt 0.7897727272727273 0.3579545454545454
vt 0.8465909090909091 0.3579545454545454
vt 0.8465909090909091 0.36363636363636365
vt 0.48863636363636365 0.9318181818181819
vt 0.4943181818181818 0.9318181818181819
vt 0.4943181818181818 0.9488636363636364
vt 0.48863636363636365 0.9488636363636364
vt 0.21022727272727273 0.5
vt 0.21022727272727273 0.5056818181818181
vt 0.19318181818181818 0.5056818181818181
vt 0.19318181818181818 0.5
vt 0.8636363636363636 0.3352272727272727
vt 0.8636363636363636 0.31818181818181823
vt 0.9204545454545454 0.31818181818181823
vt 0.9204545454545454 0.3352272727272727
vt 0.9204545454545454 0.34090909090909094
vt 0.9204545454545454 0.3579545454545454
vt 0.8636363636363636 0.3579545454545454
vt 0.8636363636363636 0.34090909090909094
vt 0.9772727272727273 0.6420454545454546
vt 0.9772727272727273 0.6477272727272727
vt 0.9204545454545454 0.6477272727272727
vt 0.9204545454545454 0.6420454545454546
vt 0.9772727272727273 0.4829545454545454
vt 0.9772727272727273 0.48863636363636365
vt 0.9204545454545454 0.48863636363636365
vt 0.9204545454545454 0.4829545454545454
vt 0.3352272727272727 0.25568181818181823
vt 0.3409090909090909 0.25568181818181823
vt 0.3409090909090909 0.30113636363636365
vt 0.3352272727272727 0.30113636363636365
vt 0.9659090909090909 0.2954545454545454
vt 0.9659090909090909 0.30113636363636365
vt 0.9204545454545454 0.30113636363636365
vt 0.9204545454545454 0.2954545454545454
vt 0.75 0.26136363636363635
vt 0.75 0.21590909090909094
vt 0.8068181818181818 0.21590909090909094
vt 0.8068181818181818 0.26136363636363635
vt 0.8125 0.6761363636363636
vt 0.8125 0.7215909090909092
vt 0.7556818181818182 0.7215909090909092
vt 0.7556818181818182 0.6761363636363636
vt 0.9772727272727273 0.5965909090909092
vt 0.9772727272727273 0.6022727272727273
vt 0.9204545454545454 0.6022727272727273
vt 0.9204545454545454 0.5965909090909092
vt 0.9772727272727273 0.5852272727272727
vt 0.9772727272727273 0.5909090909090908
vt 0.9204545454545454 0.5909090909090908
vt 0.9204545454545454 0.5852272727272727
vt 0.7840909090909091 0.47159090909090906
vt 0.7840909090909091 0.46590909090909094
vt 0.8181818181818182 0.46590909090909094
vt 0.8181818181818182 0.47159090909090906
vt 0.4715909090909091 0.9034090909090909
vt 0.4659090909090909 0.9034090909090909
vt 0.4659090909090909 0.8693181818181819
vt 0.4715909090909091 0.8693181818181819
vt 0.7954545454545454 0.9261363636363636
vt 0.7954545454545454 0.8920454545454546
vt 0.8522727272727273 0.8920454545454546
vt 0.8522727272727273 0.9261363636363636
vt 0.32954545454545453 0.17045454545454541
vt 0.32954545454545453 0.20454545454545459
vt 0.2727272727272727 0.20454545454545459
vt 0.2727272727272727 0.17045454545454541
vt 0.9147727272727273 0.6136363636363636
vt 0.9147727272727273 0.6079545454545454
vt 0.9715909090909091 0.6079545454545454
vt 0.9715909090909091 0.6136363636363636
vt 0.9147727272727273 0.5795454545454546
vt 0.9147727272727273 0.5738636363636364
vt 0.9715909090909091 0.5738636363636364
vt 0.9715909090909091 0.5795454545454546
vt 0.6193181818181818 0.8352272727272727
vt 0.6193181818181818 0.8295454545454546
vt 0.6363636363636364 0.8295454545454546
vt 0.6363636363636364 0.8352272727272727
vt 0.5965909090909091 0.5284090909090908
vt 0.5909090909090909 0.5284090909090908
vt 0.5909090909090909 0.5113636363636364
vt 0.5965909090909091 0.5113636363636364
vt 0.6022727272727273 0.11363636363636365
vt 0.6022727272727273 0.09659090909090906
vt 0.6363636363636364 0.09659090909090906
vt 0.6363636363636364 0.11363636363636365
vt 0.7102272727272727 0.09659090909090906
vt 0.7102272727272727 0.11363636363636365
vt 0.6761363636363636 0.11363636363636365
vt 0.6761363636363636 0.09659090909090906
vt 0.9261363636363636 0.3352272727272727
vt 0.9261363636363636 0.3295454545454546
vt 0.9602272727272727 0.3295454545454546
vt 0.9602272727272727 0.3352272727272727
vt 0.9261363636363636 0.34659090909090906
vt 0.9261363636363636 0.34090909090909094
vt 0.9602272727272727 0.34090909090909094
vt 0.9602272727272727 0.34659090909090906
vt 0.4715909090909091 0.07386363636363635
vt 0.4715909090909091 0.06818181818181823
vt 0.5113636363636364 0.06818181818181823
vt 0.5113636363636364 0.07386363636363635
vt 0.5397727272727273 0.5909090909090908
vt 0.5340909090909091 0.5909090909090908
vt 0.5340909090909091 0.5511363636363636
vt 0.5397727272727273 0.5511363636363636
vt 0.4375 0.21590909090909094
vt 0.4375 0.17613636363636365
vt 0.4943181818181818 0.17613636363636365
vt 0.4943181818181818 0.21590909090909094
vt 0.8409090909090909 0.5397727272727273
vt 0.8409090909090909 0.5795454545454546
vt 0.7840909090909091 0.5795454545454546
vt 0.7840909090909091 0.5397727272727273
vt 0.8806818181818182 0.15909090909090906
vt 0.8806818181818182 0.15340909090909094
vt 0.9375 0.15340909090909094
vt 0.9375 0.15909090909090906
vt 0.8920454545454546 0.8863636363636364
vt 0.8920454545454546 0.8806818181818181
vt 0.9488636363636364 0.8806818181818181
vt 0.9488636363636364 0.8863636363636364
vt 0.6022727272727273 0.31818181818181823
vt 0.6079545454545454 0.31818181818181823
vt 0.6079545454545454 0.3352272727272727
vt 0.6022727272727273 0.3352272727272727
vt 0.32954545454545453 0.2897727272727273
vt 0.32386363636363635 0.2897727272727273
vt 0.32386363636363635 0.2727272727272727
vt 0.32954545454545453 0.2727272727272727
vt 0.6704545454545454 0.13068181818181823
vt 0.6534090909090909 0.13068181818181823
vt 0.6534090909090909 0.09090909090909094
vt 0.6704545454545454 0.09090909090909094
vt 0.9204545454545454 0.36363636363636365
vt 0.9204545454545454 0.38068181818181823
vt 0.8806818181818182 0.38068181818181823
vt 0.8806818181818182 0.36363636363636365
vt 0.14772727272727273 0.13068181818181823
vt 0.14204545454545456 0.13068181818181823
vt 0.14204545454545456 0.09090909090909094
vt 0.14772727272727273 0.09090909090909094
vt 0.14204545454545456 0.045454545454545414
vt 0.14772727272727273 0.045454545454545414
vt 0.14772727272727273 0.08522727272727271
vt 0.14204545454545456 0.08522727272727271
vt 0.7215909090909091 0.31818181818181823
vt 0.7272727272727273 0.31818181818181823
vt 0.7272727272727273 0.3352272727272727
vt 0.7215909090909091 0.3352272727272727
vt 0.35795454545454547 0.36363636363636365
vt 0.3522727272727273 0.36363636363636365
vt 0.3522727272727273 0.34659090909090906
vt 0.35795454545454547 0.34659090909090906
vt 0.8806818181818182 0.18181818181818177
vt 0.8806818181818182 0.1647727272727273
vt 0.9204545454545454 0.1647727272727273
vt 0.9204545454545454 0.18181818181818177
vt 0.8352272727272727 0.07954545454545459
vt 0.8522727272727273 0.07954545454545459
vt 0.8522727272727273 0.11931818181818177
vt 0.8352272727272727 0.11931818181818177
vt 0.6647727272727273 0.045454545454545414
vt 0.6704545454545454 0.045454545454545414
vt 0.6704545454545454 0.08522727272727271
vt 0.6647727272727273 0.08522727272727271
vt 0.19886363636363635 0.08522727272727271
vt 0.19318181818181818 0.08522727272727271
vt 0.19318181818181818 0.045454545454545414
vt 0.19886363636363635 0.045454545454545414
vt 0.8639115909090909 0.3118707386363636
vt 0.8782276704545455 0.29971590909090906
vt 0.9358043181818182 0.3118707386363636
vt 0.841550340909091 0.8119630113636364
vt 0.8563336363636364 0.7982954545454546
vt 0.9269155681818181 0.8119630113636364
vt 0.5625 0.4375
vt 0.6144704545454546 0.36931818181818177
vt 0.6355301136363637 0.36931818181818177
vt 0.6875 0.4375
vt 0.13178738636363635 0.13013130681818186
vt 0.1196330681818182 0.0725544886363636
vt 0.13178738636363635 0.058238636363636354
vt 0.36390482954545456 0.35995460227272735
vt 0.37757244318181815 0.3451704545454546
vt 0.37757244318181815 0.43053596590909093
vt 0.17615602272727274 0.10867744318181816
vt 0.19174170454545456 0.11767028409090907
vt 0.17615602272727274 0.17613636363636365
vt 0.817820625 0.13214153409090912
vt 0.7593539772727272 0.1477272727272727
vt 0.7503611931818182 0.13214153409090912
vt 0.891322784090909 0.5340909090909092
vt 0.8238636363636364 0.5340909090909092
vt 0.8513921022727273 0.5123335227272727
vt 0.43061602272727273 0.4828413068181818
vt 0.4090909090909091 0.49431818181818177
vt 0.4090909090909091 0.4551299431818182
vt 0.5936064204545454 0.18854301136363638
vt 0.5935111931818182 0.2420053977272727
vt 0.5569617613636364 0.25568181818181823
vt 0.5569617613636364 0.17465329545454544
vt 0.6249276704545454 0.3238085795454545
vt 0.7059559659090909 0.323653409090909
vt 0.7279830113636364 0.36363636363636365
vt 0.6029828977272728 0.36363636363636365
vt 0.6136363636363636 0.8136888068181818
vt 0.6021840340909091 0.8352272727272727
vt 0.5746121022727273 0.8136888068181818
vt 0.4715909090909091 0.7961769318181818
vt 0.4715909090909091 0.8636363636363636
vt 0.4497811931818182 0.823535
vt 0.061490170454545454 0.07954545454545459
vt 0.06818181818181818 0.10618784090909095
vt 0.052457386363636366 0.11276778409090904
vt 0.052457386363636366 0.08407494318181818
vt 0.39204545454545453 0.08522727272727271
vt 0.4238528409090909 0.08522727272727271
vt 0.4179173295454545 0.10227272727272729
vt 0.3938840909090909 0.09773130681818176
vt 0.5251744318181818 1
vt 0.5116653409090909 0.9886363636363636
vt 0.6076528409090909 0.9886363636363636
vt 0.59414375 1
vt 0.9034090909090909 0.22159090909090906
vt 0.9034090909090909 0.23863636363636365
vt 0.8125 0.23863636363636365
vt 0.8125 0.22159090909090906
vt 0.8409090909090909 0.7840909090909091
vt 0.8299392045454546 0.8125
vt 0.7609698863636364 0.8125
vt 0.75 0.7840909090909091
vt 0.45454545454545453 0.32386363636363635
vt 0.45454545454545453 0.3522727272727273
vt 0.4375 0.3522727272727273
vt 0.4375 0.32386363636363635
vt 0.5722295454545455 0.07905511363636364
vt 0.5738636363636364 0.10795454545454541
vt 0.5568181818181818 0.10795454545454541
vt 0.5568181818181818 0.08061250000000009
vt 0.9261363636363636 0.9829545454545454
vt 0.9261363636363636 1
vt 0.875 1
vt 0.875 0.9829545454545454
vt 0.07954545454545454 0.09659090909090906
vt 0.09659090909090909 0.09659090909090906
vt 0.09495681818181817 0.15340909090909094
vt 0.07954545454545454 0.14555909090909092
vt 0.8806818181818182 0.44318181818181823
vt 0.8806818181818182 0.47159090909090906
vt 0.8317085227272727 0.47159090909090906
vt 0.8238636363636364 0.4437767045454545
vt 0.1875 0.07386363636363635
vt 0.1875 0.10227272727272729
vt 0.17045454545454544 0.10227272727272729
vt 0.17208863636363636 0.07445852272727282
vt 0.44886363636363635 0.07386363636363635
vt 0.44886363636363635 0.10227272727272729
vt 0.4318181818181818 0.10227272727272729
vt 0.4318181818181818 0.07386363636363635
vt 0.9261363636363636 0.9318181818181819
vt 0.9261363636363636 0.9488636363636364
vt 0.875 0.9488636363636364
vt 0.875 0.9318181818181819
vt 0.9098668750000001 0.9104892613636364
vt 0.9172873863636363 0.9261203977272727
vt 0.8582807954545455 0.9261203977272727
vt 0.8587530113636365 0.9090909090909091
vt 0.8718201704545454 0.2448159090909091
vt 0.8639752840909091 0.2726784090909091
vt 0.8128389204545455 0.2726784090909091
vt 0.8128389204545455 0.24431818181818177
vt 0.5568181818181818 0.6931818181818181
vt 0.5568181818181818 0.6988636363636364
vt 0.5511363636363636 0.6988636363636364
vt 0.5511363636363636 0.6931818181818181
vt 0.4147727272727273 0.44318181818181823
vt 0.4147727272727273 0.44886363636363635
vt 0.4090909090909091 0.44886363636363635
vt 0.4090909090909091 0.44318181818181823
vt 0.3806818181818182 0.4375
vt 0.3806818181818182 0.44318181818181823
vt 0.375 0.44318181818181823
vt 0.375 0.4375
vt 0.5681818181818182 0.5397727272727273
vt 0.5681818181818182 0.5454545454545454
vt 0.5625 0.5454545454545454
vt 0.5625 0.5397727272727273
vt 0.13636363636363635 0.3977272727272727
vt 0.13636363636363635 0.40340909090909094
vt 0.13068181818181818 0.40340909090909094
vt 0.13068181818181818 0.3977272727272727
vt 0.625 0.6136363636363636
vt 0.625 0.6193181818181819
vt 0.6193181818181818 0.6193181818181819
vt 0.6193181818181818 0.6136363636363636
vt 0.4318181818181818 0.375
vt 0.4318181818181818 0.38068181818181823
vt 0.42613636363636365 0.38068181818181823
vt 0.42613636363636365 0.375
vt 0.0625 0.36931818181818177
vt 0.0625 0.375
vt 0.056818181818181816 0.375
vt 0.056818181818181816 0.36931818181818177
vt 0.6818181818181818 0.8409090909090909
vt 0.6818181818181818 0.8465909090909091
vt 0.6761363636363636 0.8465909090909091
vt 0.6761363636363636 0.8409090909090909
vt 0.6818181818181818 0.3977272727272727
vt 0.6818181818181818 0.40340909090909094
vt 0.6761363636363636 0.40340909090909094
vt 0.6761363636363636 0.3977272727272727
vt 0.5767045454545454 0.8695002840909091
vt 0.5349410227272727 0.8794772727272727
vt 0.5349410227272727 0.6548295454545454
vt 0.43323863636363635 0.30172704545454543
vt 0.38719767045454545 0.4942636931818182
vt 0.38719767045454545 0.27556818181818177
vt 0.3778409090909091 0.4814261931818181
vt 0.3251715340909091 0.49341948863636365
vt 0.3251715340909091 0.2954545454545454
vt 0.4805632954545454 0.42613636363636365
vt 0.5487447159090909 0.42613636363636365
vt 0.5838068181818182 0.5229849431818181
vt 0.478655 0.5568181818181819
vt 0.6931818181818182 0.6122159090909092
vt 0.6931818181818182 0.687164375
vt 0.6413036931818182 0.6713221590909091
vt 0.625 0.6274673295454546
vt 0.8895144886363636 0.7099635227272727
vt 0.886654034090909 0.7017045454545454
vt 0.9588068181818182 0.7017045454545454
vt 0.5853539772727273 0.8423295454545454
vt 0.6690340909090909 0.8423295454545454
vt 0.5998007954545455 0.8626471022727273
vt 0.8240307954545454 0.9599264204545455
vt 0.9375 0.9599264204545455
vt 0.9302654545454545 0.9715909090909091
vt 0.8476723295454545 0.281743125
vt 0.9545454545454546 0.281743125
vt 0.9533705113636363 0.2897727272727273
vt 0.6539404545454546 0.5741324431818182
vt 0.7599431818181818 0.5741324431818182
vt 0.7429855113636363 0.6193181818181819
vt 0.21022727272727273 0.5182475
vt 0.21022727272727273 0.7364707386363636
vt 0.11945670454545455 0.7386363636363636
vt 0.11363636363636363 0.4943863636363637
vt 0.9505328409090908 0.39506176136363635
vt 0.953125 0.40340909090909094
vt 0.9216665340909092 0.40340909090909094
vt 0.9206781818181817 0.3953614772727273
vt 0.31609517045454544 0.2741477272727273
vt 0.26771164772727274 0.4935234659090909
vt 0.26771164772727274 0.2753004545454545
vt 0.5965909090909091 0.25568181818181823
vt 0.5906591477272728 0.37154420454545456
vt 0.5578477272727272 0.4203934659090909
vt 0.5578477272727272 0.2779528977272727
vt 0.5349410227272727 0.8794772727272727
vt 0.5767045454545454 0.8695002840909091
vt 0.5349410227272727 0.6548295454545454
vt 0.38719767045454545 0.4942636931818182
vt 0.43323863636363635 0.30172704545454543
vt 0.38719767045454545 0.27556818181818177
vt 0.26771164772727274 0.4935234659090909
vt 0.31609517045454544 0.2741477272727273
vt 0.26771164772727274 0.2753004545454545
vt 0.3251715340909091 0.49341948863636365
vt 0.3778409090909091 0.4814261931818181
vt 0.3251715340909091 0.2954545454545454
vt 0.5838068181818182 0.5229849431818181
vt 0.5487447159090909 0.42613636363636365
vt 0.4805632954545454 0.42613636363636365
vt 0.478655 0.5568181818181819
vt 0.6413036931818182 0.6713221590909091
vt 0.6931818181818182 0.687164375
vt 0.6931818181818182 0.6122159090909092
vt 0.625 0.6274673295454546
vt 0.886654034090909 0.7017045454545454
vt 0.8895144886363636 0.7099635227272727
vt 0.9588068181818182 0.7017045454545454
vt 0.6690340909090909 0.8423295454545454
vt 0.5853539772727273 0.8423295454545454
vt 0.5998007954545455 0.8626471022727273
vt 0.9375 0.9599264204545455
vt 0.8240307954545454 0.9599264204545455
vt 0.9302654545454545 0.9715909090909091
vt 0.9545454545454546 0.281743125
vt 0.8476723295454545 0.281743125
vt 0.9533705113636363 0.2897727272727273
vt 0.7599431818181818 0.5741324431818182
vt 0.6539404545454546 0.5741324431818182
vt 0.7429855113636363 0.6193181818181819
vt 0.11945670454545455 0.7386363636363636
vt 0.21022727272727273 0.7364707386363636
vt 0.21022727272727273 0.5182475
vt 0.11363636363636363 0.4943863636363637
vt 0.9216665340909092 0.40340909090909094
vt 0.953125 0.40340909090909094
vt 0.9505328409090908 0.39506176136363635
vt 0.9206781818181817 0.3953614772727273
vt 0.5578477272727272 0.4203934659090909
vt 0.5906591477272728 0.37154420454545456
vt 0.5965909090909091 0.25568181818181823
vt 0.5578477272727272 0.2779528977272727
vt 0.4695421590909091 0.3451704545454546
vt 0.4695421590909091 0.49333738636363644
vt 0.4154010227272727 0.42953289772727277
vt 0.4695421590909091 0.49333738636363644
vt 0.4695421590909091 0.3451704545454546
vt 0.4154010227272727 0.42953289772727277
vt 0.4695421590909091 0.3451704545454546
vt 0.4695421590909091 0.49333738636363644
vt 0.4154010227272727 0.42953289772727277
vt 0.4695421590909091 0.49333738636363644
vt 0.4695421590909091 0.3451704545454546
vt 0.4154010227272727 0.42953289772727277
vn 0 -0.9838699294876674 0.17888533156727116
vn -2.3205550621017903e-7 -0.9998918905827957 0.014703984042052698
vn 0 -4.911739414636963e-7 0.9999999999998795
vn 0 0.9998671212211379 0.016301530632258088
vn -2.7046673782551654e-7 0.9999999999999627 4.270631054348329e-8
vn 0 -9.626464118617228e-7 -0.9999999999995368
vn 0 0.0012205322299521093 -0.9999992551502606
vn 0 0.043819860792057574 -0.9990394485705582
vn 1 0 0
vn -1 0 0
vn 0 0.9999999999999994 -3.255239700017398e-8
vn 0 -0.9999999999986319 -0.0000016542311291334322
vn 0 -0.000004265812774573164 0.9999999999909016
vn 0 -0.0000011071527530881475 -0.9999999999993872
vn 1 0 0
vn -1 0 0
vn 0 -0.500002600382225 -0.8660239024478557
vn 0 0.4999986015462059 0.8660262111806076
vn 0 0.8660262111806073 -0.49999860154620673
vn 0 -0.8660217760875885 0.5000062833026191
vn 1 0 0
vn -1 0 0
vn 0 0.4999995371291837 -0.8660256710228643
vn 0 -0.4999995371291844 0.8660256710228639
vn 0 0.8660256710228633 0.4999995371291852
vn 0 -0.8660256710228643 -0.4999995371291837
vn 1 0 0
vn -1 0 0
vn 0 0.999999999998548 0.0000017041579555288067
vn 0 -0.9999999999993872 0.0000011071527528105918
vn 0 0.0000011071527530881475 0.9999999999993872
vn 0 0.000004265812774573164 -0.9999999999909016
vn 1 0 0
vn -1 0 0
vn 0 0.9999999999999052 -4.3552710554672913e-7
vn 0 -0.9999999999999052 4.3552710554672913e-7
vn 0 0.0000011071527528105918 0.9999999999993872
vn 0 -0.0000011071527528105918 -0.9999999999993872
vn 1 0 0
vn -1 0 0
vn 0 0.17364844395253107 -0.9848077060588352
vn 0 -0.17364844395253107 0.9848077060588352
vn 0 0.9848071712861564 0.17365147676699827
vn 0 -0.9848071712861564 -0.17365147676699777
vn 1 0 0
vn -1 0 0
vn 0 0.043620018204759414 -0.9990481940386142
vn 0 -0.04362001820475936 0.9990481940386142
vn 0 0.999048339433646 0.0436166880319277
vn 0 -0.9990483394336461 -0.04361668803192792
vn 1 0 0
vn -1 0 0
vn 0 0.3007048921868459 -0.9537172368238385
vn 0 -0.3007062082152564 0.9537168218820526
vn 0 0.9537169032742673 0.30070595007239576
vn 0 -0.9537176815590706 -0.3007034816585793
vn 0 0.9999999999997662 6.838458260771674e-7
vn 0 -0.9999999999997662 -6.8384582668779e-7
vn -1 0 0
vn 1 0 0
vn 0 3.3958070005946084e-7 0.9999999999999425
vn 0 -3.3958070017048314e-7 -0.9999999999999425
vn 0 -0.9999999999997662 -6.838458267433012e-7
vn 0 0.9999999999997662 6.838458261881897e-7
vn 1 0 0
vn -1 0 0
vn 0 3.395807000039497e-7 0.9999999999999424
vn 0 -3.3958070017048314e-7 -0.9999999999999425
vn 0.06333620324938845 -0.988689284647428 0.13594860713265655
vn 0.041530703963912056 -0.9882741789958274 0.1469331404359999
vn 0 -0.9839332747131639 0.17853658143985413
vn -0.06333620324938831 -0.988689284647428 0.13594860713265655
vn -0.041530703963912056 -0.9882741789958274 0.14693314043599978
vn 0.49364689442261045 0.7055067611921162 0.5085006917784108
vn -0.49364689442261045 0.7055067611921163 0.508500691778411
vn -0.7190566537091483 0.525558512362341 0.45469306003070376
vn -0.27145826022338304 0.5760944831478805 0.7709899866036334
vn 0 0.6789664890578131 0.7341692630017322
vn 0.0005222512031136995 0.9941774503824994 0.10775399948324008
vn 0.2716452494400306 0.5747068619519725 0.7719591189188584
vn 0.7183654820694938 0.5262778342085512 0.4549534870641399
vn 0.571265475067081 0.12660974392569743 0.8109412615840015
vn -0.6053849452325517 0.5410732421947613 0.5837369396111827
vn 0 0.8279227676046409 -0.5608421265221364
vn 0 -0.9396915404516628 0.3420231115050283
vn 0 0.4477507910402939 0.8941583915184104
vn 0.5373007342514862 -1.301692096888907e-7 -0.8433907285314425
vn -0.5954274794461013 0.2550831548276757 0.7618390255451757
vn -0.28845924323632166 0.9396915161199932 -0.18376920178211892
vn 0.28302389508037923 -0.9396448475367811 0.19226293275384704
vn 0.79252880302799 0.34202021321683945 0.5048962964036566
vn 0.5372995371245552 6.467954750122296e-7 0.8433914911862227
vn -0.5373001628399093 0.0000017312717996986748 -0.8433910925597979
vn 0.28845741040737255 0.9396923070921075 -0.1837680341435507
vn -0.3085109332183589 -0.9278462220556981 0.20957669789770428
vn -0.8080835145334418 0.2863147113007084 0.5148057105666882
vn 1 0 0
vn -1 0 0
vn 0 0.9999999999993872 -0.0000011071527512007684
vn 0 0.0000011071527506456569 0.9999999999993872
vn 0 -0.0000011071527536987702 -0.9999999999993872
vn 1 0 0
vn -1 0 0
vn 0 0.9999999999993872 -0.0000011071527512007684
vn 0 0.0000011071527506456569 0.9999999999993872
vn 0 -0.0000011071527536987702 -0.9999999999993872
vn 0.9716026643562907 -0.2312157647649806 -0.05027457349299576
vn 0.8642494078576048 -0.4993992759637321 -0.0606079547970393
vn 0.9821372573638932 -0.18549111406949878 0.03161414713361886
vn 0.788873284249706 4.052394834697104e-7 0.6145558895632831
vn 0.5516463677035366 -0.6851764920963339 0.47562533540388385
vn 0.44799541749679217 -0.8300201075522698 0.3322148807034289
vn 0.4561965998183645 -0.8325754298574772 0.3141700429891432
vn 0.9850705061949898 0.06213237351844919 0.1605480176947407
vn 0.993279899627044 0.046700344321153116 0.10589673666915071
vn 0.9938698776936308 0.04564837145298935 0.10069206719964416
vn 0.999999984775634 7.599758569307691e-11 0.000174495650742516
vn 0.9830860147206938 -0.08035897960249577 0.16457315108434148
vn 0.9995676101386651 -0.029399250182427117 -0.0005261657426580708
vn 0.6540593058632632 -0.7020657109490304 0.2816205992524324
vn -0.9716026643562907 -0.2312157647649806 -0.05027457349299576
vn -0.8642494078576046 -0.4993992759637322 -0.06060795479703937
vn -0.9995676101386651 -0.029399250182427117 -0.0005261657426580708
vn -0.9821372573638932 -0.1854911140694988 0.03161414713361889
vn -0.7888732842497062 4.0523948341419924e-7 0.6145558895632831
vn -0.5516463677035366 -0.685176492096334 0.47562533540388396
vn -0.44799541749679217 -0.83002010755227 0.33221488070342886
vn -0.4561965998183645 -0.8325754298574772 0.3141700429891433
vn -0.9850705061949898 0.06213237351844919 0.1605480176947407
vn -0.993279899627044 0.04670034432115311 0.10589673666915067
vn -0.9938698776936308 0.04564837145298935 0.10069206719964416
vn -0.999999984775634 7.599758572018196e-11 0.000174495650742516
vn -0.9830860147206938 -0.08035897960249576 0.16457315108434145
vn -0.6540593058632628 -0.7020657109490305 0.2816205992524326
vn 0.06500227167579428 -0.7274040311225907 0.6831237663729696
vn -0.06500227167579428 -0.7274040311225907 0.6831237663729696
vn 0.811773651422382 0.13749740374585318 0.5675544051626443
vn -0.8117736514223821 0.13749740374585334 0.5675544051626443
usemtl m_3763b251-fe16-00a5-ba92-24a9d1cbea6c
f 70/144/40 68/145/40 67/146/40 69/147/40
f 74/148/41 72/149/41 71/150/41 73/151/41
f 75/152/42 76/153/42 78/154/42 77/155/42
f 79/156/43 80/157/43 82/158/43 81/159/43
f 83/160/44 84/161/44 86/162/44 85/163/44
f 87/164/45 88/165/45 90/166/45 89/167/45
f 91/168/46 92/169/46 94/170/46 93/171/46
f 95/172/47 96/173/47 98/174/47 97/175/47
f 102/176/48 100/177/48 99/178/48 101/179/48
f 105/180/49 103/181/49 104/182/49 106/183/49
f 99/184/50 100/185/50 104/186/50 103/187/50
f 102/188/51 101/189/51 105/190/51 106/191/51
f 101/192/52 99/193/52 103/194/52 105/195/52
f 106/196/53 104/197/53 100/198/53 102/199/53
f 110/200/54 108/201/54 107/202/54 109/203/54
f 113/204/55 111/205/55 112/206/55 114/207/55
f 107/208/56 108/209/56 112/210/56 111/211/56
f 110/212/57 109/213/57 113/214/57 114/215/57
f 109/216/58 107/217/58 111/218/58 113/219/58
f 114/220/59 112/221/59 108/222/59 110/223/59
f 118/224/60 116/225/60 115/226/60 117/227/60
f 121/228/61 119/229/61 120/230/61 122/231/61
f 115/232/62 116/233/62 120/234/62 119/235/62
f 118/236/63 117/237/63 121/238/63 122/239/63
f 117/240/64 115/241/64 119/242/64 121/243/64
f 122/244/65 120/245/65 116/246/65 118/247/65
f 126/248/66 124/249/66 123/250/66 125/251/66
f 129/252/67 127/253/67 128/254/67 130/255/67
f 123/256/68 124/257/68 128/258/68 127/259/68
f 126/260/69 125/261/69 129/262/69 130/263/69
f 125/264/70 123/265/70 127/266/70 129/267/70
f 130/268/71 128/269/71 124/270/71 126/271/71
f 134/272/72 132/273/72 131/274/72 133/275/72
f 137/276/73 135/277/73 136/278/73 138/279/73
f 131/280/74 132/281/74 136/282/74 135/283/74
f 134/284/75 133/285/75 137/286/75 138/287/75
f 133/288/76 131/289/76 135/290/76 137/291/76
f 138/292/77 136/293/77 132/294/77 134/295/77
f 142/296/78 140/297/78 139/298/78 141/299/78
f 145/300/79 143/301/79 144/302/79 146/303/79
f 139/304/80 140/305/80 144/306/80 143/307/80
f 142/308/81 141/309/81 145/310/81 146/311/81
f 141/312/82 139/313/82 143/314/82 145/315/82
f 146/316/83 144/317/83 140/318/83 142/319/83
f 150/320/84 149/321/84 148/322/84 147/323/84
f 153/324/85 151/325/85 152/326/85 154/327/85
f 148/328/86 149/329/86 152/330/86 151/331/86
f 150/332/87 147/333/87 153/334/87 154/335/87
f 147/336/88 148/337/88 151/338/88 153/339/88
f 154/340/89 152/341/89 149/342/89 150/343/89
f 158/344/90 156/345/90 155/346/90 157/347/90
f 161/348/91 159/349/91 160/350/91 162/351/91
f 155/352/92 156/353/92 160/354/92 159/355/92
f 158/356/93 157/357/93 161/358/93 162/359/93
f 157/360/94 155/361/94 159/362/94 161/363/94
f 162/364/95 160/365/95 156/366/95 158/367/95
f 167/368/96 165/369/96 164/370/96 166/371/96
f 169/372/97 168/373/97 163/374/97 170/375/97
f 164/376/98 165/377/98 163/378/98 168/379/98
f 167/380/99 166/381/99 169/382/99 170/383/99
f 166/384/100 164/385/100 168/386/100 169/387/100
f 170/388/101 163/389/101 165/390/101 167/391/101
f 174/392/102 172/393/102 171/394/102 173/395/102
f 177/396/103 175/397/103 176/398/103 178/399/103
f 171/400/104 172/401/104 176/402/104 175/403/104
f 174/404/105 173/405/105 177/406/105 178/407/105
f 173/408/106 171/409/106 175/410/106 177/411/106
f 178/412/107 176/413/107 172/414/107 174/415/107
f 183/416/108 180/417/108 179/418/108
f 184/419/109 183/420/109 179/421/109
f 181/422/110 185/423/110 184/424/110 179/425/110
f 181/426/111 182/427/111 186/428/111
f 186/429/112 185/430/112 181/431/112
f 191/432/113 190/433/113 189/434/113
f 187/435/114 188/436/114 192/437/114
f 187/438/115 192/439/115 195/440/115
f 192/441/116 193/442/116 195/443/116
f 193/444/117 194/445/117 196/446/117 195/447/117
f 195/448/118 196/449/118 189/450/118 187/451/118
f 194/452/119 191/453/119 196/454/119
f 191/455/120 189/456/120 196/457/120
f 200/458/121 198/459/121 197/460/121 199/461/121
f 203/462/122 201/463/122 202/464/122 204/465/122
f 197/466/123 198/467/123 202/468/123 201/469/123
f 200/470/124 199/471/124 203/472/124 204/473/124
f 199/474/125 197/475/125 201/476/125 203/477/125
f 208/478/126 206/479/126 205/480/126 207/481/126
f 211/482/127 209/483/127 210/484/127 212/485/127
f 205/486/128 206/487/128 210/488/128 209/489/128
f 208/490/129 207/491/129 211/492/129 212/493/129
f 207/494/130 205/495/130 209/496/130 211/497/130
f 216/498/131 214/499/131 213/500/131 215/501/131
f 219/502/132 217/503/132 218/504/132 220/505/132
f 213/506/133 214/507/133 218/508/133 217/509/133
f 216/510/134 215/511/134 219/512/134 220/513/134
f 215/514/135 213/515/135 217/516/135 219/517/135
f 224/518/136 222/519/136 221/520/136 223/521/136
f 227/522/137 225/523/137 226/524/137 228/525/137
f 221/526/138 222/527/138 226/528/138 225/529/138
f 223/530/139 221/531/139 225/532/139 227/533/139
f 228/534/140 226/535/140 222/536/140 224/537/140
f 232/538/141 230/539/141 229/540/141 231/541/141
f 235/542/142 233/543/142 234/544/142 236/545/142
f 229/546/143 230/547/143 234/548/143 233/549/143
f 231/550/144 229/551/144 233/552/144 235/553/144
f 236/554/145 234/555/145 230/556/145 232/557/145
f 242/558/146 241/559/146 243/560/146
f 246/561/147 244/562/147 245/563/147
f 249/564/148 247/565/148 248/566/148
f 253/567/149 251/568/149 250/569/149 252/570/149
f 240/571/150 238/572/150 237/573/150 258/574/150
f 258/575/151 259/576/151 240/577/151
f 239/578/152 240/579/152 259/580/152
f 257/581/153 255/582/153 260/583/153
f 257/584/154 260/585/154 261/586/154
f 257/587/155 261/588/155 262/589/155
f 262/590/156 254/591/156 256/592/156 257/593/156
f 265/594/157 263/595/157 264/596/157 266/597/157
f 269/598/158 267/599/158 268/600/158
f 273/601/159 271/602/159 270/603/159 272/604/159
f 278/605/160 279/606/160 280/607/160
f 281/608/161 283/609/161 282/610/161
f 284/611/162 286/612/162 285/613/162
f 287/614/163 289/615/163 288/616/163
f 290/617/164 291/618/164 293/619/164 292/620/164
f 274/621/165 275/622/165 277/623/165 298/624/165
f 299/625/166 298/626/166 277/627/166
f 277/628/167 276/629/167 299/630/167
f 295/631/168 297/632/168 300/633/168
f 300/634/169 297/635/169 301/636/169
f 301/637/170 297/638/170 302/639/170
f 296/640/171 294/641/171 302/642/171 297/643/171
f 304/644/172 303/645/172 305/646/172 306/647/172
f 307/648/173 308/649/173 310/650/173 309/651/173
f 313/652/174 312/653/174 311/654/174
f 315/655/175 316/656/175 314/657/175
f 319/658/176 318/659/176 317/660/176
f 321/661/177 322/662/177 320/663/177
o car1_glass
v 0.115828125 2.326488124999999 -6.82616625
v 0.29404125 1.6859843749999996 -7.991300625000001
v -0.115828125 2.326488124999999 -6.82616625
v -0.29404125 1.6859843749999996 -7.991300625000001
v -1.39018 2.162094999999999 -5.706616250000001
v -1.32883125 2.0596087499999993 -6.227422500000001
v -1.40583125 1.629956249999999 -5.706616250000001
v -1.356859375 1.7147043749999993 -6.2284081250000005
v -1.316058125 2.030219999999999 -6.318073750000001
v -1.281790625 1.9507999999999992 -6.578301250000001
v -1.34694125 1.7032462499999992 -6.316384375
v -1.324633125 1.7294374999999993 -6.463395625
v -0.115828125 2.326488124999999 -6.82616625
v -0.29404125 1.6859843749999996 -7.991300625000001
v -0.52363875 2.3638924999999995 -6.71206875
v -0.71455625 1.7449599999999994 -7.811633125
v -0.333938125 2.340946249999999 -6.79056875
v -0.550605 1.7047224999999995 -7.914968750000001
v 0.115828125 2.326488124999999 -6.82616625
v 0.29404125 1.6859843749999996 -7.991300625000001
v 0.52363875 2.3638924999999995 -6.71206875
v 0.71455625 1.7449599999999994 -7.811633125
v 0.333938125 2.340946249999999 -6.79056875
v 0.550605 1.7047224999999995 -7.914968750000001
v 1.39018 2.162094999999999 -5.706616250000001
v 1.32883125 2.0596087499999993 -6.227422500000001
v 1.40583125 1.629956249999999 -5.706616250000001
v 1.356859375 1.7147043749999993 -6.2284081250000005
v 1.316058125 2.030219999999999 -6.318073750000001
v 1.281790625 1.9507999999999992 -6.578301250000001
v 1.34694125 1.7032462499999992 -6.316384375
v 1.324633125 1.7294374999999993 -6.463395625
vt 0.135003125 0.2672961931818182
vt 0.1671193181818182 0.3849427840909091
vt 0.11413068181818181 0.3920454545454546
vt 0.11413068181818181 0.2700939772727273
vt 0.7897727272727273 0.7300771022727273
vt 0.8352272727272727 0.7390460227272727
vt 0.8352272727272727 0.7705047159090909
vt 0.7899674431818181 0.7784090909090909
vt 0.5241728409090909 0.09659090909090906
vt 0.5173989204545454 0.11931818181818177
vt 0.49694261363636366 0.10879306818181822
vt 0.4943181818181818 0.09659090909090906
vt 0.19346255681818184 0.14204545454545459
vt 0.21359579545454546 0.14204545454545459
vt 0.21846926136363634 0.26136363636363635
vt 0.1942722159090909 0.258585965909091
vt 0.37992835227272725 0.22159090909090906
vt 0.36363636363636365 0.21395238636363634
vt 0.36363636363636365 0.09793875000000007
vt 0.38184909090909086 0.10251931818181814
vt 0.8549613068181817 0.3522727272727273
vt 0.733106875 0.3473992613636363
vt 0.733106875 0.3272660795454546
vt 0.8521836363636364 0.3280756818181818
vt 0.7456660227272728 0.9318181818181819
vt 0.861679659090909 0.9318181818181819
vt 0.8693181818181818 0.9469428409090909
vt 0.7502465909090908 0.9488636363636364
vt 0.8352272727272727 0.7705047159090909
vt 0.8352272727272727 0.7390460227272727
vt 0.7897727272727273 0.7300771022727273
vt 0.7899674431818181 0.7784090909090909
vt 0.49694261363636366 0.10879306818181822
vt 0.5173989204545454 0.11931818181818177
vt 0.5241728409090909 0.09659090909090906
vt 0.4943181818181818 0.09659090909090906
vn 0 0.876317568449743 -0.4817338676347454
vn -0.9879295182992439 0.08066049478610254 -0.13224655554639173
vn -0.9811504767165211 0.106028701125964 -0.16156007110819395
vn -0.020059127817865043 0.8774333039075733 -0.47927907171607914
vn -0.08619920652205301 0.8745103775471439 -0.4772853406059318
vn 0.020059127817865216 0.8774333039075733 -0.47927907171607914
vn 0.08619920652205305 0.8745103775471439 -0.47728534060593175
vn 0.9879295182992439 0.08066049478610253 -0.1322465555463917
vn 0.981150476716521 0.10602870112596398 -0.16156007110819393
usemtl m_3763b251-fe16-00a5-ba92-24a9d1cbea6c
f 323/664/178 324/665/178 326/666/178 325/667/178
f 327/668/179 328/669/179 330/670/179 329/671/179
f 331/672/180 332/673/180 334/674/180 333/675/180
f 339/676/181 335/677/181 336/678/181 340/679/181
f 340/680/182 338/681/182 337/682/182 339/683/182
f 342/684/183 341/685/183 345/686/183 346/687/183
f 343/688/184 344/689/184 346/690/184 345/691/184
f 350/692/185 348/693/185 347/694/185 349/695/185
f 354/696/186 352/697/186 351/698/186 353/699/186
o car1_coupler_closed
v 0.8042112499999998 -0.14385062499999995 -9.820855625
v 0.6354612499999999 -0.12510062500000002 -10.077105625000002
v 0.69171125 -0.281350625 -9.820855625
v 0.5729612499999999 -0.21885062500000002 -10.077105625000002
v 0.1875 0.625 -9.943750000000001
v 0.1875 0.3875 -10.26875
v -0.1875 0.625 -9.943750000000001
v -0.1875 0.3875 -10.26875
v -0.1875 0.625 -9.943750000000001
v -0.1875 0.3875 -10.26875
v -0.6062500000000001 0.64375 -9.9
v -0.45625000000000004 0.40625 -10.225000000000001
v -0.6062500000000001 0.64375 -9.9
v -0.45625000000000004 0.40625 -10.225000000000001
v -0.83125 0.4875 -9.925
v -0.6125 0.375 -10.162500000000001
v -0.7750000000000001 0.5625 -9.925
v -0.8687500000000001 0.3875 -9.925
v -0.6500000000000001 0.275 -10.162500000000001
v -0.80421125 -0.14385062499999995 -9.820855625
v -0.6354612500000001 -0.12510062500000002 -10.077105625000002
v -0.83125 0.4875 -9.925
v -0.6125 0.375 -10.162500000000001
v -0.8687500000000001 0.3875 -9.925
v -0.6500000000000001 0.275 -10.162500000000001
v -0.6500000000000001 0.275 -10.162500000000001
v -0.41875000000000007 0.2125 -10.33125
v -0.6354612500000001 -0.12510062500000002 -10.077105625000002
v -0.40421125000000013 -0.11885062500000004 -10.320855625
v -0.4375000000000001 0.31875 -10.30625
v -0.41875000000000007 0.2125 -10.33125
v -0.45625000000000004 0.40625 -10.225000000000001
v -0.6500000000000001 0.275 -10.162500000000001
v -0.6125 0.375 -10.162500000000001
v -0.1875 0.3 -10.350000000000001
v -0.1875 0.1875 -10.418750000000001
v -0.4375000000000001 0.31875 -10.30625
v -0.41875000000000007 0.2125 -10.33125
v -0.1875 0.3875 -10.26875
v -0.1875 0.3 -10.350000000000001
v -0.45625000000000004 0.40625 -10.225000000000001
v -0.4375000000000001 0.31875 -10.30625
v 0.1875 0.3875 -10.26875
v 0.1875 0.3 -10.350000000000001
v -0.1875 0.3875 -10.26875
v -0.1875 0.3 -10.350000000000001
v 0.1875 0.3 -10.350000000000001
v 0.1875 0.1875 -10.418750000000001
v -0.1875 0.3 -10.350000000000001
v -0.1875 0.1875 -10.418750000000001
v 0.1875 0.1875 -10.418750000000001
v 0.1875 -0.12500000000000006 -10.418750000000001
v -0.1875 0.1875 -10.418750000000001
v -0.1875 -0.12500000000000006 -10.418750000000001
v 0.1875 0.3875 -10.26875
v 0.1875 0.3 -10.350000000000001
v 0.4562499999999998 0.40625 -10.225000000000001
v 0.4375 0.31875 -10.30625
v 0.1875 0.3 -10.350000000000001
v 0.1875 0.1875 -10.418750000000001
v 0.4375 0.31875 -10.30625
v 0.41874999999999996 0.2125 -10.33125
v 0.4375 0.31875 -10.30625
v 0.41874999999999996 0.2125 -10.33125
v 0.4562499999999998 0.40625 -10.225000000000001
v 0.6499999999999999 0.275 -10.162500000000001
v 0.6124999999999998 0.375 -10.162500000000001
v 0.6499999999999999 0.275 -10.162500000000001
v 0.41874999999999996 0.2125 -10.33125
v 0.6354612499999999 -0.12510062500000002 -10.077105625000002
v 0.4042112499999999 -0.11885062500000004 -10.320855625
v 0.41874999999999996 0.2125 -10.33125
v 0.1875 0.1875 -10.418750000000001
v 0.4042112499999999 -0.11885062500000004 -10.320855625
v 0.1875 -0.12500000000000006 -10.418750000000001
v 0.1875 0.625 -9.943750000000001
v 0.1875 0.3875 -10.26875
v 0.60625 0.64375 -9.9
v 0.4562499999999998 0.40625 -10.225000000000001
v 0.60625 0.64375 -9.9
v 0.4562499999999998 0.40625 -10.225000000000001
v 0.8312499999999998 0.4875 -9.925
v 0.6124999999999998 0.375 -10.162500000000001
v 0.7749999999999999 0.5625 -9.925
v 0.8312499999999998 0.4875 -9.925
v 0.6124999999999998 0.375 -10.162500000000001
v 0.8687499999999999 0.3875 -9.925
v 0.6499999999999999 0.275 -10.162500000000001
v 0.8687499999999999 0.3875 -9.925
v 0.6499999999999999 0.275 -10.162500000000001
v 0.8042112499999998 -0.14385062499999995 -9.820855625
v 0.6354612499999999 -0.12510062500000002 -10.077105625000002
v -0.1875 -0.21249999999999997 -10.33125
v -0.1875 -0.29375 -10.11875
v -0.39171125000000007 -0.20010062499999998 -10.270855625000001
v -0.3750000000000001 -0.27499999999999997 -10.106250000000001
v -0.39171125000000007 -0.20010062499999998 -10.270855625000001
v -0.3750000000000001 -0.27499999999999997 -10.106250000000001
v -0.4994931250000001 -0.20241437499999998 -10.194864375000002
v -0.5729612500000001 -0.21885062500000002 -10.077105625000002
v -0.1875 -0.29375 -10.11875
v -0.28125 -0.39999999999999997 -9.6875
v -0.3750000000000001 -0.27499999999999997 -10.106250000000001
v -0.5375000000000001 -0.3875 -9.675
v -0.3750000000000001 -0.27499999999999997 -10.106250000000001
v -0.5375000000000001 -0.3875 -9.675
v -0.5729612500000001 -0.21885062500000002 -10.077105625000002
v -0.6917112500000001 -0.281350625 -9.820855625
v -0.1875 -0.12500000000000006 -10.418750000000001
v -0.1875 -0.21249999999999997 -10.33125
v -0.40421125000000013 -0.11885062500000004 -10.320855625
v -0.39171125000000007 -0.20010062499999998 -10.270855625000001
v -0.80421125 -0.14385062499999995 -9.820855625
v -0.6354612500000001 -0.12510062500000002 -10.077105625000002
v -0.6917112500000001 -0.281350625 -9.820855625
v -0.5729612500000001 -0.21885062500000002 -10.077105625000002
v -0.6354612500000001 -0.12510062500000002 -10.077105625000002
v -0.40421125000000013 -0.11885062500000004 -10.320855625
v -0.5729612500000001 -0.21885062500000002 -10.077105625000002
v -0.39171125000000007 -0.20010062499999998 -10.270855625000001
v -0.4994931250000001 -0.20241437499999998 -10.194864375000002
v 0.1875 -0.21249999999999997 -10.33125
v 0.1875 -0.29375 -10.11875
v 0.39171124999999996 -0.20010062499999998 -10.270855625000001
v 0.375 -0.27499999999999997 -10.106250000000001
v 0.39171124999999996 -0.20010062499999998 -10.270855625000001
v 0.375 -0.27499999999999997 -10.106250000000001
v 0.49949312499999987 -0.20241437499999998 -10.194864375000002
v 0.5729612499999999 -0.21885062500000002 -10.077105625000002
v 0.1875 -0.29375 -10.11875
v 0.28125 -0.39999999999999997 -9.6875
v 0.375 -0.27499999999999997 -10.106250000000001
v 0.5374999999999999 -0.3875 -9.675
v 0.375 -0.27499999999999997 -10.106250000000001
v 0.5374999999999999 -0.3875 -9.675
v 0.5729612499999999 -0.21885062500000002 -10.077105625000002
v 0.69171125 -0.281350625 -9.820855625
v 0.1875 -0.12500000000000006 -10.418750000000001
v 0.1875 -0.21249999999999997 -10.33125
v 0.4042112499999999 -0.11885062500000004 -10.320855625
v 0.39171124999999996 -0.20010062499999998 -10.270855625000001
v 0.6354612499999999 -0.12510062500000002 -10.077105625000002
v 0.4042112499999999 -0.11885062500000004 -10.320855625
v 0.5729612499999999 -0.21885062500000002 -10.077105625000002
v 0.39171124999999996 -0.20010062499999998 -10.270855625000001
v 0.49949312499999987 -0.20241437499999998 -10.194864375000002
v 0.1875 -0.12500000000000006 -10.418750000000001
v 0.1875 -0.21249999999999997 -10.33125
v -0.1875 -0.12500000000000006 -10.418750000000001
v -0.1875 -0.21249999999999997 -10.33125
v 0.1875 -0.21249999999999997 -10.33125
v 0.1875 -0.29375 -10.11875
v -0.1875 -0.21249999999999997 -10.33125
v -0.1875 -0.29375 -10.11875
v 0.1875 -0.29375 -10.11875
v 0.28125 -0.39999999999999997 -9.6875
v -0.1875 -0.29375 -10.11875
v -0.28125 -0.39999999999999997 -9.6875
v -0.41875000000000007 0.2125 -10.33125
v -0.1875 0.1875 -10.418750000000001
v -0.40421125000000013 -0.11885062500000004 -10.320855625
v -0.1875 -0.12500000000000006 -10.418750000000001
vt 0.72134625 0.11293068181818178
vt 0.7329545454545454 0.11033164772727277
vt 0.7329545454545454 0.08238636363636365
vt 0.7159090909090909 0.08723829545454542
vt 0.875 0.7329545454545454
vt 0.875 0.7670454545454546
vt 0.8409090909090909 0.7670454545454546
vt 0.8409090909090909 0.7329545454545454
vt 0.824569034090909 0.2839697159090909
vt 0.8588625 0.29673943181818185
vt 0.8463788068181818 0.31818181818181823
vt 0.8073306818181819 0.31818181818181823
vt 0.9462284090909091 0.4204545454545454
vt 0.9039763068181818 0.4204545454545454
vt 0.9164304545454546 0.41112647727272733
vt 0.9474431818181818 0.41221352272727274
vt 0.9147727272727273 0.46577727272727276
vt 0.9147727272727273 0.4829545454545454
vt 0.8757342613636364 0.4819403977272727
vt 0.26136363636363635 0.38046880681818174
vt 0.23295454545454544 0.37226164772727277
vt 0.2354259659090909 0.33512840909090913
vt 0.26136363636363635 0.33096590909090906
vt 0.9106773295454546 0.23295454545454541
vt 0.9098672159090909 0.22159090909090906
vt 0.9409518181818182 0.22159090909090906
vt 0.9417613636363636 0.23295454545454541
vt 0.07102272727272728 0.12634585227272732
vt 0.06490886363636363 0.1522726704545455
vt 0.034742329545454545 0.1522726704545455
vt 0.03440164772727273 0.12215909090909094
vt 0.26704545454545453 0.8146882386363636
vt 0.26704545454545453 0.835902159090909
vt 0.2565436931818182 0.8409090909090909
vt 0.2556818181818182 0.8143232954545454
vt 0.9261363636363636 0.18181818181818177
vt 0.9396048295454545 0.17402511363636364
vt 0.9473503977272727 0.18181818181818177
vt 0.8808341477272728 0.07386363636363635
vt 0.8826827840909091 0.08522727272727271
vt 0.8602475568181819 0.08256801136363634
vt 0.8579545454545454 0.07386363636363635
vt 0.5988347159090909 0.5347591477272727
vt 0.6006907954545455 0.5454545454545454
vt 0.5775551704545454 0.5454545454545454
vt 0.5740251136363637 0.5350496022727272
vt 0.7102272727272727 0.07954545454545459
vt 0.7102272727272727 0.09090909090909094
vt 0.6761363636363636 0.09090909090909094
vt 0.6761363636363636 0.07954545454545459
vt 0.6363636363636364 0.07954545454545459
vt 0.6363636363636364 0.09090909090909094
vt 0.6022727272727273 0.09090909090909094
vt 0.6022727272727273 0.07954545454545459
vt 0.8977272727272727 0.40909090909090906
vt 0.8977272727272727 0.4375
vt 0.8636363636363636 0.4375
vt 0.8636363636363636 0.40909090909090906
vt 0.5775551704545454 0.5454545454545454
vt 0.6006907954545455 0.5454545454545454
vt 0.5988347159090909 0.5347591477272727
vt 0.5740251136363637 0.5350496022727272
vt 0.8602475568181819 0.08256801136363634
vt 0.8826827840909091 0.08522727272727271
vt 0.8808341477272728 0.07386363636363635
vt 0.8579545454545454 0.07386363636363635
vt 0.2565436931818182 0.8409090909090909
vt 0.26704545454545453 0.835902159090909
vt 0.26704545454545453 0.8146882386363636
vt 0.2556818181818182 0.8143232954545454
vt 0.9396048295454545 0.17402511363636364
vt 0.9261363636363636 0.18181818181818177
vt 0.9473503977272727 0.18181818181818177
vt 0.034742329545454545 0.1522726704545455
vt 0.06490886363636363 0.1522726704545455
vt 0.07102272727272728 0.12634585227272732
vt 0.03440164772727273 0.12215909090909094
vt 0.4661590909090909 0.08806818181818177
vt 0.4661590909090909 0.11647727272727271
vt 0.48863636363636365 0.11875000000000002
vt 0.48773465909090913 0.08862727272727267
vt 0.8463788068181818 0.31818181818181823
vt 0.8588625 0.29673943181818185
vt 0.824569034090909 0.2839697159090909
vt 0.8073306818181819 0.31818181818181823
vt 0.9164304545454546 0.41112647727272733
vt 0.9039763068181818 0.4204545454545454
vt 0.9462284090909091 0.4204545454545454
vt 0.9474431818181818 0.41221352272727274
vt 0.9147727272727273 0.4829545454545454
vt 0.9147727272727273 0.46577727272727276
vt 0.8757342613636364 0.4819403977272727
vt 0.9409518181818182 0.22159090909090906
vt 0.9098672159090909 0.22159090909090906
vt 0.9106773295454546 0.23295454545454541
vt 0.9417613636363636 0.23295454545454541
vt 0.2354259659090909 0.33512840909090913
vt 0.23295454545454544 0.37226164772727277
vt 0.26136363636363635 0.38046880681818174
vt 0.26136363636363635 0.33096590909090906
vt 0.09517045454545454 0.09090909090909094
vt 0.07448806818181818 0.09090909090909094
vt 0.07403511363636363 0.07374698863636364
vt 0.09044414772727273 0.07211965909090912
vt 0.7102272727272727 0.7715386931818182
vt 0.6937594318181818 0.7727272727272727
vt 0.6937594318181818 0.7538342613636364
vt 0.7040271022727272 0.7612932954545455
vt 0.26714693181818183 0.9318181818181819
vt 0.26136363636363635 0.8909588636363637
vt 0.2840909090909091 0.8822136363636364
vt 0.2840909090909091 0.925329659090909
vt 0.29634573863636365 0.1233189204545454
vt 0.2789465909090909 0.13068181818181823
vt 0.2789465909090909 0.08755619318181818
vt 0.29829545454545453 0.09709613636363634
vt 0.26704545454545453 0.19318181818181823
vt 0.25593920454545455 0.19139215909090912
vt 0.25593920454545455 0.17199982954545456
vt 0.2645222159090909 0.17176948863636354
vt 0.7329545454545454 0.08238636363636365
vt 0.7329545454545454 0.11033164772727277
vt 0.72134625 0.11293068181818178
vt 0.7159090909090909 0.08723829545454542
vt 0.11079545454545454 0.048295454545454586
vt 0.11079545454545454 0.07884585227272722
vt 0.10329267045454546 0.06443573863636365
vt 0.17755681818181818 0.06738227272727282
vt 0.17124227272727272 0.06132948863636367
vt 0.17755681818181818 0.051136363636363646
vt 0.9324857386363636 0.6918328977272727
vt 0.9429730113636363 0.6846590909090908
vt 0.9502840909090909 0.6918328977272727
vt 0.07403511363636363 0.07374698863636364
vt 0.07448806818181818 0.09090909090909094
vt 0.09517045454545454 0.09090909090909094
vt 0.09044414772727273 0.07211965909090912
vt 0.6937594318181818 0.7538342613636364
vt 0.6937594318181818 0.7727272727272727
vt 0.7102272727272727 0.7715386931818182
vt 0.7040271022727272 0.7612932954545455
vt 0.2840909090909091 0.8822136363636364
vt 0.26136363636363635 0.8909588636363637
vt 0.26714693181818183 0.9318181818181819
vt 0.2840909090909091 0.925329659090909
vt 0.2789465909090909 0.08755619318181818
vt 0.2789465909090909 0.13068181818181823
vt 0.29634573863636365 0.1233189204545454
vt 0.29829545454545453 0.09709613636363634
vt 0.25593920454545455 0.17199982954545456
vt 0.25593920454545455 0.19139215909090912
vt 0.26704545454545453 0.19318181818181823
vt 0.2645222159090909 0.17176948863636354
vt 0.11079545454545454 0.07884585227272722
vt 0.11079545454545454 0.048295454545454586
vt 0.10329267045454546 0.06443573863636365
vt 0.17124227272727272 0.06132948863636367
vt 0.17755681818181818 0.06738227272727282
vt 0.17755681818181818 0.051136363636363646
vt 0.9429730113636363 0.6846590909090908
vt 0.9324857386363636 0.6918328977272727
vt 0.9502840909090909 0.6918328977272727
vt 0.4943181818181818 0.09090909090909094
vt 0.4943181818181818 0.07954545454545459
vt 0.5284090909090909 0.07954545454545459
vt 0.5284090909090909 0.09090909090909094
vt 0.8806818181818182 0.7670454545454546
vt 0.8806818181818182 0.7443181818181819
vt 0.9147727272727273 0.7443181818181819
vt 0.9147727272727273 0.7670454545454546
vt 0.7926136363636364 0.5170454545454546
vt 0.7840909090909091 0.4772727272727273
vt 0.8352272727272727 0.4772727272727273
vt 0.8267045454545454 0.5170454545454546
vt 0.48863636363636365 0.11875000000000002
vt 0.4661590909090909 0.11647727272727271
vt 0.4661590909090909 0.08806818181818177
vt 0.48773465909090913 0.08862727272727267
vn 0.7170823215953182 -0.47805488106354543 -0.5072045689332738
vn 0 0.8073911222578979 -0.59001658934231
vn -0.03968830431772334 0.8067549859493623 -0.5895517205014572
vn -0.40134284190404895 0.5651562467628444 -0.7207789813787001
vn -0.25226090266439904 0.7221209045736608 -0.6441318468797056
vn -0.7628155355739131 -0.16136148187169627 -0.6261588702999057
vn -0.6526430848497553 0.24474115681865882 -0.7170486524336127
vn -0.5977065029706239 -0.05132369461069569 -0.8000705060668939
vn -0.6184678375182215 0.07491300567122001 -0.7822311522413554
vn -0.4002906198088206 0.5760279650907423 -0.7127125669766803
vn -0.25750365262317176 0.5038653202770712 -0.8245068877261181
vn -0.07697595734797796 0.6784321664567572 -0.7306192561841997
vn 0 0.6804510993672781 -0.732793491626299
vn 0 0.5214500094539742 -0.8532818336519594
vn 0 0 -1
vn 0.07697595734797802 0.6784321664567572 -0.7306192561841998
vn 0.2575036526231719 0.5038653202770712 -0.8245068877261181
vn 0.6184678375182219 0.07491300567121996 -0.7822311522413551
vn 0.40029061980882047 0.5760279650907425 -0.7127125669766801
vn 0.5977065029706241 -0.05132369461069591 -0.8000705060668937
vn 0.3538920974158908 0 -0.9352862574562836
vn 0.03968830431772349 0.8067549859493622 -0.5895517205014571
vn 0.40134284190404895 0.5651562467628444 -0.7207789813787001
vn 0.25226090266439916 0.7221209045736607 -0.6441318468797057
vn 0.6526430848497553 0.24474115681865888 -0.7170486524336127
vn 0.7628155355739131 -0.16136148187169633 -0.6261588702999059
vn -0.11641733542037863 -0.9277006416311382 -0.35470906885896497
vn -0.3034942183187435 -0.8785107246119328 -0.36893111306707627
vn -0.059372099925389714 -0.96617737029748 -0.25095067817301436
vn -0.3028092269535117 -0.8881107094016566 -0.3457830821742193
vn -0.24441280837047188 -0.6856611331789411 -0.6856611331789411
vn -0.7170823215953182 -0.47805488106354543 -0.5072045689332739
vn -0.7060621651366412 -0.21312229185513681 -0.6753185231259189
vn -0.48807869879025695 -0.5106662343587278 -0.7078129561353667
vn -0.7145695293873603 -0.47637968625824006 -0.5123014563629769
vn 0.1164173354203787 -0.9277006416311382 -0.3547090688589649
vn 0.3034942183187437 -0.8785107246119327 -0.36893111306707616
vn 0.05937209992538979 -0.96617737029748 -0.2509506781730144
vn 0.30280922695351176 -0.8881107094016566 -0.3457830821742192
vn 0.24441280837047197 -0.6856611331789411 -0.6856611331789411
vn 0.7060621651366412 -0.2131222918551367 -0.675318523125919
vn 0.48807869879025756 -0.5106662343587274 -0.7078129561353668
vn 0.7145695293873603 -0.4763796862582402 -0.5123014563629769
vn 0 -0.7071067811865476 -0.7071067811865476
vn 0 -0.9340518348510852 -0.35713746626659176
vn 0 -0.9709646117278028 -0.2392231652082991
vn -0.35389209741589067 0 -0.9352862574562838
usemtl m_3763b251-fe16-00a5-ba92-24a9d1cbea6c
f 358/700/187 356/701/187 355/702/187 357/703/187
f 359/704/188 360/705/188 362/706/188 361/707/188
f 363/708/189 364/709/189 366/710/189 365/711/189
f 371/712/190 368/713/190 370/714/190 369/715/190
f 371/716/191 367/717/191 368/718/191
f 372/719/192 373/720/192 375/721/192 374/722/192
f 377/723/193 379/724/193 378/725/193 376/726/193
f 380/727/194 381/728/194 383/729/194 382/730/194
f 388/731/195 384/732/195 385/733/195 387/734/195
f 388/735/196 386/736/196 384/737/196
f 389/738/197 390/739/197 392/740/197 391/741/197
f 393/742/198 394/743/198 396/744/198 395/745/198
f 397/746/199 398/747/199 400/748/199 399/749/199
f 401/750/200 402/751/200 404/752/200 403/753/200
f 405/754/201 406/755/201 408/756/201 407/757/201
f 412/758/202 410/759/202 409/760/202 411/761/202
f 416/762/203 414/763/203 413/764/203 415/765/203
f 418/766/204 417/767/204 421/768/204 420/769/204
f 419/770/205 421/771/205 417/772/205
f 425/773/206 423/774/206 422/775/206 424/776/206
f 429/777/207 427/778/207 426/779/207 428/780/207
f 433/781/208 431/782/208 430/783/208 432/784/208
f 437/785/209 435/786/209 438/787/209 436/788/209
f 434/789/210 438/790/210 435/791/210
f 441/792/211 442/793/211 440/794/211 439/795/211
f 446/796/212 444/797/212 443/798/212 445/799/212
f 447/800/213 448/801/213 450/802/213 449/803/213
f 451/804/214 452/805/214 454/806/214 453/807/214
f 455/808/215 456/809/215 458/810/215 457/811/215
f 461/812/216 459/813/216 460/814/216 462/815/216
f 463/816/217 464/817/217 466/818/217 465/819/217
f 467/820/218 468/821/218 470/822/218 469/823/218
f 471/824/219 472/825/219 475/826/219
f 472/827/220 474/828/220 475/829/220
f 475/830/221 473/831/221 471/832/221
f 479/833/222 477/834/222 476/835/222 478/836/222
f 483/837/223 481/838/223 480/839/223 482/840/223
f 487/841/224 485/842/224 484/843/224 486/844/224
f 489/845/225 488/846/225 490/847/225 491/848/225
f 495/849/226 493/850/226 492/851/226 494/852/226
f 497/853/227 496/854/227 500/855/227
f 499/856/228 497/857/228 500/858/228
f 498/859/229 500/860/229 496/861/229
f 501/862/230 502/863/230 504/864/230 503/865/230
f 505/866/231 506/867/231 508/868/231 507/869/231
f 509/870/232 510/871/232 512/872/232 511/873/232
f 513/874/233 514/875/233 516/876/233 515/877/233
o car1_exterior
v -0.5375 -0.38750000000000007 -9.675
v -0.7875 -0.35625000000000007 -9.625
v -0.69171125 -0.2813506250000001 -9.820855625
v -0.28125 0.06249999999999967 -8.375
v -0.28125 0.06562499999999882 -4.375
v -1.40625 0.06249999999999967 -8.375
v -1.46875 0.06562499999999882 -4.375
v -0.28125 -0.48125000000000034 -8.375
v -0.28125 0.06249999999999967 -8.375
v -1.4375 -0.34375000000000033 -8.377304375
v -1.40625 0.06249999999999967 -8.375
v -0.7125 -0.46875000000000033 -8.377304375
v -1.3375 -0.3937500000000003 -8.377304375
v -1.075 -0.43750000000000033 -8.377304375
v -0.28125 -0.48125000000000007 -9.6875
v -0.28125 -0.48125000000000034 -8.375
v -0.5375 -0.46875000000000006 -9.677304375
v -0.7125 -0.46875000000000033 -8.377304375
v -0.5375 -0.46875000000000006 -9.677304375
v -0.7125 -0.46875000000000033 -8.377304375
v -0.7875 -0.43750000000000006 -9.627304375
v -1.075 -0.43750000000000033 -8.377304375
v -0.7875 -0.43750000000000006 -9.627304375
v -1.075 -0.43750000000000033 -8.377304375
v -0.95625 -0.39375000000000004 -9.527304375
v -1.3375 -0.3937500000000003 -8.377304375
v -0.95625 -0.39375000000000004 -9.527304375
v -1.3375 -0.3937500000000003 -8.377304375
v -1.085475625 -0.3282293750000001 -9.32798625
v -1.4375 -0.34375000000000033 -8.377304375
v -1.25625 -0.3375000000000002 -9.039804375000001
v -0.265625 1.4624999999999997 -8.425
v -0.1875 0.625 -9.94375
v -0.796875 1.4468749999999997 -8.425
v -0.60625 0.64375 -9.9
v -0.7160575 1.1153824999999997 -9.05034125
v -0.62501125 0.7243306250000001 -9.7548325
v -0.562918125 0.7700156250000001 -9.674279375
v -0.51144625 0.8176193749999998 -9.590024375
v -0.50072 0.8703362499999998 -9.495608125
v -0.550725 0.9217062499999997 -9.4021475
v -0.685005 0.9820087499999999 -9.290618125
v -0.224248125 2.3818537499999994 -6.7224362499999994
v -0.115828125 2.326488124999999 -6.82616625
v -0.631729375 2.436531249999999 -6.547273124999999
v -0.52363875 2.3638924999999995 -6.712068749999999
v -0.333938125 2.340946249999999 -6.790568749999999
v -0.52363875 2.3638924999999995 -6.712068749999999
v -0.71455625 1.7449599999999996 -7.811633125
v -0.631729375 2.436531249999999 -6.547273124999999
v -0.851650625 1.7298931249999996 -7.818498125
v -0.29404125 1.6859843749999996 -7.991300625
v -0.298495 1.6401331249999995 -8.074887499999999
v -0.71455625 1.7449599999999996 -7.811633125
v -0.851650625 1.7298931249999996 -7.818498125
v -0.550605 1.7047224999999997 -7.91496875
v -0.298495 2.9526331249999993 -5.668637499999999
v -0.224248125 2.3818537499999994 -6.7224362499999994
v -0.629745 2.896383124999999 -5.668637499999999
v -0.631729375 2.436531249999999 -6.547273124999999
v -0.267211875 2.7121412499999993 -6.112645
v -0.48865625 2.7130906249999995 -6.064921249999999
v -0.41839625 2.795212499999999 -5.930709374999999
v -0.328974375 2.851785624999999 -5.84674625
v -0.629745 2.896383124999999 -5.668637499999999
v -0.631729375 2.436531249999999 -6.547273124999999
v -0.962546875 2.4867737499999993 -6.159432499999999
v -0.298495 3.2276331249999988 -5.106137499999999
v -0.298495 2.9526331249999993 -5.668637499999999
v -0.629745 3.146383124999999 -5.106137499999999
v -0.629745 2.896383124999999 -5.668637499999999
v -0.629745 2.896383124999999 -5.668637499999999
v -0.962546875 2.4867737499999993 -6.159432499999999
v -0.629745 3.146383124999999 -5.106137499999999
v -1.198875625 2.4809118749999994 -5.6944574999999995
v -0.787153125 2.9819418749999995 -5.302420625
v -1.0124 2.745864374999999 -5.487142499999999
v -0.298495 3.377633124999999 -4.4748874999999995
v -0.298495 3.2276331249999988 -5.106137499999999
v -0.67522125 3.4127768749999987 -4.124999999999999
v -0.629745 3.146383124999999 -5.106137499999999
v -0.648899375 3.368863749999999 -4.393288749999999
v -0.298495 1.6401331249999995 -8.074887499999999
v -0.265625 1.4624999999999997 -8.425
v -0.851650625 1.7298931249999996 -7.818498125
v -0.796875 1.4468749999999997 -8.425
v -1.46875 1.224999999999999 -5.187499999999999
v -1.46875 0.01562499999999889 -5.1875
v -1.45774375 1.224999999999999 -5.719466249999999
v -1.47343375 0.08901749999999908 -5.7308481250000005
v -1.43125 1.224999999999999 -7
v -1.41875 1.1874999999999998 -7.512499999999999
v -1.484375 0.21874999999999933 -7
v -1.48125 0.19374999999999942 -7.512499999999999
v -1.41875 1.1874999999999998 -7.512499999999999
v -1.40625 1.0749999999999995 -8.025
v -1.48125 0.19374999999999942 -7.512499999999999
v -1.45625 0.10624999999999962 -8.025
v -1.40625 1.0749999999999995 -8.025
v -1.36875 0.8999999999999997 -8.5375
v -1.45625 0.10624999999999962 -8.025
v -1.39375 -0.012500000000000289 -8.5375
v -1.2625 0.7312499999999997 -9.05
v -1.03125 0.5 -9.6375
v -1.225 -0.15625000000000022 -9.05
v -0.7875 -0.35625000000000007 -9.625
v -0.94796125 -0.10010062500000005 -9.583355625
v -0.89375 -0.33125000000000004 -9.5625
v -1.23125 0.8562499999999997 -9.05
v -1 0.625 -9.6375
v -1.2625 0.7312499999999997 -9.05
v -1.03125 0.5 -9.6375
v -1.16875 0.9749999999999999 -9.05
v -0.9375 0.70625 -9.6375
v -1.23125 0.8562499999999997 -9.05
v -1 0.625 -9.6375
v -1.0125 1.0687499999999999 -9.05
v -1.16875 0.9749999999999999 -9.05
v -0.9375 0.70625 -9.6375
v -0.808525625 0.76299875 -9.6375
v -0.876299375 0.7917518749999999 -9.544619375
v -0.85498125 0.8686587499999998 -9.4501825
v -1 0.625 -9.6375
v -0.83125 0.48750000000000004 -9.925
v -1.03125 0.5 -9.6375
v -0.86875 0.38749999999999996 -9.925
v -0.9375 0.70625 -9.6375
v -0.775 0.5625 -9.925
v -1 0.625 -9.6375
v -0.83125 0.48750000000000004 -9.925
v -0.60625 0.64375 -9.9
v -0.9375 0.70625 -9.6375
v -0.775 0.5625 -9.925
v -0.74398125 0.74704875 -9.693403125
v -0.80784375 0.7632987500000001 -9.6375
v -0.62501125 0.7243306250000001 -9.7548325
v -0.7160575 1.1153824999999997 -9.05034125
v -1.0125 1.0687499999999999 -9.05
v -0.684770625 0.9810018749999998 -9.292431875
v -0.745158125 1.0038537499999998 -9.236148125
v -0.785015625 0.9659731249999999 -9.29103
v -0.84246625 0.9007918749999999 -9.393343125
v -0.85498125 0.8686587499999998 -9.4501825
v -1.163285625 1.6366274999999997 -7.46156625
v -1.063718125 1.5863856249999995 -7.868156875
v -1.336201875 1.4132268749999997 -7.530226875
v -1.292885 1.3629843749999997 -7.936818125
v -1.386201875 1.3007268749999994 -7.573976875
v -1.367885 1.2317343749999996 -7.980568125
v -1.41875 1.1874999999999998 -7.512499999999999
v -1.40625 1.0749999999999995 -8.025
v -1.336201875 1.4132268749999997 -7.530226875
v -1.292885 1.3629843749999997 -7.936818125
v -1.386201875 1.3007268749999994 -7.573976875
v -1.367885 1.2317343749999996 -7.980568125
v -1.401135 1.4157718749999992 -6.581275
v -1.336201875 1.4132268749999997 -7.530226875
v -1.424790625 1.311276249999999 -6.602541875
v -1.386201875 1.3007268749999994 -7.573976875
v -1.4109425 1.456154374999999 -5.70661625
v -1.3296925 1.5686543749999993 -6.58161625
v -1.438114375 1.377819374999999 -5.712360625
v -1.401135 1.4157718749999992 -6.581275
v -1.438114375 1.377819374999999 -5.712360625
v -1.401135 1.4157718749999992 -6.581275
v -1.45774375 1.224999999999999 -5.719466249999999
v -1.424790625 1.311276249999999 -6.602541875
v -1.424790625 1.311276249999999 -6.602541875
v -1.45774375 1.224999999999999 -5.719466249999999
v -1.43125 1.224999999999999 -7
v -1.424790625 1.311276249999999 -6.602541875
v -1.386201875 1.3007268749999994 -7.573976875
v -1.43125 1.224999999999999 -7
v -1.41875 1.1874999999999998 -7.512499999999999
v -1.3296925 1.5686543749999993 -6.58161625
v -1.163285625 1.6366274999999997 -7.46156625
v -1.401135 1.4157718749999992 -6.581275
v -1.336201875 1.4132268749999997 -7.530226875
v -0.796875 1.4468749999999997 -8.425
v -0.7160575 1.1153824999999997 -9.05034125
v -1.0776925 1.3596174999999995 -8.424658749999999
v -1.0125 1.0687499999999999 -9.05
v -1.0776925 1.3596174999999995 -8.424658749999999
v -1.0125 1.0687499999999999 -9.05
v -1.2245675 1.2408674999999996 -8.424658749999999
v -1.16875 0.9749999999999999 -9.05
v -1.2245675 1.2408674999999996 -8.424658749999999
v -1.16875 0.9749999999999999 -9.05
v -1.3120675 1.1221174999999997 -8.424658749999999
v -1.23125 0.8562499999999997 -9.05
v -1.3120675 1.1221174999999997 -8.424658749999999
v -1.23125 0.8562499999999997 -9.05
v -1.36875 0.8999999999999997 -8.5375
v -1.2625 0.7312499999999997 -9.05
v -0.851650625 1.7298931249999996 -7.818498125
v -0.796875 1.4468749999999997 -8.425
v -1.063718125 1.5863856249999995 -7.868156875
v -1.0776925 1.3596174999999995 -8.424658749999999
v -0.631729375 2.436531249999999 -6.547273124999999
v -0.851650625 1.7298931249999996 -7.818498125
v -0.962546875 2.4867737499999993 -6.159432499999999
v -1.063718125 1.5863856249999995 -7.868156875
v -0.962546875 2.4867737499999993 -6.159432499999999
v -1.063718125 1.5863856249999995 -7.868156875
v -1.262114375 2.0557662499999996 -6.6278412499999995
v -1.163285625 1.6366274999999997 -7.46156625
v -1.198875625 2.4809118749999994 -5.6944574999999995
v -1.3859425 2.3061543749999993 -5.70661625
v -1.262114375 2.0557662499999996 -6.6278412499999995
v -0.962546875 2.4867737499999993 -6.159432499999999
v -1.3754325 2.431007499999999 -5.17534125
v -1.44375 2.312499999999999 -5.187499999999999
v -1.3859425 2.3061543749999993 -5.70661625
v -1.198875625 2.4809118749999994 -5.6944574999999995
v -0.8170625 3.0299243749999984 -5.106591249999999
v -1.3754325 2.431007499999999 -5.17534125
v -1.198875625 2.4809118749999994 -5.6944574999999995
v -0.787153125 2.9819418749999995 -5.302420625
v -1.0124 2.745864374999999 -5.487142499999999
v -1.050533125 2.821453749999999 -5.106591249999999
v -1.063718125 1.5863856249999995 -7.868156875
v -1.0776925 1.3596174999999995 -8.424658749999999
v -1.292885 1.3629843749999997 -7.936818125
v -1.2245675 1.2408674999999996 -8.424658749999999
v -1.292885 1.3629843749999997 -7.936818125
v -1.2245675 1.2408674999999996 -8.424658749999999
v -1.367885 1.2317343749999996 -7.980568125
v -1.3120675 1.1221174999999997 -8.424658749999999
v -1.367885 1.2317343749999996 -7.980568125
v -1.3120675 1.1221174999999997 -8.424658749999999
v -1.40625 1.0749999999999995 -8.025
v -1.36875 0.8999999999999997 -8.5375
v -1.36875 0.8999999999999997 -8.5375
v -1.2625 0.7312499999999997 -9.05
v -1.39375 -0.012500000000000289 -8.5375
v -1.225 -0.15625000000000022 -9.05
v -1.03125 0.5 -9.6375
v -0.86875 0.38749999999999996 -9.925
v -0.94796125 -0.10010062500000005 -9.583355625
v -0.80421125 -0.14385062500000012 -9.820855625
v -0.94796125 -0.10010062500000005 -9.583355625
v -0.80421125 -0.14385062500000012 -9.820855625
v -0.7875 -0.35625000000000007 -9.625
v -0.69171125 -0.2813506250000001 -9.820855625
v -1.46875 1.2249999999999985 -4.374999999999999
v -1.46875 1.224999999999999 -5.187499999999999
v -1.46875 -0.18750000000000122 -4.375
v -1.46875 0.014607499999998885 -5.1875
v -1.46875 -0.07758812500000123 -4.663865
v -1.46875 -0.18750000000000122 -4.553945625000001
v -1.5125 -0.1875000000000011 -5.21875
v -1.5125 -0.016642500000001115 -5.21875
v -1.5125 -0.10883812500000123 -4.695115
v -1.5125 -0.18750000000000122 -4.603945625000001
v -1.5125 -0.187500000000001 -5.708554375
v -1.5125 0.03960749999999902 -5.708554375
v -1.5125 -0.016642500000001115 -5.21875
v -1.5125 -0.1875000000000011 -5.21875
v -1.5125 -0.18750000000000067 -7.021054375
v -1.5125 0.13960749999999933 -7.021054375
v -1.5125 0.03960749999999902 -5.708554375
v -1.5125 -0.187500000000001 -5.708554375
v -1.5125 -0.21875000000000056 -7.521054375
v -1.5125 0.10835749999999944 -7.521054375
v -1.5125 0.13960749999999933 -7.021054375
v -1.5125 -0.18750000000000067 -7.021054375
v -1.48125 -0.28125000000000044 -8.021054375
v -1.48125 0.02085749999999964 -8.021054375
v -1.5125 0.10835749999999944 -7.521054375
v -1.5125 -0.21875000000000056 -7.521054375
v -1.4375 -0.34375000000000033 -8.377304375
v -1.4375 -0.054142500000000315 -8.377304375
v -1.48125 0.02085749999999964 -8.021054375
v -1.48125 -0.28125000000000044 -8.021054375
v -1.25625 -0.3375000000000002 -9.039804375000001
v -1.25625 -0.2416425000000002 -9.039804375
v -1.4375 -0.054142500000000315 -8.377304375
v -1.4375 -0.34375000000000033 -8.377304375
v -1.5125 0.03960749999999902 -5.708554375
v -1.47343375 0.08901749999999908 -5.7308481250000005
v -1.46875 0.01562499999999889 -5.1875
v -1.5125 -0.016642500000001115 -5.21875
v -1.5125 -0.016642500000001115 -5.21875
v -1.46875 0.014607499999998885 -5.1875
v -1.46875 -0.18750000000000122 -4.553945625000001
v -1.5125 -0.18750000000000122 -4.603945625000001
v -1.5125 -0.10883812500000123 -4.695115
v -1.46875 -0.07758812500000123 -4.663865
v -1.5125 0.13960749999999933 -7.021054375
v -1.484375 0.21874999999999933 -7
v -1.47343375 0.08901749999999908 -5.7308481250000005
v -1.5125 0.03960749999999902 -5.708554375
v -1.5125 0.10835749999999944 -7.521054375
v -1.48125 0.19374999999999942 -7.512499999999999
v -1.484375 0.21874999999999933 -7
v -1.5125 0.13960749999999933 -7.021054375
v -1.48125 0.02085749999999964 -8.021054375
v -1.45625 0.10624999999999962 -8.025
v -1.48125 0.19374999999999942 -7.512499999999999
v -1.5125 0.10835749999999944 -7.521054375
v -1.4375 -0.054142500000000315 -8.377304375
v -1.39375 -0.012500000000000289 -8.5375
v -1.45625 0.10624999999999962 -8.025
v -1.48125 0.02085749999999964 -8.021054375
v -1.25625 -0.2416425000000002 -9.039804375
v -1.225 -0.15625000000000022 -9.05
v -1.39375 -0.012500000000000289 -8.5375
v -1.4375 -0.054142500000000315 -8.377304375
v -0.7875 -0.43750000000000006 -9.627304375
v -0.7875 -0.35625000000000007 -9.625
v -0.89375 -0.33125000000000004 -9.5625
v -0.95625 -0.39375000000000004 -9.527304375
v -0.5375 -0.46875000000000006 -9.677304375
v -0.5375 -0.38750000000000007 -9.675
v -0.7875 -0.35625000000000007 -9.625
v -0.7875 -0.43750000000000006 -9.627304375
v -0.28125 -0.48125000000000007 -9.6875
v -0.28125 -0.4000000000000001 -9.6875
v -0.5375 -0.38750000000000007 -9.675
v -0.5375 -0.46875000000000006 -9.677304375
v -0.95625 -0.39375000000000004 -9.527304375
v -0.89375 -0.33125000000000004 -9.5625
v -1.225 -0.15625000000000022 -9.05
v -1.25625 -0.2416425000000002 -9.039804375
v -1.085475625 -0.3282293750000001 -9.32798625
v -1.085475625 -0.3282293750000001 -9.32798625
v -1.25625 -0.2416425000000002 -9.039804375
v -1.25625 -0.3375000000000002 -9.039804375000001
v -0.859540625 3.2438787499999986 -4.124999999999999
v -0.8170625 3.0299243749999984 -5.106591249999999
v -1.08051125 3.022908124999999 -4.124999999999999
v -1.050533125 2.821453749999999 -5.106591249999999
v -0.85329 3.219200624999999 -4.3855925
v -1.07437875 2.9990268749999984 -4.381709375
v -0.67522125 3.4127768749999987 -4.124999999999999
v -0.629745 3.146383124999999 -5.106137499999999
v -0.859540625 3.2438787499999986 -4.124999999999999
v -0.787153125 2.9819418749999995 -5.302420625
v -0.648899375 3.368863749999999 -4.393288749999999
v -0.85329 3.219200624999999 -4.3855925
v -0.8170625 3.0299243749999984 -5.106591249999999
v -1.080511875 3.022908124999999 -4.124999999999999
v -1.050533125 2.821453749999999 -5.106591249999999
v -1.34916125 2.601212499999999 -4.124999999999999
v -1.3754325 2.431007499999999 -5.17534125
v -1.07437875 2.9990268749999984 -4.381709375
v -1.356693125 2.5895512499999986 -4.372905625
v -1.34916125 2.601212499999999 -4.124999999999999
v -1.3754325 2.431007499999999 -5.17534125
v -1.46875 2.312499999999999 -4.124999999999999
v -1.44375 2.312499999999999 -5.187499999999999
v -1.356693125 2.5895512499999986 -4.372905625
v -1.46875 2.312499999999999 -4.374999999999999
v -1.46875 2.312499999999999 -4.374999999999999
v -1.44375 2.312499999999999 -5.187499999999999
v -1.46875 1.2249999999999985 -4.374999999999999
v -1.46875 1.224999999999999 -5.187499999999999
v -1.4375 1.381249999999999 -5.187499999999999
v -1.44375 2.312499999999999 -5.187499999999999
v -1.3859425 2.3061543749999993 -5.70661625
v -1.4375 1.381249999999999 -5.187499999999999
v -1.4109425 1.456154374999999 -5.70661625
v -1.4375 1.381249999999999 -5.187499999999999
v -1.4109425 1.456154374999999 -5.70661625
v -1.46875 1.224999999999999 -5.187499999999999
v -1.45774375 1.224999999999999 -5.719466249999999
v -1.438114375 1.377819374999999 -5.712360625
v -1.3859425 2.3061543749999993 -5.70661625
v -1.262114375 2.0557662499999996 -6.6278412499999995
v -1.4109425 1.456154374999999 -5.70661625
v -1.3296925 1.5686543749999993 -6.58161625
v -1.39018 2.162094999999999 -5.70661625
v -1.32883125 2.059608749999999 -6.227422499999999
v -1.356859375 1.714704374999999 -6.228408125
v -1.40583125 1.629956249999999 -5.70661625
v -1.316058125 2.030219999999999 -6.31807375
v -1.34694125 1.7032462499999992 -6.316384375
v -1.324633125 1.7294374999999993 -6.463395625
v -1.28676375 1.893346874999999 -6.59604375
v -1.281790625 1.950799999999999 -6.57830125
v -1.32883125 2.059608749999999 -6.227422499999999
v -1.356859375 1.714704374999999 -6.228408125
v -1.316058125 2.030219999999999 -6.31807375
v -1.34694125 1.7032462499999992 -6.316384375
v -1.262114375 2.0557662499999996 -6.6278412499999995
v -1.3296925 1.5686543749999993 -6.58161625
v -1.163285625 1.6366274999999997 -7.46156625
v -0.68901125 0.8615906249999998 -9.20625
v -0.62501125 0.7243306250000001 -9.7548325
v -0.602440625 0.7440081249999999 -9.20625
v -0.562918125 0.7700156250000001 -9.674279375
v -0.538433125 0.7879418749999998 -9.20625
v -0.51144625 0.8176193749999998 -9.590024375
v -0.508920625 0.8487481249999997 -9.20625
v -0.50072 0.8703362499999998 -9.495608125
v -0.520665 0.9124962499999998 -9.20625
v -0.550725 0.9217062499999997 -9.4021475
v -0.570975625 0.9645824999999999 -9.20625
v -0.685005 0.9820087499999999 -9.290618125
v -0.64832625 0.9930743749999997 -9.20625
v -0.745158125 1.0038537499999998 -9.236148125
v -0.7349975 0.9914449999999999 -9.20625
v -0.785015625 0.9659731249999999 -9.29103
v -0.81113375 0.9600674999999999 -9.20625
v -0.84246625 0.9007918749999999 -9.393343125
v -0.859293125 0.9061299999999999 -9.20625
v -0.85498125 0.8686587499999998 -9.4501825
v -0.868443125 0.8419887499999998 -9.20625
v -0.876299375 0.7917518749999999 -9.544619375
v -0.836486875 0.7823387499999999 -9.20625
v -0.808525625 0.76299875 -9.6375
v -0.77074625 0.7408437499999998 -9.20625
v -0.74398125 0.74704875 -9.693403125
v -0.686280625 0.7270106249999999 -9.20625
v 0.5375 -0.38750000000000007 -9.675
v 0.7875 -0.35625000000000007 -9.625
v 0.69171125 -0.2813506250000001 -9.820855625
v 0.28125 0.06249999999999967 -8.375
v 0.28125 0.06562499999999882 -4.375
v 1.40625 0.06249999999999967 -8.375
v 1.46875 0.06562499999999882 -4.375
v 0.28125 -0.48125000000000034 -8.375
v 0.28125 0.06249999999999967 -8.375
v 1.4375 -0.34375000000000033 -8.377304375
v 1.40625 0.06249999999999967 -8.375
v 0.7125 -0.46875000000000033 -8.377304375
v 1.3375 -0.3937500000000003 -8.377304375
v 1.075 -0.43750000000000033 -8.377304375
v 0.28125 -0.48125000000000007 -9.6875
v 0.28125 -0.48125000000000034 -8.375
v 0.5375 -0.46875000000000006 -9.677304375
v 0.7125 -0.46875000000000033 -8.377304375
v 0.5375 -0.46875000000000006 -9.677304375
v 0.7125 -0.46875000000000033 -8.377304375
v 0.7875 -0.43750000000000006 -9.627304375
v 1.075 -0.43750000000000033 -8.377304375
v 0.7875 -0.43750000000000006 -9.627304375
v 1.075 -0.43750000000000033 -8.377304375
v 0.95625 -0.39375000000000004 -9.527304375
v 1.3375 -0.3937500000000003 -8.377304375
v 0.95625 -0.39375000000000004 -9.527304375
v 1.3375 -0.3937500000000003 -8.377304375
v 1.085475625 -0.3282293750000001 -9.32798625
v 1.4375 -0.34375000000000033 -8.377304375
v 1.25625 -0.3375000000000002 -9.039804375000001
v 0.265625 1.4624999999999997 -8.425
v 0.1875 0.625 -9.94375
v 0.796875 1.4468749999999997 -8.425
v 0.60625 0.64375 -9.9
v 0.7160575 1.1153824999999997 -9.05034125
v 0.62501125 0.7243306250000001 -9.7548325
v 0.562918125 0.7700156250000001 -9.674279375
v 0.51144625 0.8176193749999998 -9.590024375
v 0.50072 0.8703362499999998 -9.495608125
v 0.550725 0.9217062499999997 -9.4021475
v 0.685005 0.9820087499999999 -9.290618125
v 0.224248125 2.3818537499999994 -6.7224362499999994
v 0.115828125 2.326488124999999 -6.82616625
v 0.631729375 2.436531249999999 -6.547273124999999
v 0.52363875 2.3638924999999995 -6.712068749999999
v 0.333938125 2.340946249999999 -6.790568749999999
v 0.52363875 2.3638924999999995 -6.712068749999999
v 0.71455625 1.7449599999999996 -7.811633125
v 0.631729375 2.436531249999999 -6.547273124999999
v 0.851650625 1.7298931249999996 -7.818498125
v 0.29404125 1.6859843749999996 -7.991300625
v 0.298495 1.6401331249999995 -8.074887499999999
v 0.71455625 1.7449599999999996 -7.811633125
v 0.851650625 1.7298931249999996 -7.818498125
v 0.550605 1.7047224999999997 -7.91496875
v 0.298495 2.9526331249999993 -5.668637499999999
v 0.224248125 2.3818537499999994 -6.7224362499999994
v 0.629745 2.896383124999999 -5.668637499999999
v 0.631729375 2.436531249999999 -6.547273124999999
v 0.267211875 2.7121412499999993 -6.112645
v 0.48865625 2.7130906249999995 -6.064921249999999
v 0.41839625 2.795212499999999 -5.930709374999999
v 0.328974375 2.851785624999999 -5.84674625
v 0.629745 2.896383124999999 -5.668637499999999
v 0.631729375 2.436531249999999 -6.547273124999999
v 0.962546875 2.4867737499999993 -6.159432499999999
v 0.298495 3.2276331249999988 -5.106137499999999
v 0.298495 2.9526331249999993 -5.668637499999999
v 0.629745 3.146383124999999 -5.106137499999999
v 0.629745 2.896383124999999 -5.668637499999999
v 0.629745 2.896383124999999 -5.668637499999999
v 0.962546875 2.4867737499999993 -6.159432499999999
v 0.629745 3.146383124999999 -5.106137499999999
v 1.198875625 2.4809118749999994 -5.6944574999999995
v 0.787153125 2.9819418749999995 -5.302420625
v 1.0124 2.745864374999999 -5.487142499999999
v 0.298495 3.377633124999999 -4.4748874999999995
v 0.298495 3.2276331249999988 -5.106137499999999
v 0.67522125 3.4127768749999987 -4.124999999999999
v 0.629745 3.146383124999999 -5.106137499999999
v 0.648899375 3.368863749999999 -4.393288749999999
v 0.298495 1.6401331249999995 -8.074887499999999
v 0.265625 1.4624999999999997 -8.425
v 0.851650625 1.7298931249999996 -7.818498125
v 0.796875 1.4468749999999997 -8.425
v 1.46875 1.224999999999999 -5.187499999999999
v 1.43125 1.224999999999999 -7
v 1.46875 0.01562499999999889 -5.1875
v 1.484375 0.21874999999999933 -7
v 1.45774375 1.224999999999999 -5.719466249999999
v 1.47343375 0.08901749999999908 -5.7308481250000005
v 1.43125 1.224999999999999 -7
v 1.41875 1.1874999999999998 -7.512499999999999
v 1.484375 0.21874999999999933 -7
v 1.48125 0.19374999999999942 -7.512499999999999
v 1.41875 1.1874999999999998 -7.512499999999999
v 1.40625 1.0749999999999995 -8.025
v 1.48125 0.19374999999999942 -7.512499999999999
v 1.45625 0.10624999999999962 -8.025
v 1.40625 1.0749999999999995 -8.025
v 1.36875 0.8999999999999997 -8.5375
v 1.45625 0.10624999999999962 -8.025
v 1.39375 -0.012500000000000289 -8.5375
v 1.2625 0.7312499999999997 -9.05
v 1.03125 0.5 -9.6375
v 1.225 -0.15625000000000022 -9.05
v 0.7875 -0.35625000000000007 -9.625
v 0.94796125 -0.10010062500000005 -9.583355625
v 0.89375 -0.33125000000000004 -9.5625
v 1.23125 0.8562499999999997 -9.05
v 1 0.625 -9.6375
v 1.2625 0.7312499999999997 -9.05
v 1.03125 0.5 -9.6375
v 1.16875 0.9749999999999999 -9.05
v 0.9375 0.70625 -9.6375
v 1.23125 0.8562499999999997 -9.05
v 1 0.625 -9.6375
v 1.0125 1.0687499999999999 -9.05
v 1.16875 0.9749999999999999 -9.05
v 0.9375 0.70625 -9.6375
v 0.808525625 0.76299875 -9.6375
v 0.876299375 0.7917518749999999 -9.544619375
v 0.85498125 0.8686587499999998 -9.4501825
v 1 0.625 -9.6375
v 0.83125 0.48750000000000004 -9.925
v 1.03125 0.5 -9.6375
v 0.86875 0.38749999999999996 -9.925
v 0.9375 0.70625 -9.6375
v 0.775 0.5625 -9.925
v 1 0.625 -9.6375
v 0.83125 0.48750000000000004 -9.925
v 0.60625 0.64375 -9.9
v 0.9375 0.70625 -9.6375
v 0.775 0.5625 -9.925
v 0.74398125 0.74704875 -9.693403125
v 0.80784375 0.7632987500000001 -9.6375
v 0.62501125 0.7243306250000001 -9.7548325
v 0.7160575 1.1153824999999997 -9.05034125
v 1.0125 1.0687499999999999 -9.05
v 0.684770625 0.9810018749999998 -9.292431875
v 0.745158125 1.0038537499999998 -9.236148125
v 0.785015625 0.9659731249999999 -9.29103
v 0.84246625 0.9007918749999999 -9.393343125
v 0.85498125 0.8686587499999998 -9.4501825
v 1.163285625 1.6366274999999997 -7.46156625
v 1.063718125 1.5863856249999995 -7.868156875
v 1.336201875 1.4132268749999997 -7.530226875
v 1.292885 1.3629843749999997 -7.936818125
v 1.386201875 1.3007268749999994 -7.573976875
v 1.367885 1.2317343749999996 -7.980568125
v 1.41875 1.1874999999999998 -7.512499999999999
v 1.40625 1.0749999999999995 -8.025
v 1.336201875 1.4132268749999997 -7.530226875
v 1.292885 1.3629843749999997 -7.936818125
v 1.386201875 1.3007268749999994 -7.573976875
v 1.367885 1.2317343749999996 -7.980568125
v 1.401135 1.4157718749999992 -6.581275
v 1.336201875 1.4132268749999997 -7.530226875
v 1.424790625 1.311276249999999 -6.602541875
v 1.386201875 1.3007268749999994 -7.573976875
v 1.4109425 1.456154374999999 -5.70661625
v 1.3296925 1.5686543749999993 -6.58161625
v 1.438114375 1.377819374999999 -5.712360625
v 1.401135 1.4157718749999992 -6.581275
v 1.438114375 1.377819374999999 -5.712360625
v 1.401135 1.4157718749999992 -6.581275
v 1.45774375 1.224999999999999 -5.719466249999999
v 1.424790625 1.311276249999999 -6.602541875
v 1.424790625 1.311276249999999 -6.602541875
v 1.45774375 1.224999999999999 -5.719466249999999
v 1.43125 1.224999999999999 -7
v 1.424790625 1.311276249999999 -6.602541875
v 1.386201875 1.3007268749999994 -7.573976875
v 1.43125 1.224999999999999 -7
v 1.41875 1.1874999999999998 -7.512499999999999
v 1.3296925 1.5686543749999993 -6.58161625
v 1.163285625 1.6366274999999997 -7.46156625
v 1.401135 1.4157718749999992 -6.581275
v 1.336201875 1.4132268749999997 -7.530226875
v 0.796875 1.4468749999999997 -8.425
v 0.7160575 1.1153824999999997 -9.05034125
v 1.0776925 1.3596174999999995 -8.424658749999999
v 1.0125 1.0687499999999999 -9.05
v 1.0776925 1.3596174999999995 -8.424658749999999
v 1.0125 1.0687499999999999 -9.05
v 1.2245675 1.2408674999999996 -8.424658749999999
v 1.16875 0.9749999999999999 -9.05
v 1.2245675 1.2408674999999996 -8.424658749999999
v 1.16875 0.9749999999999999 -9.05
v 1.3120675 1.1221174999999997 -8.424658749999999
v 1.23125 0.8562499999999997 -9.05
v 1.3120675 1.1221174999999997 -8.424658749999999
v 1.23125 0.8562499999999997 -9.05
v 1.36875 0.8999999999999997 -8.5375
v 1.2625 0.7312499999999997 -9.05
v 0.851650625 1.7298931249999996 -7.818498125
v 0.796875 1.4468749999999997 -8.425
v 1.063718125 1.5863856249999995 -7.868156875
v 1.0776925 1.3596174999999995 -8.424658749999999
v 0.631729375 2.436531249999999 -6.547273124999999
v 0.851650625 1.7298931249999996 -7.818498125
v 0.962546875 2.4867737499999993 -6.159432499999999
v 1.063718125 1.5863856249999995 -7.868156875
v 0.962546875 2.4867737499999993 -6.159432499999999
v 1.063718125 1.5863856249999995 -7.868156875
v 1.262114375 2.0557662499999996 -6.6278412499999995
v 1.163285625 1.6366274999999997 -7.46156625
v 1.198875625 2.4809118749999994 -5.6944574999999995
v 1.3859425 2.3061543749999993 -5.70661625
v 1.262114375 2.0557662499999996 -6.6278412499999995
v 0.962546875 2.4867737499999993 -6.159432499999999
v 1.3754325 2.431007499999999 -5.17534125
v 1.44375 2.312499999999999 -5.187499999999999
v 1.3859425 2.3061543749999993 -5.70661625
v 1.198875625 2.4809118749999994 -5.6944574999999995
v 0.8170625 3.0299243749999984 -5.106591249999999
v 1.3754325 2.431007499999999 -5.17534125
v 1.198875625 2.4809118749999994 -5.6944574999999995
v 0.787153125 2.9819418749999995 -5.302420625
v 1.0124 2.745864374999999 -5.487142499999999
v 1.050533125 2.821453749999999 -5.106591249999999
v 1.063718125 1.5863856249999995 -7.868156875
v 1.0776925 1.3596174999999995 -8.424658749999999
v 1.292885 1.3629843749999997 -7.936818125
v 1.2245675 1.2408674999999996 -8.424658749999999
v 1.292885 1.3629843749999997 -7.936818125
v 1.2245675 1.2408674999999996 -8.424658749999999
v 1.367885 1.2317343749999996 -7.980568125
v 1.3120675 1.1221174999999997 -8.424658749999999
v 1.367885 1.2317343749999996 -7.980568125
v 1.3120675 1.1221174999999997 -8.424658749999999
v 1.40625 1.0749999999999995 -8.025
v 1.36875 0.8999999999999997 -8.5375
v 1.36875 0.8999999999999997 -8.5375
v 1.2625 0.7312499999999997 -9.05
v 1.39375 -0.012500000000000289 -8.5375
v 1.225 -0.15625000000000022 -9.05
v 1.03125 0.5 -9.6375
v 0.86875 0.38749999999999996 -9.925
v 0.94796125 -0.10010062500000005 -9.583355625
v 0.80421125 -0.14385062500000012 -9.820855625
v 0.94796125 -0.10010062500000005 -9.583355625
v 0.80421125 -0.14385062500000012 -9.820855625
v 0.7875 -0.35625000000000007 -9.625
v 0.69171125 -0.2813506250000001 -9.820855625
v 1.46875 1.2249999999999985 -4.374999999999999
v 1.46875 1.224999999999999 -5.187499999999999
v 1.46875 -0.18750000000000122 -4.375
v 1.46875 0.014607499999998885 -5.1875
v 1.46875 -0.07758812500000123 -4.663865
v 1.46875 -0.18750000000000122 -4.553945625000001
v 1.5125 -0.1875000000000011 -5.21875
v 1.5125 -0.016642500000001115 -5.21875
v 1.5125 -0.10883812500000123 -4.695115
v 1.5125 -0.18750000000000122 -4.603945625000001
v 1.5125 -0.187500000000001 -5.708554375
v 1.5125 0.03960749999999902 -5.708554375
v 1.5125 -0.016642500000001115 -5.21875
v 1.5125 -0.1875000000000011 -5.21875
v 1.5125 -0.18750000000000067 -7.021054375
v 1.5125 0.13960749999999933 -7.021054375
v 1.5125 0.03960749999999902 -5.708554375
v 1.5125 -0.187500000000001 -5.708554375
v 1.5125 -0.21875000000000056 -7.521054375
v 1.5125 0.10835749999999944 -7.521054375
v 1.5125 0.13960749999999933 -7.021054375
v 1.5125 -0.18750000000000067 -7.021054375
v 1.48125 -0.28125000000000044 -8.021054375
v 1.48125 0.02085749999999964 -8.021054375
v 1.5125 0.10835749999999944 -7.521054375
v 1.5125 -0.21875000000000056 -7.521054375
v 1.4375 -0.34375000000000033 -8.377304375
v 1.4375 -0.054142500000000315 -8.377304375
v 1.48125 0.02085749999999964 -8.021054375
v 1.48125 -0.28125000000000044 -8.021054375
v 1.25625 -0.3375000000000002 -9.039804375000001
v 1.25625 -0.2416425000000002 -9.039804375
v 1.4375 -0.054142500000000315 -8.377304375
v 1.4375 -0.34375000000000033 -8.377304375
v 1.5125 0.03960749999999902 -5.708554375
v 1.47343375 0.08901749999999908 -5.7308481250000005
v 1.46875 0.01562499999999889 -5.1875
v 1.5125 -0.016642500000001115 -5.21875
v 1.5125 -0.016642500000001115 -5.21875
v 1.46875 0.014607499999998885 -5.1875
v 1.46875 -0.18750000000000122 -4.553945625000001
v 1.5125 -0.18750000000000122 -4.603945625000001
v 1.5125 -0.10883812500000123 -4.695115
v 1.46875 -0.07758812500000123 -4.663865
v 1.5125 0.13960749999999933 -7.021054375
v 1.484375 0.21874999999999933 -7
v 1.47343375 0.08901749999999908 -5.7308481250000005
v 1.5125 0.03960749999999902 -5.708554375
v 1.5125 0.10835749999999944 -7.521054375
v 1.48125 0.19374999999999942 -7.512499999999999
v 1.484375 0.21874999999999933 -7
v 1.5125 0.13960749999999933 -7.021054375
v 1.48125 0.02085749999999964 -8.021054375
v 1.45625 0.10624999999999962 -8.025
v 1.48125 0.19374999999999942 -7.512499999999999
v 1.5125 0.10835749999999944 -7.521054375
v 1.4375 -0.054142500000000315 -8.377304375
v 1.39375 -0.012500000000000289 -8.5375
v 1.45625 0.10624999999999962 -8.025
v 1.48125 0.02085749999999964 -8.021054375
v 1.25625 -0.2416425000000002 -9.039804375
v 1.225 -0.15625000000000022 -9.05
v 1.39375 -0.012500000000000289 -8.5375
v 1.4375 -0.054142500000000315 -8.377304375
v 0.7875 -0.43750000000000006 -9.627304375
v 0.7875 -0.35625000000000007 -9.625
v 0.89375 -0.33125000000000004 -9.5625
v 0.95625 -0.39375000000000004 -9.527304375
v 0.5375 -0.46875000000000006 -9.677304375
v 0.5375 -0.38750000000000007 -9.675
v 0.7875 -0.35625000000000007 -9.625
v 0.7875 -0.43750000000000006 -9.627304375
v 0.28125 -0.48125000000000007 -9.6875
v 0.28125 -0.4000000000000001 -9.6875
v 0.5375 -0.38750000000000007 -9.675
v 0.5375 -0.46875000000000006 -9.677304375
v 0.95625 -0.39375000000000004 -9.527304375
v 0.89375 -0.33125000000000004 -9.5625
v 1.225 -0.15625000000000022 -9.05
v 1.25625 -0.2416425000000002 -9.039804375
v 1.085475625 -0.3282293750000001 -9.32798625
v 1.085475625 -0.3282293750000001 -9.32798625
v 1.25625 -0.2416425000000002 -9.039804375
v 1.25625 -0.3375000000000002 -9.039804375000001
v 0.859540625 3.2438787499999986 -4.124999999999999
v 0.8170625 3.0299243749999984 -5.106591249999999
v 1.08051125 3.022908124999999 -4.124999999999999
v 1.050533125 2.821453749999999 -5.106591249999999
v 0.85329 3.219200624999999 -4.3855925
v 1.07437875 2.9990268749999984 -4.381709375
v 0.67522125 3.4127768749999987 -4.124999999999999
v 0.629745 3.146383124999999 -5.106137499999999
v 0.859540625 3.2438787499999986 -4.124999999999999
v 0.787153125 2.9819418749999995 -5.302420625
v 0.648899375 3.368863749999999 -4.393288749999999
v 0.85329 3.219200624999999 -4.3855925
v 0.8170625 3.0299243749999984 -5.106591249999999
v 1.080511875 3.022908124999999 -4.124999999999999
v 1.050533125 2.821453749999999 -5.106591249999999
v 1.34916125 2.601212499999999 -4.124999999999999
v 1.3754325 2.431007499999999 -5.17534125
v 1.07437875 2.9990268749999984 -4.381709375
v 1.356693125 2.5895512499999986 -4.372905625
v 1.34916125 2.601212499999999 -4.124999999999999
v 1.3754325 2.431007499999999 -5.17534125
v 1.46875 2.312499999999999 -4.124999999999999
v 1.44375 2.312499999999999 -5.187499999999999
v 1.356693125 2.5895512499999986 -4.372905625
v 1.46875 2.312499999999999 -4.374999999999999
v 1.46875 2.312499999999999 -4.374999999999999
v 1.44375 2.312499999999999 -5.187499999999999
v 1.46875 1.2249999999999985 -4.374999999999999
v 1.46875 1.224999999999999 -5.187499999999999
v 1.4375 1.381249999999999 -5.187499999999999
v 1.44375 2.312499999999999 -5.187499999999999
v 1.3859425 2.3061543749999993 -5.70661625
v 1.4375 1.381249999999999 -5.187499999999999
v 1.4109425 1.456154374999999 -5.70661625
v 1.4375 1.381249999999999 -5.187499999999999
v 1.4109425 1.456154374999999 -5.70661625
v 1.46875 1.224999999999999 -5.187499999999999
v 1.45774375 1.224999999999999 -5.719466249999999
v 1.438114375 1.377819374999999 -5.712360625
v 1.3859425 2.3061543749999993 -5.70661625
v 1.262114375 2.0557662499999996 -6.6278412499999995
v 1.4109425 1.456154374999999 -5.70661625
v 1.3296925 1.5686543749999993 -6.58161625
v 1.39018 2.162094999999999 -5.70661625
v 1.32883125 2.059608749999999 -6.227422499999999
v 1.356859375 1.714704374999999 -6.228408125
v 1.40583125 1.629956249999999 -5.70661625
v 1.316058125 2.030219999999999 -6.31807375
v 1.34694125 1.7032462499999992 -6.316384375
v 1.324633125 1.7294374999999993 -6.463395625
v 1.28676375 1.893346874999999 -6.59604375
v 1.281790625 1.950799999999999 -6.57830125
v 1.32883125 2.059608749999999 -6.227422499999999
v 1.356859375 1.714704374999999 -6.228408125
v 1.316058125 2.030219999999999 -6.31807375
v 1.34694125 1.7032462499999992 -6.316384375
v 1.262114375 2.0557662499999996 -6.6278412499999995
v 1.3296925 1.5686543749999993 -6.58161625
v 1.163285625 1.6366274999999997 -7.46156625
v 0.68901125 0.8615906249999998 -9.20625
v 0.62501125 0.7243306250000001 -9.7548325
v 0.602440625 0.7440081249999999 -9.20625
v 0.562918125 0.7700156250000001 -9.674279375
v 0.538433125 0.7879418749999998 -9.20625
v 0.51144625 0.8176193749999998 -9.590024375
v 0.508920625 0.8487481249999997 -9.20625
v 0.50072 0.8703362499999998 -9.495608125
v 0.520665 0.9124962499999998 -9.20625
v 0.550725 0.9217062499999997 -9.4021475
v 0.570975625 0.9645824999999999 -9.20625
v 0.685005 0.9820087499999999 -9.290618125
v 0.64832625 0.9930743749999997 -9.20625
v 0.745158125 1.0038537499999998 -9.236148125
v 0.7349975 0.9914449999999999 -9.20625
v 0.785015625 0.9659731249999999 -9.29103
v 0.81113375 0.9600674999999999 -9.20625
v 0.84246625 0.9007918749999999 -9.393343125
v 0.859293125 0.9061299999999999 -9.20625
v 0.85498125 0.8686587499999998 -9.4501825
v 0.868443125 0.8419887499999998 -9.20625
v 0.876299375 0.7917518749999999 -9.544619375
v 0.836486875 0.7823387499999999 -9.20625
v 0.808525625 0.76299875 -9.6375
v 0.77074625 0.7408437499999998 -9.20625
v 0.74398125 0.74704875 -9.693403125
v 0.686280625 0.7270106249999999 -9.20625
v 0.67522125 3.412838749999999 -4.124999999999999
v 0.298495625 3.377633124999999 -4.4748874999999995
v -0.67522125 3.4127768749999987 -4.124999999999999
v -0.298495 3.377633124999999 -4.4748874999999995
v 0.298495625 3.377633124999999 -4.4748874999999995
v 0.298495625 3.2276331249999988 -5.106137499999999
v -0.298495 3.377633124999999 -4.4748874999999995
v -0.298495 3.2276331249999988 -5.106137499999999
v 0.298495625 2.9526331249999993 -5.668637499999999
v -0.298495 2.9526331249999993 -5.668637499999999
v 0.061614375 2.9134787499999995 -5.740925624999999
v -0.061993125 2.914261249999999 -5.73948125
v 0.298495625 3.2276331249999988 -5.106137499999999
v 0.298495625 2.9526331249999993 -5.668637499999999
v -0.298495 3.2276331249999988 -5.106137499999999
v -0.298495 2.9526331249999993 -5.668637499999999
v 0 2.812499999999999 -5.703124999999999
v 0.267211875 2.7121412499999993 -6.112645
v 0.027199375 2.703124999999999 -5.703124999999999
v 0.48865625 2.7130906249999995 -6.064921249999999
v 0.20121125 2.724788124999999 -5.703124999999999
v 0.41839625 2.795212499999999 -5.930709374999999
v 0.17262875 2.7638237499999994 -5.703124999999999
v 0.328974375 2.851785624999999 -5.84674625
v 0.137858125 2.812499999999999 -5.703124999999999
v 0.287286875 2.8664662499999993 -5.827722499999999
v 0.11012875 2.861176249999999 -5.703124999999999
v 0.18678625 2.8970499999999992 -5.771257499999999
v 0.07621125 2.915836874999999 -5.703124999999999
v 0.061614375 2.9134787499999995 -5.740925624999999
v 0.027199375 2.921874999999999 -5.703124999999999
v -0.061993125 2.914261249999999 -5.73948125
v -0.027199375 2.921874999999999 -5.703124999999999
v -0.1879475 2.897832499999999 -5.769813125
v -0.07621125 2.915836874999999 -5.703124999999999
v -0.287286875 2.8664662499999993 -5.827722499999999
v -0.11012875 2.861176249999999 -5.703124999999999
v -0.328974375 2.851785624999999 -5.84674625
v -0.137858125 2.812499999999999 -5.703124999999999
v -0.41839625 2.795212499999999 -5.930709374999999
v -0.17262875 2.7638237499999994 -5.703124999999999
v -0.48865625 2.7130906249999995 -6.064921249999999
v -0.20121125 2.724788124999999 -5.703124999999999
v -0.267211875 2.7121412499999993 -6.112645
v -0.027199375 2.703124999999999 -5.703124999999999
v 0.267211875 2.7121412499999993 -6.112645
v 0.224248125 2.3818537499999994 -6.7224362499999994
v -0.267211875 2.7121412499999993 -6.112645
v -0.224248125 2.3818537499999994 -6.7224362499999994
v 0.224248125 2.3818537499999994 -6.7224362499999994
v 0.115828125 2.326488124999999 -6.82616625
v -0.224248125 2.3818537499999994 -6.7224362499999994
v -0.115828125 2.326488124999999 -6.82616625
v 0.29404125 1.6859843749999996 -7.991300625
v 0.298495625 1.6401331249999995 -8.074887499999999
v -0.29404125 1.6859843749999996 -7.991300625
v -0.298495 1.6401331249999995 -8.074887499999999
v 0.298495625 1.6401331249999995 -8.074887499999999
v 0.265625 1.4624999999999997 -8.425
v -0.298495 1.6401331249999995 -8.074887499999999
v -0.265625 1.4624999999999997 -8.425
v 0.265625 1.4624999999999997 -8.425
v 0.1875 0.625 -9.94375
v -0.265625 1.4624999999999997 -8.425
v -0.1875 0.625 -9.94375
v 0.28125 -0.48125000000000007 -9.6875
v 0.28125 -0.48125000000000034 -8.375
v -0.28125 -0.48125000000000007 -9.6875
v -0.28125 -0.48125000000000034 -8.375
v 0.28125 -0.48125000000000034 -8.375
v 0.28125 0.06249999999999967 -8.375
v -0.28125 -0.48125000000000034 -8.375
v -0.28125 0.06249999999999967 -8.375
v 0.28125 0.06249999999999967 -8.375
v 0.28125 0.06562499999999882 -4.375
v -0.28125 0.06249999999999967 -8.375
v -0.28125 0.06562499999999882 -4.375
v 0.298495 2.9526331249999993 -5.668637499999999
v 0.328974375 2.851785624999999 -5.84674625
v 0.287286875 2.8664662499999993 -5.827722499999999
v 0.298495625 2.9526331249999993 -5.668637499999999
v 0.287286875 2.8664662499999993 -5.827722499999999
v 0.18678625 2.8970499999999992 -5.771257499999999
v 0.061614375 2.9134787499999995 -5.740925624999999
v -0.298495 2.9526331249999993 -5.668637499999999
v -0.328974375 2.851785624999999 -5.84674625
v -0.287286875 2.8664662499999993 -5.827722499999999
v -0.298495625 2.9526331249999993 -5.668637499999999
v -0.287286875 2.8664662499999993 -5.827722499999999
v -0.1879475 2.897832499999999 -5.769813125
v -0.061993125 2.914261249999999 -5.73948125
v 0.28125 -0.4000000000000001 -9.6875
v 0.28125 -0.48125000000000007 -9.6875
v -0.28125 -0.4000000000000001 -9.6875
v -0.28125 -0.48125000000000007 -9.6875
v -1.43125 1.224999999999999 -7
v -1.484375 0.21874999999999933 -7
v -1.45774375 1.224999999999999 -5.719466249999999
v -1.47343375 0.08901749999999908 -5.7308481250000005
v -1.4085275 1.0157193749999995 -8.11326375
v -1.4577775 1.0076574999999994 -7.08367375
v -1.472785625 0.6525912499999993 -7.07748125
v -1.43280375 0.6488893749999995 -8.1146675
v -1.44382125 1.1975899999999993 -6.732121875
v -1.455421875 1.189784999999999 -5.989446875
v -1.475095 0.8016581249999992 -5.98373125
v -1.472555625 0.7991562499999993 -6.7334175
v 1.4085275 1.0157193749999995 -8.11326375
v 1.4577775 1.0076574999999994 -7.08367375
v 1.472785625 0.6525912499999993 -7.07748125
v 1.43280375 0.6488893749999995 -8.1146675
v 1.44382125 1.1975899999999993 -6.732121875
v 1.455421875 1.189784999999999 -5.989446875
v 1.475095 0.8016581249999992 -5.98373125
v 1.472555625 0.7991562499999993 -6.7334175
vt 0.24501579545454544 0.09659090909090906
vt 0.24501579545454544 0.07324005681818191
vt 0.2627840909090909 0.08435363636363635
vt 0 0.7443181818181819
vt 0 0.38068181818181823
vt 0.10795454545454546 0.38068181818181823
vt 0.10227272727272728 0.7443181818181819
vt 0.5000476704545455 0.18610556818181823
vt 0.5312023295454545 0.1477272727272727
vt 0.5312023295454545 0.20993249999999997
vt 0.2955597159090909 0.042613636363636354
vt 0.30387210227272726 0.07871051136363638
vt 0.2955597159090909 0.08455994318181825
vt 0.7556818181818182 0.36931818181818177
vt 0.7494314772727272 0.41079556818181817
vt 0.7255680113636364 0.4147727272727273
vt 0.6534090909090909 0.36931818181818177
vt 0.8700560795454546 0.8196022727272727
vt 0.8436868181818181 0.8395705113636364
vt 0.7847734659090908 0.8196022727272727
vt 0.6536849431818182 0.5681818181818181
vt 0.6536849431818182 0.44886363636363635
vt 0.6929059659090909 0.44907329545454544
vt 0.677003125 0.5672551136363637
vt 0.2342622159090909 0.32386363636363635
vt 0.2342622159090909 0.20461579545454545
vt 0.26704545454545453 0.20021937499999998
vt 0.25634329545454543 0.3163265909090909
vt 0.11987204545454545 0.26136363636363635
vt 0.11987204545454545 0.14476028409090913
vt 0.1434659090909091 0.13941136363636353
vt 0.13327022727272728 0.24906517045454535
vt 0.15462357954545455 0.19318181818181823
vt 0.15462357954545455 0.08304056818181815
vt 0.16761363636363635 0.1425326136363636
vt 0.1619775 0.17228551136363635
vt 0.15914710227272727 0.2865052272727273
vt 0.1690340909090909 0.2841476704545455
vt 0.1690340909090909 0.34659090909090906
vt 0.4272193181818182 0.28409090909090906
vt 0.38670113636363634 0.23357113636363636
vt 0.4272193181818182 0.2072507954545454
vt 0.53266875 0.125
vt 0.5004382954545454 0.1477272727272727
vt 0.4895802272727273 0.13710414772727264
vt 0.48863806818181815 0.125
vt 0.31142232954545457 0.48565522727272725
vt 0.2897727272727273 0.45263892045454546
vt 0.3181818181818182 0.381059375
vt 0.3181818181818182 0.49431818181818177
vt 0.7300986363636363 0.8451742613636364
vt 0.6199493181818182 0.8181818181818181
vt 0.7777779545454546 0.8181818181818181
vt 0.739875 0.8465909090909091
vt 0.9510511931818182 0.4283397159090909
vt 0.9079839772727273 0.4375
vt 0.9040624431818182 0.4283397159090909
vt 0.4050035795454546 0.07954545454545459
vt 0.3808275568181818 0.07264448863636364
vt 0.42030880681818183 0.07264448863636364
vt 0.2875780681818182 0.4854873863636363
vt 0.2991290909090909 0.49431818181818177
vt 0.2789959090909091 0.49431818181818177
vt 0.9626133522727273 0.3691498295454546
vt 0.9447673863636363 0.375
vt 0.9265911931818182 0.3691498295454546
vt 0.898010625 0.529139034090909
vt 0.9386371022727272 0.529139034090909
vt 0.932427215909091 0.5397727272727273
vt 0.5511363636363636 0.09114642045454557
vt 0.5511363636363636 0.20716056818181816
vt 0.5398372159090908 0.2102272727272727
vt 0.5397727272727273 0.0765057954545455
vt 0.10879113636363637 0.19146068181818177
vt 0.11331636363636365 0.19886363636363635
vt 0.08554727272727272 0.19886363636363635
vt 0.9821597159090909 0.38636363636363635
vt 0.9261363636363636 0.38636363636363635
vt 0.9546838068181818 0.38234005681818184
vt 0.9266363636363636 0.09090909090909094
vt 0.9381685227272727 0.0859500568181818
vt 0.9554659090909091 0.09090909090909094
vt 0.8239415909090909 0.8465909090909091
vt 0.8053130113636364 0.8806818181818181
vt 0.7556818181818182 0.8645299431818182
vt 0.7607759090909091 0.8465909090909091
vt 0.10227272727272728 0.17613636363636365
vt 0.10227272727272728 0.08598210227272718
vt 0.11532312499999998 0.12560130681818182
vt 0.875 0.2727272727272727
vt 0.8916328977272727 0.24710886363636364
vt 0.9046769318181819 0.26066460227272725
vt 0.906957215909091 0.2727272727272727
vt 0.8881122727272728 0.09169602272727273
vt 0.8996678409090909 0.10227272727272729
vt 0.8579545454545454 0.10227272727272729
vt 0.6348274431818182 0.15984517045454538
vt 0.6348274431818182 0.25
vt 0.6022727272727273 0.21670409090909082
vt 0.42045454545454547 0.139697215909091
vt 0.42045454545454547 0.1966177272727272
vt 0.39235295454545455 0.19886363636363635
vt 0.39204545454545453 0.14294170454545452
vt 0.5795454545454546 0.4721000000000001
vt 0.5952268749999999 0.4497222159090909
vt 0.5952268749999999 0.5056818181818181
vt 0.18651426136363636 0.23128698863636366
vt 0.14772727272727273 0.28409090909090906
vt 0.14772727272727273 0.2184355681818182
vt 0.17378232954545456 0.19651767045454538
vt 0.024433579545454543 0.1875
vt 0 0.14685948863636367
vt 0.024433579545454543 0.12184448863636355
vt 0.7956181818181818 0.37292386363636365
vt 0.7923698863636364 0.43181818181818177
vt 0.7613636363636364 0.43181818181818177
vt 0.7631107954545455 0.36408693181818186
vt 0.8868734659090909 0.13068181818181823
vt 0.8693310227272728 0.11324607954545451
vt 0.9161803409090908 0.11324607954545451
vt 0.7620113068181819 0.9545454545454546
vt 0.7978267613636363 0.9545454545454546
vt 0.794438125 1
vt 0.7334232386363637 0.999941590909091
vt 0.05113636363636364 0.375
vt 0.0010051136363636365 0.375
vt 0 0.2717187499999999
vt 0.05113636363636364 0.26506761363636366
vt 0.7399246590909091 0.3125
vt 0.6933139772727273 0.30916892045454547
vt 0.6933139772727273 0.2186494886363637
vt 0.7398976704545455 0.22089988636363633
vt 0.5467297159090909 0.3125
vt 0.5001092045454546 0.302345
vt 0.5001092045454546 0.21415960227272735
vt 0.5467657954545454 0.2219861363636363
vt 0.49130198863636365 0.32386363636363635
vt 0.4445531818181818 0.30805357954545454
vt 0.4445531818181818 0.22506812499999995
vt 0.4914772727272727 0.23570392045454547
vt 0.6624635227272727 0.3125
vt 0.6071976704545454 0.3106444886363636
vt 0.6031285795454546 0.25568181818181823
vt 0.6832386363636364 0.25568181818181823
vt 0.8011363636363636 0.8407818181818182
vt 0.77339875 0.8407818181818182
vt 0.7811621022727273 0.8323863636363636
vt 0.4266631818181818 0.1491477272727273
vt 0.484375 0.1491477272727273
vt 0.4334970454545454 0.16970857954545449
vt 0.3962599431818182 0.11931818181818177
vt 0.3933285227272727 0.10795454545454541
vt 0.45445494318181817 0.10795454545454541
vt 0.45738636363636365 0.11931818181818177
vt 0.8765657386363636 0.1477272727272727
vt 0.8755873863636363 0.13846005681818174
vt 0.9366589204545455 0.13587846590909092
vt 0.9389204545454546 0.1477272727272727
vt 0.4376936931818182 0.49431818181818177
vt 0.4376936931818182 0.4815084659090909
vt 0.4474431818181818 0.4897310795454546
vt 0.8607903409090909 0.6586908522727273
vt 0.852391875 0.6477272727272727
vt 0.9147727272727273 0.6477272727272727
vt 0.8702258522727273 0.6647727272727273
vt 0.9289772727272727 0.8599103409090909
vt 0.9221428409090909 0.875
vt 0.8817477272727273 0.8599103409090909
vt 0.781156875 0.5340909090909092
vt 0.7792848863636365 0.5245639204545455
vt 0.8109528409090909 0.5228140909090909
vt 0.8139204545454546 0.5340909090909092
vt 0.7399542613636364 0.08363698863636371
vt 0.7399542613636364 0.07511426136363641
vt 0.7727272727272727 0.07590897727272727
vt 0.7726588068181819 0.08522727272727271
vt 0.726002784090909 0.47767312500000003
vt 0.7041503409090909 0.48863636363636365
vt 0.6995148295454545 0.47159090909090906
vt 0.7315340909090909 0.47159090909090906
vt 0.7911205681818182 0.08412982954545456
vt 0.8238636363636364 0.08412982954545456
vt 0.8206157386363636 0.09659090909090906
vt 0.9410819886363636 0.125
vt 0.9272564772727272 0.11870772727272727
vt 0.9517045454545454 0.11870772727272727
vt 0.9327302840909091 0.9458069886363636
vt 0.9758522727272727 0.9458069886363636
vt 0.9379441477272727 0.9488636363636364
vt 0.828125 0.10227272727272729
vt 0.8116915909090909 0.125
vt 0.798689659090909 0.1099636931818182
vt 0.7965793181818182 0.10227272727272729
vt 0.9573863636363636 0.9375
vt 0.932054659090909 0.9375
vt 0.9381178977272726 0.9326146022727273
vt 0.9229851136363636 0.2727272727272727
vt 0.9150945454545454 0.2634186363636364
vt 0.953125 0.2634186363636364
vt 0.7146631818181818 0.17613636363636365
vt 0.7111294318181818 0.14659034090909095
vt 0.7483966477272727 0.15030534090909098
vt 0.7528409090909091 0.17613636363636365
vt 0.893860625 0.4545454545454546
vt 0.8869459659090908 0.44318181818181823
vt 0.9346590909090909 0.44318181818181823
vt 0.9313379545454545 0.4526044886363636
vt 0.7453265909090909 0.10227272727272729
vt 0.7397173863636364 0.09090909090909094
vt 0.7772455113636364 0.09090909090909094
vt 0.7826704545454546 0.09962852272727263
vt 0.6178269318181818 1
vt 0.6139227840909091 0.9886363636363636
vt 0.7023097727272728 0.9886363636363636
vt 0.7042590340909091 0.9983221022727272
vt 0.6006965909090909 0.17613636363636365
vt 0.5853829545454545 0.17522403409090903
vt 0.5853829545454545 0.09608465909090913
vt 0.592899034090909 0.09597909090909096
vt 0.32746068181818183 0.16330653409090912
vt 0.317639375 0.1647727272727273
vt 0.31316431818181817 0.08522727272727271
vt 0.3271201136363637 0.08522727272727271
vt 0.8579747159090908 0.8954528409090909
vt 0.9744116477272727 0.8954528409090909
vt 0.8940872159090909 0.9034090909090909
vt 0.5516871590909092 0.6875
vt 0.5572767613636364 0.6767906818181819
vt 0.6039102840909091 0.6797798295454545
vt 0.6400742045454545 0.6875
vt 0.7610676136363637 0.6704545454545454
vt 0.7558591477272727 0.6420454545454546
vt 0.8423295454545454 0.6420454545454546
vt 0.8418924431818181 0.6594567045454545
vt 0.8068181818181818 0.9985836363636363
vt 0.8085282954545455 0.9713565909090909
vt 0.8693181818181818 0.9734966477272727
vt 0.8693181818181818 1
vt 0.8433119886363637 0.5053652272727274
vt 0.8411517045454545 0.48863636363636365
vt 0.9031332386363636 0.48863636363636365
vt 0.90625 0.5056818181818181
vt 0.8855027272727273 0.8283589204545454
vt 0.881979715909091 0.8181818181818181
vt 0.9441882954545455 0.8181818181818181
vt 0.9474431818181818 0.8295454545454546
vt 0.8512095454545455 0.5568181818181819
vt 0.8471255681818182 0.5458395454545455
vt 0.8968561931818182 0.5407202272727272
vt 0.9133522727272727 0.5568181818181819
vt 0.8198133522727272 0.7272727272727273
vt 0.8185775 0.7005684659090909
vt 0.873014659090909 0.7053277272727273
vt 0.8806818181818182 0.7272727272727273
vt 0.5795630681818182 0.799514034090909
vt 0.5684928409090909 0.7784090909090909
vt 0.7443181818181818 0.7784090909090909
vt 0.7126155681818181 0.8125
vt 0.2559390909090909 0.8068181818181819
vt 0.2930666477272727 0.7973010227272728
vt 0.3778409090909091 0.8068181818181819
vt 0.7040772159090909 0.8522478409090909
vt 0.7613636363636364 0.8806818181818181
vt 0.5855380681818182 0.8806818181818181
vt 0.7410141477272727 0.7727272727272727
vt 0.6935749431818182 0.7272727272727273
vt 0.7810879545454547 0.7272727272727273
vt 0.7840909090909091 0.7529220454545454
vt 0.25708085227272726 0.1647727272727273
vt 0.25708085227272726 0.14147375000000006
vt 0.30455323863636363 0.14027017045454537
vt 0.3053977272727273 0.1522022159090909
vt 0.6448863636363636 0.15340909090909094
vt 0.6263563068181818 0.15340909090909094
vt 0.6081754545454546 0.12457562499999997
vt 0.6435398295454545 0.12507869318181808
vt 0.8139204545454546 0.5930957954545455
vt 0.8012922727272728 0.6262110795454545
vt 0.7678311363636364 0.6363636363636364
vt 0.7678311363636364 0.5863230681818181
vt 0.8288849431818182 0.8863636363636364
vt 0.8245016477272727 0.8697620454545454
vt 0.8696102840909091 0.8600748863636364
vt 0.8835227272727273 0.8863636363636364
vt 0.6953443181818182 0.43181818181818177
vt 0.6937395454545454 0.4204545454545454
vt 0.7356319886363636 0.4204545454545454
vt 0.7414772727272727 0.43154948863636367
vt 0.43701556818181814 0.14204545454545459
vt 0.4211775 0.125
vt 0.4705274431818182 0.125
vt 0.4786931818181818 0.1378734659090909
vt 0.10795454545454546 0.37426136363636364
vt 0.05788647727272727 0.35915573863636363
vt 0.056818181818181816 0.27840909090909094
vt 0.10795454545454546 0.2914693181818181
vt 0.25 0.19263693181818187
vt 0.2215909090909091 0.18284619318181816
vt 0.22655204545454544 0.1335227272727273
vt 0.25 0.1373635227272728
vt 0.9147727272727273 0.5894886363636364
vt 0.9034190340909091 0.6123762500000001
vt 0.8872682386363636 0.6123762500000001
vt 0.8875126704545454 0.5919126704545454
vt 0.5930579545454546 0.5520375
vt 0.6193181818181818 0.6704545454545454
vt 0.5454545454545454 0.6704545454545454
vt 0.5454545454545454 0.5604193181818182
vt 0.2159090909090909 0.6202193181818183
vt 0.22590170454545452 0.6079545454545454
vt 0.24431818181818182 0.6079545454545454
vt 0.24431818181818182 0.7386363636363636
vt 0.724203125 0.1279818181818182
vt 0.6765997159090908 0.13636363636363635
vt 0.6765997159090908 0.11931818181818177
vt 0.7324911931818182 0.11931818181818177
vt 0.8693181818181818 0.14261363636363633
vt 0.8238636363636364 0.1477272727272727
vt 0.8238636363636364 0.125
vt 0.8693181818181818 0.125
vt 0.8181818181818182 0.4568181818181819
vt 0.6988636363636364 0.46590909090909094
vt 0.6988636363636364 0.4375
vt 0.8181818181818182 0.4375
vt 0.8717104545454546 0.18181818181818177
vt 0.8261672159090909 0.18181818181818177
vt 0.8243122727272727 0.15340909090909094
vt 0.8698555113636364 0.15340909090909094
vt 0.7045454545454546 0.17613636363636365
vt 0.6590909090909091 0.1681818181818181
vt 0.6590909090909091 0.14071704545454544
vt 0.7045454545454546 0.14639886363636367
vt 0.8920454545454546 0.21590909090909094
vt 0.8587111931818182 0.21590909090909094
vt 0.8533259659090909 0.19013732954545448
vt 0.886427840909091 0.18902494318181828
vt 0.875 0.3920454545454546
vt 0.8102748863636364 0.3920454545454546
vt 0.8079798295454546 0.38363829545454553
vt 0.8680663636363637 0.36664642045454543
vt 0.3181818181818182 0.32515426136363634
vt 0.3181818181818182 0.375
vt 0.3125 0.3724206818181819
vt 0.31292977272727274 0.32761113636363637
vt 0.42664124999999997 0.18794613636363633
vt 0.4318181818181818 0.18473193181818182
vt 0.4318181818181818 0.19886363636363635
vt 0.42613636363636365 0.19886363636363635
vt 0.5340909090909091 0.5993918181818181
vt 0.5397727272727273 0.5970863636363637
vt 0.5397727272727273 0.6454218181818181
vt 0.5340909090909091 0.6477272727272727
vt 0.35795454545454547 0.019186306818181786
vt 0.35795454545454547 0.13516943181818175
vt 0.3522727272727273 0.13636363636363635
vt 0.35485653409090906 0.016744090909090903
vt 0.9571309659090909 0.8011363636363636
vt 0.9104839772727273 0.8011363636363636
vt 0.9093463068181818 0.7929121590909091
vt 0.9548839204545455 0.7935922727272727
vt 0.96875 0.46590909090909094
vt 0.9214305113636364 0.46590909090909094
vt 0.9205882386363636 0.4602272727272727
vt 0.9668161363636364 0.4602272727272727
vt 0.9573863636363636 0.25
vt 0.909225 0.25
vt 0.9229340909090908 0.242630909090909
vt 0.9562617613636363 0.24198369318181823
vt 0.9437921022727273 0.5227272727272727
vt 0.89303 0.5227272727272727
vt 0.8927406818181818 0.5144140340909091
vt 0.9573863636363636 0.5157365340909091
vt 0.9450239772727272 0.9886363636363636
vt 0.9335894318181818 0.9886363636363636
vt 0.9320174999999999 0.9814161363636363
vt 0.9502840909090909 0.9817717613636363
vt 0.9517045454545454 0.07954545454545459
vt 0.9283536931818183 0.07954545454545459
vt 0.9274142613636364 0.07386363636363635
vt 0.9507651704545453 0.07386363636363635
vt 0.9557472727272728 1
vt 0.9323963068181819 1
vt 0.9320368181818182 0.9943181818181818
vt 0.9553775568181817 0.9943181818181818
vt 0.9246359090909091 0.1909644318181818
vt 0.9559659090909091 0.19886363636363635
vt 0.8982540340909092 0.19886363636363635
vt 0.9022356818181817 0.1911861931818183
vt 0.023944204545454543 0.06554892045454541
vt 0.05539772727272727 0.06554892045454541
vt 0.055165909090909085 0.07386363636363635
vt 0.46712579545454547 0.17045454545454541
vt 0.4963985795454546 0.16201710227272725
vt 0.49857954545454547 0.17045454545454541
vt 0.045454545454545456 0.08522732954545453
vt 0.045454545454545456 0.11363636363636365
vt 0.022727272727272728 0.11245159090909096
vt 0.023084431818181816 0.0840861931818182
vt 0.7505021022727273 0.1821097727272728
vt 0.7542613636363636 0.2102272727272727
vt 0.6864151136363636 0.2102272727272727
vt 0.6826386931818181 0.18206886363636354
vt 0.9223387499999999 0.6704744318181819
vt 0.9232954545454546 0.6931818181818181
vt 0.898579375 0.6922414772727272
vt 0.898579375 0.6703777840909091
vt 0.8194163068181819 0.6704545454545454
vt 0.887262840909091 0.6704545454545454
vt 0.8892045454545454 0.6931818181818181
vt 0.8213146022727272 0.6911766477272727
vt 0.9176136363636364 0.09659090909090906
vt 0.899050909090909 0.07653948863636362
vt 0.9175803977272726 0.07653948863636362
vt 0.5795454545454546 0.11931801136363629
vt 0.5795454545454546 0.1647727272727273
vt 0.5568181818181818 0.16324125
vt 0.5577316477272727 0.11805636363636363
vt 0.7683122727272728 0.5235458522727272
vt 0.7755681818181818 0.5681818181818181
vt 0.7076865340909091 0.5681818181818181
vt 0.6941211363636364 0.5239143181818182
vt 0.88707375 0.7159090909090908
vt 0.9154830681818182 0.7159090909090908
vt 0.9142421590909091 0.7384476704545455
vt 0.88707375 0.7386363636363636
vt 0.8465909090909091 0.18873931818181822
vt 0.8465909090909091 0.21590909090909094
vt 0.7736546022727272 0.20139687500000003
vt 0.7727272727272727 0.18907357954545456
vt 0.5511363636363636 0.41988409090909096
vt 0.47729034090909095 0.41988409090909096
vt 0.4772727272727273 0.33522329545454543
vt 0.5511363636363636 0.3210227272727273
vt 0.8465909090909091 0.5795454545454546
vt 0.8465909090909091 0.5650596590909092
vt 0.9204545454545454 0.5650596590909092
vt 0.7471590909090909 0.7215909090909092
vt 0.6996714772727273 0.7215909090909092
vt 0.6989849431818181 0.6442872727272727
vt 0.7460685227272728 0.6369916477272728
vt 0.3716625 0.043167045454545416
vt 0.3716625 0.09090909090909094
vt 0.3641329545454546 0.0902851136363636
vt 0.01390903409090909 0.11363636363636365
vt 0.0002955113636363636 0.11027772727272733
vt 0.01390903409090909 0.06386193181818178
vt 0.9116414772727274 0.3889232954545455
vt 0.9116414772727274 0.40340909090909094
vt 0.8639267045454545 0.40309090909090906
vt 0.9289772727272727 0.8522727272727273
vt 0.8414644318181818 0.8522727272727273
vt 0.8771707954545455 0.8429431818181818
vt 0.9256202272727273 0.8396646590909091
vt 0.13210227272727273 0.4583825
vt 0.1148359090909091 0.48863636363636365
vt 0.1148359090909091 0.408096875
vt 0.13050948863636364 0.41014556818181813
vt 0.7683935227272727 0.06818181818181823
vt 0.7683935227272727 0.023278124999999927
vt 0.7698863636363636 0.05304397727272725
vt 0.9324955113636364 0.06605948863636368
vt 0.9673295454545454 0.06605948863636368
vt 0.9594967045454545 0.06818181818181823
vt 0.9630681818181818 0.3579545454545454
vt 0.926163125 0.3579545454545454
vt 0.9545722159090908 0.3522727272727273
vt 0.9545722159090908 0.3522727272727273
vt 0.2840909090909091 0.06557392045454546
vt 0.27315136363636366 0.07386363636363635
vt 0.25700670454545455 0.06557392045454546
vt 0.32996329545454545 0.06426909090909094
vt 0.3338068181818182 0.04517642045454551
vt 0.3338068181818182 0.06818181818181823
vt 0.6548295454545454 0.07516971590909094
vt 0.6433589204545455 0.09090909090909094
vt 0.6433589204545455 0.06110579545454542
vt 0.47183244318181816 0.04728874999999999
vt 0.4744318181818182 0.05211835227272732
vt 0.47183244318181816 0.0625
vt 0.5803079545454546 0.07972642045454537
vt 0.5894886363636364 0.05654897727272723
vt 0.5894886363636364 0.08522727272727271
vt 0.3409090909090909 0.2185414204545455
vt 0.3409090909090909 0.25
vt 0.3352272727272727 0.2474079545454546
vt 0.3355272159090909 0.21755369318181816
vt 0.6945226704545454 0.5170454545454546
vt 0.7644304545454546 0.47486426136363635
vt 0.7798295454545454 0.5170454545454546
vt 0.9655402272727273 0.5056818181818181
vt 0.9229026136363636 0.5056818181818181
vt 0.9151415909090909 0.49916244318181824
vt 0.9650836363636363 0.49864261363636364
vt 0.5686508522727273 0.45352090909090914
vt 0.5686508522727273 0.4464630113636363
vt 0.5819173295454546 0.4460227272727273
vt 0.9701704545454546 0.7329545454545454
vt 0.9351666477272726 0.7329545454545454
vt 0.9271518181818181 0.7270338636363636
vt 0.9697057954545454 0.7274222159090908
vt 0.42632943181818184 0.06722409090909087
vt 0.42632943181818184 0.061079545454545414
vt 0.44156829545454546 0.061125738636363613
vt 0.8267045454545454 0.07386363636363635
vt 0.8000602272727272 0.07386363636363635
vt 0.7909634090909091 0.07001159090909082
vt 0.8257985795454545 0.06906397727272728
vt 0.712020284090909 0.9986025568181818
vt 0.7105431249999999 0.9928977272727273
vt 0.7269568750000001 0.9928977272727273
vt 0.8685647727272727 0.4829545454545454
vt 0.8502846022727273 0.4816983522727273
vt 0.8409090909090909 0.4772727272727273
vt 0.8675363068181817 0.4772727272727273
vt 0.04057022727272727 0.18343596590909084
vt 0.03471386363636363 0.186443465909091
vt 0.03471386363636363 0.17045454545454541
vt 0.6730075568181818 0.6038221590909091
vt 0.6656667613636363 0.6079545454545454
vt 0.6534090909090909 0.5965909090909092
vt 0.6717152840909091 0.5965909090909092
vt 0.9216111363636365 0.06320238636363629
vt 0.9150365909090908 0.06679812500000004
vt 0.9150365909090908 0.05255681818181823
vt 0.7396655113636363 0.13499409090909087
vt 0.7400568181818182 0.13805352272727267
vt 0.7329963636363637 0.1409726136363637
vt 0.7329963636363637 0.1335227272727273
vt 0.2342447159090909 0.05965909090909094
vt 0.23175357954545453 0.06713596590909099
vt 0.22172119318181818 0.05965909090909094
vt 0.4375 0.8230382386363636
vt 0.43996545454545455 0.8153409090909091
vt 0.4431818181818182 0.8205176704545455
vt 0.4431818181818182 0.8230382386363636
vt 0.9069886931818182 0.061079545454545414
vt 0.9033919318181819 0.06764477272727276
vt 0.8927272159090909 0.061079545454545414
vt 0.8354670454545455 0.07248170454545455
vt 0.8354670454545455 0.05539772727272729
vt 0.84375 0.06435835227272724
vt 0.8420092613636364 0.0722293181818181
vt 0.7608413068181819 0.061079545454545414
vt 0.7578461931818182 0.06693130681818182
vt 0.7448405113636363 0.061079545454545414
vt 0.7615565340909091 0.7727272727272727
vt 0.7838980113636363 0.7727272727272727
vt 0.7791482954545454 0.7764740340909091
vt 0.7622346590909092 0.7784090909090909
vt 0.5688799999999999 0.051136363636363646
vt 0.5745859090909091 0.05259642045454538
vt 0.5688799999999999 0.06754534090909092
vt 0.9261363636363636 0.31818181818181823
vt 0.9571210795454544 0.31818181818181823
vt 0.948565 0.32386363636363635
vt 0.9266252272727272 0.32157744318181813
vt 0.5345660795454545 0.05255681818181823
vt 0.5407180113636364 0.05255681818181823
vt 0.534585625 0.06777681818181813
vt 0.5967742045454545 0.06818181818181823
vt 0.6361803409090909 0.06818181818181823
vt 0.6284505113636364 0.07386363636363635
vt 0.5974877840909091 0.07331187500000003
vt 0.6088944886363636 0.16193181818181823
vt 0.6159620454545455 0.16193181818181823
vt 0.6084697727272728 0.17518
vt 0.926546875 0.9204545454545454
vt 0.9711803977272727 0.9204545454545454
vt 0.9668863068181818 0.9250721022727273
vt 0.9275004545454546 0.9261363636363636
vt 0.8750192613636364 0.05723965909090911
vt 0.8820830113636364 0.05397727272727271
vt 0.8820830113636364 0.06723227272727261
vt 0.22735698863636367 0.125
vt 0.22735698863636367 0.07505454545454537
vt 0.23855210227272725 0.08026096590909093
vt 0.2346065909090909 0.12463170454545458
vt 0.8527380681818181 0.06813335227272721
vt 0.8560123295454546 0.061079545454545414
vt 0.8660119318181819 0.06813335227272721
vt 0.24501579545454544 0.07324005681818191
vt 0.24501579545454544 0.09659090909090906
vt 0.2627840909090909 0.08435363636363635
vt 0.10795454545454546 0.38068181818181823
vt 0 0.38068181818181823
vt 0 0.7443181818181819
vt 0.10227272727272728 0.7443181818181819
vt 0.5312023295454545 0.1477272727272727
vt 0.5000476704545455 0.18610556818181823
vt 0.5312023295454545 0.20993249999999997
vt 0.30387210227272726 0.07871051136363638
vt 0.2955597159090909 0.042613636363636354
vt 0.2955597159090909 0.08455994318181825
vt 0.7255680113636364 0.4147727272727273
vt 0.7494314772727272 0.41079556818181817
vt 0.7556818181818182 0.36931818181818177
vt 0.6534090909090909 0.36931818181818177
vt 0.8436868181818181 0.8395705113636364
vt 0.8700560795454546 0.8196022727272727
vt 0.7847734659090908 0.8196022727272727
vt 0.6929059659090909 0.44907329545454544
vt 0.6536849431818182 0.44886363636363635
vt 0.6536849431818182 0.5681818181818181
vt 0.677003125 0.5672551136363637
vt 0.26704545454545453 0.20021937499999998
vt 0.2342622159090909 0.20461579545454545
vt 0.2342622159090909 0.32386363636363635
vt 0.25634329545454543 0.3163265909090909
vt 0.1434659090909091 0.13941136363636353
vt 0.11987204545454545 0.14476028409090913
vt 0.11987204545454545 0.26136363636363635
vt 0.13327022727272728 0.24906517045454535
vt 0.16761363636363635 0.1425326136363636
vt 0.15462357954545455 0.08304056818181815
vt 0.15462357954545455 0.19318181818181823
vt 0.1619775 0.17228551136363635
vt 0.1690340909090909 0.2841476704545455
vt 0.15914710227272727 0.2865052272727273
vt 0.1690340909090909 0.34659090909090906
vt 0.38670113636363634 0.23357113636363636
vt 0.4272193181818182 0.28409090909090906
vt 0.4272193181818182 0.2072507954545454
vt 0.4895802272727273 0.13710414772727264
vt 0.5004382954545454 0.1477272727272727
vt 0.53266875 0.125
vt 0.48863806818181815 0.125
vt 0.3181818181818182 0.381059375
vt 0.2897727272727273 0.45263892045454546
vt 0.31142232954545457 0.48565522727272725
vt 0.3181818181818182 0.49431818181818177
vt 0.7777779545454546 0.8181818181818181
vt 0.6199493181818182 0.8181818181818181
vt 0.7300986363636363 0.8451742613636364
vt 0.739875 0.8465909090909091
vt 0.9079839772727273 0.4375
vt 0.9510511931818182 0.4283397159090909
vt 0.9040624431818182 0.4283397159090909
vt 0.3808275568181818 0.07264448863636364
vt 0.4050035795454546 0.07954545454545459
vt 0.42030880681818183 0.07264448863636364
vt 0.2991290909090909 0.49431818181818177
vt 0.2875780681818182 0.4854873863636363
vt 0.2789959090909091 0.49431818181818177
vt 0.9447673863636363 0.375
vt 0.9626133522727273 0.3691498295454546
vt 0.9265911931818182 0.3691498295454546
vt 0.9386371022727272 0.529139034090909
vt 0.898010625 0.529139034090909
vt 0.932427215909091 0.5397727272727273
vt 0.5398372159090908 0.2102272727272727
vt 0.5511363636363636 0.20716056818181816
vt 0.5511363636363636 0.09114642045454557
vt 0.5397727272727273 0.0765057954545455
vt 0.11331636363636365 0.19886363636363635
vt 0.10879113636363637 0.19146068181818177
vt 0.08554727272727272 0.19886363636363635
vt 0.9261363636363636 0.38636363636363635
vt 0.9821597159090909 0.38636363636363635
vt 0.9546838068181818 0.38234005681818184
vt 0.9381685227272727 0.0859500568181818
vt 0.9266363636363636 0.09090909090909094
vt 0.9554659090909091 0.09090909090909094
vt 0.7556818181818182 0.8645299431818182
vt 0.8053130113636364 0.8806818181818181
vt 0.8239415909090909 0.8465909090909091
vt 0.7607759090909091 0.8465909090909091
vt 0.10227272727272728 0.08598210227272718
vt 0.10227272727272728 0.17613636363636365
vt 0.11532312499999998 0.12560130681818182
vt 0.9046769318181819 0.26066460227272725
vt 0.8916328977272727 0.24710886363636364
vt 0.875 0.2727272727272727
vt 0.906957215909091 0.2727272727272727
vt 0.8996678409090909 0.10227272727272729
vt 0.8881122727272728 0.09169602272727273
vt 0.8579545454545454 0.10227272727272729
vt 0.6348274431818182 0.25
vt 0.6348274431818182 0.15984517045454538
vt 0.6022727272727273 0.21670409090909082
vt 0.39235295454545455 0.19886363636363635
vt 0.42045454545454547 0.1966177272727272
vt 0.42045454545454547 0.139697215909091
vt 0.39204545454545453 0.14294170454545452
vt 0.5952268749999999 0.4497222159090909
vt 0.5795454545454546 0.4721000000000001
vt 0.5952268749999999 0.5056818181818181
vt 0.14772727272727273 0.2184355681818182
vt 0.14772727272727273 0.28409090909090906
vt 0.18651426136363636 0.23128698863636366
vt 0.17378232954545456 0.19651767045454538
vt 0 0.14685948863636367
vt 0.024433579545454543 0.1875
vt 0.024433579545454543 0.12184448863636355
vt 0.7613636363636364 0.43181818181818177
vt 0.7923698863636364 0.43181818181818177
vt 0.7956181818181818 0.37292386363636365
vt 0.7631107954545455 0.36408693181818186
vt 0.8693310227272728 0.11324607954545451
vt 0.8868734659090909 0.13068181818181823
vt 0.9161803409090908 0.11324607954545451
vt 0.794438125 1
vt 0.7978267613636363 0.9545454545454546
vt 0.7620113068181819 0.9545454545454546
vt 0.7334232386363637 0.999941590909091
vt 0 0.2717187499999999
vt 0.0010051136363636365 0.375
vt 0.05113636363636364 0.375
vt 0.05113636363636364 0.26506761363636366
vt 0.142165625 0.40271363636363633
vt 0.142065625 0.49431818181818177
vt 0.25850255681818185 0.49431818181818177
vt 0.25749744318181816 0.39111420454545454
vt 0.6933139772727273 0.2186494886363637
vt 0.6933139772727273 0.30916892045454547
vt 0.7399246590909091 0.3125
vt 0.7398976704545455 0.22089988636363633
vt 0.5001092045454546 0.21415960227272735
vt 0.5001092045454546 0.302345
vt 0.5467297159090909 0.3125
vt 0.5467657954545454 0.2219861363636363
vt 0.4445531818181818 0.22506812499999995
vt 0.4445531818181818 0.30805357954545454
vt 0.49130198863636365 0.32386363636363635
vt 0.4914772727272727 0.23570392045454547
vt 0.6031285795454546 0.25568181818181823
vt 0.6071976704545454 0.3106444886363636
vt 0.6624635227272727 0.3125
vt 0.6832386363636364 0.25568181818181823
vt 0.77339875 0.8407818181818182
vt 0.8011363636363636 0.8407818181818182
vt 0.7811621022727273 0.8323863636363636
vt 0.484375 0.1491477272727273
vt 0.4266631818181818 0.1491477272727273
vt 0.4334970454545454 0.16970857954545449
vt 0.45445494318181817 0.10795454545454541
vt 0.3933285227272727 0.10795454545454541
vt 0.3962599431818182 0.11931818181818177
vt 0.45738636363636365 0.11931818181818177
vt 0.9366589204545455 0.13587846590909092
vt 0.8755873863636363 0.13846005681818174
vt 0.8765657386363636 0.1477272727272727
vt 0.9389204545454546 0.1477272727272727
vt 0.4376936931818182 0.4815084659090909
vt 0.4376936931818182 0.49431818181818177
vt 0.4474431818181818 0.4897310795454546
vt 0.9147727272727273 0.6477272727272727
vt 0.852391875 0.6477272727272727
vt 0.8607903409090909 0.6586908522727273
vt 0.8702258522727273 0.6647727272727273
vt 0.9221428409090909 0.875
vt 0.9289772727272727 0.8599103409090909
vt 0.8817477272727273 0.8599103409090909
vt 0.8109528409090909 0.5228140909090909
vt 0.7792848863636365 0.5245639204545455
vt 0.781156875 0.5340909090909092
vt 0.8139204545454546 0.5340909090909092
vt 0.7727272727272727 0.07590897727272727
vt 0.7399542613636364 0.07511426136363641
vt 0.7399542613636364 0.08363698863636371
vt 0.7726588068181819 0.08522727272727271
vt 0.6995148295454545 0.47159090909090906
vt 0.7041503409090909 0.48863636363636365
vt 0.726002784090909 0.47767312500000003
vt 0.7315340909090909 0.47159090909090906
vt 0.8238636363636364 0.08412982954545456
vt 0.7911205681818182 0.08412982954545456
vt 0.8206157386363636 0.09659090909090906
vt 0.9272564772727272 0.11870772727272727
vt 0.9410819886363636 0.125
vt 0.9517045454545454 0.11870772727272727
vt 0.9758522727272727 0.9458069886363636
vt 0.9327302840909091 0.9458069886363636
vt 0.9379441477272727 0.9488636363636364
vt 0.798689659090909 0.1099636931818182
vt 0.8116915909090909 0.125
vt 0.828125 0.10227272727272729
vt 0.7965793181818182 0.10227272727272729
vt 0.932054659090909 0.9375
vt 0.9573863636363636 0.9375
vt 0.9381178977272726 0.9326146022727273
vt 0.9150945454545454 0.2634186363636364
vt 0.9229851136363636 0.2727272727272727
vt 0.953125 0.2634186363636364
vt 0.7483966477272727 0.15030534090909098
vt 0.7111294318181818 0.14659034090909095
vt 0.7146631818181818 0.17613636363636365
vt 0.7528409090909091 0.17613636363636365
vt 0.9346590909090909 0.44318181818181823
vt 0.8869459659090908 0.44318181818181823
vt 0.893860625 0.4545454545454546
vt 0.9313379545454545 0.4526044886363636
vt 0.7772455113636364 0.09090909090909094
vt 0.7397173863636364 0.09090909090909094
vt 0.7453265909090909 0.10227272727272729
vt 0.7826704545454546 0.09962852272727263
vt 0.7023097727272728 0.9886363636363636
vt 0.6139227840909091 0.9886363636363636
vt 0.6178269318181818 1
vt 0.7042590340909091 0.9983221022727272
vt 0.5853829545454545 0.09608465909090913
vt 0.5853829545454545 0.17522403409090903
vt 0.6006965909090909 0.17613636363636365
vt 0.592899034090909 0.09597909090909096
vt 0.31316431818181817 0.08522727272727271
vt 0.317639375 0.1647727272727273
vt 0.32746068181818183 0.16330653409090912
vt 0.3271201136363637 0.08522727272727271
vt 0.9744116477272727 0.8954528409090909
vt 0.8579747159090908 0.8954528409090909
vt 0.8940872159090909 0.9034090909090909
vt 0.6039102840909091 0.6797798295454545
vt 0.5572767613636364 0.6767906818181819
vt 0.5516871590909092 0.6875
vt 0.6400742045454545 0.6875
vt 0.8423295454545454 0.6420454545454546
vt 0.7558591477272727 0.6420454545454546
vt 0.7610676136363637 0.6704545454545454
vt 0.8418924431818181 0.6594567045454545
vt 0.8693181818181818 0.9734966477272727
vt 0.8085282954545455 0.9713565909090909
vt 0.8068181818181818 0.9985836363636363
vt 0.8693181818181818 1
vt 0.9031332386363636 0.48863636363636365
vt 0.8411517045454545 0.48863636363636365
vt 0.8433119886363637 0.5053652272727274
vt 0.90625 0.5056818181818181
vt 0.9441882954545455 0.8181818181818181
vt 0.881979715909091 0.8181818181818181
vt 0.8855027272727273 0.8283589204545454
vt 0.9474431818181818 0.8295454545454546
vt 0.8968561931818182 0.5407202272727272
vt 0.8471255681818182 0.5458395454545455
vt 0.8512095454545455 0.5568181818181819
vt 0.9133522727272727 0.5568181818181819
vt 0.873014659090909 0.7053277272727273
vt 0.8185775 0.7005684659090909
vt 0.8198133522727272 0.7272727272727273
vt 0.8806818181818182 0.7272727272727273
vt 0.7443181818181818 0.7784090909090909
vt 0.5684928409090909 0.7784090909090909
vt 0.5795630681818182 0.799514034090909
vt 0.7126155681818181 0.8125
vt 0.2930666477272727 0.7973010227272728
vt 0.2559390909090909 0.8068181818181819
vt 0.3778409090909091 0.8068181818181819
vt 0.7613636363636364 0.8806818181818181
vt 0.7040772159090909 0.8522478409090909
vt 0.5855380681818182 0.8806818181818181
vt 0.7810879545454547 0.7272727272727273
vt 0.6935749431818182 0.7272727272727273
vt 0.7410141477272727 0.7727272727272727
vt 0.7840909090909091 0.7529220454545454
vt 0.30455323863636363 0.14027017045454537
vt 0.25708085227272726 0.14147375000000006
vt 0.25708085227272726 0.1647727272727273
vt 0.3053977272727273 0.1522022159090909
vt 0.6081754545454546 0.12457562499999997
vt 0.6263563068181818 0.15340909090909094
vt 0.6448863636363636 0.15340909090909094
vt 0.6435398295454545 0.12507869318181808
vt 0.7678311363636364 0.6363636363636364
vt 0.8012922727272728 0.6262110795454545
vt 0.8139204545454546 0.5930957954545455
vt 0.7678311363636364 0.5863230681818181
vt 0.8696102840909091 0.8600748863636364
vt 0.8245016477272727 0.8697620454545454
vt 0.8288849431818182 0.8863636363636364
vt 0.8835227272727273 0.8863636363636364
vt 0.7356319886363636 0.4204545454545454
vt 0.6937395454545454 0.4204545454545454
vt 0.6953443181818182 0.43181818181818177
vt 0.7414772727272727 0.43154948863636367
vt 0.4705274431818182 0.125
vt 0.4211775 0.125
vt 0.43701556818181814 0.14204545454545459
vt 0.4786931818181818 0.1378734659090909
vt 0.056818181818181816 0.27840909090909094
vt 0.05788647727272727 0.35915573863636363
vt 0.10795454545454546 0.37426136363636364
vt 0.10795454545454546 0.2914693181818181
vt 0.22655204545454544 0.1335227272727273
vt 0.2215909090909091 0.18284619318181816
vt 0.25 0.19263693181818187
vt 0.25 0.1373635227272728
vt 0.8872682386363636 0.6123762500000001
vt 0.9034190340909091 0.6123762500000001
vt 0.9147727272727273 0.5894886363636364
vt 0.8875126704545454 0.5919126704545454
vt 0.5454545454545454 0.6704545454545454
vt 0.6193181818181818 0.6704545454545454
vt 0.5930579545454546 0.5520375
vt 0.5454545454545454 0.5604193181818182
vt 0.24431818181818182 0.6079545454545454
vt 0.22590170454545452 0.6079545454545454
vt 0.2159090909090909 0.6202193181818183
vt 0.24431818181818182 0.7386363636363636
vt 0.6765997159090908 0.11931818181818177
vt 0.6765997159090908 0.13636363636363635
vt 0.724203125 0.1279818181818182
vt 0.7324911931818182 0.11931818181818177
vt 0.8238636363636364 0.125
vt 0.8238636363636364 0.1477272727272727
vt 0.8693181818181818 0.14261363636363633
vt 0.8693181818181818 0.125
vt 0.6988636363636364 0.4375
vt 0.6988636363636364 0.46590909090909094
vt 0.8181818181818182 0.4568181818181819
vt 0.8181818181818182 0.4375
vt 0.8243122727272727 0.15340909090909094
vt 0.8261672159090909 0.18181818181818177
vt 0.8717104545454546 0.18181818181818177
vt 0.8698555113636364 0.15340909090909094
vt 0.6590909090909091 0.14071704545454544
vt 0.6590909090909091 0.1681818181818181
vt 0.7045454545454546 0.17613636363636365
vt 0.7045454545454546 0.14639886363636367
vt 0.8533259659090909 0.19013732954545448
vt 0.8587111931818182 0.21590909090909094
vt 0.8920454545454546 0.21590909090909094
vt 0.886427840909091 0.18902494318181828
vt 0.8079798295454546 0.38363829545454553
vt 0.8102748863636364 0.3920454545454546
vt 0.875 0.3920454545454546
vt 0.8680663636363637 0.36664642045454543
vt 0.3125 0.3724206818181819
vt 0.3181818181818182 0.375
vt 0.3181818181818182 0.32515426136363634
vt 0.31292977272727274 0.32761113636363637
vt 0.4318181818181818 0.19886363636363635
vt 0.4318181818181818 0.18473193181818182
vt 0.42664124999999997 0.18794613636363633
vt 0.42613636363636365 0.19886363636363635
vt 0.5397727272727273 0.6454218181818181
vt 0.5397727272727273 0.5970863636363637
vt 0.5340909090909091 0.5993918181818181
vt 0.5340909090909091 0.6477272727272727
vt 0.3522727272727273 0.13636363636363635
vt 0.35795454545454547 0.13516943181818175
vt 0.35795454545454547 0.019186306818181786
vt 0.35485653409090906 0.016744090909090903
vt 0.9093463068181818 0.7929121590909091
vt 0.9104839772727273 0.8011363636363636
vt 0.9571309659090909 0.8011363636363636
vt 0.9548839204545455 0.7935922727272727
vt 0.9205882386363636 0.4602272727272727
vt 0.9214305113636364 0.46590909090909094
vt 0.96875 0.46590909090909094
vt 0.9668161363636364 0.4602272727272727
vt 0.9229340909090908 0.242630909090909
vt 0.909225 0.25
vt 0.9573863636363636 0.25
vt 0.9562617613636363 0.24198369318181823
vt 0.8927406818181818 0.5144140340909091
vt 0.89303 0.5227272727272727
vt 0.9437921022727273 0.5227272727272727
vt 0.9573863636363636 0.5157365340909091
vt 0.9320174999999999 0.9814161363636363
vt 0.9335894318181818 0.9886363636363636
vt 0.9450239772727272 0.9886363636363636
vt 0.9502840909090909 0.9817717613636363
vt 0.9274142613636364 0.07386363636363635
vt 0.9283536931818183 0.07954545454545459
vt 0.9517045454545454 0.07954545454545459
vt 0.9507651704545453 0.07386363636363635
vt 0.9320368181818182 0.9943181818181818
vt 0.9323963068181819 1
vt 0.9557472727272728 1
vt 0.9553775568181817 0.9943181818181818
vt 0.8982540340909092 0.19886363636363635
vt 0.9559659090909091 0.19886363636363635
vt 0.9246359090909091 0.1909644318181818
vt 0.9022356818181817 0.1911861931818183
vt 0.05539772727272727 0.06554892045454541
vt 0.023944204545454543 0.06554892045454541
vt 0.055165909090909085 0.07386363636363635
vt 0.4963985795454546 0.16201710227272725
vt 0.46712579545454547 0.17045454545454541
vt 0.49857954545454547 0.17045454545454541
vt 0.022727272727272728 0.11245159090909096
vt 0.045454545454545456 0.11363636363636365
vt 0.045454545454545456 0.08522732954545453
vt 0.023084431818181816 0.0840861931818182
vt 0.6864151136363636 0.2102272727272727
vt 0.7542613636363636 0.2102272727272727
vt 0.7505021022727273 0.1821097727272728
vt 0.6826386931818181 0.18206886363636354
vt 0.898579375 0.6922414772727272
vt 0.9232954545454546 0.6931818181818181
vt 0.9223387499999999 0.6704744318181819
vt 0.898579375 0.6703777840909091
vt 0.8892045454545454 0.6931818181818181
vt 0.887262840909091 0.6704545454545454
vt 0.8194163068181819 0.6704545454545454
vt 0.8213146022727272 0.6911766477272727
vt 0.899050909090909 0.07653948863636362
vt 0.9176136363636364 0.09659090909090906
vt 0.9175803977272726 0.07653948863636362
vt 0.5568181818181818 0.16324125
vt 0.5795454545454546 0.1647727272727273
vt 0.5795454545454546 0.11931801136363629
vt 0.5577316477272727 0.11805636363636363
vt 0.7076865340909091 0.5681818181818181
vt 0.7755681818181818 0.5681818181818181
vt 0.7683122727272728 0.5235458522727272
vt 0.6941211363636364 0.5239143181818182
vt 0.9142421590909091 0.7384476704545455
vt 0.9154830681818182 0.7159090909090908
vt 0.88707375 0.7159090909090908
vt 0.88707375 0.7386363636363636
vt 0.7736546022727272 0.20139687500000003
vt 0.8465909090909091 0.21590909090909094
vt 0.8465909090909091 0.18873931818181822
vt 0.7727272727272727 0.18907357954545456
vt 0.4772727272727273 0.33522329545454543
vt 0.47729034090909095 0.41988409090909096
vt 0.5511363636363636 0.41988409090909096
vt 0.5511363636363636 0.3210227272727273
vt 0.8465909090909091 0.5650596590909092
vt 0.8465909090909091 0.5795454545454546
vt 0.9204545454545454 0.5650596590909092
vt 0.6989849431818181 0.6442872727272727
vt 0.6996714772727273 0.7215909090909092
vt 0.7471590909090909 0.7215909090909092
vt 0.7460685227272728 0.6369916477272728
vt 0.3716625 0.09090909090909094
vt 0.3716625 0.043167045454545416
vt 0.3641329545454546 0.0902851136363636
vt 0.0002955113636363636 0.11027772727272733
vt 0.01390903409090909 0.11363636363636365
vt 0.01390903409090909 0.06386193181818178
vt 0.9116414772727274 0.40340909090909094
vt 0.9116414772727274 0.3889232954545455
vt 0.8639267045454545 0.40309090909090906
vt 0.8771707954545455 0.8429431818181818
vt 0.8414644318181818 0.8522727272727273
vt 0.9289772727272727 0.8522727272727273
vt 0.9256202272727273 0.8396646590909091
vt 0.1148359090909091 0.408096875
vt 0.1148359090909091 0.48863636363636365
vt 0.13210227272727273 0.4583825
vt 0.13050948863636364 0.41014556818181813
vt 0.7683935227272727 0.023278124999999927
vt 0.7683935227272727 0.06818181818181823
vt 0.7698863636363636 0.05304397727272725
vt 0.9673295454545454 0.06605948863636368
vt 0.9324955113636364 0.06605948863636368
vt 0.9594967045454545 0.06818181818181823
vt 0.926163125 0.3579545454545454
vt 0.9630681818181818 0.3579545454545454
vt 0.9545722159090908 0.3522727272727273
vt 0.9545722159090908 0.3522727272727273
vt 0.27315136363636366 0.07386363636363635
vt 0.2840909090909091 0.06557392045454546
vt 0.25700670454545455 0.06557392045454546
vt 0.3338068181818182 0.04517642045454551
vt 0.32996329545454545 0.06426909090909094
vt 0.3338068181818182 0.06818181818181823
vt 0.6433589204545455 0.09090909090909094
vt 0.6548295454545454 0.07516971590909094
vt 0.6433589204545455 0.06110579545454542
vt 0.4744318181818182 0.05211835227272732
vt 0.47183244318181816 0.04728874999999999
vt 0.47183244318181816 0.0625
vt 0.5894886363636364 0.05654897727272723
vt 0.5803079545454546 0.07972642045454537
vt 0.5894886363636364 0.08522727272727271
vt 0.3352272727272727 0.2474079545454546
vt 0.3409090909090909 0.25
vt 0.3409090909090909 0.2185414204545455
vt 0.3355272159090909 0.21755369318181816
vt 0.7644304545454546 0.47486426136363635
vt 0.6945226704545454 0.5170454545454546
vt 0.7798295454545454 0.5170454545454546
vt 0.9151415909090909 0.49916244318181824
vt 0.9229026136363636 0.5056818181818181
vt 0.9655402272727273 0.5056818181818181
vt 0.9650836363636363 0.49864261363636364
vt 0.5686508522727273 0.4464630113636363
vt 0.5686508522727273 0.45352090909090914
vt 0.5819173295454546 0.4460227272727273
vt 0.9271518181818181 0.7270338636363636
vt 0.9351666477272726 0.7329545454545454
vt 0.9701704545454546 0.7329545454545454
vt 0.9697057954545454 0.7274222159090908
vt 0.42632943181818184 0.061079545454545414
vt 0.42632943181818184 0.06722409090909087
vt 0.44156829545454546 0.061125738636363613
vt 0.7909634090909091 0.07001159090909082
vt 0.8000602272727272 0.07386363636363635
vt 0.8267045454545454 0.07386363636363635
vt 0.8257985795454545 0.06906397727272728
vt 0.7105431249999999 0.9928977272727273
vt 0.712020284090909 0.9986025568181818
vt 0.7269568750000001 0.9928977272727273
vt 0.8409090909090909 0.4772727272727273
vt 0.8502846022727273 0.4816983522727273
vt 0.8685647727272727 0.4829545454545454
vt 0.8675363068181817 0.4772727272727273
vt 0.03471386363636363 0.186443465909091
vt 0.04057022727272727 0.18343596590909084
vt 0.03471386363636363 0.17045454545454541
vt 0.6534090909090909 0.5965909090909092
vt 0.6656667613636363 0.6079545454545454
vt 0.6730075568181818 0.6038221590909091
vt 0.6717152840909091 0.5965909090909092
vt 0.9150365909090908 0.06679812500000004
vt 0.9216111363636365 0.06320238636363629
vt 0.9150365909090908 0.05255681818181823
vt 0.7329963636363637 0.1409726136363637
vt 0.7400568181818182 0.13805352272727267
vt 0.7396655113636363 0.13499409090909087
vt 0.7329963636363637 0.1335227272727273
vt 0.23175357954545453 0.06713596590909099
vt 0.2342447159090909 0.05965909090909094
vt 0.22172119318181818 0.05965909090909094
vt 0.4431818181818182 0.8205176704545455
vt 0.43996545454545455 0.8153409090909091
vt 0.4375 0.8230382386363636
vt 0.4431818181818182 0.8230382386363636
vt 0.9033919318181819 0.06764477272727276
vt 0.9069886931818182 0.061079545454545414
vt 0.8927272159090909 0.061079545454545414
vt 0.84375 0.06435835227272724
vt 0.8354670454545455 0.05539772727272729
vt 0.8354670454545455 0.07248170454545455
vt 0.8420092613636364 0.0722293181818181
vt 0.7578461931818182 0.06693130681818182
vt 0.7608413068181819 0.061079545454545414
vt 0.7448405113636363 0.061079545454545414
vt 0.7791482954545454 0.7764740340909091
vt 0.7838980113636363 0.7727272727272727
vt 0.7615565340909091 0.7727272727272727
vt 0.7622346590909092 0.7784090909090909
vt 0.5745859090909091 0.05259642045454538
vt 0.5688799999999999 0.051136363636363646
vt 0.5688799999999999 0.06754534090909092
vt 0.948565 0.32386363636363635
vt 0.9571210795454544 0.31818181818181823
vt 0.9261363636363636 0.31818181818181823
vt 0.9266252272727272 0.32157744318181813
vt 0.5407180113636364 0.05255681818181823
vt 0.5345660795454545 0.05255681818181823
vt 0.534585625 0.06777681818181813
vt 0.6284505113636364 0.07386363636363635
vt 0.6361803409090909 0.06818181818181823
vt 0.5967742045454545 0.06818181818181823
vt 0.5974877840909091 0.07331187500000003
vt 0.6159620454545455 0.16193181818181823
vt 0.6088944886363636 0.16193181818181823
vt 0.6084697727272728 0.17518
vt 0.9668863068181818 0.9250721022727273
vt 0.9711803977272727 0.9204545454545454
vt 0.926546875 0.9204545454545454
vt 0.9275004545454546 0.9261363636363636
vt 0.8820830113636364 0.05397727272727271
vt 0.8750192613636364 0.05723965909090911
vt 0.8820830113636364 0.06723227272727261
vt 0.23855210227272725 0.08026096590909093
vt 0.22735698863636367 0.07505454545454537
vt 0.22735698863636367 0.125
vt 0.2346065909090909 0.12463170454545458
vt 0.8560123295454546 0.061079545454545414
vt 0.8527380681818181 0.06813335227272721
vt 0.8660119318181819 0.06813335227272721
vt 0.3465909090909091 0.2181420454545454
vt 0.3806818181818182 0.25238994318181807
vt 0.3806818181818182 0.3066615340909091
vt 0.3465909090909091 0.34090909090909094
vt 0.11363636363636363 0.20454545454545459
vt 0.11363636363636363 0.26136363636363635
vt 0.056818181818181816 0.26136363636363635
vt 0.056818181818181816 0.20454545454545459
vt 0.9425176136363637 0.47712329545454546
vt 0.9210176136363636 0.47159090909090906
vt 0.9752892045454545 0.47159090909090906
vt 0.9537545454545455 0.4772727272727273
vt 0.32954545454545453 0.2102272727272727
vt 0.32954545454545453 0.2670454545454546
vt 0.2727272727272727 0.2670454545454546
vt 0.2727272727272727 0.2102272727272727
vt 0.7803223295454544 0.11911181818181826
vt 0.7387161363636363 0.125
vt 0.7451593181818182 0.10795454545454541
vt 0.7882725 0.10795454545454541
vt 0.7365397159090908 0.06534090909090906
vt 0.7228252840909092 0.07346761363636356
vt 0.7165852840909092 0.06534090909090906
vt 0.9701704545454546 0.5628122159090909
vt 0.9400610795454546 0.5681818181818181
vt 0.9263076704545454 0.5625
vt 0.9681986363636365 0.5625
vt 0.9543306818181818 0.8096590909090909
vt 0.958130625 0.8118740340909091
vt 0.9381761931818182 0.8118740340909091
vt 0.7088068181818182 0.07197806818181818
vt 0.6868631818181817 0.07386363636363635
vt 0.6761986931818181 0.06818181818181823
vt 0.7066632954545454 0.06818181818181823
vt 0.745386534090909 0.8536931818181819
vt 0.7496301136363637 0.8570942045454546
vt 0.7333244318181819 0.8570942045454546
vt 0.6818181818181818 0.3116648295454545
vt 0.684505909090909 0.29215340909090903
vt 0.6875 0.2883522727272727
vt 0.6875 0.31036153409090916
vt 0.7430923295454545 0.8068181818181819
vt 0.745612784090909 0.8112431818181818
vt 0.7330803977272727 0.8112431818181818
vt 0.6875 0.5675502840909091
vt 0.6896193181818182 0.5558096590909092
vt 0.6931818181818182 0.5454545454545454
vt 0.6931818181818182 0.5651498295454545
vt 0.6421707954545455 0.10085227272727271
vt 0.6476019318181818 0.10302136363636372
vt 0.6421707954545455 0.11252517045454546
vt 0.7626528409090909 0.2102272727272727
vt 0.7613636363636364 0.20569761363636363
vt 0.7670454545454546 0.1944636931818181
vt 0.7670454545454546 0.20639312499999996
vt 0.9376748295454544 0.841691590909091
vt 0.9415865340909092 0.8394886363636364
vt 0.9415865340909092 0.8511615340909091
vt 0.48676221590909097 0.059380340909090945
vt 0.4833452272727273 0.0625
vt 0.4833452272727273 0.051262272727272795
vt 0.4868252272727273 0.05443528409090914
vt 0.2731685227272727 0.8136935227272727
vt 0.2779678409090909 0.8125
vt 0.2779678409090909 0.8227460227272727
vt 0.3995438068181818 0.2102272727272727
vt 0.38760153409090914 0.2102272727272727
vt 0.39894545454545455 0.20672590909090904
vt 0.4034090909090909 0.2079442045454546
vt 0.17101017045454545 0.18715034090909088
vt 0.17321306818181817 0.18323863636363635
vt 0.18268301136363635 0.18715034090909088
vt 0.4123727840909091 0.13032312499999998
vt 0.3926771590909091 0.13032312499999998
vt 0.40302011363636364 0.12709335227272722
vt 0.4147727272727273 0.125
vt 0.6845428977272727 0.4145220454545454
vt 0.6823738068181818 0.40909090909090906
vt 0.6940466477272728 0.40909090909090906
vt 0.9546951704545455 0.6753547159090909
vt 0.9326702272727272 0.6753547159090909
vt 0.93646875 0.6731847727272727
vt 0.9559659090909091 0.6704545454545454
vt 0.738762215909091 0.3623795454545454
vt 0.7412826704545455 0.3579545454545454
vt 0.7512946022727273 0.3623795454545454
vt 0.15387948863636364 0.07177676136363642
vt 0.15387948863636364 0.04119318181818177
vt 0.16004096590909092 0.051815284090909186
vt 0.15847454545454545 0.07367357954545461
vt 0.9413311931818182 0.8742602272727273
vt 0.9379301704545454 0.8700166477272727
vt 0.9413311931818182 0.8579545454545454
vt 0.45454545454545453 0.0945780113636363
vt 0.45454545454545453 0.05255681818181823
vt 0.4621223295454545 0.06626778409090905
vt 0.4571455113636364 0.09628346590909087
vt 0.24684607954545454 0.06114767045454539
vt 0.24463119318181817 0.0573477272727273
vt 0.24684607954545454 0.04119318181818177
vt 0.1990259090909091 0.13636363636363635
vt 0.1990259090909091 0.09320375000000003
vt 0.21858772727272727 0.08676704545454539
vt 0.212670625 0.12832875
vt 0.2696883522727273 0.9451605113636363
vt 0.2615616477272727 0.9588749431818182
vt 0.2615616477272727 0.9389204545454546
vt 0.06783977272727272 0.19886363636363635
vt 0.04602045454545455 0.15909090909090906
vt 0.09460454545454546 0.15909090909090906
vt 0.07278522727272728 0.19886363636363635
vt 0.22114965909090908 0.6851888636363637
vt 0.21635034090909092 0.6863823863636364
vt 0.21635034090909092 0.6761363636363636
vt 0.04915 0.19318181818181823
vt 0.045244318181818184 0.25568181818181823
vt 0.0044715909090909094 0.25568181818181823
vt 0.0005659090909090909 0.19318181818181823
vt 0.9387102272727272 0.20454545454545459
vt 0.928853409090909 0.21590909090909094
vt 0.9077943181818182 0.21590909090909094
vt 0.8979375 0.20454545454545459
vt 0.44079375000000004 0.7954545454545454
vt 0.4411982954545454 0.8068181818181819
vt 0.3869267045454546 0.8068181818181819
vt 0.38733124999999996 0.7954545454545454
vt 0.8559710227272728 0.3977272727272727
vt 0.8529829545454546 0.43181818181818177
vt 0.8046875 0.43181818181818177
vt 0.8016994318181818 0.3977272727272727
vt 0.6516171590909091 0.44962721590909094
vt 0.6438821022727272 0.6072667045454545
vt 0.6125801136363637 0.6072667045454545
vt 0.6061107386363637 0.4495701704545455
vt 0.17613636363636365 0.38636363636363635
vt 0.17613636363636365 0.2670454545454546
vt 0.22727272727272727 0.2670454545454546
vt 0.22727272727272727 0.38636363636363635
vt 0.8011363636363636 0.2670454545454546
vt 0.8011363636363636 0.31818181818181823
vt 0.75 0.31818181818181823
vt 0.75 0.2670454545454546
vt 0.4772727272727273 0.9261363636363636
vt 0.4772727272727273 0.5625
vt 0.5284090909090909 0.5625
vt 0.5284090909090909 0.9261363636363636
vt 0 0.0625
vt 0.0034436363636363636 0.05980295454545448
vt 0 0.043687443181818164
vt 0.6517569318181818 0.15965710227272722
vt 0.6517569318181818 0.17613636363636365
vt 0.6422771590909091 0.17087426136363637
vt 0.5580342613636363 0.06414130681818186
vt 0.5513407386363637 0.07386363636363635
vt 0.5513407386363637 0.051068920454545474
vt 0.0034436363636363636 0.05980295454545448
vt 0 0.0625
vt 0 0.043687443181818164
vt 0.6517569318181818 0.17613636363636365
vt 0.6517569318181818 0.15965710227272722
vt 0.6422771590909091 0.17087426136363637
vt 0.5513407386363637 0.07386363636363635
vt 0.5580342613636363 0.06414130681818186
vt 0.5513407386363637 0.051068920454545474
vt 0.056818181818181816 0.2727272727272727
vt 0.056818181818181816 0.2670454545454546
vt 0.10795454545454546 0.2670454545454546
vt 0.10795454545454546 0.2727272727272727
vt 0.25850255681818185 0.49431818181818177
vt 0.142065625 0.49431818181818177
vt 0.142165625 0.40271363636363633
vt 0.25749744318181816 0.39111420454545454
vt 0.11066085227272728 0.03543676136363638
vt 0.027249488636363638 0.03595028409090906
vt 0.027154772727272725 0.009943181818181768
vt 0.110926875 0.009943181818181768
vt 0.1675827840909091 0.02967079545454543
vt 0.11670119318181818 0.030268465909090825
vt 0.1166434090909091 0
vt 0.1677450568181818 0
vt 0.110926875 0.009943181818181768
vt 0.11083221590909091 0.03595028409090906
vt 0.02742085227272727 0.03543676136363638
vt 0.027154772727272725 0.009943181818181768
vt 0.1677450568181818 0
vt 0.16768732954545454 0.030268465909090825
vt 0.11680573863636363 0.02967079545454543
vt 0.1166434090909091 0
vn -0.1965092866389949 -0.8799078759576925 -0.4326040107214165
vn 0 -0.9999996948243586 0.0007812497615813192
vn -0.005343401976976719 -2.2204143499976528e-16 0.9999857239257531
vn -0.0027310601843600654 -0.005462120368720366 0.9999813531018202
vn -0.0008634541325173225 -0.005180724795104153 0.9999862071736584
vn -0.0003494757799206568 -0.0040539190470798405 0.999991721769255
vn -0.028973338686962998 -0.9995801847002225 -2.2195138720265072e-16
vn -0.08588260206544168 -0.9962381839591234 -0.011561119508809682
vn -0.16428159011521543 -0.9856895406912919 -0.03778476572649977
vn -0.37365963028175164 -0.9192568440627162 -0.12387629047384174
vn -0.4434370199731827 -0.8868740399463665 -0.12968441150159127
vn -0.025936724945075068 0.8818486481325527 -0.4708186998048326
vn -0.011705737648128326 0.8736284298837939 -0.4864528160108547
vn -0.003357462901664318 0.8753512348439627 -0.48347589712416256
vn -0.005392866713883789 0.8755527185222423 -0.4830924901889052
vn -0.01170295115195664 0.8736307983372834 -0.48644862948814643
vn -0.011702389803478166 0.8736300117080731 -0.4864500557260117
vn -0.021900939839136366 0.8723005519953249 -0.48847937092861404
vn -0.07532776870059801 0.8932780672699695 -0.4431478554579916
vn -0.06581255856543175 0.898686320102591 -0.4336261122159679
vn -0.07208322065300328 0.8744617501892729 -0.47970892920207814
vn -0.07773906360162888 0.8758411708039933 -0.47629705175975234
vn -0.08087070094833072 0.8733972605437371 -0.4802469729241623
vn -0.07403114294622595 0.8839623119356296 -0.46166007077880605
vn -0.0871529960581994 0.8751567266903255 -0.47592547631615
vn -0.14880130529162663 0.8762657873004188 -0.45827550834654623
vn -0.14794925243958962 0.8712567088109182 -0.46799868168033726
vn -0.14879964521684022 0.876266263189128 -0.4582751374228198
vn -0.3778985560544134 0.8206428504665259 -0.4286466998708432
vn -0.15081099505523163 0.888109193103032 -0.4341867166281486
vn -0.4089976053333096 0.8338854384057597 -0.3706157504025596
vn -0.48100732588429 0.8055100727398793 -0.34610038306861024
vn -0.6409386811032339 0.6990992694070645 -0.3169508141339218
vn -0.2321202704701962 0.9463364873015714 -0.22487203658651245
vn -0.06357561306848655 0.9838585022188276 -0.1672739938983082
vn -0.026190767591840493 0.8904860981225768 -0.45425604315559603
vn -0.9996878452688758 0.014014755473054055 -0.020683294000306728
vn -0.9976105485620206 0.0627428017963535 -0.0289229013158799
vn -0.998035900006999 0.051511530322941944 -0.035649748119840806
vn -0.9962407383211893 0.027294266803320415 -0.0822156573221966
vn -0.868474286595128 -0.1627843453742781 -0.46824531009306586
vn -0.5312375171370555 -0.19889565492979855 -0.8235455171610754
vn -0.8504936433056022 -0.24161942105845205 -0.4672051134824423
vn -0.8755154617099492 0.21887886542748738 -0.4307722351498418
vn -0.6939279346852559 0.5337907189886583 -0.4832509594248383
vn -0.3488004904577197 0.7927280381766636 -0.499920469019856
vn -0.3487964778800055 0.7927281002787547 -0.499923170144113
vn -0.4350629155847626 0.7251048593079378 -0.5338007142098083
vn -0.7790877110079327 0.29215789162797445 -0.5546765768589085
vn -0.6379972511302419 0.478497938347682 -0.6033234874818592
vn -0.2847338325459695 0.7679189404639831 -0.5737831868226511
vn -0.33221551383133896 0.7550352587075875 -0.5652916154323765
vn -0.08876067663672911 0.8659681758747428 -0.49215918223188776
vn -0.09317480310965341 0.8753826767645778 -0.4743665516095754
vn -0.13564971997119896 0.858708007756961 -0.4941859072108458
vn -0.13564972764758806 0.8587080073699217 -0.4941859057762718
vn -0.1212835902673311 0.8666217130436425 -0.4840011334833511
vn -0.663787618028373 0.7303929634768161 -0.16097241085283212
vn -0.9627075112138858 0.25838410715441795 -0.08019913355130842
vn -0.8424357374763279 0.5236615839685637 -0.12680920194627332
vn -0.9071062831097565 0.41894059074689827 -0.040582909795160854
vn -0.9057968097214847 0.42323707509047853 -0.020062845442190873
vn -0.974577398172848 0.22357985164886807 -0.01452394255400701
vn -0.985621257621595 0.16773460524747857 -0.020392124138947573
vn -0.966074561530577 0.254791268015955 -0.04220605769703487
vn -0.781315597371743 0.6216965882086248 -0.05512975161736197
vn -0.14081025921096005 0.8919863515053887 -0.4295728339048542
vn -0.47595599954580353 0.793259999243006 -0.3797426234929931
vn -0.8446657239778956 0.44456090735678677 -0.2981701098148636
vn -0.9339727299466226 0.2334931824866557 -0.27051039434429613
vn -0.2776257343037872 0.8920779915783733 -0.3565400518788583
vn -0.4494407436543272 0.8010047458025883 -0.39546733764645675
vn -0.915596070853963 0.30509713870157396 -0.2619151980945309
vn -0.5202703085688735 0.7678481124648341 -0.3738021966305724
vn -0.6159759352131668 0.7353096935766485 -0.28265403193741956
vn -0.6772894759153582 0.730864659162044 -0.08435529504570946
vn -0.5780228696294082 0.7677820710335646 -0.2764059579401188
vn -0.7182317017579963 0.6651967509289258 -0.20409925316721073
vn -0.6050101510356222 0.7483020289124812 -0.27204189138681917
vn -0.7814565439625182 0.5758100850250132 -0.24035061032093188
vn -0.9273819392505281 0.32803867249166363 -0.1798704203081676
vn -0.9809624791399097 -0.041449118836897406 -0.18972238947295403
vn -0.8846759928972497 -0.1908252210760618 -0.42536351817303
vn -0.7300956427599691 -0.597350980439975 -0.33186165579998567
vn -1 0 0
vn -1 0 0
vn -1 0 0
vn -1 0 0
vn -1 0 0
vn -1 0 0
vn -0.9980525784828888 1.3850761905227615e-17 -0.06237828615518055
vn -0.9925434552766407 2.7065305890961203e-17 -0.12189130152520136
vn -0.9645535241081344 5.859474791980641e-17 -0.2638872848975083
vn -0.760064105556995 0.6430984472148717 0.09341810656219748
vn -0.628526388319205 0.54999811715679 0.549960589779306
vn -0.6374474519858127 0.7588218191143496 0.13360461366578733
vn -0.9448835063069155 0.32478566138675785 0.0413452980000822
vn -0.938120032347863 0.3455735260199268 -0.02257748927138579
vn -0.9566493956075394 0.2757426804518111 -0.09374384278970113
vn -0.939956855426764 0.2889763591186031 -0.1815868216770865
vn -0.8857714065260505 0.2799558901051462 -0.37018065181246
vn -0.5025770922691107 0.02450961334145853 -0.8641849021940721
vn -0.19269548619605784 0.02781881750470546 -0.9808641919207292
vn -0.04872255371340942 2.2178089389976935e-16 -0.9988123511248967
vn -0.7159536728812889 0.37303827052878785 -0.5901294663111506
vn -0.8055112466514867 0.2295545693084008 -0.5463115697361741
vn -0.8602916245551295 1.131988362762714e-16 -0.5098022368725896
vn -0.7046297060889124 0.7046297060889138 -0.08362986663928154
vn -0.6909060264250327 0.6899704985197088 -0.21584618092993085
vn -0.6640849810213286 0.7247192865447029 -0.18377457302912925
vn -0.5801119558676543 0.7802106323678886 -0.23396898896970086
vn -0.5067881472490777 0.8162216812106988 -0.27739491871594796
vn -0.8413251829930655 0.5359825219501572 -0.06996193697743432
vn -0.8138673364558178 0.5576111643405175 -0.16336997292380684
vn -0.923832577270193 0.3826643568429518 0.010067729450237659
vn -0.9256302948007864 0.3747792156025371 -0.05243183097466821
vn -0.9995044742730134 -0.006708083719953196 -0.030753983823784917
vn -0.9805806756909202 0.19611613513818404 4.3546529746182126e-17
vn -0.9933931810857014 0.029217446502520544 -0.11097895562809715
vn -0.944753382798722 0.3277803703665301 -0.0010365774219234442
vn -0.9915215236569835 0.12831301645388266 -0.02051433482810191
vn -0.9805806668809222 0.19611613337618441 -0.00013404827776637365
vn -0.9790578686068864 0.12023739803729024 -0.16428225111728736
vn -0.995629086632072 0.029282028569713466 -0.08868644008544362
vn -0.9840483389631824 0.12445602326192132 -0.127120277130086
vn -0.9840461212823759 0.12444731571899836 -0.1271459665087628
vn -0.9830869376199396 0.08035245964186881 -0.1645708215649146
vn -0.9840444503853398 0.1244560897480437 -0.1271503102255022
vn -0.9840447396663512 0.1244468791040127 -0.1271570863784414
vn -0.98404497887874 0.1244543506161386 -0.1271479223434487
vn -0.984044290270259 0.12444767396187809 -0.12715978622182528
vn -0.9809308456877902 0.10743896413136757 -0.16196155397073594
vn -0.9830860320866479 0.08035927454073662 -0.16457290333288999
vn -0.9772498844325851 0.11891025529668418 -0.17562179409679418
vn -0.5927662462437897 0.8053745405539268 0.00016352858551787444
vn 0 2.220446049250313e-16 -1
vn -0.6239365613646997 0.779237078738745 -0.059099429025171055
vn 0 2.220446049250313e-16 -1
vn -0.907791278347399 0.401564818940323 -0.12108134103081725
vn 0 2.220446049250313e-16 -1
vn -0.604530975104901 -0.7889249874550377 0.11018014479835372
vn 0 2.220446049250313e-16 -1
vn -0.23614262577232495 -0.9449285910655395 0.22659792161501888
vn 0 2.220446049250313e-16 -1
vn -0.48295177831113706 -0.8546550524425128 -0.1905841576852495
vn 0 2.220446049250313e-16 -1
vn 0.5874013964630016 -0.7995424354172439 0.1252656912341854
vn 0 2.220446049250313e-16 -1
vn 0.6803319493527243 -0.7283060384228368 0.08196800038280665
vn 0 2.220446049250313e-16 -1
vn 0.9258057720823702 -0.3778730743424703 0.009778142253851475
vn 0 2.220446049250313e-16 -1
vn 0.9847722339984167 -0.12637696715677935 -0.11938387377708064
vn 0 2.220446049250313e-16 -1
vn 0.40396443267532167 0.9147011062020497 0.011602734421340693
vn 0 2.220446049250313e-16 -1
vn 0.2483852314757263 0.9686052659621498 0.010421877716762505
vn 0 2.220446049250313e-16 -1
vn 0.16634377243402393 0.9851651965706198 -0.04218156989005659
vn 0 2.220446049250313e-16 -1
vn 0.1965092866389949 -0.8799078759576925 -0.4326040107214165
vn 0 -0.9999996948243586 0.0007812497615813192
vn 0.005343401976976719 -2.2204143499976528e-16 0.9999857239257531
vn 0.0027310601843600684 -0.005462120368720366 0.9999813531018202
vn 0.0008634541325173224 -0.005180724795104154 0.9999862071736584
vn 0.00034947577992065673 -0.00405391904707984 0.999991721769255
vn 0.028973338686962995 -0.9995801847002225 -2.2195138720265072e-16
vn 0.08588260206544168 -0.9962381839591234 -0.011561119508809682
vn 0.1642815901152154 -0.9856895406912919 -0.03778476572649976
vn 0.3736596302817516 -0.9192568440627163 -0.12387629047384172
vn 0.4434370199731827 -0.8868740399463665 -0.1296844115015913
vn 0.02593672494507508 0.8818486481325527 -0.4708186998048326
vn 0.01170573764812832 0.8736284298837939 -0.4864528160108548
vn 0.0033574629016643173 0.8753512348439627 -0.4834758971241624
vn 0.00539286671388379 0.8755527185222424 -0.48309249018890527
vn 0.011702951151956641 0.8736307983372833 -0.48644862948814654
vn 0.011702389803478219 0.873630011708073 -0.4864500557260118
vn 0.021900939839136376 0.8723005519953249 -0.48847937092861404
vn 0.075327768700598 0.8932780672699695 -0.4431478554579916
vn 0.06581255856543172 0.8986863201025909 -0.43362611221596786
vn 0.07208322065300345 0.8744617501892729 -0.4797089292020781
vn 0.07773906360162891 0.8758411708039933 -0.47629705175975234
vn 0.08087070094833079 0.8733972605437373 -0.48024697292416235
vn 0.07403114294622595 0.8839623119356296 -0.46166007077880605
vn 0.08715299605819943 0.8751567266903255 -0.47592547631615
vn 0.14880130529162644 0.8762657873004188 -0.45827550834654623
vn 0.14794925243958965 0.8712567088109181 -0.46799868168033726
vn 0.14879964521684028 0.8762662631891281 -0.45827513742281983
vn 0.3778985560544134 0.8206428504665259 -0.42864669987084325
vn 0.15081099505523163 0.888109193103032 -0.4341867166281486
vn 0.4089976053333097 0.8338854384057598 -0.3706157504025597
vn 0.48100732588428996 0.8055100727398793 -0.34610038306861024
vn 0.6409386811032339 0.6990992694070645 -0.3169508141339218
vn 0.2321202704701963 0.9463364873015715 -0.22487203658651247
vn 0.06357561306848653 0.9838585022188276 -0.16727399389830816
vn 0.026190767591840493 0.8904860981225768 -0.454256043155596
vn 0.9996878452688758 0.014014755473054055 -0.020683294000306728
vn 0.9983961788986287 0.05271035727104572 -0.020656432339011377
vn 0.9976105485620206 0.0627428017963535 -0.0289229013158799
vn 0.998035900006999 0.05151153032294195 -0.03564974811984082
vn 0.9962407383211893 0.027294266803320415 -0.08221565732219659
vn 0.868474286595128 -0.1627843453742781 -0.4682453100930659
vn 0.5312375171370556 -0.1988956549297986 -0.8235455171610754
vn 0.8504936433056021 -0.24161942105845194 -0.4672051134824422
vn 0.8755154617099492 0.21887886542748747 -0.43077223514984175
vn 0.6939279346852558 0.5337907189886584 -0.4832509594248381
vn 0.3488004904577197 0.7927280381766636 -0.49992046901985593
vn 0.34879647788000523 0.7927281002787547 -0.4999231701441129
vn 0.4350629155847626 0.7251048593079378 -0.5338007142098083
vn 0.7790877110079328 0.29215789162797445 -0.5546765768589085
vn 0.6379972511302419 0.4784979383476822 -0.6033234874818592
vn 0.2847338325459695 0.7679189404639831 -0.5737831868226511
vn 0.33221551383133896 0.7550352587075877 -0.5652916154323766
vn 0.08876067663672914 0.8659681758747428 -0.49215918223188776
vn 0.09317480310965329 0.8753826767645778 -0.4743665516095755
vn 0.13564971997119896 0.8587080077569609 -0.4941859072108458
vn 0.13564972764758812 0.8587080073699217 -0.4941859057762718
vn 0.1212835902673311 0.8666217130436425 -0.48400113348335105
vn 0.663787618028373 0.7303929634768161 -0.16097241085283212
vn 0.9627075112138858 0.2583841071544179 -0.08019913355130844
vn 0.8424357374763278 0.5236615839685635 -0.12680920194627332
vn 0.9071062831097565 0.41894059074689827 -0.04058290979516085
vn 0.9057968097214847 0.42323707509047853 -0.020062845442190873
vn 0.974577398172848 0.22357985164886807 -0.01452394255400701
vn 0.985621257621595 0.16773460524747857 -0.020392124138947573
vn 0.966074561530577 0.2547912680159549 -0.042206057697034866
vn 0.781315597371743 0.6216965882086247 -0.05512975161736196
vn 0.14081025921096 0.8919863515053887 -0.4295728339048541
vn 0.4759559995458035 0.7932599992430062 -0.3797426234929931
vn 0.8446657239778956 0.4445609073567868 -0.2981701098148637
vn 0.9339727299466226 0.2334931824866557 -0.27051039434429613
vn 0.27762573430378723 0.8920779915783733 -0.35654005187885834
vn 0.44944074365432723 0.8010047458025881 -0.39546733764645664
vn 0.915596070853963 0.30509713870157396 -0.2619151980945308
vn 0.5202703085688735 0.7678481124648341 -0.3738021966305724
vn 0.6159759352131668 0.7353096935766485 -0.28265403193741956
vn 0.6772894759153583 0.730864659162044 -0.08435529504570943
vn 0.5780228696294081 0.7677820710335646 -0.27640595794011874
vn 0.7182317017579964 0.6651967509289258 -0.20409925316721073
vn 0.6050101510356222 0.7483020289124812 -0.27204189138681917
vn 0.7814565439625181 0.5758100850250131 -0.24035061032093188
vn 0.9273819392505283 0.3280386724916636 -0.17987042030816766
vn 0.9809624791399097 -0.041449118836897406 -0.18972238947295406
vn 0.8846759928972497 -0.19082522107606187 -0.42536351817303
vn 0.7300956427599691 -0.597350980439975 -0.3318616557999856
vn 1 0 0
vn 1 0 0
vn 1 0 0
vn 1 0 0
vn 1 0 0
vn 1 0 0
vn 0.9980525784828888 1.3850761905227615e-17 -0.06237828615518055
vn 0.9925434552766407 2.706530589096121e-17 -0.12189130152520139
vn 0.9645535241081344 5.859474791980642e-17 -0.26388728489750835
vn 0.7600641055569952 0.6430984472148717 0.09341810656219751
vn 0.628526388319205 0.54999811715679 0.549960589779306
vn 0.6374474519858128 0.7588218191143495 0.1336046136657873
vn 0.9448835063069155 0.3247856613867578 0.0413452980000822
vn 0.938120032347863 0.3455735260199268 -0.0225774892713858
vn 0.9566493956075394 0.27574268045181116 -0.09374384278970115
vn 0.939956855426764 0.2889763591186031 -0.18158682167708654
vn 0.8857714065260504 0.2799558901051462 -0.3701806518124599
vn 0.5025770922691107 0.02450961334145849 -0.8641849021940722
vn 0.1926954861960579 0.02781881750470546 -0.9808641919207292
vn 0.04872255371340943 2.2178089389976935e-16 -0.9988123511248967
vn 0.715953672881289 0.3730382705287877 -0.5901294663111505
vn 0.8055112466514865 0.22955456930840096 -0.5463115697361741
vn 0.8602916245551296 1.131988362762714e-16 -0.5098022368725896
vn 0.7046297060889124 0.7046297060889138 -0.08362986663928156
vn 0.6909060264250327 0.6899704985197088 -0.21584618092993088
vn 0.6640849810213286 0.7247192865447027 -0.18377457302912925
vn 0.5801119558676544 0.7802106323678886 -0.23396898896970092
vn 0.5067881472490776 0.816221681210699 -0.27739491871594796
vn 0.8413251829930655 0.5359825219501572 -0.06996193697743433
vn 0.8138673364558178 0.5576111643405175 -0.16336997292380687
vn 0.923832577270193 0.38266435684295186 0.010067729450237622
vn 0.9256302948007865 0.374779215602537 -0.052431830974668206
vn 0.9995044742730134 -0.006708083719953196 -0.030753983823784917
vn 0.9805806756909202 0.19611613513818404 4.3546529746182126e-17
vn 0.9933931810857014 0.029217446502520544 -0.11097895562809715
vn 0.944753382798722 0.3277803703665301 -0.00103657742192344
vn 0.9915215236569835 0.12831301645388266 -0.02051433482810191
vn 0.9805806668809222 0.19611613337618441 -0.00013404827776637365
vn 0.9790578686068862 0.1202373980372903 -0.16428225111728734
vn 0.995629086632072 0.029282028569713466 -0.08868644008544362
vn 0.9840483389631824 0.12445602326192134 -0.1271202771300858
vn 0.9840461212823759 0.12444731571899831 -0.12714596650876278
vn 0.9830869376199396 0.08035245964186866 -0.16457082156491462
vn 0.9840444503853398 0.12445608974804372 -0.12715031022550222
vn 0.9840447396663512 0.12444687910401266 -0.1271570863784413
vn 0.98404497887874 0.12445435061613863 -0.12714792234344874
vn 0.984044290270259 0.12444767396187809 -0.12715978622182528
vn 0.9809308456877902 0.1074389641313676 -0.16196155397073594
vn 0.983086032086648 0.08035927454073662 -0.16457290333289
vn 0.9772498844325851 0.11891025529668417 -0.17562179409679418
vn 0.5927662462437898 0.8053745405539268 0.00016352858551786802
vn 0 2.220446049250313e-16 -1
vn 0.6239365613646998 0.779237078738745 -0.05909942902517104
vn 0 2.220446049250313e-16 -1
vn 0.907791278347399 0.401564818940323 -0.12108134103081725
vn 0 2.220446049250313e-16 -1
vn 0.6045309751049011 -0.7889249874550377 0.11018014479835377
vn 0 2.220446049250313e-16 -1
vn 0.236142625772325 -0.9449285910655396 0.2265979216150189
vn 0 2.220446049250313e-16 -1
vn 0.48295177831113706 -0.8546550524425128 -0.19058415768524956
vn 0 2.220446049250313e-16 -1
vn -0.5874013964630016 -0.7995424354172439 0.12526569123418535
vn 0 2.220446049250313e-16 -1
vn -0.6803319493527245 -0.7283060384228367 0.08196800038280665
vn 0 2.220446049250313e-16 -1
vn -0.9258057720823702 -0.3778730743424703 0.009778142253851475
vn 0 2.220446049250313e-16 -1
vn -0.9847722339984167 -0.1263769671567793 -0.11938387377708062
vn 0 2.220446049250313e-16 -1
vn -0.4039644326753218 0.9147011062020498 0.011602734421340693
vn 0 2.220446049250313e-16 -1
vn -0.24838523147572633 0.9686052659621498 0.010421877716762517
vn 0 2.220446049250313e-16 -1
vn -0.16634377243402393 0.9851651965706198 -0.04218156989005659
vn 0 2.220446049250313e-16 -1
vn 0 0.994975940675567 -0.100114322036214
vn 0 0.9729094737022924 -0.2311864095926244
vn 0 0.8793014418462828 -0.4762656552461538
vn 0 0.898384360919201 -0.4392101320049423
vn 0.0022876984189819597 0.9995321779104049 -0.030499045192045302
vn 0 2.220446049250313e-16 -1
vn -0.6316662598146175 0.46873109037485555 -0.6174859521704209
vn 0 2.220446049250313e-16 -1
vn -0.6141648133733577 0.17224652111455618 -0.7701511007445239
vn 0 2.220446049250313e-16 -1
vn -0.4980947210198813 -0.47077200165697275 -0.7282000901867658
vn 0 2.220446049250313e-16 -1
vn -0.5360165564323746 -0.31635616624125845 -0.7826908887367428
vn 0 2.220446049250313e-16 -1
vn -0.09801733460294104 -0.986667871955839 0.12991963888293084
vn 0 2.220446049250313e-16 -1
vn -0.003756095305932169 -0.9780332621082761 0.20841504254227194
vn 0 2.220446049250313e-16 -1
vn 0.10861721665159156 -0.9904085205858449 0.085400600687696
vn 0 2.220446049250313e-16 -1
vn 0.547551846650171 -0.27521454134435275 -0.7902176481594202
vn 0 2.220446049250313e-16 -1
vn 0.49393202701025574 -0.40670180734541855 -0.768521172509587
vn 0 2.220446049250313e-16 -1
vn 0.6802474400359975 0.012472244589658003 -0.7328764312210946
vn 0 2.220446049250313e-16 -1
vn 0.7304692145867593 0.34156193124820644 -0.5913967988271485
vn 0 2.220446049250313e-16 -1
vn 0.008017687760549534 0.9998179614871051 0.017313594968814766
vn 0 2.220446049250313e-16 -1
vn 0 0.9997577220951227 0.02201129508165646
vn 0 2.220446049250313e-16 -1
vn 0 0.8793016851457491 -0.47626520605629624
vn 0 0.8822011923565795 -0.4708726539146539
vn 0 0.8767536472603258 -0.4809397488414912
vn 0 0.8917863106959951 -0.4524568223104013
vn 0 0.8756827829424285 -0.4828868021164007
vn 0 -1 -2.220446049250313e-16
vn 0 -2.220446049250313e-16 1
vn 0 -0.9999996948243586 0.0007812497615813193
vn 0.08881719920093309 0.8731926770863155 -0.47921399583999585
vn 1.7309170953528025e-7 0.879301606104474 -0.4762653519856997
vn -0.0000011956917525465459 0.8793022300954383 -0.476264199943434
vn -0.08881719920093306 0.8731926770863154 -0.4792139958399959
vn -0.0000016035758299894987 0.8793015638950544 -0.4762654299118718
vn 9.09978670668695e-7 0.8793027140341856 -0.4762633064716271
vn 0 2.220446049250313e-16 -1
vn -0.9983961788986287 0.05271035727104572 -0.020656432339011373
vn -0.9966953069130046 0.06614023754367454 -0.04715860637527373
vn -0.9972965555918026 0.07197155427835605 -0.014821456726117867
vn 0.9966953069130046 0.06614023754367454 -0.04715860637527373
vn 0.9972965555918026 0.07197155427835605 -0.014821456726117867
usemtl m_3763b251-fe16-00a5-ba92-24a9d1cbea6c
f 517/878/234 518/879/234 519/880/234
f 520/881/235 521/882/235 523/883/235 522/884/235
f 524/885/236 525/886/236 528/887/236
f 527/888/237 526/889/237 529/890/237
f 527/891/238 529/892/238 530/893/238 525/894/238
f 530/895/239 528/896/239 525/897/239
f 531/898/240 532/899/240 534/900/240 533/901/240
f 535/902/241 536/903/241 538/904/241 537/905/241
f 539/906/242 540/907/242 542/908/242 541/909/242
f 543/910/243 544/911/243 547/912/243 545/913/243
f 544/914/244 546/915/244 547/916/244
f 552/917/245 550/918/245 548/919/245
f 549/920/246 551/921/246 553/922/246 554/923/246
f 557/924/247 552/925/247 548/926/247 556/927/247
f 556/928/248 548/929/248 549/930/248 555/931/248
f 549/932/249 554/933/249 555/934/249
f 558/935/250 552/936/250 557/937/250
f 559/938/251 560/939/251 563/940/251
f 563/941/252 562/942/252 561/943/252
f 561/944/253 559/945/253 563/946/253
f 564/947/254 565/948/254 567/949/254 566/950/254
f 568/951/255 569/952/255 572/953/255
f 569/954/256 571/955/256 572/956/256
f 571/957/257 570/958/257 572/959/257
f 574/960/258 576/961/258 578/962/258 577/963/258
f 576/964/259 575/965/259 578/966/259
f 575/967/260 573/968/260 580/969/260 579/970/260
f 579/971/261 578/972/261 575/973/261
f 581/974/262 582/975/262 583/976/262
f 584/977/263 585/978/263 587/979/263 586/980/263
f 592/981/264 590/982/264 588/983/264
f 588/984/265 589/985/265 593/986/265 592/987/265
f 589/988/266 591/989/266 593/990/266
f 594/991/267 595/992/267 597/993/267 598/994/267
f 598/995/268 596/996/268 594/997/268
f 599/998/269 600/999/269 602/1000/269 601/1001/269
f 603/1002/270 605/1003/270 606/1004/270 604/1005/270
f 607/1006/271 608/1007/271 610/1008/271 609/1009/271
f 611/1010/272 612/1011/272 614/1012/272 613/1013/272
f 615/1014/273 616/1015/273 618/1016/273 617/1017/273
f 620/1018/274 623/1019/274 621/1020/274 619/1021/274
f 623/1022/275 622/1023/275 624/1024/275
f 624/1025/276 621/1026/276 623/1027/276
f 626/1028/277 628/1029/277 627/1030/277 625/1031/277
f 630/1032/278 632/1033/278 631/1034/278 629/1035/278
f 636/1036/279 635/1037/279 637/1038/279
f 637/1039/280 635/1040/280 634/1041/280 638/1042/280
f 634/1043/281 633/1044/281 638/1045/281
f 640/1046/282 642/1047/282 641/1048/282 639/1049/282
f 644/1050/283 646/1051/283 645/1052/283 643/1053/283
f 650/1054/284 647/1055/284 649/1056/284 651/1057/284
f 649/1058/285 648/1059/285 651/1060/285
f 652/1061/286 647/1062/286 650/1063/286
f 659/1064/287 654/1065/287 658/1066/287
f 654/1067/288 653/1068/288 656/1069/288 657/1070/288
f 653/1071/289 655/1072/289 656/1073/289
f 657/1074/290 658/1075/290 654/1076/290
f 661/1077/291 663/1078/291 662/1079/291 660/1080/291
f 665/1081/292 667/1082/292 666/1083/292 664/1084/292
f 669/1085/293 671/1086/293 670/1087/293 668/1088/293
f 673/1089/294 675/1090/294 674/1091/294 672/1092/294
f 677/1093/295 679/1094/295 678/1095/295 676/1096/295
f 681/1097/296 683/1098/296 682/1099/296 680/1100/296
f 686/1101/297 685/1102/297 684/1103/297
f 688/1104/298 690/1105/298 689/1106/298 687/1107/298
f 692/1108/299 694/1109/299 693/1110/299 691/1111/299
f 696/1112/300 698/1113/300 697/1114/300 695/1115/300
f 700/1116/301 702/1117/301 701/1118/301 699/1119/301
f 704/1120/302 706/1121/302 705/1122/302 703/1123/302
f 708/1124/303 710/1125/303 709/1126/303 707/1127/303
f 712/1128/304 714/1129/304 713/1130/304 711/1131/304
f 716/1132/305 718/1133/305 717/1134/305 715/1135/305
f 720/1136/306 722/1137/306 721/1138/306
f 721/1139/307 719/1140/307 720/1141/307
f 726/1142/308 725/1143/308 724/1144/308 723/1145/308
f 730/1146/309 729/1147/309 728/1148/309 727/1149/309
f 731/1150/310 734/1151/310 735/1152/310 736/1153/310
f 736/1154/311 735/1155/311 733/1156/311 732/1157/311
f 738/1158/312 740/1159/312 739/1160/312 737/1161/312
f 742/1162/313 744/1163/313 743/1164/313 741/1165/313
f 746/1166/314 748/1167/314 747/1168/314 745/1169/314
f 749/1170/315 750/1171/315 752/1172/315 751/1173/315
f 753/1174/316 754/1175/316 756/1176/316 755/1177/316
f 757/1178/317 758/1179/317 760/1180/317 759/1181/317
f 765/1182/318 761/1183/318 762/1184/318 764/1185/318
f 765/1186/319 766/1187/319 763/1188/319 761/1189/319
f 769/1190/320 768/1191/320 767/1192/320 770/1193/320
f 773/1194/321 772/1195/321 771/1196/321 774/1197/321
f 777/1198/322 776/1199/322 775/1200/322 778/1201/322
f 781/1202/323 780/1203/323 779/1204/323 782/1205/323
f 785/1206/324 784/1207/324 783/1208/324 786/1209/324
f 789/1210/325 788/1211/325 787/1212/325 790/1213/325
f 793/1214/326 792/1215/326 791/1216/326 794/1217/326
f 797/1218/327 796/1219/327 795/1220/327 798/1221/327
f 802/1222/328 801/1223/328 804/1224/328 803/1225/328
f 803/1226/329 804/1227/329 800/1228/329 799/1229/329
f 807/1230/330 806/1231/330 805/1232/330 808/1233/330
f 811/1234/331 810/1235/331 809/1236/331 812/1237/331
f 815/1238/332 814/1239/332 813/1240/332 816/1241/332
f 819/1242/333 818/1243/333 817/1244/333 820/1245/333
f 823/1246/334 822/1247/334 821/1248/334 824/1249/334
f 827/1250/335 826/1251/335 825/1252/335 828/1253/335
f 831/1254/336 830/1255/336 829/1256/336 832/1257/336
f 835/1258/337 834/1259/337 833/1260/337 836/1261/337
f 841/1262/338 839/1263/338 838/1264/338 837/1265/338
f 841/1266/339 840/1267/339 839/1268/339
f 842/1269/340 844/1270/340 843/1271/340
f 847/1272/341 845/1273/341 849/1274/341 850/1275/341
f 850/1276/342 849/1277/342 846/1278/342 848/1279/342
f 853/1280/343 851/1281/343 855/1282/343 856/1283/343
f 857/1284/344 856/1285/344 855/1286/344 852/1287/344
f 852/1288/345 854/1289/345 857/1290/345
f 860/1291/346 858/1292/346 862/1293/346 863/1294/346
f 863/1295/347 862/1296/347 859/1297/347 861/1298/347
f 866/1299/348 864/1300/348 868/1301/348 869/1302/348
f 869/1303/349 868/1304/349 865/1305/349 867/1306/349
f 870/1307/350 871/1308/350 874/1309/350 872/1310/350
f 874/1311/351 873/1312/351 872/1313/351
f 875/1314/352 876/1315/352 878/1316/352 877/1317/352
f 879/1318/353 880/1319/353 883/1320/353
f 883/1321/354 882/1322/354 881/1323/354
f 881/1324/355 879/1325/355 883/1326/355
f 884/1327/356 885/1328/356 889/1329/356 888/1330/356
f 890/1331/357 887/1332/357 886/1333/357 891/1334/357
f 885/1335/358 887/1336/358 895/1337/358
f 887/1338/359 890/1339/359 893/1340/359
f 889/1341/360 885/1342/360 892/1343/360 892/1343/360
f 893/1345/361 894/1346/361 887/1347/361
f 895/1348/362 894/1349/362 896/1350/362
f 894/1351/363 895/1352/363 887/1353/363
f 895/1354/364 896/1355/364 885/1356/364
f 896/1357/365 892/1358/365 885/1359/365
f 898/1360/366 897/1361/366 899/1362/366 900/1363/366
f 903/1364/367 902/1365/367 901/1366/367
f 908/1367/368 907/1368/368 905/1369/368 906/1370/368
f 908/1371/369 906/1372/369 904/1373/369
f 910/1374/370 909/1375/370 907/1376/370 908/1377/370
f 910/1378/371 908/1379/371 904/1380/371
f 912/1381/372 911/1382/372 909/1383/372 910/1384/372
f 912/1385/373 910/1386/373 904/1387/373
f 914/1388/374 913/1389/374 911/1390/374 912/1391/374
f 914/1392/375 912/1393/375 904/1394/375
f 916/1395/376 915/1396/376 913/1397/376 914/1398/376
f 916/1399/377 914/1400/377 904/1401/377
f 918/1402/378 917/1403/378 915/1404/378 916/1405/378
f 918/1406/379 916/1407/379 904/1408/379
f 920/1409/380 919/1410/380 917/1411/380 918/1412/380
f 920/1413/381 918/1414/381 904/1415/381
f 922/1416/382 921/1417/382 919/1418/382 920/1419/382
f 922/1420/383 920/1421/383 904/1422/383
f 924/1423/384 923/1424/384 921/1425/384 922/1426/384
f 924/1427/385 922/1428/385 904/1429/385
f 926/1430/386 925/1431/386 923/1432/386 924/1433/386
f 926/1434/387 924/1435/387 904/1436/387
f 928/1437/388 927/1438/388 925/1439/388 926/1440/388
f 928/1441/389 926/1442/389 904/1443/389
f 930/1444/390 929/1445/390 927/1446/390 928/1447/390
f 930/1448/391 928/1449/391 904/1450/391
f 906/1451/392 905/1452/392 929/1453/392 930/1454/392
f 906/1455/393 930/1456/393 904/1457/393
f 932/1458/394 931/1459/394 933/1460/394
f 937/1461/395 935/1462/395 934/1463/395 936/1464/395
f 939/1465/396 938/1466/396 942/1467/396
f 940/1468/397 941/1469/397 943/1470/397
f 944/1471/398 943/1472/398 941/1473/398 939/1474/398
f 942/1475/399 944/1476/399 939/1477/399
f 948/1478/400 946/1479/400 945/1480/400 947/1481/400
f 952/1482/401 950/1483/401 949/1484/401 951/1485/401
f 956/1486/402 954/1487/402 953/1488/402 955/1489/402
f 961/1490/403 958/1491/403 957/1492/403 959/1493/403
f 960/1494/404 958/1495/404 961/1496/404
f 964/1497/405 966/1498/405 962/1499/405
f 967/1500/406 965/1501/406 963/1502/406 968/1503/406
f 962/1504/407 966/1505/407 971/1506/407 970/1507/407
f 963/1508/408 962/1509/408 970/1510/408 969/1511/408
f 968/1512/409 963/1513/409 969/1514/409
f 966/1515/410 972/1516/410 971/1517/410
f 974/1518/411 973/1519/411 977/1520/411
f 976/1521/412 977/1522/412 975/1523/412
f 973/1524/413 975/1525/413 977/1526/413
f 981/1527/414 979/1528/414 978/1529/414 980/1530/414
f 983/1531/415 982/1532/415 986/1533/415
f 985/1534/416 983/1535/416 986/1536/416
f 984/1537/417 985/1538/417 986/1539/417
f 992/1540/418 990/1541/418 988/1542/418 991/1543/418
f 989/1544/419 990/1545/419 992/1546/419
f 994/1547/420 987/1548/420 989/1549/420 993/1550/420
f 992/1551/421 993/1552/421 989/1553/421
f 996/1554/422 995/1555/422 997/1556/422
f 1001/1557/423 999/1558/423 998/1559/423 1000/1560/423
f 1004/1561/424 1006/1562/424 1002/1563/424
f 1007/1564/425 1003/1565/425 1002/1566/425 1006/1567/425
f 1005/1568/426 1003/1569/426 1007/1570/426
f 1011/1571/427 1009/1572/427 1008/1573/427 1012/1574/427
f 1010/1575/428 1012/1576/428 1008/1577/428
f 1016/1578/429 1014/1579/429 1013/1580/429 1015/1581/429
f 1022/1582/430 1021/1583/430 1017/1584/430 1019/1585/430
f 1020/1586/431 1018/1587/431 1021/1588/431 1022/1589/431
f 1026/1590/432 1024/1591/432 1023/1592/432 1025/1593/432
f 1030/1594/433 1028/1595/433 1027/1596/433 1029/1597/433
f 1034/1598/434 1032/1599/434 1031/1600/434 1033/1601/434
f 1037/1602/435 1039/1603/435 1036/1604/435 1035/1605/435
f 1038/1606/436 1039/1607/436 1040/1608/436
f 1037/1609/437 1040/1610/437 1039/1611/437
f 1043/1612/438 1044/1613/438 1042/1614/438 1041/1615/438
f 1047/1616/439 1048/1617/439 1046/1618/439 1045/1619/439
f 1051/1620/440 1052/1621/440 1053/1622/440
f 1050/1623/441 1051/1624/441 1053/1625/441 1054/1626/441
f 1049/1627/442 1050/1628/442 1054/1629/442
f 1057/1630/443 1058/1631/443 1056/1632/443 1055/1633/443
f 1061/1634/444 1062/1635/444 1060/1636/444 1059/1637/444
f 1065/1638/445 1063/1639/445 1066/1640/445 1067/1641/445
f 1064/1642/446 1065/1643/446 1067/1644/446
f 1063/1645/447 1068/1646/447 1066/1647/447
f 1070/1648/448 1075/1649/448 1074/1650/448
f 1072/1651/449 1069/1652/449 1070/1653/449 1073/1654/449
f 1071/1655/450 1069/1656/450 1072/1657/450
f 1074/1658/451 1073/1659/451 1070/1660/451
f 1078/1661/452 1079/1662/452 1077/1663/452 1076/1664/452
f 1082/1665/453 1083/1666/453 1081/1667/453 1080/1668/453
f 1086/1669/454 1087/1670/454 1085/1671/454 1084/1672/454
f 1090/1673/455 1091/1674/455 1089/1675/455 1088/1676/455
f 1094/1677/456 1095/1678/456 1093/1679/456 1092/1680/456
f 1098/1681/457 1099/1682/457 1097/1683/457 1096/1684/457
f 1101/1685/458 1102/1686/458 1100/1687/458
f 1105/1688/459 1106/1689/459 1104/1690/459 1103/1691/459
f 1109/1692/460 1110/1693/460 1108/1694/460 1107/1695/460
f 1113/1696/461 1114/1697/461 1112/1698/461 1111/1699/461
f 1117/1700/462 1118/1701/462 1116/1702/462 1115/1703/462
f 1121/1704/463 1122/1705/463 1120/1706/463 1119/1707/463
f 1125/1708/464 1126/1709/464 1124/1710/464 1123/1711/464
f 1129/1712/465 1130/1713/465 1128/1714/465 1127/1715/465
f 1133/1716/466 1134/1717/466 1132/1718/466 1131/1719/466
f 1138/1720/467 1136/1721/467 1137/1722/467
f 1135/1723/468 1137/1724/468 1136/1725/468
f 1140/1726/469 1141/1727/469 1142/1728/469 1139/1729/469
f 1144/1730/470 1145/1731/470 1146/1732/470 1143/1733/470
f 1151/1734/471 1150/1735/471 1147/1736/471 1152/1737/471
f 1149/1738/472 1151/1739/472 1152/1740/472 1148/1741/472
f 1155/1742/473 1156/1743/473 1154/1744/473 1153/1745/473
f 1159/1746/474 1160/1747/474 1158/1748/474 1157/1749/474
f 1163/1750/475 1164/1751/475 1162/1752/475 1161/1753/475
f 1168/1754/476 1166/1755/476 1165/1756/476 1167/1757/476
f 1172/1758/477 1170/1759/477 1169/1760/477 1171/1761/477
f 1176/1762/478 1174/1763/478 1173/1764/478 1175/1765/478
f 1178/1766/479 1177/1767/479 1181/1768/479 1180/1769/479
f 1179/1770/480 1182/1771/480 1181/1772/480 1177/1773/480
f 1183/1774/481 1184/1775/481 1185/1776/481 1186/1777/481
f 1187/1778/482 1188/1779/482 1189/1780/482 1190/1781/482
f 1191/1782/483 1192/1783/483 1193/1784/483 1194/1785/483
f 1195/1786/484 1196/1787/484 1197/1788/484 1198/1789/484
f 1199/1790/485 1200/1791/485 1201/1792/485 1202/1793/485
f 1203/1794/486 1204/1795/486 1205/1796/486 1206/1797/486
f 1207/1798/487 1208/1799/487 1209/1800/487 1210/1801/487
f 1211/1802/488 1212/1803/488 1213/1804/488 1214/1805/488
f 1220/1806/489 1217/1807/489 1218/1808/489 1219/1809/489
f 1216/1810/490 1220/1811/490 1219/1812/490 1215/1813/490
f 1221/1814/491 1222/1815/491 1223/1816/491 1224/1817/491
f 1225/1818/492 1226/1819/492 1227/1820/492 1228/1821/492
f 1229/1822/493 1230/1823/493 1231/1824/493 1232/1825/493
f 1233/1826/494 1234/1827/494 1235/1828/494 1236/1829/494
f 1237/1830/495 1238/1831/495 1239/1832/495 1240/1833/495
f 1241/1834/496 1242/1835/496 1243/1836/496 1244/1837/496
f 1245/1838/497 1246/1839/497 1247/1840/497 1248/1841/497
f 1249/1842/498 1250/1843/498 1251/1844/498 1252/1845/498
f 1254/1846/499 1255/1847/499 1257/1848/499 1253/1849/499
f 1256/1850/500 1257/1851/500 1255/1852/500
f 1260/1853/501 1258/1854/501 1259/1855/501
f 1265/1856/502 1261/1857/502 1263/1858/502 1266/1859/502
f 1262/1860/503 1265/1861/503 1266/1862/503 1264/1863/503
f 1271/1864/504 1267/1865/504 1269/1866/504 1272/1867/504
f 1271/1868/505 1272/1869/505 1273/1870/505 1268/1871/505
f 1270/1872/506 1268/1873/506 1273/1874/506
f 1278/1875/507 1274/1876/507 1276/1877/507 1279/1878/507
f 1275/1879/508 1278/1880/508 1279/1881/508 1277/1882/508
f 1284/1883/509 1280/1884/509 1282/1885/509 1285/1886/509
f 1281/1887/510 1284/1888/510 1285/1889/510 1283/1890/510
f 1290/1891/511 1287/1892/511 1286/1893/511 1288/1894/511
f 1289/1895/512 1290/1896/512 1288/1897/512
f 1294/1898/513 1292/1899/513 1291/1900/513 1293/1901/513
f 1296/1902/514 1295/1903/514 1299/1904/514
f 1298/1905/515 1299/1906/515 1297/1907/515
f 1295/1908/516 1297/1909/516 1299/1910/516
f 1305/1911/517 1301/1912/517 1300/1913/517 1304/1914/517
f 1302/1915/518 1303/1916/518 1306/1917/518 1307/1918/518
f 1303/1919/519 1301/1920/519 1311/1921/519
f 1306/1922/520 1303/1923/520 1309/1924/520
f 1301/1925/521 1305/1926/521 1308/1927/521 1308/1927/521
f 1310/1929/522 1309/1930/522 1303/1931/522
f 1310/1932/523 1311/1933/523 1312/1934/523
f 1311/1935/524 1310/1936/524 1303/1937/524
f 1312/1938/525 1311/1939/525 1301/1940/525
f 1308/1941/526 1312/1942/526 1301/1943/526
f 1315/1944/527 1313/1945/527 1314/1946/527 1316/1947/527
f 1318/1948/528 1319/1949/528 1317/1950/528
f 1321/1951/529 1323/1952/529 1324/1953/529 1322/1954/529
f 1322/1955/530 1324/1956/530 1320/1957/530
f 1323/1958/531 1325/1959/531 1326/1960/531 1324/1961/531
f 1324/1962/532 1326/1963/532 1320/1964/532
f 1325/1965/533 1327/1966/533 1328/1967/533 1326/1968/533
f 1326/1969/534 1328/1970/534 1320/1971/534
f 1327/1972/535 1329/1973/535 1330/1974/535 1328/1975/535
f 1328/1976/536 1330/1977/536 1320/1978/536
f 1329/1979/537 1331/1980/537 1332/1981/537 1330/1982/537
f 1330/1983/538 1332/1984/538 1320/1985/538
f 1331/1986/539 1333/1987/539 1334/1988/539 1332/1989/539
f 1332/1990/540 1334/1991/540 1320/1992/540
f 1333/1993/541 1335/1994/541 1336/1995/541 1334/1996/541
f 1334/1997/542 1336/1998/542 1320/1999/542
f 1335/2000/543 1337/2001/543 1338/2002/543 1336/2003/543
f 1336/2004/544 1338/2005/544 1320/2006/544
f 1337/2007/545 1339/2008/545 1340/2009/545 1338/2010/545
f 1338/2011/546 1340/2012/546 1320/2013/546
f 1339/2014/547 1341/2015/547 1342/2016/547 1340/2017/547
f 1340/2018/548 1342/2019/548 1320/2020/548
f 1341/2021/549 1343/2022/549 1344/2023/549 1342/2024/549
f 1342/2025/550 1344/2026/550 1320/2027/550
f 1343/2028/551 1345/2029/551 1346/2030/551 1344/2031/551
f 1344/2032/552 1346/2033/552 1320/2034/552
f 1345/2035/553 1321/2036/553 1322/2037/553 1346/2038/553
f 1346/2039/554 1322/2040/554 1320/2041/554
f 1347/2042/555 1348/2043/555 1350/2044/555 1349/2045/555
f 1351/2046/556 1352/2047/556 1354/2048/556 1353/2049/556
f 1358/2050/557 1356/2051/557 1355/2052/557 1357/2053/557
f 1359/2054/558 1360/2055/558 1362/2056/558 1361/2057/558
f 1367/2058/559 1366/2059/559 1364/2060/559 1365/2061/559
f 1367/2062/560 1365/2063/560 1363/2064/560
f 1369/2065/561 1368/2066/561 1366/2067/561 1367/2068/561
f 1369/2069/562 1367/2070/562 1363/2071/562
f 1371/2072/563 1370/2073/563 1368/2074/563 1369/2075/563
f 1371/2076/564 1369/2077/564 1363/2078/564
f 1373/2079/565 1372/2080/565 1370/2081/565 1371/2082/565
f 1373/2083/566 1371/2084/566 1363/2085/566
f 1375/2086/567 1374/2087/567 1372/2088/567 1373/2089/567
f 1375/2090/568 1373/2091/568 1363/2092/568
f 1377/2093/569 1376/2094/569 1374/2095/569 1375/2096/569
f 1377/2097/570 1375/2098/570 1363/2099/570
f 1379/2100/571 1378/2101/571 1376/2102/571 1377/2103/571
f 1379/2104/572 1377/2105/572 1363/2106/572
f 1381/2107/573 1380/2108/573 1378/2109/573 1379/2110/573
f 1381/2111/574 1379/2112/574 1363/2113/574
f 1383/2114/575 1382/2115/575 1380/2116/575 1381/2117/575
f 1383/2118/576 1381/2119/576 1363/2120/576
f 1385/2121/577 1384/2122/577 1382/2123/577 1383/2124/577
f 1385/2125/578 1383/2126/578 1363/2127/578
f 1387/2128/579 1386/2129/579 1384/2130/579 1385/2131/579
f 1387/2132/580 1385/2133/580 1363/2134/580
f 1389/2135/581 1388/2136/581 1386/2137/581 1387/2138/581
f 1389/2139/582 1387/2140/582 1363/2141/582
f 1391/2142/583 1390/2143/583 1388/2144/583 1389/2145/583
f 1391/2146/584 1389/2147/584 1363/2148/584
f 1365/2149/585 1364/2150/585 1390/2151/585 1391/2152/585
f 1365/2153/586 1391/2154/586 1363/2155/586
f 1392/2156/587 1393/2157/587 1395/2158/587 1394/2159/587
f 1396/2160/588 1397/2161/588 1399/2162/588 1398/2163/588
f 1400/2164/589 1401/2165/589 1403/2166/589 1402/2167/589
f 1404/2168/590 1405/2169/590 1407/2170/590 1406/2171/590
f 1408/2172/591 1409/2173/591 1411/2174/591 1410/2175/591
f 1412/2176/592 1413/2177/592 1415/2178/592 1414/2179/592
f 1416/2180/593 1417/2181/593 1419/2182/593 1418/2183/593
f 1420/2184/594 1421/2185/594 1423/2186/594 1422/2187/594
f 1425/2188/595 1426/2189/595 1424/2190/595
f 1427/2191/596 1428/2192/596 1429/2193/596
f 1429/2194/597 1430/2195/597 1427/2196/597
f 1433/2197/598 1432/2198/598 1431/2199/598
f 1435/2200/599 1434/2201/599 1436/2202/599
f 1437/2203/600 1436/2204/600 1434/2205/600
f 1438/2206/601 1439/2207/601 1441/2208/601 1440/2209/601
f 1444/2210/602 1442/2211/602 1443/2212/602 1445/2213/602
f 1447/2214/603 1446/2215/603 1449/2216/603 1448/2217/603
f 1451/2218/604 1450/2219/604 1453/2220/604 1452/2221/604
f 1457/2222/605 1454/2223/605 1455/2224/605 1456/2225/605
f 1461/2226/606 1458/2227/606 1459/2228/606 1460/2229/606
o car1_light_red
v -0.66424875 0.9776900000000001 -9.221875
v -0.678268125 0.9221212500000001 -9.221875
v -0.611435 0.9506087500000001 -9.221875
v -0.65028 0.9077700000000001 -9.221875
v -0.577551875 0.9026506250000002 -9.221875
v -0.632325 0.8823556250000001 -9.221875
v -0.5703625 0.8448012500000001 -9.221875
v -0.628515 0.8517000000000001 -9.221875
v -0.591513125 0.7903143750000001 -9.221875
v -0.639723125 0.8228256250000001 -9.221875
v -0.636159375 0.7516718750000001 -9.221875
v -0.6633825 0.8023481250000001 -9.221875
v -0.694071875 0.7377262500000001 -9.221875
v -0.694071875 0.7949575000000001 -9.221875
v -0.751984375 0.7516718750000001 -9.221875
v -0.72476125 0.8023481250000001 -9.221875
v -0.796630625 0.7903143750000001 -9.221875
v -0.7484206250000001 0.8228256250000001 -9.221875
v -0.81778125 0.8448012500000001 -9.221875
v -0.75962875 0.8517000000000001 -9.221875
v -0.810591875 0.9026506250000002 -9.221875
v -0.75581875 0.8823556250000001 -9.221875
v -0.7767087500000001 0.9506087500000001 -9.221875
v -0.73786375 0.9077700000000001 -9.221875
v -0.723895 0.9776900000000001 -9.221875
v -0.709875625 0.9221212500000001 -9.221875
v 0.6642487499999999 0.9776900000000001 -9.221875
v 0.6782681249999999 0.9221212500000001 -9.221875
v 0.6114350000000001 0.9506087500000001 -9.221875
v 0.6502800000000001 0.9077700000000001 -9.221875
v 0.577551875 0.9026506250000002 -9.221875
v 0.6323249999999999 0.8823556250000001 -9.221875
v 0.5703625 0.8448012500000001 -9.221875
v 0.628515 0.8517000000000001 -9.221875
v 0.591513125 0.7903143750000001 -9.221875
v 0.6397231250000001 0.8228256250000001 -9.221875
v 0.636159375 0.7516718750000001 -9.221875
v 0.6633825000000001 0.8023481250000001 -9.221875
v 0.694071875 0.7377262500000001 -9.221875
v 0.694071875 0.7949575000000001 -9.221875
v 0.751984375 0.7516718750000001 -9.221875
v 0.7247612499999999 0.8023481250000001 -9.221875
v 0.796630625 0.7903143750000001 -9.221875
v 0.748420625 0.8228256250000001 -9.221875
v 0.81778125 0.8448012500000001 -9.221875
v 0.75962875 0.8517000000000001 -9.221875
v 0.810591875 0.9026506250000002 -9.221875
v 0.7558187500000001 0.8823556250000001 -9.221875
v 0.77670875 0.9506087500000001 -9.221875
v 0.7378637499999999 0.9077700000000001 -9.221875
v 0.7238950000000001 0.9776900000000001 -9.221875
v 0.7098756249999999 0.9221212500000001 -9.221875
vt 0.03423403409090909 0.15909090909090906
vt 0.03962960227272727 0.15909090909090906
vt 0.038264318181818184 0.1647727272727273
vt 0.03540505681818182 0.1647727272727273
vt 0.38085375 0.08522727272727271
vt 0.38619170454545454 0.08522727272727271
vt 0.3848255113636364 0.09090909090909094
vt 0.38199676136363636 0.09090909090909094
vt 0.6876911363636364 0.05681818181818177
vt 0.6929906818181818 0.05681818181818177
vt 0.6917164204545455 0.0625
vt 0.6889080681818182 0.0625
vt 0.6136363636363636 0.057186534090909125
vt 0.6136363636363636 0.0625
vt 0.6079545454545454 0.06133039772727278
vt 0.6079545454545454 0.05851465909090903
vt 0.8863636363636364 0.5116776704545454
vt 0.8863636363636364 0.5170454545454546
vt 0.8806818181818182 0.5159017613636363
vt 0.8806818181818182 0.5130567045454546
vt 0.3806818181818182 0.22753931818181816
vt 0.3806818181818182 0.23295454545454541
vt 0.375 0.23173664772727276
vt 0.375 0.22886715909090904
vt 0.4941848863636364 0.2272727272727273
vt 0.4887696590909091 0.2272727272727273
vt 0.4900975 0.22159090909090906
vt 0.4929669886363637 0.22159090909090906
vt 0.891888465909091 0.5852272727272727
vt 0.886520625 0.5852272727272727
vt 0.887899715909091 0.5795454545454546
vt 0.890744715909091 0.5795454545454546
vt 0.6248158522727273 0.0625
vt 0.6195023295454546 0.0625
vt 0.6208305113636364 0.05681818181818177
vt 0.6236462500000001 0.05681818181818177
vt 0.6988636363636364 0.0625
vt 0.6988636363636364 0.05720045454545464
vt 0.7045454545454546 0.05841738636363647
vt 0.7045454545454546 0.061225738636363713
vt 0.4943181818181818 0.0625
vt 0.4943181818181818 0.057162045454545396
vt 0.5 0.058305056818181766
vt 0.5 0.06113380681818181
vt 0.5056818181818182 0.15909090909090906
vt 0.5056818181818182 0.15369534090909087
vt 0.5113636363636364 0.15486636363636375
vt 0.5113636363636364 0.1577256250000001
vt 0.7160386363636364 0.7670454545454546
vt 0.7214613636363636 0.7670454545454546
vt 0.7201869318181818 0.7727272727272727
vt 0.7173130681818182 0.7727272727272727
vt 0.038264318181818184 0.1647727272727273
vt 0.03962960227272727 0.15909090909090906
vt 0.03423403409090909 0.15909090909090906
vt 0.03540505681818182 0.1647727272727273
vt 0.3848255113636364 0.09090909090909094
vt 0.38619170454545454 0.08522727272727271
vt 0.38085375 0.08522727272727271
vt 0.38199676136363636 0.09090909090909094
vt 0.6917164204545455 0.0625
vt 0.6929906818181818 0.05681818181818177
vt 0.6876911363636364 0.05681818181818177
vt 0.6889080681818182 0.0625
vt 0.6079545454545454 0.06133039772727278
vt 0.6136363636363636 0.0625
vt 0.6136363636363636 0.057186534090909125
vt 0.6079545454545454 0.05851465909090903
vt 0.8806818181818182 0.5159017613636363
vt 0.8863636363636364 0.5170454545454546
vt 0.8863636363636364 0.5116776704545454
vt 0.8806818181818182 0.5130567045454546
vt 0.375 0.23173664772727276
vt 0.3806818181818182 0.23295454545454541
vt 0.3806818181818182 0.22753931818181816
vt 0.375 0.22886715909090904
vt 0.4900975 0.22159090909090906
vt 0.4887696590909091 0.2272727272727273
vt 0.4941848863636364 0.2272727272727273
vt 0.4929669886363637 0.22159090909090906
vt 0.887899715909091 0.5795454545454546
vt 0.886520625 0.5852272727272727
vt 0.891888465909091 0.5852272727272727
vt 0.890744715909091 0.5795454545454546
vt 0.6208305113636364 0.05681818181818177
vt 0.6195023295454546 0.0625
vt 0.6248158522727273 0.0625
vt 0.6236462500000001 0.05681818181818177
vt 0.7045454545454546 0.05841738636363647
vt 0.6988636363636364 0.05720045454545464
vt 0.6988636363636364 0.0625
vt 0.7045454545454546 0.061225738636363713
vt 0.5 0.058305056818181766
vt 0.4943181818181818 0.057162045454545396
vt 0.4943181818181818 0.0625
vt 0.5 0.06113380681818181
vt 0.5113636363636364 0.15486636363636375
vt 0.5056818181818182 0.15369534090909087
vt 0.5056818181818182 0.15909090909090906
vt 0.5113636363636364 0.1577256250000001
vt 0.7201869318181818 0.7727272727272727
vt 0.7214613636363636 0.7670454545454546
vt 0.7160386363636364 0.7670454545454546
vt 0.7173130681818182 0.7727272727272727
vn 0 2.220446049250313e-16 -1
vn 0 2.220446049250313e-16 -1
vn 0 2.220446049250313e-16 -1
vn 0 2.220446049250313e-16 -1
vn 0 2.220446049250313e-16 -1
vn 0 2.220446049250313e-16 -1
vn 0 2.220446049250313e-16 -1
vn 0 2.220446049250313e-16 -1
vn 0 2.220446049250313e-16 -1
vn 0 2.220446049250313e-16 -1
vn 0 2.220446049250313e-16 -1
vn 0 2.220446049250313e-16 -1
vn 0 2.220446049250313e-16 -1
vn 0 2.220446049250313e-16 -1
vn 0 2.220446049250313e-16 -1
vn 0 2.220446049250313e-16 -1
vn 0 2.220446049250313e-16 -1
vn 0 2.220446049250313e-16 -1
vn 0 2.220446049250313e-16 -1
vn 0 2.220446049250313e-16 -1
vn 0 2.220446049250313e-16 -1
vn 0 2.220446049250313e-16 -1
vn 0 2.220446049250313e-16 -1
vn 0 2.220446049250313e-16 -1
vn 0 2.220446049250313e-16 -1
vn 0 2.220446049250313e-16 -1
usemtl m_3763b251-fe16-00a5-ba92-24a9d1cbea6c
f 1462/2230/607 1464/2231/607 1465/2232/607 1463/2233/607
f 1464/2234/608 1466/2235/608 1467/2236/608 1465/2237/608
f 1466/2238/609 1468/2239/609 1469/2240/609 1467/2241/609
f 1468/2242/610 1470/2243/610 1471/2244/610 1469/2245/610
f 1470/2246/611 1472/2247/611 1473/2248/611 1471/2249/611
f 1472/2250/612 1474/2251/612 1475/2252/612 1473/2253/612
f 1474/2254/613 1476/2255/613 1477/2256/613 1475/2257/613
f 1476/2258/614 1478/2259/614 1479/2260/614 1477/2261/614
f 1478/2262/615 1480/2263/615 1481/2264/615 1479/2265/615
f 1480/2266/616 1482/2267/616 1483/2268/616 1481/2269/616
f 1482/2270/617 1484/2271/617 1485/2272/617 1483/2273/617
f 1484/2274/618 1486/2275/618 1487/2276/618 1485/2277/618
f 1486/2278/619 1462/2279/619 1463/2280/619 1487/2281/619
f 1491/2282/620 1490/2283/620 1488/2284/620 1489/2285/620
f 1493/2286/621 1492/2287/621 1490/2288/621 1491/2289/621
f 1495/2290/622 1494/2291/622 1492/2292/622 1493/2293/622
f 1497/2294/623 1496/2295/623 1494/2296/623 1495/2297/623
f 1499/2298/624 1498/2299/624 1496/2300/624 1497/2301/624
f 1501/2302/625 1500/2303/625 1498/2304/625 1499/2305/625
f 1503/2306/626 1502/2307/626 1500/2308/626 1501/2309/626
f 1505/2310/627 1504/2311/627 1502/2312/627 1503/2313/627
f 1507/2314/628 1506/2315/628 1504/2316/628 1505/2317/628
f 1509/2318/629 1508/2319/629 1506/2320/629 1507/2321/629
f 1511/2322/630 1510/2323/630 1508/2324/630 1509/2325/630
f 1513/2326/631 1512/2327/631 1510/2328/631 1511/2329/631
f 1489/2330/632 1488/2331/632 1512/2332/632 1513/2333/632
o car1_coupler_open
v -0.28125 0.2874999999999999 -9.4375
v -0.28125 -0.043750000000000094 -9.4375
v -0.1875 0.625 -9.94375
v -0.28125 -0.4 -9.6875
v -0.86875 0.3875 -9.925
v -0.80421125 -0.143850625 -9.820855625
v -0.5375 -0.38750000000000007 -9.675
v -0.69171125 -0.281350625 -9.820855625
v -0.775 0.5625 -9.925
v -0.60625 0.64375 -9.9
v -0.83125 0.4875 -9.925
v 0.28125 0.2874999999999999 -9.4375
v 0.28125 -0.043750000000000094 -9.4375
v 0.1875 0.625 -9.94375
v 0.28125 -0.4 -9.6875
v 0.8687499999999999 0.3875 -9.925
v 0.80421125 -0.143850625 -9.820855625
v 0.5375000000000001 -0.38750000000000007 -9.675
v 0.69171125 -0.281350625 -9.820855625
v 0.7749999999999999 0.5625 -9.925
v 0.60625 0.64375 -9.9
v 0.83125 0.4875 -9.925
v 0.28125 -0.043750000000000094 -9.4375
v 0.28125 -0.4 -9.6875
v -0.28125 -0.043750000000000094 -9.4375
v -0.28125 -0.4 -9.6875
v 0.28125 0.2874999999999999 -9.4375
v 0.28125 -0.043750000000000094 -9.4375
v -0.28125 0.2874999999999999 -9.4375
v -0.28125 -0.043750000000000094 -9.4375
v 0.1875 0.625 -9.94375
v 0.28125 0.2874999999999999 -9.4375
v -0.1875 0.625 -9.94375
v -0.28125 0.2874999999999999 -9.4375
v 0.29374999999999996 0.24999999999999994 -9.6875
v 0.29374999999999996 0.25000000000000006 -10.15625
v 0.29374999999999996 -0.15625000000000006 -9.6875
v 0.29374999999999996 -0.15624999999999994 -10.15625
v -0.29375 0.24999999999999994 -9.6875
v -0.29375 0.25000000000000006 -10.15625
v -0.29375 -0.15625000000000006 -9.6875
v -0.29375 -0.15624999999999994 -10.15625
v 0.26249999999999996 0.31249999999999994 -9.890625
v 0.26249999999999996 0.31249999999999994 -10.109375
v 0.26249999999999996 0.09375 -9.890625
v 0.26249999999999996 0.09375000000000006 -10.109375
v -0.2625 0.31249999999999994 -9.890625
v -0.2625 0.31249999999999994 -10.109375
v -0.2625 0.09375 -9.890625
v -0.2625 0.09375000000000006 -10.109375
v 0 0.05624999999999997 -9.9375
v 0 0.0562499999999998 -9.140625
v 0.06472124999999995 -0.09999999999999998 -9.9375
v 0.06472124999999995 -0.10000000000000017 -9.140625
v 0.15625 -0.008471249999999986 -9.9375
v 0.15625 -0.008471250000000152 -9.140625
v 0.15625 0.12097124999999997 -9.9375
v 0.15625 0.12097124999999981 -9.140625
v 0.06472124999999995 0.21249999999999997 -9.9375
v 0.06472124999999995 0.2124999999999998 -9.140625
v -0.06472125000000001 0.21249999999999997 -9.9375
v -0.06472125000000001 0.2124999999999998 -9.140625
v -0.15625 0.12097124999999997 -9.9375
v -0.15625 0.12097124999999981 -9.140625
v -0.15625 -0.008471249999999986 -9.9375
v -0.15625 -0.008471250000000152 -9.140625
v -0.06472125000000001 -0.09999999999999998 -9.9375
v -0.06472125000000001 -0.10000000000000017 -9.140625
v 0.25 0.24999999999999994 -10.109375
v 0.25 0.25000000000000006 -10.203125
v 0.25 -0.09374999999999994 -10.109375
v 0.25 -0.09374999999999992 -10.203125
v -0.25 0.24999999999999994 -10.109375
v -0.25 0.25000000000000006 -10.203125
v -0.25 -0.09374999999999994 -10.109375
v -0.25 -0.09374999999999992 -10.203125
v -0.109375 0.07812500000000006 -10.20451375
v -0.109375 0.07812500000000006 -10.07951375
v -0.09072687499999998 0.17187500000000006 -10.20451375
v -0.05627000000000004 0.15760250000000003 -10.20451375
v -0.02989750000000002 0.13123000000000007 -10.20451375
v -0.015625 0.09677312500000007 -10.20451375
v -0.015625 0.05947687500000004 -10.20451375
v -0.02989750000000002 0.025020000000000042 -10.20451375
v -0.05627000000000004 -0.0013524999999999787 -10.20451375
v -0.09072687499999998 -0.015624999999999917 -10.20451375
v -0.12802312500000002 -0.015624999999999917 -10.20451375
v -0.16248 -0.0013524999999999787 -10.20451375
v -0.18885249999999998 0.025020000000000042 -10.20451375
v -0.203125 0.05947687500000004 -10.20451375
v -0.203125 0.09677312500000007 -10.20451375
v -0.18885249999999998 0.13123000000000007 -10.20451375
v -0.16248 0.15760250000000003 -10.20451375
v -0.12802312500000002 0.17187500000000006 -10.20451375
v 0.109375 0.07812500000000006 -10.203125
v 0.109375 0.07812500000000011 -10.328125
v 0.12802312500000002 0.17187500000000006 -10.203125
v 0.16247999999999996 0.15760250000000003 -10.203125
v 0.18885249999999998 0.13123000000000007 -10.203125
v 0.203125 0.09677312500000007 -10.203125
v 0.203125 0.05947687500000004 -10.203125
v 0.18885249999999998 0.025020000000000042 -10.203125
v 0.16247999999999996 -0.0013524999999999787 -10.203125
v 0.12802312500000002 -0.015624999999999917 -10.203125
v 0.09072687499999998 -0.015624999999999917 -10.203125
v 0.05627000000000004 -0.0013524999999999787 -10.203125
v 0.02989750000000002 0.025020000000000042 -10.203125
v 0.015625 0.05947687500000004 -10.203125
v 0.015625 0.09677312500000007 -10.203125
v 0.02989750000000002 0.13123000000000007 -10.203125
v 0.05627000000000004 0.15760250000000003 -10.203125
v 0.09072687499999998 0.17187500000000006 -10.203125
vt 0.0014204545454545455 0.0037660227272727775
vt 0.0014204545454545455 0.0014204545454545858
vt 0.01467090909090909 0.0030525000000000135
vt 0.015429886363636364 0.004416420454545378
vt 0.0014204545454545455 0.0014204545454545858
vt 0.013762727272727272 0.0014204545454545858
vt 0.014008920454545454 0.0018627840909091198
vt 0.014008920454545454 0.0018627840909091198
vt 0.01437409090909091 0.0025190909090909708
vt 0.0014204545454545455 0.0014204545454545858
vt 0.01437409090909091 0.0025190909090909708
vt 0.01467090909090909 0.0030525000000000135
vt 0.0014204545454545455 0.0014204545454545858
vt 0.014935397727272726 0.00422346590909084
vt 0.014323124999999999 0.0039846590909090596
vt 0.0014204545454545455 0.0037660227272727775
vt 0.014323124999999999 0.0039846590909090596
vt 0.013762727272727272 0.0037660227272727775
vt 0.0014204545454545455 0.0037660227272727775
vt 0.015429886363636364 0.004416420454545378
vt 0.015208693181818183 0.004330113636363708
vt 0.0014204545454545455 0.0037660227272727775
vt 0.015208693181818183 0.004330113636363708
vt 0.014935397727272726 0.00422346590909084
vt 0.0014204545454545455 0.0037660227272727775
vt 0.01467090909090909 0.0030525000000000135
vt 0.0014204545454545455 0.0014204545454545858
vt 0.0014204545454545455 0.0037660227272727775
vt 0.015429886363636364 0.004416420454545378
vt 0.013762727272727272 0.0014204545454545858
vt 0.0014204545454545455 0.0014204545454545858
vt 0.014008920454545454 0.0018627840909091198
vt 0.01437409090909091 0.0025190909090909708
vt 0.014008920454545454 0.0018627840909091198
vt 0.0014204545454545455 0.0014204545454545858
vt 0.01467090909090909 0.0030525000000000135
vt 0.01437409090909091 0.0025190909090909708
vt 0.0014204545454545455 0.0014204545454545858
vt 0.014323124999999999 0.0039846590909090596
vt 0.014935397727272726 0.00422346590909084
vt 0.0014204545454545455 0.0037660227272727775
vt 0.013762727272727272 0.0037660227272727775
vt 0.014323124999999999 0.0039846590909090596
vt 0.0014204545454545455 0.0037660227272727775
vt 0.015208693181818183 0.004330113636363708
vt 0.015429886363636364 0.004416420454545378
vt 0.0014204545454545455 0.0037660227272727775
vt 0.014935397727272726 0.00422346590909084
vt 0.015208693181818183 0.004330113636363708
vt 0.0014204545454545455 0.0037660227272727775
vt 0 0.005681818181818232
vt 0 0
vt 0.05113636363636364 0
vt 0.05113636363636364 0.005681818181818232
vt 0 0.005681818181818232
vt 0 0
vt 0.05113636363636364 0
vt 0.05113636363636364 0.005681818181818232
vt 0 0.005681818181818232
vt 0 0
vt 0.05113636363636364 0
vt 0.05113636363636364 0.005681818181818232
vt 0.28873863636363634 0.002010284090909198
vt 0.28720789772727273 0.002010284090909198
vt 0.28720789772727273 0.0015927840909090163
vt 0.28873863636363634 0.0015927840909090163
vt 0.2904607386363636 0.0015927840909090163
vt 0.2904607386363636 0.002010284090909198
vt 0.28893 0.002010284090909198
vt 0.28893 0.0015927840909090163
vt 0.28051079545454544 0.004455511363636311
vt 0.2822328977272727 0.004455511363636311
vt 0.2822328977272727 0.004932670454545485
vt 0.28051079545454544 0.004932670454545485
vt 0.2971578409090909 0.002904886363636283
vt 0.2971578409090909 0.00338198863636352
vt 0.29543573863636363 0.00338198863636352
vt 0.29543573863636363 0.002904886363636283
vt 0.29907130681818184 0.004395909090909145
vt 0.29907130681818184 0.004813409090909104
vt 0.29734920454545455 0.004813409090909104
vt 0.29734920454545455 0.004395909090909145
vt 0.29907130681818184 0.00338198863636352
vt 0.29734920454545455 0.00338198863636352
vt 0.29734920454545455 0.0029644886363636713
vt 0.29907130681818184 0.0029644886363636713
vt 0.283955 0.0005192045454545102
vt 0.2831896590909091 0.0005192045454545102
vt 0.2831896590909091 0.0002806818181817494
vt 0.283955 0.0002806818181817494
vt 0.3032808522727273 0.008033977272727366
vt 0.3032808522727273 0.008272556818181842
vt 0.30251551136363636 0.008272556818181842
vt 0.30251551136363636 0.008033977272727366
vt 0.3004106818181818 0.0016523863636362934
vt 0.3019414772727273 0.0016523863636362934
vt 0.3019414772727273 0.0018909659090908804
vt 0.3004106818181818 0.0018909659090908804
vt 0.3021327840909091 0.005350170454545444
vt 0.3021327840909091 0.005588693181818205
vt 0.30060204545454544 0.005588693181818205
vt 0.30060204545454544 0.005350170454545444
vt 0.28854732954545453 0.0008174431818180894
vt 0.28854732954545453 0.0010560227272726763
vt 0.2870165340909091 0.0010560227272726763
vt 0.2870165340909091 0.0008174431818180894
vt 0.30060204545454544 0.0010560227272726763
vt 0.29907130681818184 0.0010560227272726763
vt 0.29907130681818184 0.0008174431818180894
vt 0.30060204545454544 0.0008174431818180894
vt 0.29256977272727275 0.008093636363636247
vt 0.29272142045454547 0.007979488636363663
vt 0.2930875568181818 0.008093636363636247
vt 0.3034722159090909 0.004694090909090787
vt 0.3034722159090909 0.004813409090909104
vt 0.30098471590909087 0.004813409090909104
vt 0.30098471590909087 0.004694090909090787
vt 0.29850551136363634 0.005069488636363695
vt 0.29887164772727276 0.0051167613636363685
vt 0.29850551136363634 0.005230852272727238
vt 0.29214738636363635 0.005886931818181895
vt 0.29199573863636363 0.005772784090909089
vt 0.2925135227272727 0.005772784090909089
vt 0.3028981818181818 0.0014734659090909208
vt 0.3028981818181818 0.0015927840909090163
vt 0.3004106818181818 0.0015927840909090163
vt 0.3004106818181818 0.0014734659090909208
vt 0.30020698863636364 0.005355340909090955
vt 0.30035863636363636 0.005469431818181714
vt 0.2998408522727273 0.005469431818181714
vt 0.2805025568181818 0.005648352272727308
vt 0.28013642045454545 0.005601079545454635
vt 0.2805025568181818 0.005486988636363654
vt 0.3034722159090909 0.0033223295454546387
vt 0.3034722159090909 0.003441647727272734
vt 0.30098471590909087 0.003441647727272734
vt 0.30098471590909087 0.0033223295454546387
vt 0.30399420454545456 0.0075620454545454185
vt 0.3038425568181818 0.007676136363636399
vt 0.3034764204545455 0.0075620454545454185
vt 0.29523607954545456 0.00011414772727280642
vt 0.29487 0.00016136363636365392
vt 0.29487 0
vt 0.28031948863636363 0.0021892045454545705
vt 0.2799367613636364 0.0021892045454545705
vt 0.2799367613636364 0.0014138636363636436
vt 0.28031948863636363 0.0014138636363636436
vt 0.29906301136363633 0.00011414772727280642
vt 0.29869687500000003 0.00016136363636365392
vt 0.29869687500000003 0
vt 0.30399420454545456 0.004997443181818162
vt 0.3038425568181818 0.005111590909090968
vt 0.3034764204545455 0.004997443181818162
vt 0.30098471590909087 0.0032627272727272505
vt 0.30098471590909087 0.003143409090909044
vt 0.3034722159090909 0.003143409090909044
vt 0.3034722159090909 0.0032627272727272505
vt 0.279163125 0.00016136363636365392
vt 0.27879698863636365 0.0001140909090909803
vt 0.279163125 0
vt 0.3038425568181818 0.004818522727272789
vt 0.30399420454545456 0.004932670454545485
vt 0.3034764204545455 0.004932670454545485
vt 0.30098471590909087 0.005886931818181895
vt 0.30098471590909087 0.005767613636363578
vt 0.3034722159090909 0.005767613636363578
vt 0.3034722159090909 0.005886931818181895
vt 0.29693102272727273 0.002845227272727402
vt 0.296779375 0.0027311363636364216
vt 0.29729710227272726 0.0027311363636364216
vt 0.29984494318181815 0.006560511363636334
vt 0.30021107954545456 0.006607784090909119
vt 0.29984494318181815 0.006721875000000099
vt 0.30098471590909087 0.0046344318181819055
vt 0.30098471590909087 0.004515170454545414
vt 0.3034722159090909 0.004515170454545414
vt 0.3034722159090909 0.0046344318181819055
vt 0.2900822727272727 0.00016136363636365392
vt 0.29023392045454544 0.00004727272727267362
vt 0.2906000568181818 0.00016136363636365392
vt 0.29219113636363636 0.00004727272727267362
vt 0.2925572727272727 0
vt 0.2925572727272727 0.00016136363636365392
vt 0.29084346590909094 0.00034028409090902656
vt 0.29122613636363637 0.00034028409090902656
vt 0.29122613636363637 0.0011156249999999535
vt 0.29084346590909094 0.0011156249999999535
vt 0.2942959659090909 0.00004727272727267362
vt 0.29466204545454544 0
vt 0.29466204545454544 0.00016136363636365392
vt 0.2822328977272727 0.006304431818181744
vt 0.2818502272727273 0.006304431818181744
vt 0.2818502272727273 0.005946534090909172
vt 0.2822328977272727 0.005946534090909172
vt 0.28912136363636365 0.0029644886363636713
vt 0.28912136363636365 0.0033223295454546387
vt 0.28873863636363634 0.0033223295454546387
vt 0.28873863636363634 0.0029644886363636713
vt 0.30232414772727273 0.00069818181818182
vt 0.30385488636363633 0.00069818181818182
vt 0.30385488636363633 0.0008174431818180894
vt 0.30232414772727273 0.0008174431818180894
vt 0.2818502272727273 0.00034028409090902656
vt 0.2818502272727273 0.0004596022727273441
vt 0.28031948863636363 0.0004596022727273441
vt 0.28031948863636363 0.00034028409090902656
vt 0.30079340909090907 0.004455511363636311
vt 0.30079340909090907 0.004813409090909104
vt 0.29926261363636364 0.004813409090909104
vt 0.29926261363636364 0.004455511363636311
vt 0.30079340909090907 0.003441647727272734
vt 0.29926261363636364 0.003441647727272734
vt 0.29926261363636364 0.003083806818181878
vt 0.30079340909090907 0.003083806818181878
vt 0.23280693181818182 0.00029278409090915947
vt 0.23265738636363634 0.0002803977272727298
vt 0.23280693181818182 0.00012994318181824838
vt 0.25682863636363634 0.003743352272727263
vt 0.2568467613636364 0.0038064204545453784
vt 0.2562034090909091 0.0038064204545453784
vt 0.24941568181818183 0.0002803977272727298
vt 0.24926613636363637 0.00029278409090915947
vt 0.24926613636363637 0.00012994318181824838
vt 0.2568467613636364 0.0019332954545454584
vt 0.25682869318181817 0.001996363636363685
vt 0.25620346590909093 0.0019332954545454584
vt 0.2440497727272727 0.0002803977272727298
vt 0.24390022727272728 0.00029278409090915947
vt 0.24390022727272728 0.00012994318181824838
vt 0.2568467613636364 0.001294431818181896
vt 0.25682869318181817 0.0013575568181818376
vt 0.25620346590909093 0.001294431818181896
vt 0.22324011363636365 0.00029278409090915947
vt 0.22321034090909092 0.00023045454545456145
vt 0.22360113636363635 0.00023045454545456145
vt 0.23689823863636364 0.0004426704545454907
vt 0.23691630681818185 0.0005057386363636063
vt 0.23627295454545455 0.0005057386363636063
vt 0.2564277840909091 0.007320056818181819
vt 0.25645755681818183 0.007257727272727221
vt 0.2568185795454545 0.007320056818181819
vt 0.2561843181818182 0.0004334090909090538
vt 0.25633573863636366 0.00042590909090911566
vt 0.25633573863636366 0.000693977272727242
vt 0.2564277840909091 0.0035934659090909316
vt 0.2564575 0.0035311931818181597
vt 0.2568185795454545 0.0035934659090909316
vt 0.2321655681818182 0.00010647727272727892
vt 0.23231698863636366 0.00011397727272732805
vt 0.2321655681818182 0.00037454545454551624
vt 0.24112642045454544 0.00029278409090915947
vt 0.24109664772727274 0.00023051136363638758
vt 0.24148744318181817 0.00023051136363638758
vt 0.21964517045454546 0
vt 0.2197965340909091 0.0000075568181817642355
vt 0.21964517045454546 0.0002680681818181263
vt 0.23035772727272727 0.00014238636363639312
vt 0.23050727272727273 0.00012994318181824838
vt 0.23050727272727273 0.00029278409090915947
vt 0.23521164772727274 0.00022045454545460696
vt 0.2353630681818182 0.0002129545454544468
vt 0.2353630681818182 0.00048102272727279516
vt 0.256420625 0.009180227272727381
vt 0.2565701704545455 0.009192613636363589
vt 0.256420625 0.009343068181818293
vt 0.2559065909090909 0.0021925568181817567
vt 0.2558885795454545 0.00212948863636353
vt 0.256531875 0.00212948863636353
vt 0.2502881818181818 0.00012994318181824838
vt 0.25043772727272723 0.00014232954545445597
vt 0.2502881818181818 0.00029278409090915947
vt 0.2558885795454545 0.002937897727272709
vt 0.25590664772727273 0.0028747727272726564
vt 0.2565319318181818 0.002937897727272709
vt 0.23137982954545455 0.00014238636363639312
vt 0.231529375 0.00012994318181824838
vt 0.231529375 0.00029278409090915947
vt 0.2561440909090909 0.012946420454545415
vt 0.25616215909090906 0.012883295454545474
vt 0.2567874431818182 0.012946420454545415
vt 0.22433795454545455 0.00023045454545456145
vt 0.22436772727272727 0.00029278409090915947
vt 0.2239769318181818 0.00029278409090915947
vt 0.25590664772727273 0.004019375000000047
vt 0.2558885795454545 0.003956306818181932
vt 0.256531875 0.003956306818181932
vt 0.23663261363636365 0.00023051136363638758
vt 0.2366028409090909 0.00029278409090915947
vt 0.2362418181818182 0.00023051136363638758
vt 0.22537772727272729 0.00039176136363638925
vt 0.22522630681818184 0.00039926136363632736
vt 0.22522630681818184 0.00013119318181820105
vt 0.2568185795454545 0.004170000000000118
vt 0.25678880681818184 0.004232329545454494
vt 0.2564277840909091 0.004170000000000118
vt 0.25092960227272726 0.0005057386363636063
vt 0.25077818181818184 0.0004982386363636682
vt 0.25092960227272726 0.00023767045454547997
vt 0.25678880681818184 0.010026079545454536
vt 0.2568185795454545 0.010088352272727308
vt 0.2564277840909091 0.010088352272727308
vt 0.22154494318181817 0.00039926136363632736
vt 0.22139352272727272 0.00039176136363638925
vt 0.22154494318181817 0.00013119318181820105
vt 0.2248859090909091 0.0002803977272727298
vt 0.22473630681818182 0.00029278409090915947
vt 0.22473630681818182 0.00012994318181824838
vt 0.23434102272727272 0.0004982386363636682
vt 0.23418960227272728 0.0005057386363636063
vt 0.23418960227272728 0.00023767045454547997
vt 0.25678880681818184 0.008961306818181858
vt 0.2568185795454545 0.009023636363636345
vt 0.2564277840909091 0.009023636363636345
vt 0.254506875 0.0005057386363636063
vt 0.25435545454545455 0.0004982386363636682
vt 0.254506875 0.00023767045454547997
vt 0.2488975 0.00023051136363638758
vt 0.24886772727272727 0.00029278409090915947
vt 0.24850670454545457 0.00023051136363638758
vt 0.25629545454545455 0.0017834090909091271
vt 0.2561440909090909 0.001775909090909078
vt 0.25629545454545455 0.0015153409090907788
vt 0.23944329545454546 0.00023051136363638758
vt 0.23941352272727273 0.00029278409090915947
vt 0.2390525 0.00023051136363638758
vt 0.23994227272727275 0.00039176136363638925
vt 0.2397909090909091 0.00039926136363632736
vt 0.2397909090909091 0.00013119318181820105
vt 0.25678880681818184 0.012474943181818188
vt 0.2568185795454545 0.012537272727272675
vt 0.2564277840909091 0.012537272727272675
vt 0.25590664772727273 0.005510000000000015
vt 0.2558885795454545 0.005446931818181899
vt 0.256531875 0.005446931818181899
vt 0.256420625 0.010257329545454663
vt 0.2565701704545455 0.010244943181818233
vt 0.2565701704545455 0.010407784090909145
vt 0.2561440909090909 0.00677090909090905
vt 0.25616215909090906 0.006707840909090823
vt 0.2567874431818182 0.00677090909090905
vt 0.25207681818181815 0.00012994318181824838
vt 0.25222636363636364 0.00014232954545445597
vt 0.25207681818181815 0.00029278409090915947
vt 0.2561440909090909 0.0069838636363637185
vt 0.25616215909090906 0.006920795454545492
vt 0.25678738636363635 0.0069838636363637185
vt 0.256420625 0.008647840909090876
vt 0.2565701704545455 0.008660227272727306
vt 0.256420625 0.008810681818181787
vt 0.2513072727272727 0.0004889772727273423
vt 0.25128920454545456 0.00042590909090911566
vt 0.25193255681818183 0.00042590909090911566
vt 0.23086874999999998 0.00014238636363639312
vt 0.23101835227272727 0.00012994318181824838
vt 0.23101835227272727 0.00029278409090915947
vt 0.234700625 0.00022045454545460696
vt 0.23485204545454544 0.0002129545454544468
vt 0.23485204545454544 0.00048102272727279516
vt 0.24317056818181818 0.00029278409090915947
vt 0.24314079545454545 0.00023051136363638758
vt 0.2435315909090909 0.00023051136363638758
vt 0.22015619318181817 0
vt 0.22030761363636364 0.0000075568181817642355
vt 0.22015619318181817 0.0002680681818181263
vt 0.2513173863636364 0.00029278409090915947
vt 0.2513471590909091 0.00023051136363638758
vt 0.25170818181818183 0.00029278409090915947
vt 0.25490670454545455 0.0002129545454544468
vt 0.255058125 0.00022045454545460696
vt 0.25490670454545455 0.00048102272727279516
vt 0.2403301136363636 0.00029278409090915947
vt 0.24035988636363637 0.00023051136363638758
vt 0.2407209090909091 0.00029278409090915947
vt 0.22654414772727272 0.00011403409090915417
vt 0.22669556818181819 0.00010647727272727892
vt 0.22669556818181819 0.00037454545454551624
vt 0.25645755681818183 0.014134375000000032
vt 0.2564277840909091 0.014072045454545434
vt 0.2568185795454545 0.014072045454545434
vt 0.25657318181818184 0.009812329545454523
vt 0.25659125 0.009875397727272639
vt 0.2559478977272727 0.009875397727272639
vt 0.2565701704545455 0.004539375000000123
vt 0.256420625 0.004551761363636331
vt 0.256420625 0.00438892045454542
vt 0.2568467613636364 0.011728863636363607
vt 0.25682863636363634 0.011791931818181833
vt 0.2562034090909091 0.011728863636363607
vt 0.24992670454545454 0.0002803977272727298
vt 0.24977715909090908 0.00029278409090915947
vt 0.24977715909090908 0.00012994318181824838
vt 0.23793835227272728 0.00033619318181810076
vt 0.2379202840909091 0.00039926136363632736
vt 0.23729505681818183 0.00033619318181810076
vt 0.2565701704545455 0.009662500000000018
vt 0.256420625 0.009650056818181763
vt 0.2565701704545455 0.009499659090909107
vt 0.25708420454545455 0.015561931818181773
vt 0.2571022727272727 0.015625
vt 0.25645892045454544 0.015625
vt 0.2565701704545455 0.011566590909090846
vt 0.256420625 0.011578977272727276
vt 0.256420625 0.011416136363636364
vt 0.22744198863636364 0.0004982386363636682
vt 0.2272905681818182 0.0005057386363636063
vt 0.2272905681818182 0.00023767045454547997
vn 0.5912139317156957 1.7908225522145091e-16 -0.8065147778839944
vn -0.011907982139694401 0.574385020855854 -0.8184986547195915
vn 0.6846533672422693 -0.006817898039233468 -0.7288369385467156
vn 0.4903551060403153 0.40119963221480354 -0.7736864514070916
vn 0.3855511341993839 -0.5799466640478125 -0.7176434976904498
vn -0.0956779541144305 -0.819964688884056 -0.5643612655735246
vn 0.5992989377383721 -0.22473710165188956 -0.7683319714594513
vn 0.5252763454185297 -0.3939572590638973 -0.7542429575240429
vn -0.5912139317156956 1.7908225522145091e-16 -0.8065147778839944
vn 0.011907982139694535 0.574385020855854 -0.8184986547195915
vn -0.6846533672422696 -0.006817898039233722 -0.7288369385467155
vn -0.49035510604031524 0.4011996322148037 -0.7736864514070916
vn -0.38555113419938397 -0.5799466640478125 -0.7176434976904497
vn 0.09567795411443053 -0.8199646888840559 -0.5643612655735246
vn -0.5992989377383724 -0.2247371016518887 -0.7683319714594514
vn -0.5252763454185293 -0.39395725906389795 -0.7542429575240426
vn 0 0.5744257490964303 -0.8185566924624128
vn 0 2.220446049250313e-16 -1
vn 0 -0.8320502943378437 -0.5547001962252291
vn 1 0 0
vn -1 0 0
vn 0 1 2.220446049250313e-16
vn 0 -1 -2.220446049250313e-16
vn 0 -2.220446049250313e-16 1
vn 0 2.220446049250313e-16 -1
vn 1 0 0
vn -1 0 0
vn 0 1 2.220446049250313e-16
vn 0 -1 -2.220446049250313e-16
vn 0 -2.220446049250313e-16 1
vn 0 2.220446049250313e-16 -1
vn 0 2.220446049250313e-16 -1
vn 0.7071067811865475 -0.7071067811865477 -1.5700924586837754e-16
vn 0 -2.220446049250313e-16 1
vn 0 2.220446049250313e-16 -1
vn 1 0 0
vn 0 -2.220446049250313e-16 1
vn 0 2.220446049250313e-16 -1
vn 0.7071067811865472 0.7071067811865478 1.5700924586837757e-16
vn 0 -2.220446049250313e-16 1
vn 0 2.220446049250313e-16 -1
vn 0 1 2.220446049250313e-16
vn 0 -2.220446049250313e-16 1
vn 0 2.220446049250313e-16 -1
vn -0.7071067811865476 0.7071067811865476 1.5700924586837752e-16
vn 0 -2.220446049250313e-16 1
vn 0 2.220446049250313e-16 -1
vn -1 0 0
vn 0 -2.220446049250313e-16 1
vn 0 2.220446049250313e-16 -1
vn -0.7071067811865477 -0.7071067811865474 -1.5700924586837747e-16
vn 0 -2.220446049250313e-16 1
vn 0 2.220446049250313e-16 -1
vn 0 -1 -2.220446049250313e-16
vn 0 -2.220446049250313e-16 1
vn 1 0 0
vn -1 0 0
vn 0 1 2.220446049250313e-16
vn 0 -1 -2.220446049250313e-16
vn 0 -2.220446049250313e-16 1
vn 0 2.220446049250313e-16 -1
vn 0 2.220446049250313e-16 -1
vn 0.30614661198558113 0.7391035586519975 0.6000001512980672
vn 0 2.220446049250313e-16 -1
vn 0.5656854579309635 0.5656854579309646 0.5999999378090561
vn 0 2.220446049250313e-16 -1
vn 0.7391035586519977 0.3061466119855805 0.6000001512980672
vn 0 2.220446049250313e-16 -1
vn 0.8 -1.3322676295501876e-16 0.5999999999999999
vn 0 2.220446049250313e-16 -1
vn 0.7391035586519977 -0.30614661198558074 0.6000001512980669
vn 0 2.220446049250313e-16 -1
vn 0.565685457930964 -0.5656854579309641 0.599999937809056
vn 0 2.220446049250313e-16 -1
vn 0.30614661198558 -0.7391035586519981 0.6000001512980669
vn 0 2.220446049250313e-16 -1
vn 0 -0.8000000000000004 0.5999999999999998
vn 0 2.220446049250313e-16 -1
vn -0.3061466119855796 -0.7391035586519982 0.6000001512980669
vn 0 2.220446049250313e-16 -1
vn -0.5656854579309646 -0.5656854579309636 0.5999999378090561
vn 0 2.220446049250313e-16 -1
vn -0.7391035586519977 -0.30614661198558074 0.6000001512980669
vn 0 2.220446049250313e-16 -1
vn -0.8 -1.3322676295501876e-16 0.5999999999999999
vn 0 2.220446049250313e-16 -1
vn -0.7391035586519977 0.3061466119855805 0.6000001512980672
vn 0 2.220446049250313e-16 -1
vn -0.565685457930964 0.5656854579309639 0.5999999378090561
vn 0 2.220446049250313e-16 -1
vn -0.30614661198558063 0.7391035586519976 0.6000001512980672
vn 0 2.220446049250313e-16 -1
vn 0 0.7999999999999999 0.6000000000000001
vn 0 -2.220446049250313e-16 1
vn 0.3061466119855811 0.7391035586519977 -0.600000151298067
vn 0 -2.220446049250313e-16 1
vn 0.5656854579309634 0.5656854579309647 -0.5999999378090559
vn 0 -2.220446049250313e-16 1
vn 0.7391035586519976 0.30614661198558074 -0.600000151298067
vn 0 -2.220446049250313e-16 1
vn 0.8 1.3322676295501878e-16 -0.6
vn 0 -2.220446049250313e-16 1
vn 0.7391035586519976 -0.3061466119855805 -0.6000001512980673
vn 0 -2.220446049250313e-16 1
vn 0.5656854579309639 -0.5656854579309638 -0.5999999378090562
vn 0 -2.220446049250313e-16 1
vn 0.30614661198558 -0.7391035586519977 -0.6000001512980673
vn 0 -2.220446049250313e-16 1
vn 0 -0.7999999999999999 -0.6000000000000002
vn 0 -2.220446049250313e-16 1
vn -0.30614661198558 -0.7391035586519977 -0.6000001512980673
vn 0 -2.220446049250313e-16 1
vn -0.5656854579309639 -0.5656854579309638 -0.5999999378090562
vn 0 -2.220446049250313e-16 1
vn -0.7391035586519976 -0.3061466119855805 -0.6000001512980673
vn 0 -2.220446049250313e-16 1
vn -0.8 1.3322676295501878e-16 -0.6
vn 0 -2.220446049250313e-16 1
vn -0.7391035586519976 0.30614661198558074 -0.600000151298067
vn 0 -2.220446049250313e-16 1
vn -0.5656854579309634 0.5656854579309647 -0.5999999378090559
vn 0 -2.220446049250313e-16 1
vn -0.3061466119855811 0.7391035586519977 -0.600000151298067
vn 0 -2.220446049250313e-16 1
vn 0 0.8000000000000002 -0.5999999999999998
usemtl m_3763b251-fe16-00a5-ba92-24a9d1cbea6c
f 1514/2334/633 1515/2335/633 1519/2336/633 1518/2337/633
f 1515/2338/634 1517/2339/634 1520/2340/634
f 1520/2341/635 1521/2342/635 1515/2343/635
f 1521/2344/636 1519/2345/636 1515/2346/636
f 1522/2347/637 1523/2348/637 1514/2349/637
f 1523/2350/638 1516/2351/638 1514/2352/638
f 1518/2353/639 1524/2354/639 1514/2355/639
f 1524/2356/640 1522/2357/640 1514/2358/640
f 1530/2359/641 1526/2360/641 1525/2361/641 1529/2362/641
f 1528/2363/642 1526/2364/642 1531/2365/642
f 1532/2366/643 1531/2367/643 1526/2368/643
f 1530/2369/644 1532/2370/644 1526/2371/644
f 1534/2372/645 1533/2373/645 1525/2374/645
f 1527/2375/646 1534/2376/646 1525/2377/646
f 1535/2378/647 1529/2379/647 1525/2380/647
f 1533/2381/648 1535/2382/648 1525/2383/648
f 1536/2384/649 1537/2385/649 1539/2386/649 1538/2387/649
f 1540/2388/650 1541/2389/650 1543/2390/650 1542/2391/650
f 1544/2392/651 1545/2393/651 1547/2394/651 1546/2395/651
f 1549/2396/652 1548/2397/652 1550/2398/652 1551/2399/652
f 1554/2400/653 1552/2401/653 1553/2402/653 1555/2403/653
f 1552/2404/654 1548/2405/654 1549/2406/654 1553/2407/654
f 1551/2408/655 1550/2409/655 1554/2410/655 1555/2411/655
f 1550/2412/656 1548/2413/656 1552/2414/656 1554/2415/656
f 1553/2416/657 1549/2417/657 1551/2418/657 1555/2419/657
f 1557/2420/658 1556/2421/658 1558/2422/658 1559/2423/658
f 1562/2424/659 1560/2425/659 1561/2426/659 1563/2427/659
f 1560/2428/660 1556/2429/660 1557/2430/660 1561/2431/660
f 1559/2432/661 1558/2433/661 1562/2434/661 1563/2435/661
f 1558/2436/662 1556/2437/662 1560/2438/662 1562/2439/662
f 1561/2440/663 1557/2441/663 1559/2442/663 1563/2443/663
f 1568/2444/664 1566/2445/664 1564/2446/664
f 1566/2447/665 1568/2448/665 1569/2449/665 1567/2450/665
f 1567/2451/666 1569/2452/666 1565/2453/666
f 1570/2454/667 1568/2455/667 1564/2456/667
f 1568/2457/668 1570/2458/668 1571/2459/668 1569/2460/668
f 1569/2461/669 1571/2462/669 1565/2463/669
f 1572/2464/670 1570/2465/670 1564/2466/670
f 1570/2467/671 1572/2468/671 1573/2469/671 1571/2470/671
f 1571/2471/672 1573/2472/672 1565/2473/672
f 1574/2474/673 1572/2475/673 1564/2476/673
f 1572/2477/674 1574/2478/674 1575/2479/674 1573/2480/674
f 1573/2481/675 1575/2482/675 1565/2483/675
f 1576/2484/676 1574/2485/676 1564/2486/676
f 1574/2487/677 1576/2488/677 1577/2489/677 1575/2490/677
f 1575/2491/678 1577/2492/678 1565/2493/678
f 1578/2494/679 1576/2495/679 1564/2496/679
f 1576/2497/680 1578/2498/680 1579/2499/680 1577/2500/680
f 1577/2501/681 1579/2502/681 1565/2503/681
f 1580/2504/682 1578/2505/682 1564/2506/682
f 1578/2507/683 1580/2508/683 1581/2509/683 1579/2510/683
f 1579/2511/684 1581/2512/684 1565/2513/684
f 1566/2514/685 1580/2515/685 1564/2516/685
f 1580/2517/686 1566/2518/686 1567/2519/686 1581/2520/686
f 1581/2521/687 1567/2522/687 1565/2523/687
f 1583/2524/688 1582/2525/688 1584/2526/688 1585/2527/688
f 1588/2528/689 1586/2529/689 1587/2530/689 1589/2531/689
f 1586/2532/690 1582/2533/690 1583/2534/690 1587/2535/690
f 1585/2536/691 1584/2537/691 1588/2538/691 1589/2539/691
f 1584/2540/692 1582/2541/692 1586/2542/692 1588/2543/692
f 1587/2544/693 1583/2545/693 1585/2546/693 1589/2547/693
f 1592/2548/694 1593/2549/694 1590/2550/694
f 1593/2551/695 1592/2552/695 1591/2553/695
f 1593/2554/696 1594/2555/696 1590/2556/696
f 1594/2557/697 1593/2558/697 1591/2559/697
f 1594/2560/698 1595/2561/698 1590/2562/698
f 1595/2563/699 1594/2564/699 1591/2565/699
f 1595/2566/700 1596/2567/700 1590/2568/700
f 1596/2569/701 1595/2570/701 1591/2571/701
f 1596/2572/702 1597/2573/702 1590/2574/702
f 1597/2575/703 1596/2576/703 1591/2577/703
f 1597/2578/704 1598/2579/704 1590/2580/704
f 1598/2581/705 1597/2582/705 1591/2583/705
f 1598/2584/706 1599/2585/706 1590/2586/706
f 1599/2587/707 1598/2588/707 1591/2589/707
f 1599/2590/708 1600/2591/708 1590/2592/708
f 1600/2593/709 1599/2594/709 1591/2595/709
f 1600/2596/710 1601/2597/710 1590/2598/710
f 1601/2599/711 1600/2600/711 1591/2601/711
f 1601/2602/712 1602/2603/712 1590/2604/712
f 1602/2605/713 1601/2606/713 1591/2607/713
f 1602/2608/714 1603/2609/714 1590/2610/714
f 1603/2611/715 1602/2612/715 1591/2613/715
f 1603/2614/716 1604/2615/716 1590/2616/716
f 1604/2617/717 1603/2618/717 1591/2619/717
f 1604/2620/718 1605/2621/718 1590/2622/718
f 1605/2623/719 1604/2624/719 1591/2625/719
f 1605/2626/720 1606/2627/720 1590/2628/720
f 1606/2629/721 1605/2630/721 1591/2631/721
f 1606/2632/722 1607/2633/722 1590/2634/722
f 1607/2635/723 1606/2636/723 1591/2637/723
f 1607/2638/724 1592/2639/724 1590/2640/724
f 1592/2641/725 1607/2642/725 1591/2643/725
f 1611/2644/726 1610/2645/726 1608/2646/726
f 1610/2647/727 1611/2648/727 1609/2649/727
f 1612/2650/728 1611/2651/728 1608/2652/728
f 1611/2653/729 1612/2654/729 1609/2655/729
f 1613/2656/730 1612/2657/730 1608/2658/730
f 1612/2659/731 1613/2660/731 1609/2661/731
f 1614/2662/732 1613/2663/732 1608/2664/732
f 1613/2665/733 1614/2666/733 1609/2667/733
f 1615/2668/734 1614/2669/734 1608/2670/734
f 1614/2671/735 1615/2672/735 1609/2673/735
f 1616/2674/736 1615/2675/736 1608/2676/736
f 1615/2677/737 1616/2678/737 1609/2679/737
f 1617/2680/738 1616/2681/738 1608/2682/738
f 1616/2683/739 1617/2684/739 1609/2685/739
f 1618/2686/740 1617/2687/740 1608/2688/740
f 1617/2689/741 1618/2690/741 1609/2691/741
f 1619/2692/742 1618/2693/742 1608/2694/742
f 1618/2695/743 1619/2696/743 1609/2697/743
f 1620/2698/744 1619/2699/744 1608/2700/744
f 1619/2701/745 1620/2702/745 1609/2703/745
f 1621/2704/746 1620/2705/746 1608/2706/746
f 1620/2707/747 1621/2708/747 1609/2709/747
f 1622/2710/748 1621/2711/748 1608/2712/748
f 1621/2713/749 1622/2714/749 1609/2715/749
f 1623/2716/750 1622/2717/750 1608/2718/750
f 1622/2719/751 1623/2720/751 1609/2721/751
f 1624/2722/752 1623/2723/752 1608/2724/752
f 1623/2725/753 1624/2726/753 1609/2727/753
f 1625/2728/754 1624/2729/754 1608/2730/754
f 1624/2731/755 1625/2732/755 1609/2733/755
f 1610/2734/756 1625/2735/756 1608/2736/756
f 1625/2737/757 1610/2738/757 1609/2739/757