# Made in Blockbench 4.12.6
mtllib mi09_obj.mtl

o internal_signs
v -1.0735384365773337 2.868361386671688 1.3124999999999996
v -1.1306436456736062 2.434604259820646 1.3124999999999993
v -1.073538436577335 2.8683613866716886 -1.3124999999999996
v -1.1306436456736075 2.4346042598206465 -1.3124999999999998
v 1.0735382606882642 2.868361643167564 1.3124999999999993
v 1.1306438903740983 2.4346045103691547 1.3124999999999991
v 1.0735382606882633 2.8683616431675643 -1.3124999999999998
v 1.1306438903740974 2.434604510369155 -1.3125
v -1.0735384365773373 2.86836138667169 -6.437499999999998
v -1.1306436456736098 2.434604259820648 -6.437499999999998
v -1.0735384365773384 2.8683613866716904 -9.062499999999996
v -1.1306436456736109 2.4346042598206483 -9.062499999999996
v 1.073538260688261 2.8683616431675656 -6.437499999999999
v 1.1306438903740952 2.4346045103691565 -6.437499999999999
v 1.0735382606882597 2.868361643167566 -9.062499999999996
v 1.1306438903740939 2.434604510369157 -9.062499999999996
v -1.0735384365773304 2.8683613866716864 9.062499999999996
v -1.1306436456736029 2.4346042598206443 9.062499999999996
v -1.0735384365773315 2.868361386671687 6.437499999999998
v -1.130643645673604 2.434604259820645 6.437499999999998
v 1.0735382606882677 2.868361643167562 9.062499999999996
v 1.1306438903741018 2.434604510369153 9.062499999999996
v 1.0735382606882664 2.8683616431675625 6.437499999999997
v 1.1306438903741005 2.4346045103691534 6.437499999999997
vt 0 1
vt 0 0
vt 1 0
vt 1 1
vt 0 0
vt 1 0
vt 1 1
vt 0 1
vt 0 1
vt 0 0
vt 1 0
vt 1 1
vt 0 0
vt 1 0
vt 1 1
vt 0 1
vt 0 1
vt 0 0
vt 1 0
vt 1 1
vt 0 0
vt 1 0
vt 1 1
vt 0 1
vn 0.9914448613738105 -0.1305261922200515 -4.692726018812705e-16
vn -0.9914447371974507 -0.1305271354296791 4.113070637335399e-16
vn 0.9914448613738105 -0.1305261922200515 -4.692726018812705e-16
vn -0.9914447371974507 -0.1305271354296791 4.113070637335399e-16
vn 0.9914448613738105 -0.1305261922200515 -4.692726018812705e-16
vn -0.9914447371974507 -0.1305271354296791 4.113070637335399e-16
usemtl m_adc44355-70cf-f0c7-8fb8-14a027379e6d
f 1/1/1 2/2/1 4/3/1 3/4/1
f 8/5/2 6/6/2 5/7/2 7/8/2
f 9/9/3 10/10/3 12/11/3 11/12/3
f 16/13/4 14/14/4 13/15/4 15/16/4
f 17/17/5 18/18/5 20/19/5 19/20/5
f 24/21/6 22/22/6 21/23/6 23/24/6
o car1_glass
v 0.87034125 2.621653267146147 -11.090912903363202
v 0.87034125 1.324336923348823 -11.476869870400494
v -0.87034125 2.621653267146147 -11.090912903363202
v -0.87034125 1.324336923348823 -11.476869870400494
v -0.45291625 2.6216530715483017 -11.142108656989992
v -0.328125 1.3247873364565286 -11.55515841228583
v 0.328125 1.3247873364565286 -11.55515841228583
v 0.45291625 2.6216530715483017 -11.142108656989992
v -1.428125 0.5625003365881203 -10.07079044367236
v -1.428125 2.062499809284374 -10.068250464813989
v -1.428125 2.0625002135056945 -10.584466883103028
v -1.428125 0.5624996652054579 -10.584022966578587
v -1.376846875 2.4120462018175286 -10.068236992211737
v -1.376336875 2.4091731646877284 -10.58151252873115
v -1.428125 2.0625003304793617 -10.584699141853008
v -1.428125 2.062500251613102 -10.067375537919917
v 1.428125 0.5625003365881203 -10.07079044367236
v 1.428125 2.062499809284374 -10.068250464813989
v 1.428125 2.0625002135056945 -10.584466883103028
v 1.428125 0.5624996652054579 -10.584022966578587
v 1.376846875 2.4120462018175286 -10.068236992211737
v 1.376336875 2.4091731646877284 -10.58151252873115
v 1.428125 2.0625003304793617 -10.584699141853008
v 1.428125 2.062500251613102 -10.067375537919917
v 0.87034125 2.0397536193219534 -11.277800142820167
v -0.87034125 2.0397536193219534 -11.277800142820167
vt 0.31430928571428574 0.7714285714285715
vt 0.4178335714285714 0.7714285714285715
vt 0.4035714285714286 0.9285714285714286
vt 0.32857142857142857 0.9285714285714286
vt 0.17233 0.5642857142857143
vt 0.0009015714285714286 0.5642857142857143
vt 0.0008842857142857142 0.5056301428571428
vt 0.17231314285714286 0.5052897857142857
vt 0.14720435714285712 0.26428571428571423
vt 0.10714285714285714 0.26428571428571423
vt 0.10768057142857142 0.20516592857142857
vt 0.148053 0.20563092857142862
vt 0.0008842857142857142 0.5056301428571428
vt 0.0009015714285714286 0.5642857142857143
vt 0.17233 0.5642857142857143
vt 0.17231314285714286 0.5052897857142857
vt 0.10768057142857142 0.20516592857142857
vt 0.10714285714285714 0.26428571428571423
vt 0.14720435714285712 0.26428571428571423
vt 0.148053 0.20563092857142862
vt 0.39307400000000003 0.6515282857142857
vt 0.39307400000000003 0.6034655
vt 0.46180592857142855 0.6058517857142858
vt 0.5479974285714285 0.6714285714285715
vt 0.46180592857142855 0.6058517857142858
vt 0.5476675 0.6088327857142857
vt 0.5479974285714285 0.6714285714285715
vt 0.45714285714285713 0.5928571428571429
vt 0.39285714285714285 0.5845445714285714
vt 0.40099692857142855 0.4974575
vt 0.40099692857142855 0.4974575
vt 0.40725257142857146 0.43052900000000005
vt 0.45714285714285713 0.4366588571428571
vt 0.45714285714285713 0.5928571428571429
vn 0 0.3034776270425886 -0.9528385644402727
vn -1 0 0
vn -0.9890252356280133 0.1477466862266373 2.2524061289719288e-8
vn 1 0 0
vn 0.9890252356280133 0.1477466862266373 2.2524061296658182e-8
vn 0.11598371483473584 0.30372015835410093 -0.9456753371546149
vn 0.13799131242229432 0.26550794599486355 -0.9541823349389579
vn -0.13799131242229432 0.26550794599486355 -0.9541823349389579
vn -0.11598371483473584 0.30372015835410093 -0.945675337154615
usemtl m_8c3f6968-eae0-2901-b303-4a93fa9fd540
f 29/25/7 32/26/7 31/27/7 30/28/7
f 35/29/8 36/30/8 33/31/8 34/32/8
f 38/33/9 39/34/9 40/35/9 37/36/9
f 41/37/10 44/38/10 43/39/10 42/40/10
f 48/41/11 47/42/11 46/43/11 45/44/11
f 32/45/12 25/46/12 49/47/12 31/48/12
f 49/49/13 26/50/13 31/51/13
f 30/52/14 28/53/14 50/54/14
f 50/55/15 27/56/15 29/57/15 30/58/15
o car1_lights_red
v 1.035876875 0.8637262499999999 -11.395138750000001
v 1.0187499999999998 0.8223774999999999 -11.395138750000001
v 1.13125 0.7999999999999999 -11.395138750000001
v 1.0187499999999998 0.7776224999999999 -11.395138750000001
v 1.035876875 0.7362737499999998 -11.395138750000001
v 1.0675237499999999 0.7046268749999999 -11.395138750000001
v 1.1088725 0.6874999999999999 -11.395138750000001
v 1.1536275 0.6874999999999999 -11.395138750000001
v 1.19497625 0.7046268749999999 -11.395138750000001
v 1.226623125 0.7362737499999998 -11.395138750000001
v 1.24375 0.7776224999999999 -11.395138750000001
v 1.24375 0.8223774999999999 -11.395138750000001
v 1.226623125 0.8637262499999999 -11.395138750000001
v 1.19497625 0.8953731249999999 -11.395138750000001
v 1.1536275 0.9124999999999999 -11.395138750000001
v 1.1088725 0.9124999999999999 -11.395138750000001
v 1.0675237499999999 0.8953731249999999 -11.395138750000001
v -1.035876875 0.8637262499999999 -11.395138750000001
v -1.01875 0.8223774999999999 -11.395138750000001
v -1.13125 0.7999999999999999 -11.395138750000001
v -1.01875 0.7776224999999999 -11.395138750000001
v -1.035876875 0.7362737499999998 -11.395138750000001
v -1.06752375 0.7046268749999999 -11.395138750000001
v -1.1088725 0.6874999999999999 -11.395138750000001
v -1.1536275 0.6874999999999999 -11.395138750000001
v -1.19497625 0.7046268749999999 -11.395138750000001
v -1.226623125 0.7362737499999998 -11.395138750000001
v -1.24375 0.7776224999999999 -11.395138750000001
v -1.24375 0.8223774999999999 -11.395138750000001
v -1.226623125 0.8637262499999999 -11.395138750000001
v -1.19497625 0.8953731249999999 -11.395138750000001
v -1.1536275 0.9124999999999999 -11.395138750000001
v -1.1088725 0.9124999999999999 -11.395138750000001
v -1.06752375 0.8953731249999999 -11.395138750000001
vt 0.6930273571428571 0.06925414285714293
vt 0.6980440714285714 0.0702518571428572
vt 0.6980440714285714 0.05714285714285716
vt 0.9287414285714285 0.5692539285714285
vt 0.9337585714285714 0.570252
vt 0.9337585714285714 0.5571428571428572
vt 0.9287416428571429 0.5488232857142856
vt 0.9337583571428572 0.5478255714285714
vt 0.9287416428571429 0.5357142857142857
vt 0.9291597857142857 0.19464285714285712
vt 0.9301574285714285 0.19965892857142864
vt 0.9422687857142857 0.19464285714285712
vt 0.9301575 0.5232142857142856
vt 0.9291597857142857 0.5282310000000001
vt 0.9422687857142857 0.5282310000000001
vt 0.9301577857142858 0.6660714285714286
vt 0.9291597142857142 0.6710885
vt 0.9422688571428571 0.6710885
vt 0.9291597857142857 0.6517857142857143
vt 0.9301575 0.6568024285714286
vt 0.9422687857142857 0.6517857142857143
vt 0.8694722857142857 0.05714285714285716
vt 0.8644562857142858 0.05814049999999993
vt 0.8694722857142857 0.0702518571428572
vt 0.7551869285714286 0.05814057142857143
vt 0.7501702142857143 0.05714285714285716
vt 0.7501702142857143 0.0702518571428572
vt 0.3194728571428571 0.05714285714285716
vt 0.3144557142857143 0.058140928571428496
vt 0.3194728571428571 0.07025200000000009
vt 0.7694726428571428 0.05714285714285716
vt 0.7644559285714286 0.05814057142857143
vt 0.7694726428571428 0.0702518571428572
vt 0.9422687857142857 0.13537321428571436
vt 0.9412711428571429 0.13035714285714284
vt 0.9291597857142857 0.13537321428571436
vt 0.9412710714285715 0.2353738571428572
vt 0.9422687857142857 0.23035714285714282
vt 0.9291597857142857 0.23035714285714282
vt 0.3412707857142857 0.07108850000000011
vt 0.34226885714285715 0.06607142857142856
vt 0.3291597142857143 0.06607142857142856
vt 0.9422687857142857 0.3853738571428572
vt 0.9412710714285715 0.38035714285714284
vt 0.9291597857142857 0.3853738571428572
vt 0.9412711428571429 0.12108750000000001
vt 0.9422687857142857 0.1160714285714286
vt 0.9291597857142857 0.1160714285714286
vt 0.6980440714285714 0.0702518571428572
vt 0.6930273571428571 0.06925414285714293
vt 0.6980440714285714 0.05714285714285716
vt 0.9337585714285714 0.570252
vt 0.9287414285714285 0.5692539285714285
vt 0.9337585714285714 0.5571428571428572
vt 0.9337583571428572 0.5478255714285714
vt 0.9287416428571429 0.5488232857142856
vt 0.9287416428571429 0.5357142857142857
vt 0.9301574285714285 0.19965892857142864
vt 0.9291597857142857 0.19464285714285712
vt 0.9422687857142857 0.19464285714285712
vt 0.9291597857142857 0.5282310000000001
vt 0.9301575 0.5232142857142856
vt 0.9422687857142857 0.5282310000000001
vt 0.9291597142857142 0.6710885
vt 0.9301577857142858 0.6660714285714286
vt 0.9422688571428571 0.6710885
vt 0.9301575 0.6568024285714286
vt 0.9291597857142857 0.6517857142857143
vt 0.9422687857142857 0.6517857142857143
vt 0.8644562857142858 0.05814049999999993
vt 0.8694722857142857 0.05714285714285716
vt 0.8694722857142857 0.0702518571428572
vt 0.7501702142857143 0.05714285714285716
vt 0.7551869285714286 0.05814057142857143
vt 0.7501702142857143 0.0702518571428572
vt 0.3144557142857143 0.058140928571428496
vt 0.3194728571428571 0.05714285714285716
vt 0.3194728571428571 0.07025200000000009
vt 0.7644559285714286 0.05814057142857143
vt 0.7694726428571428 0.05714285714285716
vt 0.7694726428571428 0.0702518571428572
vt 0.9412711428571429 0.13035714285714284
vt 0.9422687857142857 0.13537321428571436
vt 0.9291597857142857 0.13537321428571436
vt 0.9422687857142857 0.23035714285714282
vt 0.9412710714285715 0.2353738571428572
vt 0.9291597857142857 0.23035714285714282
vt 0.34226885714285715 0.06607142857142856
vt 0.3412707857142857 0.07108850000000011
vt 0.3291597142857143 0.06607142857142856
vt 0.9412710714285715 0.38035714285714284
vt 0.9422687857142857 0.3853738571428572
vt 0.9291597857142857 0.3853738571428572
vt 0.9422687857142857 0.1160714285714286
vt 0.9412711428571429 0.12108750000000001
vt 0.9291597857142857 0.1160714285714286
vn 1.2246467991473532e-16 2.220446049250313e-16 -1
vn 1.2246467991473532e-16 2.220446049250313e-16 -1
vn 1.2246467991473532e-16 2.220446049250313e-16 -1
vn 1.2246467991473532e-16 2.220446049250313e-16 -1
vn 1.2246467991473532e-16 2.220446049250313e-16 -1
vn 1.2246467991473532e-16 2.220446049250313e-16 -1
vn 1.2246467991473532e-16 2.220446049250313e-16 -1
vn 1.2246467991473532e-16 2.220446049250313e-16 -1
vn 1.2246467991473532e-16 2.220446049250313e-16 -1
vn 1.2246467991473532e-16 2.220446049250313e-16 -1
vn 1.2246467991473532e-16 2.220446049250313e-16 -1
vn 1.2246467991473532e-16 2.220446049250313e-16 -1
vn 1.2246467991473532e-16 2.220446049250313e-16 -1
vn 1.2246467991473532e-16 2.220446049250313e-16 -1
vn 1.2246467991473532e-16 2.220446049250313e-16 -1
vn 1.2246467991473532e-16 2.220446049250313e-16 -1
vn 1.2246467991473532e-16 2.220446049250313e-16 -1
vn 1.2246467991473532e-16 2.220446049250313e-16 -1
vn 1.2246467991473532e-16 2.220446049250313e-16 -1
vn 1.2246467991473532e-16 2.220446049250313e-16 -1
vn 1.2246467991473532e-16 2.220446049250313e-16 -1
vn 1.2246467991473532e-16 2.220446049250313e-16 -1
vn 1.2246467991473532e-16 2.220446049250313e-16 -1
vn 1.2246467991473532e-16 2.220446049250313e-16 -1
vn 1.2246467991473532e-16 2.220446049250313e-16 -1
vn 1.2246467991473532e-16 2.220446049250313e-16 -1
vn 1.2246467991473532e-16 2.220446049250313e-16 -1
vn 1.2246467991473532e-16 2.220446049250313e-16 -1
vn 1.2246467991473532e-16 2.220446049250313e-16 -1
vn 1.2246467991473532e-16 2.220446049250313e-16 -1
vn 1.2246467991473532e-16 2.220446049250313e-16 -1
vn 1.2246467991473532e-16 2.220446049250313e-16 -1
usemtl m_8c3f6968-eae0-2901-b303-4a93fa9fd540
f 67/59/16 66/60/16 53/61/16
f 51/62/17 67/63/17 53/64/17
f 52/65/18 51/66/18 53/67/18
f 54/68/19 52/69/19 53/70/19
f 55/71/20 54/72/20 53/73/20
f 56/74/21 55/75/21 53/76/21
f 57/77/22 56/78/22 53/79/22
f 58/80/23 57/81/23 53/82/23
f 59/83/24 58/84/24 53/85/24
f 60/86/25 59/87/25 53/88/25
f 61/89/26 60/90/26 53/91/26
f 62/92/27 61/93/27 53/94/27
f 63/95/28 62/96/28 53/97/28
f 64/98/29 63/99/29 53/100/29
f 65/101/30 64/102/30 53/103/30
f 66/104/31 65/105/31 53/106/31
f 83/107/32 84/108/32 70/109/32
f 84/110/33 68/111/33 70/112/33
f 68/113/34 69/114/34 70/115/34
f 69/116/35 71/117/35 70/118/35
f 71/119/36 72/120/36 70/121/36
f 72/122/37 73/123/37 70/124/37
f 73/125/38 74/126/38 70/127/38
f 74/128/39 75/129/39 70/130/39
f 75/131/40 76/132/40 70/133/40
f 76/134/41 77/135/41 70/136/41
f 77/137/42 78/138/42 70/139/42
f 78/140/43 79/141/43 70/142/43
f 79/143/44 80/144/44 70/145/44
f 80/146/45 81/147/45 70/148/45
f 81/149/46 82/150/46 70/151/46
f 82/152/47 83/153/47 70/154/47
o car1_lights_yellow
v 0.053105 2.6705225 -11.07013875
v 0.0794775 2.696895 -11.07013875
v 0 2.75 -11.07013875
v 0.018648125 2.65625 -11.07013875
v -0.018648125 2.65625 -11.07013875
v -0.053105 2.6705225 -11.07013875
v -0.09375 2.731351875 -11.07013875
v -0.0794775 2.696895 -11.07013875
v -0.0794775 2.803105 -11.07013875
v -0.09375 2.768648125 -11.07013875
v -0.053105 2.8294775 -11.07013875
v -0.018648125 2.84375 -11.07013875
v 0.018648125 2.84375 -11.07013875
v 0.053105 2.8294775 -11.07013875
v 0.0794775 2.803105 -11.07013875
v 0.09375 2.768648125 -11.07013875
v 0.09375 2.731351875 -11.07013875
v -0.8374799999999999 0.6330225 -11.57013875
v -0.8638524999999999 0.659395 -11.57013875
v -0.7843749999999999 0.7124999999999999 -11.57013875
v -0.8030231249999998 0.6187499999999999 -11.57013875
v -0.7657268749999999 0.6187499999999999 -11.57013875
v -0.7312699999999999 0.6330225 -11.57013875
v -0.6906249999999999 0.693851875 -11.57013875
v -0.7048974999999998 0.659395 -11.57013875
v -0.7048974999999998 0.7656050000000003 -11.57013875
v -0.6906249999999999 0.7311481249999998 -11.57013875
v -0.7312699999999999 0.7919775000000002 -11.57013875
v -0.7657268749999999 0.8062500000000001 -11.57013875
v -0.8030231249999998 0.8062500000000001 -11.57013875
v -0.8374799999999999 0.7919775000000002 -11.57013875
v -0.8638524999999999 0.7656050000000003 -11.57013875
v -0.8781249999999999 0.7311481249999998 -11.57013875
v -0.8781249999999999 0.693851875 -11.57013875
v 0.8374800000000001 0.6330225 -11.57013875
v 0.8638525000000001 0.659395 -11.57013875
v 0.7843750000000002 0.7124999999999999 -11.57013875
v 0.8030231250000001 0.6187499999999999 -11.57013875
v 0.7657268750000001 0.6187499999999999 -11.57013875
v 0.7312700000000001 0.6330225 -11.57013875
v 0.6906250000000002 0.693851875 -11.57013875
v 0.7048975000000001 0.659395 -11.57013875
v 0.7048975000000001 0.7656050000000001 -11.57013875
v 0.6906250000000002 0.7311481249999998 -11.57013875
v 0.7312700000000001 0.7919775 -11.57013875
v 0.7657268750000001 0.8062499999999999 -11.57013875
v 0.8030231250000001 0.8062499999999999 -11.57013875
v 0.8374800000000001 0.7919775 -11.57013875
v 0.8638525000000001 0.7656050000000001 -11.57013875
v 0.8781250000000002 0.7311481249999998 -11.57013875
v 0.8781250000000002 0.693851875 -11.57013875
vt 0.9434454999999999 0.4904496428571429
vt 0.9476259285714286 0.49128135714285714
vt 0.9476259285714286 0.4803571428571428
vt 0.10773142857142858 0.04759271428571432
vt 0.11191142857142858 0.04842400000000002
vt 0.11191142857142858 0.03749999999999998
vt 0.8434455 0.055567071428571424
vt 0.8476259285714286 0.054735357142857155
vt 0.8434455 0.044642857142857095
vt 0.943645 0.7232142857142857
vt 0.9444767857142858 0.7273952142857143
vt 0.9545692857142858 0.7232142857142857
vt 0.8944767857142857 0.051785714285714324
vt 0.8936449999999999 0.055966214285714355
vt 0.9045692857142857 0.055966214285714355
vt 0.950788 0.8946428571428572
vt 0.9516193571428572 0.8988227857142858
vt 0.961712 0.8946428571428572
vt 0.08650214285714286 0.044642857142857095
vt 0.08733392857142856 0.04882335714285724
vt 0.09742642857142857 0.044642857142857095
vt 0.40476907142857144 0.044642857142857095
vt 0.40058807142857145 0.045474571428571475
vt 0.40476907142857144 0.055567071428571424
vt 0.9476259285714286 0.5597603571428571
vt 0.9434454999999999 0.5589285714285714
vt 0.9434454999999999 0.5698527857142857
vt 0.37619714285714284 0.03749999999999998
vt 0.3720171428571429 0.03833135714285707
vt 0.37619714285714284 0.04842400000000002
vt 0.5261973571428572 0.044642857142857095
vt 0.5220169285714286 0.045474642857142755
vt 0.5261973571428572 0.055567071428571424
vt 0.28314071428571425 0.05596664285714281
vt 0.28230892857142853 0.051785714285714324
vt 0.2722164285714286 0.05596664285714281
vt 0.9608806428571429 0.8131085
vt 0.961712 0.8089285714285714
vt 0.950788 0.8089285714285714
vt 0.9545692857142858 0.5488233571428571
vt 0.9537374999999999 0.5446428571428572
vt 0.943645 0.5488233571428571
vt 0.9537374999999999 0.4702519285714285
vt 0.9545692857142858 0.4660714285714286
vt 0.943645 0.4660714285714286
vt 0.9537374999999999 0.5988237857142857
vt 0.9545692857142858 0.5946428571428571
vt 0.943645 0.5946428571428571
vt 0.9476259285714286 0.49128135714285714
vt 0.9434454999999999 0.4904496428571429
vt 0.9476259285714286 0.4803571428571428
vt 0.11191142857142858 0.04842400000000002
vt 0.10773142857142858 0.04759271428571432
vt 0.11191142857142858 0.03749999999999998
vt 0.8476259285714286 0.054735357142857155
vt 0.8434455 0.055567071428571424
vt 0.8434455 0.044642857142857095
vt 0.9444767857142858 0.7273952142857143
vt 0.943645 0.7232142857142857
vt 0.9545692857142858 0.7232142857142857
vt 0.8936449999999999 0.055966214285714355
vt 0.8944767857142857 0.051785714285714324
vt 0.9045692857142857 0.055966214285714355
vt 0.9516193571428572 0.8988227857142858
vt 0.950788 0.8946428571428572
vt 0.961712 0.8946428571428572
vt 0.08733392857142856 0.04882335714285724
vt 0.08650214285714286 0.044642857142857095
vt 0.09742642857142857 0.044642857142857095
vt 0.40058807142857145 0.045474571428571475
vt 0.40476907142857144 0.044642857142857095
vt 0.40476907142857144 0.055567071428571424
vt 0.9434454999999999 0.5589285714285714
vt 0.9476259285714286 0.5597603571428571
vt 0.9434454999999999 0.5698527857142857
vt 0.3720171428571429 0.03833135714285707
vt 0.37619714285714284 0.03749999999999998
vt 0.37619714285714284 0.04842400000000002
vt 0.5220169285714286 0.045474642857142755
vt 0.5261973571428572 0.044642857142857095
vt 0.5261973571428572 0.055567071428571424
vt 0.28230892857142853 0.051785714285714324
vt 0.28314071428571425 0.05596664285714281
vt 0.2722164285714286 0.05596664285714281
vt 0.961712 0.8089285714285714
vt 0.9608806428571429 0.8131085
vt 0.950788 0.8089285714285714
vt 0.9537374999999999 0.5446428571428572
vt 0.9545692857142858 0.5488233571428571
vt 0.943645 0.5488233571428571
vt 0.9545692857142858 0.4660714285714286
vt 0.9537374999999999 0.4702519285714285
vt 0.943645 0.4660714285714286
vt 0.9545692857142858 0.5946428571428571
vt 0.9537374999999999 0.5988237857142857
vt 0.943645 0.5946428571428571
vt 0.9434454999999999 0.4904496428571429
vt 0.9476259285714286 0.49128135714285714
vt 0.9476259285714286 0.4803571428571428
vt 0.10773142857142858 0.04759271428571432
vt 0.11191142857142858 0.04842400000000002
vt 0.11191142857142858 0.03749999999999998
vt 0.8434455 0.055567071428571424
vt 0.8476259285714286 0.054735357142857155
vt 0.8434455 0.044642857142857095
vt 0.943645 0.7232142857142857
vt 0.9444767857142858 0.7273952142857143
vt 0.9545692857142858 0.7232142857142857
vt 0.8944767857142857 0.051785714285714324
vt 0.8936449999999999 0.055966214285714355
vt 0.9045692857142857 0.055966214285714355
vt 0.950788 0.8946428571428572
vt 0.9516193571428572 0.8988227857142858
vt 0.961712 0.8946428571428572
vt 0.08650214285714286 0.044642857142857095
vt 0.08733392857142856 0.04882335714285724
vt 0.09742642857142857 0.044642857142857095
vt 0.40476907142857144 0.044642857142857095
vt 0.40058807142857145 0.045474571428571475
vt 0.40476907142857144 0.055567071428571424
vt 0.9476259285714286 0.5597603571428571
vt 0.9434454999999999 0.5589285714285714
vt 0.9434454999999999 0.5698527857142857
vt 0.37619714285714284 0.03749999999999998
vt 0.3720171428571429 0.03833135714285707
vt 0.37619714285714284 0.04842400000000002
vt 0.5261973571428572 0.044642857142857095
vt 0.5220169285714286 0.045474642857142755
vt 0.5261973571428572 0.055567071428571424
vt 0.28314071428571425 0.05596664285714281
vt 0.28230892857142853 0.051785714285714324
vt 0.2722164285714286 0.05596664285714281
vt 0.9608806428571429 0.8131085
vt 0.961712 0.8089285714285714
vt 0.950788 0.8089285714285714
vt 0.9545692857142858 0.5488233571428571
vt 0.9537374999999999 0.5446428571428572
vt 0.943645 0.5488233571428571
vt 0.9537374999999999 0.4702519285714285
vt 0.9545692857142858 0.4660714285714286
vt 0.943645 0.4660714285714286
vt 0.9537374999999999 0.5988237857142857
vt 0.9545692857142858 0.5946428571428571
vt 0.943645 0.5946428571428571
vn 1.2246467991473532e-16 2.220446049250313e-16 -1
vn 1.2246467991473532e-16 2.220446049250313e-16 -1
vn 1.2246467991473532e-16 2.220446049250313e-16 -1
vn 1.2246467991473532e-16 2.220446049250313e-16 -1
vn 1.2246467991473532e-16 2.220446049250313e-16 -1
vn 1.2246467991473532e-16 2.220446049250313e-16 -1
vn 1.2246467991473532e-16 2.220446049250313e-16 -1
vn 1.2246467991473532e-16 2.220446049250313e-16 -1
vn 1.2246467991473532e-16 2.220446049250313e-16 -1
vn 1.2246467991473532e-16 2.220446049250313e-16 -1
vn 1.2246467991473532e-16 2.220446049250313e-16 -1
vn 1.2246467991473532e-16 2.220446049250313e-16 -1
vn 1.2246467991473532e-16 2.220446049250313e-16 -1
vn 1.2246467991473532e-16 2.220446049250313e-16 -1
vn 1.2246467991473532e-16 2.220446049250313e-16 -1
vn 1.2246467991473532e-16 2.220446049250313e-16 -1
vn 1.2246467991473532e-16 2.220446049250313e-16 -1
vn 1.2246467991473532e-16 2.220446049250313e-16 -1
vn 1.2246467991473532e-16 2.220446049250313e-16 -1
vn 1.2246467991473532e-16 2.220446049250313e-16 -1
vn 1.2246467991473532e-16 2.220446049250313e-16 -1
vn 1.2246467991473532e-16 2.220446049250313e-16 -1
vn 1.2246467991473532e-16 2.220446049250313e-16 -1
vn 1.2246467991473532e-16 2.220446049250313e-16 -1
vn 1.2246467991473532e-16 2.220446049250313e-16 -1
vn 1.2246467991473532e-16 2.220446049250313e-16 -1
vn 1.2246467991473532e-16 2.220446049250313e-16 -1
vn 1.2246467991473532e-16 2.220446049250313e-16 -1
vn 1.2246467991473532e-16 2.220446049250313e-16 -1
vn 1.2246467991473532e-16 2.220446049250313e-16 -1
vn 1.2246467991473532e-16 2.220446049250313e-16 -1
vn 1.2246467991473532e-16 2.220446049250313e-16 -1
vn 1.2246467991473532e-16 2.220446049250313e-16 -1
vn 1.2246467991473532e-16 2.220446049250313e-16 -1
vn 1.2246467991473532e-16 2.220446049250313e-16 -1
vn 1.2246467991473532e-16 2.220446049250313e-16 -1
vn 1.2246467991473532e-16 2.220446049250313e-16 -1
vn 1.2246467991473532e-16 2.220446049250313e-16 -1
vn 1.2246467991473532e-16 2.220446049250313e-16 -1
vn 1.2246467991473532e-16 2.220446049250313e-16 -1
vn 1.2246467991473532e-16 2.220446049250313e-16 -1
vn 1.2246467991473532e-16 2.220446049250313e-16 -1
vn 1.2246467991473532e-16 2.220446049250313e-16 -1
vn 1.2246467991473532e-16 2.220446049250313e-16 -1
vn 1.2246467991473532e-16 2.220446049250313e-16 -1
vn 1.2246467991473532e-16 2.220446049250313e-16 -1
vn 1.2246467991473532e-16 2.220446049250313e-16 -1
vn 1.2246467991473532e-16 2.220446049250313e-16 -1
usemtl m_8c3f6968-eae0-2901-b303-4a93fa9fd540
f 95/155/48 96/156/48 87/157/48
f 93/158/49 95/159/49 87/160/49
f 94/161/50 93/162/50 87/163/50
f 91/164/51 94/165/51 87/166/51
f 92/167/52 91/168/52 87/169/52
f 90/170/53 92/171/53 87/172/53
f 89/173/54 90/174/54 87/175/54
f 88/176/55 89/177/55 87/178/55
f 85/179/56 88/180/56 87/181/56
f 86/182/57 85/183/57 87/184/57
f 101/185/58 86/186/58 87/187/58
f 100/188/59 101/189/59 87/190/59
f 98/191/60 99/192/60 87/193/60
f 97/194/61 98/195/61 87/196/61
f 99/197/62 100/198/62 87/199/62
f 96/200/63 97/201/63 87/202/63
f 113/203/64 112/204/64 104/205/64
f 112/206/65 110/207/65 104/208/65
f 110/209/66 111/210/66 104/211/66
f 111/212/67 108/213/67 104/214/67
f 108/215/68 109/216/68 104/217/68
f 109/218/69 107/219/69 104/220/69
f 107/221/70 106/222/70 104/223/70
f 106/224/71 105/225/71 104/226/71
f 105/227/72 102/228/72 104/229/72
f 102/230/73 103/231/73 104/232/73
f 103/233/74 118/234/74 104/235/74
f 118/236/75 117/237/75 104/238/75
f 116/239/76 115/240/76 104/241/76
f 115/242/77 114/243/77 104/244/77
f 117/245/78 116/246/78 104/247/78
f 114/248/79 113/249/79 104/250/79
f 129/251/80 130/252/80 121/253/80
f 127/254/81 129/255/81 121/256/81
f 128/257/82 127/258/82 121/259/82
f 125/260/83 128/261/83 121/262/83
f 126/263/84 125/264/84 121/265/84
f 124/266/85 126/267/85 121/268/85
f 123/269/86 124/270/86 121/271/86
f 122/272/87 123/273/87 121/274/87
f 119/275/88 122/276/88 121/277/88
f 120/278/89 119/279/89 121/280/89
f 135/281/90 120/282/90 121/283/90
f 134/284/91 135/285/91 121/286/91
f 132/287/92 133/288/92 121/289/92
f 131/290/93 132/291/93 121/292/93
f 133/293/94 134/294/94 121/295/94
f 130/296/95 131/297/95 121/298/95
o car1_exterior
v 0.2625 0.375 -11.578125
v 0.2625 0.375 -11.796875
v 0.2625 0.15625 -11.578125
v 0.2625 0.15625 -11.796875
v -0.2625 0.375 -11.578125
v -0.2625 0.375 -11.796875
v -0.2625 0.15625 -11.578125
v -0.2625 0.15625 -11.796875
v 0.23125 0.25 -11.578125
v 0.23125 0.25 -11.796875
v 0.23125 -0.09375 -11.578125
v 0.23125 -0.09375 -11.796875
v -0.23125 0.25 -11.578125
v -0.23125 0.25 -11.796875
v -0.23125 -0.09375 -11.578125
v -0.23125 -0.09375 -11.796875
v 0 0.078125 -11.625
v 0 0.078125 -11.125
v 0.051776875 -0.046875 -11.625
v 0.051776875 -0.046875 -11.125
v 0.125 0.026348125 -11.625
v 0.125 0.026348125 -11.125
v 0.125 0.129901875 -11.625
v 0.125 0.129901875 -11.125
v 0.051776875 0.203125 -11.625
v 0.051776875 0.203125 -11.125
v -0.051776875 0.203125 -11.625
v -0.051776875 0.203125 -11.125
v -0.125 0.129901875 -11.625
v -0.125 0.129901875 -11.125
v -0.125 0.026348125 -11.625
v -0.125 0.026348125 -11.125
v -0.051776875 -0.046875 -11.625
v -0.051776875 -0.046875 -11.125
v 0.25 0.25 -11.796875
v 0.25 0.25 -11.890625
v 0.25 -0.09375 -11.796875
v 0.25 -0.09375 -11.890625
v -0.25 0.25 -11.796875
v -0.25 0.25 -11.890625
v -0.25 -0.09375 -11.796875
v -0.25 -0.09375 -11.890625
v 0.80318125 2.87123625 -11.028343125
v -0.87034125 1.324336875 -11.47687
v -0.72923625 0.8046525 -11.652761875
v -0.328125 1.3247875 -11.555158125
v -0.328125 0.703125 -11.70625
v -0.72923625 0.8046525 -11.652761875
v -0.64798625 0.4859025 -11.677761875
v -0.328125 0.703125 -11.70625
v -0.328125 0.493513125 -11.697
v -0.698568125 0.77582375 -11.66051
v -0.680728125 0.73029625 -11.665573125
v -0.679620625 0.69692625 -11.66647875
v -0.757654375 0.611720625 -11.649834375
v -0.693803125 0.65841875 -11.663899375
v -0.7219025 0.627875625 -11.657903125
v -1.122868125 0.624023125 -11.531625
v -1.13125 0.2625 -11.59375
v -0.757654375 0.611720625 -11.649834375
v -0.64798625 0.4859025 -11.677761875
v -0.798124375 0.60899625 -11.64039875
v -0.838875 0.62551625 -11.630525
v -0.805331875 0.60098375 -11.638825625
v -1.215288125 1.32987375 -11.21579125
v -0.989135 1.324336875 -11.454273125
v -0.8106375 0.816271875 -11.63339125
v -1.06857875 0.91181375 -11.547028125
v -1.094434375 0.676114375 -11.5391925
v -0.867453125 0.651676875 -11.62331875
v -1.051060625 0.69858 -11.5591125
v -0.88528125 0.690285625 -11.618391875
v -1.122868125 0.624023125 -11.531625
v -0.838875 0.62551625 -11.630525
v -1.14371625 0.672466875 -11.51616125
v -0.867453125 0.651676875 -11.62331875
v -1.094434375 0.676114375 -11.5391925
v -1.003419375 0.78499125 -11.579870625
v -0.873208125 0.769641875 -11.61954375
v -1.008571875 0.835750625 -11.576533125
v -0.84478625 0.80069 -11.625455
v -1.008571875 0.835750625 -11.576533125
v -0.84478625 0.80069 -11.625455
v -1.030390625 0.87892125 -11.565523125
v -0.8106375 0.816271875 -11.63339125
v -1.030390625 0.87892125 -11.565523125
v -0.8106375 0.816271875 -11.63339125
v -1.06857875 0.91181375 -11.547028125
v -1.051060625 0.69858 -11.5591125
v -0.88528125 0.690285625 -11.618391875
v -1.018590625 0.7375 -11.57362375
v -0.886744375 0.7316225 -11.61724875
v -1.018590625 0.7375 -11.57362375
v -0.886744375 0.7316225 -11.61724875
v -1.003419375 0.78499125 -11.579870625
v -0.873208125 0.769641875 -11.61954375
v -0.989135 1.324336875 -11.454273125
v -0.8106375 0.816271875 -11.63339125
v -0.87034125 1.324336875 -11.47687
v -0.72923625 0.8046525 -11.652761875
v -0.7679025 0.818621875 -11.64342625
v -0.873208125 0.769641875 -11.61954375
v -0.84478625 0.80069 -11.625455
v -0.8106375 0.816271875 -11.63339125
v -0.7679025 0.818621875 -11.64342625
v -0.72923625 0.8046525 -11.652761875
v -0.698568125 0.77582375 -11.66051
v -0.680728125 0.73029625 -11.665573125
v -0.679620625 0.69692625 -11.66647875
v -0.693803125 0.65841875 -11.663899375
v -0.7219025 0.627875625 -11.657903125
v -0.757654375 0.611720625 -11.649834375
v -0.798124375 0.60899625 -11.64039875
v -0.838875 0.62551625 -11.630525
v -0.867453125 0.651676875 -11.62331875
v -0.88528125 0.690285625 -11.618391875
v -0.886744375 0.7316225 -11.61724875
v -0.724505625 0.6319125 -11.55763875
v -0.76056 0.6151 -11.55763875
v -0.697628125 0.661243125 -11.55763875
v -0.684021875 0.698626875 -11.55763875
v -0.6857575 0.73837125 -11.55763875
v -0.731900625 0.801303125 -11.55763875
v -0.70257 0.77442625 -11.55763875
v -0.80902875 0.81317375 -11.55763875
v -0.76928375 0.814909375 -11.55763875
v -0.84508375 0.79636125 -11.55763875
v -0.871960625 0.767030625 -11.55763875
v -0.885566875 0.7296475 -11.55763875
v -0.88383125 0.6899025 -11.55763875
v -0.86701875 0.653848125 -11.55763875
v -0.837688125 0.62697125 -11.55763875
v -0.800305 0.613364375 -11.55763875
v -0.859619375 0.6443575 -11.6252975
v -0.724505625 0.6319125 -11.55763875
v -0.76056 0.6151 -11.55763875
v -0.784794375 0.714136875 -11.55763875
v -0.697628125 0.661243125 -11.55763875
v -0.684021875 0.698626875 -11.55763875
v -0.6857575 0.73837125 -11.55763875
v -0.731900625 0.801303125 -11.55763875
v -0.70257 0.77442625 -11.55763875
v -0.80902875 0.81317375 -11.55763875
v -0.76928375 0.814909375 -11.55763875
v -0.84508375 0.79636125 -11.55763875
v -0.871960625 0.767030625 -11.55763875
v -0.885566875 0.7296475 -11.55763875
v -0.88383125 0.6899025 -11.55763875
v -0.86701875 0.653848125 -11.55763875
v -0.837688125 0.62697125 -11.55763875
v -0.800305 0.613364375 -11.55763875
v -1.23982625 0.86267125 -11.46766
v -1.208625625 0.900675 -11.4815925
v -1.166223125 0.9221275 -11.50107625
v -1.115766875 0.926390625 -11.524646875
v -1.06857875 0.91181375 -11.547028125
v -1.030390625 0.87892125 -11.565523125
v -1.008571875 0.835750625 -11.576533125
v -1.003419375 0.78499125 -11.579870625
v -1.018590625 0.7375 -11.57362375
v -1.051060625 0.69858 -11.5591125
v -1.094434375 0.676114375 -11.5391925
v -1.14371625 0.672466875 -11.51616125
v -1.19062125 0.687948125 -11.493895625
v -1.228105625 0.71995 -11.475746875
v -1.250878125 0.764443125 -11.464265
v -1.255185625 0.8145775 -11.461335
v -1.164559375 0.912574375 -11.38263875
v -1.118735625 0.916583125 -11.38263875
v -1.074865625 0.90275125 -11.38263875
v -1.03962875 0.87318375 -11.38263875
v -1.018389375 0.832383125 -11.38263875
v -1.01438 0.786559375 -11.38263875
v -1.028211875 0.74269 -11.38263875
v -1.05778 0.707453125 -11.38263875
v -1.09858 0.68621375 -11.38263875
v -1.14440375 0.682204375 -11.38263875
v -1.18827375 0.69603625 -11.38263875
v -1.223510625 0.72560375 -11.38263875
v -1.24475 0.766404375 -11.38263875
v -1.248759375 0.812228125 -11.38263875
v -1.2349275 0.8560975 -11.38263875
v -1.205359375 0.891335 -11.38263875
v -1.164559375 0.912574375 -11.38263875
v -1.118735625 0.916583125 -11.38263875
v -1.131569375 0.79939375 -11.38263875
v -1.074865625 0.90275125 -11.38263875
v -1.03962875 0.87318375 -11.38263875
v -1.018389375 0.832383125 -11.38263875
v -1.01438 0.786559375 -11.38263875
v -1.028211875 0.74269 -11.38263875
v -1.05778 0.707453125 -11.38263875
v -1.09858 0.68621375 -11.38263875
v -1.14440375 0.682204375 -11.38263875
v -1.18827375 0.69603625 -11.38263875
v -1.223510625 0.72560375 -11.38263875
v -1.24475 0.766404375 -11.38263875
v -1.248759375 0.812228125 -11.38263875
v -1.2349275 0.8560975 -11.38263875
v -1.205359375 0.891335 -11.38263875
v -1.28747625 0.28483875 -11.29825375
v -1.122868125 0.624023125 -11.531625
v -1.13125 0.2625 -11.59375
v -1.215390625 0.6451075 -11.401779375
v -1.296866875 0.7494925 -11.24369125
v -1.266585625 0.69198625 -11.303948125
v -1.205918125 0.660176875 -11.478270625
v -1.122868125 0.624023125 -11.531625
v -1.19062125 0.687948125 -11.493895625
v -1.14371625 0.672466875 -11.51616125
v -1.266585625 0.69198625 -11.303948125
v -1.215390625 0.6451075 -11.401779375
v -1.252820625 0.700176875 -11.460121875
v -1.205918125 0.660176875 -11.478270625
v -1.252820625 0.700176875 -11.460121875
v -1.205918125 0.660176875 -11.478270625
v -1.228105625 0.71995 -11.475746875
v -1.19062125 0.687948125 -11.493895625
v -1.296866875 0.7494925 -11.24369125
v -1.266585625 0.69198625 -11.303948125
v -1.281329375 0.755775 -11.44864
v -1.252820625 0.700176875 -11.460121875
v -1.281329375 0.755775 -11.44864
v -1.252820625 0.700176875 -11.460121875
v -1.250878125 0.764443125 -11.464265
v -1.228105625 0.71995 -11.475746875
v -1.215390625 0.6451075 -11.401779375
v -1.205918125 0.660176875 -11.478270625
v -1.122868125 0.624023125 -11.531625
v -1.297868125 0.799023125 -11.237875
v -1.296866875 0.7494925 -11.24369125
v -1.28674375 0.818410625 -11.44571
v -1.281329375 0.755775 -11.44864
v -1.271674375 0.882451875 -11.264994375
v -1.297868125 0.799023125 -11.237875
v -1.267556875 0.878485625 -11.452035
v -1.28674375 0.818410625 -11.44571
v -1.2301825 0.932555 -11.340911875
v -1.271674375 0.882451875 -11.264994375
v -1.22855125 0.9259475 -11.4659675
v -1.267556875 0.878485625 -11.452035
v -1.17655625 0.959955625 -11.42192875
v -1.2301825 0.932555 -11.340911875
v -1.175524375 0.95272625 -11.48545125
v -1.22855125 0.9259475 -11.4659675
v -1.199716875 0.949025 -11.404816875
v -1.175524375 0.95272625 -11.48545125
v -1.22855125 0.9259475 -11.4659675
v -1.166223125 0.9221275 -11.50107625
v -1.208625625 0.900675 -11.4815925
v -1.107273125 0.965435625 -11.48556625
v -1.17655625 0.959955625 -11.42192875
v -1.115766875 0.926390625 -11.524646875
v -1.166223125 0.9221275 -11.50107625
v -1.175524375 0.95272625 -11.48545125
v -1.107273125 0.965435625 -11.48556625
v -1.06857875 0.91181375 -11.547028125
v -1.115766875 0.926390625 -11.524646875
v -1.267556875 0.878485625 -11.452035
v -1.28674375 0.818410625 -11.44571
v -1.23982625 0.86267125 -11.46766
v -1.255185625 0.8145775 -11.461335
v -1.22855125 0.9259475 -11.4659675
v -1.267556875 0.878485625 -11.452035
v -1.208625625 0.900675 -11.4815925
v -1.23982625 0.86267125 -11.46766
v -1.28674375 0.818410625 -11.44571
v -1.281329375 0.755775 -11.44864
v -1.255185625 0.8145775 -11.461335
v -1.250878125 0.764443125 -11.464265
v -1.3625 0.5625 -10.89375
v -1.4125 0.31541875 -10.89375
v -1.297868125 0.799023125 -11.237875
v -1.28747625 0.28483875 -11.29825375
v -1.352553125 2.01318 -10.89417875
v -1.3625 0.5625 -10.89375
v -1.20802125 2.027323125 -11.186776875
v -1.297868125 0.799023125 -11.237875
v -1.215288125 1.32987375 -11.21579125
v -1.215288125 1.32987375 -11.21579125
v -1.06857875 0.91181375 -11.547028125
v -1.297868125 0.799023125 -11.237875
v -1.107273125 0.965435625 -11.48556625
v -1.17655625 0.959955625 -11.42192875
v -1.199716875 0.949025 -11.404816875
v -1.2301825 0.932555 -11.340911875
v -1.271674375 0.882451875 -11.264994375
v -1.20802125 2.027323125 -11.186776875
v -1.215288125 1.32987375 -11.21579125
v -0.87034125 2.03975375 -11.2778
v -0.87034125 1.324336875 -11.47687
v -0.989135 1.324336875 -11.454273125
v -1.07117875 2.848141875 -10.980716875
v -1.20802125 2.027323125 -11.186776875
v -0.80318125 2.87123625 -11.028343125
v -0.87034125 2.03975375 -11.2778
v -0.87034125 2.621653125 -11.090913125
v -1.246344375 2.799149375 -10.78792875
v -1.352553125 2.01318 -10.89417875
v -1.07117875 2.848141875 -10.980716875
v -1.20802125 2.027323125 -11.186776875
v -0.80318125 2.87123625 -11.028343125
v -0.87034125 2.621653125 -11.090913125
v -0.43515625 2.885388125 -11.066566875
v -0.45291625 2.621653125 -11.14210875
v -0.18992875 3.073141875 -10.855716875
v -0.62742875 3.010641875 -10.899466875
v -0.43515625 2.885388125 -11.066566875
v -1.07117875 2.848141875 -10.980716875
v -0.80318125 2.87123625 -11.028343125
v -0.194605625 3.166750625 -10.55625
v -0.6927025 3.091985 -10.55625
v -0.18992875 3.073141875 -10.855716875
v -0.62742875 3.010641875 -10.899466875
v -1.054925 3.094928125 -9.625
v -1.217304375 3.0011775 -9.625
v -1.054925 2.976178125 -10.55625
v -1.217304375 2.8574275 -10.55625
v -0.6927025 3.191985 -9.625
v -1.054925 3.094928125 -9.625
v -0.6927025 3.091985 -10.55625
v -1.054925 2.976178125 -10.55625
v -0.194605625 3.235500625 -9.625
v -0.6927025 3.191985 -9.625
v -0.194605625 3.166750625 -10.55625
v -0.6927025 3.091985 -10.55625
v -1.217304375 3.0168025 -9.0625
v -1.2934 2.917633125 -9.0625
v -1.217304375 3.0011775 -9.625
v -1.2934 2.917633125 -9.625
v -1.054925 3.1105525 -9.0625
v -1.217304375 3.0168025 -9.0625
v -1.054925 3.094928125 -9.625
v -1.217304375 3.0011775 -9.625
v -0.6927025 3.20761 -9.0625
v -1.054925 3.110553125 -9.0625
v -0.6927025 3.191985 -9.625
v -1.054925 3.094928125 -9.625
v -0.194605625 3.251188125 -9.0625
v -0.692703125 3.20761 -9.0625
v -0.194605625 3.235500625 -9.625
v -0.6927025 3.191985 -9.625
v -0.6927025 3.091985 -10.55625
v -1.054925 2.976178125 -10.55625
v -0.62742875 3.010641875 -10.899466875
v -1.07117875 2.848141875 -10.980716875
v -1.054925 2.976178125 -10.55625
v -1.217304375 2.8574275 -10.55625
v -1.07117875 2.848141875 -10.980716875
v -1.246344375 2.799149375 -10.78792875
v -1.217304375 2.8574275 -10.55625
v -1.33129125 2.773469375 -10.5625
v -1.246344375 2.799149375 -10.78792875
v -1.4125 0.31541875 -10.89375
v -1.4125 -0.1875 -10.89375
v -1.13125 0.2625 -11.59375
v -1.13125 -0.1125 -11.59375
v -1.28747625 0.28483875 -11.29825375
v -1.265695 -0.146685 -11.2746875
v -1.13125 0.2625 -11.59375
v -1.13125 -0.1125 -11.59375
v -0.705468125 0.270393125 -11.598848125
v -0.75625 -0.1125 -11.59375
v -1.13125 0.2625 -11.59375
v -0.64798625 0.4859025 -11.677761875
v -0.705468125 0.270393125 -11.598848125
v -0.64798625 0.4859025 -11.677761875
v -0.705468125 0.270393125 -11.598848125
v -0.578125 0.4404125 -11.280158125
v -0.578125 -0.134375 -11.21875
v -0.75625 -0.1125 -11.59375
v -0.705468125 0.270393125 -11.598848125
v -0.578125 -0.134375 -11.21875
v -1.265695 -0.146685 -11.2746875
v -0.578125 -0.134375 -11.21875
v -1.13125 -0.1125 -11.59375
v -0.75625 -0.1125 -11.59375
v -0.64798625 0.4859025 -11.677761875
v -0.328125 0.493513125 -11.697
v -0.578125 0.4404125 -11.280158125
v -1.4375 0.5625 -9.625
v -1.4375 -0.1875 -9.625
v -1.4375 0.5625 -10.625
v -1.4375 -0.1875 -10.625
v -1.4375 0.5625 -10.625
v -1.4375 -0.1875 -10.625
v -1.4125 -0.1875 -10.89375
v -1.4375 2.0625 -10.625
v -1.4375 0.5625 -10.625
v -1.352553125 2.01318 -10.89417875
v -1.3625 0.5625 -10.89375
v -1.4125 0.31541875 -10.89375
v -1.4375 2.0625 -9.625
v -1.4375 0.5625 -9.625
v -1.4375 2.0625 -10.625
v -1.4375 0.5625 -10.625
v -1.3314475 2.86804875 -9.625
v -1.4375 2.0625 -9.625
v -1.33129125 2.773469375 -10.5625
v -1.4375 2.0625 -10.625
v 0.87034125 1.324336875 -11.47687
v 0.72923625 0.8046525 -11.652761875
v 0.328125 1.3247875 -11.555158125
v 0.328125 0.703125 -11.70625
v 0.72923625 0.8046525 -11.652761875
v 0.64798625 0.4859025 -11.677761875
v 0.328125 0.703125 -11.70625
v 0.328125 0.493513125 -11.697
v 0.698568125 0.77582375 -11.66051
v 0.680728125 0.73029625 -11.665573125
v 0.679620625 0.69692625 -11.66647875
v 0.757654375 0.611720625 -11.649834375
v 0.693803125 0.65841875 -11.663899375
v 0.7219025 0.627875625 -11.657903125
v 1.122868125 0.624023125 -11.531625
v 1.13125 0.2625 -11.59375
v 0.757654375 0.611720625 -11.649834375
v 0.64798625 0.4859025 -11.677761875
v 0.798124375 0.60899625 -11.64039875
v 0.838875 0.62551625 -11.630525
v 0.805331875 0.60098375 -11.638825625
v 1.215288125 1.32987375 -11.21579125
v 0.989135 1.324336875 -11.454273125
v 0.8106375 0.816271875 -11.63339125
v 1.06857875 0.91181375 -11.547028125
v 1.094434375 0.676114375 -11.5391925
v 0.867453125 0.651676875 -11.62331875
v 1.051060625 0.69858 -11.5591125
v 0.88528125 0.690285625 -11.618391875
v 1.122868125 0.624023125 -11.531625
v 0.838875 0.62551625 -11.630525
v 1.14371625 0.672466875 -11.51616125
v 0.867453125 0.651676875 -11.62331875
v 1.094434375 0.676114375 -11.5391925
v 1.003419375 0.78499125 -11.579870625
v 0.873208125 0.769641875 -11.61954375
v 1.008571875 0.835750625 -11.576533125
v 0.84478625 0.80069 -11.625455
v 1.008571875 0.835750625 -11.576533125
v 0.84478625 0.80069 -11.625455
v 1.030390625 0.87892125 -11.565523125
v 0.8106375 0.816271875 -11.63339125
v 1.030390625 0.87892125 -11.565523125
v 0.8106375 0.816271875 -11.63339125
v 1.06857875 0.91181375 -11.547028125
v 1.051060625 0.69858 -11.5591125
v 0.88528125 0.690285625 -11.618391875
v 1.018590625 0.7375 -11.57362375
v 0.886744375 0.7316225 -11.61724875
v 1.018590625 0.7375 -11.57362375
v 0.886744375 0.7316225 -11.61724875
v 1.003419375 0.78499125 -11.579870625
v 0.873208125 0.769641875 -11.61954375
v 0.989135 1.324336875 -11.454273125
v 0.8106375 0.816271875 -11.63339125
v 0.87034125 1.324336875 -11.47687
v 0.72923625 0.8046525 -11.652761875
v 0.7679025 0.818621875 -11.64342625
v 0.873208125 0.769641875 -11.61954375
v 0.84478625 0.80069 -11.625455
v 0.8106375 0.816271875 -11.63339125
v 0.7679025 0.818621875 -11.64342625
v 0.72923625 0.8046525 -11.652761875
v 0.698568125 0.77582375 -11.66051
v 0.680728125 0.73029625 -11.665573125
v 0.679620625 0.69692625 -11.66647875
v 0.693803125 0.65841875 -11.663899375
v 0.7219025 0.627875625 -11.657903125
v 0.757654375 0.611720625 -11.649834375
v 0.798124375 0.60899625 -11.64039875
v 0.838875 0.62551625 -11.630525
v 0.867453125 0.651676875 -11.62331875
v 0.88528125 0.690285625 -11.618391875
v 0.886744375 0.7316225 -11.61724875
v 0.724505625 0.6319125 -11.55763875
v 0.76056 0.6151 -11.55763875
v 0.697628125 0.661243125 -11.55763875
v 0.684021875 0.698626875 -11.55763875
v 0.6857575 0.73837125 -11.55763875
v 0.731900625 0.801303125 -11.55763875
v 0.70257 0.77442625 -11.55763875
v 0.80902875 0.81317375 -11.55763875
v 0.76928375 0.814909375 -11.55763875
v 0.84508375 0.79636125 -11.55763875
v 0.871960625 0.767030625 -11.55763875
v 0.885566875 0.7296475 -11.55763875
v 0.88383125 0.6899025 -11.55763875
v 0.86701875 0.653848125 -11.55763875
v 0.837688125 0.62697125 -11.55763875
v 0.800305 0.613364375 -11.55763875
v 0.859619375 0.6443575 -11.6252975
v 0.724505625 0.6319125 -11.55763875
v 0.76056 0.6151 -11.55763875
v 0.784794375 0.714136875 -11.55763875
v 0.697628125 0.661243125 -11.55763875
v 0.684021875 0.698626875 -11.55763875
v 0.6857575 0.73837125 -11.55763875
v 0.731900625 0.801303125 -11.55763875
v 0.70257 0.77442625 -11.55763875
v 0.80902875 0.81317375 -11.55763875
v 0.76928375 0.814909375 -11.55763875
v 0.84508375 0.79636125 -11.55763875
v 0.871960625 0.767030625 -11.55763875
v 0.885566875 0.7296475 -11.55763875
v 0.88383125 0.6899025 -11.55763875
v 0.86701875 0.653848125 -11.55763875
v 0.837688125 0.62697125 -11.55763875
v 0.800305 0.613364375 -11.55763875
v 1.23982625 0.86267125 -11.46766
v 1.208625625 0.900675 -11.4815925
v 1.166223125 0.9221275 -11.50107625
v 1.115766875 0.926390625 -11.524646875
v 1.06857875 0.91181375 -11.547028125
v 1.030390625 0.87892125 -11.565523125
v 1.008571875 0.835750625 -11.576533125
v 1.003419375 0.78499125 -11.579870625
v 1.018590625 0.7375 -11.57362375
v 1.051060625 0.69858 -11.5591125
v 1.094434375 0.676114375 -11.5391925
v 1.14371625 0.672466875 -11.51616125
v 1.19062125 0.687948125 -11.493895625
v 1.228105625 0.71995 -11.475746875
v 1.250878125 0.764443125 -11.464265
v 1.255185625 0.8145775 -11.461335
v 1.164559375 0.912574375 -11.38263875
v 1.118735625 0.916583125 -11.38263875
v 1.074865625 0.90275125 -11.38263875
v 1.03962875 0.87318375 -11.38263875
v 1.018389375 0.832383125 -11.38263875
v 1.01438 0.786559375 -11.38263875
v 1.028211875 0.74269 -11.38263875
v 1.05778 0.707453125 -11.38263875
v 1.09858 0.68621375 -11.38263875
v 1.14440375 0.682204375 -11.38263875
v 1.18827375 0.69603625 -11.38263875
v 1.223510625 0.72560375 -11.38263875
v 1.24475 0.766404375 -11.38263875
v 1.248759375 0.812228125 -11.38263875
v 1.2349275 0.8560975 -11.38263875
v 1.205359375 0.891335 -11.38263875
v 1.164559375 0.912574375 -11.38263875
v 1.118735625 0.916583125 -11.38263875
v 1.131569375 0.79939375 -11.38263875
v 1.074865625 0.90275125 -11.38263875
v 1.03962875 0.87318375 -11.38263875
v 1.018389375 0.832383125 -11.38263875
v 1.01438 0.786559375 -11.38263875
v 1.028211875 0.74269 -11.38263875
v 1.05778 0.707453125 -11.38263875
v 1.09858 0.68621375 -11.38263875
v 1.14440375 0.682204375 -11.38263875
v 1.18827375 0.69603625 -11.38263875
v 1.223510625 0.72560375 -11.38263875
v 1.24475 0.766404375 -11.38263875
v 1.248759375 0.812228125 -11.38263875
v 1.2349275 0.8560975 -11.38263875
v 1.205359375 0.891335 -11.38263875
v 1.28747625 0.28483875 -11.29825375
v 1.122868125 0.624023125 -11.531625
v 1.13125 0.2625 -11.59375
v 1.215390625 0.6451075 -11.401779375
v 1.296866875 0.7494925 -11.24369125
v 1.266585625 0.69198625 -11.303948125
v 1.205918125 0.660176875 -11.478270625
v 1.122868125 0.624023125 -11.531625
v 1.19062125 0.687948125 -11.493895625
v 1.14371625 0.672466875 -11.51616125
v 1.266585625 0.69198625 -11.303948125
v 1.215390625 0.6451075 -11.401779375
v 1.252820625 0.700176875 -11.460121875
v 1.205918125 0.660176875 -11.478270625
v 1.252820625 0.700176875 -11.460121875
v 1.205918125 0.660176875 -11.478270625
v 1.228105625 0.71995 -11.475746875
v 1.19062125 0.687948125 -11.493895625
v 1.296866875 0.7494925 -11.24369125
v 1.266585625 0.69198625 -11.303948125
v 1.281329375 0.755775 -11.44864
v 1.252820625 0.700176875 -11.460121875
v 1.281329375 0.755775 -11.44864
v 1.252820625 0.700176875 -11.460121875
v 1.250878125 0.764443125 -11.464265
v 1.228105625 0.71995 -11.475746875
v 1.215390625 0.6451075 -11.401779375
v 1.205918125 0.660176875 -11.478270625
v 1.122868125 0.624023125 -11.531625
v 1.297868125 0.799023125 -11.237875
v 1.296866875 0.7494925 -11.24369125
v 1.28674375 0.818410625 -11.44571
v 1.281329375 0.755775 -11.44864
v 1.271674375 0.882451875 -11.264994375
v 1.297868125 0.799023125 -11.237875
v 1.267556875 0.878485625 -11.452035
v 1.28674375 0.818410625 -11.44571
v 1.2301825 0.932555 -11.340911875
v 1.271674375 0.882451875 -11.264994375
v 1.22855125 0.9259475 -11.4659675
v 1.267556875 0.878485625 -11.452035
v 1.17655625 0.959955625 -11.42192875
v 1.2301825 0.932555 -11.340911875
v 1.175524375 0.95272625 -11.48545125
v 1.22855125 0.9259475 -11.4659675
v 1.199716875 0.949025 -11.404816875
v 1.175524375 0.95272625 -11.48545125
v 1.22855125 0.9259475 -11.4659675
v 1.166223125 0.9221275 -11.50107625
v 1.208625625 0.900675 -11.4815925
v 1.107273125 0.965435625 -11.48556625
v 1.17655625 0.959955625 -11.42192875
v 1.115766875 0.926390625 -11.524646875
v 1.166223125 0.9221275 -11.50107625
v 1.175524375 0.95272625 -11.48545125
v 1.107273125 0.965435625 -11.48556625
v 1.06857875 0.91181375 -11.547028125
v 1.115766875 0.926390625 -11.524646875
v 1.267556875 0.878485625 -11.452035
v 1.28674375 0.818410625 -11.44571
v 1.23982625 0.86267125 -11.46766
v 1.255185625 0.8145775 -11.461335
v 1.22855125 0.9259475 -11.4659675
v 1.267556875 0.878485625 -11.452035
v 1.208625625 0.900675 -11.4815925
v 1.23982625 0.86267125 -11.46766
v 1.28674375 0.818410625 -11.44571
v 1.281329375 0.755775 -11.44864
v 1.255185625 0.8145775 -11.461335
v 1.250878125 0.764443125 -11.464265
v 1.3625 0.5625 -10.89375
v 1.4125 0.31541875 -10.89375
v 1.297868125 0.799023125 -11.237875
v 1.28747625 0.28483875 -11.29825375
v 1.352553125 2.01318 -10.89417875
v 1.3625 0.5625 -10.89375
v 1.20802125 2.027323125 -11.186776875
v 1.297868125 0.799023125 -11.237875
v 1.215288125 1.32987375 -11.21579125
v 1.215288125 1.32987375 -11.21579125
v 1.06857875 0.91181375 -11.547028125
v 1.297868125 0.799023125 -11.237875
v 1.107273125 0.965435625 -11.48556625
v 1.17655625 0.959955625 -11.42192875
v 1.199716875 0.949025 -11.404816875
v 1.2301825 0.932555 -11.340911875
v 1.271674375 0.882451875 -11.264994375
v 1.20802125 2.027323125 -11.186776875
v 1.215288125 1.32987375 -11.21579125
v 0.87034125 2.03975375 -11.2778
v 0.87034125 1.324336875 -11.47687
v 0.989135 1.324336875 -11.454273125
v 1.07117875 2.848141875 -10.980716875
v 1.20802125 2.027323125 -11.186776875
v 0.87034125 2.03975375 -11.2778
v 0.87034125 2.621653125 -11.090913125
v 1.246344375 2.799149375 -10.78792875
v 1.352553125 2.01318 -10.89417875
v 1.07117875 2.848141875 -10.980716875
v 1.20802125 2.027323125 -11.186776875
v 0.80318125 2.87123625 -11.028343125
v 0.87034125 2.621653125 -11.090913125
v 0.43515625 2.885388125 -11.066566875
v 0.45291625 2.621653125 -11.14210875
v 0.18992875 3.073141875 -10.855716875
v 0.62742875 3.010641875 -10.899466875
v 0.43515625 2.885388125 -11.066566875
v 1.07117875 2.848141875 -10.980716875
v 0.80318125 2.87123625 -11.028343125
v 0.194605625 3.166750625 -10.55625
v 0.6927025 3.091985 -10.55625
v 0.18992875 3.073141875 -10.855716875
v 0.62742875 3.010641875 -10.899466875
v 1.054925 3.094928125 -9.625
v 1.217304375 3.0011775 -9.625
v 1.054925 2.976178125 -10.55625
v 1.217304375 2.8574275 -10.55625
v 0.6927025 3.191985 -9.625
v 1.054925 3.094928125 -9.625
v 0.6927025 3.091985 -10.55625
v 1.054925 2.976178125 -10.55625
v 0.194605625 3.235500625 -9.625
v 0.6927025 3.191985 -9.625
v 0.194605625 3.166750625 -10.55625
v 0.6927025 3.091985 -10.55625
v 1.217304375 3.0168025 -9.0625
v 1.2934 2.917633125 -9.0625
v 1.217304375 3.0011775 -9.625
v 1.2934 2.917633125 -9.625
v 1.054925 3.1105525 -9.0625
v 1.217304375 3.0168025 -9.0625
v 1.054925 3.094928125 -9.625
v 1.217304375 3.0011775 -9.625
v 0.6927025 3.20761 -9.0625
v 1.054925 3.110553125 -9.0625
v 0.6927025 3.191985 -9.625
v 1.054925 3.094928125 -9.625
v 0.194605625 3.251188125 -9.0625
v 0.692703125 3.20761 -9.0625
v 0.194605625 3.235500625 -9.625
v 0.6927025 3.191985 -9.625
v 0.6927025 3.091985 -10.55625
v 1.054925 2.976178125 -10.55625
v 0.62742875 3.010641875 -10.899466875
v 1.07117875 2.848141875 -10.980716875
v 1.054925 2.976178125 -10.55625
v 1.217304375 2.8574275 -10.55625
v 1.07117875 2.848141875 -10.980716875
v 1.246344375 2.799149375 -10.78792875
v 1.217304375 2.8574275 -10.55625
v 1.33129125 2.773469375 -10.5625
v 1.246344375 2.799149375 -10.78792875
v 1.4125 0.31541875 -10.89375
v 1.4125 -0.1875 -10.89375
v 1.13125 0.2625 -11.59375
v 1.13125 -0.1125 -11.59375
v 1.28747625 0.28483875 -11.29825375
v 1.265695 -0.146685 -11.2746875
v 0.640625 -0.078125 -11.765625
v 0.640625 -0.078125 -11.796875
v 0.640625 -0.109375 -11.765625
v 0.640625 -0.109375 -11.796875
v 1.203125 -0.078125 -11.765625
v 1.203125 -0.078125 -11.796875
v 1.203125 -0.109375 -11.765625
v 1.203125 -0.109375 -11.796875
v 0.921875 0.073223125 -11.671875
v 0.921875 0.073223125 -11.171875
v 0.870098125 -0.051776875 -11.671875
v 0.870098125 -0.051776875 -11.171875
v 0.796875 0.021446875 -11.671875
v 0.796875 0.021446875 -11.171875
v 0.796875 0.125 -11.671875
v 0.796875 0.125 -11.171875
v 0.870098125 0.198223125 -11.671875
v 0.870098125 0.198223125 -11.171875
v 0.973651875 0.198223125 -11.671875
v 0.973651875 0.198223125 -11.171875
v 1.046875 0.125 -11.671875
v 1.046875 0.125 -11.171875
v 1.046875 0.021446875 -11.671875
v 1.046875 0.021446875 -11.171875
v 0.973651875 -0.051776875 -11.671875
v 0.973651875 -0.051776875 -11.171875
v 0.640625 0.25 -11.671875
v 0.640625 0.25 -11.765625
v 0.640625 -0.109375 -11.671875
v 0.640625 -0.109375 -11.765625
v 1.203125 0.25 -11.671875
v 1.203125 0.25 -11.765625
v 1.203125 -0.109375 -11.671875
v 1.203125 -0.109375 -11.765625
v 0.640625 0.03125 -11.765625
v 0.640625 0.03125 -11.796875
v 0.640625 0 -11.765625
v 0.640625 0 -11.796875
v 1.203125 0.03125 -11.765625
v 1.203125 0.03125 -11.796875
v 1.203125 0 -11.765625
v 1.203125 0 -11.796875
v 0.640625 0.140625 -11.765625
v 0.640625 0.140625 -11.796875
v 0.640625 0.109375 -11.765625
v 0.640625 0.109375 -11.796875
v 1.203125 0.140625 -11.765625
v 1.203125 0.140625 -11.796875
v 1.203125 0.109375 -11.765625
v 1.203125 0.109375 -11.796875
v 0.640625 0.25 -11.765625
v 0.640625 0.25 -11.796875
v 0.640625 0.21875 -11.765625
v 0.640625 0.21875 -11.796875
v 1.203125 0.25 -11.765625
v 1.203125 0.25 -11.796875
v 1.203125 0.21875 -11.765625
v 1.203125 0.21875 -11.796875
v 1.13125 0.2625 -11.59375
v 1.13125 -0.1125 -11.59375
v 0.705468125 0.270393125 -11.598848125
v 0.75625 -0.1125 -11.59375
v 1.13125 0.2625 -11.59375
v 0.64798625 0.4859025 -11.677761875
v 0.705468125 0.270393125 -11.598848125
v 0.64798625 0.4859025 -11.677761875
v 0.705468125 0.270393125 -11.598848125
v 0.578125 0.4404125 -11.280158125
v 0.578125 -0.134375 -11.21875
v 0.75625 -0.1125 -11.59375
v 0.705468125 0.270393125 -11.598848125
v 0.578125 -0.134375 -11.21875
v 1.265695 -0.146685 -11.2746875
v 0.578125 -0.134375 -11.21875
v 1.13125 -0.1125 -11.59375
v 0.75625 -0.1125 -11.59375
v 0.64798625 0.4859025 -11.677761875
v 0.328125 0.493513125 -11.697
v 0.578125 0.4404125 -11.280158125
v 1.4375 0.5625 -9.625
v 1.4375 -0.1875 -9.625
v 1.4375 0.5625 -10.625
v 1.4375 -0.1875 -10.625
v 1.4375 0.5625 -10.625
v 1.4375 -0.1875 -10.625
v 1.4125 -0.1875 -10.89375
v 1.4375 2.0625 -10.625
v 1.4375 0.5625 -10.625
v 1.352553125 2.01318 -10.89417875
v 1.3625 0.5625 -10.89375
v 1.4125 0.31541875 -10.89375
v 1.4375 2.0625 -9.625
v 1.4375 0.5625 -9.625
v 1.4375 2.0625 -10.625
v 1.4375 0.5625 -10.625
v 1.3314475 2.86804875 -9.625
v 1.4375 2.0625 -9.625
v 1.33129125 2.773469375 -10.5625
v 1.4375 2.0625 -10.625
v 0.328125 0.493513125 -11.697
v 0.328125 0.703125 -11.70625
v 0.578125 -0.134375 -11.21875
v 0.578125 0.4872875 -11.280158125
v 0.578125 0.4404125 -11.280158125
v 0.328125 0.493513125 -11.697
v 0.328125 0.703125 -11.70625
v 0.328125 1.3247875 -11.555158125
v -0.328125 0.493513125 -11.697
v -0.328125 0.703125 -11.70625
v -0.578125 -0.134375 -11.21875
v -0.578125 0.4872875 -11.280158125
v -0.578125 0.4404125 -11.280158125
v -0.328125 1.3247875 -11.555158125
v 0.18992875 3.073141875 -10.855716875
v -0.18992875 3.073141875 -10.855716875
v 0.43515625 2.885388125 -11.066566875
v -0.43515625 2.885388125 -11.066566875
v 0.194605625 3.235500625 -9.625
v -0.194605625 3.235500625 -9.625
v 0.194605625 3.166750625 -10.55625
v -0.194605625 3.16675 -10.55625
v 0.194605625 3.2511875 -9.0625
v -0.194605 3.251125 -9.0625
v 0.194605625 3.235500625 -9.625
v -0.194605625 3.2355 -9.625
v 0.194605625 3.166750625 -10.55625
v -0.194605625 3.166750625 -10.55625
v 0.18992875 3.073141875 -10.855716875
v -0.18992875 3.073141875 -10.855716875
v -0.109375 0.078125 -11.89201375
v -0.109375 0.078125 -11.76701375
v -0.090726875 0.171875 -11.89201375
v -0.05627 0.1576025 -11.89201375
v -0.0298975 0.13123 -11.89201375
v -0.015625 0.096773125 -11.89201375
v -0.015625 0.059476875 -11.89201375
v -0.0298975 0.02502 -11.89201375
v -0.05627 -0.0013525 -11.89201375
v -0.090726875 -0.015625 -11.89201375
v -0.128023125 -0.015625 -11.89201375
v -0.16248 -0.0013525 -11.89201375
v -0.1888525 0.02502 -11.89201375
v -0.203125 0.059476875 -11.89201375
v -0.203125 0.096773125 -11.89201375
v -0.1888525 0.13123 -11.89201375
v -0.16248 0.1576025 -11.89201375
v -0.128023125 0.171875 -11.89201375
v 0.109375 0.078125 -11.890625
v 0.109375 0.078125 -12.015625
v 0.128023125 0.171875 -11.890625
v 0.16248 0.1576025 -11.890625
v 0.1888525 0.13123 -11.890625
v 0.203125 0.096773125 -11.890625
v 0.203125 0.059476875 -11.890625
v 0.1888525 0.02502 -11.890625
v 0.16248 -0.0013525 -11.890625
v 0.128023125 -0.015625 -11.890625
v 0.090726875 -0.015625 -11.890625
v 0.05627 -0.0013525 -11.890625
v 0.0298975 0.02502 -11.890625
v 0.015625 0.059476875 -11.890625
v 0.015625 0.096773125 -11.890625
v 0.0298975 0.13123 -11.890625
v 0.05627 0.1576025 -11.890625
v 0.090726875 0.171875 -11.890625
v 0.43515625 2.885388125 -11.066566875
v 0.45291625 2.621653125 -11.14210875
v -0.43515625 2.885388125 -11.066566875
v -0.45291625 2.621653125 -11.14210875
v 0.02195 2.85992 -11.07386125
v -0.02226875 2.85992 -11.07386125
v -0.063586875 2.842885625 -11.078740625
v -0.0933075 2.8128025 -11.0873575
v -0.10998 2.77184625 -11.09908875
v -0.109255 2.728353125 -11.11154625
v -0.0925825 2.68848375 -11.12296625
v -0.0625 2.65803875 -11.131686875
v -0.024080625 2.64100375 -11.13656625
v 0.021225 2.64100375 -11.13656625
v 0.06254375 2.65731375 -11.131894375
v 0.09371375 2.68957125 -11.122655
v 0.10966125 2.7298025 -11.11113125
v 0.10857375 2.77112125 -11.09929625
v 0.09335125 2.81099 -11.08787625
v 0.06218125 2.842160625 -11.078948125
v -0.02226875 2.85992 -11.07386125
v -0.00534125 2.885388125 -11.066566875
v 0 2.75 -11.06125
v 0.021225 2.64100375 -11.13656625
v 0.02175625 2.640625 -11.06125
v 0.06254375 2.65731375 -11.131894375
v 0.06195625 2.65727625 -11.06125
v 0.09371375 2.68957125 -11.122655
v 0.09272375 2.68804375 -11.06125
v 0.10966125 2.7298025 -11.11113125
v 0.109375 2.72824375 -11.06125
v 0.10857375 2.77112125 -11.09929625
v 0.109375 2.77175625 -11.06125
v 0.09335125 2.81099 -11.08787625
v 0.09272375 2.81195625 -11.06125
v 0.06218125 2.842160625 -11.078948125
v 0.06195625 2.84272375 -11.06125
v 0.02195 2.85992 -11.07386125
v 0.02175625 2.859375 -11.06125
v -0.02226875 2.85992 -11.07386125
v -0.02175625 2.859375 -11.06125
v -0.063586875 2.842885625 -11.078740625
v -0.06195625 2.84272375 -11.06125
v -0.0933075 2.8128025 -11.0873575
v -0.09272375 2.81195625 -11.06125
v -0.10998 2.77184625 -11.09908875
v -0.109375 2.77175625 -11.06125
v -0.109255 2.728353125 -11.11154625
v -0.109375 2.72824375 -11.06125
v -0.0925825 2.68848375 -11.12296625
v -0.09272375 2.68804375 -11.06125
v -0.0625 2.65803875 -11.131686875
v -0.06195625 2.65727625 -11.06125
v -0.024080625 2.64100375 -11.13656625
v -0.02175625 2.640625 -11.06125
v 0.87034125 2.621653125 -11.028413125
v 0.87034125 2.371653125 -11.028413125
v 0.87034125 2.371653125 -11.172163125
v -0.87034125 2.621653125 -11.028413125
v -0.87034125 2.371653125 -11.028413125
v -0.87034125 2.371653125 -11.172163125
v -0.87034125 2.621653125 -11.090913125
v 0.87034125 2.621653125 -11.090913125
v 0.45291625 2.621653125 -11.14210875
v -0.45291625 2.621653125 -11.14210875
v 0.87034125 2.371653125 -11.028413125
v 0.87034125 2.371653125 -11.172163125
v -0.87034125 2.371653125 -11.028413125
v -0.87034125 2.371653125 -11.172163125
v -1.4375 0.5625 -10.625
v -1.3625 0.5625 -10.89375
v -1.4125 0.31541875 -10.89375
v 1.33129125 2.773469375 -10.5625
v 1.4375 2.0625 -10.625
v 1.246344375 2.799149375 -10.78792875
v 1.352553125 2.01318 -10.89417875
v -0.640625 -0.078125 -11.765625
v -0.640625 -0.078125 -11.796875
v -0.640625 -0.109375 -11.765625
v -0.640625 -0.109375 -11.796875
v -1.203125 -0.078125 -11.765625
v -1.203125 -0.078125 -11.796875
v -1.203125 -0.109375 -11.765625
v -1.203125 -0.109375 -11.796875
v -0.921875 0.073223125 -11.671875
v -0.921875 0.073223125 -11.171875
v -0.870098125 -0.051776875 -11.671875
v -0.870098125 -0.051776875 -11.171875
v -0.796875 0.021446875 -11.671875
v -0.796875 0.021446875 -11.171875
v -0.796875 0.125 -11.671875
v -0.796875 0.125 -11.171875
v -0.870098125 0.198223125 -11.671875
v -0.870098125 0.198223125 -11.171875
v -0.973651875 0.198223125 -11.671875
v -0.973651875 0.198223125 -11.171875
v -1.046875 0.125 -11.671875
v -1.046875 0.125 -11.171875
v -1.046875 0.021446875 -11.671875
v -1.046875 0.021446875 -11.171875
v -0.973651875 -0.051776875 -11.671875
v -0.973651875 -0.051776875 -11.171875
v -0.640625 0.25 -11.671875
v -0.640625 0.25 -11.765625
v -0.640625 -0.109375 -11.671875
v -0.640625 -0.109375 -11.765625
v -1.203125 0.25 -11.671875
v -1.203125 0.25 -11.765625
v -1.203125 -0.109375 -11.671875
v -1.203125 -0.109375 -11.765625
v -0.640625 0.03125 -11.765625
v -0.640625 0.03125 -11.796875
v -0.640625 0 -11.765625
v -0.640625 0 -11.796875
v -1.203125 0.03125 -11.765625
v -1.203125 0.03125 -11.796875
v -1.203125 0 -11.765625
v -1.203125 0 -11.796875
v -0.640625 0.140625 -11.765625
v -0.640625 0.140625 -11.796875
v -0.640625 0.109375 -11.765625
v -0.640625 0.109375 -11.796875
v -1.203125 0.140625 -11.765625
v -1.203125 0.140625 -11.796875
v -1.203125 0.109375 -11.765625
v -1.203125 0.109375 -11.796875
v -0.640625 0.25 -11.765625
v -0.640625 0.25 -11.796875
v -0.640625 0.21875 -11.765625
v -0.640625 0.21875 -11.796875
v -1.203125 0.25 -11.765625
v -1.203125 0.25 -11.796875
v -1.203125 0.21875 -11.765625
v -1.203125 0.21875 -11.796875
v -0.016339375 1.30391875 -11.580535
v -0.01625 1.264634375 -11.5860275
v -0.018031875 1.299079375 -11.541431875
v -0.017943125 1.25979625 -11.546924375
v 0.04611625 1.30511 -11.57941625
v 0.046205 1.265826875 -11.584908125
v 0.04442375 1.30027125 -11.5403125
v 0.0445125 1.260988125 -11.545805
v 0.455406875 1.8560075 -11.396035
v -0.016339375 1.30391875 -11.580535
v 0.47099625 1.856435 -11.395815625
v -0.002105 1.30419 -11.58028
v 0.50841 1.857460625 -11.39528625
v 0.029583125 1.304794375 -11.579713125
v 0.517763125 1.8577175 -11.395154375
v 0.04611625 1.30511 -11.57941625
v 0.50841 1.857460625 -11.39528625
v 0.029583125 1.304794375 -11.579713125
v 0.517763125 1.8577175 -11.395154375
v 0.04611625 1.30511 -11.57941625
v 0.455406875 1.8560075 -11.396035
v -0.016339375 1.30391875 -11.580535
v 0.47099625 1.856435 -11.395815625
v -0.002105 1.30419 -11.58028
v 0.456905625 1.89384125 -11.38374375
v 0.455406875 1.8560075 -11.396035
v 0.519261875 1.89555125 -11.38286375
v 0.517763125 1.8577175 -11.395154375
v 0.49807125 1.516699375 -11.506035
v 0.50841 1.857460625 -11.39528625
v 0.479364375 1.51618625 -11.50629875
v 0.47099625 1.856435 -11.395815625
v 0.48583 2.31069875 -11.248194375
v 0.472495 1.89426875 -11.383524375
v 0.50453625 2.31121125 -11.24793
v 0.509908125 1.895294375 -11.382995
v 0.456905625 1.89384125 -11.38374375
v 0.455406875 1.8560075 -11.396035
v 0.519261875 1.89555125 -11.38286375
v 0.517763125 1.8577175 -11.395154375
v 0.49807125 1.516699375 -11.506035
v 0.50841 1.857460625 -11.39528625
v 0.479364375 1.51618625 -11.50629875
v 0.47099625 1.856435 -11.395815625
v -0.016339375 1.30391875 -11.580535
v -0.01625 1.264634375 -11.5860275
v 0.04611625 1.30511 -11.57941625
v 0.046205 1.265826875 -11.584908125
v -0.002105 1.30419 -11.58028
v 0.029583125 1.304794375 -11.579713125
v -1.33129125 2.773469375 -10.5625
v -1.4375 2.0625 -10.625
v -1.246344375 2.799149375 -10.78792875
v -1.352553125 2.01318 -10.89417875
v 1.4375 0.5625 -10.625
v 1.3625 0.5625 -10.89375
v 1.4125 0.31541875 -10.89375
v -1.217304375 3.0011775 -9.625
v -1.3314475 2.86804875 -9.625
v -1.217304375 2.8574275 -10.55625
v -1.33129125 2.773469375 -10.5625
v 1.217304375 3.0011775 -9.625
v 1.3314475 2.86804875 -9.625
v 1.217304375 2.8574275 -10.55625
v 1.33129125 2.773469375 -10.5625
v 0.48583 2.31069875 -11.248194375
v 0.472495 1.89426875 -11.383524375
v 0.50453625 2.31121125 -11.24793
v 0.509908125 1.895294375 -11.382995
v 1.375 0.25 -10.875
v -1.375 0.25 -10.875
v 1.375 0.25 -10.875
v -1.375 0.25 -10.875
v 1.375 0.25 -9.625
v -1.375 0.25 -9.625
v 1.375 0.25 -9.625
v -1.375 0.25 -9.625
vt 0.18571428571428572 0.35
vt 0.15714285714285714 0.35
vt 0.15714285714285714 0.3214285714285714
vt 0.18571428571428572 0.3214285714285714
vt 0.32142857142857145 0.15714285714285714
vt 0.32142857142857145 0.18571428571428572
vt 0.29285714285714287 0.18571428571428572
vt 0.29285714285714287 0.15714285714285714
vt 0.5071428571428571 0.2142857142857143
vt 0.5642857142857143 0.2142857142857143
vt 0.5642857142857143 0.24285714285714288
vt 0.5071428571428571 0.24285714285714288
vt 0.6285714285714286 0.2142857142857143
vt 0.6285714285714286 0.24285714285714288
vt 0.5714285714285714 0.24285714285714288
vt 0.5714285714285714 0.2142857142857143
vt 0.7714285714285715 0.20714285714285718
vt 0.7714285714285715 0.23571428571428577
vt 0.7142857142857143 0.23571428571428577
vt 0.7142857142857143 0.20714285714285718
vt 0.05714285714285714 0.22857142857142854
vt 0 0.22857142857142854
vt 0 0.19999999999999996
vt 0.05714285714285714 0.19999999999999996
vt 0.38571428571428573 0.47857142857142854
vt 0.35714285714285715 0.47857142857142854
vt 0.35714285714285715 0.4357142857142857
vt 0.38571428571428573 0.4357142857142857
vt 0.8142857142857143 0.4285714285714286
vt 0.8142857142857143 0.4714285714285714
vt 0.7857142857142857 0.4714285714285714
vt 0.7857142857142857 0.4285714285714286
vt 0.44285714285714284 0.19999999999999996
vt 0.4928571428571429 0.19999999999999996
vt 0.4928571428571429 0.22857142857142854
vt 0.44285714285714284 0.22857142857142854
vt 0.6857142857142857 0.19285714285714284
vt 0.6857142857142857 0.22142857142857142
vt 0.6357142857142857 0.22142857142857142
vt 0.6357142857142857 0.19285714285714284
vt 0.7857142857142857 0.34285714285714286
vt 0.7857142857142857 0.3857142857142857
vt 0.7357142857142858 0.3857142857142857
vt 0.7357142857142858 0.34285714285714286
vt 0.7857142857142857 0.33571428571428574
vt 0.7357142857142858 0.33571428571428574
vt 0.7357142857142858 0.2928571428571428
vt 0.7857142857142857 0.2928571428571428
vt 0.3931615 0.1071428571428571
vt 0.3976907142857143 0.0962088571428571
vt 0.40862421428571427 0.1071428571428571
vt 0.8785714285714286 0.4571428571428572
vt 0.8785714285714286 0.4714285714285714
vt 0.8214285714285714 0.4714285714285714
vt 0.8214285714285714 0.4571428571428572
vt 0.22221157142857142 0.23453735714285706
vt 0.23314557142857142 0.23906649999999996
vt 0.22221157142857142 0.25
vt 0.8976902142857143 0.26428571428571423
vt 0.8931614999999999 0.2533522142857142
vt 0.9086242142857143 0.2533522142857142
vt 0.8642857142857143 0.17142857142857137
vt 0.8642857142857143 0.18571428571428572
vt 0.8071428571428572 0.18571428571428572
vt 0.8071428571428572 0.17142857142857137
vt 0.8755240714285714 0.09620935714285705
vt 0.8800527857142857 0.1071428571428571
vt 0.8645900714285714 0.1071428571428571
vt 0.4331455714285714 0.1071428571428571
vt 0.4222115714285714 0.10261371428571431
vt 0.4331455714285714 0.09168021428571427
vt 0.8785714285714286 0.4357142857142857
vt 0.8785714285714286 0.44999999999999996
vt 0.8214285714285714 0.44999999999999996
vt 0.8214285714285714 0.4357142857142857
vt 0.6514813571428572 0.23192314285714288
vt 0.6469521428571429 0.24285714285714288
vt 0.6360186428571428 0.23192314285714288
vt 0.9045739285714286 0.10261421428571427
vt 0.8936403571428572 0.1071428571428571
vt 0.8936403571428572 0.09168021428571427
vt 0.7714285714285715 0.19999999999999996
vt 0.7571428571428571 0.19999999999999996
vt 0.7571428571428571 0.1428571428571429
vt 0.7714285714285715 0.1428571428571429
vt 0.16885964285714286 0.09547135714285715
vt 0.15792607142857143 0.09999999999999998
vt 0.15792607142857143 0.08453735714285715
vt 0.3300527857142857 0.0962088571428571
vt 0.32552357142857147 0.1071428571428571
vt 0.3145900714285714 0.0962088571428571
vt 0.8285714285714286 0.9571428571428572
vt 0.8285714285714286 0.9428571428571428
vt 0.8857142857142857 0.9428571428571428
vt 0.8857142857142857 0.9571428571428572
vt 0.5045741428571429 0.1071428571428571
vt 0.4936401428571429 0.10261371428571431
vt 0.5045741428571429 0.09168021428571427
vt 0.9112383571428572 0.9890665
vt 0.9157670714285715 1
vt 0.9003043571428572 1
vt 0.8214285714285714 0.9785714285714285
vt 0.8214285714285714 0.9642857142857143
vt 0.8785714285714286 0.9642857142857143
vt 0.8785714285714286 0.9785714285714285
vt 0.7548330714285715 0.1071428571428571
vt 0.7503043571428571 0.09620935714285705
vt 0.7657670714285715 0.09620935714285705
vt 0.8936401428571429 0.5988230714285714
vt 0.9045741428571428 0.6033522142857143
vt 0.8936401428571429 0.6142857142857143
vt 0.8285714285714286 0.9357142857142857
vt 0.8285714285714286 0.9214285714285715
vt 0.8857142857142857 0.9214285714285715
vt 0.8857142857142857 0.9357142857142857
vt 0.8931614999999999 0.5857142857142856
vt 0.8976907142857142 0.5747802857142856
vt 0.9086242142857143 0.5857142857142856
vt 0.8222117857142858 0.0962088571428571
vt 0.8331453571428571 0.09168021428571427
vt 0.8331453571428571 0.1071428571428571
vt 0.4785714285714286 0.13571428571428568
vt 0.4928571428571429 0.13571428571428568
vt 0.4928571428571429 0.19285714285714284
vt 0.4785714285714286 0.19285714285714284
vt 0.8436403571428571 0.0962088571428571
vt 0.8545739285714286 0.09168021428571427
vt 0.8545739285714286 0.1071428571428571
vt 0.5857142857142857 0.16428571428571426
vt 0.5714285714285714 0.16428571428571426
vt 0.5714285714285714 0.12142857142857144
vt 0.5857142857142857 0.12142857142857144
vt 0.6714285714285714 0.12142857142857144
vt 0.6714285714285714 0.16428571428571426
vt 0.6571428571428571 0.16428571428571426
vt 0.6571428571428571 0.12142857142857144
vt 0.34285714285714286 0.17142857142857137
vt 0.4 0.17142857142857137
vt 0.4 0.18571428571428572
vt 0.34285714285714286 0.18571428571428572
vt 0.6714285714285714 0.17142857142857137
vt 0.6714285714285714 0.18571428571428572
vt 0.6142857142857143 0.18571428571428572
vt 0.6142857142857143 0.17142857142857137
vt 0.7714285714285715 0.24285714285714288
vt 0.7714285714285715 0.2857142857142857
vt 0.7142857142857143 0.2857142857142857
vt 0.7142857142857143 0.24285714285714288
vt 0.7785714285714286 0.4714285714285714
vt 0.7214285714285714 0.4714285714285714
vt 0.7214285714285714 0.4285714285714286
vt 0.7785714285714286 0.4285714285714286
vt 0.011020285714285713 0.37519371428571424
vt 0.07142857142857142 0.3564088571428571
vt 0.07142857142857142 0.41901885714285714
vt 0 0.4214285714285714
vt 0.0625 0.08571428571428574
vt 0.014819571428571427 0.08571428571428574
vt 0.05821485714285715 0.08335592857142848
vt 0.19903492857142857 0.19999999999999996
vt 0.18714899999999998 0.1785714285714286
vt 0.23369249999999997 0.1785714285714286
vt 0.2357142857142857 0.18240228571428574
vt 0.8079780714285714 0.2142857142857143
vt 0.8392593571428572 0.1952220714285714
vt 0.8545219285714286 0.2142857142857143
vt 0.9344495 0.9238535
vt 0.9375 0.9285714285714286
vt 0.8940405 0.9285714285714286
vt 0.4851952857142857 0.06197285714285705
vt 0.48928571428571427 0.06428571428571428
vt 0.4648653571428571 0.06428571428571428
vt 0.9145882857142857 0.6385079285714286
vt 0.9339285714285714 0.6385079285714286
vt 0.932501 0.6428571428571428
vt 0.933225357142857 0.6101902857142857
vt 0.9357142857142857 0.6142857142857143
vt 0.9152532142857143 0.6142857142857143
vt 0.9446428571428571 0.2467989285714286
vt 0.9411206428571428 0.25
vt 0.9220475714285714 0.2467989285714286
vt 0.3580661428571429 0.19285714285714284
vt 0.4 0.19285714285714284
vt 0.39899607142857146 0.2247340714285715
vt 0.3961609285714286 0.22857142857142854
vt 0.5714285714285714 0.19577750000000005
vt 0.5517565714285714 0.20714285714285718
vt 0.5517565714285714 0.1455439285714285
vt 0.9553571428571429 0.41428571428571426
vt 0.9505650000000001 0.41239785714285715
vt 0.9514085714285715 0.4114821428571429
vt 0.9730566428571428 0.4285714285714286
vt 0.9504955714285714 0.4273364285714286
vt 0.9732142857142857 0.4273364285714286
vt 0.7128430714285714 0.4928214999999999
vt 0.775 0.48126928571428573
vt 0.7570791428571428 0.5142857142857142
vt 0.6944758571428571 0.5142857142857142
vt 0.07933692857142857 0.09999999999999998
vt 0.10714285714285714 0.09999999999999998
vt 0.10198900000000001 0.10610542857142857
vt 0.08187557142857144 0.1071428571428571
vt 0.004280642857142857 0.7024568571428571
vt 0.0012596428571428572 0.7057968571428572
vt 0.0012596428571428572 0.6714285714285715
vt 0.007142857142857143 0.6748115
vt 0.45423214285714286 0.044015000000000026
vt 0.45714285714285713 0.04958071428571442
vt 0.45092642857142856 0.050000000000000044
vt 0.07543992857142857 0.08871028571428563
vt 0.09103192857142857 0.08730628571428578
vt 0.09285714285714286 0.09285714285714286
vt 0.07291614285714285 0.09285714285714286
vt 0.5761456428571429 0.09007414285714288
vt 0.5960465714285714 0.08879428571428571
vt 0.6 0.09285714285714286
vt 0.5727578571428571 0.09285714285714286
vt 0.20812242857142857 0.0714285714285714
vt 0.23528807142857144 0.06938028571428578
vt 0.24107142857142858 0.0714285714285714
vt 0.7798561428571429 0.1428571428571429
vt 0.8 0.1428571428571429
vt 0.7961611428571428 0.1499502857142857
vt 0.7802801428571429 0.15000000000000002
vt 0.9019707857142857 0.5571428571428572
vt 0.9178571428571428 0.5571428571428572
vt 0.9162177857142857 0.5642857142857143
vt 0.900605 0.5631824285714286
vt 0.9589285714285715 0.9642857142857143
vt 0.8941860714285714 0.9642857142857143
vt 0.8970829285714286 0.9604355
vt 0.8888767142857142 0.4525301428571429
vt 0.9535714285714286 0.4571428571428572
vt 0.8868857857142858 0.4571428571428572
vt 0.8678571428571429 0.2946858571428572
vt 0.8618724285714285 0.30714285714285716
vt 0.8011715 0.2946858571428572
vt 0.30714285714285716 0.06680692857142856
vt 0.30714285714285716 0.07135314285714289
vt 0.29285714285714287 0.0714285714285714
vt 0.29378107142857146 0.06694492857142853
vt 0.9428571428571428 0.8168244285714286
vt 0.9428571428571428 0.8213710714285715
vt 0.9285714285714286 0.8214285714285714
vt 0.9292561428571428 0.8166853571428572
vt 0.2642857142857143 0.06688157142857132
vt 0.2642857142857143 0.0714285714285714
vt 0.25 0.07141699999999995
vt 0.25029564285714284 0.06672749999999994
vt 0.32761421428571424 0.07857142857142863
vt 0.327693 0.08571428571428574
vt 0.31533157142857143 0.0849807142857143
vt 0.31516414285714284 0.07857142857142863
vt 0.1790742142857143 0.05714285714285716
vt 0.18362107142857143 0.05714285714285716
vt 0.18365514285714285 0.07054678571428574
vt 0.17884485714285714 0.0714285714285714
vt 0.35898107142857144 0.0714285714285714
vt 0.36352764285714284 0.0714285714285714
vt 0.3634785 0.08515107142857148
vt 0.3579009285714286 0.08571428571428574
vt 0.23616485714285715 0.0564997857142856
vt 0.23616485714285715 0.0519535000000001
vt 0.2448303571428571 0.051785714285714324
vt 0.245978 0.0566767142857143
vt 0.17158392857142857 0.65
vt 0.17857142857142858 0.65
vt 0.17857142857142858 0.6632192857142858
vt 0.17142857142857143 0.6642857142857144
vt 0.95 0.584903
vt 0.95 0.5803571428571428
vt 0.9577629999999999 0.5805976428571429
vt 0.9586660714285713 0.5848870714285714
vt 0.4291574285714286 0.049189285714285824
vt 0.4291574285714286 0.044642857142857095
vt 0.43623864285714287 0.0447657857142858
vt 0.436914 0.04957628571428563
vt 0.5071749285714287 0.04918957142857139
vt 0.5071749285714287 0.044642857142857095
vt 0.5139907142857142 0.04480899999999999
vt 0.5142536428571428 0.049421428571428616
vt 0.9429896428571429 0.7712477142857143
vt 0.9429556428571428 0.7642857142857142
vt 0.9499015 0.7642857142857142
vt 0.9498045 0.7714285714285715
vt 0.9549992142857143 0.5357142857142857
vt 0.9504525714285713 0.5357142857142857
vt 0.9502485714285713 0.5282063571428572
vt 0.9551085714285715 0.5287692857142856
vt 0.2622622857142857 0.05714285714285716
vt 0.25771571428571427 0.05714285714285716
vt 0.25731021428571427 0.047676857142857076
vt 0.26233264285714286 0.0488114999999999
vt 0.9571428571428572 0.5094258571428572
vt 0.9571428571428572 0.5139724999999999
vt 0.95 0.5142857142857142
vt 0.9510739285714286 0.5096516428571429
vt 0.4877284285714286 0.050000000000000044
vt 0.4859947142857143 0.045796857142857195
vt 0.4943624285714286 0.045796857142857195
vt 0.5788515714285715 0.050000000000000044
vt 0.5865506428571429 0.04681214285714275
vt 0.5872198571428572 0.050000000000000044
vt 0.9503087857142857 0.3350037142857143
vt 0.9514769285714286 0.3354382142857143
vt 0.9503087857142857 0.34285714285714286
vt 0.5977906428571429 0.05982621428571433
vt 0.5969032142857144 0.06428571428571428
vt 0.5861379285714285 0.05982621428571433
vt 0.9477905000000001 0.059826999999999964
vt 0.9469039285714286 0.06428571428571428
vt 0.9361380714285713 0.059826999999999964
vt 0.5549084285714285 0.06339828571428585
vt 0.5504487142857143 0.06428571428571428
vt 0.5504487142857143 0.05263292857142854
vt 0.6691938571428572 0.06428571428571428
vt 0.6647347142857143 0.06339807142857146
vt 0.6691938571428572 0.05263292857142854
vt 0.812051 0.06428571428571428
vt 0.8075918571428572 0.06339899999999987
vt 0.812051 0.05263357142857139
vt 0.6120510714285714 0.06339864285714292
vt 0.6075917857142857 0.06428571428571428
vt 0.6075917857142857 0.052633285714285716
vt 0.9370248571428572 0.17142857142857137
vt 0.9361382142857142 0.1669694285714286
vt 0.9477903571428572 0.1669694285714286
vt 0.9361382142857142 0.15714285714285714
vt 0.9370251428571428 0.15268385714285715
vt 0.9477903571428572 0.15714285714285714
vt 0.8218525 0.06428571428571428
vt 0.8227392142857143 0.059826571428571396
vt 0.8335046428571429 0.06428571428571428
vt 0.9361380714285713 0.37142857142857144
vt 0.9370250714285715 0.36696928571428566
vt 0.9477905000000001 0.37142857142857144
vt 0.9361633571428571 0.3035202142857143
vt 0.9406223571428571 0.30263292857142865
vt 0.9406223571428571 0.3142857142857143
vt 0.9361633571428571 0.21066264285714276
vt 0.9406223571428571 0.20977585714285718
vt 0.9406223571428571 0.22142857142857142
vt 0.9218777857142858 0.052633285714285716
vt 0.9263364999999999 0.05351992857142862
vt 0.9218777857142858 0.06428571428571428
vt 0.5754747142857143 0.059825928571428544
vt 0.5763621428571429 0.06428571428571428
vt 0.5647092857142857 0.06428571428571428
vt 0.9477907142857143 0.3526838571428571
vt 0.9469037142857143 0.3571428571428571
vt 0.9361378571428572 0.3526838571428571
vt 0.9361630714285714 0.41691871428571436
vt 0.9406226428571429 0.4178061428571428
vt 0.9361630714285714 0.4285714285714286
vt 0.2642857142857143 0.08392314285714275
vt 0.2642857142857143 0.0786662857142858
vt 0.27786664285714285 0.07857142857142863
vt 0.2805497142857143 0.0843586428571429
vt 0.6947307857142857 0.07857142857142863
vt 0.6999876428571429 0.07857142857142863
vt 0.7 0.0974464285714286
vt 0.6943557857142858 0.09999999999999998
vt 0.15891135714285715 0.4714285714285714
vt 0.1641685714285714 0.4714285714285714
vt 0.16428571428571428 0.49075242857142864
vt 0.15852621428571428 0.4928571428571429
vt 0.001789642857142857 0.0714285714285714
vt 0.007047071428571429 0.0714285714285714
vt 0.007142857142857143 0.0916041428571428
vt 0.0016153571428571428 0.09285714285714286
vt 0.3016017142857143 0.8285714285714285
vt 0.3068589285714286 0.8285714285714285
vt 0.30714285714285716 0.8496155
vt 0.3013124285714286 0.85
vt 0.2857142857142857 0.09449135714285717
vt 0.2857142857142857 0.09974857142857141
vt 0.2642857142857143 0.09999999999999998
vt 0.26594100000000004 0.0942075
vt 0.9214285714285714 0.5445349285714285
vt 0.9214285714285714 0.5497921428571428
vt 0.9 0.55
vt 0.9007130714285714 0.5443016428571428
vt 0.9214285714285714 0.13024507142857134
vt 0.9214285714285714 0.135502
vt 0.9 0.13571428571428568
vt 0.9022732142857143 0.1301324285714286
vt 0.9214285714285714 0.5300845714285713
vt 0.9214285714285714 0.5353419285714285
vt 0.9 0.5357142857142857
vt 0.9026312857142857 0.530067
vt 0.9199532857142858 0.6714285714285715
vt 0.9146963571428571 0.6714285714285715
vt 0.9142857142857143 0.6561335714285714
vt 0.9199305714285714 0.6586770714285715
vt 0.7842166428571429 0.07857142857142863
vt 0.7789595714285714 0.07857142857142863
vt 0.7785714285714286 0.06582585714285716
vt 0.7842038571428571 0.06789864285714287
vt 0.8841595714285715 0.0714285714285714
vt 0.8789023571428571 0.0714285714285714
vt 0.8785714285714286 0.06076028571428571
vt 0.8842837142857143 0.062072428571428695
vt 0.41459121428571427 0.050000000000000044
vt 0.4142857142857143 0.04475164285714284
vt 0.42142857142857143 0.04404549999999996
vt 0.42142857142857143 0.049805999999999906
vt 0.9357142857142857 0.7838283571428571
vt 0.9357142857142857 0.7785714285714286
vt 0.9447421428571429 0.7786075714285714
vt 0.9454599285714285 0.7843772857142857
vt 0.2714285714285714 0.0695432142857143
vt 0.2714285714285714 0.06428571428571428
vt 0.2811881428571429 0.06450178571428566
vt 0.2827791428571429 0.07012114285714277
vt 0.9214285714285714 0.2623995
vt 0.9214285714285714 0.2571428571428571
vt 0.9327924285714285 0.25730471428571433
vt 0.9350025000000001 0.26273492857142855
vt 0.9424508571428571 0.9448442142857143
vt 0.9414259285714286 0.95
vt 0.9289777142857143 0.9448442142857143
vt 0.8210225714285715 0.07341521428571429
vt 0.8199963571428572 0.07857142857142863
vt 0.8075488571428571 0.07341521428571429
vt 0.1481134285714286 0.07040350000000006
vt 0.142958 0.0714285714285714
vt 0.142958 0.05795564285714283
vt 0.9338279285714285 0.8846887857142857
vt 0.9286720714285716 0.8857142857142857
vt 0.9286720714285716 0.8722414285714286
vt 0.019542357142857143 0.0714285714285714
vt 0.014386214285714285 0.07040271428571432
vt 0.019542357142857143 0.05795571428571422
vt 0.933828 0.9989738571428571
vt 0.928672 1
vt 0.928672 0.9865267857142858
vt 0.15857435714285714 0.0714285714285714
vt 0.1575492857142857 0.06627307142857153
vt 0.17102214285714287 0.06627307142857153
vt 0.8289778571428571 0.07857142857142863
vt 0.8300033571428571 0.07341485714285712
vt 0.8424507142857143 0.07857142857142863
vt 0.9218348571428572 0.09285714285714286
vt 0.9228604285714285 0.08770099999999992
vt 0.9353079999999999 0.09285714285714286
vt 0.9300031428571428 0.9
vt 0.9289777142857143 0.8948442857142858
vt 0.9424508571428571 0.8948442857142858
vt 0.8929576428571429 0.06612385714285718
vt 0.8981137857142857 0.06509842857142856
vt 0.8981137857142857 0.07857142857142863
vt 0.05010064285714286 0.05898114285714284
vt 0.0552565 0.05795542857142866
vt 0.0552565 0.0714285714285714
vt 0.8501005 0.06509828571428578
vt 0.8552566428571429 0.06612385714285718
vt 0.8501005 0.07857142857142863
vt 0.10010071428571428 0.05898085714285706
vt 0.10525642857142858 0.05795535714285727
vt 0.10525642857142858 0.0714285714285714
vt 0.9342825000000001 0.0734152857142858
vt 0.9353079285714285 0.07857142857142863
vt 0.9218349285714287 0.07857142857142863
vt 0.04142514285714286 0.06627278571428563
vt 0.042450857142857144 0.0714285714285714
vt 0.028977714285714284 0.0714285714285714
vt 0.8571428571428571 0.14932871428571426
vt 0.8464601428571429 0.16428571428571426
vt 0.8072847857142857 0.14932871428571426
vt 0.7823338571428572 0.9708641428571428
vt 0.8285714285714286 0.9977367142857143
vt 0.8186987142857143 1
vt 0.7575 1
vt 0.9221024999999999 0.6285714285714286
vt 0.8727287857142857 0.6216369285714285
vt 0.9339285714285714 0.6216369285714285
vt 0.3362002142857143 0.07857142857142863
vt 0.3482142857142857 0.07857142857142863
vt 0.3470185 0.08546485714285712
vt 0.3408829285714286 0.08571428571428574
vt 0.2571428571428571 0.6970695714285714
vt 0.2642857142857143 0.6857142857142857
vt 0.2642857142857143 0.7036562857142856
vt 0.25792421428571427 0.7059507142857143
vt 0.5015850000000001 0.05714285714285716
vt 0.5089285714285714 0.05714285714285716
vt 0.5077693571428572 0.06413214285714286
vt 0.5017803571428572 0.06428571428571428
vt 0.5571428571428572 0.3819244285714286
vt 0.5642857142857143 0.375
vt 0.5642857142857143 0.3985008571428571
vt 0.5574122857142857 0.3998612142857143
vt 0.03023985714285714 0.050000000000000044
vt 0.0375 0.050000000000000044
vt 0.03648207142857143 0.05703892857142845
vt 0.03062671428571429 0.05714285714285716
vt 0.9339285714285714 0.6946428571428571
vt 0.9264736428571428 0.6996414285714285
vt 0.9155486428571428 0.6946428571428571
vt 0.2951040714285715 0.08252171428571431
vt 0.30079242857142857 0.08214285714285718
vt 0.30178571428571427 0.10601157142857143
vt 0.29461057142857144 0.10601157142857143
vt 0.5362636428571429 0.08892364285714283
vt 0.5458792142857143 0.09304914285714294
vt 0.5433557857142858 0.11428571428571432
vt 0.5362636428571429 0.11281321428571434
vt 0.9158322142857143 0.8137084285714286
vt 0.9074095714285715 0.8214285714285714
vt 0.8930963571428572 0.8214285714285714
vt 0.8944582142857143 0.8143635
vt 0.13035714285714287 0.060210428571428665
vt 0.12311849999999999 0.06428571428571428
vt 0.11604378571428572 0.060210428571428665
vt 0.6227247857142858 0.04036971428571423
vt 0.625 0.043055500000000024
vt 0.6227247857142858 0.050000000000000044
vt 0.007142857142857143 0.06428571428571428
vt 0.0012262857142857143 0.060280714285714354
vt 0.007142857142857143 0.05465542857142858
vt 0.16428571428571428 0.04999764285714292
vt 0.16428571428571428 0.05714285714285716
vt 0.15714285714285714 0.057103500000000085
vt 0.15733642857142857 0.05124857142857142
vt 0.35892857142857143 0.05637442857142849
vt 0.351621 0.06428571428571428
vt 0.351621 0.05635164285714289
vt 0.9570558571428571 0.7571428571428571
vt 0.9509495714285714 0.755268
vt 0.9534500714285715 0.75
vt 0.9571428571428572 0.75
vt 0.46468242857142855 0.050000000000000044
vt 0.4697251428571429 0.04639792857142855
vt 0.475 0.050000000000000044
vt 0.95 0.8784706428571428
vt 0.95 0.8857142857142857
vt 0.9428571428571428 0.8851392142857143
vt 0.942923 0.8793259285714286
vt 0.95 0.8570866428571429
vt 0.95 0.8642857142857143
vt 0.9428571428571428 0.8639148571428572
vt 0.9430005 0.8580819285714285
vt 0.9445927142857142 0.9071428571428571
vt 0.9517857142857142 0.9071428571428571
vt 0.9509559999999999 0.9142583571428571
vt 0.9451964999999999 0.9142857142857143
vt 0.05 0.3003740714285714
vt 0.05 0.32918392857142864
vt 0.007503571428571429 0.3571428571428571
vt 0 0.29978257142857145
vt 0.1982142857142857 0.3484892142857142
vt 0.1982142857142857 0.5142857142857142
vt 0.15801657142857142 0.43631314285714284
vt 0.6803571428571429 0.46981142857142855
vt 0.6803571428571429 0.5071428571428571
vt 0.6005804285714286 0.5062963571428571
vt 0.1982142857142857 0.6642857142857144
vt 0.17240814285714284 0.6085170714285715
vt 0.1982142857142857 0.5676997142857143
vt 0.8943601428571428 0.7536242142857144
vt 0.9428571428571428 0.7571428571428571
vt 0.8942576428571429 0.7571428571428571
vt 0.9571428571428572 0.7428571428571429
vt 0.8939212857142856 0.7428571428571429
vt 0.9039312857142857 0.7403577142857143
vt 0.07173014285714285 0.1428571428571429
vt 0.077285 0.13363078571428566
vt 0.125 0.1428571428571429
vt 0.6553571428571429 0.05283557142857154
vt 0.6553571428571429 0.11428571428571432
vt 0.6515500714285715 0.06258157142857135
vt 0.38392857142857145 0.1329825
vt 0.33631757142857144 0.1428571428571429
vt 0.33631757142857144 0.13454971428571427
vt 0.8570234285714285 0.7928571428571428
vt 0.8517272857142858 0.782733
vt 0.9035714285714286 0.782733
vt 0.6400696428571429 0.9308346428571429
vt 0.7125 0.9642857142857143
vt 0.6229732857142858 0.9642857142857143
vt 0.6122586428571429 0.8857142857142857
vt 0.7017857142857142 0.8857142857142857
vt 0.6887253571428571 0.9214285714285715
vt 0.6075832142857143 0.8965818571428571
vt 0.6142857142857143 0.35202471428571436
vt 0.6142857142857143 0.44999999999999996
vt 0.5832626428571428 0.42585271428571436
vt 0.5714285714285714 0.35704514285714295
vt 0.8446428571428571 0.22530528571428565
vt 0.825541 0.25
vt 0.8078260714285714 0.22530528571428565
vt 0.6108255 0.5210667142857144
vt 0.7020822857142858 0.5270292857142858
vt 0.7053571428571429 0.5571428571428572
vt 0.6078067857142857 0.5571428571428572
vt 0.8196428571428571 0.567105
vt 0.8138095714285715 0.5969314285714286
vt 0.7716033571428571 0.6
vt 0.7716033571428571 0.5685837142857143
vt 0.4357142857142857 0.22781692857142855
vt 0.4357142857142857 0.2785714285714286
vt 0.40714285714285714 0.24556857142857136
vt 0.4164442857142857 0.2043367857142857
vt 0.2939960714285714 0.7949455
vt 0.30714285714285716 0.7666282142857143
vt 0.30714285714285716 0.8214285714285714
vt 0.7071428571428572 0.22815107142857138
vt 0.7071428571428572 0.2857142857142857
vt 0.6689532857142857 0.28465414285714286
vt 0.6642857142857143 0.2341483571428572
vt 0.8236446428571428 0.40004300000000004
vt 0.825 0.4214285714285714
vt 0.7177093571428571 0.4214285714285714
vt 0.7159925714285714 0.3986343571428571
vt 0.5714285714285714 0.4142854285714286
vt 0.5714285714285714 0.4571428571428572
vt 0.464499 0.4541857857142857
vt 0.4642857142857143 0.41077442857142854
vt 0.10714285714285714 0.4357149285714286
vt 0.10714285714285714 0.4928571428571429
vt 0.0002608571428571428 0.4921737142857143
vt 0 0.43472071428571424
vt 0.4714285714285714 0.1785714285714286
vt 0.4714285714285714 0.19285714285714284
vt 0.40714285714285714 0.1914421428571429
vt 0.4071605714285714 0.1785714285714286
vt 0.8428571428571429 0.26428571428571423
vt 0.8428571428571429 0.2857142857142857
vt 0.7785714285714286 0.28482285714285716
vt 0.7785714285714286 0.2633942857142858
vt 0.6571428571428571 0.29285692857142864
vt 0.6571428571428571 0.33571428571428574
vt 0.5928571428571429 0.3352520714285714
vt 0.5928571428571429 0.2923947142857143
vt 0.38571428571428573 0.9428573571428571
vt 0.38571428571428573 1
vt 0.32142857142857145 0.9998441428571428
vt 0.32142857142857145 0.9427024285714286
vt 0.10714285714285714 0.30006071428571424
vt 0.09957192857142858 0.34285714285714286
vt 0.058678071428571434 0.3399644285714286
vt 0.058678071428571434 0.285165
vt 0.8400462142857142 0.36318821428571424
vt 0.8446428571428571 0.3857142857142857
vt 0.7939392857142857 0.3857142857142857
vt 0.8126705714285715 0.36202742857142856
vt 0.5934989285714286 0.12231221428571426
vt 0.6089285714285714 0.12723264285714286
vt 0.5934989285714286 0.15000000000000002
vt 0.4516178571428571 0.30433071428571434
vt 0.5 0.29966642857142856
vt 0.5 0.3571428571428571
vt 0.45 0.3536478571428572
vt 0.318425 0.24285714285714288
vt 0.280225 0.24030428571428575
vt 0.280225 0.19744714285714282
vt 0.3196428571428571 0.19354000000000005
vt 0.7928571428571428 0.6071428571428572
vt 0.7928571428571428 0.6490978571428572
vt 0.7428571428571429 0.65
vt 0.7486671428571429 0.6071428571428572
vt 0.4138755 0.999099
vt 0.3932673571428571 0.9815942142857143
vt 0.4138755 0.9375
vt 0.8288307142857143 0.6392857142857142
vt 0.8392853571428571 0.664222
vt 0.7928571428571428 0.664222
vt 0.7589205714285714 0.9427388571428571
vt 0.6928571428571428 0.9427388571428571
vt 0.7434695 0.9017857142857143
vt 0.26928164285714284 0.24950257142857135
vt 0.22142857142857142 0.2053571428571429
vt 0.2689404285714286 0.2053571428571429
vt 0.20799435714285713 0.38420842857142856
vt 0.20799435714285713 0.3053571428571429
vt 0.2457647142857143 0.3177820714285714
vt 0.2491485 0.36049171428571425
vt 0.3286247142857143 0.2415949285714286
vt 0.3286247142857143 0.18571428571428572
vt 0.3588752857142857 0.22093514285714289
vt 0.38571428571428573 0.48571428571428577
vt 0.38571428571428573 0.5714285714285714
vt 0.2714285714285714 0.5714285714285714
vt 0.2714285714285714 0.48571428571428577
vt 0.15 0.3214285714285714
vt 0.15 0.4928571428571429
vt 0.11428571428571428 0.48722071428571423
vt 0.11467500000000001 0.3214285714285714
vt 0.21428571428571427 0.20714285714285718
vt 0.21428571428571427 0.2928571428571428
vt 0.18571428571428572 0.2646192857142857
vt 0.18571428571428572 0.20714285714285718
vt 0.38571428571428573 0.5785714285714285
vt 0.38571428571428573 0.75
vt 0.2714285714285714 0.75
vt 0.2714285714285714 0.5785714285714285
vt 0.5071428571428571 0.6785714285714286
vt 0.5071428571428571 0.7714285714285715
vt 0.3999797857142857 0.7607143571428572
vt 0.39285714285714285 0.6785714285714286
vt 0.07142857142857142 0.41901885714285714
vt 0.07142857142857142 0.3564088571428571
vt 0.011020285714285713 0.37519371428571424
vt 0 0.4214285714285714
vt 0.014819571428571427 0.08571428571428574
vt 0.0625 0.08571428571428574
vt 0.05821485714285715 0.08335592857142848
vt 0.23369249999999997 0.1785714285714286
vt 0.18714899999999998 0.1785714285714286
vt 0.19903492857142857 0.19999999999999996
vt 0.2357142857142857 0.18240228571428574
vt 0.8392593571428572 0.1952220714285714
vt 0.8079780714285714 0.2142857142857143
vt 0.8545219285714286 0.2142857142857143
vt 0.9375 0.9285714285714286
vt 0.9344495 0.9238535
vt 0.8940405 0.9285714285714286
vt 0.48928571428571427 0.06428571428571428
vt 0.4851952857142857 0.06197285714285705
vt 0.4648653571428571 0.06428571428571428
vt 0.9339285714285714 0.6385079285714286
vt 0.9145882857142857 0.6385079285714286
vt 0.932501 0.6428571428571428
vt 0.9357142857142857 0.6142857142857143
vt 0.933225357142857 0.6101902857142857
vt 0.9152532142857143 0.6142857142857143
vt 0.9411206428571428 0.25
vt 0.9446428571428571 0.2467989285714286
vt 0.9220475714285714 0.2467989285714286
vt 0.39899607142857146 0.2247340714285715
vt 0.4 0.19285714285714284
vt 0.3580661428571429 0.19285714285714284
vt 0.3961609285714286 0.22857142857142854
vt 0.5517565714285714 0.20714285714285718
vt 0.5714285714285714 0.19577750000000005
vt 0.5517565714285714 0.1455439285714285
vt 0.9505650000000001 0.41239785714285715
vt 0.9553571428571429 0.41428571428571426
vt 0.9514085714285715 0.4114821428571429
vt 0.9504955714285714 0.4273364285714286
vt 0.9730566428571428 0.4285714285714286
vt 0.9732142857142857 0.4273364285714286
vt 0.7570791428571428 0.5142857142857142
vt 0.775 0.48126928571428573
vt 0.7128430714285714 0.4928214999999999
vt 0.6944758571428571 0.5142857142857142
vt 0.10198900000000001 0.10610542857142857
vt 0.10714285714285714 0.09999999999999998
vt 0.07933692857142857 0.09999999999999998
vt 0.08187557142857144 0.1071428571428571
vt 0.0012596428571428572 0.6714285714285715
vt 0.0012596428571428572 0.7057968571428572
vt 0.004280642857142857 0.7024568571428571
vt 0.007142857142857143 0.6748115
vt 0.45714285714285713 0.04958071428571442
vt 0.45423214285714286 0.044015000000000026
vt 0.45092642857142856 0.050000000000000044
vt 0.09285714285714286 0.09285714285714286
vt 0.09103192857142857 0.08730628571428578
vt 0.07543992857142857 0.08871028571428563
vt 0.07291614285714285 0.09285714285714286
vt 0.6 0.09285714285714286
vt 0.5960465714285714 0.08879428571428571
vt 0.5761456428571429 0.09007414285714288
vt 0.5727578571428571 0.09285714285714286
vt 0.23528807142857144 0.06938028571428578
vt 0.20812242857142857 0.0714285714285714
vt 0.24107142857142858 0.0714285714285714
vt 0.7961611428571428 0.1499502857142857
vt 0.8 0.1428571428571429
vt 0.7798561428571429 0.1428571428571429
vt 0.7802801428571429 0.15000000000000002
vt 0.9162177857142857 0.5642857142857143
vt 0.9178571428571428 0.5571428571428572
vt 0.9019707857142857 0.5571428571428572
vt 0.900605 0.5631824285714286
vt 0.8941860714285714 0.9642857142857143
vt 0.9589285714285715 0.9642857142857143
vt 0.8970829285714286 0.9604355
vt 0.9535714285714286 0.4571428571428572
vt 0.8888767142857142 0.4525301428571429
vt 0.8868857857142858 0.4571428571428572
vt 0.8618724285714285 0.30714285714285716
vt 0.8678571428571429 0.2946858571428572
vt 0.8011715 0.2946858571428572
vt 0.29285714285714287 0.0714285714285714
vt 0.30714285714285716 0.07135314285714289
vt 0.30714285714285716 0.06680692857142856
vt 0.29378107142857146 0.06694492857142853
vt 0.9285714285714286 0.8214285714285714
vt 0.9428571428571428 0.8213710714285715
vt 0.9428571428571428 0.8168244285714286
vt 0.9292561428571428 0.8166853571428572
vt 0.25 0.07141699999999995
vt 0.2642857142857143 0.0714285714285714
vt 0.2642857142857143 0.06688157142857132
vt 0.25029564285714284 0.06672749999999994
vt 0.31533157142857143 0.0849807142857143
vt 0.327693 0.08571428571428574
vt 0.32761421428571424 0.07857142857142863
vt 0.31516414285714284 0.07857142857142863
vt 0.18365514285714285 0.07054678571428574
vt 0.18362107142857143 0.05714285714285716
vt 0.1790742142857143 0.05714285714285716
vt 0.17884485714285714 0.0714285714285714
vt 0.3634785 0.08515107142857148
vt 0.36352764285714284 0.0714285714285714
vt 0.35898107142857144 0.0714285714285714
vt 0.3579009285714286 0.08571428571428574
vt 0.2448303571428571 0.051785714285714324
vt 0.23616485714285715 0.0519535000000001
vt 0.23616485714285715 0.0564997857142856
vt 0.245978 0.0566767142857143
vt 0.17857142857142858 0.6632192857142858
vt 0.17857142857142858 0.65
vt 0.17158392857142857 0.65
vt 0.17142857142857143 0.6642857142857144
vt 0.9577629999999999 0.5805976428571429
vt 0.95 0.5803571428571428
vt 0.95 0.584903
vt 0.9586660714285713 0.5848870714285714
vt 0.43623864285714287 0.0447657857142858
vt 0.4291574285714286 0.044642857142857095
vt 0.4291574285714286 0.049189285714285824
vt 0.436914 0.04957628571428563
vt 0.5139907142857142 0.04480899999999999
vt 0.5071749285714287 0.044642857142857095
vt 0.5071749285714287 0.04918957142857139
vt 0.5142536428571428 0.049421428571428616
vt 0.9499015 0.7642857142857142
vt 0.9429556428571428 0.7642857142857142
vt 0.9429896428571429 0.7712477142857143
vt 0.9498045 0.7714285714285715
vt 0.9502485714285713 0.5282063571428572
vt 0.9504525714285713 0.5357142857142857
vt 0.9549992142857143 0.5357142857142857
vt 0.9551085714285715 0.5287692857142856
vt 0.25731021428571427 0.047676857142857076
vt 0.25771571428571427 0.05714285714285716
vt 0.2622622857142857 0.05714285714285716
vt 0.26233264285714286 0.0488114999999999
vt 0.95 0.5142857142857142
vt 0.9571428571428572 0.5139724999999999
vt 0.9571428571428572 0.5094258571428572
vt 0.9510739285714286 0.5096516428571429
vt 0.4859947142857143 0.045796857142857195
vt 0.4877284285714286 0.050000000000000044
vt 0.4943624285714286 0.045796857142857195
vt 0.5865506428571429 0.04681214285714275
vt 0.5788515714285715 0.050000000000000044
vt 0.5872198571428572 0.050000000000000044
vt 0.9514769285714286 0.3354382142857143
vt 0.9503087857142857 0.3350037142857143
vt 0.9503087857142857 0.34285714285714286
vt 0.5969032142857144 0.06428571428571428
vt 0.5977906428571429 0.05982621428571433
vt 0.5861379285714285 0.05982621428571433
vt 0.9469039285714286 0.06428571428571428
vt 0.9477905000000001 0.059826999999999964
vt 0.9361380714285713 0.059826999999999964
vt 0.5504487142857143 0.06428571428571428
vt 0.5549084285714285 0.06339828571428585
vt 0.5504487142857143 0.05263292857142854
vt 0.6647347142857143 0.06339807142857146
vt 0.6691938571428572 0.06428571428571428
vt 0.6691938571428572 0.05263292857142854
vt 0.8075918571428572 0.06339899999999987
vt 0.812051 0.06428571428571428
vt 0.812051 0.05263357142857139
vt 0.6075917857142857 0.06428571428571428
vt 0.6120510714285714 0.06339864285714292
vt 0.6075917857142857 0.052633285714285716
vt 0.9361382142857142 0.1669694285714286
vt 0.9370248571428572 0.17142857142857137
vt 0.9477903571428572 0.1669694285714286
vt 0.9370251428571428 0.15268385714285715
vt 0.9361382142857142 0.15714285714285714
vt 0.9477903571428572 0.15714285714285714
vt 0.8227392142857143 0.059826571428571396
vt 0.8218525 0.06428571428571428
vt 0.8335046428571429 0.06428571428571428
vt 0.9370250714285715 0.36696928571428566
vt 0.9361380714285713 0.37142857142857144
vt 0.9477905000000001 0.37142857142857144
vt 0.9406223571428571 0.30263292857142865
vt 0.9361633571428571 0.3035202142857143
vt 0.9406223571428571 0.3142857142857143
vt 0.9406223571428571 0.20977585714285718
vt 0.9361633571428571 0.21066264285714276
vt 0.9406223571428571 0.22142857142857142
vt 0.9263364999999999 0.05351992857142862
vt 0.9218777857142858 0.052633285714285716
vt 0.9218777857142858 0.06428571428571428
vt 0.5763621428571429 0.06428571428571428
vt 0.5754747142857143 0.059825928571428544
vt 0.5647092857142857 0.06428571428571428
vt 0.9469037142857143 0.3571428571428571
vt 0.9477907142857143 0.3526838571428571
vt 0.9361378571428572 0.3526838571428571
vt 0.9406226428571429 0.4178061428571428
vt 0.9361630714285714 0.41691871428571436
vt 0.9361630714285714 0.4285714285714286
vt 0.27786664285714285 0.07857142857142863
vt 0.2642857142857143 0.0786662857142858
vt 0.2642857142857143 0.08392314285714275
vt 0.2805497142857143 0.0843586428571429
vt 0.7 0.0974464285714286
vt 0.6999876428571429 0.07857142857142863
vt 0.6947307857142857 0.07857142857142863
vt 0.6943557857142858 0.09999999999999998
vt 0.16428571428571428 0.49075242857142864
vt 0.1641685714285714 0.4714285714285714
vt 0.15891135714285715 0.4714285714285714
vt 0.15852621428571428 0.4928571428571429
vt 0.007142857142857143 0.0916041428571428
vt 0.007047071428571429 0.0714285714285714
vt 0.001789642857142857 0.0714285714285714
vt 0.0016153571428571428 0.09285714285714286
vt 0.30714285714285716 0.8496155
vt 0.3068589285714286 0.8285714285714285
vt 0.3016017142857143 0.8285714285714285
vt 0.3013124285714286 0.85
vt 0.2642857142857143 0.09999999999999998
vt 0.2857142857142857 0.09974857142857141
vt 0.2857142857142857 0.09449135714285717
vt 0.26594100000000004 0.0942075
vt 0.9 0.55
vt 0.9214285714285714 0.5497921428571428
vt 0.9214285714285714 0.5445349285714285
vt 0.9007130714285714 0.5443016428571428
vt 0.9 0.13571428571428568
vt 0.9214285714285714 0.135502
vt 0.9214285714285714 0.13024507142857134
vt 0.9022732142857143 0.1301324285714286
vt 0.9 0.5357142857142857
vt 0.9214285714285714 0.5353419285714285
vt 0.9214285714285714 0.5300845714285713
vt 0.9026312857142857 0.530067
vt 0.9142857142857143 0.6561335714285714
vt 0.9146963571428571 0.6714285714285715
vt 0.9199532857142858 0.6714285714285715
vt 0.9199305714285714 0.6586770714285715
vt 0.7785714285714286 0.06582585714285716
vt 0.7789595714285714 0.07857142857142863
vt 0.7842166428571429 0.07857142857142863
vt 0.7842038571428571 0.06789864285714287
vt 0.8785714285714286 0.06076028571428571
vt 0.8789023571428571 0.0714285714285714
vt 0.8841595714285715 0.0714285714285714
vt 0.8842837142857143 0.062072428571428695
vt 0.42142857142857143 0.04404549999999996
vt 0.4142857142857143 0.04475164285714284
vt 0.41459121428571427 0.050000000000000044
vt 0.42142857142857143 0.049805999999999906
vt 0.9447421428571429 0.7786075714285714
vt 0.9357142857142857 0.7785714285714286
vt 0.9357142857142857 0.7838283571428571
vt 0.9454599285714285 0.7843772857142857
vt 0.2811881428571429 0.06450178571428566
vt 0.2714285714285714 0.06428571428571428
vt 0.2714285714285714 0.0695432142857143
vt 0.2827791428571429 0.07012114285714277
vt 0.9327924285714285 0.25730471428571433
vt 0.9214285714285714 0.2571428571428571
vt 0.9214285714285714 0.2623995
vt 0.9350025000000001 0.26273492857142855
vt 0.9414259285714286 0.95
vt 0.9424508571428571 0.9448442142857143
vt 0.9289777142857143 0.9448442142857143
vt 0.8199963571428572 0.07857142857142863
vt 0.8210225714285715 0.07341521428571429
vt 0.8075488571428571 0.07341521428571429
vt 0.142958 0.0714285714285714
vt 0.1481134285714286 0.07040350000000006
vt 0.142958 0.05795564285714283
vt 0.9286720714285716 0.8857142857142857
vt 0.9338279285714285 0.8846887857142857
vt 0.9286720714285716 0.8722414285714286
vt 0.014386214285714285 0.07040271428571432
vt 0.019542357142857143 0.0714285714285714
vt 0.019542357142857143 0.05795571428571422
vt 0.928672 1
vt 0.933828 0.9989738571428571
vt 0.928672 0.9865267857142858
vt 0.1575492857142857 0.06627307142857153
vt 0.15857435714285714 0.0714285714285714
vt 0.17102214285714287 0.06627307142857153
vt 0.8300033571428571 0.07341485714285712
vt 0.8289778571428571 0.07857142857142863
vt 0.8424507142857143 0.07857142857142863
vt 0.9228604285714285 0.08770099999999992
vt 0.9218348571428572 0.09285714285714286
vt 0.9353079999999999 0.09285714285714286
vt 0.9289777142857143 0.8948442857142858
vt 0.9300031428571428 0.9
vt 0.9424508571428571 0.8948442857142858
vt 0.8981137857142857 0.06509842857142856
vt 0.8929576428571429 0.06612385714285718
vt 0.8981137857142857 0.07857142857142863
vt 0.0552565 0.05795542857142866
vt 0.05010064285714286 0.05898114285714284
vt 0.0552565 0.0714285714285714
vt 0.8552566428571429 0.06612385714285718
vt 0.8501005 0.06509828571428578
vt 0.8501005 0.07857142857142863
vt 0.10525642857142858 0.05795535714285727
vt 0.10010071428571428 0.05898085714285706
vt 0.10525642857142858 0.0714285714285714
vt 0.9353079285714285 0.07857142857142863
vt 0.9342825000000001 0.0734152857142858
vt 0.9218349285714287 0.07857142857142863
vt 0.042450857142857144 0.0714285714285714
vt 0.04142514285714286 0.06627278571428563
vt 0.028977714285714284 0.0714285714285714
vt 0.8464601428571429 0.16428571428571426
vt 0.8571428571428571 0.14932871428571426
vt 0.8072847857142857 0.14932871428571426
vt 0.8186987142857143 1
vt 0.8285714285714286 0.9977367142857143
vt 0.7823338571428572 0.9708641428571428
vt 0.7575 1
vt 0.8727287857142857 0.6216369285714285
vt 0.9221024999999999 0.6285714285714286
vt 0.9339285714285714 0.6216369285714285
vt 0.3470185 0.08546485714285712
vt 0.3482142857142857 0.07857142857142863
vt 0.3362002142857143 0.07857142857142863
vt 0.3408829285714286 0.08571428571428574
vt 0.2642857142857143 0.7036562857142856
vt 0.2642857142857143 0.6857142857142857
vt 0.2571428571428571 0.6970695714285714
vt 0.25792421428571427 0.7059507142857143
vt 0.5077693571428572 0.06413214285714286
vt 0.5089285714285714 0.05714285714285716
vt 0.5015850000000001 0.05714285714285716
vt 0.5017803571428572 0.06428571428571428
vt 0.5642857142857143 0.3985008571428571
vt 0.5642857142857143 0.375
vt 0.5571428571428572 0.3819244285714286
vt 0.5574122857142857 0.3998612142857143
vt 0.03648207142857143 0.05703892857142845
vt 0.0375 0.050000000000000044
vt 0.03023985714285714 0.050000000000000044
vt 0.03062671428571429 0.05714285714285716
vt 0.9264736428571428 0.6996414285714285
vt 0.9339285714285714 0.6946428571428571
vt 0.9155486428571428 0.6946428571428571
vt 0.30178571428571427 0.10601157142857143
vt 0.30079242857142857 0.08214285714285718
vt 0.2951040714285715 0.08252171428571431
vt 0.29461057142857144 0.10601157142857143
vt 0.5433557857142858 0.11428571428571432
vt 0.5458792142857143 0.09304914285714294
vt 0.5362636428571429 0.08892364285714283
vt 0.5362636428571429 0.11281321428571434
vt 0.8930963571428572 0.8214285714285714
vt 0.9074095714285715 0.8214285714285714
vt 0.9158322142857143 0.8137084285714286
vt 0.8944582142857143 0.8143635
vt 0.12311849999999999 0.06428571428571428
vt 0.13035714285714287 0.060210428571428665
vt 0.11604378571428572 0.060210428571428665
vt 0.625 0.043055500000000024
vt 0.6227247857142858 0.04036971428571423
vt 0.6227247857142858 0.050000000000000044
vt 0.0012262857142857143 0.060280714285714354
vt 0.007142857142857143 0.06428571428571428
vt 0.007142857142857143 0.05465542857142858
vt 0.15714285714285714 0.057103500000000085
vt 0.16428571428571428 0.05714285714285716
vt 0.16428571428571428 0.04999764285714292
vt 0.15733642857142857 0.05124857142857142
vt 0.351621 0.06428571428571428
vt 0.35892857142857143 0.05637442857142849
vt 0.351621 0.05635164285714289
vt 0.9534500714285715 0.75
vt 0.9509495714285714 0.755268
vt 0.9570558571428571 0.7571428571428571
vt 0.9571428571428572 0.75
vt 0.4697251428571429 0.04639792857142855
vt 0.46468242857142855 0.050000000000000044
vt 0.475 0.050000000000000044
vt 0.9428571428571428 0.8851392142857143
vt 0.95 0.8857142857142857
vt 0.95 0.8784706428571428
vt 0.942923 0.8793259285714286
vt 0.9428571428571428 0.8639148571428572
vt 0.95 0.8642857142857143
vt 0.95 0.8570866428571429
vt 0.9430005 0.8580819285714285
vt 0.9509559999999999 0.9142583571428571
vt 0.9517857142857142 0.9071428571428571
vt 0.9445927142857142 0.9071428571428571
vt 0.9451964999999999 0.9142857142857143
vt 0.007503571428571429 0.3571428571428571
vt 0.05 0.32918392857142864
vt 0.05 0.3003740714285714
vt 0 0.29978257142857145
vt 0.1982142857142857 0.5142857142857142
vt 0.1982142857142857 0.3484892142857142
vt 0.15801657142857142 0.43631314285714284
vt 0.6803571428571429 0.5071428571428571
vt 0.6803571428571429 0.46981142857142855
vt 0.6005804285714286 0.5062963571428571
vt 0.17240814285714284 0.6085170714285715
vt 0.1982142857142857 0.6642857142857144
vt 0.1982142857142857 0.5676997142857143
vt 0.9428571428571428 0.7571428571428571
vt 0.8943601428571428 0.7536242142857144
vt 0.8942576428571429 0.7571428571428571
vt 0.8939212857142856 0.7428571428571429
vt 0.9571428571428572 0.7428571428571429
vt 0.9039312857142857 0.7403577142857143
vt 0.077285 0.13363078571428566
vt 0.07173014285714285 0.1428571428571429
vt 0.125 0.1428571428571429
vt 0.6553571428571429 0.11428571428571432
vt 0.6553571428571429 0.05283557142857154
vt 0.6515500714285715 0.06258157142857135
vt 0.33631757142857144 0.1428571428571429
vt 0.38392857142857145 0.1329825
vt 0.33631757142857144 0.13454971428571427
vt 0.8517272857142858 0.782733
vt 0.8570234285714285 0.7928571428571428
vt 0.9035714285714286 0.782733
vt 0.7125 0.9642857142857143
vt 0.6400696428571429 0.9308346428571429
vt 0.6229732857142858 0.9642857142857143
vt 0.6887253571428571 0.9214285714285715
vt 0.7017857142857142 0.8857142857142857
vt 0.6122586428571429 0.8857142857142857
vt 0.6075832142857143 0.8965818571428571
vt 0.5832626428571428 0.42585271428571436
vt 0.6142857142857143 0.44999999999999996
vt 0.6142857142857143 0.35202471428571436
vt 0.5714285714285714 0.35704514285714295
vt 0.825541 0.25
vt 0.8446428571428571 0.22530528571428565
vt 0.8078260714285714 0.22530528571428565
vt 0.7053571428571429 0.5571428571428572
vt 0.7020822857142858 0.5270292857142858
vt 0.6108255 0.5210667142857144
vt 0.6078067857142857 0.5571428571428572
vt 0.7716033571428571 0.6
vt 0.8138095714285715 0.5969314285714286
vt 0.8196428571428571 0.567105
vt 0.7716033571428571 0.5685837142857143
vt 0.40714285714285714 0.24556857142857136
vt 0.4357142857142857 0.2785714285714286
vt 0.4357142857142857 0.22781692857142855
vt 0.4164442857142857 0.2043367857142857
vt 0.30714285714285716 0.7666282142857143
vt 0.2939960714285714 0.7949455
vt 0.30714285714285716 0.8214285714285714
vt 0.6689532857142857 0.28465414285714286
vt 0.7071428571428572 0.2857142857142857
vt 0.7071428571428572 0.22815107142857138
vt 0.6642857142857143 0.2341483571428572
vt 0.7177093571428571 0.4214285714285714
vt 0.825 0.4214285714285714
vt 0.8236446428571428 0.40004300000000004
vt 0.7159925714285714 0.3986343571428571
vt 0.464499 0.4541857857142857
vt 0.5714285714285714 0.4571428571428572
vt 0.5714285714285714 0.4142854285714286
vt 0.4642857142857143 0.41077442857142854
vt 0.0002608571428571428 0.4921737142857143
vt 0.10714285714285714 0.4928571428571429
vt 0.10714285714285714 0.4357149285714286
vt 0 0.43472071428571424
vt 0.40714285714285714 0.1914421428571429
vt 0.4714285714285714 0.19285714285714284
vt 0.4714285714285714 0.1785714285714286
vt 0.4071605714285714 0.1785714285714286
vt 0.7785714285714286 0.28482285714285716
vt 0.8428571428571429 0.2857142857142857
vt 0.8428571428571429 0.26428571428571423
vt 0.7785714285714286 0.2633942857142858
vt 0.5928571428571429 0.3352520714285714
vt 0.6571428571428571 0.33571428571428574
vt 0.6571428571428571 0.29285692857142864
vt 0.5928571428571429 0.2923947142857143
vt 0.32142857142857145 0.9998441428571428
vt 0.38571428571428573 1
vt 0.38571428571428573 0.9428573571428571
vt 0.32142857142857145 0.9427024285714286
vt 0.058678071428571434 0.3399644285714286
vt 0.09957192857142858 0.34285714285714286
vt 0.10714285714285714 0.30006071428571424
vt 0.058678071428571434 0.285165
vt 0.7939392857142857 0.3857142857142857
vt 0.8446428571428571 0.3857142857142857
vt 0.8400462142857142 0.36318821428571424
vt 0.8126705714285715 0.36202742857142856
vt 0.6089285714285714 0.12723264285714286
vt 0.5934989285714286 0.12231221428571426
vt 0.5934989285714286 0.15000000000000002
vt 0.5 0.3571428571428571
vt 0.5 0.29966642857142856
vt 0.4516178571428571 0.30433071428571434
vt 0.45 0.3536478571428572
vt 0.280225 0.19744714285714282
vt 0.280225 0.24030428571428575
vt 0.318425 0.24285714285714288
vt 0.3196428571428571 0.19354000000000005
vt 0.39285714285714285 0.9357142857142857
vt 0.39285714285714285 0.9428571428571428
vt 0.4 0.9428571428571428
vt 0.4 0.9357142857142857
vt 0.17142857142857143 0.5785714285714285
vt 0.17857142857142858 0.5785714285714285
vt 0.17857142857142858 0.5714285714285714
vt 0.17142857142857143 0.5714285714285714
vt 0.37857142857142856 0.7642857142857142
vt 0.37857142857142856 0.7571428571428571
vt 0.3142857142857143 0.7571428571428571
vt 0.3142857142857143 0.7642857142857142
vt 0.8357142857142857 0.4
vt 0.9 0.4
vt 0.9 0.3928571428571429
vt 0.8357142857142857 0.3928571428571429
vt 0.8428571428571429 0.6428571428571428
vt 0.9071428571428571 0.6428571428571428
vt 0.9071428571428571 0.6357142857142857
vt 0.8428571428571429 0.6357142857142857
vt 0.85 0.3571428571428571
vt 0.85 0.3642857142857143
vt 0.9142857142857143 0.3642857142857143
vt 0.9142857142857143 0.3571428571428571
vt 0.8931614999999999 0.3176377142857143
vt 0.89769 0.3285714285714286
vt 0.9086242142857143 0.3176377142857143
vt 0.8285714285714286 0.75
vt 0.8857142857142857 0.75
vt 0.8857142857142857 0.7357142857142858
vt 0.8285714285714286 0.7357142857142858
vt 0.19743128571428573 0.30335221428571424
vt 0.1864972857142857 0.29882307142857145
vt 0.1864972857142857 0.3142857142857143
vt 0.15792578571428573 0.37404249999999994
vt 0.16885992857142856 0.37857142857142856
vt 0.16885992857142856 0.36310878571428573
vt 0.17142857142857143 0.17142857142857137
vt 0.22857142857142856 0.17142857142857137
vt 0.22857142857142856 0.15714285714285714
vt 0.17142857142857143 0.15714285714285714
vt 0.9157670714285715 0.8857142857142857
vt 0.9112383571428572 0.8747807857142857
vt 0.9003043571428572 0.8857142857142857
vt 0.8936401428571429 0.6668994285714286
vt 0.9045741428571428 0.6714285714285715
vt 0.9045741428571428 0.6559659285714285
vt 0.8285714285714286 0.5857142857142856
vt 0.8857142857142857 0.5857142857142856
vt 0.8857142857142857 0.5714285714285714
vt 0.8285714285714286 0.5714285714285714
vt 0.5755235714285715 0.30000000000000004
vt 0.5800527857142858 0.28906600000000005
vt 0.5645900714285714 0.28906600000000005
vt 0.17935464285714284 0.09999999999999998
vt 0.1902882142857143 0.09547135714285715
vt 0.17935464285714284 0.08453735714285715
vt 0.40714285714285714 0.11428571428571432
vt 0.40714285714285714 0.17142857142857137
vt 0.42142857142857143 0.17142857142857137
vt 0.42142857142857143 0.11428571428571432
vt 0.7793546428571428 0.1071428571428571
vt 0.7902882142857143 0.10261421428571427
vt 0.7793546428571428 0.09168021428571427
vt 0.35409500000000005 0.1071428571428571
vt 0.3586242142857143 0.0962088571428571
vt 0.3431615 0.0962088571428571
vt 0.8857142857142857 0.33571428571428574
vt 0.8285714285714286 0.33571428571428574
vt 0.8285714285714286 0.35
vt 0.8857142857142857 0.35
vt 0.3722115714285714 0.10261371428571431
vt 0.3831455714285714 0.1071428571428571
vt 0.3831455714285714 0.09168021428571427
vt 0.7086242142857143 0.47857142857142854
vt 0.7040952857142857 0.46763728571428576
vt 0.6931615 0.47857142857142854
vt 0.8857142857142857 0.8
vt 0.8285714285714286 0.8
vt 0.8285714285714286 0.8142857142857143
vt 0.8857142857142857 0.8142857142857143
vt 0.8007832142857143 0.10261421428571427
vt 0.8117167857142857 0.1071428571428571
vt 0.8117167857142857 0.09168021428571427
vt 0.904574 0.28192300000000003
vt 0.8936402857142857 0.2773945
vt 0.8936402857142857 0.2928571428571428
vt 0.8857142857142857 0.5928571428571429
vt 0.8285714285714286 0.5928571428571429
vt 0.8285714285714286 0.6071428571428572
vt 0.8857142857142857 0.6071428571428572
vt 0.8931614999999999 0.339066
vt 0.8976907142857142 0.35
vt 0.9086242142857143 0.339066
vt 0.23314535714285714 0.08453735714285715
vt 0.2222117857142857 0.08906599999999998
vt 0.23314535714285714 0.09999999999999998
vt 0.44285714285714284 0.17142857142857137
vt 0.44285714285714284 0.11428571428571432
vt 0.42857142857142855 0.11428571428571432
vt 0.42857142857142855 0.17142857142857137
vt 0.21171678571428573 0.08453735714285715
vt 0.20078321428571427 0.08906599999999998
vt 0.21171678571428573 0.09999999999999998
vt 0.7142857142857143 0.12142857142857144
vt 0.7142857142857143 0.16428571428571426
vt 0.7285714285714285 0.16428571428571426
vt 0.7285714285714285 0.12142857142857144
vt 0.7357142857142858 0.16428571428571426
vt 0.75 0.16428571428571426
vt 0.75 0.12142857142857144
vt 0.7357142857142858 0.12142857142857144
vt 0.8642857142857143 0.8571428571428572
vt 0.8642857142857143 0.8428571428571429
vt 0.8 0.8428571428571429
vt 0.8 0.8571428571428572
vt 0.8 0.6285714285714286
vt 0.8642857142857143 0.6285714285714286
vt 0.8642857142857143 0.6142857142857143
vt 0.8 0.6142857142857143
vt 0.6714285714285714 0.65
vt 0.7357142857142858 0.65
vt 0.7357142857142858 0.6071428571428572
vt 0.6714285714285714 0.6071428571428572
vt 0.11428571428571428 0.27142857142857146
vt 0.11428571428571428 0.3142857142857143
vt 0.17857142857142858 0.3142857142857143
vt 0.17857142857142858 0.27142857142857146
vt 0.42857142857142855 0.7928571428571428
vt 0.42857142857142855 0.8
vt 0.4357142857142857 0.8
vt 0.4357142857142857 0.7928571428571428
vt 0.4928571428571429 0.8642857142857143
vt 0.5 0.8642857142857143
vt 0.5 0.8571428571428572
vt 0.4928571428571429 0.8571428571428572
vt 0.9142857142857143 0.24285714285714288
vt 0.9142857142857143 0.23571428571428577
vt 0.85 0.23571428571428577
vt 0.85 0.24285714285714288
vt 0.8571428571428571 0.3857142857142857
vt 0.9214285714285714 0.3857142857142857
vt 0.9214285714285714 0.37857142857142856
vt 0.8571428571428571 0.37857142857142856
vt 0.8571428571428571 0.22857142857142854
vt 0.9214285714285714 0.22857142857142854
vt 0.9214285714285714 0.22142857142857142
vt 0.8571428571428571 0.22142857142857142
vt 0.8571428571428571 0.19285714285714284
vt 0.8571428571428571 0.19999999999999996
vt 0.9214285714285714 0.19999999999999996
vt 0.9214285714285714 0.19285714285714284
vt 0.5571428571428572 0.6428571428571428
vt 0.5571428571428572 0.65
vt 0.5642857142857143 0.65
vt 0.5642857142857143 0.6428571428571428
vt 0.5571428571428572 0.6071428571428572
vt 0.5642857142857143 0.6071428571428572
vt 0.5642857142857143 0.6
vt 0.5571428571428572 0.6
vt 0.8214285714285714 0.13571428571428568
vt 0.8214285714285714 0.12857142857142856
vt 0.7571428571428571 0.12857142857142856
vt 0.7571428571428571 0.13571428571428568
vt 0.8642857142857143 0.2142857142857143
vt 0.9285714285714286 0.2142857142857143
vt 0.9285714285714286 0.20714285714285718
vt 0.8642857142857143 0.20714285714285718
vt 0.8285714285714286 0.13571428571428568
vt 0.8928571428571429 0.13571428571428568
vt 0.8928571428571429 0.12857142857142856
vt 0.8285714285714286 0.12857142857142856
vt 0.8642857142857143 0.15714285714285714
vt 0.8642857142857143 0.16428571428571426
vt 0.9285714285714286 0.16428571428571426
vt 0.9285714285714286 0.15714285714285714
vt 0.15714285714285714 0.3857142857142857
vt 0.15714285714285714 0.3928571428571429
vt 0.16428571428571428 0.3928571428571429
vt 0.16428571428571428 0.3857142857142857
vt 0.6285714285714286 0.7857142857142857
vt 0.6357142857142857 0.7857142857142857
vt 0.6357142857142857 0.7785714285714286
vt 0.6285714285714286 0.7785714285714286
vt 0.9285714285714286 0.15000000000000002
vt 0.9285714285714286 0.1428571428571429
vt 0.8642857142857143 0.1428571428571429
vt 0.8642857142857143 0.15000000000000002
vt 0.8714285714285714 0.8642857142857143
vt 0.9357142857142857 0.8642857142857143
vt 0.9357142857142857 0.8571428571428572
vt 0.8714285714285714 0.8571428571428572
vt 0.8714285714285714 0.85
vt 0.9357142857142857 0.85
vt 0.9357142857142857 0.8428571428571429
vt 0.8714285714285714 0.8428571428571429
vt 0.15714285714285714 0.12142857142857144
vt 0.15714285714285714 0.12857142857142856
vt 0.22142857142857142 0.12857142857142856
vt 0.22142857142857142 0.12142857142857144
vt 0.7428571428571429 0.65
vt 0.7928571428571428 0.6490978571428572
vt 0.7928571428571428 0.6071428571428572
vt 0.7486671428571429 0.6071428571428572
vt 0.3932673571428571 0.9815942142857143
vt 0.4138755 0.999099
vt 0.4138755 0.9375
vt 0.8392853571428571 0.664222
vt 0.8288307142857143 0.6392857142857142
vt 0.7928571428571428 0.664222
vt 0.6928571428571428 0.9427388571428571
vt 0.7589205714285714 0.9427388571428571
vt 0.7434695 0.9017857142857143
vt 0.22142857142857142 0.2053571428571429
vt 0.26928164285714284 0.24950257142857135
vt 0.2689404285714286 0.2053571428571429
vt 0.2457647142857143 0.3177820714285714
vt 0.20799435714285713 0.3053571428571429
vt 0.20799435714285713 0.38420842857142856
vt 0.2491485 0.36049171428571425
vt 0.3286247142857143 0.18571428571428572
vt 0.3286247142857143 0.2415949285714286
vt 0.3588752857142857 0.22093514285714289
vt 0.2714285714285714 0.5714285714285714
vt 0.38571428571428573 0.5714285714285714
vt 0.38571428571428573 0.48571428571428577
vt 0.2714285714285714 0.48571428571428577
vt 0.11428571428571428 0.48722071428571423
vt 0.15 0.4928571428571429
vt 0.15 0.3214285714285714
vt 0.11467500000000001 0.3214285714285714
vt 0.18571428571428572 0.2646192857142857
vt 0.21428571428571427 0.2928571428571428
vt 0.21428571428571427 0.20714285714285718
vt 0.18571428571428572 0.20714285714285718
vt 0.2714285714285714 0.75
vt 0.38571428571428573 0.75
vt 0.38571428571428573 0.5785714285714285
vt 0.2714285714285714 0.5785714285714285
vt 0.3999797857142857 0.7607143571428572
vt 0.5071428571428571 0.7714285714285715
vt 0.5071428571428571 0.6785714285714286
vt 0.39285714285714285 0.6785714285714286
vt 0.7571428571428571 0.8857142857142857
vt 0.8357142857142857 0.8857142857142857
vt 0.8357142857142857 0.9071428571428571
vt 0.7571428571428571 0.9071428571428571
vt 0.4642857142857143 0.5214285714285714
vt 0.6 0.5214285714285714
vt 0.6 0.5928571428571429
vt 0.4642857142857143 0.5928571428571429
vt 0.4928571428571429 0.9142857142857143
vt 0.625 0.9142857142857143
vt 0.5964285714285714 0.9642857142857143
vt 0.5214285714285715 0.9642857142857143
vt 0.2714285714285714 0.40714285714285714
vt 0.35 0.40714285714285714
vt 0.35 0.47857142857142854
vt 0.2714285714285714 0.47857142857142854
vt 0.6574207142857142 0.7214285714285714
vt 0.6140078571428571 0.7214285714285714
vt 0.5859821428571428 0.6857142857142857
vt 0.6854464285714286 0.6857142857142857
vt 0.4 0.4214285714285714
vt 0.35714285714285715 0.4214285714285714
vt 0.35714285714285715 0.3142857142857143
vt 0.4 0.3142857142857143
vt 0.7285714285714285 0.2928571428571428
vt 0.7285714285714285 0.33571428571428574
vt 0.6642857142857143 0.33571428571428574
vt 0.6642857142857143 0.2928571428571428
vt 0.8159907142857142 0.9571428571428572
vt 0.7715092857142858 0.9571428571428572
vt 0.7720435714285715 0.9214285714285715
vt 0.8154564285714285 0.9214285714285715
vt 0.9476259285714286 0.2928571428571428
vt 0.9434454999999999 0.29202535714285716
vt 0.9476259285714286 0.2819329285714285
vt 0.569137 0.07433928571428572
vt 0.5696428571428571 0.07857142857142863
vt 0.5516587142857142 0.07857142857142863
vt 0.14762571428571428 0.04916864285714284
vt 0.1434457142857143 0.050000000000000044
vt 0.1434457142857143 0.039076
vt 0.5982142857142857 0.07433914285714283
vt 0.5977092142857142 0.07857142857142863
vt 0.5802309285714286 0.07433914285714283
vt 0.0190545 0.049168214285714384
vt 0.01487407142857143 0.050000000000000044
vt 0.01487407142857143 0.039075785714285716
vt 0.9410714285714286 0.33862492857142856
vt 0.9405664999999999 0.34285714285714286
vt 0.9230879999999999 0.33862492857142856
vt 0.9444767857142858 0.7142857142857143
vt 0.943645 0.7101047857142857
vt 0.9545692857142858 0.7101047857142857
vt 0.9334233571428572 0.28862435714285717
vt 0.9339285714285714 0.2928571428571428
vt 0.9159446428571428 0.2928571428571428
vt 0.943645 0.07857142857142863
vt 0.9444767857142858 0.07439092857142848
vt 0.9545692857142858 0.07857142857142863
vt 0.9225534999999999 0.35229064285714284
vt 0.9267857142857143 0.35178571428571426
vt 0.9267857142857143 0.3697691428571428
vt 0.950788 0.8285714285714285
vt 0.9516193571428572 0.8243914999999999
vt 0.961712 0.8285714285714285
vt 0.45112485714285716 0.05892857142857144
vt 0.45535714285714285 0.059433857142857094
vt 0.45112485714285716 0.07691235714285716
vt 0.951619642857143 0.95
vt 0.9507878571428571 0.9458195
vt 0.9617121428571429 0.9458195
vt 0.7082682142857143 0.05892857142857144
vt 0.7125 0.0594337857142857
vt 0.7082682142857143 0.07691271428571422
vt 0.9434452142857144 0.6113360714285714
vt 0.9476262142857141 0.6105043571428572
vt 0.9476262142857141 0.6214285714285714
vt 0.6791335714285714 0.06657664285714282
vt 0.6833664285714286 0.06607142857142856
vt 0.6833664285714286 0.08405535714285717
vt 0.7791597857142857 0.04621864285714283
vt 0.7833402142857143 0.04705035714285721
vt 0.7791597857142857 0.05714285714285716
vt 0.11479057142857142 0.07744671428571437
vt 0.11428571428571428 0.07321428571428568
vt 0.13226928571428573 0.07321428571428568
vt 0.3148742857142857 0.039076
vt 0.31905428571428573 0.0399072857142857
vt 0.3148742857142857 0.050000000000000044
vt 0.8642857142857143 0.08458978571428566
vt 0.8647913571428572 0.0803571428571429
vt 0.88227 0.08458978571428566
vt 0.6363026428571429 0.04705035714285721
vt 0.6404830714285714 0.04621864285714283
vt 0.6404830714285714 0.05714285714285716
vt 0.9214285714285714 0.8345894285714286
vt 0.9219342857142857 0.8303571428571428
vt 0.9394127142857142 0.8345894285714286
vt 0.9537374999999999 0.6958190714285715
vt 0.9545692857142858 0.7
vt 0.943645 0.7
vt 0.7505052142857143 0.08571428571428574
vt 0.75 0.08148149999999998
vt 0.7679839285714286 0.08148149999999998
vt 0.9545692857142858 0.10296235714285717
vt 0.9537374999999999 0.1071428571428571
vt 0.943645 0.10296235714285717
vt 0.19708942857142858 0.0780657142857143
vt 0.19285714285714287 0.07857142857142863
vt 0.19285714285714287 0.06058728571428584
vt 0.1331405714285714 0.04582007142857136
vt 0.1323092142857143 0.050000000000000044
vt 0.12221657142857144 0.04582007142857136
vt 0.7970899285714286 0.08571428571428574
vt 0.7928571428571428 0.08520971428571433
vt 0.7970899285714286 0.06773092857142848
vt 0.9537374999999999 0.4386766428571429
vt 0.9545692857142858 0.44285714285714284
vt 0.943645 0.44285714285714284
vt 0.08994671428571428 0.07857142857142863
vt 0.08571428571428572 0.07806657142857132
vt 0.08994671428571428 0.06058785714285719
vt 0.3333405 0.05631114285714278
vt 0.3291595 0.05714285714285716
vt 0.3291595 0.04621864285714283
vt 0.41193785714285713 0.08520907142857148
vt 0.407705 0.08571428571428574
vt 0.407705 0.06773035714285713
vt 0.9537374999999999 0.1815337857142858
vt 0.9545692857142858 0.18571428571428572
vt 0.943645 0.18571428571428572
vt 0.9113752857142857 0.08571428571428574
vt 0.9071428571428571 0.08520935714285705
vt 0.9113752857142857 0.06773014285714296
vt 0.961712 0.8386772142857143
vt 0.9608806428571429 0.8428571428571429
vt 0.950788 0.8386772142857143
vt 0.6256608571428571 0.07857142857142863
vt 0.6214285714285714 0.07806628571428575
vt 0.6256608571428571 0.060588071428571366
vt 0.9545692857142858 0.08867664285714294
vt 0.9537374999999999 0.09285714285714286
vt 0.943645 0.08867664285714294
vt 0.5399465 0.07806642857142865
vt 0.5357142857142857 0.07857142857142863
vt 0.5357142857142857 0.06058728571428584
vt 0.9537374999999999 0.6815333571428572
vt 0.9545692857142858 0.6857142857142857
vt 0.943645 0.6857142857142857
vt 0.9147909285714285 0.2785714285714286
vt 0.9142857142857143 0.2743386428571428
vt 0.9322696428571429 0.2743386428571428
vt 0.6791597857142857 0.04705035714285721
vt 0.6833402142857143 0.04621864285714283
vt 0.6833402142857143 0.05714285714285716
vt 0.4928571428571429 0.07744650000000008
vt 0.49336214285714286 0.07321428571428568
vt 0.5108412857142858 0.07744650000000008
vt 0.9505885714285714 0.6605045714285714
vt 0.9547685714285714 0.6613358571428571
vt 0.9505885714285714 0.6714285714285715
vt 0.4642857142857143 0.07744664285714298
vt 0.46479064285714283 0.07321428571428568
vt 0.4822693571428571 0.07744664285714298
vt 0.7934455 0.04621864285714283
vt 0.7976259285714286 0.04705035714285721
vt 0.7934455 0.05714285714285716
vt 0.914790642857143 0.10601814285714284
vt 0.9142857142857143 0.10178571428571426
vt 0.932269857142857 0.10178571428571426
vt 0.38630235714285716 0.04705035714285721
vt 0.39048335714285715 0.04621864285714283
vt 0.39048335714285715 0.05714285714285716
vt 0.6362764285714285 0.06657664285714282
vt 0.6405092857142858 0.06607142857142856
vt 0.6405092857142858 0.08405535714285717
vt 0.951619642857143 0.9357142857142857
vt 0.9507878571428571 0.9315337857142857
vt 0.9617121428571429 0.9315337857142857
vt 0.7225539285714285 0.05892857142857144
vt 0.7267857142857143 0.0594337142857142
vt 0.7225539285714285 0.07691214285714276
vt 0.18650228571428573 0.050000000000000044
vt 0.18733364285714285 0.04582007142857136
vt 0.1974262857142857 0.050000000000000044
vt 0.07255342857142857 0.05892857142857144
vt 0.07678571428571429 0.0594337142857142
vt 0.07255342857142857 0.07691292857142851
vt 0.05078785714285714 0.050000000000000044
vt 0.05161964285714286 0.0458194999999999
vt 0.061712142857142854 0.050000000000000044
vt 0.3725534285714286 0.05943428571428566
vt 0.3767857142857143 0.05892857142857144
vt 0.3767857142857143 0.07691271428571422
vt 0.29447678571428576 0.05714285714285716
vt 0.293645 0.05296192857142856
vt 0.3045692857142857 0.05296192857142856
vt 0.9334233571428572 0.5957672142857142
vt 0.9339285714285714 0.6
vt 0.9159446428571428 0.6
vt 0.07619735714285715 0.049168214285714384
vt 0.07201692857142857 0.050000000000000044
vt 0.07201692857142857 0.039075785714285716
vt 0.9410714285714286 0.581482
vt 0.9405657142857143 0.5857142857142856
vt 0.9230872857142858 0.581482
vt 0.17619714285714286 0.04916864285714284
vt 0.17201714285714287 0.050000000000000044
vt 0.17201714285714287 0.039076
vt 0.44107142857142856 0.07433914285714283
vt 0.4405662857142857 0.07857142857142863
vt 0.42308742857142856 0.07433914285714283
vt 0.9476259285714286 0.27142857142857146
vt 0.9434454999999999 0.2705967857142857
vt 0.9476259285714286 0.26050435714285713
vt 0.9405662142857143 0.3243396428571429
vt 0.9410714285714286 0.3285714285714286
vt 0.9230872857142858 0.3285714285714286
vt 0.9476262142857141 0.6420254285714286
vt 0.9434452142857144 0.6428571428571428
vt 0.9434452142857144 0.6319329285714286
vt 0.3976521428571429 0.08520907142857148
vt 0.3934192857142857 0.08571428571428574
vt 0.3934192857142857 0.06773035714285713
vt 0.6234821428571428 0.37142857142857144
vt 0.6214521428571428 0.34285714285714286
vt 0.6606814285714286 0.3545734285714286
vt 0.6608057142857143 0.3590496428571428
vt 0.6707883571428571 0.3449535
vt 0.6214521428571428 0.34285714285714286
vt 0.7249764285714286 0.34285714285714286
vt 0.6759660714285715 0.3449535
vt 0.7249764285714286 0.34285714285714286
vt 0.7229464285714287 0.37142857142857144
vt 0.6857832857142857 0.3591281428571429
vt 0.6857004285714285 0.35441635714285713
vt 0.6757592142857143 0.3686695714285715
vt 0.6804813571428572 0.36682407142857143
vt 0.7229464285714287 0.37142857142857144
vt 0.6804813571428572 0.36682407142857143
vt 0.6838779285714285 0.3635650714285714
vt 0.7229464285714287 0.37142857142857144
vt 0.6838779285714285 0.3635650714285714
vt 0.6857832857142857 0.3591281428571429
vt 0.7229464285714287 0.37142857142857144
vt 0.6857004285714285 0.35441635714285713
vt 0.6837949285714285 0.3500972142857143
vt 0.7249764285714286 0.34285714285714286
vt 0.6837949285714285 0.3500972142857143
vt 0.6803568571428572 0.3467989285714286
vt 0.7249764285714286 0.34285714285714286
vt 0.6803568571428572 0.3467989285714286
vt 0.6759660714285715 0.3449535
vt 0.7249764285714286 0.34285714285714286
vt 0.6707883571428571 0.3449535
vt 0.6660662142857142 0.3467204285714285
vt 0.6214521428571428 0.34285714285714286
vt 0.6660662142857142 0.3467204285714285
vt 0.6625039285714286 0.35021500000000005
vt 0.6214521428571428 0.34285714285714286
vt 0.6625039285714286 0.35021500000000005
vt 0.6606814285714286 0.3545734285714286
vt 0.6214521428571428 0.34285714285714286
vt 0.6608057142857143 0.3590496428571428
vt 0.6625455 0.36336878571428566
vt 0.6234821428571428 0.37142857142857144
vt 0.6625455 0.36336878571428566
vt 0.6661078571428571 0.36674557142857145
vt 0.6234821428571428 0.37142857142857144
vt 0.6661078571428571 0.36674557142857145
vt 0.6707057142857142 0.3686695714285715
vt 0.6234821428571428 0.37142857142857144
vt 0.7229464285714287 0.37142857142857144
vt 0.6738247142857142 0.37142857142857144
vt 0.6746113571428571 0.3688757857142857
vt 0.6738247142857142 0.37142857142857144
vt 0.6234821428571428 0.37142857142857144
vt 0.6707057142857142 0.3686695714285715
vt 0.6707057142857142 0.3686695714285715
vt 0.6707057142857142 0.3686695714285715
vt 0.6746113571428571 0.3688757857142857
vt 0.6738247142857142 0.37142857142857144
vt 0.012260285714285715 0.014285714285714235
vt 0.012260285714285715 0.0017857142857142794
vt 0.0035714285714285713 0.0017857142857142794
vt 0.0035714285714285713 0.014285714285714235
vt 0.01209292857142857 0.005454571428571531
vt 0.0035714285714285713 0.004727071428571428
vt 0.0035714285714285713 0.014285714285714235
vt 0.012260285714285715 0.014285714285714235
vt 0.012260285714285715 0.0017857142857142794
vt 0.0035714285714285713 0.0017857142857142794
vt 0.0035714285714285713 0.014285714285714235
vt 0.0120935 0.005454714285714202
vt 0.0035714285714285713 0.004726999999999926
vt 0.0035714285714285713 0.014285714285714235
vt 0.012260285714285715 0.014285714285714235
vt 0.012260285714285715 0.0017857142857142794
vt 0.0035714285714285713 0.0017857142857142794
vt 0.0035714285714285713 0.014285714285714235
vt 0.012092857142857143 0.005454571428571531
vt 0.0035714285714285713 0.004726999999999926
vt 0.0035714285714285713 0.014285714285714235
vt 0.012260285714285715 0.014285714285714235
vt 0.012260285714285715 0.0017857142857142794
vt 0.0035714285714285713 0.0017857142857142794
vt 0.0035714285714285713 0.014285714285714235
vt 0.025411857142857142 0.014285714285714235
vt 0.025411857142857142 0.010555999999999899
vt 0.0035714285714285713 0.012420857142857233
vt 0.012260285714285715 0.014285714285714235
vt 0.012260285714285715 0.0017857142857142794
vt 0.0035714285714285713 0.0017857142857142794
vt 0.0035714285714285713 0.014285714285714235
vt 0.024144785714285712 0.014285714285714235
vt 0.025839714285714285 0.010627857142857078
vt 0.0035714285714285713 0.010627857142857078
vt 0.012260285714285715 0.014285714285714235
vt 0.012260285714285715 0.0017857142857142794
vt 0.0035714285714285713 0.0017857142857142794
vt 0.0035714285714285713 0.014285714285714235
vt 0.02414457142857143 0.014285714285714235
vt 0.025839785714285714 0.010627642857142794
vt 0.0035714285714285713 0.010627642857142794
vt 0.012260285714285715 0.014285714285714235
vt 0.012260285714285715 0.0017857142857142794
vt 0.0035714285714285713 0.0017857142857142794
vt 0.0035714285714285713 0.014285714285714235
vt 0.024144714285714283 0.014285714285714235
vt 0.025839785714285714 0.010627857142857078
vt 0.0035714285714285713 0.010627857142857078
vt 0.012260285714285715 0.014285714285714235
vt 0.012260285714285715 0.0017857142857142794
vt 0.0035714285714285713 0.0017857142857142794
vt 0.0035714285714285713 0.014285714285714235
vt 0.0035714285714285713 0.014285714285714235
vt 0.012260285714285715 0.014285714285714235
vt 0.007915857142857143 0.004910714285714324
vt 0.012260285714285715 0.014285714285714235
vt 0.012260285714285715 0.0017857142857142794
vt 0.0035714285714285713 0.0017857142857142794
vt 0.0035714285714285713 0.014285714285714235
vt 0.0035714285714285713 0.013558142857142963
vt 0.01209292857142857 0.014285714285714235
vt 0.01209292857142857 0.004727071428571428
vt 0.012260285714285715 0.014285714285714235
vt 0.012260285714285715 0.0017857142857142794
vt 0.0035714285714285713 0.0017857142857142794
vt 0.0035714285714285713 0.014285714285714235
vt 0.0035714285714285713 0.013558071428571461
vt 0.0120935 0.014285714285714235
vt 0.0120935 0.004726999999999926
vt 0.012260285714285715 0.014285714285714235
vt 0.012260285714285715 0.0017857142857142794
vt 0.0035714285714285713 0.0017857142857142794
vt 0.0035714285714285713 0.014285714285714235
vt 0.0035714285714285713 0.013558142857142963
vt 0.012092857142857143 0.014285714285714235
vt 0.012092857142857143 0.004726999999999926
vt 0.012260285714285715 0.014285714285714235
vt 0.012260285714285715 0.0017857142857142794
vt 0.0035714285714285713 0.0017857142857142794
vt 0.0035714285714285713 0.014285714285714235
vt 0.0035714285714285713 0.010555999999999899
vt 0.0035714285714285713 0.014285714285714235
vt 0.025411857142857142 0.012420857142857233
vt 0.012260285714285715 0.014285714285714235
vt 0.012260285714285715 0.0017857142857142794
vt 0.0035714285714285713 0.0017857142857142794
vt 0.0035714285714285713 0.014285714285714235
vt 0.005266357142857143 0.010627857142857078
vt 0.0035714285714285713 0.014285714285714235
vt 0.025839714285714285 0.014285714285714235
vt 0.012260285714285715 0.014285714285714235
vt 0.012260285714285715 0.0017857142857142794
vt 0.0035714285714285713 0.0017857142857142794
vt 0.0035714285714285713 0.014285714285714235
vt 0.005266642857142858 0.010627642857142794
vt 0.0035714285714285713 0.014285714285714235
vt 0.025839785714285714 0.014285714285714235
vt 0.012260285714285715 0.014285714285714235
vt 0.012260285714285715 0.0017857142857142794
vt 0.0035714285714285713 0.0017857142857142794
vt 0.0035714285714285713 0.014285714285714235
vt 0.0052665 0.010627857142857078
vt 0.0035714285714285713 0.014285714285714235
vt 0.025839785714285714 0.014285714285714235
vt 0.012260285714285715 0.014285714285714235
vt 0.012260285714285715 0.0017857142857142794
vt 0.0035714285714285713 0.0017857142857142794
vt 0.0035714285714285713 0.014285714285714235
vt 0.012260285714285715 0.004910714285714324
vt 0.0035714285714285713 0.004910714285714324
vt 0.007915857142857143 0.014285714285714235
vt 0.6928571428571428 0.85
vt 0.4928571428571429 0.85
vt 0.4928571428571429 0.8214285714285714
vt 0.6928571428571428 0.8214285714285714
vt 0.2 0.5571428571428572
vt 0.195 0.5571428571428572
vt 0.18571428571428572 0.5285714285714286
vt 0.2 0.5285714285714286
vt 0.065 0.27142857142857146
vt 0.05785714285714286 0.27142857142857146
vt 0.05785714285714286 0.24285714285714288
vt 0.07428571428571429 0.24285714285714288
vt 0.8859925 0.4711775
vt 0.933559 0.4642857142857143
vt 0.9354360714285714 0.4711775
vt 0.6284459285714286 0.1351578571428571
vt 0.6215540714285714 0.1332807857142857
vt 0.6284459285714286 0.08571428571428574
vt 0.6433896428571428 0.7928571428571428
vt 0.6910953571428571 0.7785714285714286
vt 0.7946189285714286 0.7785714285714286
vt 0.8423246428571428 0.7928571428571428
vt 0.6214285714285714 0.7285714285714286
vt 0.8214285714285714 0.7285714285714286
vt 0.8214285714285714 0.7428571428571429
vt 0.6214285714285714 0.7428571428571429
vt 0.2766100714285714 0.18851964285714295
vt 0.2447265714285714 0.18799485714285724
vt 0.24673628571428574 0.15925471428571425
vt 0.7179437142857142 0.45643628571428563
vt 0.7141958571428572 0.43234685714285714
vt 0.6251780714285714 0.4339182857142857
vt 0.6232982857142857 0.45643628571428563
vt 0.4 0.9428571428571428
vt 0.39285714285714285 0.9428571428571428
vt 0.39285714285714285 0.9357142857142857
vt 0.4 0.9357142857142857
vt 0.17857142857142858 0.5714285714285714
vt 0.17857142857142858 0.5785714285714285
vt 0.17142857142857143 0.5785714285714285
vt 0.17142857142857143 0.5714285714285714
vt 0.3142857142857143 0.7571428571428571
vt 0.37857142857142856 0.7571428571428571
vt 0.37857142857142856 0.7642857142857142
vt 0.3142857142857143 0.7642857142857142
vt 0.9 0.3928571428571429
vt 0.9 0.4
vt 0.8357142857142857 0.4
vt 0.8357142857142857 0.3928571428571429
vt 0.9071428571428571 0.6357142857142857
vt 0.9071428571428571 0.6428571428571428
vt 0.8428571428571429 0.6428571428571428
vt 0.8428571428571429 0.6357142857142857
vt 0.9142857142857143 0.3642857142857143
vt 0.85 0.3642857142857143
vt 0.85 0.3571428571428571
vt 0.9142857142857143 0.3571428571428571
vt 0.89769 0.3285714285714286
vt 0.8931614999999999 0.3176377142857143
vt 0.9086242142857143 0.3176377142857143
vt 0.8857142857142857 0.7357142857142858
vt 0.8857142857142857 0.75
vt 0.8285714285714286 0.75
vt 0.8285714285714286 0.7357142857142858
vt 0.1864972857142857 0.29882307142857145
vt 0.19743128571428573 0.30335221428571424
vt 0.1864972857142857 0.3142857142857143
vt 0.16885992857142856 0.37857142857142856
vt 0.15792578571428573 0.37404249999999994
vt 0.16885992857142856 0.36310878571428573
vt 0.22857142857142856 0.15714285714285714
vt 0.22857142857142856 0.17142857142857137
vt 0.17142857142857143 0.17142857142857137
vt 0.17142857142857143 0.15714285714285714
vt 0.9112383571428572 0.8747807857142857
vt 0.9157670714285715 0.8857142857142857
vt 0.9003043571428572 0.8857142857142857
vt 0.9045741428571428 0.6714285714285715
vt 0.8936401428571429 0.6668994285714286
vt 0.9045741428571428 0.6559659285714285
vt 0.8857142857142857 0.5714285714285714
vt 0.8857142857142857 0.5857142857142856
vt 0.8285714285714286 0.5857142857142856
vt 0.8285714285714286 0.5714285714285714
vt 0.5800527857142858 0.28906600000000005
vt 0.5755235714285715 0.30000000000000004
vt 0.5645900714285714 0.28906600000000005
vt 0.1902882142857143 0.09547135714285715
vt 0.17935464285714284 0.09999999999999998
vt 0.17935464285714284 0.08453735714285715
vt 0.42142857142857143 0.17142857142857137
vt 0.40714285714285714 0.17142857142857137
vt 0.40714285714285714 0.11428571428571432
vt 0.42142857142857143 0.11428571428571432
vt 0.7902882142857143 0.10261421428571427
vt 0.7793546428571428 0.1071428571428571
vt 0.7793546428571428 0.09168021428571427
vt 0.3586242142857143 0.0962088571428571
vt 0.35409500000000005 0.1071428571428571
vt 0.3431615 0.0962088571428571
vt 0.8285714285714286 0.35
vt 0.8285714285714286 0.33571428571428574
vt 0.8857142857142857 0.33571428571428574
vt 0.8857142857142857 0.35
vt 0.3831455714285714 0.1071428571428571
vt 0.3722115714285714 0.10261371428571431
vt 0.3831455714285714 0.09168021428571427
vt 0.7040952857142857 0.46763728571428576
vt 0.7086242142857143 0.47857142857142854
vt 0.6931615 0.47857142857142854
vt 0.8285714285714286 0.8142857142857143
vt 0.8285714285714286 0.8
vt 0.8857142857142857 0.8
vt 0.8857142857142857 0.8142857142857143
vt 0.8117167857142857 0.1071428571428571
vt 0.8007832142857143 0.10261421428571427
vt 0.8117167857142857 0.09168021428571427
vt 0.8936402857142857 0.2773945
vt 0.904574 0.28192300000000003
vt 0.8936402857142857 0.2928571428571428
vt 0.8285714285714286 0.6071428571428572
vt 0.8285714285714286 0.5928571428571429
vt 0.8857142857142857 0.5928571428571429
vt 0.8857142857142857 0.6071428571428572
vt 0.8976907142857142 0.35
vt 0.8931614999999999 0.339066
vt 0.9086242142857143 0.339066
vt 0.2222117857142857 0.08906599999999998
vt 0.23314535714285714 0.08453735714285715
vt 0.23314535714285714 0.09999999999999998
vt 0.42857142857142855 0.11428571428571432
vt 0.44285714285714284 0.11428571428571432
vt 0.44285714285714284 0.17142857142857137
vt 0.42857142857142855 0.17142857142857137
vt 0.20078321428571427 0.08906599999999998
vt 0.21171678571428573 0.08453735714285715
vt 0.21171678571428573 0.09999999999999998
vt 0.7285714285714285 0.16428571428571426
vt 0.7142857142857143 0.16428571428571426
vt 0.7142857142857143 0.12142857142857144
vt 0.7285714285714285 0.12142857142857144
vt 0.75 0.12142857142857144
vt 0.75 0.16428571428571426
vt 0.7357142857142858 0.16428571428571426
vt 0.7357142857142858 0.12142857142857144
vt 0.8 0.8428571428571429
vt 0.8642857142857143 0.8428571428571429
vt 0.8642857142857143 0.8571428571428572
vt 0.8 0.8571428571428572
vt 0.8642857142857143 0.6142857142857143
vt 0.8642857142857143 0.6285714285714286
vt 0.8 0.6285714285714286
vt 0.8 0.6142857142857143
vt 0.7357142857142858 0.6071428571428572
vt 0.7357142857142858 0.65
vt 0.6714285714285714 0.65
vt 0.6714285714285714 0.6071428571428572
vt 0.17857142857142858 0.3142857142857143
vt 0.11428571428571428 0.3142857142857143
vt 0.11428571428571428 0.27142857142857146
vt 0.17857142857142858 0.27142857142857146
vt 0.4357142857142857 0.8
vt 0.42857142857142855 0.8
vt 0.42857142857142855 0.7928571428571428
vt 0.4357142857142857 0.7928571428571428
vt 0.5 0.8571428571428572
vt 0.5 0.8642857142857143
vt 0.4928571428571429 0.8642857142857143
vt 0.4928571428571429 0.8571428571428572
vt 0.85 0.23571428571428577
vt 0.9142857142857143 0.23571428571428577
vt 0.9142857142857143 0.24285714285714288
vt 0.85 0.24285714285714288
vt 0.9214285714285714 0.37857142857142856
vt 0.9214285714285714 0.3857142857142857
vt 0.8571428571428571 0.3857142857142857
vt 0.8571428571428571 0.37857142857142856
vt 0.9214285714285714 0.22142857142857142
vt 0.9214285714285714 0.22857142857142854
vt 0.8571428571428571 0.22857142857142854
vt 0.8571428571428571 0.22142857142857142
vt 0.9214285714285714 0.19999999999999996
vt 0.8571428571428571 0.19999999999999996
vt 0.8571428571428571 0.19285714285714284
vt 0.9214285714285714 0.19285714285714284
vt 0.5642857142857143 0.65
vt 0.5571428571428572 0.65
vt 0.5571428571428572 0.6428571428571428
vt 0.5642857142857143 0.6428571428571428
vt 0.5642857142857143 0.6
vt 0.5642857142857143 0.6071428571428572
vt 0.5571428571428572 0.6071428571428572
vt 0.5571428571428572 0.6
vt 0.7571428571428571 0.12857142857142856
vt 0.8214285714285714 0.12857142857142856
vt 0.8214285714285714 0.13571428571428568
vt 0.7571428571428571 0.13571428571428568
vt 0.9285714285714286 0.20714285714285718
vt 0.9285714285714286 0.2142857142857143
vt 0.8642857142857143 0.2142857142857143
vt 0.8642857142857143 0.20714285714285718
vt 0.8928571428571429 0.12857142857142856
vt 0.8928571428571429 0.13571428571428568
vt 0.8285714285714286 0.13571428571428568
vt 0.8285714285714286 0.12857142857142856
vt 0.9285714285714286 0.16428571428571426
vt 0.8642857142857143 0.16428571428571426
vt 0.8642857142857143 0.15714285714285714
vt 0.9285714285714286 0.15714285714285714
vt 0.16428571428571428 0.3928571428571429
vt 0.15714285714285714 0.3928571428571429
vt 0.15714285714285714 0.3857142857142857
vt 0.16428571428571428 0.3857142857142857
vt 0.6357142857142857 0.7785714285714286
vt 0.6357142857142857 0.7857142857142857
vt 0.6285714285714286 0.7857142857142857
vt 0.6285714285714286 0.7785714285714286
vt 0.8642857142857143 0.1428571428571429
vt 0.9285714285714286 0.1428571428571429
vt 0.9285714285714286 0.15000000000000002
vt 0.8642857142857143 0.15000000000000002
vt 0.9357142857142857 0.8571428571428572
vt 0.9357142857142857 0.8642857142857143
vt 0.8714285714285714 0.8642857142857143
vt 0.8714285714285714 0.8571428571428572
vt 0.9357142857142857 0.8428571428571429
vt 0.9357142857142857 0.85
vt 0.8714285714285714 0.85
vt 0.8714285714285714 0.8428571428571429
vt 0.22142857142857142 0.12857142857142856
vt 0.15714285714285714 0.12857142857142856
vt 0.15714285714285714 0.12142857142857144
vt 0.22142857142857142 0.12142857142857144
vt 0.5406235714285714 0.050000000000000044
vt 0.5360903571428571 0.050000000000000044
vt 0.5361622857142857 0.042857142857142816
vt 0.5406953571428571 0.042857142857142816
vt 0.5714285714285714 0.044642857142857095
vt 0.5714285714285714 0.049175928571428495
vt 0.5642857142857143 0.049247214285714325
vt 0.5642857142857143 0.04471392857142864
vt 0.9509535 0.9785714285714285
vt 0.9438135714285715 0.9785714285714285
vt 0.9436893571428572 0.9714285714285714
vt 0.9508292142857144 0.9714285714285714
vt 0.95 0.9911961428571429
vt 0.95 0.9983361428571429
vt 0.9428571428571428 0.9982121428571429
vt 0.9428571428571428 0.9910714285714286
vt 0.6786817857142857 0.09997578571428578
vt 0.6857142857142857 0.0989213571428571
vt 0.6857142857142857 0.1845511428571428
vt 0.6785714285714286 0.18571428571428572
vt 0.986491642857143 0.7996458571428572
vt 0.9003043571428572 0.7996458571428572
vt 0.9015388571428572 0.7982142857142858
vt 0.9871956428571429 0.7988405714285715
vt 0.14285714285714285 0.10720035714285714
vt 0.15 0.10596585714285722
vt 0.15 0.1921531428571428
vt 0.14348342857142857 0.19285714285714284
vt 0.9931262142857142 0.3995643571428571
vt 0.9074964285714285 0.3995643571428571
vt 0.9085507857142857 0.39832464285714286
vt 0.9942892857142858 0.39821428571428574
vt 0.9357142857142857 0.5139764285714286
vt 0.9357142857142857 0.5068464285714286
vt 0.9428571428571428 0.5071556428571429
vt 0.9428571428571428 0.5142857142857142
vt 0.9357142857142857 0.9100075714285715
vt 0.9357142857142857 0.9142857142857143
vt 0.8928571428571429 0.9118618571428572
vt 0.8928571428571429 0.9097231428571428
vt 0.5245625 0.11428571428571432
vt 0.5215123571428572 0.06428571428571428
vt 0.5257905714285714 0.06428571428571428
vt 0.5267019285714286 0.11428571428571432
vt 0.4224824285714286 0.06428571428571428
vt 0.4221732142857143 0.05714285714285716
vt 0.4293032142857143 0.05714285714285716
vt 0.4296125 0.06428571428571428
vt 0.6668217142857144 0.0714285714285714
vt 0.6692455714285714 0.11428571428571432
vt 0.6649674285714285 0.11428571428571432
vt 0.664683 0.0714285714285714
vt 0.9517082142857143 0.3168657142857143
vt 0.951704642857143 0.3213992857142858
vt 0.9500775 0.3214285714285714
vt 0.22142857142857142 0.05000235714285706
vt 0.22857142857142856 0.05171649999999994
vt 0.22857142857142856 0.05533921428571431
vt 0.22142857142857142 0.05714285714285716
vt 0.9527307142857142 0.38567928571428567
vt 0.9508407142857144 0.3857142857142857
vt 0.9508442857142857 0.3811807142857143
vt 0.6251780714285714 0.4339182857142857
vt 0.7141958571428572 0.43234685714285714
vt 0.7179437142857142 0.45643628571428563
vt 0.6232982857142857 0.45643628571428563
vt 0.2447265714285714 0.18799485714285724
vt 0.2766100714285714 0.18851964285714295
vt 0.24673628571428574 0.15925471428571425
vt 0.8201237857142857 0.5267297142857144
vt 0.8196831428571428 0.5467665714285714
vt 0.7130188571428572 0.5319448571428571
vt 0.7130188571428572 0.5161774285714287
vt 0.7130188571428572 0.5319448571428571
vt 0.8196831428571428 0.5467665714285714
vt 0.8201237857142857 0.5267297142857144
vt 0.7130188571428572 0.5161774285714287
vt 0.8857142857142857 0.4419457857142858
vt 0.8857142857142857 0.4376675714285714
vt 0.9357142857142857 0.44071771428571427
vt 0.9357142857142857 0.44285714285714284
vt 0 1
vt 0.3142857142857143 1
vt 0 1
vt 0.3142857142857143 1
vt 0.3142857142857143 1
vt 0 1
vt 0.3142857142857143 1
vt 0 1
vt 0 0.8571428571428572
vt 0.3142857142857143 0.8571428571428572
vt 0.3142857142857143 1
vt 0 1
vt 0 1
vt 0 0.8571428571428572
vt 0 1
vt 0 0.8571428571428572
vt 0 0.8571428571428572
vt 0 1
vt 0 0.8571428571428572
vt 0 1
vn 1 0 0
vn -1 0 0
vn 0 1 0
vn 0 -1 0
vn 0 0 1
vn 0 0 -1
vn 1 0 0
vn -1 0 0
vn 0 1 0
vn 0 -1 0
vn 0 0 1
vn 0 0 -1
vn 0 0 -1
vn 0.7071067811865476 -0.7071067811865476 0
vn 0 0 1
vn 0 0 -1
vn 1 0 0
vn 0 0 1
vn 0 0 -1
vn 0.7071067811865476 0.7071067811865476 0
vn 0 0 1
vn 0 0 -1
vn 0 1 0
vn 0 0 1
vn 0 0 -1
vn -0.7071067811865476 0.7071067811865476 0
vn 0 0 1
vn 0 0 -1
vn -1 0 0
vn 0 0 1
vn 0 0 -1
vn -0.7071067811865476 -0.7071067811865476 0
vn 0 0 1
vn 0 0 -1
vn 0 -1 0
vn 0 0 1
vn 1 0 0
vn -1 0 0
vn 0 1 0
vn 0 -1 0
vn 0 0 1
vn 0 0 -1
vn -0.13725385768332016 0.28392130166120383 -0.9489731676997272
vn -0.08773366197611017 0.17044773449567494 -0.9814531951965686
vn -0.11156037367240125 -0.04381107204994975 -0.992791454934977
vn -0.061025236978312664 0.044168340256401664 -0.9971585020300111
vn -0.10920570746591371 0.06749760217594358 -0.9917248545626793
vn -0.22636451803520932 0.018137482289695018 -0.9738737786340069
vn -0.22769225691592207 0.01763568645681044 -0.9735734274844046
vn -0.22722631771408497 0.017892840693657663 -0.9736775887274028
vn -0.22812784330829483 0.01723496993212981 -0.9734786299241215
vn -0.3250159250563699 0.1674795857293322 -0.9307605690099273
vn -0.1979705576381442 0.06033520817014201 -0.9783492837241249
vn -0.22954715357129013 0.015417725658055733 -0.9731754199643822
vn -0.2295445113971098 0.015415218782308983 -0.9731760828942293
vn -0.6927524667104432 0.2825971062582866 -0.6635004863608158
vn -0.35690567115495925 -0.131034025368469 -0.9249045497202204
vn -0.32682944956921983 -0.09810386052404294 -0.9399777356110942
vn -0.42737557936420567 0.1027941668733458 -0.8982112632448584
vn -0.28764797750193866 0.03373475089637853 -0.9571418952386338
vn -0.26234632060383634 0.11185106112476063 -0.9584694821385261
vn -0.20775921246222898 0.2849540931984832 -0.9357549221919725
vn -0.3389182042905233 -0.06713605551110734 -0.9384173915965628
vn -0.3150080981192883 -0.02416973247785855 -0.9487811771695398
vn -0.12546137676937053 0.287328517577844 -0.949579783865291
vn -0.23435735040405276 0.24896523002520976 -0.9397302520138885
vn -0.17967965360654206 0.2747031171864882 -0.9445916681232478
vn -0.42214447373612457 0.9052880392719624 -0.047408957436081464
vn -0.7365368637396384 0.6749351421990528 -0.04445224603236295
vn -0.9388137962346831 0.3416921848401569 -0.04330250360641089
vn -0.9981131099286816 -0.04358730176081481 -0.04324773882768131
vn -0.6749149587008237 -0.736531965138964 -0.04483818518184538
vn -0.9055492006064505 -0.4222589359366517 -0.040963841405139735
vn 0.04358939872367773 -0.9981768252200501 -0.041749130679931794
vn -0.3416540475735706 -0.9386933186733099 -0.04612336994067586
vn 0.42195264792653714 -0.9048923551518996 -0.05590875151022966
vn 0.7365815318011703 -0.6749603787007116 -0.04331436474928081
vn 0.939273791671567 -0.34186532099526745 -0.02988053847775506
vn 0.9987704957293407 0.04361532373003532 -0.02356269077357816
vn 0.9061265538161812 0.4225354810902856 -0.019960853914909968
vn 0.34175056942341664 0.9389153832585904 -0.040551835706228626
vn -0.04359598063490407 0.998327547905939 -0.03796705894056186
vn 0.6752999827938619 0.7369521403746961 -0.029520772953361828
vn 0.6685530399667533 0.7432194465846422 -0.025723276805861308
vn 0.6785413177980181 0.7339993169255842 -0.028752091988326185
vn 0 0 -1
vn 0 0 -1
vn 0 0 -1
vn 0 0 -1
vn 0 0 -1
vn 0 0 -1
vn 0 0 -1
vn 0 0 -1
vn 0 0 -1
vn 0 0 -1
vn 0 0 -1
vn 0 0 -1
vn 0 0 -1
vn 0 0 -1
vn 0 0 -1
vn 0 0 -1
vn 0.08686054324736664 -0.9928969924868143 -0.08130687755295644
vn -0.29992051999300573 -0.9512458153426877 -0.07196582855877146
vn -0.6413608846128147 -0.7643376450829827 -0.06666468328634177
vn -0.8854565300044096 -0.46093762747415123 -0.05918814958292673
vn -0.9948523261596078 -0.0870451686122599 -0.051884369092057486
vn -0.7648342376963067 0.6417911447733121 -0.05597066497792492
vn -0.9522577607630586 0.3002438560990321 -0.0553062739778189
vn -0.4608626232328864 0.8852988860501633 -0.06206065472779565
vn -0.08697005588471583 0.9939938514973705 -0.0664261436847932
vn 0.30000730160280564 0.9515210570739732 -0.06784760076695591
vn 0.6412549627430479 0.7642114133865394 -0.06908681789719728
vn 0.8847331687294778 0.4605610709537805 -0.07162904488965674
vn 0.9932627669563884 0.08690608922808907 -0.07665772911598046
vn 0.9501402527599919 -0.2995762125319669 -0.08653087870916652
vn 0.7626901002645157 -0.6399805951297246 -0.09342723808347639
vn 0.459508007224039 -0.8826967222312668 -0.09848293181648601
vn 0 0 -1
vn 0 0 -1
vn 0 0 -1
vn 0 0 -1
vn 0 0 -1
vn 0 0 -1
vn 0 0 -1
vn 0 0 -1
vn 0 0 -1
vn 0 0 -1
vn 0 0 -1
vn 0 0 -1
vn 0 0 -1
vn 0 0 -1
vn 0 0 -1
vn 0 0 -1
vn -0.7992477925058586 0.11973760371380227 -0.5889532005443119
vn -0.8776976612731134 0.03835361327627457 -0.47767752275396147
vn -0.8750823941446013 0.04913334547389248 -0.4814734861035401
vn -0.5766407316001135 -0.13566422231603992 -0.8056554384121477
vn -0.7698694215632613 -0.6301739275023585 -0.10090537566503498
vn -0.4528621350604023 -0.1308635268872298 -0.881924386758394
vn -0.9145426144325818 -0.3961983540074899 -0.08147803795240656
vn -0.4461037905743078 -0.044143688130543146 -0.8938919078017584
vn -0.5074871053410945 -0.8313234828316385 -0.22662326624861737
vn -0.9984068050133938 -0.013756581681379472 -0.0547230131059182
vn -0.9562228417207846 0.2913699861740104 -0.027228810631102118
vn -0.7998886200267943 0.5986724283670716 -0.04206565183976419
vn -0.5557546310146747 0.8297749223173178 -0.05109176449323528
vn -0.4876608947816958 0.8665083066886387 -0.1065373462233051
vn -0.47840395534238844 0.8720183121941796 -0.10350709497794199
vn -0.4559609615264318 0.2909072333010409 -0.84111389429555
vn -0.18205767150188495 0.9766445081651575 -0.1141074446219424
vn -0.3500907344388301 0.6996092674372818 -0.6228830954328033
vn -0.10690627342069947 0.7148962738150642 -0.69100967170412
vn -0.46579356436371405 0.055785352374065865 -0.8831332571349853
vn -0.48732253235086637 0.1478626864136566 -0.8606122096680221
vn -0.4433556406868253 0.0036046296666471726 -0.8963385423578197
vn -0.9790169044994759 0.1981163897502293 -0.04770531224716306
vn -0.9149285480570493 0.006154113742525586 -0.4035689269929783
vn -0.8967695944811782 0.027715704335429782 -0.4416289552862837
vn -0.9846539887119409 0.1563959264786534 -0.07743924518323385
vn -0.6555846124271207 0.3140359831739192 -0.6867242657870565
vn -0.6555982980052243 0.3140285602825354 -0.68671459499528
vn -0.6555963192742593 0.31403004316392696 -0.6867158059521462
vn -0.9065647124922018 0.1573196772713942 -0.3916515558594862
vn -0.9065674918164309 0.15731874147729275 -0.3916454983293773
vn -0.9065662819966884 0.15731948408099655 -0.39164800047388193
vn -0.7247194819796565 0.03617618107112804 -0.6880937119043069
vn -0.2597852254650102 0.27171553726340414 -0.9266511228287342
vn -0.2100097707378011 0.2708491665158855 -0.9394342048234706
vn -0.19152523132907254 0.2868510807994271 -0.9386344033800093
vn -0.7502520445458445 0.18710528815655297 -0.6341241840512263
vn -0.10972973650183544 0.26938506830611786 -0.956760717160224
vn -0.04704288678863469 0.7725480645940455 -0.6332112243908712
vn -0.17432346157938347 0.7778995436640017 -0.6037247971636738
vn -0.14172539223186859 0.9441902609500431 -0.2973527607469164
vn -0.4969821464421098 0.8607905315343573 -0.1097652355647837
vn -0.2574370464173754 0.9607716150547596 -0.10317010631460465
vn -0.08679785103238016 0.9935221740683752 -0.07334727459565145
vn -0.7932388251775224 0.6086758555869636 -0.016907662655193435
vn -0.49985629484744637 0.8657744293028712 -0.024048327731269113
vn -0.2587250573187318 0.9655785545808523 -0.02682162651613479
vn -0.08712260224121379 0.9958104064790015 -0.027772045780692686
vn -0.292968244699107 0.9163505190475278 -0.2728943638832632
vn -0.5764114196865503 0.7881838606875945 -0.21567586097320704
vn -0.5835515302570576 0.8018363506441729 -0.12855379543320267
vn -0.9331069210880982 0 -0.3595990459073689
vn -0.8840512120718304 0 -0.46739004528800987
vn -0.01197270219643896 0 -0.9999283246323787
vn -0.004895611640581666 -0.3426903444138368 -0.9394356608263233
vn 0.9261935359113002 -0.32003731075714265 -0.19935308816133082
vn 0.9347253334935431 -0.0377516585613626 -0.35336010414483865
vn 0.8934504745760169 -0.12424257275526873 -0.43163645883433194
vn 0.025610970342287532 -0.9950689660758095 -0.09582187094262963
vn 0.01661907173078741 -0.9930475292794677 -0.11653502068799776
vn -1 0 0
vn -0.9536405745895769 0 -0.3009479265528536
vn -0.995701215992102 0 -0.09262336892949728
vn -1 0 0
vn -0.9913567454881222 0.13051458555534873 -0.013332146583137357
vn 0.13725385768332016 0.28392130166120383 -0.9489731676997272
vn 0.08773366197611018 0.17044773449567485 -0.9814531951965686
vn 0.11156037367240125 -0.04381107204994974 -0.9927914549349771
vn 0.061025236978312664 0.04416834025640168 -0.9971585020300111
vn 0.10920570746591374 0.0674976021759436 -0.9917248545626794
vn 0.22636451803520932 0.01813748228969502 -0.9738737786340069
vn 0.22769225691592201 0.01763568645681049 -0.9735734274844045
vn 0.22722631771408497 0.017892840693657652 -0.9736775887274028
vn 0.22812784330829478 0.017234969932129807 -0.9734786299241215
vn 0.32501592505636995 0.16747958572933216 -0.9307605690099272
vn 0.19797055763814422 0.06033520817014203 -0.9783492837241249
vn 0.2295471535712901 0.015417725658055702 -0.9731754199643822
vn 0.2295445113971095 0.015415218782309077 -0.9731760828942293
vn 0.6927524667104432 0.2825971062582866 -0.6635004863608158
vn 0.3569056711549592 -0.1310340253684691 -0.9249045497202204
vn 0.3268294495692198 -0.09810386052404285 -0.9399777356110942
vn 0.4273755793642056 0.1027941668733458 -0.8982112632448584
vn 0.28764797750193866 0.03373475089637855 -0.9571418952386336
vn 0.26234632060383617 0.11185106112476063 -0.958469482138526
vn 0.207759212462229 0.284954093198483 -0.9357549221919728
vn 0.3389182042905232 -0.06713605551110749 -0.9384173915965628
vn 0.3150080981192883 -0.02416973247785852 -0.9487811771695398
vn 0.12546137676937044 0.287328517577844 -0.949579783865291
vn 0.23435735040405242 0.24896523002520962 -0.9397302520138886
vn 0.17967965360654206 0.2747031171864882 -0.9445916681232478
vn 0.4221444737361246 0.9052880392719624 -0.04740895743608148
vn 0.7365368637396384 0.6749351421990528 -0.04445224603236295
vn 0.9388137962346831 0.3416921848401569 -0.0433025036064109
vn 0.9981131099286816 -0.04358730176081483 -0.04324773882768132
vn 0.6749149587008237 -0.736531965138964 -0.044838185181845396
vn 0.9055492006064505 -0.42225893593665176 -0.040963841405139735
vn -0.04358939872367773 -0.9981768252200501 -0.0417491306799318
vn 0.3416540475735706 -0.9386933186733099 -0.046123369940675854
vn -0.42195264792653714 -0.9048923551518996 -0.055908751510229664
vn -0.7365815318011703 -0.6749603787007116 -0.043314364749280826
vn -0.939273791671567 -0.34186532099526745 -0.029880538477755035
vn -0.9987704957293407 0.04361532373003532 -0.023562690773578164
vn -0.9061265538161812 0.42253548109028555 -0.019960853914909933
vn -0.34175056942341664 0.9389153832585904 -0.04055183570622862
vn 0.043595980634904066 0.998327547905939 -0.03796705894056187
vn -0.6752999827938619 0.7369521403746961 -0.029520772953361838
vn -0.6685530399667533 0.7432194465846422 -0.025723276805861308
vn -0.678541317798018 0.7339993169255842 -0.028752091988326185
vn 0 0 -1
vn 0 0 -1
vn 0 0 -1
vn 0 0 -1
vn 0 0 -1
vn 0 0 -1
vn 0 0 -1
vn 0 0 -1
vn 0 0 -1
vn 0 0 -1
vn 0 0 -1
vn 0 0 -1
vn 0 0 -1
vn 0 0 -1
vn 0 0 -1
vn 0 0 -1
vn -0.08686054324736663 -0.9928969924868143 -0.08130687755295644
vn 0.29992051999300573 -0.9512458153426877 -0.07196582855877146
vn 0.6413608846128147 -0.7643376450829827 -0.06666468328634177
vn 0.8854565300044096 -0.4609376274741513 -0.05918814958292673
vn 0.9948523261596078 -0.08704516861225987 -0.05188436909205748
vn 0.7648342376963067 0.6417911447733121 -0.055970664977924904
vn 0.9522577607630586 0.30024385609903204 -0.05530627397781887
vn 0.46086262323288646 0.8852988860501635 -0.062060654727795664
vn 0.08697005588471583 0.9939938514973705 -0.06642614368479322
vn -0.30000730160280564 0.9515210570739732 -0.06784760076695592
vn -0.6412549627430479 0.7642114133865392 -0.06908681789719727
vn -0.8847331687294778 0.4605610709537805 -0.07162904488965671
vn -0.9932627669563884 0.08690608922808907 -0.07665772911598046
vn -0.9501402527599919 -0.2995762125319669 -0.08653087870916652
vn -0.7626901002645157 -0.6399805951297246 -0.09342723808347642
vn -0.459508007224039 -0.8826967222312668 -0.09848293181648601
vn 0 0 -1
vn 0 0 -1
vn 0 0 -1
vn 0 0 -1
vn 0 0 -1
vn 0 0 -1
vn 0 0 -1
vn 0 0 -1
vn 0 0 -1
vn 0 0 -1
vn 0 0 -1
vn 0 0 -1
vn 0 0 -1
vn 0 0 -1
vn 0 0 -1
vn 0 0 -1
vn 0.7992477925058588 0.11973760371380228 -0.588953200544312
vn 0.8776976612731134 0.03835361327627456 -0.4776775227539614
vn 0.8750823941446013 0.04913334547389242 -0.48147348610354
vn 0.5766407316001136 -0.1356642223160399 -0.8056554384121477
vn 0.7698694215632613 -0.6301739275023585 -0.10090537566503496
vn 0.45286213506040224 -0.1308635268872298 -0.8819243867583942
vn 0.9145426144325818 -0.3961983540074899 -0.08147803795240656
vn 0.44610379057430793 -0.04414368813054315 -0.8938919078017585
vn 0.5074871053410945 -0.8313234828316385 -0.22662326624861737
vn 0.9984068050133938 -0.01375658168137945 -0.054723013105918185
vn 0.9562228417207846 0.29136998617401033 -0.02722881063110212
vn 0.7998886200267943 0.5986724283670716 -0.042065651839764184
vn 0.5557546310146747 0.8297749223173178 -0.05109176449323527
vn 0.4876608947816956 0.8665083066886385 -0.10653734622330506
vn 0.47840395534238833 0.8720183121941797 -0.103507094977942
vn 0.4559609615264319 0.29090723330104085 -0.84111389429555
vn 0.18205767150188495 0.9766445081651575 -0.1141074446219424
vn 0.35009073443882993 0.6996092674372817 -0.6228830954328033
vn 0.10690627342069946 0.714896273815064 -0.6910096717041199
vn 0.46579356436371405 0.05578535237406589 -0.8831332571349853
vn 0.48732253235086637 0.1478626864136566 -0.8606122096680221
vn 0.4433556406868253 0.0036046296666471848 -0.8963385423578197
vn 0.9790169044994759 0.19811638975022935 -0.04770531224716306
vn 0.9149285480570493 0.006154113742525586 -0.4035689269929783
vn 0.8967695944811782 0.027715704335429775 -0.4416289552862837
vn 0.9846539887119409 0.15639592647865339 -0.07743924518323383
vn 0.6555846124271208 0.31403598317391923 -0.6867242657870564
vn 0.6555982980052242 0.3140285602825358 -0.6867145949952796
vn 0.6555963192742594 0.3140300431639269 -0.6867158059521461
vn 0.9065647124922016 0.15731967727139415 -0.39165155585948624
vn 0.9065674918164309 0.15731874147729272 -0.3916454983293772
vn 0.9065662819966884 0.15731948408099655 -0.39164800047388204
vn 0.7247194819796566 0.03617618107112803 -0.6880937119043069
vn 0.2597852254650102 0.27171553726340414 -0.9266511228287342
vn 0.21000977073780117 0.2708491665158855 -0.9394342048234706
vn 0.19152523132907254 0.28685108079942717 -0.9386344033800094
vn 0.7502520445458447 0.18710528815655297 -0.6341241840512263
vn 0.10972973650183543 0.26938506830611786 -0.956760717160224
vn 0.04704288678863471 0.7725480645940455 -0.6332112243908712
vn 0.1743234615793835 0.7778995436640017 -0.6037247971636738
vn 0.14172539223186859 0.9441902609500431 -0.2973527607469164
vn 0.4969821464421098 0.8607905315343573 -0.1097652355647837
vn 0.2574370464173754 0.9607716150547596 -0.10317010631460465
vn 0.08679785103238018 0.9935221740683752 -0.07334727459565145
vn 0.7932388251775224 0.6086758555869636 -0.016907662655193435
vn 0.49985629484744637 0.8657744293028712 -0.024048327731269113
vn 0.2587250573187318 0.9655785545808523 -0.02682162651613479
vn 0.08712260224121379 0.9958104064790015 -0.02777204578069268
vn 0.292968244699107 0.9163505190475278 -0.27289436388326327
vn 0.5764114196865503 0.7881838606875945 -0.21567586097320704
vn 0.5835515302570576 0.8018363506441729 -0.12855379543320267
vn 0.9331069210880982 0 -0.35959904590736896
vn 0.8840512120718304 0 -0.46739004528800987
vn -1 0 0
vn 1 0 0
vn 0 1 0
vn 0 -1 0
vn 0 0 1
vn 0 0 -1
vn 0 0 -1
vn -0.7071097989415883 -0.7071037634186278 0
vn 0 0 1
vn 0 0 -1
vn -1 0 0
vn 0 0 1
vn 0 0 -1
vn -0.7071067811865478 0.7071067811865474 0
vn 0 0 1
vn 0 0 -1
vn 0 1 0
vn 0 0 1
vn 0 0 -1
vn 0.7071067811865478 0.7071067811865474 0
vn 0 0 1
vn 0 0 -1
vn 1 0 0
vn 0 0 1
vn 0 0 -1
vn 0.7071097989415883 -0.7071037634186278 0
vn 0 0 1
vn 0 0 -1
vn 0 -1 0
vn 0 0 1
vn -1 0 0
vn 1 0 0
vn 0 1 0
vn 0 -1 0
vn 0 0 1
vn 0 0 -1
vn -1 0 0
vn 1 0 0
vn 0 1 0
vn 0 -1 0
vn 0 0 1
vn 0 0 -1
vn -1 0 0
vn 1 0 0
vn 0 1 0
vn 0 -1 0
vn 0 0 1
vn 0 0 -1
vn -1 0 0
vn 1 0 0
vn 0 1 0
vn 0 -1 0
vn 0 0 1
vn 0 0 -1
vn 0.01197270219643896 0 -0.9999283246323787
vn 0.0048956116405816695 -0.3426903444138368 -0.9394356608263233
vn -0.9261935359113002 -0.3200373107571426 -0.19935308816133077
vn -0.9347253334935429 -0.037751658561362596 -0.35336010414483865
vn -0.8934504745760169 -0.12424257275526873 -0.431636458834332
vn -0.02561097034228753 -0.9950689660758095 -0.09582187094262963
vn -0.016619071730787395 -0.9930475292794677 -0.11653502068799775
vn 1 0 0
vn 0.9536405745895769 0 -0.3009479265528536
vn 0.995701215992102 0 -0.09262336892949728
vn 1 0 0
vn 0.9913567454881222 0.13051458555534873 -0.013332146583137361
vn 0 -0.044086273643268226 -0.9990277275812975
vn 0 -0.09830205672880521 -0.9951566236743274
vn 0 -0.9919835921457453 -0.1263667397443797
vn 0 0.2361695718451612 -0.9717118571544103
vn 0 0.7468259480538051 -0.6650195510761583
vn 0 0.9972859864496882 -0.07362513993923832
vn -0.00016051902323465682 0.9996113497231346 -0.02787693918522346
vn 0 0.9544569715882698 -0.2983486037952057
vn 0 0 -1
vn 0.30614661198558013 0.7391035586519978 0.6000001512980672
vn 0 0 -1
vn 0.5656854579309638 0.5656854579309639 0.5999999378090562
vn 0 0 -1
vn 0.7391035586519978 0.30614661198558013 0.6000001512980672
vn 0 0 -1
vn 0.8 0 0.6
vn 0 0 -1
vn 0.7391035586519978 -0.30614661198558024 0.6000001512980673
vn 0 0 -1
vn 0.5656854579309639 -0.5656854579309639 0.5999999378090562
vn 0 0 -1
vn 0.30614661198558024 -0.7391035586519978 0.6000001512980672
vn 0 0 -1
vn 0 -0.8 0.6000000000000001
vn 0 0 -1
vn -0.30614661198557996 -0.7391035586519978 0.6000001512980672
vn 0 0 -1
vn -0.565685457930964 -0.5656854579309639 0.5999999378090562
vn 0 0 -1
vn -0.7391035586519978 -0.30614661198558013 0.6000001512980672
vn 0 0 -1
vn -0.8 0 0.6
vn 0 0 -1
vn -0.7391035586519978 0.30614661198557996 0.6000001512980672
vn 0 0 -1
vn -0.5656854579309639 0.5656854579309639 0.5999999378090562
vn 0 0 -1
vn -0.30614661198557985 0.739103558651998 0.6000001512980672
vn 0 0 -1
vn 0 0.8 0.6000000000000001
vn 0 0 1
vn 0.30614661198557985 0.739103558651998 -0.6000001512980672
vn 0 0 1
vn 0.5656854579309639 0.5656854579309639 -0.5999999378090562
vn 0 0 1
vn 0.7391035586519978 0.30614661198557996 -0.6000001512980672
vn 0 0 1
vn 0.8 0 -0.6
vn 0 0 1
vn 0.7391035586519978 -0.30614661198558013 -0.6000001512980672
vn 0 0 1
vn 0.565685457930964 -0.5656854579309639 -0.5999999378090562
vn 0 0 1
vn 0.30614661198557996 -0.7391035586519978 -0.6000001512980672
vn 0 0 1
vn 0 -0.8 -0.6000000000000001
vn 0 0 1
vn -0.30614661198558024 -0.7391035586519978 -0.6000001512980672
vn 0 0 1
vn -0.5656854579309639 -0.5656854579309639 -0.5999999378090562
vn 0 0 1
vn -0.7391035586519978 -0.30614661198558024 -0.6000001512980673
vn 0 0 1
vn -0.8 0 -0.6
vn 0 0 1
vn -0.7391035586519978 0.30614661198558013 -0.6000001512980672
vn 0 0 1
vn -0.5656854579309638 0.5656854579309639 -0.5999999378090562
vn 0 0 1
vn -0.30614661198558013 0.7391035586519978 -0.6000001512980672
vn 0 0 1
vn 0 0.8 -0.6000000000000001
vn -4.816593615113778e-7 0.2753580283139462 -0.9613417478934452
vn 0 0.2753526167120196 -0.9613432979273552
vn 1.032279030928005e-7 0.275358051865447 -0.9613417411476813
vn 0.0000015947807343594617 0.2753650315812978 -0.9613397419121336
vn 0.0000011039482631413725 0.2753610659309592 -0.9613408778202179
vn 8.897414416705417e-7 0.27536013359561917 -0.961341144872834
vn -3.8666979931587025e-7 0.2753618257735521 -0.9613406601754171
vn -8.447603871831907e-7 0.2753641084034265 -0.9613400063465957
vn -2.9482401905050186e-7 0.2753586550210611 -0.9613415683849865
vn 6.775811493090738e-7 0.27536658668816427 -0.9613392964688642
vn -5.832640875499733e-7 0.2753538309043596 -0.9613429501514813
vn 0.0000014118008335028019 0.2753635822910115 -0.9613401570442527
vn -0.000003155188618404393 0.2753648512348624 -0.9613397935664824
vn -6.834157908740654e-7 0.27535435626555815 -0.9613427996740358
vn -0.000001106693743169441 0.27535773148706527 -0.9613418329132841
vn 0 0.2753411372892724 -0.9613465858452144
vn 0 0.27534113728927234 -0.9613465858452144
vn 0 0.2753411372892724 -0.9613465858452144
vn -0.36691448272524174 0.9302511602835954 -0.0025575686682784106
vn 0 0 -1
vn -0.7199226073162763 0.6940312890718583 0.005657673036631948
vn 0 0 -1
vn -0.9302103120356264 0.3669757535855236 0.006129572817065585
vn 0 0 -1
vn -0.9992391708447788 -0.03248266396075391 0.021586013792540486
vn 0 0 -1
vn -0.9350529752033708 -0.35438924682661965 -0.009175799528427203
vn 0 0 -1
vn -0.7050989333726592 -0.7089786209811383 0.013594452854824914
vn 0 0 -1
vn -0.40824218582311594 -0.9117303993390428 -0.045672712153258514
vn 0 0 -1
vn 0 -0.9990675212306586 -0.04317508566323465
vn 0 0 -1
vn 0.3852573134218136 -0.921738147176161 -0.044447615180843204
vn 0 0 -1
vn 0.7163553534573298 -0.6966671472608049 -0.038599138598108894
vn 0 0 -1
vn 0.9276479116014089 -0.3731249760555433 -0.01571955295467544
vn 0 0 -1
vn 0.9998694799190803 0.015973895123331562 0.0024202894325004135
vn 0 0 -1
vn 0.9230644099062139 0.38461477758349566 0.004854691431123422
vn 0 0 -1
vn 0.7116296697183639 0.7025516020727365 0.0021117768735637132
vn 0 0 -1
vn 0.40448843256522743 0.9145091286887475 -0.00788425430040732
vn 0 0 -1
vn 0 0.9999873558489992 0.005028731661861546
vn 0 0 -1
vn 0 0 -1
vn -1 0 0
vn 1 0 0
vn 0 -1 0
vn 0 -1 0
vn 0 -1 0
vn 0 1 0
vn -0.9454048844621972 0.19131457455031453 -0.26383392124526345
vn 0.9286531257859143 0.16780958256531647 -0.3308221817945482
vn 1 0 0
vn -1 0 0
vn 0 1 0
vn 0 -1 0
vn 0 0 1
vn 0 0 -1
vn 0 0 -1
vn 0.7071097989415883 -0.7071037634186278 0
vn 0 0 1
vn 0 0 -1
vn 1 0 0
vn 0 0 1
vn 0 0 -1
vn 0.7071067811865478 0.7071067811865474 0
vn 0 0 1
vn 0 0 -1
vn 0 1 0
vn 0 0 1
vn 0 0 -1
vn -0.7071067811865478 0.7071067811865474 0
vn 0 0 1
vn 0 0 -1
vn -1 0 0
vn 0 0 1
vn 0 0 -1
vn -0.7071097989415883 -0.7071037634186278 0
vn 0 0 1
vn 0 0 -1
vn 0 -1 0
vn 0 0 1
vn 1 0 0
vn -1 0 0
vn 0 1 0
vn 0 -1 0
vn 0 0 1
vn 0 0 -1
vn 1 0 0
vn -1 0 0
vn 0 1 0
vn 0 -1 0
vn 0 0 1
vn 0 0 -1
vn 1 0 0
vn -1 0 0
vn 0 1 0
vn 0 -1 0
vn 0 0 1
vn 0 0 -1
vn 1 0 0
vn -1 0 0
vn 0 1 0
vn 0 -1 0
vn 0 0 1
vn 0 0 -1
vn -0.9990767748704533 0.003711033313350552 -0.04279983815624359
vn 0.9990775094536561 -0.003723811290449323 0.04278157703209279
vn -0.021110497629570537 0.992318486527523 0.12189490631506365
vn 0.021131522654019394 -0.9923200748163384 -0.12187833222857704
vn 0.01116460917411268 0.3083407623439499 -0.9512104529383292
vn -0.011208050530969798 -0.30777319532696623 0.9513937354437039
vn 0.011208050530970034 0.30777319532696684 -0.9513937354437036
vn -0.011164609174113707 -0.30834076234395047 0.951210452938329
vn 0.004963938473515426 0.30879710110920816 -0.951114982355646
vn 0.004987599384313988 0.30894874907071657 -0.951065609881895
vn -0.0049886798830837305 -0.308917594091873 0.9510757241847324
vn -0.00496393847351543 -0.30879710110920816 0.951114982355646
vn -0.004987599384314114 -0.30894874907071657 0.951065609881895
vn 0.015100737301947702 0.13848494460590943 -0.9902494068922415
vn 0.015073293697429359 0.1384946224655032 -0.9902484715288629
vn 0.015137783806766803 0.138473582723606 -0.9902504301383103
vn -0.9286531257859143 0.16780958256531647 -0.33082218179454825
vn 0.9454048844621972 0.1913145745503145 -0.26383392124526345
vn -0.7553611174837396 0.6476383084276388 -0.09997101405258838
vn 0.7553611174837395 0.6476383084276388 -0.09997101405258836
vn 0.004988679883084016 0.308917594091873 -0.9510757241847324
vn 0 0 0
vn 0 0 0
vn 0 -1 0
vn 0 0 0
vn 0 0 0
usemtl m_8c3f6968-eae0-2901-b303-4a93fa9fd540
f 137/299/96 136/300/96 138/301/96 139/302/96
f 142/303/97 140/304/97 141/305/97 143/306/97
f 140/307/98 136/308/98 137/309/98 141/310/98
f 139/311/99 138/312/99 142/313/99 143/314/99
f 138/315/100 136/316/100 140/317/100 142/318/100
f 141/319/101 137/320/101 139/321/101 143/322/101
f 145/323/102 144/324/102 146/325/102 147/326/102
f 150/327/103 148/328/103 149/329/103 151/330/103
f 148/331/104 144/332/104 145/333/104 149/334/104
f 147/335/105 146/336/105 150/337/105 151/338/105
f 146/339/106 144/340/106 148/341/106 150/342/106
f 149/343/107 145/344/107 147/345/107 151/346/107
f 156/347/108 154/348/108 152/349/108
f 154/350/109 156/351/109 157/352/109 155/353/109
f 155/354/110 157/355/110 153/356/110
f 158/357/111 156/358/111 152/359/111
f 156/360/112 158/361/112 159/362/112 157/363/112
f 157/364/113 159/365/113 153/366/113
f 160/367/114 158/368/114 152/369/114
f 158/370/115 160/371/115 161/372/115 159/373/115
f 159/374/116 161/375/116 153/376/116
f 162/377/117 160/378/117 152/379/117
f 160/380/118 162/381/118 163/382/118 161/383/118
f 161/384/119 163/385/119 153/386/119
f 164/387/120 162/388/120 152/389/120
f 162/390/121 164/391/121 165/392/121 163/393/121
f 163/394/122 165/395/122 153/396/122
f 166/397/123 164/398/123 152/399/123
f 164/400/124 166/401/124 167/402/124 165/403/124
f 165/404/125 167/405/125 153/406/125
f 168/407/126 166/408/126 152/409/126
f 166/410/127 168/411/127 169/412/127 167/413/127
f 167/414/128 169/415/128 153/416/128
f 154/417/129 168/418/129 152/419/129
f 168/420/130 154/421/130 155/422/130 169/423/130
f 169/424/131 155/425/131 153/426/131
f 171/427/132 170/428/132 172/429/132 173/430/132
f 176/431/133 174/432/133 175/433/133 177/434/133
f 174/435/134 170/436/134 171/437/134 175/438/134
f 173/439/135 172/440/135 176/441/135 177/442/135
f 172/443/136 170/444/136 174/445/136 176/446/136
f 175/447/137 171/448/137 173/449/137 177/450/137
f 180/451/138 179/452/138 181/453/138 182/454/138
f 183/455/139 185/456/139 187/457/139
f 185/458/140 186/459/140 189/460/140 188/461/140
f 186/462/141 184/463/141 189/464/141
f 188/465/142 187/466/142 185/467/142
f 191/468/143 189/469/143 184/470/143
f 184/471/144 190/472/144 192/473/144
f 192/474/145 191/475/145 184/476/145
f 197/477/146 195/478/146 196/479/146
f 194/480/147 193/481/147 198/482/147 199/483/147
f 199/484/148 196/485/148 194/486/148
f 198/487/149 197/488/149 199/489/149
f 197/490/150 196/491/150 199/492/150
f 203/493/151 200/494/151 201/495/151 202/496/151
f 205/497/152 204/498/152 206/499/152 207/500/152
f 211/501/153 209/502/153 208/503/153 212/504/153
f 208/505/154 210/506/154 212/507/154
f 214/508/155 213/509/155 215/510/155 216/511/155
f 218/512/156 217/513/156 219/514/156 220/515/156
f 222/516/157 221/517/157 223/518/157
f 225/519/158 224/520/158 226/521/158 227/522/158
f 229/523/159 228/524/159 230/525/159 231/526/159
f 234/527/160 235/528/160 236/529/160
f 233/530/161 232/531/161 236/532/161
f 232/533/162 234/534/162 236/535/162
f 254/536/163 253/537/163 246/538/163 247/539/163
f 253/540/164 255/541/164 245/542/164 246/543/164
f 255/544/165 256/545/165 244/546/165 245/547/165
f 256/548/166 257/549/166 243/550/166 244/551/166
f 259/552/167 258/553/167 241/554/167 242/555/167
f 257/556/168 259/557/168 242/558/168 243/559/168
f 261/560/169 260/561/169 239/562/169 240/563/169
f 258/564/170 261/565/170 240/566/170 241/567/170
f 260/568/171 262/569/171 238/570/171 239/571/171
f 262/572/172 263/573/172 237/574/172 238/575/172
f 263/576/173 264/577/173 252/578/173 237/579/173
f 264/580/174 265/581/174 251/582/174 252/583/174
f 265/584/175 266/585/175 250/586/175 251/587/175
f 267/588/176 268/589/176 248/590/176 249/591/176
f 268/592/177 254/593/177 247/594/177 248/595/177
f 266/596/178 267/597/178 269/598/178
f 267/599/179 249/600/179 269/601/179
f 269/602/180 250/603/180 266/604/180
f 281/605/181 280/606/181 272/607/181
f 280/608/182 278/609/182 272/610/182
f 278/611/183 279/612/183 272/613/183
f 279/614/184 276/615/184 272/616/184
f 276/617/185 277/618/185 272/619/185
f 277/620/186 275/621/186 272/622/186
f 275/623/187 274/624/187 272/625/187
f 274/626/188 273/627/188 272/628/188
f 273/629/189 270/630/189 272/631/189
f 270/632/190 271/633/190 272/634/190
f 271/635/191 286/636/191 272/637/191
f 286/638/192 285/639/192 272/640/192
f 284/641/193 283/642/193 272/643/193
f 283/644/194 282/645/194 272/646/194
f 282/647/195 281/648/195 272/649/195
f 285/650/196 284/651/196 272/652/196
f 304/653/197 303/654/197 289/655/197 290/656/197
f 305/657/198 304/658/198 290/659/198 291/660/198
f 306/661/199 305/662/199 291/663/199 292/664/199
f 307/665/200 306/666/200 292/667/200 293/668/200
f 308/669/201 307/670/201 293/671/201 294/672/201
f 310/673/202 309/674/202 295/675/202 296/676/202
f 309/677/203 308/678/203 294/679/203 295/680/203
f 311/681/204 310/682/204 296/683/204 297/684/204
f 312/685/205 311/686/205 297/687/205 298/688/205
f 313/689/206 312/690/206 298/691/206 299/692/206
f 314/693/207 313/694/207 299/695/207 300/696/207
f 315/697/208 314/698/208 300/699/208 301/700/208
f 316/701/209 315/702/209 301/703/209 302/704/209
f 317/705/210 316/706/210 302/707/210 287/708/210
f 318/709/211 317/710/211 287/711/211 288/712/211
f 303/713/212 318/714/212 288/715/212 289/716/212
f 334/717/213 335/718/213 321/719/213
f 335/720/214 319/721/214 321/722/214
f 319/723/215 320/724/215 321/725/215
f 320/726/216 322/727/216 321/728/216
f 322/729/217 323/730/217 321/731/217
f 323/732/218 324/733/218 321/734/218
f 324/735/219 325/736/219 321/737/219
f 325/738/220 326/739/220 321/740/220
f 326/741/221 327/742/221 321/743/221
f 327/744/222 328/745/222 321/746/222
f 328/747/223 329/748/223 321/749/223
f 329/750/224 330/751/224 321/752/224
f 330/753/225 331/754/225 321/755/225
f 331/756/226 332/757/226 321/758/226
f 332/759/227 333/760/227 321/761/227
f 333/762/228 334/763/228 321/764/228
f 339/765/229 337/766/229 338/767/229
f 336/768/230 340/769/230 341/770/230 338/771/230
f 339/772/231 338/773/231 341/774/231
f 343/775/232 342/776/232 344/777/232 345/778/232
f 347/779/233 346/780/233 348/781/233 349/782/233
f 351/783/234 350/784/234 352/785/234 353/786/234
f 355/787/235 354/788/235 356/789/235 357/790/235
f 359/791/236 358/792/236 360/793/236 361/794/236
f 362/795/237 363/796/237 364/797/237
f 366/798/238 365/799/238 367/800/238 368/801/238
f 370/802/239 369/803/239 371/804/239 372/805/239
f 374/806/240 373/807/240 375/808/240 376/809/240
f 378/810/241 381/811/241 380/812/241
f 381/813/242 377/814/242 379/815/242
f 379/816/243 380/817/243 381/818/243
f 383/819/244 382/820/244 384/821/244 385/822/244
f 387/823/245 386/824/245 390/825/245
f 386/826/246 388/827/246 389/828/246 390/829/246
f 392/830/247 393/831/247 391/832/247
f 395/833/248 394/834/248 396/835/248 397/836/248
f 399/837/249 398/838/249 400/839/249 401/840/249
f 403/841/250 402/842/250 404/843/250 405/844/250
f 407/845/251 406/846/251 408/847/251 409/848/251
f 411/849/252 410/850/252 414/851/252
f 410/852/253 412/853/253 414/854/253
f 414/855/254 413/856/254 411/857/254
f 420/858/255 415/859/255 419/860/255
f 415/861/256 416/862/256 418/863/256
f 418/864/257 419/865/257 415/866/257
f 417/867/258 415/868/258 422/869/258
f 415/870/259 420/871/259 421/872/259
f 421/873/260 422/874/260 415/875/260
f 424/876/261 423/877/261 427/878/261
f 427/879/262 423/880/262 425/881/262 426/882/262
f 429/883/263 428/884/263 432/885/263 431/886/263
f 428/887/264 430/888/264 432/889/264
f 434/890/265 433/891/265 435/892/265 436/893/265
f 438/894/266 437/895/266 439/896/266 440/897/266
f 442/898/267 441/899/267 443/900/267 445/901/267
f 445/902/268 444/903/268 442/904/268
f 447/905/269 446/906/269 448/907/269 449/908/269
f 451/909/270 450/910/270 452/911/270 453/912/270
f 455/913/271 454/914/271 456/915/271 457/916/271
f 459/917/272 458/918/272 460/919/272 461/920/272
f 463/921/273 462/922/273 464/923/273 465/924/273
f 467/925/274 466/926/274 468/927/274 469/928/274
f 471/929/275 470/930/275 472/931/275 473/932/275
f 475/933/276 474/934/276 476/935/276 477/936/276
f 479/937/277 478/938/277 480/939/277 481/940/277
f 483/941/278 482/942/278 484/943/278 485/944/278
f 487/945/279 486/946/279 488/947/279
f 494/948/280 490/949/280 489/950/280 493/951/280
f 493/952/281 491/953/281 492/954/281 494/955/281
f 496/956/282 495/957/282 497/958/282 498/959/282
f 500/960/283 501/961/283 499/962/283
f 503/963/284 502/964/284 504/965/284
f 504/966/285 505/967/285 503/968/285
f 507/969/286 508/970/286 506/971/286
f 510/972/287 509/973/287 511/974/287 512/975/287
f 514/976/288 515/977/288 513/978/288
f 517/979/289 516/980/289 518/981/289 519/982/289
f 524/983/290 523/984/290 525/985/290 526/986/290
f 521/987/291 520/988/291 527/989/291 522/990/291
f 529/991/292 528/992/292 530/993/292 531/994/292
f 533/995/293 532/996/293 534/997/293 535/998/293
f 538/999/294 536/1000/294 537/1001/294 539/1002/294
f 542/1003/295 540/1004/295 544/1005/295
f 546/1006/296 543/1007/296 542/1008/296 545/1009/296
f 541/1010/297 543/1011/297 546/1012/297
f 544/1013/298 545/1014/298 542/1015/298
f 546/1016/299 548/1017/299 541/1018/299
f 547/1019/300 541/1020/300 549/1021/300
f 548/1022/301 549/1023/301 541/1024/301
f 552/1025/302 554/1026/302 553/1027/302
f 555/1028/303 550/1029/303 551/1030/303 556/1031/303
f 553/1032/304 556/1033/304 551/1034/304
f 554/1035/305 555/1036/305 556/1037/305
f 553/1038/306 554/1039/306 556/1040/306
f 558/1041/307 557/1042/307 560/1043/307 559/1044/307
f 563/1045/308 561/1046/308 562/1047/308 564/1048/308
f 565/1049/309 566/1050/309 568/1051/309 569/1052/309
f 567/1053/310 565/1054/310 569/1055/310
f 572/1056/311 570/1057/311 571/1058/311 573/1059/311
f 576/1060/312 574/1061/312 575/1062/312 577/1063/312
f 578/1064/313 579/1065/313 580/1066/313
f 583/1067/314 581/1068/314 582/1069/314 584/1070/314
f 587/1071/315 585/1072/315 586/1073/315 588/1074/315
f 592/1075/316 591/1076/316 593/1077/316
f 589/1078/317 590/1079/317 593/1080/317
f 591/1081/318 589/1082/318 593/1083/318
f 603/1084/319 610/1085/319 611/1086/319 604/1087/319
f 602/1088/320 612/1089/320 610/1090/320 603/1091/320
f 601/1092/321 613/1093/321 612/1094/321 602/1095/321
f 600/1096/322 614/1097/322 613/1098/322 601/1099/322
f 598/1100/323 615/1101/323 616/1102/323 599/1103/323
f 599/1104/324 616/1105/324 614/1106/324 600/1107/324
f 596/1108/325 617/1109/325 618/1110/325 597/1111/325
f 597/1112/326 618/1113/326 615/1114/326 598/1115/326
f 595/1116/327 619/1117/327 617/1118/327 596/1119/327
f 594/1120/328 620/1121/328 619/1122/328 595/1123/328
f 609/1124/329 621/1125/329 620/1126/329 594/1127/329
f 608/1128/330 622/1129/330 621/1130/330 609/1131/330
f 607/1132/331 623/1133/331 622/1134/331 608/1135/331
f 605/1136/332 625/1137/332 624/1138/332 606/1139/332
f 604/1140/333 611/1141/333 625/1142/333 605/1143/333
f 624/1144/334 623/1145/334 626/1146/334
f 606/1147/335 624/1148/335 626/1149/335
f 607/1150/336 626/1151/336 623/1152/336
f 637/1153/337 638/1154/337 629/1155/337
f 635/1156/338 637/1157/338 629/1158/338
f 636/1159/339 635/1160/339 629/1161/339
f 633/1162/340 636/1163/340 629/1164/340
f 634/1165/341 633/1166/341 629/1167/341
f 632/1168/342 634/1169/342 629/1170/342
f 631/1171/343 632/1172/343 629/1173/343
f 630/1174/344 631/1175/344 629/1176/344
f 627/1177/345 630/1178/345 629/1179/345
f 628/1180/346 627/1181/346 629/1182/346
f 643/1183/347 628/1184/347 629/1185/347
f 642/1186/348 643/1187/348 629/1188/348
f 640/1189/349 641/1190/349 629/1191/349
f 639/1192/350 640/1193/350 629/1194/350
f 638/1195/351 639/1196/351 629/1197/351
f 641/1198/352 642/1199/352 629/1200/352
f 646/1201/353 660/1202/353 661/1203/353 647/1204/353
f 647/1205/354 661/1206/354 662/1207/354 648/1208/354
f 648/1209/355 662/1210/355 663/1211/355 649/1212/355
f 649/1213/356 663/1214/356 664/1215/356 650/1216/356
f 650/1217/357 664/1218/357 665/1219/357 651/1220/357
f 652/1221/358 666/1222/358 667/1223/358 653/1224/358
f 651/1225/359 665/1226/359 666/1227/359 652/1228/359
f 653/1229/360 667/1230/360 668/1231/360 654/1232/360
f 654/1233/361 668/1234/361 669/1235/361 655/1236/361
f 655/1237/362 669/1238/362 670/1239/362 656/1240/362
f 656/1241/363 670/1242/363 671/1243/363 657/1244/363
f 657/1245/364 671/1246/364 672/1247/364 658/1248/364
f 658/1249/365 672/1250/365 673/1251/365 659/1252/365
f 659/1253/366 673/1254/366 674/1255/366 644/1256/366
f 644/1257/367 674/1258/367 675/1259/367 645/1260/367
f 645/1261/368 675/1262/368 660/1263/368 646/1264/368
f 692/1265/369 691/1266/369 678/1267/369
f 676/1268/370 692/1269/370 678/1270/370
f 677/1271/371 676/1272/371 678/1273/371
f 679/1274/372 677/1275/372 678/1276/372
f 680/1277/373 679/1278/373 678/1279/373
f 681/1280/374 680/1281/374 678/1282/374
f 682/1283/375 681/1284/375 678/1285/375
f 683/1286/376 682/1287/376 678/1288/376
f 684/1289/377 683/1290/377 678/1291/377
f 685/1292/378 684/1293/378 678/1294/378
f 686/1295/379 685/1296/379 678/1297/379
f 687/1298/380 686/1299/380 678/1300/380
f 688/1301/381 687/1302/381 678/1303/381
f 689/1304/382 688/1305/382 678/1306/382
f 690/1307/383 689/1308/383 678/1309/383
f 691/1310/384 690/1311/384 678/1312/384
f 694/1313/385 696/1314/385 695/1315/385
f 698/1316/386 697/1317/386 693/1318/386 695/1319/386
f 695/1320/387 696/1321/387 698/1322/387
f 701/1323/388 699/1324/388 700/1325/388 702/1326/388
f 705/1327/389 703/1328/389 704/1329/389 706/1330/389
f 709/1331/390 707/1332/390 708/1333/390 710/1334/390
f 713/1335/391 711/1336/391 712/1337/391 714/1338/391
f 717/1339/392 715/1340/392 716/1341/392 718/1342/392
f 720/1343/393 719/1344/393 721/1345/393
f 724/1346/394 722/1347/394 723/1348/394 725/1349/394
f 728/1350/395 726/1351/395 727/1352/395 729/1353/395
f 732/1354/396 730/1355/396 731/1356/396 733/1357/396
f 738/1358/397 735/1359/397 737/1360/397
f 734/1361/398 738/1362/398 736/1363/398
f 737/1364/399 736/1365/399 738/1366/399
f 741/1367/400 739/1368/400 740/1369/400 742/1370/400
f 743/1371/401 744/1372/401 747/1373/401
f 746/1374/402 745/1375/402 743/1376/402 747/1377/402
f 750/1378/403 749/1379/403 748/1380/403
f 753/1381/404 751/1382/404 752/1383/404 754/1384/404
f 757/1385/405 755/1386/405 756/1387/405 758/1388/405
f 761/1389/406 759/1390/406 760/1391/406 762/1392/406
f 765/1393/407 763/1394/407 764/1395/407 766/1396/407
f 767/1397/408 768/1398/408 771/1399/408
f 769/1400/409 767/1401/409 771/1402/409
f 770/1403/410 771/1404/410 768/1405/410
f 772/1406/411 777/1407/411 776/1408/411
f 773/1409/412 772/1410/412 775/1411/412
f 776/1412/413 775/1413/413 772/1414/413
f 772/1415/414 774/1416/414 779/1417/414
f 777/1418/415 772/1419/415 778/1420/415
f 779/1421/416 778/1422/416 772/1423/416
f 780/1424/417 781/1425/417 784/1426/417
f 782/1427/418 780/1428/418 784/1429/418 783/1430/418
f 788/1431/419 785/1432/419 786/1433/419 787/1434/419
f 178/1435/420 785/1436/420 788/1437/420
f 791/1438/421 789/1439/421 790/1440/421 792/1441/421
f 795/1442/422 793/1443/422 794/1444/422 796/1445/422
f 799/1446/423 797/1447/423 798/1448/423 801/1449/423
f 800/1450/424 801/1451/424 798/1452/424
f 804/1453/425 802/1454/425 803/1455/425 805/1456/425
f 808/1457/426 806/1458/426 807/1459/426 809/1460/426
f 812/1461/427 810/1462/427 811/1463/427 813/1464/427
f 816/1465/428 814/1466/428 815/1467/428 817/1468/428
f 820/1469/429 818/1470/429 819/1471/429 821/1472/429
f 824/1473/430 822/1474/430 823/1475/430 825/1476/430
f 828/1477/431 826/1478/431 827/1479/431 829/1480/431
f 832/1481/432 830/1482/432 831/1483/432 833/1484/432
f 836/1485/433 834/1486/433 835/1487/433 837/1488/433
f 840/1489/434 838/1490/434 839/1491/434 841/1492/434
f 842/1493/435 843/1494/435 844/1495/435
f 845/1496/436 846/1497/436 850/1498/436 849/1499/436
f 848/1500/437 847/1501/437 849/1502/437 850/1503/437
f 853/1504/438 851/1505/438 852/1506/438 854/1507/438
f 856/1508/439 855/1509/439 857/1510/439 858/1511/439
f 852/1512/440 851/1513/440 855/1514/440 856/1515/440
f 857/1516/441 853/1517/441 854/1518/441 858/1519/441
f 855/1520/442 851/1521/442 853/1522/442 857/1523/442
f 854/1524/443 852/1525/443 856/1526/443 858/1527/443
f 861/1528/444 863/1529/444 859/1530/444
f 864/1531/445 863/1532/445 861/1533/445 862/1534/445
f 864/1535/446 862/1536/446 860/1537/446
f 863/1538/447 865/1539/447 859/1540/447
f 866/1541/448 865/1542/448 863/1543/448 864/1544/448
f 866/1545/449 864/1546/449 860/1547/449
f 865/1548/450 867/1549/450 859/1550/450
f 868/1551/451 867/1552/451 865/1553/451 866/1554/451
f 868/1555/452 866/1556/452 860/1557/452
f 867/1558/453 869/1559/453 859/1560/453
f 870/1561/454 869/1562/454 867/1563/454 868/1564/454
f 870/1565/455 868/1566/455 860/1567/455
f 869/1568/456 871/1569/456 859/1570/456
f 872/1571/457 871/1572/457 869/1573/457 870/1574/457
f 872/1575/458 870/1576/458 860/1577/458
f 871/1578/459 873/1579/459 859/1580/459
f 874/1581/460 873/1582/460 871/1583/460 872/1584/460
f 874/1585/461 872/1586/461 860/1587/461
f 873/1588/462 875/1589/462 859/1590/462
f 876/1591/463 875/1592/463 873/1593/463 874/1594/463
f 876/1595/464 874/1596/464 860/1597/464
f 875/1598/465 861/1599/465 859/1600/465
f 862/1601/466 861/1602/466 875/1603/466 876/1604/466
f 862/1605/467 876/1606/467 860/1607/467
f 879/1608/468 877/1609/468 878/1610/468 880/1611/468
f 882/1612/469 881/1613/469 883/1614/469 884/1615/469
f 878/1616/470 877/1617/470 881/1618/470 882/1619/470
f 883/1620/471 879/1621/471 880/1622/471 884/1623/471
f 881/1624/472 877/1625/472 879/1626/472 883/1627/472
f 880/1628/473 878/1629/473 882/1630/473 884/1631/473
f 887/1632/474 885/1633/474 886/1634/474 888/1635/474
f 890/1636/475 889/1637/475 891/1638/475 892/1639/475
f 886/1640/476 885/1641/476 889/1642/476 890/1643/476
f 891/1644/477 887/1645/477 888/1646/477 892/1647/477
f 889/1648/478 885/1649/478 887/1650/478 891/1651/478
f 888/1652/479 886/1653/479 890/1654/479 892/1655/479
f 895/1656/480 893/1657/480 894/1658/480 896/1659/480
f 898/1660/481 897/1661/481 899/1662/481 900/1663/481
f 894/1664/482 893/1665/482 897/1666/482 898/1667/482
f 899/1668/483 895/1669/483 896/1670/483 900/1671/483
f 897/1672/484 893/1673/484 895/1674/484 899/1675/484
f 896/1676/485 894/1677/485 898/1678/485 900/1679/485
f 903/1680/486 901/1681/486 902/1682/486 904/1683/486
f 906/1684/487 905/1685/487 907/1686/487 908/1687/487
f 902/1688/488 901/1689/488 905/1690/488 906/1691/488
f 907/1692/489 903/1693/489 904/1694/489 908/1695/489
f 905/1696/490 901/1697/490 903/1698/490 907/1699/490
f 904/1700/491 902/1701/491 906/1702/491 908/1703/491
f 911/1704/492 909/1705/492 910/1706/492 912/1707/492
f 915/1708/493 914/1709/493 913/1710/493
f 916/1711/494 917/1712/494 918/1713/494
f 919/1714/495 918/1715/495 917/1716/495
f 922/1717/496 921/1718/496 920/1719/496
f 925/1720/497 923/1721/497 924/1722/497 926/1723/497
f 929/1724/498 928/1725/498 927/1726/498
f 932/1727/499 930/1728/499 931/1729/499 933/1730/499
f 939/1731/500 937/1732/500 938/1733/500 940/1734/500
f 941/1735/501 934/1736/501 935/1737/501 936/1738/501
f 944/1739/502 942/1740/502 943/1741/502 945/1742/502
f 948/1743/503 946/1744/503 947/1745/503 949/1746/503
f 950/1747/504 958/1748/504 959/1749/504 951/1750/504
f 952/1751/505 960/1752/505 961/1753/505 953/1754/505
f 954/1755/506 962/1756/506 958/1757/506 955/1758/506
f 956/1759/507 959/1760/507 963/1761/507 957/1762/507
f 965/1763/508 964/1764/508 966/1765/508 967/1766/508
f 969/1767/509 968/1768/509 970/1769/509 971/1770/509
f 973/1771/510 972/1772/510 974/1773/510 975/1774/510
f 977/1775/511 976/1776/511 978/1777/511 979/1778/511
f 982/1779/512 983/1780/512 980/1781/512
f 983/1782/513 982/1783/513 981/1784/513
f 983/1785/514 984/1786/514 980/1787/514
f 984/1788/515 983/1789/515 981/1790/515
f 984/1791/516 985/1792/516 980/1793/516
f 985/1794/517 984/1795/517 981/1796/517
f 985/1797/518 986/1798/518 980/1799/518
f 986/1800/519 985/1801/519 981/1802/519
f 986/1803/520 987/1804/520 980/1805/520
f 987/1806/521 986/1807/521 981/1808/521
f 987/1809/522 988/1810/522 980/1811/522
f 988/1812/523 987/1813/523 981/1814/523
f 988/1815/524 989/1816/524 980/1817/524
f 989/1818/525 988/1819/525 981/1820/525
f 989/1821/526 990/1822/526 980/1823/526
f 990/1824/527 989/1825/527 981/1826/527
f 990/1827/528 991/1828/528 980/1829/528
f 991/1830/529 990/1831/529 981/1832/529
f 991/1833/530 992/1834/530 980/1835/530
f 992/1836/531 991/1837/531 981/1838/531
f 992/1839/532 993/1840/532 980/1841/532
f 993/1842/533 992/1843/533 981/1844/533
f 993/1845/534 994/1846/534 980/1847/534
f 994/1848/535 993/1849/535 981/1850/535
f 994/1851/536 995/1852/536 980/1853/536
f 995/1854/537 994/1855/537 981/1856/537
f 995/1857/538 996/1858/538 980/1859/538
f 996/1860/539 995/1861/539 981/1862/539
f 996/1863/540 997/1864/540 980/1865/540
f 997/1866/541 996/1867/541 981/1868/541
f 997/1869/542 982/1870/542 980/1871/542
f 982/1872/543 997/1873/543 981/1874/543
f 1001/1875/544 1000/1876/544 998/1877/544
f 1000/1878/545 1001/1879/545 999/1880/545
f 1002/1881/546 1001/1882/546 998/1883/546
f 1001/1884/547 1002/1885/547 999/1886/547
f 1003/1887/548 1002/1888/548 998/1889/548
f 1002/1890/549 1003/1891/549 999/1892/549
f 1004/1893/550 1003/1894/550 998/1895/550
f 1003/1896/551 1004/1897/551 999/1898/551
f 1005/1899/552 1004/1900/552 998/1901/552
f 1004/1902/553 1005/1903/553 999/1904/553
f 1006/1905/554 1005/1906/554 998/1907/554
f 1005/1908/555 1006/1909/555 999/1910/555
f 1007/1911/556 1006/1912/556 998/1913/556
f 1006/1914/557 1007/1915/557 999/1916/557
f 1008/1917/558 1007/1918/558 998/1919/558
f 1007/1920/559 1008/1921/559 999/1922/559
f 1009/1923/560 1008/1924/560 998/1925/560
f 1008/1926/561 1009/1927/561 999/1928/561
f 1010/1929/562 1009/1930/562 998/1931/562
f 1009/1932/563 1010/1933/563 999/1934/563
f 1011/1935/564 1010/1936/564 998/1937/564
f 1010/1938/565 1011/1939/565 999/1940/565
f 1012/1941/566 1011/1942/566 998/1943/566
f 1011/1944/567 1012/1945/567 999/1946/567
f 1013/1947/568 1012/1948/568 998/1949/568
f 1012/1950/569 1013/1951/569 999/1952/569
f 1014/1953/570 1013/1954/570 998/1955/570
f 1013/1956/571 1014/1957/571 999/1958/571
f 1015/1959/572 1014/1960/572 998/1961/572
f 1014/1962/573 1015/1963/573 999/1964/573
f 1000/1965/574 1015/1966/574 998/1967/574
f 1015/1968/575 1000/1969/575 999/1970/575
f 1016/1971/576 1017/1972/576 1032/1973/576 1033/1974/576
f 1029/1975/577 1017/1976/577 1019/1977/577 1028/1978/577
f 1019/1979/578 1018/1980/578 1024/1981/578 1025/1982/578
f 1021/1983/579 1022/1984/579 1018/1985/579
f 1022/1986/580 1023/1987/580 1018/1988/580
f 1023/1989/581 1024/1990/581 1018/1991/581
f 1025/1992/582 1026/1993/582 1019/1994/582
f 1026/1995/583 1027/1996/583 1019/1997/583
f 1027/1998/584 1028/1999/584 1019/2000/584
f 1029/2001/585 1030/2002/585 1017/2003/585
f 1030/2004/586 1031/2005/586 1017/2006/586
f 1031/2007/587 1032/2008/587 1017/2009/587
f 1033/2010/588 1034/2011/588 1016/2012/588
f 1034/2013/589 1035/2014/589 1016/2015/589
f 1035/2016/590 1020/2017/590 1016/2018/590
f 1018/2019/591 1037/2020/591 1036/2021/591
f 1037/2022/592 1016/2023/592 1020/2024/592 1020/2024/592
f 1020/2026/593 1036/2027/593 1037/2028/593
f 1042/2029/594 1041/2030/594 1039/2031/594 1040/2032/594
f 1042/2033/595 1040/2034/595 1038/2035/595
f 1044/2036/596 1043/2037/596 1041/2038/596 1042/2039/596
f 1044/2040/597 1042/2041/597 1038/2042/597
f 1046/2043/598 1045/2044/598 1043/2045/598 1044/2046/598
f 1046/2047/599 1044/2048/599 1038/2049/599
f 1048/2050/600 1047/2051/600 1045/2052/600 1046/2053/600
f 1048/2054/601 1046/2055/601 1038/2056/601
f 1050/2057/602 1049/2058/602 1047/2059/602 1048/2060/602
f 1050/2061/603 1048/2062/603 1038/2063/603
f 1052/2064/604 1051/2065/604 1049/2066/604 1050/2067/604
f 1052/2068/605 1050/2069/605 1038/2070/605
f 1054/2071/606 1053/2072/606 1051/2073/606 1052/2074/606
f 1054/2075/607 1052/2076/607 1038/2077/607
f 1056/2078/608 1055/2079/608 1053/2080/608 1054/2081/608
f 1056/2082/609 1054/2083/609 1038/2084/609
f 1058/2085/610 1057/2086/610 1055/2087/610 1056/2088/610
f 1058/2089/611 1056/2090/611 1038/2091/611
f 1060/2092/612 1059/2093/612 1057/2094/612 1058/2095/612
f 1060/2096/613 1058/2097/613 1038/2098/613
f 1062/2099/614 1061/2100/614 1059/2101/614 1060/2102/614
f 1062/2103/615 1060/2104/615 1038/2105/615
f 1064/2106/616 1063/2107/616 1061/2108/616 1062/2109/616
f 1064/2110/617 1062/2111/617 1038/2112/617
f 1066/2113/618 1065/2114/618 1063/2115/618 1064/2116/618
f 1066/2117/619 1064/2118/619 1038/2119/619
f 1068/2120/620 1067/2121/620 1065/2122/620 1066/2123/620
f 1068/2124/621 1066/2125/621 1038/2126/621
f 1070/2127/622 1069/2128/622 1067/2129/622 1068/2130/622
f 1070/2131/623 1068/2132/623 1038/2133/623
f 1040/2134/624 1039/2135/624 1069/2136/624 1070/2137/624
f 1040/2138/625 1070/2139/625 1038/2140/625
f 1074/2141/626 1071/2142/626 1072/2143/626 1075/2144/626
f 1071/2145/627 1078/2146/627 1073/2147/627 1072/2148/627
f 1077/2149/628 1074/2150/628 1075/2151/628 1076/2152/628
f 1079/2153/629 1078/2154/629 1071/2155/629
f 1074/2156/630 1077/2157/630 1080/2158/630
f 1074/2159/631 1080/2160/631 1079/2161/631 1071/2162/631
f 1083/2163/632 1081/2164/632 1082/2165/632 1084/2166/632
f 1085/2167/633 1086/2168/633 1087/2169/633
f 1090/2170/634 1088/2171/634 1089/2172/634 1091/2173/634
f 1093/2174/635 1092/2175/635 1094/2176/635 1095/2177/635
f 1098/2178/636 1096/2179/636 1097/2180/636 1099/2181/636
f 1096/2182/637 1092/2183/637 1093/2184/637 1097/2185/637
f 1095/2186/638 1094/2187/638 1098/2188/638 1099/2189/638
f 1094/2190/639 1092/2191/639 1096/2192/639 1098/2193/639
f 1097/2194/640 1093/2195/640 1095/2196/640 1099/2197/640
f 1104/2198/641 1102/2199/641 1100/2200/641
f 1102/2201/642 1104/2202/642 1105/2203/642 1103/2204/642
f 1103/2205/643 1105/2206/643 1101/2207/643
f 1106/2208/644 1104/2209/644 1100/2210/644
f 1104/2211/645 1106/2212/645 1107/2213/645 1105/2214/645
f 1105/2215/646 1107/2216/646 1101/2217/646
f 1108/2218/647 1106/2219/647 1100/2220/647
f 1106/2221/648 1108/2222/648 1109/2223/648 1107/2224/648
f 1107/2225/649 1109/2226/649 1101/2227/649
f 1110/2228/650 1108/2229/650 1100/2230/650
f 1108/2231/651 1110/2232/651 1111/2233/651 1109/2234/651
f 1109/2235/652 1111/2236/652 1101/2237/652
f 1112/2238/653 1110/2239/653 1100/2240/653
f 1110/2241/654 1112/2242/654 1113/2243/654 1111/2244/654
f 1111/2245/655 1113/2246/655 1101/2247/655
f 1114/2248/656 1112/2249/656 1100/2250/656
f 1112/2251/657 1114/2252/657 1115/2253/657 1113/2254/657
f 1113/2255/658 1115/2256/658 1101/2257/658
f 1116/2258/659 1114/2259/659 1100/2260/659
f 1114/2261/660 1116/2262/660 1117/2263/660 1115/2264/660
f 1115/2265/661 1117/2266/661 1101/2267/661
f 1102/2268/662 1116/2269/662 1100/2270/662
f 1116/2271/663 1102/2272/663 1103/2273/663 1117/2274/663
f 1117/2275/664 1103/2276/664 1101/2277/664
f 1119/2278/665 1118/2279/665 1120/2280/665 1121/2281/665
f 1124/2282/666 1122/2283/666 1123/2284/666 1125/2285/666
f 1122/2286/667 1118/2287/667 1119/2288/667 1123/2289/667
f 1121/2290/668 1120/2291/668 1124/2292/668 1125/2293/668
f 1120/2294/669 1118/2295/669 1122/2296/669 1124/2297/669
f 1123/2298/670 1119/2299/670 1121/2300/670 1125/2301/670
f 1127/2302/671 1126/2303/671 1128/2304/671 1129/2305/671
f 1132/2306/672 1130/2307/672 1131/2308/672 1133/2309/672
f 1130/2310/673 1126/2311/673 1127/2312/673 1131/2313/673
f 1129/2314/674 1128/2315/674 1132/2316/674 1133/2317/674
f 1128/2318/675 1126/2319/675 1130/2320/675 1132/2321/675
f 1131/2322/676 1127/2323/676 1129/2324/676 1133/2325/676
f 1135/2326/677 1134/2327/677 1136/2328/677 1137/2329/677
f 1140/2330/678 1138/2331/678 1139/2332/678 1141/2333/678
f 1138/2334/679 1134/2335/679 1135/2336/679 1139/2337/679
f 1137/2338/680 1136/2339/680 1140/2340/680 1141/2341/680
f 1136/2342/681 1134/2343/681 1138/2344/681 1140/2345/681
f 1139/2346/682 1135/2347/682 1137/2348/682 1141/2349/682
f 1143/2350/683 1142/2351/683 1144/2352/683 1145/2353/683
f 1148/2354/684 1146/2355/684 1147/2356/684 1149/2357/684
f 1146/2358/685 1142/2359/685 1143/2360/685 1147/2361/685
f 1145/2362/686 1144/2363/686 1148/2364/686 1149/2365/686
f 1144/2366/687 1142/2367/687 1146/2368/687 1148/2369/687
f 1147/2370/688 1143/2371/688 1145/2372/688 1149/2373/688
f 1150/2374/689 1151/2375/689 1153/2376/689 1152/2377/689
f 1155/2378/690 1154/2379/690 1156/2380/690 1157/2381/690
f 1154/2382/691 1150/2383/691 1152/2384/691 1156/2385/691
f 1151/2386/692 1155/2387/692 1157/2388/692 1153/2389/692
f 1161/2390/693 1159/2391/693 1158/2392/693 1160/2393/693
f 1162/2394/694 1163/2395/694 1165/2396/694 1164/2397/694
f 1169/2398/695 1167/2399/695 1166/2400/695 1168/2401/695
f 1170/2402/696 1171/2403/696 1173/2404/696 1172/2405/696
f 1177/2406/697 1175/2407/697 1174/2408/697 1176/2409/697
f 1181/2410/698 1179/2411/698 1178/2412/698 1180/2413/698
f 1182/2414/699 1183/2415/699 1185/2416/699 1184/2417/699
f 1186/2418/700 1187/2419/700 1189/2420/700 1188/2421/700
f 1190/2422/701 1191/2423/701 1193/2424/701 1192/2425/701
f 1195/2426/702 1194/2427/702 1198/2428/702
f 1195/2429/703 1198/2430/703 1199/2431/703 1197/2432/703
f 1199/2433/704 1196/2434/704 1197/2435/704
f 1201/2436/705 1200/2437/705 1202/2438/705 1203/2439/705
f 1205/2440/706 1204/2441/706 1206/2442/706
f 1208/2443/707 1207/2444/707 1209/2445/707 1210/2446/707
f 1213/2447/708 1211/2448/708 1212/2449/708 1214/2450/708
f 1218/2451/709 1216/2452/709 1215/2453/709 1217/2454/709
f 1220/2455/710 1219/2456/710 1222/2457/710 1221/2458/710
f 1223/2459/711 1224/2460/711 1225/2461/711 1226/2462/711
f 1222/2463/712 1221/2464/712 1225/2465/712 1226/2466/712
f 1219/2467/713 1223/2468/713 1221/2469/713 1225/2470/713
f 1224/2471/714 1220/2472/714 1226/2473/714 1222/2474/714
o car1_interior
v 0.87034125 2.621653125 -11.028413125
v 0.87034125 2.371653125 -11.028413125
v 0.87034125 2.371653125 -11.172163125
v -0.8703412500000001 2.621653125 -11.028413125
v -0.8703412500000001 2.371653125 -11.028413125
v -0.8703412500000001 2.371653125 -11.172163125
v -0.8703412500000001 2.621653125 -11.090913125
v 0.87034125 2.621653125 -11.090913125
v 0.87034125 2.371653125 -11.028413125
v 0.87034125 2.371653125 -11.172163125
v -0.8703412500000001 2.371653125 -11.028413125
v -0.8703412500000001 2.371653125 -11.172163125
v 1.15625 2.8634174999999997 -10.440425
v 1.2689475000000001 2.8679868749999997 -9.625
v -1.15625 2.8634174999999997 -10.440425
v -1.2689475 2.8679868749999997 -9.625
v 1.15625 1.1027568749999999 -10.77974
v 0.3375 1.1027568749999999 -11.02974
v -1.15625 1.1027568749999999 -10.77974
v -0.375 1.1027568749999999 -11.02974
v 0.71632875 0.30588187499999986 -10.77974
v 0.71632875 1.1027568749999999 -10.77974
v -0.7163287500000001 0.30588187499999986 -10.77974
v -0.7163287500000001 1.1027568749999999 -10.77974
v 1.15625 1.4152568749999999 -11.09224
v 1.03125 1.4152568749999999 -11.27974
v -1.15625 1.4152568749999999 -11.09224
v -1.03125 1.4152568749999999 -11.27974
v 1.03125 1.4152568749999999 -11.27974
v 0.87034125 1.324336875 -11.47687
v -1.03125 1.4152568749999999 -11.27974
v -0.8703412500000001 1.324336875 -11.47687
v 0.328125 1.3247875 -11.555158125
v -0.328125 1.3247875 -11.555158125
v 1.15625 1.1027568749999999 -10.65474
v 1.15625 1.1027568749999999 -10.77974
v 0.65625 1.1027568749999999 -10.65474
v 0.34375 1.1027568749999999 -10.77974
v 1.15625 1.1027568749999999 -10.56099
v 1.15625 1.1027568749999999 -10.65474
v 0.75 1.1027568749999999 -10.56099
v 0.65625 1.1027568749999999 -10.65474
v -1.15625 1.1027568749999999 -10.65474
v -1.15625 1.1027568749999999 -10.77974
v -0.65625 1.1027568749999999 -10.65474
v -0.34375 1.1027568749999999 -10.77974
v -1.15625 1.1027568749999999 -10.56099
v -0.75 1.1027568749999999 -10.56099
v 1.15625 1.0402568749999999 -10.65474
v 1.15625 1.0402568749999999 -10.77974
v 0.65625 1.0402568749999999 -10.65474
v 0.34375 1.0402568749999999 -10.77974
v 1.15625 1.0402568749999999 -10.56099
v 1.15625 1.0402568749999999 -10.65474
v 0.75 1.0402568749999999 -10.56099
v 0.65625 1.0402568749999999 -10.65474
v -1.15625 1.0402568749999999 -10.65474
v -1.15625 1.0402568749999999 -10.77974
v -0.65625 1.0402568749999999 -10.65474
v -0.34375 1.0402568749999999 -10.77974
v -1.15625 1.0402568749999999 -10.56099
v -0.75 1.0402568749999999 -10.56099
v -0.7163287500000001 0.30588187499999986 -10.77974
v -0.7163287500000001 1.1027568749999999 -10.77974
v -0.841775 0.30588187499999986 -10.71724
v -0.841775 1.1027568749999999 -10.71724
v -0.841775 0.30588187499999986 -10.71724
v -0.841775 1.1027568749999999 -10.71724
v -1.15625 0.30588187499999986 -10.71724
v -1.15625 1.1027568749999999 -10.71724
v 1.15625 1.1027568749999999 -10.71724
v 0.71632875 1.1027568749999999 -10.77974
v 0.8417749999999999 1.1027568749999999 -10.71724
v 0.71632875 0.30588187499999986 -10.77974
v 0.8417749999999999 0.30588187499999986 -10.71724
v 1.15625 0.30588187499999986 -10.71724
v 1.15625 1.1027568749999999 -10.77974
v 1.15625 1.4152568749999999 -10.84224
v 0.3375 1.1027568749999999 -11.02974
v 0.3375 1.4152568749999999 -11.09224
v -0.35 1.1027568749999999 -11.02974
v -0.35 1.4152568749999999 -11.09224
v -1.15625 1.1027568749999999 -10.77974
v -1.15625 1.4152568749999999 -10.84224
v -0.35 1.4152568749999999 -11.09224
v -1.15625 1.4152568749999999 -10.84224
v -1.15625 1.4152568749999999 -11.09224
v 1.15625 1.4152568749999999 -10.84224
v 1.15625 1.4152568749999999 -11.09224
v 0.3375 1.4152568749999999 -11.09224
v 0.3375 1.1027568749999999 -11.02974
v 0.3375 1.4152568749999999 -11.09224
v -0.35 1.1027568749999999 -11.02974
v -0.35 1.4152568749999999 -11.09224
v -0.75 1.0402568749999999 -10.56099
v -0.75 1.1027568749999999 -10.56099
v -1.15625 1.0402568749999999 -10.56099
v -1.15625 1.1027568749999999 -10.56099
v 0.75 1.0402568749999999 -10.56099
v 0.75 1.1027568749999999 -10.56099
v 1.15625 1.0402568749999999 -10.56099
v 1.15625 1.1027568749999999 -10.56099
v -0.65625 1.0402568749999999 -10.65474
v -0.65625 1.1027568749999999 -10.65474
v -0.75 1.0402568749999999 -10.56099
v -0.75 1.1027568749999999 -10.56099
v -0.34375 1.0402568749999999 -10.77974
v -0.34375 1.1027568749999999 -10.77974
v -0.65625 1.0402568749999999 -10.65474
v -0.65625 1.1027568749999999 -10.65474
v 0.87034125 2.621653125 -11.090913125
v -0.8703412500000001 2.621653125 -11.090913125
v -1.15625 2.8634174999999997 -10.440425
v 1.15625 2.8634174999999997 -10.440425
v 0.23125 1.195274375 -10.83672875
v 0.23125 1.2071999999999998 -10.898080625
v 0.23125 1.072570625 -10.86058
v 0.23125 1.08449625 -10.921931875
v 0.16875 1.195274375 -10.83672875
v 0.16875 1.2071999999999998 -10.898080625
v 0.16875 1.072570625 -10.86058
v 0.16875 1.08449625 -10.921931875
v -0.35625 1.139024375 -10.83672875
v -0.35625 1.15095 -10.898080625
v -0.35625 1.0163206249999999 -10.86058
v -0.35625 1.02824625 -10.921931875
v -0.41875 1.139024375 -10.83672875
v -0.41875 1.15095 -10.898080625
v -0.41875 1.0163206249999999 -10.86058
v -0.41875 1.02824625 -10.921931875
v 1.364346875 2.41204625 -10.068236875
v 1.363836875 2.40917375 -10.581511875
v 1.4156250000000001 2.0625 -10.58469875
v 1.4156250000000001 2.0625 -10.067375625
v 1.4156250000000001 0.5625 -10.070790625
v 1.4156250000000001 2.0625 -10.06825
v 1.4156250000000001 2.0625 -10.584466875
v 1.4156250000000001 0.5625 -10.5840225
v 1.4156250000000001 0.5625 -10.0710275
v 1.4156250000000001 0.47737374999999993 -10.06819
v 1.4156250000000001 0.4764387499999998 -10.585255625
v 1.4156250000000001 0.5625 -10.583108750000001
v 1.37431875 0.3124856249999999 -9.625
v 1.268885625 2.86804125 -9.625
v 1.2785656250000001 0.4572337499999999 -10.08862
v 1.223658125 2.396346875 -10.09810625
v 1.37431875 0.3124856249999999 -9.625
v 1.156250625 0.30588187499999986 -10.717240625
v 1.268885625 2.86804125 -9.625
v 1.156250625 2.8634174999999997 -10.440425625
v 1.2082993750000002 0.30745812500000014 -10.456541875
v 1.156250625 1.1027574999999998 -10.717240625
v 1.2053275 0.4534143749999999 -10.45562125
v 1.2785656250000001 0.4572337499999999 -10.08862
v 1.223658125 2.396346875 -10.09810625
v 1.166368125 2.3853275 -10.443558125000001
v 1.156250625 2.383328125 -10.518854375
v 1.1883581250000002 0.6121631249999999 -10.55642375
v 1.1881300000000001 0.45233374999999976 -10.55756375
v 1.1987981250000002 0.4526412500000001 -10.5041325
v 1.1621987500000002 1.845775 -10.55633875
v 1.186553125 0.7018137499999999 -10.55570125
v 1.156250625 2.12499875 -10.55652125
v 1.156250625 1.1027574999999998 -10.717240625
v 1.156250625 1.1027574999999998 -10.779740625
v 1.156250625 2.8634174999999997 -10.440425625
v 1.15625 1.4152574999999998 -10.842240625
v 1.156250625 2.12499875 -10.55652125
v 1.156250625 2.383328125 -10.518854375
v 1.156250625 2.3467181249999998 -10.583791875
v 1.156250625 2.12499875 -10.55652125
v 1.1881300000000001 0.45233374999999976 -10.55756375
v 1.156250625 2.3467181249999998 -10.583791875
v 1.4156250000000001 0.4764387499999998 -10.585255625
v 1.363836875 2.40917375 -10.581511875
v 1.4156250000000001 0.5625 -10.583108750000001
v 1.4312500000000001 2.0625 -10.584466875
v 1.156250625 2.12499875 -10.55652125
v 1.4312500000000001 1.872626875 -10.584410625
v 1.1621987500000002 1.845775 -10.55633875
v 1.4312500000000001 0.62095375 -10.584039375
v 1.1883581250000002 0.6121631249999999 -10.55642375
v 1.43549875 0.70594 -10.58249625
v 1.186553125 0.7018137499999999 -10.55570125
v 1.1881300000000001 0.45233374999999976 -10.55756375
v 1.2785656250000001 0.4572337499999999 -10.08862
v 1.4156250000000001 0.4764387499999998 -10.585255625
v 1.4156250000000001 0.47737374999999993 -10.06819
v 1.1987981250000002 0.4526412500000001 -10.5041325
v 1.2053275 0.4534143749999999 -10.45562125
v 1.2785656250000001 0.4572337499999999 -10.08862
v 1.223658125 2.396346875 -10.09810625
v 1.4156250000000001 0.47737374999999993 -10.06819
v 1.364346875 2.41204625 -10.068236875
v 1.4156250000000001 2.0625 -10.067375625
v 1.4156250000000001 0.5625 -10.070790625
v 1.156250625 2.3467181249999998 -10.583791875
v 1.223658125 2.396346875 -10.09810625
v 1.363836875 2.40917375 -10.581511875
v 1.364346875 2.41204625 -10.068236875
v 1.156250625 2.383328125 -10.518854375
v 1.166368125 2.3853275 -10.443558125000001
v 1.15625 2.8634174999999997 -10.440425625
v 1.15625 2.08913625 -10.978306875
v 0.87034125 2.621653125 -11.090913125
v 0.87034125 2.03975375 -11.277800000000001
v 1.15625 2.08913625 -10.978306875
v 1.03125 1.4152568749999999 -11.27974
v 0.87034125 2.03975375 -11.277800000000001
v 0.87034125 1.324336875 -11.47687
v 1.15625 1.4152568749999999 -10.842240625
v 1.03125 1.4152568749999999 -11.27974
v 1.15625 2.8634174999999997 -10.440425625
v 1.15625 2.08913625 -10.978306875
v 0.65625 1.0402568749999999 -10.65474
v 0.65625 1.1027568749999999 -10.65474
v 0.75 1.0402568749999999 -10.56099
v 0.75 1.1027568749999999 -10.56099
v 0.34375 1.0402568749999999 -10.77974
v 0.34375 1.1027568749999999 -10.77974
v 0.65625 1.0402568749999999 -10.65474
v 0.65625 1.1027568749999999 -10.65474
v -1.3643468749999998 2.41204625 -10.068236875
v -1.3638368749999998 2.40917375 -10.581511875
v -1.415625 2.0625 -10.58469875
v -1.415625 2.0625 -10.067375625
v -1.415625 0.5625 -10.070790625
v -1.415625 2.0625 -10.06825
v -1.415625 2.0625 -10.584466875
v -1.415625 0.5625 -10.5840225
v -1.415625 0.5625 -10.0710275
v -1.415625 0.47737374999999993 -10.06819
v -1.415625 0.4764387499999998 -10.585255625
v -1.415625 0.5625 -10.583108750000001
v -1.37431875 0.3124856249999999 -9.625
v -1.268885625 2.86804125 -9.625
v -1.278565625 0.4572337499999999 -10.08862
v -1.223658125 2.396346875 -10.09810625
v -1.37431875 0.3124856249999999 -9.625
v -1.156250625 0.30588187499999986 -10.717240625
v -1.268885625 2.86804125 -9.625
v -1.156250625 2.8634174999999997 -10.440425625
v -1.208299375 0.30745812500000014 -10.456541875
v -1.156250625 1.1027574999999998 -10.717240625
v -1.2053274999999999 0.4534143749999999 -10.45562125
v -1.278565625 0.4572337499999999 -10.08862
v -1.223658125 2.396346875 -10.09810625
v -1.166368125 2.3853275 -10.443558125000001
v -1.156250625 2.383328125 -10.518854375
v -1.188358125 0.6121631249999999 -10.55642375
v -1.18813 0.45233374999999976 -10.55756375
v -1.198798125 0.4526412500000001 -10.5041325
v -1.16219875 1.845775 -10.55633875
v -1.1865531249999999 0.7018137499999999 -10.55570125
v -1.156250625 2.12499875 -10.55652125
v -1.156250625 1.1027574999999998 -10.717240625
v -1.156250625 1.1027574999999998 -10.779740625
v -1.156250625 2.8634174999999997 -10.440425625
v -1.15625 1.4152574999999998 -10.842240625
v -1.156250625 2.12499875 -10.55652125
v -1.156250625 2.383328125 -10.518854375
v -1.156250625 2.3467181249999998 -10.583791875
v -1.156250625 2.12499875 -10.55652125
v -1.18813 0.45233374999999976 -10.55756375
v -1.156250625 2.3467181249999998 -10.583791875
v -1.415625 0.4764387499999998 -10.585255625
v -1.3638368749999998 2.40917375 -10.581511875
v -1.415625 0.5625 -10.583108750000001
v -1.43125 2.0625 -10.584466875
v -1.156250625 2.12499875 -10.55652125
v -1.43125 1.872626875 -10.584410625
v -1.16219875 1.845775 -10.55633875
v -1.43125 0.62095375 -10.584039375
v -1.188358125 0.6121631249999999 -10.55642375
v -1.4354987499999998 0.70594 -10.58249625
v -1.1865531249999999 0.7018137499999999 -10.55570125
v -1.18813 0.45233374999999976 -10.55756375
v -1.278565625 0.4572337499999999 -10.08862
v -1.415625 0.4764387499999998 -10.585255625
v -1.415625 0.47737374999999993 -10.06819
v -1.198798125 0.4526412500000001 -10.5041325
v -1.2053274999999999 0.4534143749999999 -10.45562125
v -1.278565625 0.4572337499999999 -10.08862
v -1.223658125 2.396346875 -10.09810625
v -1.415625 0.47737374999999993 -10.06819
v -1.3643468749999998 2.41204625 -10.068236875
v -1.415625 2.0625 -10.067375625
v -1.415625 0.5625 -10.070790625
v -1.156250625 2.3467181249999998 -10.583791875
v -1.223658125 2.396346875 -10.09810625
v -1.3638368749999998 2.40917375 -10.581511875
v -1.3643468749999998 2.41204625 -10.068236875
v -1.156250625 2.383328125 -10.518854375
v -1.166368125 2.3853275 -10.443558125000001
v -1.15625 2.8634174999999997 -10.440425625
v -1.15625 2.08913625 -10.978306875
v -0.8703412500000001 2.621653125 -11.090913125
v -0.8703412500000001 2.03975375 -11.277800000000001
v -1.15625 2.08913625 -10.978306875
v -1.03125 1.4152568749999999 -11.27974
v -0.8703412500000001 2.03975375 -11.277800000000001
v -0.8703412500000001 1.324336875 -11.47687
v -1.15625 1.4152568749999999 -10.842240625
v -1.03125 1.4152568749999999 -11.27974
v -1.15625 2.8634174999999997 -10.440425625
v -1.15625 2.08913625 -10.978306875
v 0.21875 1.201670625 -9.881173125
v 0.21875 0.7844193749999999 -10.012731875
v 0.21875 1.1828762499999999 -9.82156625
v 0.21875 0.765625625 -9.953125
v -0.21875 1.201670625 -9.881173125
v -0.21875 0.7844193749999999 -10.012731875
v -0.21875 1.1828762499999999 -9.82156625
v -0.21875 0.765625625 -9.953125
v -0.21875 1.1439225 -9.924761875
v -0.21875 0.7746199999999999 -9.98988
v -0.21875 1.1330693749999998 -9.86321125
v -0.21875 0.76376625 -9.92833
v -0.28125 1.1439225 -9.924761875
v -0.28125 0.7746199999999999 -9.98988
v -0.28125 1.1330693749999998 -9.86321125
v -0.28125 0.76376625 -9.92833
v 0.21875 1.31683 -9.86141
v 0.21875 1.193729375 -9.88311625
v 0.21875 1.3059768749999998 -9.79986
v 0.21875 1.1828756249999999 -9.821565625
v -0.21875 1.31683 -9.86141
v -0.21875 1.193729375 -9.88311625
v -0.21875 1.3059768749999998 -9.79986
v -0.21875 1.1828756249999999 -9.821565625
v 0.21875 0.828125 -9.953124375
v 0.21875 0.828125 -10.390625
v 0.21875 0.765625625 -9.953125
v 0.21875 0.765625 -10.390624375
v -0.21875 0.828125 -9.953124375
v -0.21875 0.828125 -10.390625
v -0.21875 0.765625625 -9.953125
v -0.21875 0.765625 -10.390624375
v 0.21875 0.7823724999999999 -9.953124375
v 0.21875 0.7823724999999999 -10.390624375
v 0.21875 0.7198718749999999 -9.953124375
v 0.21875 0.7198718749999999 -10.390624375
v -0.21875 0.7823724999999999 -9.953124375
v -0.21875 0.7823724999999999 -10.390624375
v -0.21875 0.7198718749999999 -9.953124375
v -0.21875 0.7198718749999999 -10.390624375
v 0.21875 0.828125625 -10.390624375
v 0.21875 0.7739987499999998 -10.421874375
v 0.21875 0.796875625 -10.336498125
v 0.21875 0.7427487499999998 -10.367748125
v -0.21875 0.828125625 -10.390624375
v -0.21875 0.7739987499999998 -10.421874375
v -0.21875 0.796875625 -10.336498125
v -0.21875 0.7427487499999998 -10.367748125
v 0.21875 0.7739987499999998 -10.421874375
v 0.21875 0.71987125 -10.390624375
v 0.21875 0.8052481249999999 -10.367748125
v 0.21875 0.7511218749999999 -10.336498125
v -0.21875 0.7739987499999998 -10.421874375
v -0.21875 0.71987125 -10.390624375
v -0.21875 0.8052481249999999 -10.367748125
v -0.21875 0.7511218749999999 -10.336498125
v 0.28125 1.1439225 -9.924761875
v 0.28125 0.7746199999999999 -9.98988
v 0.28125 1.1330693749999998 -9.86321125
v 0.28125 0.76376625 -9.92833
v 0.21875 1.1439225 -9.924761875
v 0.21875 0.7746199999999999 -9.98988
v 0.21875 1.1330693749999998 -9.86321125
v 0.21875 0.76376625 -9.92833
v 0.125 0.7198724999999999 -10.031249375
v 0.125 0.7198718749999999 -10.218749375
v 0.125 0.40737187499999994 -10.031249375
v 0.125 0.40737187499999994 -10.218749375
v -0.125 0.7198724999999999 -10.031249375
v -0.125 0.7198718749999999 -10.218749375
v -0.125 0.40737187499999994 -10.031249375
v -0.125 0.40737187499999994 -10.218749375
v 0.15625 0.40737187499999994 -9.999999375
v 0.15625 0.40737187499999994 -10.249999375
v 0.15625 0.28237187499999994 -9.999999375
v 0.15625 0.28237187499999994 -10.249999375
v -0.15625 0.40737187499999994 -9.999999375
v -0.15625 0.40737187499999994 -10.249999375
v -0.15625 0.28237187499999994 -9.999999375
v -0.15625 0.28237187499999994 -10.249999375
v 0.15625 1.433584375 -9.8568475
v 0.15625 1.3087037499999998 -9.862300625
v 0.15625 1.4308581249999999 -9.7944075
v 0.15625 1.3059775 -9.79986
v -0.15625 1.433584375 -9.8568475
v -0.15625 1.3087037499999998 -9.862300625
v -0.15625 1.4308581249999999 -9.7944075
v -0.15625 1.3059775 -9.79986
v 1.375 0.3125 -10.875
v -1.375 0.3125 -10.875
v 1.375 0.3125 -10.875
v -1.375 0.3125 -10.875
v 1.375 0.3125 -9.625
v -1.375 0.3125 -9.625
v 1.375 0.3125 -9.625
v -1.375 0.3125 -9.625
vt 0.4928571428571429 0.8214285714285714
vt 0.4928571428571429 0.85
vt 0.6928571428571428 0.85
vt 0.6928571428571428 0.8214285714285714
vt 0.18571428571428572 0.5285714285714286
vt 0.195 0.5571428571428572
vt 0.2 0.5571428571428572
vt 0.2 0.5285714285714286
vt 0.05785714285714286 0.24285714285714288
vt 0.05785714285714286 0.27142857142857146
vt 0.065 0.27142857142857146
vt 0.07428571428571429 0.24285714285714288
vt 0.8214285714285714 0.7428571428571429
vt 0.8214285714285714 0.7285714285714286
vt 0.6214285714285714 0.7285714285714286
vt 0.6214285714285714 0.7428571428571429
vt 0.27767857142857144 0.7571428571428571
vt 0.2905585714285714 0.85
vt 0.0005128571428571429 0.85
vt 0.013392857142857142 0.7571428571428571
vt 0.7571428571428571 0.9714285714285714
vt 0.6635714285714286 1
vt 0.5821428571428572 1
vt 0.4928571428571429 0.9714285714285714
vt 0.16428571428571428 0.5714285714285714
vt 0.16428571428571428 0.6642857142857144
vt 0 0.6642857142857144
vt 0 0.5714285714285714
vt 0.7785714285714286 0.75
vt 0.7642857142857142 0.7714285714285715
vt 0.5285714285714286 0.7714285714285715
vt 0.5142857142857142 0.75
vt 0.7946222857142857 0.25
vt 0.7785920000000001 0.2236042857142857
vt 0.7946222857142857 0.16308042857142857
vt 0.5089285714285714 0.7785714285714286
vt 0.5839285714285715 0.7785714285714286
vt 0.6642857142857143 0.8142857142857143
vt 0.42857142857142855 0.8142857142857143
vt 0.7574330714285714 0.8357142857142857
vt 0.8179569285714285 0.819684
vt 0.844352642857143 0.8357142857142857
vt 0.8714285714285714 0.5
vt 0.8714285714285714 0.5142857142857142
vt 0.7785714285714286 0.5142857142857142
vt 0.8142857142857143 0.5
vt 0.8857142857142857 0.3142857142857143
vt 0.8857142857142857 0.3285714285714286
vt 0.8285714285714286 0.3285714285714286
vt 0.8392857142857143 0.3142857142857143
vt 0.8785714285714286 0.7714285714285715
vt 0.7857142857142857 0.7714285714285715
vt 0.7857142857142857 0.7571428571428571
vt 0.8428571428571429 0.7571428571428571
vt 0.8928571428571429 1
vt 0.8357142857142857 1
vt 0.8357142857142857 0.9857142857142858
vt 0.8821428571428571 0.9857142857142858
vt 0.7857142857142857 0.7071428571428571
vt 0.8785714285714286 0.7071428571428571
vt 0.8785714285714286 0.7214285714285714
vt 0.8214285714285714 0.7214285714285714
vt 0.32857142857142857 0.15000000000000002
vt 0.38571428571428573 0.15000000000000002
vt 0.38571428571428573 0.16428571428571426
vt 0.3392857142857143 0.16428571428571426
vt 0.7857142857142857 0.4928571428571429
vt 0.7857142857142857 0.47857142857142854
vt 0.8785714285714286 0.47857142857142854
vt 0.8428571428571429 0.4928571428571429
vt 0.8357142857142857 0.5357142857142857
vt 0.8357142857142857 0.5214285714285714
vt 0.8928571428571429 0.5214285714285714
vt 0.8821428571428571 0.5357142857142857
vt 0.7071428571428572 0.12142857142857144
vt 0.7071428571428572 0.2142857142857143
vt 0.6928571428571428 0.2142857142857143
vt 0.6928571428571428 0.12142857142857144
vt 0.30714285714285716 0.30714285714285716
vt 0.30714285714285716 0.4
vt 0.2714285714285714 0.4
vt 0.2714285714285714 0.30714285714285716
vt 0.5142857142857142 0.20714285714285718
vt 0.5 0.20714285714285718
vt 0.5 0.11428571428571432
vt 0.5142857142857142 0.11428571428571432
vt 0.35 0.4
vt 0.3142857142857143 0.4
vt 0.3142857142857143 0.30714285714285716
vt 0.35 0.30714285714285716
vt 0.5499221428571428 0.3642857142857143
vt 0.5478364285714287 0.4
vt 0.45 0.4
vt 0.4520857142857143 0.3642857142857143
vt 0.7050271428571429 0.5642857142857143
vt 0.7071428571428572 0.6
vt 0.6106721428571429 0.6
vt 0.6085564285714286 0.5642857142857143
vt 0.7925 0.8571428571428572
vt 0.7003571428571428 0.8571428571428572
vt 0.7003571428571428 0.8285714285714285
vt 0.7726785714285714 0.6928571428571428
vt 0.7726785714285714 0.7214285714285714
vt 0.6791071428571429 0.7214285714285714
vt 0.5857142857142857 0.30714285714285716
vt 0.5857142857142857 0.34285714285714286
vt 0.5071428571428571 0.34285714285714286
vt 0.5071428571428571 0.30714285714285716
vt 0.9357142857142857 0.47857142857142854
vt 0.9357142857142857 0.48571428571428577
vt 0.8857142857142857 0.48571428571428577
vt 0.8857142857142857 0.47857142857142854
vt 0.8857142857142857 0.48571428571428577
vt 0.9357142857142857 0.48571428571428577
vt 0.9357142857142857 0.47857142857142854
vt 0.8857142857142857 0.47857142857142854
vt 0.7285714285714285 0.37857142857142856
vt 0.7285714285714285 0.3857142857142857
vt 0.7142857142857143 0.3857142857142857
vt 0.7142857142857143 0.37857142857142856
vt 0.39285714285714285 0.23571428571428577
vt 0.39285714285714285 0.24285714285714288
vt 0.35714285714285715 0.24285714285714288
vt 0.35714285714285715 0.23571428571428577
vt 0.032674999999999996 0.6714285714285715
vt 0.23161071428571428 0.6714285714285715
vt 0.2642857142857143 0.75
vt 0 0.75
vt 0.2 0.3214285714285714
vt 0.2 0.33571428571428574
vt 0.19285714285714287 0.33571428571428574
vt 0.19285714285714287 0.3214285714285714
vt 0.7071428571428572 0.08571428571428574
vt 0.7214285714285714 0.08571428571428574
vt 0.7214285714285714 0.09285714285714286
vt 0.7071428571428572 0.09285714285714286
vt 0.85 0.8928571428571429
vt 0.85 0.9
vt 0.8428571428571429 0.9
vt 0.8428571428571429 0.8928571428571429
vt 0.20714285714285716 0.05714285714285716
vt 0.20714285714285716 0.050000000000000044
vt 0.21428571428571427 0.050000000000000044
vt 0.21428571428571427 0.05714285714285716
vt 0.10714285714285714 0.07857142857142863
vt 0.10714285714285714 0.09285714285714286
vt 0.1 0.09285714285714286
vt 0.1 0.07857142857142863
vt 0.15 0.07857142857142863
vt 0.15 0.09285714285714286
vt 0.14285714285714285 0.09285714285714286
vt 0.14285714285714285 0.07857142857142863
vt 0.45714285714285713 0.40714285714285714
vt 0.45714285714285713 0.4214285714285714
vt 0.45 0.4214285714285714
vt 0.45 0.40714285714285714
vt 0.6142857142857143 0.19999999999999996
vt 0.6285714285714286 0.19999999999999996
vt 0.6285714285714286 0.20714285714285718
vt 0.6142857142857143 0.20714285714285718
vt 0.3357142857142857 0.17142857142857137
vt 0.3357142857142857 0.1785714285714286
vt 0.32857142857142857 0.1785714285714286
vt 0.32857142857142857 0.17142857142857137
vt 0.15714285714285714 0.16428571428571426
vt 0.15714285714285714 0.15714285714285714
vt 0.16428571428571428 0.15714285714285714
vt 0.16428571428571428 0.16428571428571426
vt 0.6785714285714286 0.8
vt 0.6785714285714286 0.8142857142857143
vt 0.6714285714285714 0.8142857142857143
vt 0.6714285714285714 0.8
vt 0.2642857142857143 0.30714285714285716
vt 0.2642857142857143 0.3214285714285714
vt 0.2571428571428571 0.3214285714285714
vt 0.2571428571428571 0.30714285714285716
vt 0.3975885714285714 0.7211128571428571
vt 0.39722428571428575 0.6785714285714286
vt 0.45634714285714284 0.6785714285714286
vt 0.45624857142857145 0.7214285714285714
vt 0.2758589285714286 0.75
vt 0.2758589285714286 0.5785714285714285
vt 0.3345139285714286 0.5785540714285715
vt 0.33485535714285714 0.7499825714285715
vt 0.3345792857142857 0.5714285714285714
vt 0.27605571428571424 0.5714285714285714
vt 0.2758107142857143 0.5615928571428571
vt 0.3349035714285714 0.5617
vt 0.2642857142857143 0.3857142857142857
vt 0.2642857142857143 0.6780267142857144
vt 0.20714285714285716 0.6243777142857143
vt 0.20782935714285714 0.402694
vt 0.7785714285714286 0.6714285714285715
vt 0.8754817142857143 0.6714285714285715
vt 0.8214787142857143 0.6857142857142857
vt 0.7787068571428571 0.6855309285714286
vt 0.5542969285714285 0.6884877857142857
vt 0.6088674285714285 0.742138
vt 0.5147895714285714 0.742138
vt 0.5142857142857142 0.6875
vt 0.9127377857142857 0.8353205
vt 0.8571428571428571 0.8353205
vt 0.8587558571428572 0.8267857142857142
vt 0.24727885714285713 0.13571428571428568
vt 0.22857142857142856 0.12142857142857144
vt 0.25895407142857146 0.12142857142857144
vt 0.25350607142857146 0.13571428571428568
vt 0.15714285714285714 0.26428571428571423
vt 0.15714285714285714 0.17321428571428577
vt 0.17575142857142856 0.18995142857142855
vt 0.17588428571428572 0.20821785714285712
vt 0.07857142857142857 0.19946785714285709
vt 0.09717464285714286 0.15357142857142858
vt 0.09717464285714286 0.28434007142857143
vt 0.7390084285714286 0.06327628571428567
vt 0.7357142857142858 0.11268928571428571
vt 0.7357142857142858 0.0535714285714286
vt 0.6071428571428571 0.07499999999999996
vt 0.6124771428571428 0.09080871428571435
vt 0.6071428571428571 0.09249442857142853
vt 0.9039764285714286 0.6996657142857143
vt 0.7857142857142857 0.6996657142857143
vt 0.8724560714285714 0.6946428571428571
vt 0.7200210714285714 0.8214285714285714
vt 0.6858495714285714 0.8088255
vt 0.6869589285714286 0.8
vt 0.8052218571428571 0.8
vt 0.8720374285714285 0.18571428571428572
vt 0.8780535714285714 0.17968171428571422
vt 0.9333197142857143 0.18571428571428572
vt 0.8891659285714286 0.5571428571428572
vt 0.7786912142857142 0.5571428571428572
vt 0.8655823571428571 0.5473650000000001
vt 0.6941798571428571 0.11423521428571426
vt 0.7189742857142858 0.10535714285714282
vt 0.7232142857142857 0.11423521428571426
vt 0.6071428571428571 0.20714285714285718
vt 0.5833277142857143 0.2046392142857143
vt 0.5785714285714286 0.17955578571428576
vt 0.6071428571428571 0.16716057142857144
vt 0.8214285714285714 0.3176118571428571
vt 0.8214285714285714 0.35
vt 0.7928571428571428 0.3423045714285714
vt 0.8026682857142857 0.3128268571428572
vt 0.32227878571428575 0.13571428571428568
vt 0.3267857142857143 0.1387911428571429
vt 0.30117528571428576 0.15000000000000002
vt 0.2932442142857143 0.13571428571428568
vt 0.6017857142857143 0.11381999999999992
vt 0.573166142857143 0.11381999999999992
vt 0.5732115714285714 0.10357142857142854
vt 0.6011615 0.10411464285714278
vt 0.40831285714285714 0.4190130000000001
vt 0.40831285714285714 0.28824535714285715
vt 0.4369321428571428 0.28811285714285717
vt 0.4392857142857143 0.4214285714285714
vt 0.06478321428571428 0.2101061428571429
vt 0.07093107142857143 0.2091169285714286
vt 0.07093107142857143 0.23571428571428577
vt 0.07857142857142857 0.40664071428571424
vt 0.08690271428571429 0.36468721428571427
vt 0.1 0.36234835714285707
vt 0.1 0.4214285714285714
vt 0.39297585714285715 0.13818600000000003
vt 0.3980955714285714 0.13592964285714293
vt 0.3980955714285714 0.16428571428571426
vt 0.8832087142857142 0.8963667857142857
vt 0.8832087142857142 0.9129016428571428
vt 0.8428571428571429 0.9142857142857143
vt 0.7788465 0.6571428571428571
vt 0.7400697857142857 0.6785714285714286
vt 0.5687137142857143 0.6735840714285715
vt 0.5571428571428572 0.6571428571428571
vt 0.24285714285714285 0.09256328571428574
vt 0.25062535714285716 0.07857142857142863
vt 0.25062535714285716 0.09842714285714282
vt 0.8929000714285714 0.9494325714285714
vt 0.8945345714285715 0.9410714285714286
vt 0.9178571428571428 0.9494325714285714
vt 0.04331057142857143 0.10595564285714276
vt 0.04724928571428571 0.0982142857142857
vt 0.07097514285714286 0.10595564285714276
vt 0.5428571428571428 0.20687292857142858
vt 0.5280108571428571 0.20343357142857144
vt 0.5214285714285715 0.16393892857142855
vt 0.5428571428571428 0.14821428571428574
vt 0.4928571428571429 0.8947803571428572
vt 0.5170201428571428 0.8571428571428572
vt 0.624766 0.8571428571428572
vt 0.55966 0.9071428571428571
vt 0.5571428571428572 0.631228
vt 0.5786355000000001 0.6071428571428572
vt 0.6642050714285714 0.6071428571428572
vt 0.6398903571428571 0.65
vt 0.5483849285714285 0.49849328571428575
vt 0.4642857142857143 0.5142857142857142
vt 0.47776257142857137 0.4642857142857143
vt 0.6481352142857143 0.4642857142857143
vt 0.9285714285714286 0.7857142857142857
vt 0.9142857142857143 0.7857142857142857
vt 0.9142857142857143 0.7785714285714286
vt 0.9285714285714286 0.7785714285714286
vt 0.03571428571428571 0.1071428571428571
vt 0 0.1071428571428571
vt 0 0.09999999999999998
vt 0.03571428571428571 0.09999999999999998
vt 0.45634714285714284 0.6785714285714286
vt 0.39722428571428575 0.6785714285714286
vt 0.3975885714285714 0.7211128571428571
vt 0.45624857142857145 0.7214285714285714
vt 0.3345139285714286 0.5785540714285715
vt 0.2758589285714286 0.5785714285714285
vt 0.2758589285714286 0.75
vt 0.33485535714285714 0.7499825714285715
vt 0.2758107142857143 0.5615928571428571
vt 0.27605571428571424 0.5714285714285714
vt 0.3345792857142857 0.5714285714285714
vt 0.3349035714285714 0.5617
vt 0.20714285714285716 0.6243777142857143
vt 0.2642857142857143 0.6780267142857144
vt 0.2642857142857143 0.3857142857142857
vt 0.20782935714285714 0.402694
vt 0.8214787142857143 0.6857142857142857
vt 0.8754817142857143 0.6714285714285715
vt 0.7785714285714286 0.6714285714285715
vt 0.7787068571428571 0.6855309285714286
vt 0.5147895714285714 0.742138
vt 0.6088674285714285 0.742138
vt 0.5542969285714285 0.6884877857142857
vt 0.5142857142857142 0.6875
vt 0.8571428571428571 0.8353205
vt 0.9127377857142857 0.8353205
vt 0.8587558571428572 0.8267857142857142
vt 0.25895407142857146 0.12142857142857144
vt 0.22857142857142856 0.12142857142857144
vt 0.24727885714285713 0.13571428571428568
vt 0.25350607142857146 0.13571428571428568
vt 0.17575142857142856 0.18995142857142855
vt 0.15714285714285714 0.17321428571428577
vt 0.15714285714285714 0.26428571428571423
vt 0.17588428571428572 0.20821785714285712
vt 0.09717464285714286 0.15357142857142858
vt 0.07857142857142857 0.19946785714285709
vt 0.09717464285714286 0.28434007142857143
vt 0.7357142857142858 0.11268928571428571
vt 0.7390084285714286 0.06327628571428567
vt 0.7357142857142858 0.0535714285714286
vt 0.6124771428571428 0.09080871428571435
vt 0.6071428571428571 0.07499999999999996
vt 0.6071428571428571 0.09249442857142853
vt 0.7857142857142857 0.6996657142857143
vt 0.9039764285714286 0.6996657142857143
vt 0.8724560714285714 0.6946428571428571
vt 0.6869589285714286 0.8
vt 0.6858495714285714 0.8088255
vt 0.7200210714285714 0.8214285714285714
vt 0.8052218571428571 0.8
vt 0.8780535714285714 0.17968171428571422
vt 0.8720374285714285 0.18571428571428572
vt 0.9333197142857143 0.18571428571428572
vt 0.7786912142857142 0.5571428571428572
vt 0.8891659285714286 0.5571428571428572
vt 0.8655823571428571 0.5473650000000001
vt 0.7189742857142858 0.10535714285714282
vt 0.6941798571428571 0.11423521428571426
vt 0.7232142857142857 0.11423521428571426
vt 0.5785714285714286 0.17955578571428576
vt 0.5833277142857143 0.2046392142857143
vt 0.6071428571428571 0.20714285714285718
vt 0.6071428571428571 0.16716057142857144
vt 0.7928571428571428 0.3423045714285714
vt 0.8214285714285714 0.35
vt 0.8214285714285714 0.3176118571428571
vt 0.8026682857142857 0.3128268571428572
vt 0.30117528571428576 0.15000000000000002
vt 0.3267857142857143 0.1387911428571429
vt 0.32227878571428575 0.13571428571428568
vt 0.2932442142857143 0.13571428571428568
vt 0.5732115714285714 0.10357142857142854
vt 0.573166142857143 0.11381999999999992
vt 0.6017857142857143 0.11381999999999992
vt 0.6011615 0.10411464285714278
vt 0.4369321428571428 0.28811285714285717
vt 0.40831285714285714 0.28824535714285715
vt 0.40831285714285714 0.4190130000000001
vt 0.4392857142857143 0.4214285714285714
vt 0.07093107142857143 0.2091169285714286
vt 0.06478321428571428 0.2101061428571429
vt 0.07093107142857143 0.23571428571428577
vt 0.1 0.36234835714285707
vt 0.08690271428571429 0.36468721428571427
vt 0.07857142857142857 0.40664071428571424
vt 0.1 0.4214285714285714
vt 0.3980955714285714 0.13592964285714293
vt 0.39297585714285715 0.13818600000000003
vt 0.3980955714285714 0.16428571428571426
vt 0.8832087142857142 0.9129016428571428
vt 0.8832087142857142 0.8963667857142857
vt 0.8428571428571429 0.9142857142857143
vt 0.5687137142857143 0.6735840714285715
vt 0.7400697857142857 0.6785714285714286
vt 0.7788465 0.6571428571428571
vt 0.5571428571428572 0.6571428571428571
vt 0.25062535714285716 0.07857142857142863
vt 0.24285714285714285 0.09256328571428574
vt 0.25062535714285716 0.09842714285714282
vt 0.8945345714285715 0.9410714285714286
vt 0.8929000714285714 0.9494325714285714
vt 0.9178571428571428 0.9494325714285714
vt 0.04724928571428571 0.0982142857142857
vt 0.04331057142857143 0.10595564285714276
vt 0.07097514285714286 0.10595564285714276
vt 0.5214285714285715 0.16393892857142855
vt 0.5280108571428571 0.20343357142857144
vt 0.5428571428571428 0.20687292857142858
vt 0.5428571428571428 0.14821428571428574
vt 0.624766 0.8571428571428572
vt 0.5170201428571428 0.8571428571428572
vt 0.4928571428571429 0.8947803571428572
vt 0.55966 0.9071428571428571
vt 0.6642050714285714 0.6071428571428572
vt 0.5786355000000001 0.6071428571428572
vt 0.5571428571428572 0.631228
vt 0.6398903571428571 0.65
vt 0.47776257142857137 0.4642857142857143
vt 0.4642857142857143 0.5142857142857142
vt 0.5483849285714285 0.49849328571428575
vt 0.6481352142857143 0.4642857142857143
vt 0.5571428571428572 0.35
vt 0.5571428571428572 0.3571428571428571
vt 0.5071428571428571 0.3571428571428571
vt 0.5071428571428571 0.35
vt 0.05 0.11428571428571432
vt 0.05 0.12142857142857144
vt 0 0.12142857142857144
vt 0 0.11428571428571432
vt 0.34285714285714286 0.25
vt 0.34285714285714286 0.30000000000000004
vt 0.29285714285714287 0.30000000000000004
vt 0.29285714285714287 0.25
vt 0.4 0.25
vt 0.4 0.30000000000000004
vt 0.35 0.30000000000000004
vt 0.35 0.25
vt 0.10714285714285714 0.11428571428571432
vt 0.10714285714285714 0.12142857142857144
vt 0.05714285714285714 0.12142857142857144
vt 0.05714285714285714 0.11428571428571432
vt 0.34285714285714286 0.11428571428571432
vt 0.34285714285714286 0.12142857142857144
vt 0.29285714285714287 0.12142857142857144
vt 0.29285714285714287 0.11428571428571432
vt 0.6357142857142857 0.09285714285714286
vt 0.6428571428571429 0.09285714285714286
vt 0.6428571428571429 0.13571428571428568
vt 0.6357142857142857 0.13571428571428568
vt 0.5928571428571429 0.5071428571428571
vt 0.5928571428571429 0.5142857142857142
vt 0.55 0.5142857142857142
vt 0.55 0.5071428571428571
vt 0.4642857142857143 0.12857142857142856
vt 0.4642857142857143 0.08571428571428574
vt 0.4714285714285714 0.08571428571428574
vt 0.4714285714285714 0.12857142857142856
vt 0.1357142857142857 0.08571428571428574
vt 0.1357142857142857 0.12857142857142856
vt 0.12857142857142856 0.12857142857142856
vt 0.12857142857142856 0.08571428571428574
vt 0.17857142857142858 0.2571428571428571
vt 0.17857142857142858 0.26428571428571423
vt 0.17142857142857143 0.26428571428571423
vt 0.17142857142857143 0.2571428571428571
vt 0.8142857142857143 0.9642857142857143
vt 0.8142857142857143 0.9714285714285714
vt 0.8071428571428572 0.9714285714285714
vt 0.8071428571428572 0.9642857142857143
vt 0.20714285714285716 0.65
vt 0.21428571428571427 0.65
vt 0.21428571428571427 0.6642857142857144
vt 0.20714285714285716 0.6642857142857144
vt 0.5928571428571429 0.44999999999999996
vt 0.5928571428571429 0.4571428571428572
vt 0.5785714285714286 0.4571428571428572
vt 0.5785714285714286 0.44999999999999996
vt 0.8428571428571429 0.8857142857142857
vt 0.8428571428571429 0.8714285714285714
vt 0.8928571428571429 0.8714285714285714
vt 0.8928571428571429 0.8857142857142857
vt 0.2857142857142857 0.1428571428571429
vt 0.2857142857142857 0.15714285714285714
vt 0.2357142857142857 0.15714285714285714
vt 0.2357142857142857 0.1428571428571429
vt 0.9285714285714286 0.4214285714285714
vt 0.9285714285714286 0.4285714285714286
vt 0.8785714285714286 0.4285714285714286
vt 0.8785714285714286 0.4214285714285714
vt 0.9285714285714286 0.4928571428571429
vt 0.9285714285714286 0.5
vt 0.8785714285714286 0.5
vt 0.8785714285714286 0.4928571428571429
vt 0.4 0.11428571428571432
vt 0.4 0.12142857142857144
vt 0.35 0.12142857142857144
vt 0.35 0.11428571428571432
vt 0.2571428571428571 0.3285714285714286
vt 0.2642857142857143 0.3285714285714286
vt 0.2642857142857143 0.37857142857142856
vt 0.2571428571428571 0.37857142857142856
vt 0.05 0.23571428571428577
vt 0.05 0.2857142857142857
vt 0 0.2857142857142857
vt 0 0.23571428571428577
vt 0.45 0.2857142857142857
vt 0.45 0.23571428571428577
vt 0.5 0.23571428571428577
vt 0.5 0.2857142857142857
vt 0.9214285714285714 0.11428571428571432
vt 0.9214285714285714 0.12142857142857144
vt 0.8714285714285714 0.12142857142857144
vt 0.8714285714285714 0.11428571428571432
vt 0.2642857142857143 0.1071428571428571
vt 0.2642857142857143 0.11428571428571432
vt 0.21428571428571427 0.11428571428571432
vt 0.21428571428571427 0.1071428571428571
vt 0.9285714285714286 0.5071428571428571
vt 0.9285714285714286 0.5142857142857142
vt 0.8785714285714286 0.5142857142857142
vt 0.8785714285714286 0.5071428571428571
vt 0.5571428571428572 0.08571428571428574
vt 0.5642857142857143 0.08571428571428574
vt 0.5642857142857143 0.13571428571428568
vt 0.5571428571428572 0.13571428571428568
vt 0.5571428571428572 0.25
vt 0.5571428571428572 0.30000000000000004
vt 0.5071428571428571 0.30000000000000004
vt 0.5071428571428571 0.25
vt 0.7142857142857143 0.6
vt 0.7142857142857143 0.55
vt 0.7642857142857142 0.55
vt 0.7642857142857142 0.6
vt 0.9357142857142857 0.9714285714285714
vt 0.9357142857142857 0.9785714285714285
vt 0.8857142857142857 0.9785714285714285
vt 0.8857142857142857 0.9714285714285714
vt 0.20714285714285716 0.1071428571428571
vt 0.20714285714285716 0.11428571428571432
vt 0.15714285714285714 0.11428571428571432
vt 0.15714285714285714 0.1071428571428571
vt 0.6642857142857143 0.6428571428571428
vt 0.6642857142857143 0.65
vt 0.6571428571428571 0.65
vt 0.6571428571428571 0.6428571428571428
vt 0.6785714285714286 0.9285714285714286
vt 0.6857142857142857 0.9285714285714286
vt 0.6857142857142857 0.9357142857142857
vt 0.6785714285714286 0.9357142857142857
vt 0.9285714285714286 0.30000000000000004
vt 0.9285714285714286 0.30714285714285716
vt 0.8785714285714286 0.30714285714285716
vt 0.8785714285714286 0.30000000000000004
vt 0.8785714285714286 0.41428571428571426
vt 0.8785714285714286 0.40714285714285714
vt 0.9285714285714286 0.40714285714285714
vt 0.9285714285714286 0.41428571428571426
vt 0.8071428571428572 0.11428571428571432
vt 0.8071428571428572 0.12142857142857144
vt 0.7571428571428571 0.12142857142857144
vt 0.7571428571428571 0.11428571428571432
vt 0.8642857142857143 0.11428571428571432
vt 0.8642857142857143 0.12142857142857144
vt 0.8142857142857143 0.12142857142857144
vt 0.8142857142857143 0.11428571428571432
vt 0.7071428571428572 0.9
vt 0.7142857142857143 0.9
vt 0.7142857142857143 0.9071428571428571
vt 0.7071428571428572 0.9071428571428571
vt 0.4142857142857143 0.27142857142857146
vt 0.4142857142857143 0.2785714285714286
vt 0.40714285714285714 0.2785714285714286
vt 0.40714285714285714 0.27142857142857146
vt 0.8857142857142857 0.7714285714285715
vt 0.8857142857142857 0.7642857142857142
vt 0.9357142857142857 0.7642857142857142
vt 0.9357142857142857 0.7714285714285715
vt 0.9357142857142857 0.6785714285714286
vt 0.9357142857142857 0.6857142857142857
vt 0.8857142857142857 0.6857142857142857
vt 0.8857142857142857 0.6785714285714286
vt 0.9357142857142857 0.7214285714285714
vt 0.9357142857142857 0.7285714285714286
vt 0.8857142857142857 0.7285714285714286
vt 0.8857142857142857 0.7214285714285714
vt 0.9357142857142857 0.7071428571428571
vt 0.9357142857142857 0.7142857142857143
vt 0.8857142857142857 0.7142857142857143
vt 0.8857142857142857 0.7071428571428571
vt 0.11428571428571428 0.08571428571428574
vt 0.12142857142857143 0.08571428571428574
vt 0.12142857142857143 0.12857142857142856
vt 0.11428571428571428 0.12857142857142856
vt 0.7357142857142858 0.6857142857142857
vt 0.7357142857142858 0.6928571428571428
vt 0.6928571428571428 0.6928571428571428
vt 0.6928571428571428 0.6857142857142857
vt 0.4785714285714286 0.12857142857142856
vt 0.4785714285714286 0.08571428571428574
vt 0.4857142857142857 0.08571428571428574
vt 0.4857142857142857 0.12857142857142856
vt 0.45714285714285713 0.08571428571428574
vt 0.45714285714285713 0.12857142857142856
vt 0.45 0.12857142857142856
vt 0.45 0.08571428571428574
vt 0.7714285714285715 0.6785714285714286
vt 0.7714285714285715 0.6857142857142857
vt 0.7642857142857142 0.6857142857142857
vt 0.7642857142857142 0.6785714285714286
vt 0.8214285714285714 0.8
vt 0.8214285714285714 0.8071428571428572
vt 0.8142857142857143 0.8071428571428572
vt 0.8142857142857143 0.8
vt 0.4714285714285714 0.13571428571428568
vt 0.4714285714285714 0.17142857142857137
vt 0.45 0.17142857142857137
vt 0.45 0.13571428571428568
vt 0.8357142857142857 0.40714285714285714
vt 0.8714285714285714 0.40714285714285714
vt 0.8714285714285714 0.4285714285714286
vt 0.8357142857142857 0.4285714285714286
vt 0.06428571428571428 0.12857142857142856
vt 0.06428571428571428 0.15000000000000002
vt 0.03571428571428571 0.15000000000000002
vt 0.03571428571428571 0.12857142857142856
vt 0 0.15714285714285714
vt 0 0.13571428571428568
vt 0.02857142857142857 0.13571428571428568
vt 0.02857142857142857 0.15714285714285714
vt 0.1357142857142857 0.15714285714285714
vt 0.1357142857142857 0.19285714285714284
vt 0.10714285714285714 0.19285714285714284
vt 0.10714285714285714 0.15714285714285714
vt 0.07142857142857142 0.15714285714285714
vt 0.07142857142857142 0.19285714285714284
vt 0.04285714285714286 0.19285714285714284
vt 0.04285714285714286 0.15714285714285714
vt 0.55 0.12142857142857144
vt 0.55 0.13571428571428568
vt 0.5214285714285715 0.13571428571428568
vt 0.5214285714285715 0.12142857142857144
vt 0.2714285714285714 0.1071428571428571
vt 0.2857142857142857 0.1071428571428571
vt 0.2857142857142857 0.13571428571428568
vt 0.2714285714285714 0.13571428571428568
vt 0.03571428571428571 0.16428571428571426
vt 0.03571428571428571 0.19285714285714284
vt 0 0.19285714285714284
vt 0 0.16428571428571426
vt 0.7142857142857143 0.19999999999999996
vt 0.7142857142857143 0.17142857142857137
vt 0.75 0.17142857142857137
vt 0.75 0.19999999999999996
vt 0.8857142857142857 0.27142857142857146
vt 0.8857142857142857 0.2857142857142857
vt 0.85 0.2857142857142857
vt 0.85 0.27142857142857146
vt 0.8857142857142857 0.25
vt 0.8857142857142857 0.26428571428571423
vt 0.85 0.26428571428571423
vt 0.85 0.25
vt 0.4928571428571429 0.95
vt 0.5 0.95
vt 0.5 0.9642857142857143
vt 0.4928571428571429 0.9642857142857143
vt 0.6 0.9
vt 0.6 0.9071428571428571
vt 0.5857142857142857 0.9071428571428571
vt 0.5857142857142857 0.9
vt 0.7214285714285714 0.9642857142857143
vt 0.7214285714285714 0.95
vt 0.7571428571428571 0.95
vt 0.7571428571428571 0.9642857142857143
vt 0.8857142857142857 0.65
vt 0.8857142857142857 0.6642857142857144
vt 0.85 0.6642857142857144
vt 0.85 0.65
vt 0.4642857142857143 0.7785714285714286
vt 0.4642857142857143 0.7857142857142857
vt 0.42857142857142855 0.7857142857142857
vt 0.42857142857142855 0.7785714285714286
vt 0.42857142857142855 0.6642857142857144
vt 0.42857142857142855 0.6714285714285715
vt 0.39285714285714285 0.6714285714285715
vt 0.39285714285714285 0.6642857142857144
vt 0.3142857142857143 1
vt 0 1
vt 0 1
vt 0.3142857142857143 1
vt 0 1
vt 0.3142857142857143 1
vt 0.3142857142857143 1
vt 0 1
vt 0.3142857142857143 1
vt 0.3142857142857143 0.8571428571428572
vt 0 0.8571428571428572
vt 0 1
vt 0 0.8571428571428572
vt 0 1
vt 0 1
vt 0 0.8571428571428572
vt 0 1
vt 0 0.8571428571428572
vt 0 0.8571428571428572
vt 0 1
vn 0 0 1
vn 1 0 0
vn -1 0 0
vn 0 -1 0
vn 0 -0.999984299794592 0.005603584952477489
vn 0 1 0
vn 0 0 1
vn 0 1 0
vn 0.06755707148776319 0.8838813870432476 -0.4628063695872196
vn 0 0.9500574753649975 -0.3120749805785261
vn -0.06755707148776315 0.8838813870432475 -0.4628063695872196
vn 0 1 0
vn 0 1 0
vn 0 1 0
vn 0 1 0
vn 0 -1 0
vn 0 -1 0
vn 0 -1 0
vn 0 -1 0
vn 0.4459395387958583 0 0.895063085898719
vn 0 0 1
vn -0.4459395387958583 0 0.895063085898719
vn 0 0 1
vn -0.28683277277241037 0.1878754661659288 0.9393773308296438
vn 0.29090609050472144 0.18763442837554534 0.9381721418777268
vn 0 1 0
vn 0 1 0
vn 0 0.19611613513818404 0.9805806756909203
vn 0 0 1
vn 0 0 1
vn 0.7071067811865478 0 0.7071067811865474
vn 0.3713906763541038 0 0.9284766908852594
vn 0 -0.9373525840111434 0.3483821655131507
vn 1 0 0
vn -1 0 0
vn 0 0.9816270978237758 0.19080943587273588
vn 0 -0.9816270978237758 -0.1908094358727358
vn 0 -0.19080943587273688 0.9816270978237756
vn 0 0.1908094358727371 -0.9816270978237756
vn 1 0 0
vn -1 0 0
vn 0 0.9816270978237758 0.19080943587273588
vn 0 -0.9816270978237751 -0.1908094358727392
vn 0 -0.19080943587273655 0.9816270978237756
vn 0 0.1908094358727371 -0.9816270978237756
vn -0.9890252926296871 -0.14774630465349017 0
vn -1 0 0
vn -1 0 0
vn -0.9899547865835115 -0.040842009360765805 0.13535675377227915
vn -0.9804012033911178 -0.021197592965531156 0.19586766563605154
vn -0.9896683156783977 -0.04246144354482317 0.1369439693976097
vn -0.9907797018485458 -0.02184329571398776 0.13371033182689454
vn -0.9806464465291426 -0.0000017719827254629465 0.1957869937115988
vn -0.980646758568403 0 0.19578543078912794
vn -0.9908002482392555 -0.02101915017479951 0.13369017695761723
vn -0.9908022876572894 -0.02102581664951804 0.1336740132086368
vn -0.9908000731183252 -0.021017352401760996 0.13369175743755357
vn -0.9908003400757891 -0.02101900692767439 0.13368951886170868
vn -0.999999999998 -0.0000019999999999202844 0
vn -1 0 0
vn -0.999999999998575 2.0608453249276836e-7 0.0000016755367264763382
vn 0.12337981161552239 -0.024747598546379666 0.9920508950915298
vn -0.04757587294156612 0.12193797260866511 0.9913968262759049
vn 0.10173334066747056 0.002817364335763614 0.9948077150157393
vn 0.11347407562020756 -0.014516041643996766 0.9934349091395617
vn 0.10710995465071584 -0.005856040157761682 0.9942299353813445
vn 0.1069690167453652 0.00283139243401139 0.9942583229087973
vn -0.10355665902385149 0.9945111533583754 0.014952732780737525
vn -0.14816763350714635 0.9887743495345351 0.019277916989375792
vn -0.10950574403803827 0.9939855517515984 -0.001102239423214496
vn 0.20465087621638858 0.02761130181830238 -0.9784455196257802
vn 0.1618782594240983 0.002246633287088873 -0.9868081788091837
vn 0.15170076826600118 -0.030182556599348282 -0.9879655308686799
vn 0.24863023730117867 -0.8437474340584824 0.4756819027662147
vn 0.12632913491382386 -0.9919441770737655 0.009364787310739166
vn 0.1079965158060037 -0.9940555071975682 0.013798593549678205
vn -0.605968574769658 -0.4538491934083422 0.6533169185274684
vn -0.7257061514794629 -0.1642404782090679 0.6681134986082257
vn -0.9600479640824711 0.055385203835656434 0.2742998101661489
vn -0.7071067811865478 0 0.7071067811865474
vn -0.37139067635410367 0 0.9284766908852594
vn 0.9890252926296871 -0.14774630465349017 0
vn 1 0 0
vn 1 0 0
vn 0.9899547865835115 -0.040842009360765805 0.13535675377227913
vn 0.9804012033911176 -0.021197592965531815 0.19586766563605174
vn 0.9896683156783977 -0.04246144354482315 0.1369439693976097
vn 0.9907797018485458 -0.02184329571398776 0.13371033182689454
vn 0.9806464465291427 -0.0000017719827260460222 0.19578699371159802
vn 0.9806467585684033 0 0.19578543078912666
vn 0.9908002482392558 -0.021019150174799522 0.13369017695761592
vn 0.9908022876572897 -0.02102581664951809 0.1336740132086356
vn 0.9908000731183252 -0.021017352401761 0.13369175743755357
vn 0.9908003400757898 -0.02101900692767362 0.1336895188617038
vn 0.999999999998 -0.0000019999999999202844 0
vn 1 0 0
vn 0.999999999998575 2.0608453249276836e-7 0.0000016755367264763382
vn -0.1233798116155224 -0.02474759854637965 0.9920508950915298
vn 0.04757587294156616 0.1219379726086651 0.9913968262759049
vn -0.10173334066747064 0.002817364335763534 0.9948077150157393
vn -0.11347407562020756 -0.014516041643996759 0.9934349091395617
vn -0.10710995465071584 -0.005856040157761677 0.9942299353813445
vn -0.10696901674536521 0.002831392434011388 0.9942583229087976
vn 0.10355665902385149 0.9945111533583754 0.014952732780737525
vn 0.1481676335071463 0.9887743495345351 0.019277916989375785
vn 0.10950574403803827 0.9939855517515984 -0.0011022394232144959
vn -0.2046508762163889 0.02761130181830242 -0.9784455196257802
vn -0.1618782594240985 0.0022466332870888727 -0.9868081788091837
vn -0.1517007682660012 -0.03018255659934828 -0.9879655308686799
vn -0.24863023730117892 -0.8437474340584825 0.4756819027662147
vn -0.126329134913824 -0.9919441770737655 0.009364787310739149
vn -0.10799651580600385 -0.9940555071975682 0.01379859354967817
vn 0.605968574769658 -0.453849193408342 0.6533169185274684
vn 0.7257061514794632 -0.1642404782090677 0.6681134986082256
vn 0.9600479640824711 0.05538520383565648 0.2742998101661491
vn 1 0 0
vn -1 0 0
vn 0 0.3007056668969595 -0.9537169925591422
vn 0 -0.3007060765947178 0.9537168633819011
vn 0 0.9537151175536789 0.30071161359277837
vn 0 -0.9537179854664375 -0.30070251777768675
vn 1 0 0
vn -1 0 0
vn 0 0.1736485144157866 -0.9848076936342398
vn 0 -0.1736498458074465 0.9848074588725708
vn 0 0.984807509129517 0.17364956078872346
vn 0 -0.9848054973965917 -0.1736609694129674
vn 1 0 0
vn -1 0 0
vn 0 0.17365041584765925 -0.9848073583579354
vn 0 -0.17364471156551972 0.9848083641731156
vn 0 0.9848072075841257 0.17365127091489183
vn 0 -0.9848057989751426 -0.17365925919723096
vn 1 0 0
vn -1 0 0
vn 0 1 0
vn 0 -0.9999999999989797 0.0000014285734693351307
vn 0 -0.00001000010000012141 0.999999999949999
vn 0 -0.000009999999999121423 -0.99999999995
vn 1 0 0
vn -1 0 0
vn 0 1 0
vn 0 -1 0
vn 0 0 1
vn 0 0 -1
vn 1 0 0
vn -1 0 0
vn 0 0.499998009786882 -0.8660265528314689
vn 0 -0.499998009786882 0.8660265528314689
vn 0 0.8660240528288454 0.5000023399164261
vn 0 -0.8660240528288454 -0.5000023399164261
vn 1 0 0
vn -1 0 0
vn 0 -0.49999367971984066 -0.8660290527691398
vn 0 0.5000023399164261 0.8660240528288454
vn 0 0.8660283829788125 -0.4999948398484762
vn 0 -0.8660197226572282 0.5000098398718746
vn 1 0 0
vn -1 0 0
vn 0 0.1736485144157866 -0.9848076936342398
vn 0 -0.1736498458074465 0.9848074588725708
vn 0 0.984807509129517 0.17364956078872346
vn 0 -0.9848054973965917 -0.1736609694129674
vn 1 0 0
vn -1 0 0
vn 0 0.9999999999944444 -0.0000033333333331886245
vn 0 -1 0
vn 0 0 1
vn 0 0 -1
vn 1 0 0
vn -1 0 0
vn 0 1 0
vn 0 -1 0
vn 0 0 1
vn 0 0 -1
vn 1 0 0
vn -1 0 0
vn 0 0.04362512972714919 -0.9990479708483919
vn 0 -0.04362013922643803 0.9990481887546097
vn 0 0.9990481792409254 0.04362035712132626
vn 0 -0.9990481982681516 -0.04361992133372105
vn 0 0 0
vn 0 0 0
vn 0 1 0
vn 0 0 0
vn 0 0 0
usemtl m_8c3f6968-eae0-2901-b303-4a93fa9fd540
f 1228/2475/715 1227/2476/715 1230/2477/715 1231/2478/715
f 1229/2479/716 1234/2480/716 1227/2481/716 1228/2482/716
f 1231/2483/717 1230/2484/717 1233/2485/717 1232/2486/717
f 1236/2487/718 1235/2488/718 1237/2489/718 1238/2490/718
f 1239/2491/719 1240/2492/719 1242/2493/719 1241/2494/719
f 1243/2495/720 1244/2496/720 1246/2497/720 1245/2498/720
f 1247/2499/721 1248/2500/721 1250/2501/721 1249/2502/721
f 1251/2503/722 1252/2504/722 1254/2505/722 1253/2506/722
f 1255/2507/723 1256/2508/723 1259/2509/723
f 1259/2510/724 1260/2511/724 1257/2512/724 1255/2513/724
f 1260/2514/725 1258/2515/725 1257/2516/725
f 1261/2517/726 1262/2518/726 1264/2519/726 1263/2520/726
f 1265/2521/727 1266/2522/727 1268/2523/727 1267/2524/727
f 1272/2525/728 1270/2526/728 1269/2527/728 1271/2528/728
f 1271/2529/729 1269/2530/729 1273/2531/729 1274/2532/729
f 1278/2533/730 1276/2534/730 1275/2535/730 1277/2536/730
f 1282/2537/731 1280/2538/731 1279/2539/731 1281/2540/731
f 1283/2541/732 1284/2542/732 1286/2543/732 1285/2544/732
f 1287/2545/733 1283/2546/733 1285/2547/733 1288/2548/733
f 1289/2549/734 1290/2550/734 1292/2551/734 1291/2552/734
f 1293/2553/735 1294/2554/735 1296/2555/735 1295/2556/735
f 1299/2557/736 1298/2558/736 1300/2559/736 1301/2560/736
f 1297/2561/737 1299/2562/737 1301/2563/737 1302/2564/737
f 1303/2565/738 1304/2566/738 1306/2567/738 1305/2568/738
f 1307/2569/739 1308/2570/739 1310/2571/739 1309/2572/739
f 1311/2573/740 1313/2574/740 1312/2575/740
f 1314/2576/741 1315/2577/741 1316/2578/741
f 1317/2579/742 1318/2580/742 1320/2581/742 1319/2582/742
f 1321/2583/743 1322/2584/743 1324/2585/743 1323/2586/743
f 1328/2587/744 1326/2588/744 1325/2589/744 1327/2590/744
f 1329/2591/745 1330/2592/745 1332/2593/745 1331/2594/745
f 1333/2595/746 1334/2596/746 1336/2597/746 1335/2598/746
f 1338/2599/747 1337/2600/747 1340/2601/747 1339/2602/747
f 1344/2603/748 1342/2604/748 1341/2605/748 1343/2606/748
f 1347/2607/749 1345/2608/749 1346/2609/749 1348/2610/749
f 1341/2611/750 1342/2612/750 1346/2613/750 1345/2614/750
f 1344/2615/751 1343/2616/751 1347/2617/751 1348/2618/751
f 1343/2619/752 1341/2620/752 1345/2621/752 1347/2622/752
f 1348/2623/753 1346/2624/753 1342/2625/753 1344/2626/753
f 1352/2627/754 1350/2628/754 1349/2629/754 1351/2630/754
f 1355/2631/755 1353/2632/755 1354/2633/755 1356/2634/755
f 1349/2635/756 1350/2636/756 1354/2637/756 1353/2638/756
f 1352/2639/757 1351/2640/757 1355/2641/757 1356/2642/757
f 1351/2643/758 1349/2644/758 1353/2645/758 1355/2646/758
f 1356/2647/759 1354/2648/759 1350/2649/759 1352/2650/759
f 1358/2651/760 1359/2652/760 1360/2653/760 1357/2654/760
f 1363/2655/761 1364/2656/761 1361/2657/761 1362/2658/761
f 1365/2659/762 1368/2660/762 1367/2661/762 1366/2662/762
f 1369/2663/763 1370/2664/763 1372/2665/763 1371/2666/763
f 1377/2667/764 1373/2668/764 1380/2669/764 1379/2670/764
f 1381/2671/765 1375/2672/765 1376/2673/765 1382/2674/765
f 1376/2675/766 1383/2676/766 1382/2677/766
f 1385/2678/767 1374/2679/767 1377/2680/767 1386/2681/767
f 1378/2682/768 1374/2683/768 1385/2684/768 1384/2685/768
f 1378/2686/769 1388/2687/769 1387/2688/769
f 1388/2689/770 1378/2690/770 1384/2691/770
f 1377/2692/771 1379/2693/771 1386/2694/771
f 1389/2695/772 1378/2696/772 1387/2697/772
f 1393/2698/773 1391/2699/773 1390/2700/773 1394/2701/773
f 1396/2702/774 1395/2703/774 1392/2704/774
f 1396/2705/775 1393/2706/775 1397/2707/775
f 1398/2708/776 1400/2709/776 1402/2710/776
f 1401/2711/777 1399/2712/777 1404/2713/777 1403/2714/777
f 1403/2715/778 1404/2716/778 1406/2717/778 1405/2718/778
f 1402/2719/779 1407/2720/779 1408/2721/779 1398/2722/779
f 1409/2723/780 1410/2724/780 1408/2725/780 1407/2726/780
f 1406/2727/781 1410/2728/781 1409/2729/781 1405/2730/781
f 1411/2731/782 1415/2732/782 1413/2733/782
f 1416/2734/783 1412/2735/783 1414/2736/783 1413/2737/783
f 1415/2738/784 1416/2739/784 1413/2740/784
f 1418/2741/785 1420/2742/785 1421/2743/785
f 1418/2744/786 1421/2745/786 1422/2746/786 1417/2747/786
f 1419/2748/787 1417/2749/787 1422/2750/787
f 1427/2751/788 1423/2752/788 1425/2753/788
f 1428/2754/789 1427/2755/789 1425/2756/789
f 1426/2757/790 1424/2758/790 1428/2759/790 1425/2760/790
f 1432/2761/791 1430/2762/791 1429/2763/791 1431/2764/791
f 1436/2765/792 1434/2766/792 1433/2767/792 1435/2768/792
f 1440/2769/793 1438/2770/793 1437/2771/793 1439/2772/793
f 1444/2773/794 1442/2774/794 1441/2775/794 1443/2776/794
f 1448/2777/795 1446/2778/795 1445/2779/795 1447/2780/795
f 1452/2781/796 1451/2782/796 1450/2783/796 1449/2784/796
f 1453/2785/797 1456/2786/797 1455/2787/797 1454/2788/797
f 1459/2789/798 1460/2790/798 1457/2791/798 1458/2792/798
f 1464/2793/799 1462/2794/799 1461/2795/799 1463/2796/799
f 1472/2797/800 1465/2798/800 1469/2799/800 1471/2800/800
f 1468/2801/801 1467/2802/801 1473/2803/801 1474/2804/801
f 1475/2805/802 1468/2806/802 1474/2807/802
f 1469/2808/803 1466/2809/803 1477/2810/803 1478/2811/803
f 1477/2812/804 1466/2813/804 1470/2814/804 1476/2815/804
f 1480/2816/805 1470/2817/805 1479/2818/805
f 1470/2819/806 1480/2820/806 1476/2821/806
f 1471/2822/807 1469/2823/807 1478/2824/807
f 1470/2825/808 1481/2826/808 1479/2827/808
f 1482/2828/809 1483/2829/809 1485/2830/809 1486/2831/809
f 1487/2832/810 1488/2833/810 1484/2834/810
f 1485/2835/811 1488/2836/811 1489/2837/811
f 1492/2838/812 1490/2839/812 1494/2840/812
f 1496/2841/813 1491/2842/813 1493/2843/813 1495/2844/813
f 1498/2845/814 1496/2846/814 1495/2847/814 1497/2848/814
f 1500/2849/815 1499/2850/815 1494/2851/815 1490/2852/815
f 1500/2853/816 1502/2854/816 1501/2855/816 1499/2856/816
f 1501/2857/817 1502/2858/817 1498/2859/817 1497/2860/817
f 1507/2861/818 1503/2862/818 1505/2863/818
f 1506/2864/819 1504/2865/819 1508/2866/819 1505/2867/819
f 1508/2868/820 1507/2869/820 1505/2870/820
f 1512/2871/821 1510/2872/821 1513/2873/821
f 1514/2874/822 1513/2875/822 1510/2876/822 1509/2877/822
f 1509/2878/823 1511/2879/823 1514/2880/823
f 1515/2881/824 1519/2882/824 1517/2883/824
f 1519/2884/825 1520/2885/825 1517/2886/825
f 1520/2887/826 1516/2888/826 1518/2889/826 1517/2890/826
f 1521/2891/827 1522/2892/827 1524/2893/827 1523/2894/827
f 1525/2895/828 1526/2896/828 1528/2897/828 1527/2898/828
f 1529/2899/829 1530/2900/829 1532/2901/829 1531/2902/829
f 1536/2903/830 1534/2904/830 1533/2905/830 1535/2906/830
f 1539/2907/831 1537/2908/831 1538/2909/831 1540/2910/831
f 1533/2911/832 1534/2912/832 1538/2913/832 1537/2914/832
f 1536/2915/833 1535/2916/833 1539/2917/833 1540/2918/833
f 1535/2919/834 1533/2920/834 1537/2921/834 1539/2922/834
f 1540/2923/835 1538/2924/835 1534/2925/835 1536/2926/835
f 1544/2927/836 1542/2928/836 1541/2929/836 1543/2930/836
f 1547/2931/837 1545/2932/837 1546/2933/837 1548/2934/837
f 1541/2935/838 1542/2936/838 1546/2937/838 1545/2938/838
f 1544/2939/839 1543/2940/839 1547/2941/839 1548/2942/839
f 1543/2943/840 1541/2944/840 1545/2945/840 1547/2946/840
f 1548/2947/841 1546/2948/841 1542/2949/841 1544/2950/841
f 1552/2951/842 1550/2952/842 1549/2953/842 1551/2954/842
f 1555/2955/843 1553/2956/843 1554/2957/843 1556/2958/843
f 1549/2959/844 1550/2960/844 1554/2961/844 1553/2962/844
f 1552/2963/845 1551/2964/845 1555/2965/845 1556/2966/845
f 1551/2967/846 1549/2968/846 1553/2969/846 1555/2970/846
f 1556/2971/847 1554/2972/847 1550/2973/847 1552/2974/847
f 1560/2975/848 1558/2976/848 1557/2977/848 1559/2978/848
f 1563/2979/849 1561/2980/849 1562/2981/849 1564/2982/849
f 1557/2983/850 1558/2984/850 1562/2985/850 1561/2986/850
f 1560/2987/851 1559/2988/851 1563/2989/851 1564/2990/851
f 1559/2991/852 1557/2992/852 1561/2993/852 1563/2994/852
f 1564/2995/853 1562/2996/853 1558/2997/853 1560/2998/853
f 1568/2999/854 1566/3000/854 1565/3001/854 1567/3002/854
f 1571/3003/855 1569/3004/855 1570/3005/855 1572/3006/855
f 1565/3007/856 1566/3008/856 1570/3009/856 1569/3010/856
f 1568/3011/857 1567/3012/857 1571/3013/857 1572/3014/857
f 1567/3015/858 1565/3016/858 1569/3017/858 1571/3018/858
f 1572/3019/859 1570/3020/859 1566/3021/859 1568/3022/859
f 1576/3023/860 1574/3024/860 1573/3025/860 1575/3026/860
f 1579/3027/861 1577/3028/861 1578/3029/861 1580/3030/861
f 1573/3031/862 1574/3032/862 1578/3033/862 1577/3034/862
f 1576/3035/863 1575/3036/863 1579/3037/863 1580/3038/863
f 1575/3039/864 1573/3040/864 1577/3041/864 1579/3042/864
f 1580/3043/865 1578/3044/865 1574/3045/865 1576/3046/865
f 1584/3047/866 1582/3048/866 1581/3049/866 1583/3050/866
f 1587/3051/867 1585/3052/867 1586/3053/867 1588/3054/867
f 1581/3055/868 1582/3056/868 1586/3057/868 1585/3058/868
f 1584/3059/869 1583/3060/869 1587/3061/869 1588/3062/869
f 1583/3063/870 1581/3064/870 1585/3065/870 1587/3066/870
f 1588/3067/871 1586/3068/871 1582/3069/871 1584/3070/871
f 1592/3071/872 1590/3072/872 1589/3073/872 1591/3074/872
f 1595/3075/873 1593/3076/873 1594/3077/873 1596/3078/873
f 1589/3079/874 1590/3080/874 1594/3081/874 1593/3082/874
f 1592/3083/875 1591/3084/875 1595/3085/875 1596/3086/875
f 1591/3087/876 1589/3088/876 1593/3089/876 1595/3090/876
f 1596/3091/877 1594/3092/877 1590/3093/877 1592/3094/877
f 1600/3095/878 1598/3096/878 1597/3097/878 1599/3098/878
f 1603/3099/879 1601/3100/879 1602/3101/879 1604/3102/879
f 1597/3103/880 1598/3104/880 1602/3105/880 1601/3106/880
f 1600/3107/881 1599/3108/881 1603/3109/881 1604/3110/881
f 1599/3111/882 1597/3112/882 1601/3113/882 1603/3114/882
f 1604/3115/883 1602/3116/883 1598/3117/883 1600/3118/883
f 1608/3119/884 1606/3120/884 1605/3121/884 1607/3122/884
f 1611/3123/885 1609/3124/885 1610/3125/885 1612/3126/885
f 1605/3127/886 1606/3128/886 1610/3129/886 1609/3130/886
f 1608/3131/887 1607/3132/887 1611/3133/887 1612/3134/887
f 1607/3135/888 1605/3136/888 1609/3137/888 1611/3138/888
f 1612/3139/889 1610/3140/889 1606/3141/889 1608/3142/889
f 1616/3143/890 1614/3144/890 1613/3145/890 1615/3146/890
f 1619/3147/891 1617/3148/891 1618/3149/891 1620/3150/891
f 1613/3151/892 1614/3152/892 1618/3153/892 1617/3154/892
f 1616/3155/893 1615/3156/893 1619/3157/893 1620/3158/893
f 1615/3159/894 1613/3160/894 1617/3161/894 1619/3162/894
f 1620/3163/895 1618/3164/895 1614/3165/895 1616/3166/895
f 1621/3167/896 1622/3168/896 1624/3169/896 1623/3170/896
f 1626/3171/897 1625/3172/897 1627/3173/897 1628/3174/897
f 1627/3175/898 1623/3176/898 1624/3177/898 1628/3178/898
f 1625/3179/899 1621/3180/899 1623/3181/899 1627/3182/899
f 1622/3183/900 1626/3184/900 1628/3185/900 1624/3186/900