# Made in Blockbench 5.1.4
mtllib headz8800.mtl

o face_avant
v 1.12250375 3.411019811159694 5.906996481882133
v 1.12250375 3.368267245639017 5.852034747299304
v 1.12250375 2.0000001425604967 6.663511440672682
v 1.12250375 1.9572475770398192 6.608549706089853
v -1.122504375 3.411019811159694 5.906996481882133
v -1.122504375 3.368267245639017 5.852034747299304
v -1.122504375 2.0000001425604967 6.663511440672682
v -1.122504375 1.9572475770398192 6.608549706089853
v -0.5119151059786787 3.7995568646422626 5.4941640680056425
v -0.5004075497748023 3.7309854587166864 5.49792073761551
v -0.5100005262897898 3.750706889819676 5.634522098066807
v -0.4984929700859133 3.6821354838941005 5.638278767676673
v -1.1283133172435882 3.704835934008205 5.399200817907723
v -1.0949191176903654 3.6591416899717606 5.399200517047981
v -1.1225045415513466 3.6955619116271414 5.653798867457623
v -1.1534311277818747 3.6239801740018054 5.589456616440547
v 0.511915105978679 3.7995568646422626 5.4941640680056425
v 0.5004075497748025 3.7309854587166864 5.49792073761551
v 0.5100005262897899 3.750706889819676 5.634522098066807
v 0.49849297008591364 3.6821354838941005 5.638278767676673
v 1.1283133172435882 3.704835934008205 5.399200817907723
v 1.0949191176903654 3.6591416899717606 5.399200517047981
v 1.1225045415513466 3.6955619116271414 5.653798867457623
v 1.1534311277818747 3.6239801740018054 5.589456616440547
v 0.5119150000000002 3.799556693265708 5.494164022085433
v 0.5004075000000002 3.730985982118286 5.497920877860544
v 0.5100006250000001 3.7507067145618436 5.634522051106613
v 0.4984931250000001 3.6821353997107806 5.63827874511982
v -0.511915625 3.799556693265708 5.494164022085433
v -0.500408125 3.730985982118286 5.497920877860544
v -0.510000625 3.7507067145618436 5.634522051106613
v -0.4984931249999999 3.6821353997107806 5.63827874511982
v 0.5119150000000002 3.5331916746880347 5.740906671231648
v 0.5004075000000002 3.4896209821182858 5.744663377860543
v 0.5100006250000001 3.528091929728718 5.818764061346464
v 0.4984931250000001 3.440770412326468 5.8600206228385066
v -0.511915625 3.5331916746880347 5.740906671231648
v -0.500408125 3.4896209821182858 5.744663377860543
v -0.510000625 3.528091929728718 5.818764061346464
v -0.4984931249999999 3.440770412326468 5.8600206228385066
v 0.4937943750000001 3.536130424688035 5.180450421231648
v 0.5185287500000001 3.492559732118286 5.184207127860544
v 0.511915625 3.5331916038609625 5.740906889488249
v 0.5166143750000002 3.4437091623264684 5.299564372838507
v -0.49379437499999995 3.536130424688035 5.180450421231648
v -0.48228687499999995 3.492559732118286 5.184207127860544
v -0.5119149999999999 3.5331916038609625 5.740906889488249
v -0.48037187499999995 3.4437091623264684 5.299564372838507
v 0.5119152753361474 3.533191811609957 5.740907016167943
v 0.5004078678480633 3.4896203884178036 5.744663527027156
v 0.5100005025345561 3.528091501466889 5.818764254842228
v 0.4984933928594394 3.440770233464537 5.860020883160772
v 1.1225043732953752 3.4360195631678714 5.781996451161346
v 1.110996688204314 3.404375995678043 5.716798036120203
v 1.1225039909927705 3.4110194014692485 5.906996455028745
v 1.122504120507116 3.3682667694949506 5.852034734430419
v -0.5119152753361472 3.533191811609957 5.740907016167943
v -0.5004078678480631 3.4896203884178036 5.744663527027156
v -0.5100005025345558 3.528091501466889 5.818764254842228
v -0.49849339285943917 3.440770233464537 5.860020883160772
v -1.1225043732953752 3.4360195631678714 5.781996451161346
v -1.1109966882043136 3.404375995678043 5.716798036120203
v -1.1225039909927705 3.4110194014692485 5.906996455028745
v -1.122504120507116 3.3682667694949506 5.852034734430419
v -0.4937946568337047 3.5361302842432094 5.180450617742386
v -0.5004078678480631 3.4896203884178036 5.557163527027155
v -0.511915286973407 3.533191707131199 5.740907151302239
v -0.5004078794853232 3.489620283939046 5.744663662161452
v -1.0562947400227984 3.5361306624664164 5.180450719086988
v -1.1109966882043136 3.404375995678043 5.529298036120203
v -1.1225043849326353 3.4360194586891137 5.7819965862956435
v -1.1109966998415737 3.4043758911992854 5.716798171254499
v 0.49379465683370494 3.5361302842432094 5.180450617742386
v 0.5004078678480633 3.4896203884178036 5.557163527027155
v 0.5119152869734073 3.533191707131199 5.740907151302239
v 0.5004078794853234 3.489620283939046 5.744663662161452
v 1.0562947400227984 3.5361306624664164 5.180450719086988
v 1.110996688204314 3.404375995678043 5.529298036120203
v 1.1225043849326353 3.4360194586891137 5.7819965862956435
v 1.1109966998415737 3.4043758911992854 5.716798171254499
v 1.122504375 1.9999999999999998 6.663511250000001
v 1.122504375 1.9999999999999996 6.53851125
v 1.122504375 1.6874999999999998 6.663511250000001
v 1.122504375 1.6874999999999998 6.53851125
v -1.122504375 1.9999999999999998 6.663511250000001
v -1.122504375 1.9999999999999996 6.53851125
v -1.122504375 1.6874999999999998 6.663511250000001
v -1.122504375 1.6874999999999998 6.53851125
v -1.033745625 1.6874999999999998 6.663511250000001
v -1.033745625 1.6874999999999998 6.53851125
v -1.033745625 1.6874999999999998 6.663511250000001
v -1.033745625 1.6874999999999998 6.53851125
v -1.122504375 1.6874999999999998 6.663511250000001
v -1.122504375 1.6874999999999998 6.53851125
v -1.122504375 1.5937499999999996 6.663511250000001
v -1.122504375 1.5937499999999996 6.53851125
v 1.033745625 1.6874999999999998 6.663511250000001
v 1.033745625 1.6874999999999998 6.53851125
v 1.033745625 1.6874999999999998 6.663511250000001
v 1.033745625 1.6874999999999998 6.53851125
v 1.122504375 1.6874999999999998 6.663511250000001
v 1.122504375 1.6874999999999998 6.53851125
v 1.122504375 1.5937499999999996 6.663511250000001
v 1.122504375 1.5937499999999996 6.53851125
v -1.033745625 1.3124999999999996 6.663511250000001
v -1.033745625 1.3124999999999996 6.53851125
v -1.033745625 1.3124999999999996 6.663511250000001
v -1.033745625 1.3124999999999996 6.53851125
v -1.122504375 1.3124999999999996 6.663511250000001
v -1.122504375 1.3124999999999996 6.53851125
v -1.122504375 1.4062499999999998 6.663511250000001
v -1.122504375 1.4062499999999996 6.53851125
v 1.033745625 1.3124999999999996 6.663511250000001
v 1.033745625 1.3124999999999996 6.53851125
v 1.033745625 1.3124999999999996 6.663511250000001
v 1.033745625 1.3124999999999996 6.53851125
v 1.122504375 1.3124999999999996 6.663511250000001
v 1.122504375 1.3124999999999996 6.53851125
v 1.122504375 1.4062499999999998 6.663511250000001
v 1.122504375 1.4062499999999996 6.53851125
v 1.122504375 1.3124999999999996 6.663511250000001
v 1.122504375 1.3124999999999996 6.53851125
v 1.122504375 1.1874999999999996 6.66351125
v 1.122504375 1.1874999999999996 6.53851125
v -1.122504375 1.3124999999999996 6.663511250000001
v -1.122504375 1.3124999999999996 6.53851125
v -1.122504375 1.1874999999999996 6.66351125
v -1.122504375 1.1874999999999996 6.53851125
v 1.122504375 1.6875 6.632261250000001
v 1.122504375 1.6874999999999998 6.50726125
v 1.122504375 1.3124999999999996 6.632261250000001
v 1.122504375 1.3124999999999996 6.50726125
v -1.122504375 1.6875 6.632261250000001
v -1.122504375 1.6874999999999998 6.50726125
v -1.122504375 1.3124999999999996 6.632261250000001
v -1.122504375 1.3124999999999996 6.50726125
v 0.6225043750000002 1.6562499999999996 6.65101125
v 0.6225043750000002 1.6562499999999998 6.526011250000001
v 0.6225043750000002 1.4062499999999996 6.65101125
v 0.6225043750000002 1.4062499999999998 6.526011250000001
v -0.6225043749999999 1.6562499999999996 6.65101125
v -0.6225043749999999 1.6562499999999998 6.526011250000001
v -0.6225043749999999 1.4062499999999996 6.65101125
v -0.6225043749999999 1.4062499999999998 6.526011250000001
v 1.2379889353047737 1.9999999999999998 6.615676006259138
v 1.1901535062591373 1.9999999999999996 6.500191064695226
v 1.2379889353047737 1.8749999999999998 6.615676006259138
v 1.1901535062591373 1.8749999999999998 6.500191064695227
v 1.1225039937408625 1.9999999999999993 6.663511435304773
v 1.0746685646952265 1.9999999999999996 6.548026493740863
v 1.1225039937408625 1.8749999999999996 6.663511435304774
v 1.0746685646952265 1.8749999999999996 6.5480264937408625
v 1.2277512119137555 3.288889375 5.9479235600108655
v 1.183540757668362 3.2766225 5.901902796343355
v 1.2379889353047737 1.9999999999999998 6.615676006259138
v 1.1901535062591373 1.9999999999999996 6.500191064695226
v 1.122504324657993 3.289885 5.972753626327436
v 1.1225041129386182 3.2783825 5.917792544074126
v 1.1225039937408625 1.9999999999999993 6.663511435304773
v 1.0746685646952265 1.9999999999999996 6.548026493740863
v 1.2340017434058574 3.3576393749999998 5.907298566681398
v 1.1897907640793814 3.3453725 5.876903028415937
v 1.2277512119137555 3.288889375 5.9479235600108655
v 1.183540757668362 3.2766225 5.901902796343355
v 1.1225042302468142 3.517269375 5.8444962781553045
v 1.122503779350294 3.474516875 5.789534618477287
v 1.122504324657993 3.289885 5.972753626327436
v 1.1225041129386182 3.2783825 5.917792544074126
v 1.3337445033003452 1.9999999999999996 6.535327302089527
v 1.2533960520895278 1.9999999999999998 6.439571746699656
v 1.3337445033003452 1.8749999999999998 6.535327302089528
v 1.2533960520895278 1.8749999999999996 6.439571746699656
v 1.2379889479104729 2 6.615675753300345
v 1.1576404966996554 1.9999999999999998 6.519920197910474
v 1.2379889479104729 1.875 6.615675753300345
v 1.1576404966996554 1.8749999999999996 6.519920197910474
v 1.3247882583324344 3.28203826526359 5.888609531802459
v 1.289467515372717 3.279210735777644 5.845575663063714
v 1.3337446267839947 2.0000000263502864 6.535327561875228
v 1.2609242040076292 1.9471727419694864 6.448543553834451
v 1.227751792155352 3.288889328194198 5.947923646040824
v 1.183540806835754 3.276622333735414 5.901903260856277
v 1.2379890657410337 2.0000000336772703 6.615676006348955
v 1.1651686429646682 1.94717274929647 6.528891998308179
v 1.3122880230251641 3.341413282809888 5.863608880547283
v 1.264467734805168 3.3385857204446587 5.81432553993054
v 1.3247880326798627 3.2820384891751972 5.8886092742789025
v 1.2894672897201453 3.2792109596892507 5.845575405540158
v 1.2340018784746292 3.3576391623059303 5.90729840012391
v 1.189790882509127 3.345371999824574 5.876903304748268
v 1.22775173628636 3.2888889856634416 5.947923590857538
v 1.183540750966762 3.2766219912046584 5.9019032056729905
v 1.2560383217609856 3.497663329967527 5.763609343753765
v 1.22071776333628 3.4948359463537773 5.739325085603252
v 1.3122880933068832 3.3414130918629183 5.8636090809034505
v 1.264467635303308 3.3385860959400513 5.814325537946434
v 1.1225041036632222 3.517269382316655 5.84449625048271
v 1.1225043078012975 3.474516592795891 5.78953471490701
v 1.234001778972769 3.3576395378013233 5.907298398139805
v 1.189790783007267 3.345372375319966 5.876903302764163
v 1.1887518186205206 3.626807376178074 5.676240728304968
v 1.1534308791095134 3.6239803623487497 5.58945675066359
v 1.25603829382649 3.4976631587021494 5.763609316162122
v 1.220717735401784 3.4948357750883994 5.73932505801161
v 1.122504611874851 3.6955618653841373 5.653799119882628
v 1.1225047094093399 3.6382609052743353 5.6142371811107274
v 1.1225040757287261 3.5172692110512767 5.844496222891069
v 1.1225042798668015 3.474516421530513 5.789534687315366
v 1.22625158660232 3.626807529162523 5.551241131072686
v 1.2159312776206863 3.6239803527492587 5.526956955831479
v 1.1887515080999873 3.6268071773035526 5.676240862052426
v 1.1534314114688993 3.623980427610614 5.5894569165888655
v 1.1283127863144577 3.7048360555211834 5.399200450059291
v 1.0949191321289709 3.6591415666292777 5.399200804677194
v 1.1225041315707385 3.6955622329519797 5.653799051289813
v 1.1225043988888066 3.638260706399815 5.614237314858184
v 1.2262514557875726 3.6268076884847256 5.551240847419573
v 1.2159313165895185 3.623979945629098 5.526956874518637
v 1.3104682573982318 3.4796708627748183 5.7013177654547995
v 1.274542680826963 3.4812498778107486 5.645906821831629
v 1.1887517413873536 3.6268076007621777 5.676241012319354
v 1.1534314504377314 3.6239800204904533 5.589456835276025
v 1.2560378524912093 3.4976631191498306 5.763609166256467
v 1.2207176581686174 3.494835999672503 5.739325342025993
v 1.3337445033003452 1.8749999999999998 6.535327302089528
v 1.2533960520895278 1.8749999999999996 6.439571746699656
v 1.3337445033003452 0.9999999999999996 6.535327302089528
v 1.2533960520895278 0.9999999999999996 6.439571746699655
v 1.2379889479104729 1.875 6.615675753300345
v 1.1576404966996554 1.8749999999999996 6.519920197910474
v 1.2379889479104729 0.9999999999999998 6.615675753300345
v 1.1576404966996554 0.9999999999999996 6.519920197910473
v 1.4009069408849815 1.9999999999999993 6.429903635158372
v 1.295483010158371 1.9999999999999998 6.362741184115018
v 1.4009069408849815 1.8749999999999996 6.4299036351583725
v 1.295483010158371 1.875 6.362741184115019
v 1.3337444898416289 2 6.535327565884983
v 1.2283205591150184 2 6.4681651148416295
v 1.3337444898416289 1.875 6.535327565884983
v 1.2283205591150184 1.8749999999999998 6.4681651148416295
v 1.3979679834076215 3.264046494564073 5.7950682250356405
v 1.3398863447964944 3.2629443739744444 5.786444121950076
v 1.4009070394364995 2.0000003459393523 6.4299037029984465
v 1.3109219918079336 1.9859534445877456 6.372576898086555
v 1.3247876204633395 3.28203841775493 5.8886089755300945
v 1.2894677465564919 3.2792109652500745 5.845575301628614
v 1.3337445822908425 2.000000347232005 6.535327629837462
v 1.2437595346622765 1.9859534458803985 6.47800082492557
v 1.3729679834076216 3.354671494564073 5.7638182250356405
v 1.3148863447964945 3.3535693739744445 5.755194121950077
v 1.3979682206766442 3.264046407327524 5.795067944194647
v 1.339886582065517 3.2629442867378957 5.786443841109081
v 1.3122881344057067 3.3414133568442868 5.863609361871277
v 1.2644676825107943 3.3385861333943687 5.814325261210168
v 1.3247875219200762 3.282038330518388 5.888609221808734
v 1.2894675115846281 3.279211481717173 5.845575460992631
v 1.3104675856063626 3.4796716461323935 5.701317997014218
v 1.2523860834238358 3.4785689218391247 5.692693980843275
v 1.3729677827460285 3.3546717423895487 5.763817993894729
v 1.3148862805635018 3.3535690180962803 5.755193977723786
v 1.256037611889525 3.49766336649903 5.76360941079901
v 1.2207174832252479 3.49483633740933 5.73932502440873
v 1.3122879337441136 3.3414136046697633 5.863609130730364
v 1.2644674818492012 3.338586381219845 5.814325030069254
v 1.417223190849616 1.9999999999999996 6.30597258317789
v 1.29329258317789 1.9999999999999996 6.289656809150384
v 1.417223190849616 1.8749999999999998 6.3059725831778906
v 1.29329258317789 1.8749999999999996 6.289656809150384
v 1.4009074168221098 2 6.429903190849617
v 1.276976809150384 1.9999999999999996 6.41358741682211
v 1.4009074168221098 1.875 6.429903190849617
v 1.276976809150384 1.8749999999999998 6.413587416822111
v 1.4172228956451942 3.25 5.743472780859946
v 1.362042624768454 3.25 5.739657041033558
v 1.417223190849616 1.9999999999999996 6.30597258317789
v 1.29329258317789 1.9999999999999996 6.289656809150384
v 1.3979680418877831 3.26404625 5.795067795620939
v 1.3398861416722014 3.2629443749999996 5.786444059087373
v 1.4009074168221098 2 6.429903190849617
v 1.276976809150384 1.9999999999999996 6.41358741682211
v 1.3922228956451947 3.35625 5.712222780859946
v 1.3370426247684541 3.35625 5.708407041033558
v 1.417223466752318 3.25 5.743472732881492
v 1.3620425762225397 3.2499999999999996 5.739656911476234
v 1.3729680418877832 3.35467125 5.763817795620939
v 1.3148861416722015 3.353569375 5.755194059087373
v 1.3979679933418687 3.26404625 5.795067666063613
v 1.339886093126287 3.262944375 5.78644392953005
v 1.3297229717883514 3.48125 5.649722706988754
v 1.2745427009116113 3.48125 5.645906967162366
v 1.3922228956451947 3.35625 5.712222780859946
v 1.3370426247684541 3.35625 5.708407041033558
v 1.3104681180309403 3.47967125 5.701317721749747
v 1.2523862178153586 3.478569375 5.692693985216181
v 1.3729680418877832 3.35467125 5.763817795620939
v 1.3148861416722015 3.353569375 5.755194059087373
v 1.3426475384755738 3.47899375 5.555450384844108
v 1.2970587576249746 3.4454562500000003 5.555450480691715
v 1.4051474623324163 3.370740625 5.6179504587153
v 1.34477722306627 3.354564375 5.617950562145335
v 1.3297232473971312 3.48125 5.649722436815689
v 1.2745423568673524 3.48125 5.645906615410429
v 1.392223171253974 3.35625 5.712222510686881
v 1.337042900377234 3.35625 5.708406770860492
v 1.266552493202298 3.578163125 5.492950795688469
v 1.2257307811824236 3.538961875 5.49295061652585
v 1.3297232473971312 3.48125 5.649722436815689
v 1.2745423568673524 3.48125 5.645906615410429
v 1.2262511897398856 3.6268081249999997 5.551240975575494
v 1.215930748408653 3.6239806249999997 5.526956757817147
v 1.3104676924078116 3.479671249999999 5.701317989650848
v 1.2523864934241384 3.478569375 5.692693715043115
v 1.2665523431879486 3.5781631249999997 5.4929507934165045
v 1.2257307811824236 3.5389618749999996 5.36795061652585
v 1.3426473884612244 3.4789937500000003 5.555450382572144
v 1.2745423568673524 3.48125 5.52090661541043
v 1.2665523431879486 3.5781631249999997 5.4929507934165045
v 1.215930748408653 3.6239806249999997 5.401956757817148
v 1.3297230973827823 3.48125 5.6497224345437225
v 1.2523864934241384 3.478569375 5.567693715043115
v 1.417223125 1.9999999999999996 6.1809725
v 1.292223125 1.9999999999999996 6.1809725
v 1.417223125 1.875 6.180972500000001
v 1.292223125 1.875 6.180972500000001
v 1.417223125 2 6.305972500000001
v 1.292223125 2 6.305972500000001
v 1.417223125 1.875 6.305972500000001
v 1.292223125 1.875 6.305972500000001
v 1.4375 3.25 5.6804506250000015
v 1.3750000000000004 3.25 5.6804506250000015
v 1.417223125 1.9999999999999996 6.1809725
v 1.292223125 1.9999999999999996 6.1809725
v 1.417223125 3.25 5.7434725
v 1.3620425000000003 3.25 5.739656875000001
v 1.417223125 2 6.305972500000001
v 1.292223125 2 6.305972500000001
v 1.4051475 3.370740625 5.617950625000001
v 1.3447775000000002 3.354564375 5.6179506250000015
v 1.4375 3.25 5.6804506250000015
v 1.3750000000000004 3.25 5.6804506250000015
v 1.3922231250000001 3.35625 5.712222500000001
v 1.3370425000000004 3.35625 5.7084068750000005
v 1.417223125 3.25 5.7434725
v 1.3620425000000003 3.25 5.739656875000001
v 1.4375 3.2499999999999996 5.680450625
v 1.375 3.2499999999999996 5.680450625
v 1.4375 0.9999999999999996 5.680450625
v 1.375 0.9999999999999996 5.680450625
v 1.4172231249999996 2 6.1809725
v 1.292223125 2 6.1809725
v 1.4172231249999996 0.9999999999999998 6.180972499999999
v 1.292223125 0.9999999999999998 6.180972499999999
v 1.4375 0.9999999999999996 5.680450625
v 1.375 0.9999999999999996 5.680450625
v 1.4375 0.43749999999999956 5.680450625000001
v 1.375 0.43749999999999956 5.680450625000001
v 1.4172231249999996 0.9999999999999998 6.180972499999999
v 1.292223125 0.9999999999999998 6.180972499999999
v 1.4172231249999996 0.4374999999999998 6.180972499999999
v 1.292223125 0.4374999999999998 6.180972499999999
v 1.4375 0.6874999999999998 4.680450625000001
v 1.3750000000000004 0.6874999999999998 4.680450625000001
v 1.4577768750000004 0.4374999999999998 4.99242875
v 1.3952768750000004 0.4374999999999998 4.99242875
v 1.4375 0.6875 5.6804506250000015
v 1.375 0.6874999999999996 5.680450625
v 1.4375 0.4374999999999998 5.6804506250000015
v 1.375 0.43749999999999956 5.680450625000001
v -1.4375 0.6874999999999998 4.680450625000001
v -1.375 0.6874999999999998 4.680450625000001
v -1.457776875 0.4374999999999998 4.99242875
v -1.395276875 0.4374999999999998 4.99242875
v -1.4375 0.6875 5.6804506250000015
v -1.375 0.6874999999999996 5.680450625
v -1.4375 0.4374999999999998 5.6804506250000015
v -1.375 0.43749999999999956 5.680450625000001
v -1.4375 0.9999999999999996 5.680450625
v -1.375 0.9999999999999996 5.680450625
v -1.4375 0.43749999999999956 5.680450625000001
v -1.375 0.43749999999999956 5.680450625000001
v -1.4172231249999996 0.9999999999999998 6.180972499999999
v -1.2922231249999996 0.9999999999999998 6.180972499999999
v -1.4172231249999996 0.4374999999999998 6.180972499999999
v -1.2922231249999996 0.4374999999999998 6.180972499999999
v -1.4375 3.2499999999999996 5.680450625
v -1.375 3.2499999999999996 5.680450625
v -1.4375 0.9999999999999996 5.680450625
v -1.375 0.9999999999999996 5.680450625
v -1.4172231249999996 2 6.1809725
v -1.2922231249999996 2 6.1809725
v -1.4172231249999996 0.9999999999999998 6.180972499999999
v -1.2922231249999996 0.9999999999999998 6.180972499999999
v -1.2379889353047733 1.9999999999999998 6.615676006259138
v -1.1901535062591373 1.9999999999999996 6.500191064695226
v -1.2379889353047733 1.8749999999999998 6.615676006259138
v -1.1901535062591373 1.8749999999999998 6.500191064695227
v -1.1225039937408625 1.9999999999999993 6.663511435304773
v -1.074668564695226 1.9999999999999996 6.548026493740863
v -1.1225039937408625 1.8749999999999996 6.663511435304774
v -1.074668564695226 1.8749999999999996 6.5480264937408625
v -1.3337445033003448 1.9999999999999996 6.535327302089527
v -1.2533960520895273 1.9999999999999998 6.439571746699656
v -1.3337445033003448 1.8749999999999998 6.535327302089528
v -1.2533960520895273 1.8749999999999996 6.439571746699656
v -1.2379889479104724 2 6.615675753300345
v -1.157640496699655 1.9999999999999998 6.519920197910474
v -1.2379889479104724 1.875 6.615675753300345
v -1.157640496699655 1.8749999999999996 6.519920197910474
v -1.4009069408849815 1.9999999999999993 6.429903635158372
v -1.295483010158371 1.9999999999999998 6.362741184115018
v -1.4009069408849815 1.8749999999999996 6.4299036351583725
v -1.295483010158371 1.875 6.362741184115019
v -1.3337444898416289 2 6.535327565884983
v -1.228320559115018 2 6.4681651148416295
v -1.3337444898416289 1.875 6.535327565884983
v -1.228320559115018 1.8749999999999998 6.4681651148416295
v -1.417223190849616 1.9999999999999996 6.30597258317789
v -1.29329258317789 1.9999999999999996 6.289656809150384
v -1.417223190849616 1.8749999999999998 6.3059725831778906
v -1.29329258317789 1.8749999999999996 6.289656809150384
v -1.4009074168221098 2 6.429903190849617
v -1.2769768091503835 1.9999999999999996 6.41358741682211
v -1.4009074168221098 1.875 6.429903190849617
v -1.2769768091503835 1.8749999999999998 6.413587416822111
v -1.417223125 1.9999999999999996 6.1809725
v -1.292223125 1.9999999999999996 6.1809725
v -1.417223125 1.875 6.180972500000001
v -1.292223125 1.875 6.180972500000001
v -1.417223125 2 6.305972500000001
v -1.292223125 2 6.305972500000001
v -1.417223125 1.875 6.305972500000001
v -1.292223125 1.875 6.305972500000001
v 1.417223125 1.875 6.180972500000001
v 1.292223125 1.875 6.180972500000001
v 1.417223125 0.4374999999999998 6.180972500000001
v 1.292223125 0.4374999999999998 6.180972500000001
v 1.417223125 1.875 6.305972500000001
v 1.292223125 1.875 6.305972500000001
v 1.417223125 0.4374999999999998 6.305972500000001
v 1.292223125 0.4374999999999998 6.305972500000001
v 1.417223190849616 1.8749999999999998 6.3059725831778906
v 1.29329258317789 1.8749999999999996 6.289656809150384
v 1.417223190849616 0.9999999999999996 6.30597258317789
v 1.29329258317789 0.9999999999999993 6.289656809150383
v 1.4009074168221098 1.875 6.429903190849617
v 1.276976809150384 1.8749999999999998 6.413587416822111
v 1.4009074168221098 0.9999999999999998 6.4299031908496165
v 1.276976809150384 0.9999999999999996 6.41358741682211
v 1.4009069408849815 1.8749999999999996 6.4299036351583725
v 1.295483010158371 1.875 6.362741184115019
v 1.4009069408849815 0.9999999999999993 6.429903635158372
v 1.295483010158371 0.9999999999999998 6.362741184115019
v 1.3337444898416289 1.875 6.535327565884983
v 1.2283205591150184 1.8749999999999998 6.4681651148416295
v 1.3337444898416289 0.9999999999999998 6.535327565884982
v 1.2283205591150184 0.9999999999999996 6.4681651148416295
v 1.2379889353047737 1.8749999999999998 6.615676006259138
v 1.1901535062591373 1.8749999999999998 6.500191064695227
v 1.2379889353047737 0.9999999999999996 6.615676006259137
v 1.1901535062591373 0.9999999999999996 6.500191064695226
v 1.1225039937408625 1.8749999999999996 6.663511435304774
v 1.0746685646952265 1.8749999999999996 6.5480264937408625
v 1.1225039937408625 0.9999999999999993 6.663511435304773
v 1.0746685646952265 0.9999999999999993 6.5480264937408625
v 1.2379889353047737 0.9999999999999996 6.615676006259137
v 1.1901535062591373 0.9999999999999996 6.500191064695226
v 1.1754891192782084 0.4375000000000002 6.5531754541321625
v 1.1107653672004236 0.4374999999999998 6.4886702450630365
v 1.1225039937408625 0.9999999999999993 6.663511435304773
v 1.0746685646952265 0.9999999999999993 6.5480264937408625
v 1.091254284654004 0.43749999999999956 6.569761383465442
v 1.0746684076643498 0.4374999999999998 6.501151535066144
v 1.3337445033003452 0.9999999999999996 6.535327302089528
v 1.2533960520895278 0.9999999999999996 6.439571746699655
v 1.3337446033122213 0.4374999999999998 6.488452490048346
v 1.228320905882185 0.43749999999999956 6.421290161561041
v 1.2379889479104729 0.9999999999999998 6.615675753300345
v 1.1576404966996554 0.9999999999999996 6.519920197910473
v 1.1754888787721272 0.43749999999999956 6.553175978798512
v 1.110765591740464 0.4374999999999998 6.4886703571185596
v 1.4009069408849815 0.9999999999999993 6.429903635158372
v 1.295483010158371 0.9999999999999998 6.362741184115019
v 1.4009069408849815 0.43749999999999956 6.4299036351583725
v 1.295483010158371 0.4375 6.362741184115019
v 1.3337444898416289 0.9999999999999998 6.535327565884982
v 1.2283205591150184 0.9999999999999996 6.4681651148416295
v 1.3337446175506589 0.4374999999999998 6.488452912865608
v 1.2283206868240484 0.43749999999999956 6.421290461822254
v 1.417223190849616 0.9999999999999996 6.30597258317789
v 1.29329258317789 0.9999999999999993 6.289656809150383
v 1.417223190849616 0.4374999999999998 6.3059725831778906
v 1.29329258317789 0.43749999999999956 6.289656809150384
v 1.4009074168221098 0.9999999999999998 6.4299031908496165
v 1.276976809150384 0.9999999999999996 6.41358741682211
v 1.4009074168221098 0.4374999999999998 6.429903190849617
v 1.276976809150384 0.4374999999999998 6.413587416822111
v -1.2379889353047733 0.9999999999999996 6.615676006259137
v -1.1901535062591373 0.9999999999999996 6.500191064695226
v -1.1754891192782084 0.4375000000000002 6.5531754541321625
v -1.1107653672004232 0.4374999999999998 6.4886702450630365
v -1.1225039937408625 0.9999999999999993 6.663511435304773
v -1.074668564695226 0.9999999999999993 6.5480264937408625
v -1.091254284654004 0.43749999999999956 6.569761383465442
v -1.0746684076643493 0.4374999999999998 6.501151535066144
v -1.3337445033003448 0.9999999999999996 6.535327302089528
v -1.2533960520895273 0.9999999999999996 6.439571746699655
v -1.3337446033122213 0.4374999999999998 6.488452490048346
v -1.228320905882185 0.43749999999999956 6.421290161561041
v -1.2379889479104724 0.9999999999999998 6.615675753300345
v -1.157640496699655 0.9999999999999996 6.519920197910473
v -1.1754888787721267 0.43749999999999956 6.553175978798512
v -1.110765591740464 0.4374999999999998 6.4886703571185596
v -1.4009069408849815 0.9999999999999993 6.429903635158372
v -1.295483010158371 0.9999999999999998 6.362741184115019
v -1.4009069408849815 0.43749999999999956 6.4299036351583725
v -1.295483010158371 0.4375 6.362741184115019
v -1.3337444898416289 0.9999999999999998 6.535327565884982
v -1.228320559115018 0.9999999999999996 6.4681651148416295
v -1.3337446175506589 0.4374999999999998 6.488452912865608
v -1.228320686824048 0.43749999999999956 6.421290461822254
v -1.417223190849616 0.9999999999999996 6.30597258317789
v -1.29329258317789 0.9999999999999993 6.289656809150383
v -1.417223190849616 0.4374999999999998 6.3059725831778906
v -1.29329258317789 0.43749999999999956 6.289656809150384
v -1.4009074168221098 0.9999999999999998 6.4299031908496165
v -1.2769768091503835 0.9999999999999996 6.41358741682211
v -1.4009074168221098 0.4374999999999998 6.429903190849617
v -1.2769768091503835 0.4374999999999998 6.413587416822111
v -1.417223125 1.875 6.180972500000001
v -1.292223125 1.875 6.180972500000001
v -1.417223125 0.4374999999999998 6.180972500000001
v -1.292223125 0.4374999999999998 6.180972500000001
v -1.417223125 1.875 6.305972500000001
v -1.292223125 1.875 6.305972500000001
v -1.417223125 0.4374999999999998 6.305972500000001
v -1.292223125 0.4374999999999998 6.305972500000001
v -1.2379889353047733 1.8749999999999998 6.615676006259138
v -1.1901535062591373 1.8749999999999998 6.500191064695227
v -1.2379889353047733 0.9999999999999996 6.615676006259137
v -1.1901535062591373 0.9999999999999996 6.500191064695226
v -1.1225039937408625 1.8749999999999996 6.663511435304774
v -1.074668564695226 1.8749999999999996 6.5480264937408625
v -1.1225039937408625 0.9999999999999993 6.663511435304773
v -1.074668564695226 0.9999999999999993 6.5480264937408625
v -1.4009069408849815 1.8749999999999996 6.4299036351583725
v -1.295483010158371 1.875 6.362741184115019
v -1.4009069408849815 0.9999999999999993 6.429903635158372
v -1.295483010158371 0.9999999999999998 6.362741184115019
v -1.3337444898416289 1.875 6.535327565884983
v -1.228320559115018 1.8749999999999998 6.4681651148416295
v -1.3337444898416289 0.9999999999999998 6.535327565884982
v -1.228320559115018 0.9999999999999996 6.4681651148416295
v -1.417223190849616 1.8749999999999998 6.3059725831778906
v -1.29329258317789 1.8749999999999996 6.289656809150384
v -1.417223190849616 0.9999999999999996 6.30597258317789
v -1.29329258317789 0.9999999999999993 6.289656809150383
v -1.4009074168221098 1.875 6.429903190849617
v -1.2769768091503835 1.8749999999999998 6.413587416822111
v -1.4009074168221098 0.9999999999999998 6.4299031908496165
v -1.2769768091503835 0.9999999999999996 6.41358741682211
v -1.3337445033003448 1.8749999999999998 6.535327302089528
v -1.2533960520895273 1.8749999999999996 6.439571746699656
v -1.3337445033003448 0.9999999999999996 6.535327302089528
v -1.2533960520895273 0.9999999999999996 6.439571746699655
v -1.2379889479104724 1.875 6.615675753300345
v -1.157640496699655 1.8749999999999996 6.519920197910474
v -1.2379889479104724 0.9999999999999998 6.615675753300345
v -1.157640496699655 0.9999999999999996 6.519920197910473
v 1.3337445033003452 1.8749999999999998 6.535327302089528
v 1.2533960520895278 1.8749999999999996 6.439571746699656
v 1.3337445033003452 0.9999999999999996 6.535327302089528
v 1.2533960520895278 0.9999999999999996 6.439571746699655
v 1.2379889479104729 1.875 6.615675753300345
v 1.1576404966996554 1.8749999999999996 6.519920197910474
v 1.2379889479104729 0.9999999999999998 6.615675753300345
v 1.1576404966996554 0.9999999999999996 6.519920197910473
v 1.4051477937823496 3.3707406692651265 5.617950625000001
v 1.4051477937823496 3.3707406692651265 4.992950625000001
v 1.4375001744201645 3.2499999409789933 5.680450625000001
v 1.4375001744201645 3.2499999409789933 4.992950625000001
v 1.3447774296392825 3.3545644789462195 5.617950625000001
v 1.3447774296392825 3.3545644789462195 4.992950625000001
v 1.3749999070051122 3.249999931111759 5.680450625000001
v 1.3771298102770975 3.2338237506600853 4.992950625000001
v 1.1743926909773492 3.6626117934022426 5.430450625000001
v 1.1743926909773492 3.6626117934022426 4.992950625000001
v 1.2665523580786147 3.5781630174502856 5.492950625000001
v 1.2665523580786147 3.5781630174502856 4.992950625000001
v 1.1409987251540317 3.6169175044090753 5.430450625
v 1.1321683030013707 3.6165319598516104 4.992950625000001
v 1.2274798650755794 3.5372186131768206 5.492950625000001
v 1.2243279701026362 3.532083183899653 4.992950625000001
v 1.2262512567509951 3.6268075744201718 5.551240625
v 1.1283128574267165 3.704836181378222 5.399200625000001
v 1.2665523580786147 3.5781630174502856 5.492950625000001
v 1.1743926909773492 3.6626117934022426 5.430450625000001
v 1.2159309614662495 3.6239801654359995 5.526956875
v 1.1321683030013707 3.6165319598516104 4.992950625000001
v 1.2274798650755794 3.5372186131768206 5.492950625000001
v 1.2243279701026362 3.532083183899653 4.992950625000001
v 1.1283132327526655 3.704836474414253 5.399200625000001
v 1.1283132327526655 3.7048364744142535 4.992950625000001
v 1.1743930663032982 3.6626120864382745 5.430450625000001
v 1.1743930663032982 3.6626120864382745 4.992950625000001
v 1.094919266929348 3.6591421854210857 5.399200625
v 1.086088844776687 3.6587566408636207 4.992950625000001
v 1.1409991004799807 3.616917797445107 5.430450625000001
v 1.1321686783273197 3.616532252887642 4.992950625000001
v 1.0640073378591026 3.7087285536661305 5.367950625000001
v 1.0687058659763569 3.7236303810215716 4.992950625000001
v 1.1283131753981213 3.704836268552554 5.399200625
v 1.1283131753981213 3.7048362685525547 4.992950625000001
v 1.057751895696418 3.668104391295082 5.383575624999999
v 1.04991175350734 3.6640230715998072 4.992950625000001
v 1.0949189287876848 3.6591419917128944 5.399200625000001
v 1.1095190629291038 3.645228959130791 4.992950625000001
v 1.266552034594965 3.578163321840039 5.492950625
v 1.266552034594965 3.578163321840039 4.992950625000001
v 1.342647213221055 3.478994154303635 5.555450625000001
v 1.342647213221055 3.478994154303635 4.992950625000001
v 1.2257306681348874 3.538962033081478 5.492950625000001
v 1.216967450826763 3.5401157325269947 4.992950625000001
v 1.2970583979944053 3.44545665473954 5.555450625000001
v 1.2930626294528529 3.4409465649905893 4.992950625000001
v 1.3426476688682638 3.4789940877365275 5.555450625
v 1.3426476688682638 3.4789940877365275 4.992950625
v 1.4051476688682638 3.3707409122634724 5.617950625000001
v 1.4051476688682638 3.3707409122634724 4.992950625000001
v 1.2970587399053892 3.445456428962875 5.555450625000001
v 1.2885210811317362 3.4477440877365275 4.992950625
v 1.3447770489759199 3.3545646432014404 5.617950625000001
v 1.3510210811317362 3.3394909122634724 4.992950625000001
v -1.2277512119137555 3.288889375 5.9479235600108655
v -1.1835407576683616 3.2766225 5.901902796343355
v -1.2379889353047733 1.9999999999999998 6.615676006259138
v -1.1901535062591373 1.9999999999999996 6.500191064695226
v -1.1225043246579927 3.289885 5.972753626327436
v -1.1225041129386182 3.2783825 5.917792544074126
v -1.1225039937408625 1.9999999999999993 6.663511435304773
v -1.074668564695226 1.9999999999999996 6.548026493740863
v -1.324788258332434 3.28203826526359 5.888609531802459
v -1.289467515372717 3.279210735777644 5.845575663063714
v -1.3337446267839947 2.0000000263502864 6.535327561875228
v -1.2609242040076287 1.9471727419694864 6.448543553834451
v -1.227751792155352 3.288889328194198 5.947923646040824
v -1.1835408068357536 3.276622333735414 5.901903260856277
v -1.2379890657410337 2.0000000336772703 6.615676006348955
v -1.1651686429646682 1.94717274929647 6.528891998308179
v -1.4172228956451942 3.25 5.743472780859946
v -1.362042624768454 3.25 5.739657041033558
v -1.417223190849616 1.9999999999999996 6.30597258317789
v -1.29329258317789 1.9999999999999996 6.289656809150384
v -1.3979680418877831 3.26404625 5.795067795620939
v -1.3398861416722014 3.2629443749999996 5.786444059087373
v -1.4009074168221098 2 6.429903190849617
v -1.2769768091503835 1.9999999999999996 6.41358741682211
v -1.3979679834076215 3.264046494564073 5.7950682250356405
v -1.339886344796494 3.2629443739744444 5.786444121950076
v -1.400907039436499 2.0000003459393523 6.4299037029984465
v -1.3109219918079331 1.9859534445877456 6.372576898086555
v -1.324787620463339 3.28203841775493 5.8886089755300945
v -1.2894677465564914 3.2792109652500745 5.845575301628614
v -1.3337445822908425 2.000000347232005 6.535327629837462
v -1.2437595346622765 1.9859534458803985 6.47800082492557
v -1.4375 3.25 5.6804506250000015
v -1.375 3.25 5.6804506250000015
v -1.417223125 1.9999999999999996 6.1809725
v -1.292223125 1.9999999999999996 6.1809725
v -1.417223125 3.25 5.7434725
v -1.3620424999999998 3.25 5.739656875000001
v -1.417223125 2 6.305972500000001
v -1.292223125 2 6.305972500000001
v -1.2262514557875726 3.6268076884847256 5.551240847419573
v -1.2159313165895185 3.623979945629098 5.526956874518637
v -1.3104682573982318 3.4796708627748183 5.7013177654547995
v -1.274542680826963 3.4812498778107486 5.645906821831629
v -1.1887517413873536 3.6268076007621777 5.676241012319354
v -1.153431450437731 3.6239800204904533 5.589456835276025
v -1.2560378524912093 3.4976631191498306 5.763609166256467
v -1.2207176581686174 3.494835999672503 5.739325342025993
v -1.2665524932022976 3.578163125 5.492950795688469
v -1.2257307811824236 3.538961875 5.49295061652585
v -1.3297232473971312 3.48125 5.649722436815689
v -1.2745423568673524 3.48125 5.645906615410429
v -1.2262511897398851 3.6268081249999997 5.551240975575494
v -1.215930748408653 3.6239806249999997 5.526956757817147
v -1.3104676924078111 3.479671249999999 5.701317989650848
v -1.252386493424138 3.478569375 5.692693715043115
v -1.2665523431879486 3.5781631249999997 5.4929507934165045
v -1.2257307811824236 3.5389618749999996 5.36795061652585
v -1.3426473884612244 3.4789937500000003 5.555450382572144
v -1.2745423568673524 3.48125 5.52090661541043
v -1.2665523431879486 3.5781631249999997 5.4929507934165045
v -1.215930748408653 3.6239806249999997 5.401956757817148
v -1.3297230973827823 3.48125 5.6497224345437225
v -1.252386493424138 3.478569375 5.567693715043115
v -1.266552034594965 3.578163321840039 5.492950625
v -1.266552034594965 3.578163321840039 4.992950625000001
v -1.342647213221055 3.478994154303635 5.555450625000001
v -1.342647213221055 3.478994154303635 4.992950625000001
v -1.2257306681348874 3.538962033081478 5.492950625000001
v -1.2169674508267625 3.5401157325269947 4.992950625000001
v -1.2970583979944048 3.44545665473954 5.555450625000001
v -1.2930626294528529 3.4409465649905893 4.992950625000001
v -1.3426475384755734 3.47899375 5.555450384844108
v -1.2970587576249746 3.4454562500000003 5.555450480691715
v -1.4051474623324163 3.370740625 5.6179504587153
v -1.3447772230662696 3.354564375 5.617950562145335
v -1.3297232473971312 3.48125 5.649722436815689
v -1.2745423568673524 3.48125 5.645906615410429
v -1.392223171253974 3.35625 5.712222510686881
v -1.3370429003772335 3.35625 5.708406770860492
v -1.4051475 3.370740625 5.617950625000001
v -1.3447775000000002 3.354564375 5.6179506250000015
v -1.4375 3.25 5.6804506250000015
v -1.375 3.25 5.6804506250000015
v -1.3922231250000001 3.35625 5.712222500000001
v -1.3370425 3.35625 5.7084068750000005
v -1.417223125 3.25 5.7434725
v -1.3620424999999998 3.25 5.739656875000001
v -1.3922228956451943 3.35625 5.712222780859946
v -1.3370426247684541 3.35625 5.708407041033558
v -1.417223466752318 3.25 5.743472732881492
v -1.3620425762225392 3.2499999999999996 5.739656911476234
v -1.3729680418877832 3.35467125 5.763817795620939
v -1.3148861416722015 3.353569375 5.755194059087373
v -1.3979679933418683 3.26404625 5.795067666063613
v -1.3398860931262866 3.262944375 5.78644392953005
v -1.3297229717883514 3.48125 5.649722706988754
v -1.2745427009116108 3.48125 5.645906967162366
v -1.3922228956451943 3.35625 5.712222780859946
v -1.3370426247684541 3.35625 5.708407041033558
v -1.3104681180309403 3.47967125 5.701317721749747
v -1.2523862178153586 3.478569375 5.692693985216181
v -1.3729680418877832 3.35467125 5.763817795620939
v -1.3148861416722015 3.353569375 5.755194059087373
v -1.3729679834076216 3.354671494564073 5.7638182250356405
v -1.314886344796494 3.3535693739744445 5.755194121950077
v -1.3979682206766442 3.264046407327524 5.795067944194647
v -1.3398865820655166 3.2629442867378957 5.786443841109081
v -1.3122881344057062 3.3414133568442868 5.863609361871277
v -1.2644676825107939 3.3385861333943687 5.814325261210168
v -1.3247875219200762 3.282038330518388 5.888609221808734
v -1.2894675115846277 3.279211481717173 5.845575460992631
v -1.3104675856063621 3.4796716461323935 5.701317997014218
v -1.2523860834238354 3.4785689218391247 5.692693980843275
v -1.3729677827460285 3.3546717423895487 5.763817993894729
v -1.3148862805635018 3.3535690180962803 5.755193977723786
v -1.2560376118895245 3.49766336649903 5.76360941079901
v -1.2207174832252474 3.49483633740933 5.73932502440873
v -1.3122879337441131 3.3414136046697633 5.863609130730364
v -1.2644674818492008 3.338586381219845 5.814325030069254
v -1.3122880230251637 3.341413282809888 5.863608880547283
v -1.264467734805168 3.3385857204446587 5.81432553993054
v -1.3247880326798622 3.2820384891751972 5.8886092742789025
v -1.2894672897201453 3.2792109596892507 5.845575405540158
v -1.2340018784746292 3.3576391623059303 5.90729840012391
v -1.189790882509127 3.345371999824574 5.876903304748268
v -1.22775173628636 3.2888889856634416 5.947923590857538
v -1.1835407509667615 3.2766219912046584 5.9019032056729905
v -1.2340017434058574 3.3576393749999998 5.907298566681398
v -1.1897907640793814 3.3453725 5.876903028415937
v -1.2277512119137555 3.288889375 5.9479235600108655
v -1.1835407576683616 3.2766225 5.901902796343355
v -1.1225042302468138 3.517269375 5.8444962781553045
v -1.122503779350294 3.474516875 5.789534618477287
v -1.1225043246579927 3.289885 5.972753626327436
v -1.1225041129386182 3.2783825 5.917792544074126
v -1.2560383217609856 3.497663329967527 5.763609343753765
v -1.22071776333628 3.4948359463537773 5.739325085603252
v -1.3122880933068832 3.3414130918629183 5.8636090809034505
v -1.264467635303308 3.3385860959400513 5.814325537946434
v -1.1225041036632222 3.517269382316655 5.84449625048271
v -1.1225043078012975 3.474516592795891 5.78953471490701
v -1.2340017789727686 3.3576395378013233 5.907298398139805
v -1.189790783007267 3.345372375319966 5.876903302764163
v -1.1887518186205202 3.626807376178074 5.676240728304968
v -1.153430879109513 3.6239803623487497 5.58945675066359
v -1.2560382938264896 3.4976631587021494 5.763609316162122
v -1.220717735401784 3.4948357750883994 5.73932505801161
v -1.122504611874851 3.6955618653841373 5.653799119882628
v -1.1225047094093394 3.6382609052743353 5.6142371811107274
v -1.1225040757287261 3.5172692110512767 5.844496222891069
v -1.1225042798668015 3.474516421530513 5.789534687315366
v -1.22625158660232 3.626807529162523 5.551241131072686
v -1.2159312776206863 3.6239803527492587 5.526956955831479
v -1.1887515080999873 3.6268071773035526 5.676240862052426
v -1.1534314114688993 3.623980427610614 5.5894569165888655
v -1.1283127863144577 3.7048360555211834 5.399200450059291
v -1.0949191321289704 3.6591415666292777 5.399200804677194
v -1.1225041315707385 3.6955622329519797 5.653799051289813
v -1.1225043988888066 3.638260706399815 5.614237314858184
v -1.2262512567509947 3.6268075744201718 5.551240625
v -1.1283128574267165 3.704836181378222 5.399200625000001
v -1.2665523580786147 3.5781630174502856 5.492950625000001
v -1.1743926909773492 3.6626117934022426 5.430450625000001
v -1.215930961466249 3.6239801654359995 5.526956875
v -1.1321683030013703 3.6165319598516104 4.992950625000001
v -1.227479865075579 3.5372186131768206 5.492950625000001
v -1.2243279701026357 3.532083183899653 4.992950625000001
v -1.405147793782349 3.3707406692651265 5.617950625000001
v -1.405147793782349 3.3707406692651265 4.992950625000001
v -1.437500174420164 3.2499999409789933 5.680450625000001
v -1.437500174420164 3.2499999409789933 4.992950625000001
v -1.3447774296392825 3.3545644789462195 5.617950625000001
v -1.3447774296392825 3.3545644789462195 4.992950625000001
v -1.3749999070051122 3.249999931111759 5.680450625000001
v -1.3771298102770975 3.2338237506600853 4.992950625000001
v -1.3426476688682638 3.4789940877365275 5.555450625
v -1.3426476688682638 3.4789940877365275 4.992950625
v -1.4051476688682638 3.3707409122634724 5.617950625000001
v -1.4051476688682638 3.3707409122634724 4.992950625000001
v -1.2970587399053888 3.445456428962875 5.555450625000001
v -1.2885210811317362 3.4477440877365275 4.992950625
v -1.3447770489759199 3.3545646432014404 5.617950625000001
v -1.3510210811317362 3.3394909122634724 4.992950625000001
v -1.1743926909773492 3.6626117934022426 5.430450625000001
v -1.1743926909773492 3.6626117934022426 4.992950625000001
v -1.2665523580786147 3.5781630174502856 5.492950625000001
v -1.2665523580786147 3.5781630174502856 4.992950625000001
v -1.1409987251540317 3.6169175044090753 5.430450625
v -1.1321683030013703 3.6165319598516104 4.992950625000001
v -1.227479865075579 3.5372186131768206 5.492950625000001
v -1.2243279701026357 3.532083183899653 4.992950625000001
v -1.0640073378591026 3.7087285536661305 5.367950625000001
v -1.0687058659763569 3.7236303810215716 4.992950625000001
v -1.1283131753981208 3.704836268552554 5.399200625
v -1.1283131753981208 3.7048362685525547 4.992950625000001
v -1.0577518956964176 3.668104391295082 5.383575624999999
v -1.0499117535073395 3.6640230715998072 4.992950625000001
v -1.0949189287876848 3.6591419917128944 5.399200625000001
v -1.1095190629291038 3.645228959130791 4.992950625000001
v -1.1283132327526655 3.704836474414253 5.399200625000001
v -1.1283132327526655 3.7048364744142535 4.992950625000001
v -1.1743930663032982 3.6626120864382745 5.430450625000001
v -1.1743930663032982 3.6626120864382745 4.992950625000001
v -1.094919266929348 3.6591421854210857 5.399200625
v -1.0860888447766865 3.6587566408636207 4.992950625000001
v -1.1409991004799807 3.616917797445107 5.430450625000001
v -1.1321686783273193 3.616532252887642 4.992950625000001
v 1.12250375 3.4110194998344063 5.906995888836195
v 0.5100006250000001 3.5280913509824487 5.818763569296535
v -1.122504375 3.4110194998344063 5.906995888836195
v -0.5100006249999999 3.5280913509824487 5.818763569296535
v -1.122504375 3.436019859804719 5.781996199029671
v -1.122504375 3.4745170955526676 5.7895344334415295
v -1.0562943750000002 3.5361308066714567 5.180450437900005
v -1.012323125 3.544808961793633 5.4304506444722715
v -1.122504375 3.4745170955526676 5.7895344334415295
v -1.122504375 3.6382615908951035 5.614237142345077
v -1.0949187500000002 3.6591422266014626 5.399200519025899
v -1.012323125 3.544808961793633 5.4304506444722715
v 1.1225043750000006 3.436019859804719 5.781996199029671
v 1.1225043750000006 3.4745170955526676 5.7895344334415295
v 1.0562943750000007 3.5361308066714567 5.180450437900005
v 1.0123231250000004 3.544808961793633 5.4304506444722715
v 1.1225043750000006 3.4745170955526676 5.7895344334415295
v 1.1225043750000006 3.6382615908951035 5.614237142345077
v 1.0949187500000002 3.6591422266014626 5.399200519025899
v 1.0123231250000004 3.544808961793633 5.4304506444722715
vt 0.864957578125 0.9921875
vt 0.866421015625 1
vt 0.666292421875 1
vt 0.664828984375 0.9921875
vt 0.3359375 0.79987140625
vt 0.3359375 1
vt 0.328125 0.9985365625
vt 0.328125 0.79840796875
vt 0.921875 0.5234375
vt 0.640625 0.5234375
vt 0.640625 0.515625
vt 0.921875 0.515625
vt 0.859375 0.8046875
vt 0.859375 0.8125
vt 0.578125 0.8125
vt 0.578125 0.8046875
vt 0.28125 0.59765625
vt 0.28125 0.796875
vt 0 0.796875
vt 0 0.59765625
vt 0.28125 1
vt 0 1
vt 0 0.80078125
vt 0.28125 0.80078125
vt 0.3046875 0.668594921875
vt 0.296875 0.671875
vt 0.296875 0.65329640625
vt 0.3046875 0.650016328125
vt 0.154884765625 0.271484375
vt 0.15625 0.303309453125
vt 0.14917609375 0.303309453125
vt 0.149941875 0.27950101562499996
vt 0.899354609375 0.484375
vt 0.820501953125 0.484375
vt 0.8203125 0.4756734375
vt 0.896133671875 0.47812867187499997
vt 0.89453125 0.552734375
vt 0.893882265625 0.561414140625
vt 0.81697171875 0.561414140625
vt 0.812573828125 0.5533253124999999
vt 0.71721296875 0.693359375
vt 0.71850890625 0.711893046875
vt 0.64086609375 0.725654375
vt 0.64086609375 0.695136171875
vt 0.741577734375 0.8828125
vt 0.665919296875 0.8772175
vt 0.66491921875 0.859375
vt 0.74719015625 0.859375
vt 0.71500703125 0.8984375
vt 0.733585625 0.8984375
vt 0.73030546875 0.90625
vt 0.711726875 0.90625
vt 0.625 0.71875
vt 0.625 0.72582390625
vt 0.59375 0.724458671875
vt 0.601766640625 0.719515859375
vt 0.805985859375 0.1875
vt 0.81468953125 0.1875
vt 0.81640625 0.265625
vt 0.81009125 0.26254085937500005
vt 0.4375 0.20361671874999998
vt 0.4375 0.28052718750000005
vt 0.4296875 0.281176171875
vt 0.4302784375 0.19921875
vt 0.6949425 0.8828125
vt 0.682991328125 0.960754453125
vt 0.6644325 0.959890078125
vt 0.6644325 0.883522578125
vt 0.5396846875 0.25366648437499995
vt 0.5582359375 0.254666640625
vt 0.5638309375 0.330325
vt 0.5396846875 0.3359375
vt 0.390625 0.62014109375
vt 0.3828125 0.623420859375
vt 0.3828125 0.60484234375
vt 0.390625 0.6015625
vt 0.715796484375 0.75
vt 0.734375 0.75
vt 0.731095234375 0.7578125
vt 0.71251671875 0.7578125
vt 0.589380078125 0.7265625
vt 0.461401171875 0.7265625
vt 0.462839453125 0.71875
vt 0.587941015625 0.71875
vt 0.84551484375 0.8125
vt 0.846953125 0.8203125
vt 0.719453125 0.8203125
vt 0.72089140625 0.8125
vt 0.768828515625 0.52734375
vt 0.769067578125 0.546875
vt 0.641088671875 0.546875
vt 0.641328515625 0.52734375
vt 0.61040234375 0.359375
vt 0.48530078125 0.359375
vt 0.48553984375 0.33984375
vt 0.61016328125 0.33984375
vt 0.2734375 0.46481414062500004
vt 0.268722109375 0.467403359375
vt 0.265625 0.458151640625
vt 0.2734375 0.44921875
vt 0.736841953125 0.115234375
vt 0.74609375 0.11833148437499996
vt 0.74350453125 0.12335664062499996
vt 0.727909140625 0.12335664062499996
vt 0.901880078125 0.53125
vt 0.773901171875 0.53125
vt 0.775339453125 0.525390625
vt 0.900441015625 0.525390625
vt 0.80645234375 0.55078125
vt 0.807890625 0.5625
vt 0.680390625 0.5625
vt 0.68182890625 0.55078125
vt 0.870391015625 0.583984375
vt 0.870630078125 0.59375
vt 0.742651171875 0.59375
vt 0.742891015625 0.583984375
vt 0.78227734375 0.390625
vt 0.65717578125 0.390625
vt 0.65741484375 0.375
vt 0.78203828125 0.375
vt 0.850964765625 0.4312475
vt 0.8515625 0.4375
vt 0.781467734375 0.4375
vt 0.8365284375 0.42634375
vt 0.14453125 0.125
vt 0.14453125 0.19509437500000004
vt 0.138821015625 0.19464328124999997
vt 0.1328125 0.18020710937499995
vt 0.931434375 0.6796875
vt 0.80798515625 0.6796875
vt 0.80489375 0.673828125
vt 0.9299953125 0.673828125
vt 0.133101953125 0.578090625
vt 0.133689453125 0.5218
vt 0.261668359375 0.5218
vt 0.257725390625 0.578090625
vt 0.126953125 0.5196660156249999
vt 0.126953125 0.58976125
vt 0.00452734375 0.59375
vt 0 0.523801171875
vt 0.257964453125 0.59375
vt 0.132862890625 0.59375
vt 0.133101953125 0.578090625
vt 0.257725390625 0.578090625
vt 0.88393359375 0.25750281249999996
vt 0.893184609375 0.260599765625
vt 0.890596171875 0.265625
vt 0.875 0.265625
vt 0.75727609375 0.431640625
vt 0.7502959375 0.43685359375
vt 0.734375 0.4375
vt 0.739800078125 0.431640625
vt 0.913923515625 0.7521846875
vt 0.913391875 0.7578125
vt 0.8359375 0.7578125
vt 0.8372746875 0.7544234375
vt 0.761210703125 0.123046875
vt 0.769970546875 0.20128406249999997
vt 0.7578125 0.20128406249999997
vt 0.759326953125 0.12322710937500003
vt 0.757785703125 0.21964460937499997
vt 0.751889765625 0.296875
vt 0.742214296875 0.295625
vt 0.742214296875 0.21692554687499999
vt 0.74375046875 0.296875
vt 0.759411640625 0.296875
vt 0.759627734375 0.37366859375000006
vt 0.742325390625 0.375
vt 0.421875 0.34116156249999996
vt 0.417159453125 0.34375
vt 0.4140625 0.33449898437500003
vt 0.421875 0.325565390625
vt 0.1484375 0.4609375
vt 0.14779109375 0.4768584375
vt 0.141840546875 0.48383859375000005
vt 0.141840546875 0.46636257812500004
vt 0.419921875 0.09388898437500004
vt 0.419921875 0.17134328124999998
vt 0.4140625 0.171875
vt 0.41630125 0.09522617187500004
vt 0.859375 0.298828125
vt 0.859375 0.310986171875
vt 0.78125 0.30222632812500005
vt 0.781430234375 0.300342578125
vt 0.820951328125 0.5625
vt 0.822201328125 0.5722290624999999
vt 0.7449709375 0.578125
vt 0.742251796875 0.5625
vt 0.80455359375 0.4296875
vt 0.72741046875 0.4296875
vt 0.727366640625 0.41402640625
vt 0.805836484375 0.412381484375
vt 0.860221875 0.23657703124999996
vt 0.907343359375 0.2421875
vt 0.837248125 0.2421875
vt 0.836797265625 0.23660460937500005
vt 0.408203125 0.10301218749999996
vt 0.408203125 0.1796875
vt 0.3984375 0.1334990625
vt 0.4027075 0.11051445312499997
vt 0.533075078125 0.919081875
vt 0.46277671875 0.9204915625
vt 0.462651875 0.87303765625
vt 0.53900390625 0.87365859375
vt 0.9140625 0.845703125
vt 0.91353078125 0.8513309375
vt 0.836075703125 0.8513309375
vt 0.837413671875 0.847941640625
vt 0.475399375 0.47265625
vt 0.482421875 0.542095625
vt 0.41227203125 0.546875
vt 0.3988990625 0.47265625
vt 0.53900390625 0.87365859375
vt 0.4618640625 0.87303125
vt 0.46099609375 0.849609375
vt 0.5381359375 0.8502375
vt 0.560546875 0.10177976562500002
vt 0.560546875 0.171875
vt 0.5546875 0.12475351562500003
vt 0.554715078125 0.10132882812499999
vt 0.8444365625 0.412598671875
vt 0.890625 0.421875
vt 0.8139496875 0.421875
vt 0.821451953125 0.416868671875
vt 0.5381359375 0.79490625
vt 0.53801109375 0.84236015625
vt 0.467712734375 0.84095046875
vt 0.46178390625 0.7955271875000001
vt 0.662109375 0.1015625
vt 0.662109375 0.17901757812499997
vt 0.65625 0.179549296875
vt 0.658488515625 0.10290046875000003
vt 0.53125 1
vt 0.4609375 1
vt 0.463203125 0.9299421875
vt 0.5395265625 0.9247421875
vt 0.53900390625 0.771484375
vt 0.5381359375 0.79490625
vt 0.46099609375 0.79553359375
vt 0.4618640625 0.7721125
vt 0.3671875 1
vt 0.3515625 1
vt 0.3515625 0.9609375
vt 0.3671875 0.9609375
vt 0.4453125 0.9609375
vt 0.4453125 1
vt 0.4296875 1
vt 0.4296875 0.9609375
vt 0.25 0.234375
vt 0.25 0.515625
vt 0.234375 0.515625
vt 0.234375 0.234375
vt 0.265625 0.515625
vt 0.25 0.515625
vt 0.25 0.234375
vt 0.265625 0.234375
vt 0.671875 0.5859375
vt 0.671875 0.625
vt 0.390625 0.625
vt 0.390625 0.5859375
vt 0.6796875 0.5859375
vt 0.3984375 0.5859375
vt 0.3984375 0.546875
vt 0.6796875 0.546875
vt 0 1
vt 0 0.984375
vt 0 1
vt 0.890625 0.40234375
vt 0.890625 0.4140625
vt 0.875 0.4140625
vt 0.875 0.40234375
vt 0.890625 0.37890625
vt 0.890625 0.390625
vt 0.875 0.390625
vt 0.875 0.37890625
vt 0.109375 0.125
vt 0.09375 0.125
vt 0.09375 0.109375
vt 0.109375 0.109375
vt 0.01140703125 1
vt 0.01140703125 1
vt 0.00031171875 1
vt 0.89421953125 0.8828125
vt 0.88312421875 0.8828125
vt 0.89421953125 0.87109375
vt 0 0.984375
vt 0 0.984375
vt 0 1
vt 0.12859453125 0.1171875
vt 0.11749921875 0.1171875
vt 0.11749921875 0.10546875
vt 0.01140703125 1
vt 0.01140703125 1
vt 0.00031171875 1
vt 0 0.984375
vt 0 1
vt 0 1
vt 0.65625 0.125
vt 0.640625 0.125
vt 0.640625 0.11328125
vt 0.65625 0.11328125
vt 0.890625 0.359375
vt 0.875 0.359375
vt 0.875 0.34765625
vt 0.890625 0.34765625
vt 0.1484375 0.109375
vt 0.1484375 0.125
vt 0.1328125 0.125
vt 0.1328125 0.109375
vt 0.00031171875 1
vt 0.00031171875 1
vt 0.01140703125 1
vt 0.89421953125 0.796875
vt 0.88312421875 0.796875
vt 0.88312421875 0.78515625
vt 0 0.984375
vt 0 0.984375
vt 0 1
vt 0.89421953125 0.84375
vt 0.88312421875 0.84375
vt 0.89421953125 0.83203125
vt 0.00031171875 1
vt 0.00031171875 1
vt 0.01140703125 1
vt 0 0.984375
vt 0 1
vt 0 1
vt 0.875 0.33203125
vt 0.890625 0.33203125
vt 0.890625 0.34375
vt 0.875 0.34375
vt 0.6640625 0.11328125
vt 0.6796875 0.11328125
vt 0.6796875 0.125
vt 0.6640625 0.125
vt 0.875 0.8671875
vt 0.875 0.8515625
vt 0.890625 0.8515625
vt 0.890625 0.8671875
vt 0.01140703125 1
vt 0.01140703125 1
vt 0.00031171875 1
vt 0.26593671875 0.10546875
vt 0.27703203125 0.10546875
vt 0.27703203125 0.1171875
vt 0 0.984375
vt 0 0.984375
vt 0 1
vt 0.87531171875 0.24609375
vt 0.88640703125 0.24609375
vt 0.87531171875 0.2578125
vt 0.01140703125 1
vt 0.01140703125 1
vt 0.00031171875 1
vt 0 1
vt 0 0.984375
vt 0 1
vt 0.6796875 0.125
vt 0.6796875 0.11328125
vt 0.6953125 0.11328125
vt 0.6953125 0.125
vt 0.875 0.3125
vt 0.875 0.30078125
vt 0.890625 0.30078125
vt 0.890625 0.3125
vt 0.1484375 0.109375
vt 0.1640625 0.109375
vt 0.1640625 0.125
vt 0.1484375 0.125
vt 0.00031171875 1
vt 0.00031171875 1
vt 0.01140703125 1
vt 0.31281171875 0.10546875
vt 0.32390703125 0.10546875
vt 0.31281171875 0.1171875
vt 0 0.984375
vt 0 0.984375
vt 0 1
vt 0.28156171875 0.10546875
vt 0.29265703125 0.10546875
vt 0.29265703125 0.1171875
vt 0.00031171875 1
vt 0.00031171875 1
vt 0.01140703125 1
vt 0.09375 0.125
vt 0.078125 0.125
vt 0.078125 0.109375
vt 0.09375 0.109375
vt 0.890625 0.8984375
vt 0.890625 0.9140625
vt 0.875 0.9140625
vt 0.875 0.8984375
vt 0.484375 0.484375
vt 0.765625 0.484375
vt 0.765625 0.5
vt 0.484375 0.5
vt 0.32129421875 1
vt 0.305669375 1
vt 0.30565890625 0.71875
vt 0.32128375 0.71875
vt 0.7421875 0.7265625
vt 0.7421875 0.7421875
vt 0.4609375 0.7421875
vt 0.4609375 0.7265625
vt 0.765625 0.515625
vt 0.484375 0.515625
vt 0.484375 0.5
vt 0.765625 0.5
vt 0.4453125 0.1796875
vt 0.4296875 0.1796875
vt 0.4296875 0.1328125
vt 0.4453125 0.1328125
vt 0.4609375 0.1328125
vt 0.4609375 0.1796875
vt 0.4453125 0.1796875
vt 0.4453125 0.1328125
vt 0.0390625 0.203125
vt 0.0390625 0.484375
vt 0.0234375 0.484375
vt 0.0234375 0.203125
vt 0.0546875 0.484375
vt 0.0390625 0.484375
vt 0.0390625 0.203125
vt 0.0546875 0.203125
vt 0.640625 0.671875
vt 0.640625 0.71875
vt 0.359375 0.71875
vt 0.359375 0.671875
vt 0.65625 0.671875
vt 0.375 0.671875
vt 0.375 0.625
vt 0.65625 0.625
vt 0.34375 0.171875
vt 0.328125 0.171875
vt 0.328125 0.140625
vt 0.34375 0.140625
vt 0.375 0.140625
vt 0.375 0.171875
vt 0.359375 0.171875
vt 0.359375 0.140625
vt 0.6484375 0.203125
vt 0.6484375 0.359375
vt 0.6328125 0.359375
vt 0.6328125 0.203125
vt 0.6328125 0.359375
vt 0.6171875 0.359375
vt 0.6171875 0.203125
vt 0.6328125 0.203125
vt 0.171875 0.484375
vt 0.171875 0.515625
vt 0.015625 0.515625
vt 0.015625 0.484375
vt 0.640625 0.546875
vt 0.484375 0.546875
vt 0.484375 0.515625
vt 0.640625 0.515625
vt 0.5546875 0.9453125
vt 0.5390625 0.9453125
vt 0.5390625 0.9296875
vt 0.5546875 0.9296875
vt 0.7265625 0.9296875
vt 0.7265625 0.9453125
vt 0.7109375 0.9453125
vt 0.7109375 0.9296875
vt 0.734375 0.8984375
vt 0.75 0.8984375
vt 0.75 0.9140625
vt 0.734375 0.9140625
vt 0.3125 0.140625
vt 0.3125 0.15625
vt 0.296875 0.15625
vt 0.296875 0.140625
vt 0.359375 0.140625
vt 0.359375 0.15625
vt 0.34375 0.15625
vt 0.34375 0.140625
vt 0.578125 0.15625
vt 0.5625 0.15625
vt 0.5625 0.140625
vt 0.578125 0.140625
vt 0.823402421875 0.85106890625
vt 0.82207859375 0.8590840625
vt 0.640625 0.8590840625
vt 0.647307421875 0.845703125
vt 0.083984375 0.22918703124999995
vt 0.083984375 0.412087421875
vt 0.076303671875 0.4140625
vt 0.0703125 0.236002109375
vt 0.771407265625 0.9609375
vt 0.757889609375 0.9609375
vt 0.761933125 0.953892265625
vt 0.769816484375 0.954101953125
vt 0.1953125 0.109375
vt 0.1953125 0.125
vt 0.1796875 0.125
vt 0.1796875 0.109375
vt 0.541711953125 0.765625
vt 0.723165234375 0.765625
vt 0.72194109375 0.7794675
vt 0.5390625 0.78125
vt 0.3125 0.44387750000000004
vt 0.304253203125 0.4448140625
vt 0.296875 0.26873359375000005
vt 0.3125 0.265625
vt 0.392007734375 0.908161796875
vt 0.385301875 0.90969765625
vt 0.3828125 0.9
vt 0.390784296875 0.89916125
vt 0.359375 0.686117578125
vt 0.359375 0.71875
vt 0.3515625 0.7174709375
vt 0.353481875 0.68823984375
vt 0.40125265625 0.9296875
vt 0.385301875 0.90969765625
vt 0.392008125 0.90816171875
vt 0.4050659375 0.92400859375
vt 0.71875 0.787246328125
vt 0.7265625 0.783203125
vt 0.7265625 0.796720859375
vt 0.71895921875 0.795129609375
vt 0.8373534375 0.75999484375
vt 0.84733328125 0.75918828125
vt 0.868570234375 0.7734375
vt 0.8359375 0.7734375
vt 0.405507578125 0.92454453125
vt 0.392008125 0.90816171875
vt 0.3907175 0.899075703125
vt 0.396496171875 0.897123359375
vt 0.59375 0.15625
vt 0.578125 0.15625
vt 0.578125 0.140625
vt 0.59375 0.140625
vt 0.609375 0.140625
vt 0.609375 0.15625
vt 0.59375 0.15625
vt 0.59375 0.140625
vt 0.6640625 0.140625
vt 0.6796875 0.140625
vt 0.6796875 0.15625
vt 0.6640625 0.15625
vt 0.6953125 0.140625
vt 0.6953125 0.15625
vt 0.6796875 0.15625
vt 0.6796875 0.140625
vt 0.7109375 0.140625
vt 0.7109375 0.15625
vt 0.6953125 0.15625
vt 0.6953125 0.140625
vt 0.7265625 0.15625
vt 0.7109375 0.15625
vt 0.7109375 0.140625
vt 0.7265625 0.140625
vt 0.484375 0.47576562499999997
vt 0.477471796875 0.473956328125
vt 0.46875 0.294674296875
vt 0.484375 0.29296875
vt 0.548309296875 0.43771039062499995
vt 0.729614296875 0.44506390625000003
vt 0.730612265625 0.453125
vt 0.546875 0.453125
vt 0.4453125 0.11506085937499999
vt 0.446235859375 0.10084882812499996
vt 0.453125 0.10223257812499997
vt 0.453125 0.1171875
vt 0.1796875 0.109375
vt 0.1796875 0.125
vt 0.1640625 0.125
vt 0.1640625 0.109375
vt 0.55132390625 0.46875
vt 0.73081734375 0.46875
vt 0.728318515625 0.48352312500000005
vt 0.546875 0.484375
vt 0.32709640625 0.44185640625
vt 0.3125 0.4453125
vt 0.3125 0.26250828125000003
vt 0.32716640625 0.258133984375
vt 0.855363828125 0.945125859375
vt 0.846772421875 0.945125859375
vt 0.84375 0.9375
vt 0.850693671875 0.93751234375
vt 0.046875 0.10136203124999998
vt 0.056820234375 0.10252335937500001
vt 0.05620078125 0.109375
vt 0.047118203125 0.109375
vt 0.767652890625 0.15473749999999997
vt 0.765625 0.143530546875
vt 0.7734375 0.14413351562499999
vt 0.7734375 0.15625
vt 0.86137859375 0.765564765625
vt 0.85999484375 0.758735234375
vt 0.874206953125 0.7578125
vt 0.87633328125 0.765564765625
vt 0.0078125 0.103515625
vt 0.01601625 0.103515625
vt 0.01763375 0.11422312499999998
vt 0.008072890625 0.1171875
vt 0.779106171875 0.12447718750000003
vt 0.76690875 0.125
vt 0.766124296875 0.115234375
vt 0.780750703125 0.115234375
vt 0.714293515625 0.721100859375
vt 0.71173109375 0.7258197656250001
vt 0.6875 0.7258197656250001
vt 0.69212734375 0.71875
vt 0.515625 0.11328125
vt 0.515625 0.13885484375
vt 0.5078125 0.13679375000000005
vt 0.51148734375 0.11626257812499996
vt 0.548241953125 0.1171875
vt 0.548241953125 0.09751929687500005
vt 0.553165 0.09966164062500005
vt 0.5546875 0.11299015624999997
vt 0.806242890625 0.11599195312499999
vt 0.805639921875 0.107421875
vt 0.816846875 0.10944976562499997
vt 0.818359375 0.11599195312499999
vt 0.831185234375 0.2348121875
vt 0.839082890625 0.257719765625
vt 0.821073359375 0.265625
vt 0.821073359375 0.24005132812499996
vt 0.232421875 0.14107320312500005
vt 0.232421875 0.15509343750000004
vt 0.2109375 0.15214695312500004
vt 0.2122121875 0.140625
vt 0.845703125 0.87499015625
vt 0.83484375 0.8705878125
vt 0.829353125 0.85008234375
vt 0.83334921875 0.85216203125
vt 0.2890625 0.96736734375
vt 0.2890625 1
vt 0.28125 0.998720234375
vt 0.281263984375 0.968735625
vt 0.835778125 0.8828125
vt 0.83484359375 0.870587734375
vt 0.845703125 0.87499015625
vt 0.8427484375 0.8783789843750001
vt 0.88677125 0.9750404687500001
vt 0.88462828125 0.970703125
vt 0.904296875 0.970703125
vt 0.900099765625 0.9765625
vt 0.82630828125 0.44993046875
vt 0.845311328125 0.45939031249999995
vt 0.8532303125 0.46875
vt 0.8205978125 0.46875
vt 0.1874090625 0.15546976562500003
vt 0.18214375 0.15546976562500003
vt 0.181514921875 0.129357421875
vt 0.193359375 0.126953125
vt 0.7265625 0.78329140625
vt 0.7265875 0.7799742187500001
vt 0.73719140625 0.767578125
vt 0.73681171875 0.7792578125
vt 0.17051171875 0.45255007812500003
vt 0.171875 0.484375
vt 0.16480046875 0.484375
vt 0.164728125 0.45748195312499995
vt 0.908203125 0.6015625
vt 0.883582109375 0.6015625
vt 0.886426484375 0.599856015625
vt 0.908016015625 0.596911640625
vt 0.8828125 0.20248156250000005
vt 0.892578125 0.197265625
vt 0.892578125 0.20952523437500004
vt 0.8860159375 0.20563554687499996
vt 0.679890234375 0.5667362499999999
vt 0.695685703125 0.5626599999999999
vt 0.71484375 0.578125
vt 0.68314703125 0.578125
vt 0.734220703125 0.80437515625
vt 0.7265625 0.78329140625
vt 0.73684375 0.779245234375
vt 0.74174890625 0.77826296875
vt 0.7578125 0.934281328125
vt 0.75555046875 0.93670828125
vt 0.72724796875 0.93670828125
vt 0.733637734375 0.931640625
vt 0.40132046875 0.515625
vt 0.40625 0.536271953125
vt 0.39879578125 0.5453125
vt 0.39879578125 0.5193559375
vt 0.734375 0.6875
vt 0.75068828125 0.6875
vt 0.75322515625 0.6901458593750001
vt 0.743496953125 0.6953125
vt 0.6812290625 0.585499609375
vt 0.684943359375 0.578125
vt 0.6953125 0.580236953125
vt 0.694781171875 0.585499609375
vt 0.6904471875 0.595703125
vt 0.71875 0.595703125
vt 0.71013625 0.609375
vt 0.689278359375 0.6058784374999999
vt 0.17578125 0.152803359375
vt 0.16565609375 0.15592335937500001
vt 0.1640625 0.13162242187499995
vt 0.17578125 0.126953125
vt 0.4140625 0.2890625
vt 0.3984375 0.2890625
vt 0.3984375 0.1796875
vt 0.4140625 0.1796875
vt 0.453125 0.1796875
vt 0.453125 0.2890625
vt 0.4375 0.2890625
vt 0.4375 0.1796875
vt 0.1171875 0.1171875
vt 0.1328125 0.1171875
vt 0.1328125 0.1328125
vt 0.1171875 0.1328125
vt 0.8828125 0.8671875
vt 0.8828125 0.8828125
vt 0.8671875 0.8828125
vt 0.8671875 0.8671875
vt 0.46875 0.1796875
vt 0.46875 0.2890625
vt 0.453125 0.2890625
vt 0.453125 0.1796875
vt 0.484375 0.2890625
vt 0.46875 0.2890625
vt 0.46875 0.1796875
vt 0.484375 0.1796875
vt 0.7421875 0.15625
vt 0.7265625 0.15625
vt 0.7265625 0.140625
vt 0.7421875 0.140625
vt 0.859375 0.25
vt 0.859375 0.265625
vt 0.84375 0.265625
vt 0.84375 0.25
vt 0.84375 0.1484375
vt 0.859375 0.1484375
vt 0.859375 0.1640625
vt 0.84375 0.1640625
vt 0.015625 0.1328125
vt 0.015625 0.1484375
vt 0 0.1484375
vt 0 0.1328125
vt 0.8671875 0.8828125
vt 0.8671875 0.8984375
vt 0.8515625 0.8984375
vt 0.8515625 0.8828125
vt 0.8671875 0.8828125
vt 0.8515625 0.8828125
vt 0.8515625 0.8671875
vt 0.8671875 0.8671875
vt 0.15701625 0.4832225
vt 0.14967515625 0.4832225
vt 0.140625 0.306640625
vt 0.1528340625 0.307687421875
vt 0.115234375 0.232434140625
vt 0.115234375 0.41192726562500004
vt 0.107764453125 0.4140625
vt 0.1015625 0.23416390625000005
vt 0.016670390625 0.21875
vt 0.016670390625 0.2037346875
vt 0.02308890625 0.207297734375
vt 0.0234375 0.21719789062499995
vt 0.3828125 0.125
vt 0.3828125 0.111328125
vt 0.3984375 0.111328125
vt 0.3984375 0.125
vt 0.553213515625 0.453125
vt 0.730027109375 0.453125
vt 0.72680828125 0.46875
vt 0.547316640625 0.4685328125
vt 0.06451796875 0.41269781250000004
vt 0.0546875 0.4140625
vt 0.0546875 0.23839015625000004
vt 0.06919234375 0.23272078124999995
vt 0.65505453125 0.375
vt 0.653008984375 0.3828125
vt 0.640625 0.3828125
vt 0.642671328125 0.375
vt 0.8671875 0.10557351562499995
vt 0.875 0.10859648437500002
vt 0.875 0.1171875
vt 0.867199765625 0.11251734375
vt 0.5390625 0.8984375
vt 0.553755625 0.8984375
vt 0.550906953125 0.9047275
vt 0.541166953125 0.90625
vt 0.863547734375 0.78090140625
vt 0.85998578125 0.775390625
vt 0.875 0.775390625
vt 0.873447890625 0.78125
vt 0.875650234375 0.46154734374999995
vt 0.888021640625 0.46210632812499997
vt 0.883844765625 0.47619289062500003
vt 0.875650234375 0.4765625
vt 0.892395703125 0.37125726562500005
vt 0.8828125 0.373711796875
vt 0.8828125 0.361328125
vt 0.89254671875 0.36244671875
vt 0.780240859375 0.431640625
vt 0.776949140625 0.4375
vt 0.7578125 0.4375
vt 0.76110421875 0.431640625
vt 0.234375 0.23883132812499996
vt 0.234375 0.26306312499999995
vt 0.2289125 0.265625
vt 0.2265625 0.24345898437500002
vt 0.157582578125 0.109375
vt 0.15625 0.09887757812499998
vt 0.162109375 0.10190515624999996
vt 0.162109375 0.10922976562499997
vt 0.889578203125 0.433719296875
vt 0.8828125 0.436567421875
vt 0.8828125 0.421875
vt 0.891101640625 0.423979609375
vt 0.5443184375 0.884733984375
vt 0.5625 0.887330078125
vt 0.5625 0.8979119531249999
vt 0.5390625 0.8984375
vt 0.306640625 0.12364226562500003
vt 0.298424140625 0.12333781249999998
vt 0.296875 0.10426367187499996
vt 0.306640625 0.1015625
vt 0.296875 0.1484375
vt 0.28125 0.1484375
vt 0.28125 0.1328125
vt 0.296875 0.1328125
vt 0.328125 0.1328125
vt 0.328125 0.1484375
vt 0.3125 0.1484375
vt 0.3125 0.1328125
vt 0.8515625 0.421875
vt 0.8671875 0.421875
vt 0.8671875 0.4375
vt 0.8515625 0.4375
vt 0.8671875 0.1953125
vt 0.8671875 0.2109375
vt 0.8515625 0.2109375
vt 0.8515625 0.1953125
vt 0.8359375 0.1328125
vt 0.8359375 0.1484375
vt 0.8203125 0.1484375
vt 0.8203125 0.1328125
vt 0.8515625 0.1484375
vt 0.8359375 0.1484375
vt 0.8359375 0.1328125
vt 0.8515625 0.1328125
vt 0.38676484375 0.43689765625
vt 0.37985078125 0.43689765625
vt 0.375 0.265625
vt 0.3905953125 0.2660203125
vt 0.415421171875 0.29216757812500005
vt 0.4063734375 0.46875
vt 0.399031953125 0.46875
vt 0.399800546875 0.29231617187500003
vt 0.89282734375 0.78125
vt 0.89087109375 0.775390625
vt 0.89778515625 0.775390625
vt 0.90014453125 0.7806593749999999
vt 0.890625 0.8125
vt 0.890625 0.828125
vt 0.875 0.828125
vt 0.875 0.8125
vt 0.647526640625 0.673789765625
vt 0.818735703125 0.68051921875
vt 0.817414921875 0.6875
vt 0.640625 0.6875
vt 0.498046875 0.334587109375
vt 0.4911896875 0.335861171875
vt 0.484375 0.16507539062499998
vt 0.498046875 0.158203125
vt 0.898655 0.142578125
vt 0.897004765625 0.1484375
vt 0.8828125 0.1484375
vt 0.8844628125 0.142578125
vt 0.3515625 0.423070234375
vt 0.3515625 0.43545367187499995
vt 0.34375 0.4375
vt 0.34375 0.42511679687500004
vt 0.17162578125 0.10277187499999996
vt 0.17358203125 0.109375
vt 0.16666796875 0.109375
vt 0.16430859375 0.10334218750000002
vt 0.22916796875 0.103515625
vt 0.23608203125 0.103515625
vt 0.23412578125 0.109375
vt 0.22680859375 0.10878437500000004
vt 0.6484375 0.859375
vt 0.66263 0.859375
vt 0.66120046875 0.8668567968750001
vt 0.6488353125 0.8671875
vt 0.13915796875 0.13787835937500004
vt 0.1328125 0.13919179687500005
vt 0.1328125 0.125
vt 0.139433125 0.12551359375000004
vt 0.873709921875 0.455078125
vt 0.870699296875 0.4609375
vt 0.8515625 0.4609375
vt 0.854573125 0.455078125
vt 0.888671875 0.938509296875
vt 0.888671875 0.95764609375
vt 0.8828125 0.9609375
vt 0.8828125 0.941801015625
vt 0.89818828125 0.805896875
vt 0.90014453125 0.8125
vt 0.89323046875 0.8125
vt 0.89087109375 0.8064671875
vt 0.89778515625 0.826915625
vt 0.89087109375 0.826915625
vt 0.89282734375 0.8203125
vt 0.90014453125 0.8208828125000001
vt 0.87681140625 0.455078125
vt 0.895947578125 0.455078125
vt 0.894136171875 0.4609375
vt 0.875 0.4609375
vt 0.623046875 0.11484031250000004
vt 0.6171875 0.11637062499999995
vt 0.6171875 0.09723421875000005
vt 0.623046875 0.095703125
vt 0.852816953125 0.6567025
vt 0.853515625 0.663742109375
vt 0.83604625 0.663742109375
vt 0.837855234375 0.65625
vt 0.357421875 0.09504007812500004
vt 0.357421875 0.11417687499999996
vt 0.3515625 0.1171875
vt 0.3515625 0.09805070312499997
vt 0.88775765625 0.11605328125000003
vt 0.87591421875 0.1171875
vt 0.87591421875 0.11011359374999996
vt 0.887691328125 0.11049750000000003
vt 0.841010390625 0.96875
vt 0.841796875 0.976522890625
vt 0.829793984375 0.975698046875
vt 0.829793984375 0.96900140625
vt 0.380776171875 0.14564796874999997
vt 0.39823390625 0.14501929687500004
vt 0.394306171875 0.15625
vt 0.37520359375 0.15625
vt 0.255859375 0.12459859375000004
vt 0.243378046875 0.12459859375000004
vt 0.2450384375 0.10966734374999998
vt 0.255575390625 0.10546875
vt 0.5703125 0.922469609375
vt 0.5703125 0.9295440625
vt 0.546875 0.926850234375
vt 0.5500646875 0.921875
vt 0.865234375 0.972858203125
vt 0.843718203125 0.9912440625
vt 0.840421875 0.99086953125
vt 0.861323359375 0.973400390625
vt 0.091303359375 0.10364179687499997
vt 0.082216328125 0.109375
vt 0.078125 0.103515625
vt 0.08932375 0.103515625
vt 0.89778515625 0.80347734375
vt 0.89087109375 0.80347734375
vt 0.89282734375 0.796875
vt 0.90014453125 0.79744453125
vt 0.48830859375 0.15051828125
vt 0.5121515625 0.14555218749999999
vt 0.51314859375 0.15625
vt 0.48489828125 0.15625
vt 0.840421875 0.99086953125
vt 0.8365734375 0.9800203125
vt 0.85658828125 0.97265625
vt 0.86163046875 0.97314375
vt 0.873046875 0.505859375
vt 0.858794296875 0.515625
vt 0.84443 0.505682734375
vt 0.85238203125 0.505859375
vt 0.869140625 0.571580859375
vt 0.84541453125 0.577075390625
vt 0.831233359375 0.578125
vt 0.856322265625 0.5659503906250001
vt 0.84541453125 0.577075390625
vt 0.82948484375 0.570716796875
vt 0.84541453125 0.577075390625
vt 0.833645 0.577946484375
vt 0.875235859375 0.28100781249999995
vt 0.875235859375 0.2714584375
vt 0.886482890625 0.267578125
vt 0.881688671875 0.2808225
vt 0.375873828125 0.921795390625
vt 0.390625 0.9296875
vt 0.390625 0.9296875
vt 0.3671875 0.9296875
vt 0.419921875 0.92825796875
vt 0.4084103125 0.92825796875
vt 0.408161171875 0.9069328125
vt 0.41030625 0.90234375
vt 0.8671875 0.1484375
vt 0.8515625 0.1484375
vt 0.8515625 0.1328125
vt 0.8671875 0.1328125
vt 0.0859375 0.125
vt 0.0859375 0.140625
vt 0.0703125 0.140625
vt 0.0703125 0.125
vt 0.0859375 0.125
vt 0.1015625 0.125
vt 0.1015625 0.140625
vt 0.0859375 0.140625
vt 0.1171875 0.125
vt 0.1171875 0.140625
vt 0.1015625 0.140625
vt 0.1015625 0.125
vt 0.875 0.8125
vt 0.875 0.828125
vt 0.859375 0.828125
vt 0.859375 0.8125
vt 0.875 0.8125
vt 0.859375 0.8125
vt 0.859375 0.796875
vt 0.875 0.796875
vt 0.1256859375 0.484375
vt 0.1178734375 0.484375
vt 0.1204078125 0.31640625
vt 0.1360328125 0.31640625
vt 0.359375 0.265625
vt 0.359375 0.43730429687500005
vt 0.352432421875 0.4375
vt 0.34375 0.265625
vt 0.89081265625 0.91240453125
vt 0.89081265625 0.904128828125
vt 0.89824984375 0.906521328125
vt 0.897525078125 0.9140625
vt 0.890625 0.796875
vt 0.890625 0.8125
vt 0.875 0.8125
vt 0.875 0.796875
vt 0.66205765625 0.658203125
vt 0.83038765625 0.658203125
vt 0.827421328125 0.6658978906249999
vt 0.65625 0.671875
vt 0.513671875 0.331883359375
vt 0.50697125 0.33501640624999995
vt 0.5 0.16653210937499996
vt 0.513671875 0.16015625
vt 0.892578125 0.154296875
vt 0.892578125 0.16211054687500004
vt 0.875 0.16211054687500004
vt 0.876808125 0.15456437499999998
vt 0.865234375 0.10134554687499997
vt 0.865234375 0.11553757812499998
vt 0.859375 0.1171875
vt 0.859375 0.10299546874999999
vt 0.397343203125 0.12864367187500003
vt 0.3984375 0.140625
vt 0.390649296875 0.14001265625000003
vt 0.390649296875 0.12879382812499995
vt 0.102183671875 0.1015625
vt 0.10457625 0.10899960937499997
vt 0.09630046875 0.10899960937499997
vt 0.0946425 0.10228718749999999
vt 0.479498515625 0.115234375
vt 0.496967734375 0.115234375
vt 0.490506640625 0.125
vt 0.4765625 0.12253156249999997
vt 0.886798125 0.5764302343750001
vt 0.87544828125 0.5764302343750001
vt 0.88266625 0.5625
vt 0.89017671875 0.562680859375
vt 0.3984375 0.4375
vt 0.390625 0.4375
vt 0.390625 0.15625
vt 0.3984375 0.15625
vt 0.2975609375 0.70668984375
vt 0.2975609375 0.83168984375
vt 0.2819359375 0.83168984375
vt 0.2819359375 0.70668984375
vt 0.2975609375 0.83168984375
vt 0.3000953125 1
vt 0.2922828125 1
vt 0.2819359375 0.83168984375
vt 0.845523125 0.8828125
vt 0.8467978125 0.8907296875
vt 0.784657890625 0.8984375
vt 0.7821084375 0.8828125
vt 0.3359375 0.4453125
vt 0.3359375 0.7265625
vt 0.2734375 0.5703125
vt 0.2734375 0.4453125
vt 0.3984375 0.84375
vt 0.3359375 1
vt 0.3359375 0.71875
vt 0.3984375 0.71875
vt 0.3359375 0.796875
vt 0.328125 0.796875
vt 0.328125 0.7265625
vt 0.3359375 0.7265625
vt 0.0703125 0.15625
vt 0.0703125 0.2265625
vt 0.0546875 0.2265625
vt 0.0546875 0.15625
vt 0.1171875 0.20057562500000004
vt 0.1248953125 0.13843562499999995
vt 0.1328125 0.139710390625
vt 0.1328125 0.203125
vt 0.853335625 0.375
vt 0.8546103125 0.38291718750000003
vt 0.792470390625 0.390625
vt 0.7899209375 0.375
vt 0.4296875 0.9296875
vt 0.4296875 1
vt 0.3671875 1
vt 0.3671875 0.9296875
vt 0.234375 0.515625
vt 0.171875 0.515625
vt 0.171875 0.4453125
vt 0.234375 0.4453125
vt 0.88654515625 0.1640625
vt 0.88614953125 0.171875
vt 0.83611109375 0.171875
vt 0.83650671875 0.1640625
vt 0.3203125 0.6875
vt 0.3203125 0.71875
vt 0.3125 0.71875
vt 0.3125 0.6875
vt 0.2734375 0.46875
vt 0.2734375 0.59375
vt 0.265625 0.59375
vt 0.265625 0.46875
vt 0.8828125 0.318940625
vt 0.8828125 0.326753125
vt 0.796875 0.32421875
vt 0.796875 0.31640625
vt 0.625065625 0.968646875
vt 0.6640625 1
vt 0.5390625 1
vt 0.5390625 0.9688515625
vt 0.6640625 0.92002421875
vt 0.5390625 0.92002421875
vt 0.578059375 0.888671875
vt 0.6640625 0.8888765625
vt 0.265625 0.11328125
vt 0.265625 0.16331968750000003
vt 0.2578125 0.16371539062499996
vt 0.2578125 0.11367695312500004
vt 0.375 0.671875
vt 0.3671875 0.671875
vt 0.3671875 0.640625
vt 0.375 0.640625
vt 0.421875 0.46875
vt 0.4140625 0.46875
vt 0.4140625 0.34375
vt 0.421875 0.34375
vt 0.140625 0.39671531250000003
vt 0.140625 0.482754921875
vt 0.1328125 0.48252484375000004
vt 0.1328125 0.396484375
vt 0.6640625 0.9609375
vt 0.5390625 0.9609375
vt 0.578059375 0.929584375
vt 0.6640625 0.9297890625
vt 0.625065234375 0.849609375
vt 0.664062109375 0.88096171875
vt 0.539062890625 0.88096171875
vt 0.539062890625 0.8498140625
vt 0.265625 0.1640625
vt 0.265625 0.234375
vt 0.2578125 0.234375
vt 0.2578125 0.1640625
vt 0.046875 0.203125
vt 0.03125 0.203125
vt 0.03125 0.1328125
vt 0.046875 0.1328125
vt 0.799007734375 0.625
vt 0.797733046875 0.6172921874999999
vt 0.859873828125 0.6095843750000001
vt 0.862423203125 0.625
vt 0.6248953125 0.13926812499999996
vt 0.6171875 0.20140882812500005
vt 0.6094796875 0.200134140625
vt 0.6094796875 0.13671875
vt 0.1171875 0.484375
vt 0.0546875 0.484375
vt 0.0546875 0.4140625
vt 0.1171875 0.4140625
vt 0.546875 0.4140625
vt 0.546875 0.484375
vt 0.484375 0.484375
vt 0.484375 0.4140625
vt 0.5390625 0.0546875
vt 0.5390625 0.3359375
vt 0.53125 0.3359375
vt 0.53125 0.0546875
vt 0.0188453125 0.34731484375
vt 0.0032203125 0.34731484375
vt 0.0032203125 0.22231484375
vt 0.0188453125 0.22231484375
vt 0.0084984375 0.515625
vt 0.0006859375 0.515625
vt 0.0032203125 0.34731484375
vt 0.0188453125 0.34731484375
vt 0.6405203125 0.13926812499999996
vt 0.6328125 0.20140882812500005
vt 0.6251046875 0.200134140625
vt 0.6251046875 0.13671875
vt 0.3984375 0.5625
vt 0.3359375 0.71875
vt 0.3359375 0.4375
vt 0.3984375 0.4375
vt 0.4609375 0.71875
vt 0.4609375 1
vt 0.3984375 0.84375
vt 0.3984375 0.71875
vt 0.2265625 0.125
vt 0.2265625 0.140625
vt 0.2109375 0.140625
vt 0.2109375 0.125
vt 0.3125 0.140625
vt 0.296875 0.140625
vt 0.296875 0.125
vt 0.3125 0.125
vt 0.328125 0.140625
vt 0.328125 0.125
vt 0.34375 0.125
vt 0.34375 0.140625
vt 0.359375 0.140625
vt 0.34375 0.140625
vt 0.34375 0.125
vt 0.359375 0.125
vt 0.375 0.140625
vt 0.359375 0.140625
vt 0.359375 0.125
vt 0.375 0.125
vt 0.390625 0.125
vt 0.390625 0.140625
vt 0.375 0.140625
vt 0.375 0.125
vt 0.4765625 0.125
vt 0.4765625 0.140625
vt 0.4609375 0.140625
vt 0.4609375 0.125
vt 0.4921875 0.140625
vt 0.4765625 0.140625
vt 0.4765625 0.125
vt 0.4921875 0.125
vt 0.4921875 0.140625
vt 0.4921875 0.125
vt 0.5078125 0.125
vt 0.5078125 0.140625
vt 0.875 0.4765625
vt 0.859375 0.4765625
vt 0.859375 0.4609375
vt 0.875 0.4609375
vt 0.578125 0.140625
vt 0.5625 0.140625
vt 0.5625 0.125
vt 0.578125 0.125
vt 0.59375 0.125
vt 0.59375 0.140625
vt 0.578125 0.140625
vt 0.578125 0.125
vt 0.875 0.3984375
vt 0.875 0.4140625
vt 0.859375 0.4140625
vt 0.859375 0.3984375
vt 0.609375 0.140625
vt 0.59375 0.140625
vt 0.59375 0.125
vt 0.609375 0.125
vt 0.859375 0.390625
vt 0.859375 0.375
vt 0.875 0.375
vt 0.875 0.390625
vt 0.65625 0.140625
vt 0.640625 0.140625
vt 0.640625 0.125
vt 0.65625 0.125
vt 0.875 0.359375
vt 0.859375 0.359375
vt 0.859375 0.34375
vt 0.875 0.34375
vt 0.875 0.328125
vt 0.875 0.34375
vt 0.859375 0.34375
vt 0.859375 0.328125
vt 0.6796875 0.125
vt 0.6796875 0.140625
vt 0.6640625 0.140625
vt 0.6640625 0.125
vt 0.6953125 0.140625
vt 0.6796875 0.140625
vt 0.6796875 0.125
vt 0.6953125 0.125
vt 0.859375 0.3125
vt 0.859375 0.296875
vt 0.875 0.296875
vt 0.875 0.3125
vt 0.7109375 0.140625
vt 0.6953125 0.140625
vt 0.6953125 0.125
vt 0.7109375 0.125
vt 0.7265625 0.140625
vt 0.7109375 0.140625
vt 0.7109375 0.125
vt 0.7265625 0.125
vt 0.7421875 0.125
vt 0.7421875 0.140625
vt 0.7265625 0.140625
vt 0.7265625 0.125
vt 0.875 0.25
vt 0.875 0.265625
vt 0.859375 0.265625
vt 0.859375 0.25
vt 0.7578125 0.140625
vt 0.7421875 0.140625
vt 0.7421875 0.125
vt 0.7578125 0.125
vt 0.765625 0.140625
vt 0.765625 0.125
vt 0.78125 0.125
vt 0.78125 0.140625
vt 0.796875 0.140625
vt 0.78125 0.140625
vt 0.78125 0.125
vt 0.796875 0.125
vt 0.875 0.1640625
vt 0.859375 0.1640625
vt 0.859375 0.1484375
vt 0.875 0.1484375
vt 0.015625 0.1171875
vt 0.015625 0.1328125
vt 0 0.1328125
vt 0 0.1171875
vt 0.453125 0.46875
vt 0.4375 0.46875
vt 0.4375 0.2890625
vt 0.453125 0.2890625
vt 0.46875 0.2890625
vt 0.46875 0.46875
vt 0.453125 0.46875
vt 0.453125 0.2890625
vt 0.8671875 0.984375
vt 0.8828125 0.984375
vt 0.8828125 1
vt 0.8671875 1
vt 0.171875 0.265625
vt 0.171875 0.4453125
vt 0.15625 0.4453125
vt 0.15625 0.265625
vt 0.1875 0.4453125
vt 0.171875 0.4453125
vt 0.171875 0.265625
vt 0.1875 0.265625
vt 0.03125 0.1171875
vt 0.03125 0.1328125
vt 0.015625 0.1328125
vt 0.015625 0.1171875
vt 0.7421875 0.265625
vt 0.7265625 0.265625
vt 0.7265625 0.15625
vt 0.7421875 0.15625
vt 0.7578125 0.6953125
vt 0.7578125 0.8046875
vt 0.7421875 0.8046875
vt 0.7421875 0.6953125
vt 0.5390625 0.1171875
vt 0.5546875 0.1171875
vt 0.5546875 0.1328125
vt 0.5390625 0.1328125
vt 0.8828125 0.421875
vt 0.8828125 0.4375
vt 0.8671875 0.4375
vt 0.8671875 0.421875
vt 0.296875 0.2578125
vt 0.28125 0.2578125
vt 0.28125 0.1484375
vt 0.296875 0.1484375
vt 0.328125 0.1484375
vt 0.328125 0.2578125
vt 0.3125 0.2578125
vt 0.3125 0.1484375
vt 0.5859375 0.3359375
vt 0.5703125 0.3359375
vt 0.5703125 0.2265625
vt 0.5859375 0.2265625
vt 0.6015625 0.2265625
vt 0.6015625 0.3359375
vt 0.5859375 0.3359375
vt 0.5859375 0.2265625
vt 0.8671875 0.96875
vt 0.8828125 0.96875
vt 0.8828125 0.984375
vt 0.8671875 0.984375
vt 0.046875 0.1171875
vt 0.046875 0.1328125
vt 0.03125 0.1328125
vt 0.03125 0.1171875
vt 0.6171875 0.2265625
vt 0.6171875 0.3359375
vt 0.6015625 0.3359375
vt 0.6015625 0.2265625
vt 0.6796875 0.375
vt 0.6640625 0.375
vt 0.6640625 0.265625
vt 0.6796875 0.265625
vt 0.6953125 0.375
vt 0.6796875 0.375
vt 0.6796875 0.265625
vt 0.6953125 0.265625
vt 0.1328125 0.203125
vt 0.1328125 0.3125
vt 0.1171875 0.3125
vt 0.1171875 0.203125
vt 0.8671875 0.9453125
vt 0.8828125 0.9453125
vt 0.8828125 0.9609375
vt 0.8671875 0.9609375
vt 0.8828125 0.8828125
vt 0.8828125 0.8984375
vt 0.8671875 0.8984375
vt 0.8671875 0.8828125
vt 0.1484375 0.1953125
vt 0.1484375 0.3046875
vt 0.1328125 0.3046875
vt 0.1328125 0.1953125
vt 0.7109375 0.375
vt 0.6953125 0.375
vt 0.6953125 0.265625
vt 0.7109375 0.265625
vt 0.34366921875 0.24648890624999997
vt 0.32820578125 0.24872984374999996
vt 0.32820578125 0.17755421875
vt 0.338604296875 0.17578125
vt 0.759987890625 0.28125
vt 0.831377265625 0.28125
vt 0.828680390625 0.296875
vt 0.758466484375 0.290067109375
vt 0.609375 0.1171875
vt 0.625 0.1171875
vt 0.625 0.1328125
vt 0.609375 0.1328125
vt 0.02560953125 0.107421875
vt 0.037031796875 0.107421875
vt 0.031037265625 0.1171875
vt 0.023515078125 0.11257664062499995
vt 0.237959375 0.16241328124999999
vt 0.2421875 0.23346250000000002
vt 0.2265625 0.23346250000000002
vt 0.22743828125 0.162109375
vt 0.83702203125 0.89843765625
vt 0.83695546875 0.9140625
vt 0.76649359375 0.905144921875
vt 0.76649359375 0.90037921875
vt 0.781234140625 0.374006015625
vt 0.765640859375 0.375
vt 0.765640859375 0.30444382812500004
vt 0.780528984375 0.30374687499999997
vt 0.76022109375 0.6875
vt 0.8313959375 0.6875
vt 0.828979765625 0.703125
vt 0.7584478125 0.69892625
vt 0.625 0.1171875
vt 0.640625 0.1171875
vt 0.640625 0.1328125
vt 0.625 0.1328125
vt 0.86130671875 0.853515625
vt 0.870326015625 0.866275234375
vt 0.848953203125 0.866275234375
vt 0.844517734375 0.8557490624999999
vt 0.7278425 0.822265625
vt 0.7982403125 0.82698921875
vt 0.79802796875 0.8426128125
vt 0.7271503125 0.8426128125
vt 0.555651953125 0.25
vt 0.540026953125 0.25
vt 0.540958984375 0.17958671874999999
vt 0.557629296875 0.1794265625
vt 0.0859375 0.2265625
vt 0.0703125 0.2265625
vt 0.0703125 0.15625
vt 0.0859375 0.15625
vt 0.766828359375 0.9140625
vt 0.83738453125 0.9140625
vt 0.836687265625 0.9296875
vt 0.76613109375 0.9296875
vt 0.8671875 0.359375
vt 0.8828125 0.359375
vt 0.8828125 0.375
vt 0.8671875 0.375
vt 0.587890625 0.10861718750000005
vt 0.587890625 0.12424218750000005
vt 0.578125 0.12109375
vt 0.578125 0.10546875
vt 0.1015625 0.15625
vt 0.1015625 0.2265625
vt 0.0859375 0.2265625
vt 0.09087890625 0.15625
vt 0.1171875 0.2265625
vt 0.1015625 0.2265625
vt 0.1015625 0.15625
vt 0.11224609375 0.15625
vt 0.578125 0.2265625
vt 0.5625 0.2265625
vt 0.5625 0.15625
vt 0.578125 0.15625
vt 0.59375 0.15625
vt 0.59375 0.2265625
vt 0.578125 0.2265625
vt 0.578125 0.15625
vt 0.8671875 0.1953125
vt 0.8828125 0.1953125
vt 0.8828125 0.2109375
vt 0.8671875 0.2109375
vt 0.8359375 0.1171875
vt 0.8359375 0.1328125
vt 0.8203125 0.1328125
vt 0.8203125 0.1171875
vt 0.609375 0.2265625
vt 0.59375 0.2265625
vt 0.59375 0.15625
vt 0.609375 0.15625
vt 0.7890625 0.2109375
vt 0.7890625 0.28125
vt 0.7734375 0.28125
vt 0.7734375 0.2109375
vt 0.760220546875 0.703125
vt 0.831396171875 0.703125
vt 0.829155234375 0.71875
vt 0.758447578125 0.7136850781249999
vt 0.773320234375 0.27724515625
vt 0.757929765625 0.27994203124999995
vt 0.757929765625 0.20855265624999997
vt 0.76651234375 0.20703125
vt 0.8359375 0.1328125
vt 0.8359375 0.1171875
vt 0.8515625 0.1171875
vt 0.8515625 0.1328125
vt 0.89214578125 0.3219753125
vt 0.88324484375 0.32796984375000005
vt 0.88324484375 0.316547578125
vt 0.887535 0.314453125
vt 0.829619609375 0.7257941406249999
vt 0.829168515625 0.7414126562500001
vt 0.758271015625 0.73513484375
vt 0.758271015625 0.724609375
vt 0.2882578125 0.63262578125
vt 0.296875 0.703125
vt 0.28125 0.703125
vt 0.2834921875 0.63260546875
vt 0.766828203125 0.5
vt 0.837384375 0.5
vt 0.836390390625 0.515625
vt 0.76613125 0.51491984375
vt 0.374906015625 0.24758382812500002
vt 0.359468984375 0.25
vt 0.359468984375 0.17882507812500004
vt 0.370707265625 0.17705187499999997
vt 0.8515625 0.1328125
vt 0.8515625 0.1171875
vt 0.8671875 0.1171875
vt 0.8671875 0.1328125
vt 0.162109375 0.13334171875
vt 0.162109375 0.15471453125
vt 0.1484375 0.14569523437499998
vt 0.1506709375 0.12890625
vt 0.790577890625 0.60044828125
vt 0.789743828125 0.616051015625
vt 0.719187734375 0.616051015625
vt 0.719859296875 0.595703125
vt 0.751113515625 0.865234375
vt 0.821532890625 0.865234375
vt 0.82132609375 0.881769375
vt 0.750732734375 0.8828125
vt 0.015625 0.1484375
vt 0.015625 0.21875
vt 0 0.21875
vt 0 0.1484375
vt 0.2578125 0.232665625
vt 0.2421875 0.23336281250000002
vt 0.2421875 0.16280664062500005
vt 0.2578125 0.162109375
vt 0.8671875 0.1484375
vt 0.8671875 0.1328125
vt 0.8828125 0.1328125
vt 0.8828125 0.1484375
vt 0.603515625 0.12109375
vt 0.59375 0.12424218750000005
vt 0.59375 0.10861718750000005
vt 0.603515625 0.10546875
vt 0.796875 0.375
vt 0.78125 0.375
vt 0.78125 0.3046875
vt 0.79193359375 0.3046875
vt 0.8046875 0.2109375
vt 0.8046875 0.28125
vt 0.7890625 0.28125
vt 0.79400390625 0.2109375
vt 0.7578125 0.140625
vt 0.7578125 0.2109375
vt 0.7421875 0.2109375
vt 0.7421875 0.140625
vt 0.7890625 0.2109375
vt 0.7734375 0.2109375
vt 0.7734375 0.140625
vt 0.7890625 0.140625
vt 0.8671875 0.1328125
vt 0.8671875 0.1171875
vt 0.8828125 0.1171875
vt 0.8828125 0.1328125
vt 0.0625 0.125
vt 0.046875 0.125
vt 0.046875 0.109375
vt 0.0625 0.109375
vt 0.8046875 0.140625
vt 0.8046875 0.2109375
vt 0.7890625 0.2109375
vt 0.7890625 0.140625
vt 0.03125 0.203125
vt 0.015625 0.203125
vt 0.015625 0.1328125
vt 0.03125 0.1328125
vt 0.203125 0.265625
vt 0.203125 0.4453125
vt 0.1875 0.4453125
vt 0.1875 0.265625
vt 0.21875 0.4453125
vt 0.203125 0.4453125
vt 0.203125 0.265625
vt 0.21875 0.265625
vt 0.0625 0.125
vt 0.0625 0.109375
vt 0.078125 0.109375
vt 0.078125 0.125
vt 0.234375 0.4453125
vt 0.21875 0.4453125
vt 0.21875 0.265625
vt 0.234375 0.265625
vt 0.28125 0.265625
vt 0.28125 0.4453125
vt 0.265625 0.4453125
vt 0.265625 0.265625
vt 0.890625 0.9296875
vt 0.875 0.9296875
vt 0.875 0.9140625
vt 0.890625 0.9140625
vt 0.7265625 0.265625
vt 0.7265625 0.375
vt 0.7109375 0.375
vt 0.7109375 0.265625
vt 0.4296875 0.28125
vt 0.4140625 0.28125
vt 0.4140625 0.171875
vt 0.4296875 0.171875
vt 0.8671875 0.796875
vt 0.8671875 0.78125
vt 0.8828125 0.78125
vt 0.8828125 0.796875
vt 0.28125 0.1328125
vt 0.265625 0.1328125
vt 0.265625 0.1171875
vt 0.28125 0.1171875
vt 0.7421875 0.375
vt 0.7265625 0.375
vt 0.7265625 0.265625
vt 0.7421875 0.265625
vt 0.1640625 0.15625
vt 0.1640625 0.265625
vt 0.1484375 0.265625
vt 0.1484375 0.15625
vt 0.1796875 0.15625
vt 0.1796875 0.265625
vt 0.1640625 0.265625
vt 0.1640625 0.15625
vt 0.1953125 0.265625
vt 0.1796875 0.265625
vt 0.1796875 0.15625
vt 0.1953125 0.15625
vt 0.28125 0.1328125
vt 0.28125 0.1171875
vt 0.296875 0.1171875
vt 0.296875 0.1328125
vt 0.328125 0.1328125
vt 0.3125 0.1328125
vt 0.3125 0.1171875
vt 0.328125 0.1171875
vt 0.2109375 0.265625
vt 0.1953125 0.265625
vt 0.1953125 0.15625
vt 0.2109375 0.15625
vt 0.2265625 0.15625
vt 0.2265625 0.265625
vt 0.2109375 0.265625
vt 0.2109375 0.15625
vt 0.28125 0.15625
vt 0.28125 0.265625
vt 0.265625 0.265625
vt 0.265625 0.15625
vt 0.3125 0.265625
vt 0.296875 0.265625
vt 0.296875 0.15625
vt 0.3125 0.15625
vt 0.8671875 0.625
vt 0.8671875 0.609375
vt 0.8828125 0.609375
vt 0.8828125 0.625
vt 0.8828125 0.609375
vt 0.8671875 0.609375
vt 0.8671875 0.59375
vt 0.8828125 0.59375
vt 0.359375 0.265625
vt 0.34375 0.265625
vt 0.34375 0.15625
vt 0.359375 0.15625
vt 0.390625 0.15625
vt 0.390625 0.265625
vt 0.375 0.265625
vt 0.375 0.15625
vt 0.6796875 0.15625
vt 0.6796875 0.265625
vt 0.6640625 0.265625
vt 0.6640625 0.15625
vt 0.6953125 0.265625
vt 0.6796875 0.265625
vt 0.6796875 0.15625
vt 0.6953125 0.15625
vt 0.4296875 0.1328125
vt 0.4296875 0.1171875
vt 0.4453125 0.1171875
vt 0.4453125 0.1328125
vt 0.4609375 0.1328125
vt 0.4453125 0.1328125
vt 0.4453125 0.1171875
vt 0.4609375 0.1171875
vt 0.7109375 0.265625
vt 0.6953125 0.265625
vt 0.6953125 0.15625
vt 0.7109375 0.15625
vt 0.7265625 0.15625
vt 0.7265625 0.265625
vt 0.7109375 0.265625
vt 0.7109375 0.15625
vt 0.125 1
vt 0 1
vt 0 0.9375
vt 0.125 0.9375
vt 0.125 0.9375
vt 0.125 1
vt 0 1
vt 0 0.9375
vt 0 0.875
vt 0.125 0.875
vt 0.125 1
vt 0 1
vt 0.125 0.875
vt 0.125 1
vt 0 1
vt 0 0.875
vt 0.125 0.9375
vt 0.125 1
vt 0 1
vt 0 0.9375
vt 0.125 1
vt 0 1
vt 0 0.9375
vt 0.125 0.9375
vt 0.78125 0.8984375
vt 0.703125 0.8984375
vt 0.6953125 0.8828125
vt 0.78125 0.8828125
vt 0.8203125 0.45514140625
vt 0.8125 0.468746875
vt 0.734375 0.468746875
vt 0.734375 0.453125
vt 0.015625 0.40625
vt 0.0234375 0.40625
vt 0.0234375 0.484375
vt 0.015625 0.484375
vt 0.8046875 0.390625
vt 0.890625 0.390625
vt 0.890625 0.3984375
vt 0.8046875 0.39817109375000004
vt 0.0078125 0.09971874999999997
vt 0.0078125 0.1171875
vt 0 0.1171875
vt 0.00026640625 0.10152656250000003
vt 0.3515625 1
vt 0.34375 1
vt 0.34375 0.984375
vt 0.3515625 0.984375
vt 0.859375 0.359375
vt 0.8046875 0.359375
vt 0.796875 0.34375
vt 0.859375 0.34375
vt 0.860353515625 0.35951718749999995
vt 0.852542578125 0.37421875000000004
vt 0.797849609375 0.375
vt 0.797849609375 0.35937578125
vt 0.890625 0.72730078125
vt 0.890625 0.734375
vt 0.8359375 0.734375
vt 0.8359375 0.72661015625
vt 0.4609375 0.7421875
vt 0.5234375 0.7421875
vt 0.5234375 0.74926328125
vt 0.4609375 0.75
vt 0.5078125 0.10753054687499997
vt 0.5078125 0.125
vt 0.5000209375 0.12430078124999999
vt 0.5 0.107658671875
vt 0.3515625 0.71875
vt 0.34375 0.71875
vt 0.34375 0.703125
vt 0.3515625 0.703125
vt 0.7143328125 0.95910859375
vt 0.6953125 0.94347578125
vt 0.70266875 0.93564453125
vt 0.71044453125 0.9512875
vt 0.80624515625 0.12405148437500002
vt 0.81640625 0.11992648437499998
vt 0.81640625 0.1875
vt 0.8046875 0.18586054687499998
vt 0.735394296875 0.5770069531249999
vt 0.7386315625 0.57628515625
vt 0.720781015625 0.593242265625
vt 0.671875 0.5919764062499999
vt 0.643111640625 0.9296875
vt 0.625642578125 0.92954140625
vt 0.625829921875 0.921875
vt 0.653654296875 0.921875
vt 0.731376875 0.568359375
vt 0.7386315625 0.57628515625
vt 0.7353940625 0.57700703125
vt 0.72914484375 0.5695812499999999
vt 0.765686484375 0.951132734375
vt 0.7143328125 0.95910859375
vt 0.710444453125 0.951287421875
vt 0.7656428125 0.935546875
vt 0.796875 0.625
vt 0.74609375 0.625
vt 0.7421875 0.6171875
vt 0.796875 0.6171875
vt 0.421934296875 0.117056328125
vt 0.4296875 0.12108226562500002
vt 0.4296875 0.171875
vt 0.421875 0.17175484375000005
vt 0.88671875 0.18042578124999997
vt 0.88671875 0.1875
vt 0.8359375 0.1875
vt 0.8359375 0.17973515625000003
vt 0.890625 0.72651484375
vt 0.8359375 0.72651484375
vt 0.8359375 0.71943984375
vt 0.890625 0.71875
vt 0.8984375 0.8584528124999999
vt 0.8984375 0.8671875
vt 0.890625 0.86648828125
vt 0.890625 0.857753515625
vt 0.2890625 0.9609375
vt 0.28125 0.9609375
vt 0.28125 0.953125
vt 0.2890625 0.953125
vt 0.88671875 0.703125
vt 0.83975859375 0.703125
vt 0.8359375 0.69503125
vt 0.88671875 0.69558359375
vt 0.887725390625 0.6484375
vt 0.885979765625 0.65331875
vt 0.837227109375 0.65625
vt 0.836883984375 0.6484375
vt 0.892575 0.93038484375
vt 0.8906271875 0.93552453125
vt 0.843753125 0.9375
vt 0.843753125 0.92978140625
vt 0.8359375 0.4453125
vt 0.88671875 0.4453125
vt 0.88671875 0.45279765625
vt 0.8359375 0.453125
vt 0.263671875 0.10042445312500003
vt 0.263671875 0.109375
vt 0.2584884375 0.10894859374999999
vt 0.2578125 0.10386343750000004
vt 0.3125 0.71875
vt 0.3046875 0.71875
vt 0.3046875 0.7109375
vt 0.3125 0.7109375
vt 0.84375 0.9453125
vt 0.78125 0.9453125
vt 0.7734375 0.9296875
vt 0.84375 0.9296875
vt 0.844728515625 0.9454546875000001
vt 0.836916796875 0.96015625
vt 0.774412109375 0.9609375
vt 0.774412109375 0.94531328125
vt 0.7421875 0.74292578125
vt 0.7421875 0.75
vt 0.6796875 0.75
vt 0.6796875 0.74223515625
vt 0.8203125 0.4375
vt 0.890625 0.4375
vt 0.890625 0.4445765625
vt 0.8203125 0.4453125
vt 0.6484375 0.18565554687499997
vt 0.6484375 0.203125
vt 0.640646640625 0.20242609374999998
vt 0.640625 0.185783984375
vt 0.2890625 0.625
vt 0.28125 0.625
vt 0.28125 0.609375
vt 0.2890625 0.609375
vt 0.8359375 0.7890625
vt 0.765625 0.7890625
vt 0.7578125 0.7734375
vt 0.8359375 0.7734375
vt 0.83593671875 0.74419375
vt 0.82813046875 0.75703046875
vt 0.75781328125 0.7578125
vt 0.75781328125 0.7422046875
vt 0.890625 0.21948749999999995
vt 0.890625 0.2265625
vt 0.8203125 0.2265625
vt 0.8203125 0.21879765625000003
vt 0.8125 0.625
vt 0.890625 0.625
vt 0.890625 0.6328125
vt 0.8125 0.63254609375
vt 0.6171875 0.20909304687499997
vt 0.6171875 0.2265625
vt 0.609826953125 0.22586359374999998
vt 0.609375 0.21090140624999998
vt 0.3671875 0.9609375
vt 0.359375 0.9609375
vt 0.359375 0.9453125
vt 0.3671875 0.9453125
vt 0.099609375 0.23046875
vt 0.099609375 0.41192234375000003
vt 0.09130328125 0.413246171875
vt 0.0859375 0.237151171875
vt 0.84112546875 0.63389015625
vt 0.839150390625 0.640625
vt 0.65625 0.640625
vt 0.663065078125 0.627898984375
vt 0.71875 0.5686508593749999
vt 0.7265625 0.5646072656250001
vt 0.7265625 0.578125
vt 0.7189596875 0.576534140625
vt 0.2109375 0.125
vt 0.1953125 0.125
vt 0.1953125 0.109375
vt 0.2109375 0.109375
vt 0.2950925 0.444088359375
vt 0.281630078125 0.4453125
vt 0.281630078125 0.26385921874999996
vt 0.296875 0.261209765625
vt 0.550481953125 0.40625
vt 0.7265625 0.41362820312500004
vt 0.7256259375 0.421458828125
vt 0.5473734375 0.421458828125
vt 0.549377421875 0.421875
vt 0.728659453125 0.43059679687499997
vt 0.73046875 0.43732546875
vt 0.547671875 0.43732546875
vt 0.4375 0.46875
vt 0.429228515625 0.46775203125
vt 0.421875 0.28644703125000004
vt 0.4375 0.28501273437499997
vt 0.8535659375 0.1953125
vt 0.8521821875 0.18848374999999995
vt 0.866394296875 0.18756031250000005
vt 0.8685209375 0.1953125
vt 0.2265625 0.125
vt 0.2109375 0.125
vt 0.2109375 0.109375
vt 0.2265625 0.109375
vt 0.342898125 0.43339664062500005
vt 0.328876796875 0.43589546874999996
vt 0.328876796875 0.25640203125000005
vt 0.34375 0.251953125
vt 0.54375828125 0.828125
vt 0.7265625 0.828125
vt 0.72310640625 0.84368
vt 0.539383984375 0.84375
vt 0.4851290625 0.375
vt 0.65625 0.38368789062499997
vt 0.656095078125 0.390600234375
vt 0.485174765625 0.390600234375
vt 0.71484375 0.78829828125
vt 0.71484375 0.795639765625
vt 0.5390625 0.8046875
vt 0.53921109375 0.7890668750000001
vt 0.89323046875 0.767578125
vt 0.90014453125 0.767578125
vt 0.89818828125 0.7734375
vt 0.89087109375 0.7728468749999999
vt 0.890625 0.78125
vt 0.875 0.78125
vt 0.875 0.765625
vt 0.890625 0.765625
vt 0.662109375 0.35805421875
vt 0.65516703125 0.359375
vt 0.6484375 0.1881659375
vt 0.662109375 0.181264296875
vt 0.663198515625 0.642578125
vt 0.833984375 0.6493928125
vt 0.832710234375 0.6559405468749999
vt 0.656326328125 0.6559405468749999
vt 0.5390625 0.810546875
vt 0.71484375 0.81959703125
vt 0.71484375 0.826938125
vt 0.540109296875 0.8227559375
vt 0.837878359375 0.399616875
vt 0.835743203125 0.40625
vt 0.65625 0.40625
vt 0.657979765625 0.39341492187500005
vt 0.847313046875 0.40590140625000004
vt 0.84375 0.400390625
vt 0.8587653125 0.400390625
vt 0.857213203125 0.40625
vt 0.875 0.580078125
vt 0.890625 0.580078125
vt 0.890625 0.59375
vt 0.875 0.59375
vt 0.3745203125 0.43428109375
vt 0.3598546875 0.4375
vt 0.3598546875 0.26068632812500003
vt 0.374303125 0.254789453125
vt 0.64659328125 0.962890625
vt 0.822265625 0.962890625
vt 0.8209009375 0.971888125
vt 0.64092390625 0.9765625
vt 0.485741015625 0.359375
vt 0.65388953125 0.3671728125
vt 0.653410234375 0.374970546875
vt 0.48478234375 0.374970546875
vt 0.655912109375 0.39933867187500005
vt 0.655716328125 0.40625
vt 0.484375 0.40625
vt 0.484375 0.39065625000000004
vt 0.065785078125 0.109375
vt 0.0633925 0.1015625
vt 0.07166828125 0.1015625
vt 0.07332625 0.10865031250000001
vt 0.2421875 0.125
vt 0.2265625 0.125
vt 0.2265625 0.109375
vt 0.2421875 0.109375
vt 0.525272890625 0.332971171875
vt 0.517546953125 0.3359375
vt 0.517546953125 0.16760750000000002
vt 0.53125 0.16179984375
vt 0.663546953125 0.9765625
vt 0.83203125 0.98353375
vt 0.828898203125 0.990431328125
vt 0.65717109375 0.990431328125
vt 0.115234375 0.09375
vt 0.115234375 0.12205250000000001
vt 0.112015703125 0.12431453125000003
vt 0.109375 0.10013976562500004
vt 0.490625 0.75
vt 0.481584453125 0.7578125
vt 0.4609375 0.75288296875
vt 0.4646684375 0.75
vt 0.690145859375 0.9609375
vt 0.6880084375 0.958400625
vt 0.6880084375 0.94208734375
vt 0.6953125 0.951209296875
vt 0.658361953125 0.37345843749999996
vt 0.65625 0.363089296875
vt 0.6640625 0.359375
vt 0.6640625 0.3729271875
vt 0.068541171875 0.14763625000000002
vt 0.0546875 0.15625
vt 0.0546875 0.1279471875
vt 0.06504453125 0.12677835937500004
vt 0.848582578125 0.916015625
vt 0.87288359375 0.91760921875
vt 0.86976359375 0.928208359375
vt 0.84391328125 0.928208359375
vt 0.801850234375 0.115234375
vt 0.8045440625 0.13943851562499998
vt 0.797469609375 0.13943851562499998
vt 0.796875 0.11842406250000004
vt 0.86075 0.79555703125
vt 0.857453671875 0.7959315625
vt 0.8359375 0.7775457031249999
vt 0.839848515625 0.778087890625
vt 0.89274578125 0.939948359375
vt 0.8984375 0.944149375
vt 0.89253140625 0.953125
vt 0.89253140625 0.951145078125
vt 0.21850078125 0.1015625
vt 0.22045703125 0.10816484375000002
vt 0.21354296875 0.10816484375000002
vt 0.21118359375 0.10213203125000003
vt 0.244140625 0.15625
vt 0.234375 0.15525296875000005
vt 0.23934109375 0.13141000000000003
vt 0.244140625 0.12799968750000001
vt 0.84458359375 0.77734375
vt 0.8645984375 0.7847078125
vt 0.86075 0.79555703125
vt 0.83954140625 0.77783125
vt 0.860902265625 0.9609375
vt 0.84375 0.9609375
vt 0.867306796875 0.944684375
vt 0.86092140625 0.949440546875
vt 0.107273515625 0.146484375
vt 0.094056875 0.15083507812499997
vt 0.0703125 0.15625
vt 0.079386640625 0.146484375
vt 0.8359375 0.111328125
vt 0.853515625 0.111328125
vt 0.853515625 0.11188226562500003
vt 0.842583046875 0.1171875
vt 0.71105859375 0.125
vt 0.71493890625 0.11328125
vt 0.72448828125 0.11328125
vt 0.72430296875 0.12020578125000003
vt 0.5703125 0.125
vt 0.5703125 0.125
vt 0.5625 0.109422578125
vt 0.57040578125 0.10071031249999995
vt 0.84831375 0.53515625
vt 0.8696403125 0.53515625
vt 0.86977484375 0.546875
vt 0.84375 0.5375628125
vt 0.84375 0.53125
vt 0.8359375 0.546875
vt 0.7734375 0.546875
vt 0.7734375 0.53125
vt 0.83701 0.5
vt 0.77450046875 0.5
vt 0.766505625 0.48539718750000005
vt 0.836814765625 0.48437703125
vt 0.890625 0.96875
vt 0.828125 0.96875
vt 0.828125 0.96167578125
vt 0.890625 0.96098515625
vt 0.8203125 0.2336390625
vt 0.8203125 0.2265625
vt 0.890625 0.2265625
vt 0.890625 0.234375
vt 0.88401234375 0.68827265625
vt 0.88471125 0.6953125
vt 0.867241875 0.6953125
vt 0.867370234375 0.688251015625
vt 0.390625 0.8828125
vt 0.390625 0.8984375
vt 0.3828125 0.8984375
vt 0.3828125 0.8828125
vt 0.53125 0.107421875
vt 0.53125 0.12489125000000001
vt 0.52389 0.12419265624999998
vt 0.5234375 0.10923085937499999
vt 0.8671875 0.244140625
vt 0.864176875 0.25
vt 0.845040078125 0.25
vt 0.848050703125 0.244140625
vt 0.890994296875 0.98046875
vt 0.898068203125 0.98046875
vt 0.896933984375 0.9921875
vt 0.891378203125 0.99212109375
vt 0.2332575 0.126953125
vt 0.23435109375 0.13893445312499997
vt 0.2265625 0.13832234374999997
vt 0.2265625 0.127103203125
vt 0.27734375 0.15232226562499995
vt 0.265625 0.15625
vt 0.266253671875 0.13879226562500002
vt 0.27734375 0.133219609375
vt 0.33232359375 0.11298851562500001
vt 0.34765625 0.111328125
vt 0.34765625 0.12380945312500002
vt 0.328125 0.12352546875000003
vt 0.7578125 0.107421875
vt 0.7578125 0.12489125000000001
vt 0.75 0.12489125000000001
vt 0.75026671875 0.10923039062499995
vt 0.898654453125 0.134765625
vt 0.89700453125 0.140625
vt 0.8828125 0.140625
vt 0.884462421875 0.134765625
vt 0.839341015625 0.562539921875
vt 0.8401278125 0.5703125
vt 0.828125 0.569487109375
vt 0.828125 0.5627914843749999
vt 0.8984375 0.91962671875
vt 0.8984375 0.927902421875
vt 0.890625 0.925509921875
vt 0.8913496875 0.91796875
vt 0.47265625 0.11853890624999996
vt 0.46250734375 0.125
vt 0.46250734375 0.10753078125000004
vt 0.4701878125 0.10459476562500003
vt 0.875 0.53846796875
vt 0.888671875 0.53125
vt 0.888671875 0.5425998437499999
vt 0.875180859375 0.5459784375000001
vt 0.763671875 0.099609375
vt 0.763671875 0.11380164062499998
vt 0.7578125 0.11545187499999998
vt 0.7578125 0.10125968750000003
vt 0.65565234375 0.390625
vt 0.65360609375 0.3984375
vt 0.64122265625 0.3984375
vt 0.643269140625 0.390625
vt 0.18684765625 0.109375
vt 0.17993359375 0.109375
vt 0.18188984375 0.10277187499999996
vt 0.18920703125 0.10334218750000002
vt 0.89282734375 0.7421875
vt 0.89087109375 0.736328125
vt 0.89778515625 0.736328125
vt 0.90014453125 0.7415968749999999
vt 0.827794296875 0.16263296875
vt 0.821057578125 0.1640625
vt 0.821057578125 0.14986999999999995
vt 0.828125 0.150267890625
vt 0.892058203125 0.994140625
vt 0.90625 0.994140625
vt 0.9049365625 0.99972484375
vt 0.892571796875 1
vt 0.888671875 0.6015625
vt 0.888671875 0.620699296875
vt 0.8828125 0.623709921875
vt 0.8828125 0.6045731249999999
vt 0.835432890625 0.408203125
vt 0.832141484375 0.4140625
vt 0.813004609375 0.4140625
vt 0.81629640625 0.408203125
vt 0.20247265625 0.109375
vt 0.19555859375 0.109375
vt 0.19751484375 0.10277187499999996
vt 0.20483203125 0.10334218750000002
vt 0.89818828125 0.8125
vt 0.90014453125 0.819103125
vt 0.89323046875 0.819103125
vt 0.89087109375 0.8130703125000001
vt 0.615234375 0.11537609375000002
vt 0.609375 0.1171875
vt 0.609375 0.09805132812499995
vt 0.615234375 0.09623992187499997
vt 0.87734796875 0.189453125
vt 0.896484375 0.189453125
vt 0.8949540625 0.1953125
vt 0.875816875 0.1953125
vt 0.140625 0.375
vt 0.140625 0.387383984375
vt 0.1328125 0.38942953125
vt 0.1328125 0.37704632812500005
vt 0.855363984375 0.8046875
vt 0.84677296875 0.8046875
vt 0.84375 0.7970619531250001
vt 0.85069390625 0.797074296875
vt 0.891055625 0.49715132812499996
vt 0.884288984375 0.5
vt 0.884288984375 0.485306875
vt 0.892578125 0.487411328125
vt 0.4296875 0.19470171874999997
vt 0.4296875 0.1796875
vt 0.43610609375 0.18324953125
vt 0.436454609375 0.19314960937500003
vt 0.710263046875 0.12082320312499994
vt 0.696176484375 0.125
vt 0.695617421875 0.11328125
vt 0.710632578125 0.11328125
vt 0.626288203125 0.107421875
vt 0.638671875 0.107421875
vt 0.636217265625 0.11703648437500003
vt 0.627406796875 0.1171875
vt 0.044921875 0.09375
vt 0.044921875 0.11288664062499998
vt 0.0390625 0.11617835937499998
vt 0.0390625 0.09704171875
vt 0.722381171875 0.79996828125
vt 0.719819296875 0.8046875
vt 0.695587578125 0.8046875
vt 0.70021515625 0.79761828125
vt 0.1438328125 0.109375
vt 0.140625 0.10277156249999997
vt 0.150390625 0.10381906249999995
vt 0.150390625 0.10917640625000002
vt 0.625932578125 0.71875
vt 0.640625 0.71875
vt 0.637776875 0.7250390625
vt 0.6280371875 0.7265625
vt 0.209451171875 0.15625
vt 0.198869375 0.15625
vt 0.19627328125 0.13729039062500004
vt 0.20997671875 0.13203445312499995
vt 0.877701171875 0.505859375
vt 0.8967753125 0.507408515625
vt 0.897079765625 0.51473625
vt 0.875 0.51473625
vt 0.8828125 0.12109375
vt 0.890625 0.12411617187500001
vt 0.890625 0.132707578125
vt 0.88282484375 0.128037421875
vt 0.900390625 0.96792296875
vt 0.8935609375 0.96875
vt 0.8920984375 0.958984375
vt 0.900115078125 0.958984375
vt 0.82091546875 0.1171875
vt 0.8203125 0.10861742187500001
vt 0.831519453125 0.11064531249999998
vt 0.833031953125 0.1171875
vt 0.453125 0.11382148437499995
vt 0.454047734375 0.099609375
vt 0.4609375 0.10099304687499999
vt 0.4609375 0.11594773437499994
vt 0.793910625 0.125
vt 0.7826375 0.12338249999999995
vt 0.7826375 0.11517875
vt 0.796875 0.11543914062500005
vt 0.883237109375 0.8828125
vt 0.892153515625 0.883596953125
vt 0.891630703125 0.895794375
vt 0.883237109375 0.89743890625
vt 0.7421875 0.696875
vt 0.739698125 0.70657265625
vt 0.732992265625 0.705036796875
vt 0.734215703125 0.69603625
vt 0.875103359375 0.835140625
vt 0.876382421875 0.84375
vt 0.84375 0.84375
vt 0.8458721875 0.8370600781249999
vt 0.732991875 0.70503671875
vt 0.739698125 0.70657265625
vt 0.72374734375 0.7265625
vt 0.7199340625 0.72088359375
vt 0.72453234375 0.42892046875
vt 0.71101453125 0.42892046875
vt 0.715057734375 0.421875
vt 0.722941015625 0.42208421875
vt 0.552734375 0.171875
vt 0.5390625 0.15063796875000002
vt 0.5398690625 0.140658203125
vt 0.552734375 0.13924226562499997
vt 0.7342825 0.6959507031250001
vt 0.732991875 0.70503671875
vt 0.719492421875 0.72141953125
vt 0.728503828125 0.693998359375
vt 0.2578125 0.12890625
vt 0.2578125 0.15313734375
vt 0.252350859375 0.155699765625
vt 0.25 0.13353359374999996
vt 0.375075 0.115234375
vt 0.37713609375 0.12369101562499996
vt 0.3515625 0.12369101562499996
vt 0.354543828125 0.11890921875000005
vt 0.88495484375 0.7641025
vt 0.8828125 0.759765625
vt 0.902480703125 0.759765625
vt 0.898283359375 0.765625
vt 0.111402890625 0.15378507812499997
vt 0.109375 0.142578125
vt 0.1171875 0.14318109375
vt 0.1171875 0.155297578125
vt 0.85134390625 0.193359375
vt 0.843438671875 0.2109375
vt 0.82053109375 0.20303984374999995
vt 0.825770234375 0.193359375
vt 0.403303515625 0.8671875
vt 0.40625 0.889336640625
vt 0.392229765625 0.889336640625
vt 0.3917815625 0.8684621875
vt 0.83666265625 0.154769765625
vt 0.83117203125 0.17527523437500003
vt 0.82031265625 0.17967757812499996
vt 0.8326665625 0.15684945312499998
vt 0.875102890625 0.49139054687499995
vt 0.87638265625 0.5
vt 0.84375 0.5
vt 0.84511828125 0.49140445312500003
vt 0.8203125 0.17967765624999998
vt 0.83117203125 0.17527523437500003
vt 0.8302375 0.1875
vt 0.8232671875 0.18306648437499995
vt 0.5390625 0.11537171874999996
vt 0.5390625 0.095703125
vt 0.543986171875 0.09784601562499995
vt 0.545508203125 0.11117460937500001
vt 0.48046875 0.1796875
vt 0.470397265625 0.17176851562499995
vt 0.4609375 0.152765546875
vt 0.48046875 0.14705507812499996
vt 0.8458684375 0.90234375
vt 0.871988359375 0.90234375
vt 0.87211515625 0.90742734375
vt 0.84375 0.9140625
vt 0.64562109375 0.142578125
vt 0.656225 0.15497421874999995
vt 0.65625 0.15829140625000004
vt 0.64600078125 0.15425781250000004
vt 0.5703125 0.96167546875
vt 0.5703125 0.96875
vt 0.5390625 0.96738671875
vt 0.543994453125 0.961603125
vt 0.729506875 0.09541085937500005
vt 0.73046875 0.09256648437500004
vt 0.73046875 0.1171875
vt 0.7265625 0.117000390625
vt 0.441947109375 0.11596070312499995
vt 0.4296875 0.11596070312499995
vt 0.4349034375 0.10546875
vt 0.438057421875 0.10867218749999996
vt 0.3125 0.7109375
vt 0.296875 0.691779453125
vt 0.300951171875 0.675983984375
vt 0.3125 0.67924078125
vt 0.64596875 0.15424523437500004
vt 0.65625 0.15829140625000004
vt 0.648591796875 0.17937515625
vt 0.64106359375 0.15326296875
vt 0.760221875 0.90439453125
vt 0.767578125 0.91222578125
vt 0.7485578125 0.92785859375
vt 0.75244609375 0.9200375
vt 0.873046875 0.28125
vt 0.805473359375 0.28125
vt 0.809598359375 0.270261171875
vt 0.871407421875 0.26870351562499994
vt 0.691328359375 0.624492265625
vt 0.6734778125 0.607535234375
vt 0.676715078125 0.60825703125
vt 0.740234375 0.623226484375
vt 0.5237346875 0.12714046874999996
vt 0.53080671875 0.126953125
vt 0.5309528125 0.14442218750000002
vt 0.5237346875 0.154964921875
vt 0.676715078125 0.60825703125
vt 0.673477578125 0.60753515625
vt 0.680732265625 0.599609375
vt 0.682964296875 0.6008312499999999
vt 0.752446171875 0.920037421875
vt 0.7485578125 0.92785859375
vt 0.697204140625 0.919882734375
vt 0.6972478125 0.904296875
vt 0.8203125 0.46875
vt 0.8125 0.484375
vt 0.734375 0.484375
vt 0.734375 0.46875
vt 0.8203125 0.453121875
vt 0.7421875 0.453121875
vt 0.734375 0.43951640625
vt 0.8203125 0.4375
vt 0.5625 0.3046875
vt 0.5625 0.2265625
vt 0.5703125 0.2265625
vt 0.5703125 0.3046875
vt 0.8125 0.6484375
vt 0.8125 0.640625
vt 0.8984375 0.640625
vt 0.8984375 0.64817109375
vt 0.890625 1
vt 0.8828125 1
vt 0.8828125 0.98253125
vt 0.89035859375 0.9843390625
vt 0.4140625 0.8828125
vt 0.4140625 0.8984375
vt 0.40625 0.8984375
vt 0.40625 0.8828125
vt 0.8359375 0.7578125
vt 0.828125 0.7734375
vt 0.7578125 0.7734375
vt 0.7578125 0.7578125
vt 0.8369865625 0.8046875
vt 0.766665078125 0.8046875
vt 0.7587165625 0.791938359375
vt 0.836813046875 0.789080625
vt 0.890625 0.21875
vt 0.8203125 0.21875
vt 0.8203125 0.21167499999999995
vt 0.890625 0.21098515625000003
vt 0.8203125 0.6875
vt 0.8203125 0.6796875
vt 0.8984375 0.6796875
vt 0.8984375 0.68723359375
vt 0.86057484375 0.63358515625
vt 0.86127375 0.640625
vt 0.843804375 0.640625
vt 0.845612734375 0.633133203125
vt 0.4375 0.9453125
vt 0.4375 0.9609375
vt 0.4296875 0.9609375
vt 0.4296875 0.9453125
vt 0.859375 0.328125
vt 0.8515625 0.34375
vt 0.796875 0.34375
vt 0.796875 0.328125
vt 0.860460859375 0.609375
vt 0.80576234375 0.609375
vt 0.797742265625 0.5947864843749999
vt 0.860237734375 0.5937523437500001
vt 0.890625 0.71875
vt 0.8359375 0.71875
vt 0.8359375 0.71167578125
vt 0.890625 0.71098515625
vt 0.484375 0.41332578124999997
vt 0.484375 0.40625
vt 0.546875 0.40625
vt 0.546875 0.4140625
vt 0.88401203125 0.6335852343749999
vt 0.88471125 0.640625
vt 0.867241875 0.640625
vt 0.867369921875 0.6335642968749999
vt 0.453125 0.984375
vt 0.453125 1
vt 0.4453125 1
vt 0.4453125 0.984375
vt 0.886696484375 0.66378125
vt 0.882875390625 0.671875
vt 0.835959765625 0.671875
vt 0.835959765625 0.66433359375
vt 0.887742109375 0.28904664062499996
vt 0.83890140625 0.28904664062499996
vt 0.836867265625 0.284301328125
vt 0.887617109375 0.28125
vt 0.523390234375 0.11533234375000001
vt 0.520835625 0.16217835937500003
vt 0.515672265625 0.1640625
vt 0.515672265625 0.11523695312500004
vt 0.8359375 0.29654765625
vt 0.8359375 0.2890625
vt 0.88671875 0.2890625
vt 0.88671875 0.296875
vt 0.899149140625 0.783582734375
vt 0.899575546875 0.7890625
vt 0.890625 0.7890625
vt 0.8940640625 0.782906796875
vt 0.328125 0.7109375
vt 0.328125 0.71875
vt 0.3203125 0.71875
vt 0.3203125 0.7109375
vt 0.890625 0.734375
vt 0.88671875 0.7421875
vt 0.8359375 0.7421875
vt 0.8359375 0.734375
vt 0.8916671875 0.75
vt 0.840874453125 0.75
vt 0.8368484375 0.742248515625
vt 0.89154703125 0.74218921875
vt 0.88671875 0.1796875
vt 0.8359375 0.1796875
vt 0.8359375 0.17261328124999997
vt 0.88671875 0.17192265625000003
vt 0.890625 0.70381484375
vt 0.890625 0.71088984375
vt 0.8359375 0.71088984375
vt 0.8359375 0.703125
vt 0.133900546875 0.1015625
vt 0.134599765625 0.109375
vt 0.125865078125 0.109375
vt 0.125165859375 0.1015625
vt 0.3671875 0.6640625
vt 0.3671875 0.671875
vt 0.359375 0.671875
vt 0.359375 0.6640625
vt 0.46124921875 0.765625
vt 0.5378125 0.748046875
vt 0.6653125 0.748046875
vt 0.74187578125 0.765625
vt 0.05251875 0.203125
vt 0.04761484375 0.203125
vt 0.04761484375 0.15535937499999997
vt 0.0546875 0.12777812499999996
vt 0.808009921875 0.826171875
vt 0.85577609375 0.826171875
vt 0.831420625 0.84375
vt 0.8046875 0.8432535156250001
vt 0.04761484375 0.15535937499999997
vt 0.04761484375 0.203125
vt 0.05251875 0.203125
vt 0.0546875 0.12777812499999996
vt 0.831420625 0.84375
vt 0.85577609375 0.826171875
vt 0.808009921875 0.826171875
vt 0.8046875 0.8432535156250001
vn 1 0 0
vn -1 0 0
vn 0 0.7893205515674545 -0.6139813245313326
vn 0 -0.7893205515674552 0.6139813245313317
vn 0 0.47251818886370756 0.881320918390663
vn 0 -0.47251818886370756 -0.881320918390663
vn 0.9848077530122082 0.1677312594965206 0.044943455527548117
vn -0.8073683657652774 -0.590039729587562 -0.0030723720058060955
vn 0.15638441236808184 -0.027845007952732197 -0.9873036873730402
vn 0.02609012875620766 0.059048915550625025 0.997914089866347
vn -0.1923487849240756 0.9259813360217691 0.32490076989378025
vn 0.16660463678426127 -0.9305272551635249 -0.3261317561965119
vn -0.9848077530122082 0.16773125949652057 0.04494345552754733
vn 0.8073683657652774 -0.5900397295875619 -0.0030723720058060955
vn -0.15638441236808184 -0.027845007952732426 -0.9873036873730403
vn -0.026090128756207667 0.05904891555062497 0.9979140898663471
vn 0.19234878492407562 0.9259813360217691 0.3249007698937804
vn -0.16660463678426127 -0.9305272551635249 -0.3261317561965119
vn 0.9848074879529469 -0.1677323288856621 -0.04494527248107849
vn -0.984807726276522 -0.16773212454728542 -0.04494081286448798
vn 0 -0.05470600843834285 -0.9985025050748467
vn 0 0.054703179796340984 0.9985026600466166
vn 0 0.9444345731384362 0.32869946312828097
vn 0 -0.9444331944889157 -0.32870342430139377
vn 0.9669737789079675 -0.254777297896565 0.007087974391216044
vn -0.9669738911959125 -0.2547766544009735 0.007095781682285071
vn 0 -0.08590224315926946 -0.9963035705146329
vn 0 0.42718748301845716 0.9041630684519001
vn 0 0.9978616809470688 0.06536104112918019
vn 0 -0.9208366320855788 -0.3899485825199124
vn 0.870302972479147 0.49185302721018465 -0.02556043266727881
vn -0.9656373589671767 -0.2578439356756052 -0.03257293051308685
vn 0 -0.08590224315929162 -0.9963035705146309
vn 0 -0.9800588443295476 0.19870747759314916
vn 0 0.9999862525073857 0.005243548057882797
vn 0 -0.9208366320855772 -0.38994858251991565
vn -0.9669753802471475 0.25477112138731817 -0.007091523315424897
vn 0.9671970089968364 -0.24909491658421312 -0.04981634590651883
vn 0.051092180387730286 -0.09917052568194151 -0.9937579161642917
vn -0.04722096858986769 0.4317928766795935 0.9007358612679947
vn 0.15231320586345848 0.9859670381084856 0.06833510871562193
vn -0.1447843559775287 -0.9102702174362444 -0.3878732028804578
vn 0.9669753802471475 0.254771121387318 -0.007091523315426271
vn -0.9671970089968364 -0.24909491658421307 -0.049816345906518816
vn -0.05109218038773028 -0.09917052568194146 -0.9937579161642915
vn 0.0472209685898677 0.4317928766795935 0.9007358612679947
vn -0.15231320586345845 0.9859670381084855 0.06833510871562215
vn 0.1447843559775287 -0.9102702174362443 -0.3878732028804578
vn 0.9917472867442427 0.12396388496207657 0.03271504945040144
vn -0.9739003303882336 0.21547563661392224 -0.07133299724190985
vn -6.894062848554059e-7 -0.9924645495899264 -0.12253210928891078
vn 0.051092180387733346 0.09917052568194085 0.9937579161642914
vn 6.733321162235093e-7 0.999986254676225 0.005243134383418113
vn 0.13826916908166945 -0.9903946874257603 -5.432856474141268e-7
vn -0.9917472867442427 0.12396388496207658 0.03271504945040147
vn 0.9739003303882336 0.2154756366139223 -0.07133299724190986
vn 6.894062848553256e-7 -0.9924645495899264 -0.12253210928891078
vn -0.051092180387733346 0.09917052568194087 0.9937579161642914
vn -6.733321162293783e-7 0.9999862546762252 0.005243134383418224
vn -0.13826916908166945 -0.9903946874257604 -5.43285647469638e-7
vn 1 0 0
vn -1 0 0
vn 0 1 -3.164135620181696e-15
vn 0 -1 7.771561172376096e-16
vn 0 -7.216449660063518e-16 1
vn 0 -1.9428902930940243e-15 -1
vn 0 0 0
vn -1 0 0
vn 0 1 -7.771561172376096e-16
vn 0.726173233610914 -0.6875117706534697 5.273559366969494e-16
vn 0 0 0
vn 0 1.1102230246251568e-16 -1
vn 0 0 0
vn 0 -1.1102230246251568e-16 1
vn 0 0 0
vn 0 0 0
vn 1 0 0
vn 0 1 -7.771561172376096e-16
vn -0.7261732336109141 -0.6875117706534696 5.551115123125784e-16
vn 0 0 0
vn 0 1.1102230246251568e-16 -1
vn 0 0 0
vn 0 -1.1102230246251568e-16 1
vn 0 0 0
vn 0 0 0
vn -1 0 0
vn 0 -1 7.771561172376096e-16
vn 0.726173233610914 0.6875117706534697 -4.996003610813204e-16
vn 0 0 0
vn 0 1.1102230246251568e-16 -1
vn 0 0 0
vn 0 -1.1102230246251568e-16 1
vn 0 0 0
vn 0 0 0
vn 1 0 0
vn 0 -1 7.771561172376096e-16
vn -0.7261732336109141 0.6875117706534696 -5.273559366969495e-16
vn 0 0 0
vn 0 1.1102230246251568e-16 -1
vn 0 0 0
vn 0 -1.1102230246251568e-16 1
vn 0 0 0
vn 1 0 0
vn -1 0 0
vn 0 1 -7.771561172376096e-16
vn 0 -1 7.771561172376096e-16
vn 0 -1.1102230246251565e-15 1
vn 0 1.1102230246251565e-15 -1
vn 1 0 0
vn -1 0 0
vn 0 1 -7.771561172376096e-16
vn 0 -1 7.771561172376096e-16
vn 0 -4.996003610813205e-16 1
vn 0 4.996003610813205e-16 -1
vn 1 0 0
vn -1 0 0
vn 0 1 1.7208456881689926e-15
vn 0 -1 -1.7208456881689926e-15
vn 0 -7.771561172376096e-16 1
vn 0 7.771561172376096e-16 -1
vn 0.9238795325112878 2.220446049250313e-16 -0.38268343236508723
vn -0.923879532511286 2.3869795029440866e-15 0.382683432365092
vn -4.13558076672869e-15 1 -1.1102230246251565e-15
vn 9.436895709313823e-16 -1 -1.1102230246251565e-16
vn 0.3826834323650837 -4.440892098500627e-16 0.9238795325112895
vn -0.38268343236509506 -5.717648576819558e-15 -0.9238795325112847
vn 0.7253176641025566 -0.31212856047818666 -0.6135878485389242
vn -0.9999999999919915 0.0000020857005737461416 0.0000034156642509735563
vn -0.042456180620906815 0.9747905801392268 -0.21904519533401043
vn 4.10782519111306e-15 -1 1.27675647831893e-15
vn 0.20896146924802014 0.45116554384395274 0.8676316939910041
vn -0.2405862138657778 -0.4129162717798574 -0.878418138586148
vn 0.5872695564107333 -0.4506708783309613 -0.6723170587881437
vn -0.9999999999781527 0.000002927676084276398 0.0000059265140464170556
vn 0.554076172495799 0.060358001849775245 -0.830274958483699
vn 0.04245618062090682 -0.9747905801392268 0.21904519533401043
vn 0.2125466653534568 0.48271030649233154 0.8495967720355376
vn 0.42763174245633984 -0.3430002348192017 -0.8363503642360225
vn 0.7660444431189775 -3.969047313034935e-15 -0.6427876096865401
vn -0.7660444431189768 -2.498001805406602e-16 0.6427876096865408
vn 3.275157922644204e-15 1 -8.326672684688674e-16
vn 1.1102230246251526e-16 -1 1.2212453270876722e-15
vn 0.6427876096865414 4.746203430272544e-15 0.7660444431189763
vn -0.6427876096865421 3.608224830031759e-16 -0.7660444431189758
vn 0.7480498882947881 -0.2947219491937444 -0.594609398921338
vn -0.7253114134270131 0.31213181273197116 0.6135935829465318
vn 0.020198261144637856 0.9964236980378284 -0.08204781676164011
vn 0.27165372735382026 -0.9063077808320992 0.32374443442007167
vn 0.49963029544786325 0.39292154757965875 0.7719988505938897
vn -0.43022674462425214 -0.36459955066569716 -0.8258160302781671
vn 0.7147432985371053 -0.13820452963559887 -0.6855957447246163
vn -0.5872671674015687 0.45066977738669867 0.672319883569095
vn 0.1114207159641481 0.98008998254147 -0.16434430375251172
vn -0.020194304447787914 -0.9964240437679255 0.08204459195489569
vn 0.5068525670284374 0.4229762743843142 0.7511268512073369
vn -0.5622072804589556 -0.5579771000143813 -0.6103970262529845
vn 0.5571395180828612 -0.29599020860964725 -0.77587715122796
vn -0.8278659245839877 -0.4427504545659552 0.3443980921758129
vn 0.03992040341449014 0.9841741423668567 -0.1726488311216917
vn -0.11142956147626025 -0.9800894802011406 0.16434130225925095
vn 0.48022728962108213 0.5889112643346779 0.6500502080938984
vn -0.31806922526614534 -0.4811689067751902 -0.81688949747892
vn 0.9017192453868778 0.21675375511558284 -0.37405910247207463
vn -0.9999999999964098 1.4523524345831698e-7 -0.000002675718402216685
vn 0.7324958915279729 0.6020736881558725 -0.3177373804339449
vn -0.03992040341448337 -0.9841741423668567 0.17264883112169385
vn 0.4718750210045138 0.6493347460234646 0.5964045205719288
vn -0.606877110511306 -0.7161727232096131 -0.3446691214309384
vn 0.15837737711787347 -0.9862349342956788 0.04751063872504109
vn -0.8073744427304674 0.5900314169582184 0.003071844388077228
vn 0.8645527817109147 0.3009607303113306 -0.4024563658912483
vn -0.7324984811047667 -0.6020746246461736 0.3177296359113818
vn 0.4727386344415298 0.86971486984462 0.14182464058658323
vn -0.1386001965451611 -0.9806020369010783 -0.13859881219945247
vn 0.90964840616373 0.11293762144202867 -0.399730998080963
vn -0.9017208352668082 -0.21675653883487772 0.3740536567366423
vn -0.15840829098303663 0.9862294523528419 -0.047521370557334366
vn -0.20298721830540453 -0.9736576240217006 0.10386058149775085
vn 0.7329360382521348 0.6437840149308747 0.21987929859527142
vn -0.5309234330278931 -0.660486419183424 -0.5309218382550623
vn 0.7660444431189801 4.163336342344337e-16 -0.6427876096865368
vn -0.766044443118977 -3.885780586188048e-16 0.6427876096865407
vn -1.6653345369377294e-16 1 -1.1657341758564144e-15
vn 1.1102230246251526e-16 -1 1.2212453270876722e-15
vn 0.6427876096865375 -4.996003610813204e-16 0.7660444431189797
vn -0.6427876096865421 4.440892098500626e-16 -0.7660444431189757
vn 0.537299608346826 -5.218048215738236e-15 -0.8433914458128844
vn -0.5372996083468243 -3.885780586188048e-16 0.8433914458128854
vn 4.4964032497318785e-15 1 -2.5535129566378596e-15
vn -3.16413562018171e-15 -1 4.996003610813204e-16
vn 0.8433914458128882 3.3584246494910985e-15 0.53729960834682
vn -0.8433914458128878 -3.3584246494910985e-15 -0.5372996083468207
vn 0.13983177251272275 -0.4441344674717491 -0.884981158104248
vn -0.7480562890882988 0.29471864942086373 0.594602981861835
vn 0.008442225320099155 0.9831693784539807 -0.18250123863157278
vn 0.11008721963935823 -0.9914444624996976 0.07013331484224561
vn 0.7812766302275724 0.28158609077613583 0.5570602306229219
vn -0.7695212429220217 -0.25190300113822384 -0.5868406382565057
vn 0.14603870633571644 -0.2862480713254682 -0.9469607900616795
vn -0.7147470072304648 0.13820303197971406 0.6855921802403437
vn -0.0352579112826455 0.9932480244038285 0.11052258461453521
vn -0.008442085949372463 -0.9831695498195506 0.18250032189682713
vn 0.7634995633872963 0.388509196698837 0.5158769434543788
vn -0.643913757840659 -0.40208697252714737 -0.6509232973150327
vn 0.14271329121735074 -0.3846294503467162 -0.9119720952068077
vn -0.5571444631907652 0.2959860303532786 0.7758751941978698
vn 0.020418094765108436 0.9651437593437604 -0.2609226421872136
vn 0.03526731510442085 -0.993248322407295 -0.11051690603894085
vn 0.6939724152407634 0.5681351535011191 0.4422948498921977
vn -0.7679309521485997 -0.5489742043446372 -0.3300142052947387
vn 0.13052619222004863 -6.106226635438361e-15 -0.9914448613738108
vn -0.13052619222006148 -4.440892098500626e-16 0.9914448613738092
vn 1.4432899320126927e-15 1 -3.497202527569243e-15
vn 1.3045120539345564e-15 -1 1.3877787807814457e-15
vn 0.9914448613738108 8.187894806610528e-16 0.1305261922200479
vn -0.9914448613738105 6.938893903907228e-17 -0.13052619222005138
vn 0.06293476739697453 -0.409551055844232 -0.9101138103059221
vn -0.13982384269099074 0.4441348818860675 0.8849822030454477
vn 0.017735121808300086 0.966389048813663 -0.2564715808573503
vn -1.4224732503009708e-15 -1 3.5527136788005e-15
vn 0.9395102188657387 0.1405586110858001 0.31235208578859
vn -0.9096333948264684 -0.12436764193138163 -0.3963581419081762
vn 0.06647911953203822 -0.2671127930139192 -0.9613694828080139
vn -0.14603092570813053 0.2862524880014887 0.9469606548583653
vn -0.002061774177393633 0.9995532844102559 0.029815779579139674
vn -0.01773530965125005 -0.9663890152996253 0.2564716941492668
vn 0.8878536502528828 0.3091465182787365 0.3407995392731139
vn -0.8480155617476062 -0.3230903704181559 -0.42009786904595303
vn 0.06256990662898093 -0.42113435791595805 -0.9048374767698089
vn -0.1427023037388158 0.3846351742326187 0.9119714004565482
vn -0.0020617741773940454 0.9995532844102557 0.02981577957914583
vn 0.002061774177393605 -0.9995532844102559 -0.02981577957913962
vn 0.7804339005587598 0.5441680217225441 0.30790272975927474
vn -0.7366806343585701 -0.5587789105347645 -0.3808776340278286
vn 0.2663101956577303 -0.3620079842313861 -0.8933247444470964
vn -0.06257054758461018 0.421134079960933 0.9048375618145065
vn -0.5896067404176026 0.8014742568999188 -0.100014534847955
vn 0.25718376339179516 -0.9598180631477539 -0.11227554276389706
vn 0.8350421246099368 0.5407351228120808 0.10153904216766418
vn -0.8768755061777574 -0.479878893892866 -0.02838298542544751
vn 0.560780199077172 -0.5839584868465688 -0.5869566031341952
vn -0.9096472599618268 -0.11292994628614768 0.3997357748260075
vn -0.47039552586029776 0.4898436197966477 -0.734017218732048
vn 0.002061771748544161 -0.999553294489874 -0.02981544183298679
vn 0.7977294312998094 0.6009354598240487 0.05004325692979919
vn -0.952640160072253 -0.2010641299021998 0.2281445618115489
vn 0.8321448271904999 0.39014540071527565 -0.3941085546912302
vn -0.4821437855662071 0.6449295884198831 0.5929613781861747
vn 0 0 0
vn -0.04228035835170307 -0.9989416104016777 0.018111606934630712
vn 0 0 0
vn -0.9526401600722532 -0.2010641299022002 0.2281445618115479
vn 0 -6.217248937900877e-15 -1
vn 0 -4.996003610813205e-16 1
vn 0 1 -3.219646771412954e-15
vn 0 -1 7.771561172376096e-16
vn 1 0 0
vn -1 0 0
vn 0 -0.37172477575017093 -0.9283429813886058
vn -0.06293247464620864 0.40955124722656977 0.9101138827257089
vn 0 1 5.2180482157382365e-15
vn 0 -1 3.219646771412954e-15
vn 0.9465182894501678 0.10658761841246883 0.3045360526070541
vn -0.9766652712984816 -0.0209116779278092 -0.2137466948649897
vn 0.11574849660592894 -0.4319750708662399 -0.8944270924360322
vn -0.06647667890039959 0.2671141014446988 0.9613692880323171
vn -0.2571849002312208 0.9598177839090414 0.11227532580667113
vn 0 -1 -5.2180482157382365e-15
vn 0.9232780037711166 0.33996448770350723 0.17883476969793735
vn -0.9451465316125458 -0.31794446988831215 -0.07489557963067754
vn 0 -1.1102230246251565e-16 -1
vn 0 -6.661338147750939e-16 1
vn 0 0.37172477575017215 0.9283429813886054
vn 0 -1 2.7755575615628914e-16
vn 0.9991804192260394 5.204170427930423e-18 0.04047826373841185
vn -0.9865988230907058 -2.0816681711721685e-17 -0.16316483161525488
vn 0 -8.326672684688676e-16 -1
vn 0 8.881784197001252e-16 1
vn 0 1 -2.7755575615628914e-16
vn 0 -1 2.7755575615628914e-16
vn 0.9991804192260394 3.469446951953615e-17 0.040478263738411915
vn -0.9865988230907056 -1.3877787807814454e-16 -0.16316483161525513
vn 0 -0.7803591333284925 -0.6253316104522497
vn -2.6867397195928776e-14 -4.996003610813205e-16 1
vn 0 1 -2.220446049250313e-16
vn 0 -1 5.551115123125783e-17
vn 0.9967269266525635 0.08084202920347444 -2.42861286636753e-17
vn -0.9967269266525636 -0.0808420292034739 -2.4980018054066027e-16
vn 0 -0.7803591333284924 -0.6253316104522497
vn 2.670767062187191e-14 -4.996003610813205e-16 1
vn 0 1 -2.775557561562892e-16
vn 0 -1 5.551115123125783e-17
vn -0.9967269266525637 0.08084202920347296 2.0122792321330962e-16
vn 0.9967269266525636 -0.08084202920347301 -2.463307335887066e-16
vn 0 -8.326672684688676e-16 -1
vn 0 8.326672684688676e-16 1
vn 0 1 -2.7755575615628914e-16
vn 0 -1 2.7755575615628914e-16
vn -0.9991804192260393 3.2959746043559335e-17 0.040478263738411485
vn 0.9865988230907058 -1.4571677198205182e-16 -0.1631648316152551
vn 0 -1.1102230246251565e-16 -1
vn 0 -6.661338147750939e-16 1
vn 0 0.37172477575017215 0.9283429813886054
vn 0 -1 2.7755575615628914e-16
vn -0.9991804192260393 3.469446951953614e-18 0.04047826373841141
vn 0.9865988230907058 -2.0816681711721685e-17 -0.16316483161525488
vn -0.9238795325112878 1.942890293094024e-16 -0.38268343236508723
vn 0.923879532511286 2.373101715136272e-15 0.38268343236509195
vn 4.10782519111306e-15 1 -1.27675647831893e-15
vn -9.714451465470112e-16 -1 -1.1102230246251565e-16
vn -0.38268343236508356 -4.440892098500626e-16 0.9238795325112894
vn 0.38268343236509506 -5.717648576819558e-15 -0.9238795325112847
vn -0.7660444431189773 -4.0245584642661925e-15 -0.6427876096865401
vn 0.7660444431189768 -2.7755575615628914e-16 0.6427876096865408
vn -3.275157922644203e-15 1 -8.881784197001252e-16
vn -1.6653345369377294e-16 -1 1.1657341758564144e-15
vn -0.6427876096865414 4.746203430272544e-15 0.7660444431189763
vn 0.6427876096865421 3.608224830031759e-16 -0.7660444431189758
vn -0.5372996083468252 -5.218048215738236e-15 -0.8433914458128849
vn 0.5372996083468244 -3.3306690738754706e-16 0.8433914458128855
vn -4.4686476741162385e-15 1 -2.4980018054066022e-15
vn 3.164135620181702e-15 -1 4.996003610813204e-16
vn -0.8433914458128874 3.3584246494910985e-15 0.5372996083468212
vn 0.8433914458128878 -3.3584246494910985e-15 -0.5372996083468207
vn -0.13052619222004844 -6.106226635438361e-15 -0.9914448613738109
vn 0.1305261922200615 -4.440892098500626e-16 0.9914448613738092
vn -1.4224732503009682e-15 1 -3.497202527569243e-15
vn -1.2767564783189253e-15 -1 1.3877787807814457e-15
vn -0.9914448613738107 8.187894806610529e-16 0.13052619222004963
vn 0.9914448613738105 6.245004513516506e-17 -0.1305261922200514
vn 0 -6.217248937900877e-15 -1
vn 0 -4.996003610813205e-16 1
vn 0 1 -3.219646771412954e-15
vn 0 -1 7.771561172376096e-16
vn -1 0 0
vn 1 0 0
vn 0 5.551115123125783e-17 -1
vn 0 -5.551115123125783e-17 1
vn 0 1 -7.771561172376096e-16
vn 1 0 0
vn -1 0 0
vn 0 -1 7.771561172376096e-16
vn 0.13052619222005515 6.661338147750939e-16 -0.9914448613738099
vn -0.13052619222005502 -6.106226635438361e-16 0.99144486137381
vn -1.2767564783189279e-15 1 -1.3877787807814457e-15
vn 1.3045120539345564e-15 -1 1.3877787807814457e-15
vn -0.9914448613738106 9.020562075079397e-17 -0.13052619222005055
vn 0.9914448613738109 -8.326672684688677e-17 0.13052619222004877
vn 0.537299608346826 4.996003610813204e-16 -0.8433914458128844
vn -0.5372996083468244 -6.106226635438362e-16 0.8433914458128855
vn 3.16413562018171e-15 1 -4.996003610813204e-16
vn -3.16413562018171e-15 -1 4.996003610813204e-16
vn 0.8433914458128862 -3.3306690738754696e-16 0.5372996083468231
vn -0.8433914458128858 3.608224830031759e-16 -0.5372996083468237
vn 0.9238795325112868 2.3592239273284576e-16 -0.3826834323650896
vn -0.9238795325112868 -2.220446049250313e-16 0.3826834323650897
vn -9.714451465470112e-16 1 1.1102230246251565e-16
vn 9.436895709313823e-16 -1 -1.1102230246251565e-16
vn 0.38268343236508895 -6.106226635438361e-16 0.9238795325112872
vn -0.3826834323650892 6.106226635438361e-16 -0.923879532511287
vn 0.9222137279908551 -0.06002380058923282 -0.38199343354046433
vn -0.9238078878968696 -0.012453478632519152 0.38265375619412706
vn -9.714451465470112e-16 1 1.1102230246251565e-16
vn 7.164600331906438e-15 -1 -1.4432899320127035e-15
vn 0.378713430809638 -0.14366838820706074 0.9142951009134735
vn -0.3816697072112891 0.07273902538657018 -0.9214321834964638
vn 0.7649478087717098 0.053488873545025364 -0.6418674242102058
vn -0.7659726104192336 0.013694271310576656 0.6427273348946796
vn -1.6653345369377294e-16 1 -1.1657341758564144e-15
vn 1.2176314401495132e-15 -1 -1.6653345369377348e-16
vn 0.6414818807600535 -0.06370699182386991 0.764488335979888
vn -0.6418679193518058 0.053474491029203375 -0.7649483988584795
vn 0.537299608346826 -6.661338147750939e-16 -0.8433914458128844
vn -0.5359774843088443 -0.07010927994942012 0.8413161267793079
vn 3.16413562018171e-15 1 -4.996003610813204e-16
vn -2.6386328156083336e-15 -1 -3.885780586188048e-16
vn 0.8433914458128863 4.996003610813204e-16 0.5372996083468231
vn -0.8433914458128858 -4.996003610813204e-16 -0.5372996083468238
vn 0.13052619222005518 -9.43689570931383e-16 -0.99144486137381
vn -0.13052619222005504 8.881784197001252e-16 0.99144486137381
vn -1.2767564783189279e-15 1 -1.3877787807814457e-15
vn 1.3045120539345564e-15 -1 1.3877787807814457e-15
vn -0.9914448613738106 -1.1102230246251565e-16 -0.13052619222005055
vn 0.9914448613738108 1.1796119636642288e-16 0.13052619222004877
vn -0.9222137279908551 -0.06002380058923279 -0.3819934335404643
vn 0.9238078878968696 -0.012453478632519166 0.382653756194127
vn 9.436895709313823e-16 1 1.1102230246251565e-16
vn -7.147938470669447e-15 -1 -1.4432899320127035e-15
vn -0.378713430809638 -0.14366838820706077 0.9142951009134738
vn 0.38166970721128907 0.07273902538657018 -0.9214321834964638
vn -0.7649478087717098 0.05348887354502545 -0.6418674242102059
vn 0.7659726104192336 0.013694271310576683 0.6427273348946796
vn 1.1102230246251526e-16 1 -1.2212453270876722e-15
vn -1.192781818921972e-15 -1 -2.220446049250313e-16
vn -0.6414818807600534 -0.06370699182386992 0.7644883359798882
vn 0.6418679193518059 0.05347449102920332 -0.7649483988584795
vn -0.5372996083468252 -7.216449660063518e-16 -0.8433914458128848
vn 0.5359774843088443 -0.07010927994942012 0.8413161267793079
vn -3.1641356201817025e-15 1 -4.996003610813204e-16
vn 2.638632815608327e-15 -1 -3.3306690738754696e-16
vn -0.8433914458128856 4.718447854656916e-16 0.5372996083468243
vn 0.8433914458128859 -4.718447854656916e-16 -0.5372996083468238
vn -0.13052619222005504 -8.881784197001252e-16 -0.99144486137381
vn 0.13052619222005496 8.881784197001254e-16 0.9914448613738102
vn 1.304512053934554e-15 1 -1.3877787807814457e-15
vn -1.2767564783189253e-15 -1 1.3877787807814457e-15
vn 0.9914448613738106 -1.1102230246251565e-16 -0.13052619222005052
vn -0.9914448613738106 1.1102230246251565e-16 0.13052619222005055
vn 0 5.551115123125783e-17 -1
vn 0 -5.551115123125783e-17 1
vn 0 1 -7.771561172376096e-16
vn -1 0 0
vn 1 0 0
vn 0 -1 7.771561172376096e-16
vn -0.9238795325112868 2.220446049250313e-16 -0.3826834323650897
vn 0.9238795325112868 -2.3592239273284576e-16 0.3826834323650896
vn 9.436895709313823e-16 1 1.1102230246251565e-16
vn -9.714451465470112e-16 -1 -1.1102230246251565e-16
vn -0.3826834323650892 -6.106226635438361e-16 0.923879532511287
vn 0.38268343236508895 6.106226635438361e-16 -0.9238795325112872
vn -0.5372996083468251 5.551115123125783e-16 -0.8433914458128849
vn 0.5372996083468244 -6.106226635438362e-16 0.8433914458128855
vn -3.1641356201817025e-15 1 -4.996003610813204e-16
vn 3.164135620181702e-15 -1 4.996003610813204e-16
vn -0.8433914458128856 -3.6082248300317597e-16 0.5372996083468243
vn 0.8433914458128858 3.608224830031759e-16 -0.5372996083468238
vn -0.13052619222005502 6.106226635438361e-16 -0.99144486137381
vn 0.13052619222005493 -6.106226635438361e-16 0.99144486137381
vn 1.304512053934554e-15 1 -1.3877787807814457e-15
vn -1.2767564783189253e-15 -1 1.3877787807814457e-15
vn -0.9914448613738106 -9.020562075079397e-17 0.13052619222005055
vn 0.9914448613738106 9.020562075079397e-17 -0.1305261922200505
vn -0.7660444431189801 4.163336342344337e-16 -0.6427876096865369
vn 0.766044443118977 -3.885780586188049e-16 0.6427876096865408
vn 1.1102230246251526e-16 1 -1.2212453270876722e-15
vn -1.6653345369377294e-16 -1 1.1657341758564144e-15
vn -0.6427876096865375 -4.996003610813204e-16 0.7660444431189797
vn 0.642787609686542 4.996003610813204e-16 -0.7660444431189758
vn 0.7660444431189801 4.163336342344337e-16 -0.6427876096865368
vn -0.766044443118977 -3.885780586188048e-16 0.6427876096865407
vn -1.6653345369377294e-16 1 -1.1657341758564144e-15
vn 1.1102230246251526e-16 -1 1.2212453270876722e-15
vn 0.6427876096865375 -4.996003610813204e-16 0.7660444431189797
vn -0.6427876096865421 4.440892098500626e-16 -0.7660444431189757
vn 0.9659258262890684 0.25881904510252035 1.3877787807814457e-17
vn -0.9606775727631293 -0.27766634868118717 -2.7755575615628914e-17
vn -0.2588190451025137 0.9659258262890702 5.551115123125783e-17
vn 1.5787506947130434e-7 -0.9999999999999876 -2.220446049250313e-16
vn -0.11574739574415832 0.4319751617610037 0.894427190999916
vn -2.8310687127941484e-15 -1.1657341758564144e-15 -1
vn 0.6755902076156587 0.7372773368101255 3.608224830031759e-16
vn -0.6832337908189607 -0.7300570234315213 0.014433628146097392
vn -0.807374410627285 0.5900394572096381 3.0531133177191805e-16
vn 0.7234508647724313 -0.6903758731734629 2.498001805406602e-16
vn -0.3628431176981602 0.26517035145135276 0.8933250005738366
vn -2.498001805406612e-16 7.382983113757291e-15 -1
vn 0.7070390569884123 0.7006461466527749 -0.09586839454979448
vn -0.9695719446784988 -0.189707155488864 0.15473021440131884
vn -0.8645543098539092 -0.3009452544869619 0.4024646557336541
vn 0.3235901025528336 -0.30879609172970474 -0.8943905295016861
vn -0.5140634759629216 -0.7991828733550751 0.3115212314062154
vn 0.7191379612012841 0.6803970129614201 -0.14106912317171882
vn 0.675590207615661 0.7372773368101234 2.775557561562892e-16
vn -0.6812032054125708 -0.7319302528015609 0.015501547325417146
vn -0.807374410627285 0.5900394572096381 2.220446049250313e-16
vn 0.8073744106272857 -0.5900394572096371 -3.3306690738754696e-16
vn -0.36284311769815614 0.26517035145134965 0.8933250005738392
vn -2.532696274926148e-16 7.438494264988549e-15 -1
vn 0.04089973382638296 0.9983548242440969 0.04018527941260913
vn -0.24033393620899648 -0.9705749147144247 0.014964425594630792
vn -0.9887002543253947 0.14976775617309354 -0.00643632719621625
vn 0.807371972416614 -0.5900427934956127 -2.7755575615628914e-16
vn -0.3850450129956782 0.3823605216941856 0.8399647429606246
vn -7.799316747991744e-15 6.8833827526759706e-15 -1
vn 0.7933533402912339 0.6087614290087224 1.3877787807814457e-16
vn -0.7990667702159324 -0.6011098802058767 0.01261779123123119
vn -0.6926493026733728 0.7212745271435076 1.9428902930940235e-16
vn 0.5925775082694988 -0.8055134366930896 1.6653345369377348e-16
vn -0.3112843671354351 0.3241488641455482 0.8933250005738351
vn -3.830269434956823e-15 -1.4432899320127035e-15 -1
vn 0.8660254037844395 0.49999999999999856 -5.551115123125783e-17
vn -0.8886046537712008 -0.4585266480966578 0.01162249032730045
vn -0.5925783742963078 0.8055127995980853 -1.6653345369377348e-16
vn 0.2588191975981153 -0.965925785427984 -5.551115123125783e-17
vn -0.26631136927305016 0.3620064888170771 0.8933250005738365
vn 3.6776137690708184e-15 -4.718447854656916e-15 -1
vn -0.7253176641025566 -0.3121285604781866 -0.6135878485389243
vn 0.9999999999919915 0.0000020857005737461425 0.0000034156642509735575
vn 0.04245618062090682 0.9747905801392268 -0.21904519533401043
vn -4.13558076672869e-15 -1 1.1102230246251565e-15
vn -0.2089614692480202 0.45116554384395274 0.8676316939910041
vn 0.2405862138657778 -0.4129162717798574 -0.878418138586148
vn -0.7480498882947881 -0.2947219491937444 -0.5946093989213381
vn 0.725311413427013 0.31213181273197116 0.6135935829465318
vn -0.02019826114463789 0.9964236980378284 -0.08204781676164011
vn -0.2716537273538203 -0.9063077808320992 0.32374443442007167
vn -0.49963029544786325 0.39292154757965864 0.7719988505938897
vn 0.4302267446242521 -0.3645995506656971 -0.8258160302781671
vn -0.06293476739697418 -0.409551055844232 -0.9101138103059221
vn 0.1398238426909907 0.4441348818860675 0.8849822030454477
vn -0.017735121808300017 0.9663890488136633 -0.2564715808573503
vn 1.4432899320126897e-15 -1 3.497202527569243e-15
vn -0.9395102188657375 0.14055861108580156 0.3123520857885932
vn 0.9096333948264684 -0.12436764193138165 -0.3963581419081763
vn -0.1398317725127229 -0.44413446747174923 -0.8849811581042482
vn 0.7480562890882986 0.29471864942086384 0.5946029818618352
vn -0.008442225320099144 0.9831693784539807 -0.18250123863157275
vn -0.1100872196393586 -0.9914444624996975 0.0701333148422455
vn -0.7812766302275724 0.2815860907761357 0.557060230622922
vn 0.7695212429220217 -0.25190300113822384 -0.5868406382565057
vn 0 -0.3717247757501709 -0.9283429813886058
vn 0.06293247464620877 0.40955124722656977 0.9101138827257089
vn 0 1 5.2180482157382365e-15
vn 0 -1 3.219646771412954e-15
vn -0.9465182894501667 0.10658761841246987 0.3045360526070571
vn 0.9766652712984816 -0.020911677927809215 -0.2137466948649897
vn -0.90964840616373 0.11293762144202854 -0.3997309980809632
vn 0.9017208352668082 -0.21675653883487767 0.37405365673664237
vn 0.15840829098303677 0.9862294523528419 -0.047521370557334366
vn 0.20298721830540456 -0.9736576240217006 0.10386058149775082
vn -0.7329360382521348 0.6437840149308747 0.21987929859527142
vn 0.5309234330278931 -0.6604864191834241 -0.5309218382550625
vn -0.5607801990771719 -0.5839584868465688 -0.5869566031341953
vn 0.9096472599618266 -0.11292994628614768 0.39973577482600786
vn 0.4703955258602977 0.4898436197966478 -0.734017218732048
vn -0.0020617717485441147 -0.9995532944898741 -0.02981544183298685
vn -0.7977294312998094 0.6009354598240487 0.05004325692979919
vn 0.952640160072253 -0.20106412990219977 0.22814456181154896
vn -0.8321448271904999 0.39014540071527565 -0.3941085546912302
vn 0.4821437855662071 0.6449295884198831 0.5929613781861747
vn 0 0 0
vn 0.0422803583517031 -0.9989416104016777 0.018111606934630712
vn 0 0 0
vn 0.9526401600722532 -0.2010641299022002 0.2281445618115479
vn -0.7933533402912339 0.6087614290087223 1.942890293094024e-16
vn 0.7990667702159325 -0.6011098802058766 0.012617791231231162
vn 0.692649302673373 0.7212745271435075 1.9428902930940244e-16
vn -0.5925775082694988 -0.8055134366930896 1.1102230246251565e-16
vn 0.31128436713543506 0.3241488641455483 0.8933250005738352
vn 3.830269434956823e-15 -1.4432899320127035e-15 -1
vn -0.26631019565773 -0.36200798423138575 -0.8933247444470966
vn 0.0625705475846102 0.421134079960933 0.9048375618145065
vn 0.5896067404176026 0.8014742568999188 -0.10001453484795503
vn -0.25718376339179444 -0.9598180631477542 -0.1122755427638967
vn -0.8350421246099361 0.5407351228120821 0.10153904216766413
vn 0.8768755061777574 -0.4798788938928661 -0.028382985425447455
vn -0.11574849660592855 -0.43197507086624 -0.8944270924360321
vn 0.06647667890039957 0.2671141014446988 0.9613692880323171
vn 0.25718490023122 0.9598177839090416 0.11227532580667063
vn 0 -1 -5.2180482157382365e-15
vn -0.9232780037711158 0.3399644877035082 0.17883476969793957
vn 0.9451465316125458 -0.31794446988831215 -0.07489557963067751
vn -0.06647911953203847 -0.267112793013919 -0.9613694828080139
vn 0.1460309257081305 0.28625248800148906 0.9469606548583652
vn 0.002061774177393614 0.9995532844102559 0.029815779579139674
vn 0.017735309651250038 -0.9663890152996252 0.2564716941492667
vn -0.8878536502528837 0.3091465182787375 0.34079953927311035
vn 0.8480155617476063 -0.32309037041815597 -0.42009786904595314
vn -0.06256990662898096 -0.4211343579159582 -0.904837476769809
vn 0.14270230373881582 0.38463517423261867 0.9119714004565482
vn 0.0020617741773940406 0.9995532844102557 0.02981577957914578
vn -0.0020617741773936416 -0.9995532844102559 -0.02981577957913962
vn -0.7804339005587604 0.5441680217225431 0.3079027297592751
vn 0.7366806343585701 -0.5587789105347645 -0.3808776340278286
vn -0.14603870633571644 -0.2862480713254682 -0.9469607900616795
vn 0.7147470072304648 0.1382030319797141 0.6855921802403439
vn 0.03525791128264562 0.9932480244038285 0.11052258461453521
vn 0.008442085949372449 -0.9831695498195506 0.18250032189682716
vn -0.7634995633872964 0.3885091966988371 0.515876943454379
vn 0.6439137578406589 -0.4020869725271473 -0.6509232973150326
vn -0.14271329121735066 -0.3846294503467162 -0.9119720952068077
vn 0.5571444631907653 0.2959860303532786 0.7758751941978698
vn -0.02041809476510843 0.9651437593437604 -0.2609226421872136
vn -0.03526731510442079 -0.993248322407295 -0.11051690603894085
vn -0.6939724152407634 0.5681351535011191 0.4422948498921977
vn 0.7679309521485996 -0.5489742043446371 -0.3300142052947386
vn -0.7147432985371053 -0.1382045296355989 -0.6855957447246164
vn 0.5872671674015687 0.45066977738669867 0.672319883569095
vn -0.11142071596414807 0.98008998254147 -0.16434430375251172
vn 0.020194304447787883 -0.9964240437679255 0.08204459195489558
vn -0.5068525670284374 0.4229762743843142 0.7511268512073369
vn 0.5622072804589556 -0.5579771000143813 -0.6103970262529845
vn -0.5872695564107334 -0.45067087833096153 -0.6723170587881437
vn 0.9999999999781527 0.000002927676084276397 0.000005926514046417055
vn -0.5540761724957991 0.0603580018497753 -0.8302749584836989
vn -0.042456180620906815 -0.9747905801392268 0.21904519533401043
vn -0.21254666535345682 0.48271030649233154 0.8495967720355376
vn -0.42763174245633984 -0.3430002348192018 -0.8363503642360225
vn -0.5571395180828613 -0.2959902086096473 -0.77587715122796
vn 0.8278659245839877 -0.4427504545659552 0.3443980921758129
vn -0.03992040341449012 0.9841741423668567 -0.17264883112169174
vn 0.1114295614762603 -0.9800894802011406 0.16434130225925092
vn -0.48022728962108213 0.5889112643346779 0.6500502080938984
vn 0.31806922526614534 -0.4811689067751902 -0.81688949747892
vn -0.9017192453868775 0.21675375511558287 -0.3740591024720747
vn 0.9999999999964098 1.4523524345831698e-7 -0.000002675718402216685
vn -0.7324958915279729 0.6020736881558726 -0.31773738043394495
vn 0.039920403414483364 -0.9841741423668566 0.17264883112169388
vn -0.4718750210045138 0.6493347460234649 0.5964045205719288
vn 0.606877110511306 -0.7161727232096132 -0.3446691214309385
vn -0.15837737711787378 -0.9862349342956788 0.047510638725041146
vn 0.8073744427304674 0.5900314169582183 0.0030718443880773114
vn -0.8645527817109147 0.3009607303113307 -0.40245636589124845
vn 0.7324984811047667 -0.6020746246461736 0.31772963591138176
vn -0.47273863444152986 0.8697148698446201 0.1418246405865832
vn 0.1386001965451611 -0.9806020369010783 -0.13859881219945253
vn -0.7070390569884123 0.7006461466527748 -0.09586839454979451
vn 0.9695719446784988 -0.18970715548886408 0.15473021440131884
vn 0.8645543098539092 -0.30094525448696213 0.40246465573365364
vn -0.32359010255283366 -0.30879609172970474 -0.8943905295016861
vn 0.5140634759629217 -0.7991828733550751 0.31152123140621546
vn -0.7191379612012841 0.6803970129614201 -0.14106912317171882
vn -0.9659258262890684 0.2588190451025204 2.7755575615628914e-17
vn 0.9606775727631293 -0.2776663486811872 -1.3877787807814457e-17
vn 0.2588190451025147 0.96592582628907 5.551115123125783e-17
vn -1.5787506992518308e-7 -0.9999999999999876 -2.220446049250313e-16
vn 0.1157473957441587 0.43197516176100353 0.8944271909999159
vn 2.7755575615629004e-15 -1.1657341758564144e-15 -1
vn -0.8660254037844395 0.49999999999999867 -5.551115123125783e-17
vn 0.8886046537712008 -0.45852664809665766 0.011622490327300422
vn 0.5925783742963077 0.8055127995980855 -1.6653345369377353e-16
vn -0.25881919759811567 -0.9659257854279839 -5.551115123125783e-17
vn 0.26631136927305016 0.3620064888170771 0.8933250005738365
vn -3.663735981263005e-15 -4.718447854656916e-15 -1
vn -0.6755902076156586 0.7372773368101256 3.6082248300317597e-16
vn 0.6832337908189606 -0.7300570234315216 0.01443362814609742
vn 0.807374410627285 0.5900394572096381 3.0531133177191805e-16
vn -0.7234508647724313 -0.6903758731734629 2.498001805406602e-16
vn 0.3628431176981603 0.2651703514513527 0.8933250005738367
vn 2.775557561562902e-16 7.438494264988549e-15 -1
vn -0.04089973382638297 0.998354824244097 0.04018527941260908
vn 0.24033393620899646 -0.9705749147144247 0.014964425594630848
vn 0.9887002543253947 0.14976775617309346 -0.006436327196216257
vn -0.8073719724166142 -0.5900427934956127 -2.7755575615628914e-16
vn 0.3850450129956782 0.38236052169418566 0.8399647429606246
vn 7.799316747991744e-15 6.938893903907228e-15 -1
vn -0.6755902076156607 0.7372773368101236 2.7755575615628914e-16
vn 0.6812032054125706 -0.7319302528015611 0.015501547325417173
vn 0.8073744106272852 0.590039457209638 2.4980018054066027e-16
vn -0.8073744106272857 -0.5900394572096371 -3.0531133177191805e-16
vn 0.3628431176981561 0.26517035145134965 0.8933250005738393
vn 2.532696274926148e-16 7.438494264988549e-15 -1
vn 0 0.6018687629458427 0.7985950113731248
vn -0.9575293655900134 0.055407467211215436 -0.28296205860507984
vn -0.869269990350495 -0.3612506658388835 -0.3374427956069207
vn 0.9575293655900136 0.055407467211215575 -0.2829620586050798
vn 0.869269990350495 -0.36125066583888343 -0.33744279560692075
usemtl m_362dac9e-a94e-87cb-1109-cd8e718c3249
f 2/1/1 1/2/1 3/3/1 4/4/1
f 7/5/2 5/6/2 6/7/2 8/8/2
f 5/9/3 1/10/3 2/11/3 6/12/3
f 4/13/4 3/14/4 7/15/4 8/16/4
f 3/17/5 1/18/5 5/19/5 7/20/5
f 6/21/6 2/22/6 4/23/6 8/24/6
f 10/25/7 9/26/7 11/27/7 12/28/7
f 15/29/8 13/30/8 14/31/8 16/32/8
f 13/33/9 9/34/9 10/35/9 14/36/9
f 12/37/10 11/38/10 15/39/10 16/40/10
f 11/41/11 9/42/11 13/43/11 15/44/11
f 14/45/12 10/46/12 12/47/12 16/48/12
f 19/49/13 17/50/13 18/51/13 20/52/13
f 22/53/14 21/54/14 23/55/14 24/56/14
f 18/57/15 17/58/15 21/59/15 22/60/15
f 23/61/16 19/62/16 20/63/16 24/64/16
f 21/65/17 17/66/17 19/67/17 23/68/17
f 20/69/18 18/70/18 22/71/18 24/72/18
f 26/73/19 25/74/19 27/75/19 28/76/19
f 31/77/20 29/78/20 30/79/20 32/80/20
f 29/81/21 25/82/21 26/83/21 30/84/21
f 28/85/22 27/86/22 31/87/22 32/88/22
f 27/89/23 25/90/23 29/91/23 31/92/23
f 30/93/24 26/94/24 28/95/24 32/96/24
f 34/97/25 33/98/25 35/99/25 36/100/25
f 39/101/26 37/102/26 38/103/26 40/104/26
f 37/105/27 33/106/27 34/107/27 38/108/27
f 36/109/28 35/110/28 39/111/28 40/112/28
f 35/113/29 33/114/29 37/115/29 39/116/29
f 38/117/30 34/118/30 36/119/30 40/120/30
f 42/121/31 41/122/31 43/123/31 44/124/31
f 47/125/32 45/126/32 46/127/32 48/128/32
f 45/129/33 41/130/33 42/131/33 46/132/33
f 44/133/34 43/134/34 47/135/34 48/136/34
f 43/137/35 41/138/35 45/139/35 47/140/35
f 46/141/36 42/142/36 44/143/36 48/144/36
f 51/145/37 49/146/37 50/147/37 52/148/37
f 54/149/38 53/150/38 55/151/38 56/152/38
f 50/153/39 49/154/39 53/155/39 54/156/39
f 55/157/40 51/158/40 52/159/40 56/160/40
f 53/161/41 49/162/41 51/163/41 55/164/41
f 52/165/42 50/166/42 54/167/42 56/168/42
f 58/169/43 57/170/43 59/171/43 60/172/43
f 63/173/44 61/174/44 62/175/44 64/176/44
f 61/177/45 57/178/45 58/179/45 62/180/45
f 60/181/46 59/182/46 63/183/46 64/184/46
f 59/185/47 57/186/47 61/187/47 63/188/47
f 62/189/48 58/190/48 60/191/48 64/192/48
f 66/193/49 65/194/49 67/195/49 68/196/49
f 71/197/50 69/198/50 70/199/50 72/200/50
f 69/201/51 65/202/51 66/203/51 70/204/51
f 68/205/52 67/206/52 71/207/52 72/208/52
f 67/209/53 65/210/53 69/211/53 71/212/53
f 70/213/54 66/214/54 68/215/54 72/216/54
f 75/217/55 73/218/55 74/219/55 76/220/55
f 78/221/56 77/222/56 79/223/56 80/224/56
f 74/225/57 73/226/57 77/227/57 78/228/57
f 79/229/58 75/230/58 76/231/58 80/232/58
f 77/233/59 73/234/59 75/235/59 79/236/59
f 76/237/60 74/238/60 78/239/60 80/240/60
f 82/241/61 81/242/61 83/243/61 84/244/61
f 87/245/62 85/246/62 86/247/62 88/248/62
f 85/249/63 81/250/63 82/251/63 86/252/63
f 84/253/64 83/254/64 87/255/64 88/256/64
f 83/257/65 81/258/65 85/259/65 87/260/65
f 86/261/66 82/262/66 84/263/66 88/264/66
f 90/265/67 89/266/67 92/267/67
f 95/268/68 93/269/68 94/270/68 96/271/68
f 93/272/69 89/273/69 90/274/69 94/275/69
f 92/276/70 91/277/70 95/278/70 96/279/70
f 91/280/71 89/281/71 93/282/71
f 94/283/72 90/284/72 96/285/72
f 89/286/73 91/287/73 92/288/73
f 91/289/74 93/290/74 95/291/74
f 90/292/75 92/293/75 96/294/75
f 97/295/76 98/296/76 100/297/76
f 102/298/77 101/299/77 103/300/77 104/301/77
f 98/302/78 97/303/78 101/304/78 102/305/78
f 103/306/79 99/307/79 100/308/79 104/309/79
f 97/310/80 99/311/80 101/312/80
f 98/313/81 102/314/81 104/315/81
f 99/316/82 97/317/82 100/318/82
f 101/319/83 99/320/83 103/321/83
f 100/322/84 98/323/84 104/324/84
f 105/325/85 106/326/85 108/327/85
f 110/328/86 109/329/86 111/330/86 112/331/86
f 106/332/87 105/333/87 109/334/87 110/335/87
f 111/336/88 107/337/88 108/338/88 112/339/88
f 105/340/89 107/341/89 109/342/89
f 106/343/90 110/344/90 112/345/90
f 107/346/91 105/347/91 108/348/91
f 109/349/92 107/350/92 111/351/92
f 108/352/93 106/353/93 112/354/93
f 114/355/94 113/356/94 116/357/94
f 119/358/95 117/359/95 118/360/95 120/361/95
f 117/362/96 113/363/96 114/364/96 118/365/96
f 116/366/97 115/367/97 119/368/97 120/369/97
f 115/370/98 113/371/98 117/372/98
f 118/373/99 114/374/99 120/375/99
f 113/376/100 115/377/100 116/378/100
f 115/379/101 117/380/101 119/381/101
f 114/382/102 116/383/102 120/384/102
f 122/385/103 121/386/103 123/387/103 124/388/103
f 127/389/104 125/390/104 126/391/104 128/392/104
f 125/393/105 121/394/105 122/395/105 126/396/105
f 124/397/106 123/398/106 127/399/106 128/400/106
f 123/401/107 121/402/107 125/403/107 127/404/107
f 126/405/108 122/406/108 124/407/108 128/408/108
f 130/409/109 129/410/109 131/411/109 132/412/109
f 135/413/110 133/414/110 134/415/110 136/416/110
f 133/417/111 129/418/111 130/419/111 134/420/111
f 132/421/112 131/422/112 135/423/112 136/424/112
f 131/425/113 129/426/113 133/427/113 135/428/113
f 134/429/114 130/430/114 132/431/114 136/432/114
f 138/433/115 137/434/115 139/435/115 140/436/115
f 143/437/116 141/438/116 142/439/116 144/440/116
f 141/441/117 137/442/117 138/443/117 142/444/117
f 140/445/118 139/446/118 143/447/118 144/448/118
f 139/449/119 137/450/119 141/451/119 143/452/119
f 142/453/120 138/454/120 140/455/120 144/456/120
f 146/457/121 145/458/121 147/459/121 148/460/121
f 151/461/122 149/462/122 150/463/122 152/464/122
f 149/465/123 145/466/123 146/467/123 150/468/123
f 148/469/124 147/470/124 151/471/124 152/472/124
f 147/473/125 145/474/125 149/475/125 151/476/125
f 150/477/126 146/478/126 148/479/126 152/480/126
f 154/481/127 153/482/127 155/483/127 156/484/127
f 159/485/128 157/486/128 158/487/128 160/488/128
f 157/489/129 153/490/129 154/491/129 158/492/129
f 156/493/130 155/494/130 159/495/130 160/496/130
f 155/497/131 153/498/131 157/499/131 159/500/131
f 158/501/132 154/502/132 156/503/132 160/504/132
f 162/505/133 161/506/133 163/507/133 164/508/133
f 167/509/134 165/510/134 166/511/134 168/512/134
f 165/513/135 161/514/135 162/515/135 166/516/135
f 164/517/136 163/518/136 167/519/136 168/520/136
f 163/521/137 161/522/137 165/523/137 167/524/137
f 166/525/138 162/526/138 164/527/138 168/528/138
f 170/529/139 169/530/139 171/531/139 172/532/139
f 175/533/140 173/534/140 174/535/140 176/536/140
f 173/537/141 169/538/141 170/539/141 174/540/141
f 172/541/142 171/542/142 175/543/142 176/544/142
f 171/545/143 169/546/143 173/547/143 175/548/143
f 174/549/144 170/550/144 172/551/144 176/552/144
f 178/553/145 177/554/145 179/555/145 180/556/145
f 183/557/146 181/558/146 182/559/146 184/560/146
f 181/561/147 177/562/147 178/563/147 182/564/147
f 180/565/148 179/566/148 183/567/148 184/568/148
f 179/569/149 177/570/149 181/571/149 183/572/149
f 182/573/150 178/574/150 180/575/150 184/576/150
f 186/577/151 185/578/151 187/579/151 188/580/151
f 191/581/152 189/582/152 190/583/152 192/584/152
f 189/585/153 185/586/153 186/587/153 190/588/153
f 188/589/154 187/590/154 191/591/154 192/592/154
f 187/593/155 185/594/155 189/595/155 191/596/155
f 190/597/156 186/598/156 188/599/156 192/600/156
f 194/601/157 193/602/157 195/603/157 196/604/157
f 199/605/158 197/606/158 198/607/158 200/608/158
f 197/609/159 193/610/159 194/611/159 198/612/159
f 196/613/160 195/614/160 199/615/160 200/616/160
f 195/617/161 193/618/161 197/619/161 199/620/161
f 198/621/162 194/622/162 196/623/162 200/624/162
f 202/625/163 201/626/163 203/627/163 204/628/163
f 207/629/164 205/630/164 206/631/164 208/632/164
f 205/633/165 201/634/165 202/635/165 206/636/165
f 204/637/166 203/638/166 207/639/166 208/640/166
f 203/641/167 201/642/167 205/643/167 207/644/167
f 206/645/168 202/646/168 204/647/168 208/648/168
f 210/649/169 209/650/169 211/651/169 212/652/169
f 215/653/170 213/654/170 214/655/170 216/656/170
f 213/657/171 209/658/171 210/659/171 214/660/171
f 212/661/172 211/662/172 215/663/172 216/664/172
f 211/665/173 209/666/173 213/667/173 215/668/173
f 214/669/174 210/670/174 212/671/174 216/672/174
f 218/673/175 217/674/175 219/675/175 220/676/175
f 223/677/176 221/678/176 222/679/176 224/680/176
f 221/681/177 217/682/177 218/683/177 222/684/177
f 220/685/178 219/686/178 223/687/178 224/688/178
f 219/689/179 217/690/179 221/691/179 223/692/179
f 222/693/180 218/694/180 220/695/180 224/696/180
f 226/697/181 225/698/181 227/699/181 228/700/181
f 231/701/182 229/702/182 230/703/182 232/704/182
f 229/705/183 225/706/183 226/707/183 230/708/183
f 228/709/184 227/710/184 231/711/184 232/712/184
f 227/713/185 225/714/185 229/715/185 231/716/185
f 230/717/186 226/718/186 228/719/186 232/720/186
f 234/721/187 233/722/187 235/723/187 236/724/187
f 239/725/188 237/726/188 238/727/188 240/728/188
f 237/729/189 233/730/189 234/731/189 238/732/189
f 236/733/190 235/734/190 239/735/190 240/736/190
f 235/737/191 233/738/191 237/739/191 239/740/191
f 238/741/192 234/742/192 236/743/192 240/744/192
f 242/745/193 241/746/193 243/747/193 244/748/193
f 247/749/194 245/750/194 246/751/194 248/752/194
f 245/753/195 241/754/195 242/755/195 246/756/195
f 244/757/196 243/758/196 247/759/196 248/760/196
f 243/761/197 241/762/197 245/763/197 247/764/197
f 246/765/198 242/766/198 244/767/198 248/768/198
f 250/769/199 249/770/199 251/771/199 252/772/199
f 255/773/200 253/774/200 254/775/200 256/776/200
f 253/777/201 249/778/201 250/779/201 254/780/201
f 252/781/202 251/782/202 255/783/202 256/784/202
f 251/785/203 249/786/203 253/787/203 255/788/203
f 254/789/204 250/790/204 252/791/204 256/792/204
f 258/793/205 257/794/205 259/795/205 260/796/205
f 263/797/206 261/798/206 262/799/206 264/800/206
f 261/801/207 257/802/207 258/803/207 262/804/207
f 260/805/208 259/806/208 263/807/208 264/808/208
f 259/809/209 257/810/209 261/811/209 263/812/209
f 262/813/210 258/814/210 260/815/210 264/816/210
f 266/817/211 265/818/211 267/819/211 268/820/211
f 271/821/212 269/822/212 270/823/212 272/824/212
f 269/825/213 265/826/213 266/827/213 270/828/213
f 268/829/214 267/830/214 271/831/214 272/832/214
f 267/833/215 265/834/215 269/835/215 271/836/215
f 270/837/216 266/838/216 268/839/216 272/840/216
f 274/841/217 273/842/217 275/843/217 276/844/217
f 279/845/218 277/846/218 278/847/218 280/848/218
f 277/849/219 273/850/219 274/851/219 278/852/219
f 276/853/220 275/854/220 279/855/220 280/856/220
f 275/857/221 273/858/221 277/859/221 279/860/221
f 278/861/222 274/862/222 276/863/222 280/864/222
f 282/865/223 281/866/223 283/867/223 284/868/223
f 287/869/224 285/870/224 286/871/224 288/872/224
f 285/873/225 281/874/225 282/875/225 286/876/225
f 284/877/226 283/878/226 287/879/226 288/880/226
f 283/881/227 281/882/227 285/883/227 287/884/227
f 286/885/228 282/886/228 284/887/228 288/888/228
f 290/889/229 289/890/229 291/891/229 292/892/229
f 295/893/230 293/894/230 294/895/230 296/896/230
f 293/897/231 289/898/231 290/899/231 294/900/231
f 292/901/232 291/902/232 295/903/232 296/904/232
f 291/905/233 289/906/233 293/907/233 295/908/233
f 294/909/234 290/910/234 292/911/234 296/912/234
f 298/913/235 297/914/235 299/915/235 300/916/235
f 303/917/236 301/918/236 302/919/236 304/920/236
f 301/921/237 297/922/237 298/923/237 302/924/237
f 300/925/238 299/926/238 303/927/238 304/928/238
f 299/929/239 297/930/239 301/931/239 303/932/239
f 302/933/240 298/934/240 300/935/240 304/936/240
f 306/937/241 305/938/241 307/939/241 308/940/241
f 311/941/242 309/942/242 310/943/242 312/944/242
f 309/945/243 305/946/243 306/947/243 310/948/243
f 308/949/244 307/950/244 311/951/244 312/952/244
f 307/953/245 305/954/245 309/955/245 311/956/245
f 310/957/246 306/958/246 308/959/246 312/960/246
f 314/961/247 313/962/247 315/963/247 316/964/247
f 319/965/248 317/966/248 318/967/248 320/968/248
f 317/969/249 314/970/249 313/971/249 318/972/249
f 316/973/250 315/974/250 319/975/250 320/976/250
f 315/977/251 317/978/251 313/979/251 319/980/251
f 318/981/252 314/982/252 316/983/252 320/984/252
f 322/985/253 321/986/253 323/987/253 324/988/253
f 327/989/254 325/990/254 326/991/254 328/992/254
f 325/993/255 321/994/255 322/995/255 326/996/255
f 324/997/256 323/998/256 327/999/256 328/1000/256
f 323/1001/257 321/1002/257 325/1003/257 327/1004/257
f 326/1005/258 322/1006/258 324/1007/258 328/1008/258
f 330/1009/259 329/1010/259 331/1011/259 332/1012/259
f 335/1013/260 333/1014/260 334/1015/260 336/1016/260
f 333/1017/261 329/1018/261 330/1019/261 334/1020/261
f 332/1021/262 331/1022/262 335/1023/262 336/1024/262
f 331/1025/263 329/1026/263 333/1027/263 335/1028/263
f 334/1029/264 330/1030/264 332/1031/264 336/1032/264
f 338/1033/265 337/1034/265 339/1035/265 340/1036/265
f 343/1037/266 341/1038/266 342/1039/266 344/1040/266
f 341/1041/267 337/1042/267 338/1043/267 342/1044/267
f 340/1045/268 339/1046/268 343/1047/268 344/1048/268
f 339/1049/269 337/1050/269 341/1051/269 343/1052/269
f 342/1053/270 338/1054/270 340/1055/270 344/1056/270
f 346/1057/271 345/1058/271 347/1059/271 348/1060/271
f 351/1061/272 349/1062/272 350/1063/272 352/1064/272
f 349/1065/273 345/1066/273 346/1067/273 350/1068/273
f 348/1069/274 347/1070/274 351/1071/274 352/1072/274
f 347/1073/275 345/1074/275 349/1075/275 351/1076/275
f 350/1077/276 346/1078/276 348/1079/276 352/1080/276
f 354/1081/277 353/1082/277 355/1083/277 356/1084/277
f 359/1085/278 357/1086/278 358/1087/278 360/1088/278
f 357/1089/279 353/1090/279 354/1091/279 358/1092/279
f 356/1093/280 355/1094/280 359/1095/280 360/1096/280
f 355/1097/281 353/1098/281 357/1099/281 359/1100/281
f 358/1101/282 354/1102/282 356/1103/282 360/1104/282
f 362/1105/283 361/1106/283 363/1107/283 364/1108/283
f 367/1109/284 365/1110/284 366/1111/284 368/1112/284
f 365/1113/285 361/1114/285 362/1115/285 366/1116/285
f 364/1117/286 363/1118/286 367/1119/286 368/1120/286
f 363/1121/287 361/1122/287 365/1123/287 367/1124/287
f 366/1125/288 362/1126/288 364/1127/288 368/1128/288
f 371/1129/289 369/1130/289 370/1131/289 372/1132/289
f 374/1133/290 373/1134/290 375/1135/290 376/1136/290
f 370/1137/291 369/1138/291 373/1139/291 374/1140/291
f 375/1141/292 371/1142/292 372/1143/292 376/1144/292
f 373/1145/293 369/1146/293 371/1147/293 375/1148/293
f 372/1149/294 370/1150/294 374/1151/294 376/1152/294
f 379/1153/295 377/1154/295 378/1155/295 380/1156/295
f 382/1157/296 381/1158/296 383/1159/296 384/1160/296
f 378/1161/297 377/1162/297 381/1163/297 382/1164/297
f 383/1165/298 379/1166/298 380/1167/298 384/1168/298
f 381/1169/299 377/1170/299 379/1171/299 383/1172/299
f 380/1173/300 378/1174/300 382/1175/300 384/1176/300
f 387/1177/301 385/1178/301 386/1179/301 388/1180/301
f 390/1181/302 389/1182/302 391/1183/302 392/1184/302
f 386/1185/303 385/1186/303 389/1187/303 390/1188/303
f 391/1189/304 387/1190/304 388/1191/304 392/1192/304
f 389/1193/305 385/1194/305 387/1195/305 391/1196/305
f 388/1197/306 386/1198/306 390/1199/306 392/1200/306
f 395/1201/307 393/1202/307 394/1203/307 396/1204/307
f 398/1205/308 397/1206/308 399/1207/308 400/1208/308
f 394/1209/309 393/1210/309 397/1211/309 398/1212/309
f 399/1213/310 395/1214/310 396/1215/310 400/1216/310
f 397/1217/311 393/1218/311 395/1219/311 399/1220/311
f 396/1221/312 394/1222/312 398/1223/312 400/1224/312
f 403/1225/313 401/1226/313 402/1227/313 404/1228/313
f 406/1229/314 405/1230/314 407/1231/314 408/1232/314
f 402/1233/315 401/1234/315 405/1235/315 406/1236/315
f 407/1237/316 403/1238/316 404/1239/316 408/1240/316
f 405/1241/317 401/1242/317 403/1243/317 407/1244/317
f 404/1245/318 402/1246/318 406/1247/318 408/1248/318
f 411/1249/319 409/1250/319 410/1251/319 412/1252/319
f 414/1253/320 413/1254/320 415/1255/320 416/1256/320
f 410/1257/321 409/1258/321 413/1259/321 414/1260/321
f 415/1261/322 411/1262/322 412/1263/322 416/1264/322
f 413/1265/323 409/1266/323 411/1267/323 415/1268/323
f 412/1269/324 410/1270/324 414/1271/324 416/1272/324
f 419/1273/325 417/1274/325 418/1275/325 420/1276/325
f 422/1277/326 421/1278/326 423/1279/326 424/1280/326
f 418/1281/327 417/1282/327 421/1283/327 422/1284/327
f 423/1285/328 419/1286/328 420/1287/328 424/1288/328
f 421/1289/329 417/1290/329 419/1291/329 423/1292/329
f 420/1293/330 418/1294/330 422/1295/330 424/1296/330
f 427/1297/331 425/1298/331 426/1299/331 428/1300/331
f 430/1301/332 429/1302/332 431/1303/332 432/1304/332
f 426/1305/333 425/1306/333 429/1307/333 430/1308/333
f 431/1309/334 427/1310/334 428/1311/334 432/1312/334
f 429/1313/335 425/1314/335 427/1315/335 431/1316/335
f 428/1317/336 426/1318/336 430/1319/336 432/1320/336
f 434/1321/337 433/1322/337 435/1323/337 436/1324/337
f 439/1325/338 437/1326/338 438/1327/338 440/1328/338
f 437/1329/339 433/1330/339 434/1331/339 438/1332/339
f 435/1333/340 433/1334/340 437/1335/340 439/1336/340
f 438/1337/341 434/1338/341 436/1339/341 440/1340/341
f 436/1341/342 435/1342/342 439/1343/342 440/1344/342
f 442/1345/343 441/1346/343 443/1347/343 444/1348/343
f 447/1349/344 445/1350/344 446/1351/344 448/1352/344
f 445/1353/345 441/1354/345 442/1355/345 446/1356/345
f 444/1357/346 443/1358/346 447/1359/346 448/1360/346
f 446/1361/347 442/1362/347 444/1363/347 448/1364/347
f 443/1365/348 441/1366/348 445/1367/348 447/1368/348
f 450/1369/349 449/1370/349 451/1371/349 452/1372/349
f 455/1373/350 453/1374/350 454/1375/350 456/1376/350
f 453/1377/351 449/1378/351 450/1379/351 454/1380/351
f 452/1381/352 451/1382/352 455/1383/352 456/1384/352
f 451/1385/353 449/1386/353 453/1387/353 455/1388/353
f 454/1389/354 450/1390/354 452/1391/354 456/1392/354
f 458/1393/355 457/1394/355 459/1395/355 460/1396/355
f 463/1397/356 461/1398/356 462/1399/356 464/1400/356
f 461/1401/357 457/1402/357 458/1403/357 462/1404/357
f 460/1405/358 459/1406/358 463/1407/358 464/1408/358
f 459/1409/359 457/1410/359 461/1411/359 463/1412/359
f 462/1413/360 458/1414/360 460/1415/360 464/1416/360
f 466/1417/361 465/1418/361 467/1419/361 468/1420/361
f 471/1421/362 469/1422/362 470/1423/362 472/1424/362
f 469/1425/363 465/1426/363 466/1427/363 470/1428/363
f 468/1429/364 467/1430/364 471/1431/364 472/1432/364
f 467/1433/365 465/1434/365 469/1435/365 471/1436/365
f 470/1437/366 466/1438/366 468/1439/366 472/1440/366
f 474/1441/367 473/1442/367 475/1443/367 476/1444/367
f 479/1445/368 477/1446/368 478/1447/368 480/1448/368
f 477/1449/369 473/1450/369 474/1451/369 478/1452/369
f 476/1453/370 475/1454/370 479/1455/370 480/1456/370
f 475/1457/371 473/1458/371 477/1459/371 479/1460/371
f 478/1461/372 474/1462/372 476/1463/372 480/1464/372
f 482/1465/373 481/1466/373 483/1467/373 484/1468/373
f 487/1469/374 485/1470/374 486/1471/374 488/1472/374
f 485/1473/375 481/1474/375 482/1475/375 486/1476/375
f 484/1477/376 483/1478/376 487/1479/376 488/1480/376
f 483/1481/377 481/1482/377 485/1483/377 487/1484/377
f 486/1485/378 482/1486/378 484/1487/378 488/1488/378
f 490/1489/379 489/1490/379 491/1491/379 492/1492/379
f 495/1493/380 493/1494/380 494/1495/380 496/1496/380
f 493/1497/381 489/1498/381 490/1499/381 494/1500/381
f 492/1501/382 491/1502/382 495/1503/382 496/1504/382
f 494/1505/383 490/1506/383 492/1507/383 496/1508/383
f 491/1509/384 489/1510/384 493/1511/384 495/1512/384
f 499/1513/385 497/1514/385 498/1515/385 500/1516/385
f 502/1517/386 501/1518/386 503/1519/386 504/1520/386
f 498/1521/387 497/1522/387 501/1523/387 502/1524/387
f 503/1525/388 499/1526/388 500/1527/388 504/1528/388
f 501/1529/389 497/1530/389 499/1531/389 503/1532/389
f 500/1533/390 498/1534/390 502/1535/390 504/1536/390
f 507/1537/391 505/1538/391 506/1539/391 508/1540/391
f 510/1541/392 509/1542/392 511/1543/392 512/1544/392
f 506/1545/393 505/1546/393 509/1547/393 510/1548/393
f 511/1549/394 507/1550/394 508/1551/394 512/1552/394
f 509/1553/395 505/1554/395 507/1555/395 511/1556/395
f 508/1557/396 506/1558/396 510/1559/396 512/1560/396
f 515/1561/397 513/1562/397 514/1563/397 516/1564/397
f 518/1565/398 517/1566/398 519/1567/398 520/1568/398
f 514/1569/399 513/1570/399 517/1571/399 518/1572/399
f 519/1573/400 515/1574/400 516/1575/400 520/1576/400
f 517/1577/401 513/1578/401 515/1579/401 519/1580/401
f 516/1581/402 514/1582/402 518/1583/402 520/1584/402
f 523/1585/403 521/1586/403 522/1587/403 524/1588/403
f 526/1589/404 525/1590/404 527/1591/404 528/1592/404
f 522/1593/405 521/1594/405 525/1595/405 526/1596/405
f 527/1597/406 523/1598/406 524/1599/406 528/1600/406
f 524/1601/407 522/1602/407 526/1603/407 528/1604/407
f 525/1605/408 521/1606/408 523/1607/408 527/1608/408
f 531/1609/409 529/1610/409 530/1611/409 532/1612/409
f 534/1613/410 533/1614/410 535/1615/410 536/1616/410
f 530/1617/411 529/1618/411 533/1619/411 534/1620/411
f 533/1621/412 529/1622/412 531/1623/412 535/1624/412
f 532/1625/413 530/1626/413 534/1627/413 536/1628/413
f 535/1629/414 531/1630/414 532/1631/414 536/1632/414
f 539/1633/415 537/1634/415 538/1635/415 540/1636/415
f 542/1637/416 541/1638/416 543/1639/416 544/1640/416
f 538/1641/417 537/1642/417 541/1643/417 542/1644/417
f 543/1645/418 539/1646/418 540/1647/418 544/1648/418
f 541/1649/419 537/1650/419 539/1651/419 543/1652/419
f 540/1653/420 538/1654/420 542/1655/420 544/1656/420
f 547/1657/421 545/1658/421 546/1659/421 548/1660/421
f 550/1661/422 549/1662/422 551/1663/422 552/1664/422
f 546/1665/423 545/1666/423 549/1667/423 550/1668/423
f 551/1669/424 547/1670/424 548/1671/424 552/1672/424
f 549/1673/425 545/1674/425 547/1675/425 551/1676/425
f 548/1677/426 546/1678/426 550/1679/426 552/1680/426
f 555/1681/427 553/1682/427 554/1683/427 556/1684/427
f 558/1685/428 557/1686/428 559/1687/428 560/1688/428
f 554/1689/429 553/1690/429 557/1691/429 558/1692/429
f 559/1693/430 555/1694/430 556/1695/430 560/1696/430
f 557/1697/431 553/1698/431 555/1699/431 559/1700/431
f 556/1701/432 554/1702/432 558/1703/432 560/1704/432
f 563/1705/433 561/1706/433 562/1707/433 564/1708/433
f 566/1709/434 565/1710/434 567/1711/434 568/1712/434
f 562/1713/435 561/1714/435 565/1715/435 566/1716/435
f 567/1717/436 563/1718/436 564/1719/436 568/1720/436
f 565/1721/437 561/1722/437 563/1723/437 567/1724/437
f 564/1725/438 562/1726/438 566/1727/438 568/1728/438
usemtl none
f 570/1729/439 569/1730/439 571/1731/439 572/1732/439
f 575/1733/440 573/1734/440 574/1735/440 576/1736/440
f 573/1737/441 569/1738/441 570/1739/441 574/1740/441
f 572/1741/442 571/1742/442 575/1743/442 576/1744/442
f 571/1745/443 569/1746/443 573/1747/443 575/1748/443
f 574/1749/444 570/1750/444 572/1751/444 576/1752/444
usemtl m_362dac9e-a94e-87cb-1109-cd8e718c3249
f 578/1753/445 577/1754/445 579/1755/445 580/1756/445
f 583/1757/446 581/1758/446 582/1759/446 584/1760/446
f 581/1761/447 577/1762/447 578/1763/447 582/1764/447
f 580/1765/448 579/1766/448 583/1767/448 584/1768/448
f 579/1769/449 577/1770/449 581/1771/449 583/1772/449
f 582/1773/450 578/1774/450 580/1775/450 584/1776/450
f 586/1777/451 585/1778/451 587/1779/451 588/1780/451
f 591/1781/452 589/1782/452 590/1783/452 592/1784/452
f 589/1785/453 585/1786/453 586/1787/453 590/1788/453
f 588/1789/454 587/1790/454 591/1791/454 592/1792/454
f 587/1793/455 585/1794/455 589/1795/455 591/1796/455
f 590/1797/456 586/1798/456 588/1799/456 592/1800/456
f 594/1801/457 593/1802/457 595/1803/457 596/1804/457
f 599/1805/458 597/1806/458 598/1807/458 600/1808/458
f 597/1809/459 593/1810/459 594/1811/459 598/1812/459
f 596/1813/460 595/1814/460 599/1815/460 600/1816/460
f 595/1817/461 593/1818/461 597/1819/461 599/1820/461
f 598/1821/462 594/1822/462 596/1823/462 600/1824/462
f 602/1825/463 601/1826/463 603/1827/463 604/1828/463
f 607/1829/464 605/1830/464 606/1831/464 608/1832/464
f 605/1833/465 601/1834/465 602/1835/465 606/1836/465
f 604/1837/466 603/1838/466 607/1839/466 608/1840/466
f 603/1841/467 601/1842/467 605/1843/467 607/1844/467
f 606/1845/468 602/1846/468 604/1847/468 608/1848/468
f 610/1849/469 609/1850/469 611/1851/469 612/1852/469
f 615/1853/470 613/1854/470 614/1855/470 616/1856/470
f 613/1857/471 609/1858/471 610/1859/471 614/1860/471
f 612/1861/472 611/1862/472 615/1863/472 616/1864/472
f 611/1865/473 609/1866/473 613/1867/473 615/1868/473
f 614/1869/474 610/1870/474 612/1871/474 616/1872/474
f 618/1873/475 617/1874/475 619/1875/475 620/1876/475
f 623/1877/476 621/1878/476 622/1879/476 624/1880/476
f 621/1881/477 617/1882/477 618/1883/477 622/1884/477
f 620/1885/478 619/1886/478 623/1887/478 624/1888/478
f 619/1889/479 617/1890/479 621/1891/479 623/1892/479
f 622/1893/480 618/1894/480 620/1895/480 624/1896/480
f 626/1897/481 625/1898/481 627/1899/481 628/1900/481
f 631/1901/482 629/1902/482 630/1903/482 632/1904/482
f 629/1905/483 625/1906/483 626/1907/483 630/1908/483
f 628/1909/484 627/1910/484 631/1911/484 632/1912/484
f 627/1913/485 625/1914/485 629/1915/485 631/1916/485
f 630/1917/486 626/1918/486 628/1919/486 632/1920/486
f 635/1921/487 633/1922/487 634/1923/487 636/1924/487
f 638/1925/488 637/1926/488 639/1927/488 640/1928/488
f 634/1929/489 633/1930/489 637/1931/489 638/1932/489
f 639/1933/490 635/1934/490 636/1935/490 640/1936/490
f 637/1937/491 633/1938/491 635/1939/491 639/1940/491
f 636/1941/492 634/1942/492 638/1943/492 640/1944/492
f 643/1945/493 641/1946/493 642/1947/493 644/1948/493
f 646/1949/494 645/1950/494 647/1951/494 648/1952/494
f 642/1953/495 641/1954/495 645/1955/495 646/1956/495
f 647/1957/496 643/1958/496 644/1959/496 648/1960/496
f 645/1961/497 641/1962/497 643/1963/497 647/1964/497
f 644/1965/498 642/1966/498 646/1967/498 648/1968/498
f 651/1969/499 649/1970/499 650/1971/499 652/1972/499
f 654/1973/500 653/1974/500 655/1975/500 656/1976/500
f 650/1977/501 649/1978/501 653/1979/501 654/1980/501
f 655/1981/502 651/1982/502 652/1983/502 656/1984/502
f 653/1985/503 649/1986/503 651/1987/503 655/1988/503
f 652/1989/504 650/1990/504 654/1991/504 656/1992/504
f 659/1993/505 657/1994/505 658/1995/505 660/1996/505
f 662/1997/506 661/1998/506 663/1999/506 664/2000/506
f 658/2001/507 657/2002/507 661/2003/507 662/2004/507
f 663/2005/508 659/2006/508 660/2007/508 664/2008/508
f 661/2009/509 657/2010/509 659/2011/509 663/2012/509
f 660/2013/510 658/2014/510 662/2015/510 664/2016/510
f 667/2017/511 665/2018/511 666/2019/511 668/2020/511
f 670/2021/512 669/2022/512 671/2023/512 672/2024/512
f 666/2025/513 665/2026/513 669/2027/513 670/2028/513
f 671/2029/514 667/2030/514 668/2031/514 672/2032/514
f 669/2033/515 665/2034/515 667/2035/515 671/2036/515
f 668/2037/516 666/2038/516 670/2039/516 672/2040/516
f 675/2041/517 673/2042/517 674/2043/517 676/2044/517
f 678/2045/518 677/2046/518 679/2047/518 680/2048/518
f 674/2049/519 673/2050/519 677/2051/519 678/2052/519
f 679/2053/520 675/2054/520 676/2055/520 680/2056/520
f 677/2057/521 673/2058/521 675/2059/521 679/2060/521
f 676/2061/522 674/2062/522 678/2063/522 680/2064/522
f 683/2065/523 681/2066/523 682/2067/523 684/2068/523
f 686/2069/524 685/2070/524 687/2071/524 688/2072/524
f 682/2073/525 681/2074/525 685/2075/525 686/2076/525
f 687/2077/526 683/2078/526 684/2079/526 688/2080/526
f 685/2081/527 681/2082/527 683/2083/527 687/2084/527
f 684/2085/528 682/2086/528 686/2087/528 688/2088/528
f 689/2089/529 690/2090/529 691/2091/529 692/2092/529
f 694/2093/530 693/2094/530 695/2095/530 696/2096/530
f 690/2097/531 689/2098/531 693/2099/531 694/2100/531
f 695/2101/532 691/2102/532 692/2103/532 696/2104/532
f 689/2105/533 693/2106/533 691/2107/533 695/2108/533
f 692/2109/534 690/2110/534 694/2111/534 696/2112/534
f 699/2113/535 697/2114/535 698/2115/535 700/2116/535
f 702/2117/536 701/2118/536 703/2119/536 704/2120/536
f 698/2121/537 697/2122/537 701/2123/537 702/2124/537
f 703/2125/538 699/2126/538 700/2127/538 704/2128/538
f 701/2129/539 697/2130/539 699/2131/539 703/2132/539
f 700/2133/540 698/2134/540 702/2135/540 704/2136/540
f 707/2137/541 705/2138/541 706/2139/541 708/2140/541
f 710/2141/542 709/2142/542 711/2143/542 712/2144/542
f 706/2145/543 705/2146/543 709/2147/543 710/2148/543
f 711/2149/544 707/2150/544 708/2151/544 712/2152/544
f 709/2153/545 705/2154/545 707/2155/545 711/2156/545
f 708/2157/546 706/2158/546 710/2159/546 712/2160/546
f 715/2161/547 713/2162/547 714/2163/547 716/2164/547
f 718/2165/548 717/2166/548 719/2167/548 720/2168/548
f 714/2169/549 713/2170/549 717/2171/549 718/2172/549
f 719/2173/550 715/2174/550 716/2175/550 720/2176/550
f 717/2177/551 713/2178/551 715/2179/551 719/2180/551
f 716/2181/552 714/2182/552 718/2183/552 720/2184/552
f 723/2185/553 721/2186/553 722/2187/553 724/2188/553
f 726/2189/554 725/2190/554 727/2191/554 728/2192/554
f 722/2193/555 721/2194/555 725/2195/555 726/2196/555
f 727/2197/556 723/2198/556 724/2199/556 728/2200/556
f 725/2201/557 721/2202/557 723/2203/557 727/2204/557
f 724/2205/558 722/2206/558 726/2207/558 728/2208/558
f 731/2209/559 729/2210/559 730/2211/559 732/2212/559
f 734/2213/560 733/2214/560 735/2215/560 736/2216/560
f 730/2217/561 729/2218/561 733/2219/561 734/2220/561
f 735/2221/562 731/2222/562 732/2223/562 736/2224/562
f 733/2225/563 729/2226/563 731/2227/563 735/2228/563
f 732/2229/564 730/2230/564 734/2231/564 736/2232/564
f 739/2233/565 737/2234/565 738/2235/565 740/2236/565
f 742/2237/566 741/2238/566 743/2239/566 744/2240/566
f 738/2241/567 737/2242/567 741/2243/567 742/2244/567
f 743/2245/568 739/2246/568 740/2247/568 744/2248/568
f 741/2249/569 737/2250/569 739/2251/569 743/2252/569
f 740/2253/570 738/2254/570 742/2255/570 744/2256/570
f 747/2257/571 745/2258/571 746/2259/571 748/2260/571
f 750/2261/572 749/2262/572 751/2263/572 752/2264/572
f 746/2265/573 745/2266/573 749/2267/573 750/2268/573
f 751/2269/574 747/2270/574 748/2271/574 752/2272/574
f 749/2273/575 745/2274/575 747/2275/575 751/2276/575
f 748/2277/576 746/2278/576 750/2279/576 752/2280/576
f 755/2281/577 753/2282/577 754/2283/577 756/2284/577
f 758/2285/578 757/2286/578 759/2287/578 760/2288/578
f 754/2289/579 753/2290/579 757/2291/579 758/2292/579
f 759/2293/580 755/2294/580 756/2295/580 760/2296/580
f 757/2297/581 753/2298/581 755/2299/581 759/2300/581
f 756/2301/582 754/2302/582 758/2303/582 760/2304/582
f 763/2305/583 761/2306/583 762/2307/583 764/2308/583
f 766/2309/584 765/2310/584 767/2311/584 768/2312/584
f 762/2313/585 761/2314/585 765/2315/585 766/2316/585
f 767/2317/586 763/2318/586 764/2319/586 768/2320/586
f 765/2321/587 761/2322/587 763/2323/587 767/2324/587
f 764/2325/588 762/2326/588 766/2327/588 768/2328/588
f 771/2329/589 769/2330/589 770/2331/589 772/2332/589
f 774/2333/590 773/2334/590 775/2335/590 776/2336/590
f 770/2337/591 769/2338/591 773/2339/591 774/2340/591
f 775/2341/592 771/2342/592 772/2343/592 776/2344/592
f 773/2345/593 769/2346/593 771/2347/593 775/2348/593
f 772/2349/594 770/2350/594 774/2351/594 776/2352/594
f 779/2353/595 777/2354/595 778/2355/595 780/2356/595
f 782/2357/596 781/2358/596 783/2359/596 784/2360/596
f 778/2361/597 777/2362/597 781/2363/597 782/2364/597
f 783/2365/598 779/2366/598 780/2367/598 784/2368/598
f 781/2369/599 777/2370/599 779/2371/599 783/2372/599
f 780/2373/600 778/2374/600 782/2375/600 784/2376/600
f 787/2377/601 785/2378/601 786/2379/601 788/2380/601
f 790/2381/602 789/2382/602 791/2383/602 792/2384/602
f 786/2385/603 785/2386/603 789/2387/603 790/2388/603
f 791/2389/604 787/2390/604 788/2391/604 792/2392/604
f 789/2393/605 785/2394/605 787/2395/605 791/2396/605
f 788/2397/606 786/2398/606 790/2399/606 792/2400/606
f 795/2401/607 793/2402/607 794/2403/607 796/2404/607
f 798/2405/608 797/2406/608 799/2407/608 800/2408/608
f 794/2409/609 793/2410/609 797/2411/609 798/2412/609
f 799/2413/610 795/2414/610 796/2415/610 800/2416/610
f 797/2417/611 793/2418/611 795/2419/611 799/2420/611
f 796/2421/612 794/2422/612 798/2423/612 800/2424/612
f 803/2425/613 801/2426/613 802/2427/613 804/2428/613
f 806/2429/614 805/2430/614 807/2431/614 808/2432/614
f 802/2433/615 801/2434/615 805/2435/615 806/2436/615
f 807/2437/616 803/2438/616 804/2439/616 808/2440/616
f 805/2441/617 801/2442/617 803/2443/617 807/2444/617
f 804/2445/618 802/2446/618 806/2447/618 808/2448/618
f 811/2449/619 809/2450/619 810/2451/619 812/2452/619
f 814/2453/620 813/2454/620 815/2455/620 816/2456/620
f 810/2457/621 809/2458/621 813/2459/621 814/2460/621
f 815/2461/622 811/2462/622 812/2463/622 816/2464/622
f 813/2465/623 809/2466/623 811/2467/623 815/2468/623
f 812/2469/624 810/2470/624 814/2471/624 816/2472/624
f 819/2473/625 817/2474/625 818/2475/625 820/2476/625
f 822/2477/626 821/2478/626 823/2479/626 824/2480/626
f 818/2481/627 817/2482/627 821/2483/627 822/2484/627
f 823/2485/628 819/2486/628 820/2487/628 824/2488/628
f 821/2489/629 817/2490/629 819/2491/629 823/2492/629
f 820/2493/630 818/2494/630 822/2495/630 824/2496/630
f 827/2497/631 825/2498/631 826/2499/631 828/2500/631
f 830/2501/632 829/2502/632 831/2503/632 832/2504/632
f 826/2505/633 825/2506/633 829/2507/633 830/2508/633
f 831/2509/634 827/2510/634 828/2511/634 832/2512/634
f 829/2513/635 825/2514/635 827/2515/635 831/2516/635
f 828/2517/636 826/2518/636 830/2519/636 832/2520/636
f 835/2521/637 833/2522/637 834/2523/637 836/2524/637
f 838/2525/638 837/2526/638 839/2527/638 840/2528/638
f 834/2529/639 833/2530/639 837/2531/639 838/2532/639
f 839/2533/640 835/2534/640 836/2535/640 840/2536/640
f 837/2537/641 833/2538/641 835/2539/641 839/2540/641
f 836/2541/642 834/2542/642 838/2543/642 840/2544/642
f 841/2545/643 842/2546/643 844/2547/643 843/2548/643
f 845/2549/644 846/2550/644 848/2551/644 847/2552/644
f 852/2553/645 849/2554/645 850/2555/645 851/2556/645
f 856/2557/646 854/2558/646 853/2559/646 855/2560/646
f 858/2561/647 857/2562/647 860/2563/647 859/2564/647