# Made in Blockbench 4.12.6
mtllib tgv_duplex_motrice_obj.mtl

o car1_outside
v -0.439179375 1.965415 -9.58412375
v 0.748320625 3.078406875 -6.754249375
v -0.001679375 3.35726625 -5.03125
v -0.001679375 3.35726625 -3.78125
v 0.560820625 3.35726625 -3.78125
v 0.560820625 3.35726625 -5.03125
v 0.56082 3.357266875 -5.03125
v 0.560820625 3.35726625 -3.78125
v 0.996655625 3.319135625 -3.78125
v 1.002609375 3.321994375 -5.03125
v 1.00261 3.321993125 -5.03125
v 0.996655625 3.319135 -3.8125
v 1.107531875 3.26141625 -3.8125
v 1.107531875 3.26141625 -5.0625
v 1.107531875 3.2614175 -5.0625
v 1.107531875 3.2614175 -3.8125
v 1.187880625 3.16566125 -3.8125
v 1.187880625 3.16566125 -5.0625
v -0.001679375 3.335456875 -5.53077375
v -0.001679375 3.35726625 -5.03125
v 0.560820625 3.35726625 -5.03125
v 0.560820625 3.335456875 -5.53077375
v 1.00261 3.32199375 -5.03125
v 0.748320625 3.27301625 -5.5280475
v -0.001679375 3.27019375 -6.02649625
v -0.001679375 3.335456875 -5.53077375
v 0.560820625 3.335456875 -5.53077375
v 0.545195625 3.27019375 -6.02649625
v 0.748320625 3.27349125 -5.52261625
v 0.748320625 3.208228125 -6.01833875
v -0.001679375 3.1399575 -6.7651025
v -0.001679375 3.27019375 -6.026496875
v 0.545195625 3.27019375 -6.026496875
v 0.498320625 3.1399575 -6.7651025
v 0.748320625 3.208228125 -6.018338125
v -0.001679375 2.978195625 -7.36880625
v -0.001679375 3.1399575 -6.7651025
v 0.498320625 3.1399575 -6.7651025
v 0.451445625 2.978195625 -7.36880625
v 0.748320625 3.0784075 -6.75425
v 0.748320625 2.917825 -7.35263
v -0.009491875 2.757278125 -7.20985625
v -0.001679375 2.97585375 -7.20108875
v 0.248320625 2.97585375 -7.20108875
v 0.256133125 2.757278125 -7.20985625
v 0.248320625 2.75935 -7.954136875
v 0.248320625 2.978195625 -7.36880625
v 0.451445625 2.978195625 -7.36880625
v 0.420195625 2.75935 -7.954136875
v 0.748320625 2.917825625 -7.35263
v 0.748320625 2.701608125 -7.930219375
v -0.001679375 2.663679375 -8.1851075
v -0.001679375 2.759350625 -7.9541375
v 0.420195625 2.759350625 -7.9541375
v 0.404570625 2.663679375 -8.1851075
v 0.748320625 2.701608125 -7.93022
v 0.748320625 2.605936875 -8.161189375
v -0.001679375 2.759350625 -7.9541375
v -0.009491875 2.757278125 -7.20985625
v 0.256133125 2.757278125 -7.20985625
v 0.248320625 2.759350625 -7.9541375
v 0.248320625 2.75935 -7.9541375
v 0.256133125 2.757278125 -7.20985625
v 0.24832 2.97585375 -7.20108875
v 0.248320625 2.978195625 -7.36880625
v 0.248320625 2.97585375 -7.20108875
v -0.001679375 2.97585375 -7.20108875
v -0.001679375 2.978195625 -7.36880625
v 0.248320625 2.978195625 -7.36880625
v 0.74832 1.777915 -9.692376875
v 0.74832 2.277915 -8.826351875
v 0.937499375 2.234734375 -8.625000625
v 0.906455625 1.69436375 -9.63591625
v -0.001679375 1.361904375 -10.461594375
v -0.001679375 1.832041875 -9.723626875
v 0.310820625 1.832041875 -9.723626875
v 0.279570625 1.361904375 -10.461594375
v 0.748320625 1.777915 -9.692376875
v 0.717070625 1.3091925 -10.428013125
v 0.71707 1.3091925 -10.42801375
v 0.74832 1.777915 -9.692376875
v 0.90645625 1.694363125 -9.63591625
v 0.866921875 1.2454675 -10.38741625
v 0.866921875 1.2454675 -10.38741625
v 0.90645625 1.694363125 -9.63591625
v 1.25 1.98473375 -8.187500625
v 0.945155625 1.133378125 -10.29417125
v -0.001679375 1.146813125 -10.76877625
v -0.001679375 1.361904375 -10.461594375
v 0.279570625 1.361904375 -10.461594375
v 0.263945625 1.146813125 -10.76877625
v 0.717070625 1.3091925 -10.428013125
v 0.685820625 1.09561625 -10.732928125
v -0.001679375 0.8424325 -11.165453125
v -0.001679375 1.146813125 -10.768776875
v 0.263945625 1.146813125 -10.768776875
v 0.248320625 0.8424325 -11.165453125
v 0.685820625 1.09561625 -10.732928125
v 0.607695625 0.792848125 -11.127405625
v -0.001679375 -0.26836375 -10.7202975
v -0.001679375 -0.21941625 -11.092089375
v 0.248320625 -0.21941625 -11.092089375
v 0.248320625 -0.26836375 -10.7202975
v 0.498320625 -0.205520625 -11.08203125
v 0.638449375 -0.369588125 -10.243003125
v 0.346764375 -0.32427875 -10.2322425
v 0.875 -0.5199175 -8.497835
v 0.583315625 -0.662109375 -8.580824375
v 0.346764375 -0.32427875 -10.2322425
v 0.638449375 -0.369588125 -10.243003125
v 1.25 -0.26394125 -8.360654375
v 1.00765625 -0.157605 -10.29417
v 1.375 0.068750625 -8.187499375
v 1.25 -0.26394125 -8.360655
v 1.00765625 -0.157605 -10.29417
v 1.070155625 0.092395 -10.294170625
v 1.375 0.443750625 -8.1875
v 1.375 0.068750625 -8.187499375
v 1.070155625 0.092395 -10.294170625
v 1.07015625 0.467395 -10.29417
v 1.070155625 0.092395625 -10.294170625
v 1.00765625 -0.157604375 -10.294170625
v 0.7525425 -0.082469375 -11.07060625
v 0.837821875 0.08937625 -11.08565875
v 1.070155625 0.467395 -10.294170625
v 1.070155625 0.092395 -10.294170625
v 0.837821875 0.089375625 -11.08565875
v 0.822196875 0.33937625 -11.08565875
v 1.05453125 0.779895 -10.294170625
v 1.070155625 0.467395 -10.29417
v 0.8221975 0.339375625 -11.085658125
v 0.790946875 0.52687625 -11.08565875
v 0.945155625 1.133378125 -10.294170625
v 1.054530625 0.779895625 -10.294170625
v 0.790946875 0.52687625 -11.08565875
v 0.728446875 0.651875625 -11.08565875
v 0.8669225 1.2454675 -10.38741625
v 0.945155625 1.13337875 -10.29417125
v 0.7284475 0.651875625 -11.08565875
v 0.6659475 0.776875625 -11.08565875
v 0.68582 1.09561625 -10.732928125
v 0.866921875 1.245468125 -10.38741625
v 0.6659475 0.77687625 -11.08565875
v 0.607695625 0.792848125 -11.12740625
v 1.375 1.42223375 -8.187500625
v 1.375 0.443750625 -8.187499375
v 1.070155625 0.467395 -10.294170625
v 1.05453125 0.779895 -10.294170625
v 1.25 1.98473375 -8.1875
v 1.375 1.42223375 -8.1875
v 1.05453125 0.779895 -10.29417
v 0.945155625 1.13337875 -10.29417125
v 1.375 0.44375 -8.1875
v 1.4375 0.4375 -6.59375
v 1.372381875 0.068196875 -6.59375
v 1.375 0.06875 -8.1875
v 1.375 1.42223375 -8.1875
v 1.4375 1.75 -6.59375
v 1.4375 0.4375 -6.59375
v 1.375 0.44375 -8.1875
v 1.25 1.98473375 -8.1875
v 1.318116875 2.427055625 -6.59375
v 1.4375 1.75 -6.59375
v 1.375 1.42223375 -8.1875
v 0.748320625 2.749443125 -7.814734375
v 0.748320625 2.917825625 -7.35263
v 1.125380625 2.738801875 -7.077259375
v 0.942101875 2.60293125 -7.799161875
v 0.748320625 2.44855375 -8.498559375
v 0.748320625 2.607035 -8.15869375
v 0.956419375 2.4107975 -8.1875
v 0.9375 2.23473375 -8.625
v 0.74832 2.605936875 -8.16119
v 0.748320625 2.749443125 -7.814735
v 0.94210125 2.602930625 -7.799161875
v 0.956419375 2.410796875 -8.1875
v 0.956419375 2.410796875 -8.1875
v 0.94210125 2.602930625 -7.799161875
v 1.125380625 2.73880125 -7.07726
v 1.25 1.98473375 -8.187500625
v 1.125380625 2.73880125 -7.07726
v 1.187880625 3.165661875 -5.0625
v 1.318116875 2.427055625 -6.59375
v 1.25 1.98473375 -8.1875
v 0.748320625 3.27301625 -5.528048125
v 1.00261 3.321993125 -5.03125
v 1.107531875 3.2614175 -5.0625
v 0.748320625 3.20822875 -6.01833875
v 0.9375 3.04723375 -6.375
v 1.107531875 3.261416875 -5.0625
v 1.187880625 3.165660625 -5.0625
v 1.125380625 2.73880125 -7.07726
v 0.748320625 3.078406875 -6.754249375
v 0.748320625 3.208228125 -6.01833875
v 0.748320625 2.917825 -7.35263
v 0.74832 3.078406875 -6.754249375
v 1.125380625 2.73880125 -7.07726
v 0.748320625 3.208228125 -6.01833875
v 1.10753125 3.261418125 -5.0625
v 0.9375 2.23473375 -8.625
v 0.956419375 2.410796875 -8.1875
v 1.25 1.98473375 -8.1875
v 0.748320625 2.27660375 -8.828741875
v 0.748320625 2.449759375 -8.496113125
v 0.9375 2.23473375 -8.625
v 1.249999375 1.984733125 -8.1875
v 0.906455625 1.694363125 -9.63591625
v 0.9375 2.23473375 -8.625
v 0.8669225 1.2454675 -10.38741625
v 0.685820625 1.095615625 -10.73292875
v 0.71707 1.309191875 -10.428013125
v 0.638449375 -0.3695875 -10.243003125
v 0.49832 -0.20552 -11.08203125
v 1.00765625 -0.157605 -10.29417
v 1.00765625 -0.157605 -10.29417
v 0.49832 -0.20552 -11.08203125
v 0.7525425 -0.082469375 -11.07060625
v -0.001679375 1.845130625 -9.447770625
v 0.68582 1.845130625 -9.447770625
v 0.748320625 1.840415 -9.58412375
v -0.001679375 1.840415625 -9.584124375
v 0.685820625 1.845130625 -9.447770625
v 0.74832 2.50138 -8.38527125
v 0.74832 2.277915 -8.826351875
v 0.748320625 1.840415 -9.58412375
v -0.001679375 2.501380625 -8.385270625
v -0.001679375 2.663679375 -8.185106875
v 0.404570625 2.663679375 -8.185106875
v 0.373320625 2.501380625 -8.385270625
v 0.748320625 2.607035 -8.15869375
v 0.748320625 2.501380625 -8.385270625
v -0.001679375 2.501380625 -8.385270625
v 0.001679375 2.501380625 -8.385270625
v 0.001679375 2.501380625 -8.385270625
v -0.373320625 2.501380625 -8.385270625
v -0.748320625 2.501380625 -8.385270625
v 0.748320625 1.840415 -9.58412375
v 0.748320625 1.777915 -9.692376875
v 0.583315 -0.662109375 -8.580824375
v -0.010434375 -0.662109375 -8.580824375
v -0.001679375 -0.26836375 -10.7202975
v 0.346764375 -0.32427875 -10.2322425
v -0.560820625 3.35726625 -3.78125
v 0.001679375 3.35726625 -3.78125
v 0.001679375 3.35726625 -5.03125
v -0.560820625 3.35726625 -5.03125
v -0.996655625 3.319135625 -3.78125
v -0.560820625 3.35726625 -3.78125
v -0.56082 3.357266875 -5.03125
v -1.002609375 3.321994375 -5.03125
v -1.107531875 3.26141625 -3.8125
v -0.996655625 3.319135 -3.8125
v -1.00261 3.321993125 -5.03125
v -1.107531875 3.26141625 -5.0625
v -0.560820625 3.35726625 -5.03125
v 0.001679375 3.35726625 -5.03125
v 0.001679375 3.335456875 -5.53077375
v -0.560820625 3.335456875 -5.53077375
v -1.00261 3.32199375 -5.03125
v -0.748320625 3.27301625 -5.5280475
v -0.560820625 3.335456875 -5.53077375
v 0.001679375 3.335456875 -5.53077375
v 0.001679375 3.27019375 -6.02649625
v -0.545195625 3.27019375 -6.02649625
v -0.748320625 3.27349125 -5.52261625
v -0.748320625 3.208228125 -6.01833875
v -0.545195625 3.27019375 -6.026496875
v 0.001679375 3.27019375 -6.026496875
v 0.001679375 3.1399575 -6.7651025
v -0.498320625 3.1399575 -6.7651025
v -0.748320625 3.208228125 -6.018338125
v -0.748320625 3.078406875 -6.754249375
v -0.498320625 3.1399575 -6.7651025
v 0.001679375 3.1399575 -6.7651025
v 0.001679375 2.978195625 -7.36880625
v -0.451445625 2.978195625 -7.36880625
v -0.748320625 3.0784075 -6.75425
v -0.748320625 2.917825 -7.35263
v -0.248320625 2.97585375 -7.20108875
v 0.001679375 2.97585375 -7.20108875
v 0.009491875 2.757278125 -7.20985625
v -0.256133125 2.757278125 -7.20985625
v -0.451445625 2.978195625 -7.36880625
v -0.248320625 2.978195625 -7.36880625
v -0.248320625 2.75935 -7.954136875
v -0.420195625 2.75935 -7.954136875
v -0.748320625 2.917825625 -7.35263
v -0.748320625 2.701608125 -7.930219375
v -0.420195625 2.759350625 -7.9541375
v 0.001679375 2.759350625 -7.9541375
v 0.001679375 2.663679375 -8.1851075
v -0.404570625 2.663679375 -8.1851075
v -0.748320625 2.701608125 -7.93022
v -0.748320625 2.605936875 -8.161189375
v -0.256133125 2.757278125 -7.20985625
v 0.009491875 2.757278125 -7.20985625
v 0.001679375 2.759350625 -7.9541375
v -0.248320625 2.759350625 -7.9541375
v -0.24832 2.97585375 -7.20108875
v -0.256133125 2.757278125 -7.20985625
v -0.248320625 2.75935 -7.9541375
v -0.248320625 2.978195625 -7.36880625
v 0.001679375 2.978195625 -7.36880625
v 0.001679375 2.97585375 -7.20108875
v -0.248320625 2.97585375 -7.20108875
v -0.248320625 2.978195625 -7.36880625
v -0.937499375 2.234734375 -8.625000625
v -0.74832 2.277915 -8.826351875
v -0.74832 1.777915 -9.692376875
v -0.906455625 1.69436375 -9.63591625
v -0.310820625 1.832041875 -9.723626875
v 0.001679375 1.832041875 -9.723626875
v 0.001679375 1.361904375 -10.461594375
v -0.279570625 1.361904375 -10.461594375
v -0.748320625 1.777915 -9.692376875
v -0.717070625 1.3091925 -10.428013125
v -0.90645625 1.694363125 -9.63591625
v -0.74832 1.777915 -9.692376875
v -0.71707 1.3091925 -10.42801375
v -0.866921875 1.2454675 -10.38741625
v -1.25 1.98473375 -8.187500625
v -0.90645625 1.694363125 -9.63591625
v -0.866921875 1.2454675 -10.38741625
v -0.945155625 1.133378125 -10.29417125
v -0.279570625 1.361904375 -10.461594375
v 0.001679375 1.361904375 -10.461594375
v 0.001679375 1.146813125 -10.76877625
v -0.263945625 1.146813125 -10.76877625
v -0.717070625 1.3091925 -10.428013125
v -0.685820625 1.09561625 -10.732928125
v -0.263945625 1.146813125 -10.768776875
v 0.001679375 1.146813125 -10.768776875
v 0.001679375 0.8424325 -11.165453125
v -0.248320625 0.8424325 -11.165453125
v -0.685820625 1.09561625 -10.732928125
v -0.607695625 0.792848125 -11.127405625
v -0.248320625 -0.21941625 -11.092089375
v 0.001679375 -0.21941625 -11.092089375
v 0.001679375 -0.26836375 -10.7202975
v -0.248320625 -0.26836375 -10.7202975
v -0.498320625 -0.205520625 -11.08203125
v -0.638449375 -0.369588125 -10.243003125
v -0.346764375 -0.32427875 -10.2322425
v -0.346764375 -0.32427875 -10.2322425
v -0.583315625 -0.662109375 -8.580824375
v -0.875 -0.5199175 -8.497835
v -0.638449375 -0.369588125 -10.243003125
v -1.25 -0.26394125 -8.360654375
v -1.00765625 -0.157605 -10.29417
v -1.00765625 -0.157605 -10.29417
v -1.25 -0.26394125 -8.360655
v -1.375 0.068750625 -8.187499375
v -1.070155625 0.092395 -10.294170625
v -1.070155625 0.092395 -10.294170625
v -1.375 0.068750625 -8.187499375
v -1.375 0.443750625 -8.1875
v -1.07015625 0.467395 -10.29417
v -0.7525425 -0.082469375 -11.07060625
v -1.00765625 -0.157604375 -10.294170625
v -1.070155625 0.092395625 -10.294170625
v -0.837821875 0.08937625 -11.08565875
v -0.837821875 0.089375625 -11.08565875
v -1.070155625 0.092395 -10.294170625
v -1.070155625 0.467395 -10.294170625
v -0.822196875 0.33937625 -11.08565875
v -0.8221975 0.339375625 -11.085658125
v -1.070155625 0.467395 -10.29417
v -1.05453125 0.779895 -10.294170625
v -0.790946875 0.52687625 -11.08565875
v -0.790946875 0.52687625 -11.08565875
v -1.054530625 0.779895625 -10.294170625
v -0.945155625 1.133378125 -10.294170625
v -0.728446875 0.651875625 -11.08565875
v -0.7284475 0.651875625 -11.08565875
v -0.945155625 1.13337875 -10.29417125
v -0.8669225 1.2454675 -10.38741625
v -0.6659475 0.776875625 -11.08565875
v -0.6659475 0.77687625 -11.08565875
v -0.866921875 1.245468125 -10.38741625
v -0.68582 1.09561625 -10.732928125
v -0.607695625 0.792848125 -11.12740625
v -1.070155625 0.467395 -10.294170625
v -1.375 0.443750625 -8.187499375
v -1.375 1.42223375 -8.187500625
v -1.05453125 0.779895 -10.294170625
v -1.05453125 0.779895 -10.29417
v -1.375 1.42223375 -8.1875
v -1.25 1.98473375 -8.1875
v -0.945155625 1.13337875 -10.29417125
v -1.372381875 0.068196875 -6.59375
v -1.4375 0.4375 -6.59375
v -1.375 0.44375 -8.1875
v -1.375 0.06875 -8.1875
v -1.4375 0.4375 -6.59375
v -1.4375 1.75 -6.59375
v -1.375 1.42223375 -8.1875
v -1.375 0.44375 -8.1875
v -1.4375 1.75 -6.59375
v -1.318116875 2.427055625 -6.59375
v -1.25 1.98473375 -8.1875
v -1.375 1.42223375 -8.1875
v -1.125380625 2.738801875 -7.077259375
v -0.748320625 2.917825625 -7.35263
v -0.748320625 2.749443125 -7.814734375
v -0.942101875 2.60293125 -7.799161875
v -0.956419375 2.4107975 -8.1875
v -0.748320625 2.607035 -8.15869375
v -0.748320625 2.44855375 -8.498559375
v -0.9375 2.23473375 -8.625
v -0.94210125 2.602930625 -7.799161875
v -0.748320625 2.749443125 -7.814735
v -0.74832 2.605936875 -8.16119
v -0.956419375 2.410796875 -8.1875
v -1.125380625 2.73880125 -7.07726
v -0.94210125 2.602930625 -7.799161875
v -0.956419375 2.410796875 -8.1875
v -1.25 1.98473375 -8.187500625
v -1.318116875 2.427055625 -6.59375
v -1.187880625 3.165661875 -5.0625
v -1.125380625 2.73880125 -7.07726
v -1.25 1.98473375 -8.1875
v -1.107531875 3.2614175 -5.0625
v -1.00261 3.321993125 -5.03125
v -0.748320625 3.27301625 -5.528048125
v -0.748320625 3.20822875 -6.01833875
v -1.187880625 3.165660625 -5.0625
v -1.107531875 3.261416875 -5.0625
v -0.9375 3.04723375 -6.375
v -1.125380625 2.73880125 -7.07726
v -0.748320625 3.208228125 -6.01833875
v -0.748320625 3.078406875 -6.754249375
v -0.74832 3.078406875 -6.754249375
v -0.748320625 2.917825 -7.35263
v -1.125380625 2.73880125 -7.07726
v -1.10753125 3.261418125 -5.0625
v -0.748320625 3.208228125 -6.01833875
v -0.956419375 2.410796875 -8.1875
v -0.9375 2.23473375 -8.625
v -1.25 1.98473375 -8.1875
v -0.748320625 2.449759375 -8.496113125
v -0.748320625 2.27660375 -8.828741875
v -0.9375 2.23473375 -8.625
v -0.906455625 1.694363125 -9.63591625
v -1.249999375 1.984733125 -8.1875
v -0.9375 2.23473375 -8.625
v -0.685820625 1.095615625 -10.73292875
v -0.8669225 1.2454675 -10.38741625
v -0.71707 1.309191875 -10.428013125
v -0.49832 -0.20552 -11.08203125
v -0.638449375 -0.3695875 -10.243003125
v -1.00765625 -0.157605 -10.29417
v -0.49832 -0.20552 -11.08203125
v -1.00765625 -0.157605 -10.29417
v -0.7525425 -0.082469375 -11.07060625
v -0.748320625 1.840415 -9.58412375
v -0.68582 1.845130625 -9.447770625
v 0.001679375 1.845130625 -9.447770625
v 0.001679375 1.840415625 -9.584124375
v -0.74832 2.277915 -8.826351875
v -0.74832 2.50138 -8.38527125
v -0.685820625 1.845130625 -9.447770625
v -0.748320625 1.840415 -9.58412375
v -0.404570625 2.663679375 -8.185106875
v 0.001679375 2.663679375 -8.185106875
v 0.001679375 2.501380625 -8.385270625
v -0.373320625 2.501380625 -8.385270625
v -0.748320625 2.607035 -8.15869375
v -0.748320625 2.501380625 -8.385270625
v 0.001679375 2.501380625 -8.385270625
v -0.439179375 1.965415 -9.58412375
v -0.439179375 1.965415 -9.58412375
v -0.001679375 2.501380625 -8.385270625
v -0.001679375 2.501380625 -8.385270625
v 0.373320625 2.501380625 -8.385270625
v 0.748320625 2.501380625 -8.385270625
v -0.748320625 1.777915 -9.692376875
v -0.748320625 1.840415 -9.58412375
v 0.439179375 1.965415 -9.58412375
v 0.439179375 1.965415 -9.58412375
v 0.439179375 1.965415 -9.58412375
v 0.001679375 -0.26836375 -10.7202975
v 0.010434375 -0.662109375 -8.580824375
v -0.583315 -0.662109375 -8.580824375
v -0.346764375 -0.32427875 -10.2322425
v -0.263945625 1.146813125 -10.76877625
v -0.264629375 0.975030625 -10.84767
v -0.780254375 0.975030625 -10.707045
v -0.685820625 1.09561625 -10.732928125
v -0.263945625 1.146813125 -10.76877625
v -0.248320625 0.8424325 -11.165453125
v -0.264629375 0.975030625 -10.84767
v -0.264629375 0.975030625 -10.84767
v -0.264629375 0.787530625 -10.84767
v -0.827129375 0.850030625 -10.707045
v -0.780254375 0.975030625 -10.707045
v -0.264629375 0.787530625 -10.84767
v -0.264629375 0.693780625 -10.84767
v -0.889629375 0.693780625 -10.707045
v -0.827129375 0.850030625 -10.707045
v -0.248320625 0.8424325 -11.16545375
v -0.248320625 0.710029375 -11.323245625
v -0.264629375 0.693780625 -10.84767
v -0.264629375 0.787530625 -10.84767
v -0.264629375 0.975030625 -10.84767
v -0.248320625 0.8424325 -11.16545375
v -0.264629375 0.787530625 -10.84767
v -0.264629375 0.693780625 -10.84767
v -0.569148125 0.662101875 -11.28314625
v -0.728446875 0.651875625 -11.08565875
v -0.889629375 0.693780625 -10.707045
v -0.248320625 0.710029375 -11.323245
v -0.56914875 0.662101875 -11.28314625
v -0.26463 0.693780625 -10.84767
v 0.780254375 0.975030625 -10.707045
v 0.264629375 0.975030625 -10.84767
v 0.263945625 1.146813125 -10.76877625
v 0.685820625 1.09561625 -10.732928125
v 0.248320625 0.8424325 -11.165453125
v 0.263945625 1.146813125 -10.76877625
v 0.264629375 0.975030625 -10.84767
v 0.827129375 0.850030625 -10.707045
v 0.264629375 0.787530625 -10.84767
v 0.264629375 0.975030625 -10.84767
v 0.780254375 0.975030625 -10.707045
v 0.889629375 0.693780625 -10.707045
v 0.264629375 0.693780625 -10.84767
v 0.264629375 0.787530625 -10.84767
v 0.827129375 0.850030625 -10.707045
v 0.264629375 0.693780625 -10.84767
v 0.248320625 0.710029375 -11.323245625
v 0.248320625 0.8424325 -11.16545375
v 0.264629375 0.787530625 -10.84767
v 0.248320625 0.8424325 -11.16545375
v 0.264629375 0.975030625 -10.84767
v 0.264629375 0.787530625 -10.84767
v 0.728446875 0.651875625 -11.08565875
v 0.569148125 0.662101875 -11.28314625
v 0.264629375 0.693780625 -10.84767
v 0.889629375 0.693780625 -10.707045
v 0.56914875 0.662101875 -11.28314625
v 0.248320625 0.710029375 -11.323245
v 0.26463 0.693780625 -10.84767
v 0.560820625 3.35726625 6.28125
v -0.001679375 3.35726625 6.28125
v -0.001679375 3.29476625 6.28125
v 0.560820625 3.29476625 6.28125
v 0.560820625 3.29476625 -3.78125
v -0.001679375 3.29476625 -3.78125
v -0.001679375 3.35726625 -3.78125
v 0.560820625 3.35726625 -3.78125
v 0.99665625 3.319135625 6.84375
v 0.56082125 3.35726625 6.84375
v 0.55537375 3.29500375 6.84375
v 0.99120875 3.256873125 6.84375
v 0.99120875 3.256873125 -3.78125
v 0.55537375 3.29500375 -3.78125
v 0.56082125 3.35726625 -3.78125
v 0.99665625 3.319135625 -3.78125
v 1.1075325 3.261416875 8
v 0.996655625 3.319135 8
v 0.96779625 3.263696875 8
v 1.078673125 3.20597875 8
v 1.078673125 3.20597875 -3.8125
v 0.96779625 3.263696875 -3.8125
v 0.996655625 3.319135 -3.8125
v 1.1075325 3.261416875 -3.8125
v 1.187880625 3.16566125 8
v 1.107531875 3.261416875 8
v 1.059654375 3.2212425 8
v 1.140003125 3.125486875 8
v 1.140003125 3.125486875 -3.8125
v 1.059654375 3.2212425 -3.8125
v 1.107531875 3.261416875 -3.8125
v 1.187880625 3.16566125 -3.8125
v 1.1075325 3.261416875 11.375
v 0.996655625 3.319135 11.375
v 0.96779625 3.263696875 11.375
v 1.078673125 3.20597875 11.375
v 1.078673125 3.20597875 9.125
v 0.96779625 3.263696875 9.125
v 0.996655625 3.319135 9.125
v 1.1075325 3.261416875 9.125
v 1.187880625 3.16566125 11.375
v 1.107531875 3.261416875 11.375
v 1.059654375 3.2212425 11.375
v 1.140003125 3.125486875 11.375
v 1.140003125 3.125486875 9.125
v 1.059654375 3.2212425 9.125
v 1.107531875 3.261416875 9.125
v 1.187880625 3.16566125 9.125
v 1.318116875 2.427055625 11.375
v 1.187880625 3.16566125 11.375
v 1.126330625 3.154808125 11.375
v 1.256566875 2.4162025 11.375
v 1.256566875 2.4162025 -3.8125
v 1.126330625 3.154808125 -3.8125
v 1.187880625 3.16566125 -3.8125
v 1.318116875 2.427055625 -3.8125
v 1.036829375 3.231600625 6.21875
v 1.036829375 2.731600625 6.21875
v 1.036829375 2.731600625 6.28125
v 1.036829375 3.231600625 6.28125
v 1.099329375 3.231600625 6.28125
v 1.099329375 2.731600625 6.28125
v 1.099329375 2.731600625 6.21875
v 1.099329375 3.231600625 6.21875
v 1.00907875 3.1862425 6.21875
v 1.074341875 2.69052 6.21875
v 1.074341875 2.69052 6.28125
v 1.00907875 3.1862425 6.28125
v 1.133009375 3.202558125 6.28125
v 1.1982725 2.706835625 6.28125
v 1.1982725 2.706835625 6.21875
v 1.133009375 3.202558125 6.21875
v 0.974329375 3.262850625 6.21875
v 0.974329375 2.762850625 6.21875
v 0.974329375 2.762850625 6.28125
v 0.974329375 3.262850625 6.28125
v 1.036829375 3.262850625 6.28125
v 1.036829375 2.762850625 6.28125
v 1.036829375 2.762850625 6.21875
v 1.036829375 3.262850625 6.21875
v 1.103305 2.58266875 6.21875
v 1.0709525 2.461928125 6.21875
v 1.0709525 2.461928125 6.28125
v 1.103305 2.58266875 6.28125
v 1.284415625 2.53414 6.28125
v 1.25206375 2.413399375 6.28125
v 1.25206375 2.413399375 6.21875
v 1.284415625 2.53414 6.21875
v 0.99665625 2.803510625 6.21875
v 0.99665625 2.491010625 6.21875
v 0.99665625 2.491010625 6.28125
v 0.99665625 2.803510625 6.28125
v 1.24665625 2.803510625 6.28125
v 1.24665625 2.491010625 6.28125
v 1.24665625 2.491010625 6.21875
v 1.24665625 2.803510625 6.21875
v 0.80915625 2.600385625 6.21875
v 0.80915625 2.537885625 6.21875
v 0.80915625 2.537885625 6.28125
v 0.80915625 2.600385625 6.28125
v 0.99665625 2.600385625 6.28125
v 0.99665625 2.537885625 6.28125
v 0.99665625 2.537885625 6.21875
v 0.99665625 2.600385625 6.21875
v -0.19084375 3.319135625 6.21875
v -0.19084375 2.569135625 6.21875
v -0.19084375 2.569135625 6.28125
v -0.19084375 3.319135625 6.28125
v 0.99665625 3.319135625 6.28125
v 0.99665625 2.569135625 6.28125
v 0.99665625 2.569135625 6.21875
v 0.99665625 3.319135625 6.21875
v -0.0321275 2.604338125 4
v -0.0321275 2.604338125 11.375
v 0.4053725 2.604338125 11.375
v 0.4053725 2.604338125 4
v -0.0321275 2.604338125 4
v -0.0321275 2.604338125 11.375
v 0.4053725 2.604338125 11.375
v 0.4053725 2.604338125 4
v 0.9657325 2.555313125 4
v 0.9657325 2.555313125 11.375
v 1.318116875 2.427055625 11.375
v 1.318116875 2.427055625 4
v 0.9657325 2.555313125 4
v 0.9657325 2.555313125 11.375
v 1.318116875 2.427055625 11.375
v 1.318116875 2.427055625 4
v 0.4053725 2.604338125 4
v 0.4053725 2.604338125 11.375
v 0.9657325 2.555313125 11.375
v 0.9657325 2.555313125 4
v 0.4053725 2.604338125 4
v 0.4053725 2.604338125 11.375
v 0.9657325 2.555313125 11.375
v 0.9657325 2.555313125 4
v -0.560820625 3.35726625 -3.78125
v 0.001679375 3.35726625 -3.78125
v 0.001679375 3.29476625 -3.78125
v -0.560820625 3.29476625 -3.78125
v -0.560820625 3.29476625 6.28125
v 0.001679375 3.29476625 6.28125
v 0.001679375 3.35726625 6.28125
v -0.560820625 3.35726625 6.28125
v -0.99665625 3.319135625 -3.78125
v -0.56082125 3.35726625 -3.78125
v -0.55537375 3.29500375 -3.78125
v -0.99120875 3.256873125 -3.78125
v -0.99120875 3.256873125 6.84375
v -0.55537375 3.29500375 6.84375
v -0.56082125 3.35726625 6.84375
v -0.99665625 3.319135625 6.84375
v -1.099329375 3.231600625 6.21875
v -1.099329375 2.731600625 6.21875
v -1.099329375 2.731600625 6.28125
v -1.099329375 3.231600625 6.28125
v -1.036829375 3.231600625 6.28125
v -1.036829375 2.731600625 6.28125
v -1.036829375 2.731600625 6.21875
v -1.036829375 3.231600625 6.21875
v -1.133009375 3.202558125 6.21875
v -1.1982725 2.706835625 6.21875
v -1.1982725 2.706835625 6.28125
v -1.133009375 3.202558125 6.28125
v -1.00907875 3.1862425 6.28125
v -1.074341875 2.69052 6.28125
v -1.074341875 2.69052 6.21875
v -1.00907875 3.1862425 6.21875
v -1.036829375 3.262850625 6.21875
v -1.036829375 2.762850625 6.21875
v -1.036829375 2.762850625 6.28125
v -1.036829375 3.262850625 6.28125
v -0.974329375 3.262850625 6.28125
v -0.974329375 2.762850625 6.28125
v -0.974329375 2.762850625 6.21875
v -0.974329375 3.262850625 6.21875
v -1.284415625 2.53414 6.21875
v -1.25206375 2.413399375 6.21875
v -1.25206375 2.413399375 6.28125
v -1.284415625 2.53414 6.28125
v -1.103305 2.58266875 6.28125
v -1.0709525 2.461928125 6.28125
v -1.0709525 2.461928125 6.21875
v -1.103305 2.58266875 6.21875
v -1.24665625 2.803510625 6.21875
v -1.24665625 2.491010625 6.21875
v -1.24665625 2.491010625 6.28125
v -1.24665625 2.803510625 6.28125
v -0.99665625 2.803510625 6.28125
v -0.99665625 2.491010625 6.28125
v -0.99665625 2.491010625 6.21875
v -0.99665625 2.803510625 6.21875
v -0.99665625 2.600385625 6.21875
v -0.99665625 2.537885625 6.21875
v -0.99665625 2.537885625 6.28125
v -0.99665625 2.600385625 6.28125
v -0.80915625 2.600385625 6.28125
v -0.80915625 2.537885625 6.28125
v -0.80915625 2.537885625 6.21875
v -0.80915625 2.600385625 6.21875
v -0.99665625 3.319135625 6.21875
v -0.99665625 2.569135625 6.21875
v -0.99665625 2.569135625 6.28125
v -0.99665625 3.319135625 6.28125
v 0.19084375 3.319135625 6.28125
v 0.19084375 2.569135625 6.28125
v 0.19084375 2.569135625 6.21875
v 0.19084375 3.319135625 6.21875
v -1.187880625 3.16566125 9.125
v -1.107531875 3.261416875 9.125
v -1.059654375 3.2212425 9.125
v -1.140003125 3.125486875 9.125
v -1.140003125 3.125486875 11.375
v -1.059654375 3.2212425 11.375
v -1.107531875 3.261416875 11.375
v -1.187880625 3.16566125 11.375
v -1.1075325 3.261416875 9.125
v -0.996655625 3.319135 9.125
v -0.96779625 3.263696875 9.125
v -1.078673125 3.20597875 9.125
v -1.078673125 3.20597875 11.375
v -0.96779625 3.263696875 11.375
v -0.996655625 3.319135 11.375
v -1.1075325 3.261416875 11.375
v -1.1075325 3.261416875 -3.8125
v -0.996655625 3.319135 -3.8125
v -0.96779625 3.263696875 -3.8125
v -1.078673125 3.20597875 -3.8125
v -1.078673125 3.20597875 8
v -0.96779625 3.263696875 8
v -0.996655625 3.319135 8
v -1.1075325 3.261416875 8
v -1.187880625 3.16566125 -3.8125
v -1.107531875 3.261416875 -3.8125
v -1.059654375 3.2212425 -3.8125
v -1.140003125 3.125486875 -3.8125
v -1.140003125 3.125486875 8
v -1.059654375 3.2212425 8
v -1.107531875 3.261416875 8
v -1.187880625 3.16566125 8
v -1.318116875 2.427055625 -3.8125
v -1.187880625 3.16566125 -3.8125
v -1.126330625 3.154808125 -3.8125
v -1.256566875 2.4162025 -3.8125
v -1.256566875 2.4162025 11.375
v -1.126330625 3.154808125 11.375
v -1.187880625 3.16566125 11.375
v -1.318116875 2.427055625 11.375
v 1.30726375 -0.301105625 -6.59375
v 1.30726375 -0.301105625 11.40625
v 0.90951625 -0.698853125 11.40625
v 0.90951625 -0.698853125 -6.59375
v 1.30726375 -0.301105625 -6.59375
v 1.30726375 -0.301105625 11.40625
v 0.90951625 -0.698853125 11.40625
v 0.90951625 -0.698853125 -6.59375
v 1.4375 0.4375 -6.59375
v 1.4375 0.4375 11.40625
v 1.307264375 -0.30110625 11.40625
v 1.307264375 -0.30110625 -6.59375
v 1.4375 0.4375 -6.59375
v 1.4375 0.4375 11.40625
v 1.307264375 -0.30110625 11.40625
v 1.307264375 -0.30110625 -6.59375
v 1.318116875 2.427055625 -6.59375
v 1.318116875 2.427055625 -6.59375
v 1.318116875 2.427055625 11.40625
v 1.318116875 2.427055625 11.40625
v 1.4375 1.75 11.40625
v 1.4375 1.75 11.40625
v 1.4375 1.75 -6.59375
v 1.4375 1.75 -6.59375
v 1.4375 1.75 -6.59375
v 1.4375 1.75 -6.59375
v 1.4375 1.75 7.84375
v 1.4375 0.4375 7.84375
v 1.4375 0.4375 -6.59375
v 1.4375 0.4375 -6.59375
v -0.90951625 -0.698853125 11.40625
v -1.30726375 -0.301105625 11.40625
v -1.30726375 -0.301105625 -6.59375
v -0.90951625 -0.698853125 -6.59375
v -1.30726375 -0.301105625 -6.59375
v -1.30726375 -0.301105625 11.40625
v -0.90951625 -0.698853125 11.40625
v -0.90951625 -0.698853125 -6.59375
v -1.307264375 -0.30110625 11.40625
v -1.4375 0.4375 11.40625
v -1.4375 0.4375 -6.59375
v -1.307264375 -0.30110625 -6.59375
v -1.4375 0.4375 -6.59375
v -1.4375 0.4375 11.40625
v -1.307264375 -0.30110625 11.40625
v -1.307264375 -0.30110625 -6.59375
v -1.318116875 2.427055625 -6.59375
v -1.318116875 2.427055625 -6.59375
v -1.318116875 2.427055625 11.40625
v -1.318116875 2.427055625 11.40625
v -1.4375 1.75 11.40625
v -1.4375 1.75 11.40625
v -1.4375 1.75 -6.59375
v -1.4375 1.75 -6.59375
v -1.4375 1.75 -6.59375
v -1.4375 1.75 -6.59375
v -1.4375 1.75 7.84375
v -1.4375 0.4375 7.84375
v -1.4375 0.4375 -6.59375
v -1.4375 0.4375 -6.59375
v 0.0321275 2.604338125 4
v 0.0321275 2.604338125 4
v 0.0321275 2.604338125 11.375
v 0.0321275 2.604338125 11.375
v -0.4053725 2.604338125 11.375
v -0.4053725 2.604338125 11.375
v -0.4053725 2.604338125 4
v -0.4053725 2.604338125 4
v -0.9657325 2.555313125 11.375
v -0.4053725 2.604338125 11.375
v -0.4053725 2.604338125 4
v -0.9657325 2.555313125 4
v -0.4053725 2.604338125 4
v -0.4053725 2.604338125 11.375
v -0.9657325 2.555313125 11.375
v -0.9657325 2.555313125 4
v -1.318116875 2.427055625 11.375
v -0.9657325 2.555313125 11.375
v -0.9657325 2.555313125 4
v -1.318116875 2.427055625 4
v -0.9657325 2.555313125 4
v -0.9657325 2.555313125 11.375
v -1.318116875 2.427055625 11.375
v -1.318116875 2.427055625 4
v 0.027939375 -0.698835 6.28125
v -0.909560625 -0.698835 6.28125
v -0.909560625 -0.698835 -4.15625
v 0.027939375 -0.698835 -4.15625
v -0.909560625 -0.698835 -4.15625
v -0.909560625 -0.698835 6.28125
v 0.027939375 -0.698835 6.28125
v 0.027939375 -0.698835 -4.15625
v 0.909560625 -0.698835 -4.15625
v 0.909560625 -0.698835 6.28125
v -0.027939375 -0.698835 6.28125
v -0.027939375 -0.698835 -4.15625
v 0.909560625 -0.698835 -4.15625
v 0.909560625 -0.698835 6.28125
v -0.027939375 -0.698835 6.28125
v -0.027939375 -0.698835 -4.15625
v -1.375 -0.707418125 6.252165
v -1.375 0.06871625 6.656195
v -1.375 -0.707418125 6.252165
v -1.375 0.06871625 6.656195
v 1.375 0.06871625 6.656195
v 1.375 -0.707418125 6.252165
v 1.375 0.06871625 6.656195
v 1.375 -0.707418125 6.252165
v -1.375 0.06875 6.65625
v -1.375 0.06875 7.90625
v -1.375 0.06875 6.65625
v -1.375 0.06875 7.90625
v 1.375 0.06875 7.90625
v 1.375 0.06875 6.65625
v 1.375 0.06875 7.90625
v 1.375 0.06875 6.65625
v -1.375 0.06875 7.890625625
v -1.375 0.06875 9.140625625
v -1.375 0.06875 7.890625625
v -1.375 0.06875 9.140625625
v 1.375 0.06875 9.140625625
v 1.375 0.06875 7.890625625
v 1.375 0.06875 9.140625625
v 1.375 0.06875 7.890625625
v -1.375 -0.707418125 -8.591585
v -1.375 0.06871625 -8.187555
v -1.375 -0.707418125 -8.591585
v -1.375 0.06871625 -8.187555
v 1.375 0.06871625 -8.187555
v 1.375 -0.707418125 -8.591585
v 1.375 0.06871625 -8.187555
v 1.375 -0.707418125 -8.591585
v -1.375 0.06875 -7
v -1.375 0.06875 -5.75
v -1.375 0.06875 -7
v -1.375 0.06875 -5.75
v 1.375 0.06875 -5.75
v 1.375 0.06875 -7
v 1.375 0.06875 -5.75
v 1.375 0.06875 -7
v -1.375 0.06875 -8.1875
v -1.375 0.06875 -6.9375
v -1.375 0.06875 -8.1875
v -1.375 0.06875 -6.9375
v 1.375 0.06875 -6.9375
v 1.375 0.06875 -8.1875
v 1.375 0.06875 -6.9375
v 1.375 0.06875 -8.1875
v 1.375 -0.707418125 10.733265
v 1.375 0.06871625 10.329235
v 1.375 -0.707418125 10.733265
v 1.375 0.06871625 10.329235
v -1.375 0.06871625 10.329235
v -1.375 -0.707418125 10.733265
v -1.375 0.06871625 10.329235
v -1.375 -0.707418125 10.733265
v 1.375 0.06875 10.329179375
v 1.375 0.06875 11.032304375
v 1.375 0.06875 9.782304375
v -1.375 0.06875 9.079179375
v -1.375 0.06875 10.329179375
v -1.375 0.06875 9.782304375
v -1.375 0.06875 11.032304375
v 1.375 -0.707418125 -4.127164375
v 1.375 0.06871625 -4.531194375
v 1.375 -0.707418125 -4.127164375
v 1.375 0.06871625 -4.531194375
v -1.375 0.06871625 -4.531194375
v -1.375 -0.707418125 -4.127164375
v -1.375 0.06871625 -4.531194375
v -1.375 -0.707418125 -4.127164375
v 1.375 0.06875 -4.53125
v 1.375 0.06875 -5.78125
v 1.375 0.06875 -4.53125
v 1.375 0.06875 -5.78125
v -1.375 0.06875 -5.78125
v -1.375 0.06875 -4.53125
v -1.375 0.06875 -5.78125
v -1.375 0.06875 -4.53125
v 0.5 0.125 10.96875
v 0.5 2.375 10.96875
v 0.5 2.375 11.59375
v 0.5 0.125 11.59375
v 0.4375 0.125 11.59375
v 0.4375 2.375 11.59375
v 0.4375 2.375 10.96875
v 0.4375 0.125 10.96875
v 0 2.3125 10.96875
v 0 2.375 10.96875
v 0 2.375 11.59375
v 0 2.3125 11.59375
v -0.4375 2.3125 11.59375
v -0.4375 2.375 11.59375
v -0.4375 2.375 10.96875
v -0.4375 2.3125 10.96875
v -0.4375 0.125 10.96875
v -0.4375 2.375 10.96875
v -0.4375 2.375 11.59375
v -0.4375 0.125 11.59375
v -0.5 0.125 11.59375
v -0.5 2.375 11.59375
v -0.5 2.375 10.96875
v -0.5 0.125 10.96875
v 0.4375 2.3125 10.96875
v 0.4375 2.375 10.96875
v 0.4375 2.375 11.59375
v 0.4375 2.3125 11.59375
v 0 2.3125 11.59375
v 0 2.375 11.59375
v 0 2.375 10.96875
v 0 2.3125 10.96875
v 0.84375 2.1875 11.03125
v 0.84375 2.1875 11.03125
v 0.84375 2 11.03125
v 0.84375 2 11.03125
v -0.03125 2.1875 11.03125
v -0.03125 2.1875 11.03125
v -0.03125 2 11.03125
v -0.03125 2 11.03125
v 0.84375 2.375 11.03125
v 0.84375 2.375 11.03125
v 0.84375 2.1875 11.03125
v 0.84375 2.1875 11.03125
v -0.03125 2.375 11.03125
v -0.03125 2.375 11.03125
v -0.03125 2.1875 11.03125
v -0.03125 2.1875 11.03125
v 0.84375 2.5625 11.03125
v 0.84375 2.5625 11.03125
v 0.84375 2.375 11.03125
v 0.84375 2.375 11.03125
v -0.03125 2.5625 11.03125
v -0.03125 2.5625 11.03125
v -0.03125 2.375 11.03125
v -0.03125 2.375 11.03125
v 1.083370625 2.472475625 11.03125
v 1.083370625 2.472475625 11.03125
v 1.029260625 2.228401875 11.03125
v 1.029260625 2.228401875 11.03125
v 0.839296875 2.526585625 11.03125
v 0.839296875 2.526585625 11.03125
v 0.785186875 2.282511875 11.03125
v 0.785186875 2.282511875 11.03125
v 1.313243125 2.4053275 11.03125
v 1.313243125 2.4053275 11.03125
v 1.227738125 2.170404375 11.03125
v 1.227738125 2.170404375 11.03125
v 1.07832 2.4908325 11.03125
v 1.07832 2.4908325 11.03125
v 0.992815 2.255909375 11.03125
v 0.992815 2.255909375 11.03125
v 0.8125 2.375 11.03125
v 0.8125 2.375 11.03125
v 0.8125 2.0625 11.03125
v 0.8125 2.0625 11.03125
v 0.5 2.375 11.03125
v 0.5 2.375 11.03125
v 0.5 2.0625 11.03125
v 0.5 2.0625 11.03125
v 1.328125 2.3125 11.03125
v 1.328125 2.3125 11.03125
v 1.328125 2.0625 11.03125
v 1.328125 2.0625 11.03125
v 0.765625 2.3125 11.03125
v 0.765625 2.3125 11.03125
v 0.765625 2.0625 11.03125
v 0.765625 2.0625 11.03125
v 0.5 2.375 11.03125
v 0.5 2.375 11.03125
v 0.5 0.0625 11.03125
v 0.5 0.0625 11.03125
v 0 2.375 11.03125
v 0 2.375 11.03125
v 0 0.0625 11.03125
v 0 0.0625 11.03125
v 1.375 2.0625 11.03125
v 1.375 2.0625 11.03125
v 1.375 0.0625 11.03125
v 1.375 0.0625 11.03125
v 0.5 2.0625 11.03125
v 0.5 2.0625 11.03125
v 0.5 0.0625 11.03125
v 0.5 0.0625 11.03125
v 0 2.375 11.03125
v 0 2.375 11.03125
v 0 0.0625 11.03125
v 0 0.0625 11.03125
v -0.5 2.375 11.03125
v -0.5 2.375 11.03125
v -0.5 0.0625 11.03125
v -0.5 0.0625 11.03125
v -0.5 2.0625 11.03125
v -0.5 2.0625 11.03125
v -0.5 0.0625 11.03125
v -0.5 0.0625 11.03125
v -1.375 2.0625 11.03125
v -1.375 2.0625 11.03125
v -1.375 0.0625 11.03125
v -1.375 0.0625 11.03125
v 0.03125 2.1875 11.03125
v 0.03125 2.1875 11.03125
v 0.03125 2 11.03125
v 0.03125 2 11.03125
v -0.84375 2.1875 11.03125
v -0.84375 2.1875 11.03125
v -0.84375 2 11.03125
v -0.84375 2 11.03125
v 0.03125 2.375 11.03125
v 0.03125 2.375 11.03125
v 0.03125 2.1875 11.03125
v 0.03125 2.1875 11.03125
v -0.84375 2.375 11.03125
v -0.84375 2.375 11.03125
v -0.84375 2.1875 11.03125
v -0.84375 2.1875 11.03125
v 0.03125 2.5625 11.03125
v 0.03125 2.5625 11.03125
v 0.03125 2.375 11.03125
v 0.03125 2.375 11.03125
v -0.84375 2.5625 11.03125
v -0.84375 2.5625 11.03125
v -0.84375 2.375 11.03125
v -0.84375 2.375 11.03125
v -1.07832 2.4908325 11.03125
v -1.07832 2.4908325 11.03125
v -0.992815 2.255909375 11.03125
v -0.992815 2.255909375 11.03125
v -1.313243125 2.4053275 11.03125
v -1.313243125 2.4053275 11.03125
v -1.227738125 2.170404375 11.03125
v -1.227738125 2.170404375 11.03125
v -0.5 2.375 11.03125
v -0.5 2.375 11.03125
v -0.5 2.0625 11.03125
v -0.5 2.0625 11.03125
v -0.8125 2.375 11.03125
v -0.8125 2.375 11.03125
v -0.8125 2.0625 11.03125
v -0.8125 2.0625 11.03125
v -0.765625 2.3125 11.03125
v -0.765625 2.3125 11.03125
v -0.765625 2.0625 11.03125
v -0.765625 2.0625 11.03125
v -1.328125 2.3125 11.03125
v -1.328125 2.3125 11.03125
v -1.328125 2.0625 11.03125
v -1.328125 2.0625 11.03125
v -0.839296875 2.526585625 11.03125
v -0.839296875 2.526585625 11.03125
v -0.785186875 2.282511875 11.03125
v -0.785186875 2.282511875 11.03125
v -1.083370625 2.472475625 11.03125
v -1.083370625 2.472475625 11.03125
v -1.029260625 2.228401875 11.03125
v -1.029260625 2.228401875 11.03125
v 1.372381875 0.068196875 11.03125
v 1.4375 0.4375 11.03125
v 1.4375 0.4375 11.40625
v 1.372381875 0.068196875 11.40625
v 1.310831875 0.07905 11.40625
v 1.37595 0.448353125 11.40625
v 1.37595 0.448353125 11.03125
v 1.310831875 0.07905 11.03125
v 1.4375 1.75 11.03125
v 1.4375 1.75 11.40625
v 1.4375 0.4375 11.40625
v 1.375 0.4375 11.40625
v 1.375 1.75 11.40625
v 1.375 1.75 11.03125
v 1.375 0.4375 11.03125
v 1.318116875 2.427055625 11.03125
v 1.318116875 2.427055625 11.40625
v 1.4375 1.75 11.40625
v 1.375949375 1.739146875 11.40625
v 1.25656625 2.4162025 11.40625
v 1.25656625 2.4162025 11.03125
v 1.375949375 1.739146875 11.03125
v -1.310831875 0.07905 11.03125
v -1.37595 0.448353125 11.03125
v -1.37595 0.448353125 11.40625
v -1.310831875 0.07905 11.40625
v -1.372381875 0.068196875 11.40625
v -1.4375 0.4375 11.40625
v -1.4375 0.4375 11.03125
v -1.372381875 0.068196875 11.03125
v -1.375 0.4375 11.03125
v -1.375 1.75 11.03125
v -1.375 1.75 11.40625
v -1.375 0.4375 11.40625
v -1.4375 0.4375 11.40625
v -1.4375 1.75 11.40625
v -1.4375 1.75 11.03125
v -1.375949375 1.739146875 11.03125
v -1.25656625 2.4162025 11.03125
v -1.25656625 2.4162025 11.40625
v -1.375949375 1.739146875 11.40625
v -1.4375 1.75 11.40625
v -1.318116875 2.427055625 11.40625
v -1.318116875 2.427055625 11.03125
v -0.4053725 2.541838125 11.03125
v 0.0321275 2.541838125 11.03125
v 0.0321275 2.541838125 11.40625
v -0.4053725 2.541838125 11.40625
v 0.0321275 2.604338125 11.03125
v 0.0321275 2.604338125 11.40625
v -0.4053725 2.604338125 11.40625
v -0.4053725 2.604338125 11.03125
v -0.399925625 2.54207625 11.40625
v -0.399925625 2.54207625 11.03125
v -0.4053725 2.604338125 11.03125
v -0.4053725 2.604338125 11.40625
v -0.960285 2.49305125 11.03125
v -0.960285 2.49305125 11.40625
v -0.9657325 2.555313125 11.40625
v -0.9657325 2.555313125 11.03125
v -1.296740625 2.368325 11.03125
v -0.94435625 2.4965825 11.03125
v -0.94435625 2.4965825 11.40625
v -1.296740625 2.368325 11.40625
v -0.9657325 2.555313125 11.03125
v -0.9657325 2.555313125 11.40625
v -1.318116875 2.427055625 11.40625
v -1.318116875 2.427055625 11.03125
v 0.4053725 2.541838125 11.40625
v -0.0321275 2.541838125 11.40625
v -0.0321275 2.541838125 11.03125
v 0.4053725 2.541838125 11.03125
v -0.0321275 2.604338125 11.40625
v -0.0321275 2.604338125 11.03125
v 0.4053725 2.604338125 11.03125
v 0.4053725 2.604338125 11.40625
v 0.4053725 2.604338125 11.40625
v 0.4053725 2.604338125 11.03125
v 0.399925625 2.54207625 11.03125
v 0.399925625 2.54207625 11.40625
v 0.9657325 2.555313125 11.03125
v 0.9657325 2.555313125 11.40625
v 0.960285 2.49305125 11.40625
v 0.960285 2.49305125 11.03125
v 1.296740625 2.368325 11.40625
v 0.94435625 2.4965825 11.40625
v 0.94435625 2.4965825 11.03125
v 1.296740625 2.368325 11.03125
v 0.9657325 2.555313125 11.40625
v 0.9657325 2.555313125 11.03125
v 1.318116875 2.427055625 11.03125
v 1.318116875 2.427055625 11.40625
v 0.09375 2.96875 -7.265625
v 0.09375 2.96875 -7.265625
v 0.09375 2.78125 -7.265625
v 0.09375 2.78125 -7.265625
v -0.09375 2.96875 -7.265625
v -0.09375 2.96875 -7.265625
v -0.09375 2.78125 -7.265625
v -0.09375 2.78125 -7.265625
v 0.125 3 -7.25
v 0.125 3 -7.25
v 0.125 2.75 -7.25
v 0.125 2.75 -7.25
v -0.125 3 -7.25
v -0.125 3 -7.25
v -0.125 2.75 -7.25
v -0.125 2.75 -7.25
v 0.077003125 2.991626875 -7.25
v -0.139503125 2.866626875 -7.25
v -0.139503125 2.866626875 -7.1875
v 0.077003125 2.991626875 -7.1875
v 0.139503125 2.883373125 -7.1875
v -0.077003125 2.758373125 -7.1875
v -0.077003125 2.758373125 -7.25
v 0.139503125 2.883373125 -7.25
v 0.139503125 2.866626875 -7.25
v -0.077003125 2.991626875 -7.25
v -0.077003125 2.991626875 -7.1875
v 0.139503125 2.866626875 -7.1875
v 0.077003125 2.758373125 -7.1875
v -0.139503125 2.883373125 -7.1875
v -0.139503125 2.883373125 -7.25
v 0.077003125 2.758373125 -7.25
v 0.0625 2.75 -7.25
v 0.0625 3 -7.25
v 0.0625 3 -7.1875
v 0.0625 2.75 -7.1875
v -0.0625 2.75 -7.1875
v -0.0625 3 -7.1875
v -0.0625 3 -7.25
v -0.0625 2.75 -7.25
v -0.55820125 -0.205095 -10.11496875
v -0.768283125 -0.26382125 -8.56777
v -0.858593125 -0.690950625 -8.596245
v -0.64851125 -0.632224375 -10.14344375
v -0.709085625 -0.6189025 -10.1511625
v -0.919166875 -0.677628125 -8.603964375
v -0.828856875 -0.25049875 -8.575489375
v -0.618775625 -0.191773125 -10.122688125
v -0.39143375 -0.205300625 -10.640805625
v -0.56058125 -0.20530125 -10.104339375
v -0.650890625 -0.632430625 -10.132814375
v -0.48174375 -0.632430625 -10.66928
v -0.539938125 -0.6189025 -10.68762875
v -0.709085 -0.618903125 -10.151163125
v -0.618775625 -0.19177375 -10.122688125
v -0.449628125 -0.191773125 -10.65915375
v -0.20607875 -0.21248625 -10.8154275
v -0.406949375 -0.21248625 -10.576038125
v -0.493691875 -0.63507875 -10.648823125
v -0.29282125 -0.63507875 -10.888211875
v -0.3390675 -0.6189025 -10.9270175
v -0.539938125 -0.6189025 -10.687628125
v -0.45319625 -0.19631 -10.61484375
v -0.252325 -0.19631 -10.8542325
v -0.08448125 -0.22044625 -10.84402875
v -0.25079625 -0.220445625 -10.75745125
v -0.31154375 -0.637696875 -10.874145
v -0.145229375 -0.637696875 -10.960723125
v -0.1727525 -0.618903125 -11.013595
v -0.3390675 -0.6189025 -10.9270175
v -0.278319375 -0.201651875 -10.810323125
v -0.112005 -0.201651875 -10.89690125
v 0.0147475 -0.229163125 -10.805230625
v -0.1727525 -0.229163125 -10.805230625
v -0.1727525 -0.64027875 -10.954864375
v 0.0147475 -0.64027875 -10.954864375
v 0.0147475 -0.6189025 -11.013595625
v -0.1727525 -0.6189025 -11.013595625
v -0.1727525 -0.207786875 -10.86396125
v 0.0147475 -0.207786875 -10.86396125
v 0.618775625 -0.191773125 -10.122688125
v 0.828856875 -0.25049875 -8.575489375
v 0.919166875 -0.677628125 -8.603964375
v 0.709085625 -0.6189025 -10.1511625
v 0.64851125 -0.632224375 -10.14344375
v 0.858593125 -0.690950625 -8.596245
v 0.768283125 -0.26382125 -8.56777
v 0.55820125 -0.205095 -10.11496875
v 0.449628125 -0.191773125 -10.65915375
v 0.618775625 -0.19177375 -10.122688125
v 0.709085 -0.618903125 -10.151163125
v 0.539938125 -0.6189025 -10.68762875
v 0.48174375 -0.632430625 -10.66928
v 0.650890625 -0.632430625 -10.132814375
v 0.56058125 -0.20530125 -10.104339375
v 0.39143375 -0.205300625 -10.640805625
v 0.252325 -0.19631 -10.8542325
v 0.45319625 -0.19631 -10.61484375
v 0.539938125 -0.6189025 -10.687628125
v 0.3390675 -0.6189025 -10.9270175
v 0.29282125 -0.63507875 -10.888211875
v 0.493691875 -0.63507875 -10.648823125
v 0.406949375 -0.21248625 -10.576038125
v 0.20607875 -0.21248625 -10.8154275
v 0.112005 -0.201651875 -10.89690125
v 0.278319375 -0.201651875 -10.810323125
v 0.3390675 -0.6189025 -10.9270175
v 0.1727525 -0.618903125 -11.013595
v 0.145229375 -0.637696875 -10.960723125
v 0.31154375 -0.637696875 -10.874145
v 0.25079625 -0.220445625 -10.75745125
v 0.08448125 -0.22044625 -10.84402875
v -0.0147475 -0.207786875 -10.86396125
v 0.1727525 -0.207786875 -10.86396125
v 0.1727525 -0.6189025 -11.013595625
v -0.0147475 -0.6189025 -11.013595625
v -0.0147475 -0.64027875 -10.954864375
v 0.1727525 -0.64027875 -10.954864375
v 0.1727525 -0.229163125 -10.805230625
v -0.0147475 -0.229163125 -10.805230625
v -0.561515 0.946875 -10.796875
v -0.561515 0.946875 -10.796875
v -0.561515 0.759375 -10.796875
v -0.561515 0.759375 -10.796875
v -0.749015 0.946875 -10.796875
v -0.749015 0.946875 -10.796875
v -0.749015 0.759375 -10.796875
v -0.749015 0.759375 -10.796875
v -0.311515 0.946875 -10.890625
v -0.311515 0.946875 -10.890625
v -0.311515 0.759375 -10.890625
v -0.311515 0.759375 -10.890625
v -0.499015 0.946875 -10.890625
v -0.499015 0.946875 -10.890625
v -0.499015 0.759375 -10.890625
v -0.499015 0.759375 -10.890625
v -0.544768125 0.861498125 -10.875
v -0.328261875 0.736498125 -10.875
v -0.328261875 0.736498125 -10.8125
v -0.544768125 0.861498125 -10.8125
v -0.482268125 0.969751875 -10.8125
v -0.265761875 0.844751875 -10.8125
v -0.265761875 0.844751875 -10.875
v -0.482268125 0.969751875 -10.875
v -0.794768125 0.861498125 -10.78125
v -0.578261875 0.736498125 -10.78125
v -0.578261875 0.736498125 -10.71875
v -0.794768125 0.861498125 -10.71875
v -0.732268125 0.969751875 -10.71875
v -0.515761875 0.844751875 -10.71875
v -0.515761875 0.844751875 -10.78125
v -0.732268125 0.969751875 -10.78125
v -0.342765 0.728125 -10.875
v -0.342765 0.978125 -10.875
v -0.342765 0.978125 -10.8125
v -0.342765 0.728125 -10.8125
v -0.467765 0.728125 -10.8125
v -0.467765 0.978125 -10.8125
v -0.467765 0.978125 -10.875
v -0.467765 0.728125 -10.875
v -0.482268125 0.736498125 -10.875
v -0.265761875 0.861498125 -10.875
v -0.265761875 0.861498125 -10.8125
v -0.482268125 0.736498125 -10.8125
v -0.544768125 0.844751875 -10.8125
v -0.328261875 0.969751875 -10.8125
v -0.328261875 0.969751875 -10.875
v -0.544768125 0.844751875 -10.875
v -0.732268125 0.736498125 -10.78125
v -0.515761875 0.861498125 -10.78125
v -0.515761875 0.861498125 -10.71875
v -0.732268125 0.736498125 -10.71875
v -0.794768125 0.844751875 -10.71875
v -0.578261875 0.969751875 -10.71875
v -0.578261875 0.969751875 -10.78125
v -0.794768125 0.844751875 -10.78125
v -0.544768125 0.861498125 -10.875
v -0.328261875 0.736498125 -10.875
v -0.328261875 0.736498125 -10.8125
v -0.544768125 0.861498125 -10.8125
v -0.482268125 0.969751875 -10.8125
v -0.265761875 0.844751875 -10.8125
v -0.265761875 0.844751875 -10.875
v -0.482268125 0.969751875 -10.875
v -0.717765 0.978125 -10.78125
v -0.717765 0.728125 -10.78125
v -0.717765 0.728125 -10.71875
v -0.717765 0.978125 -10.71875
v -0.592765 0.978125 -10.71875
v -0.592765 0.728125 -10.71875
v -0.592765 0.728125 -10.78125
v -0.592765 0.978125 -10.78125
v -0.794768125 0.861498125 -10.78125
v -0.578261875 0.736498125 -10.78125
v -0.578261875 0.736498125 -10.71875
v -0.794768125 0.861498125 -10.71875
v -0.732268125 0.969751875 -10.71875
v -0.515761875 0.844751875 -10.71875
v -0.515761875 0.844751875 -10.78125
v -0.732268125 0.969751875 -10.78125
v -0.280265 0.978125 -10.875
v -0.280265 0.978125 -10.875
v -0.280265 0.728125 -10.875
v -0.280265 0.728125 -10.875
v -0.530265 0.978125 -10.875
v -0.530265 0.978125 -10.875
v -0.530265 0.728125 -10.875
v -0.530265 0.728125 -10.875
v -0.530265 0.978125 -10.78125
v -0.530265 0.978125 -10.78125
v -0.530265 0.728125 -10.78125
v -0.530265 0.728125 -10.78125
v -0.780265 0.978125 -10.78125
v -0.780265 0.978125 -10.78125
v -0.780265 0.728125 -10.78125
v -0.780265 0.728125 -10.78125
v 0.780265 0.978125 -10.78125
v 0.780265 0.978125 -10.78125
v 0.780265 0.728125 -10.78125
v 0.780265 0.728125 -10.78125
v 0.530265 0.978125 -10.78125
v 0.530265 0.978125 -10.78125
v 0.530265 0.728125 -10.78125
v 0.530265 0.728125 -10.78125
v 0.530265 0.978125 -10.875
v 0.530265 0.978125 -10.875
v 0.530265 0.728125 -10.875
v 0.530265 0.728125 -10.875
v 0.280265 0.978125 -10.875
v 0.280265 0.978125 -10.875
v 0.280265 0.728125 -10.875
v 0.280265 0.728125 -10.875
v 0.732268125 0.969751875 -10.78125
v 0.515761875 0.844751875 -10.78125
v 0.515761875 0.844751875 -10.71875
v 0.732268125 0.969751875 -10.71875
v 0.794768125 0.861498125 -10.71875
v 0.578261875 0.736498125 -10.71875
v 0.578261875 0.736498125 -10.78125
v 0.794768125 0.861498125 -10.78125
v 0.592765 0.978125 -10.78125
v 0.592765 0.728125 -10.78125
v 0.592765 0.728125 -10.71875
v 0.592765 0.978125 -10.71875
v 0.717765 0.978125 -10.71875
v 0.717765 0.728125 -10.71875
v 0.717765 0.728125 -10.78125
v 0.717765 0.978125 -10.78125
v 0.482268125 0.969751875 -10.875
v 0.265761875 0.844751875 -10.875
v 0.265761875 0.844751875 -10.8125
v 0.482268125 0.969751875 -10.8125
v 0.544768125 0.861498125 -10.8125
v 0.328261875 0.736498125 -10.8125
v 0.328261875 0.736498125 -10.875
v 0.544768125 0.861498125 -10.875
v 0.794768125 0.844751875 -10.78125
v 0.578261875 0.969751875 -10.78125
v 0.578261875 0.969751875 -10.71875
v 0.794768125 0.844751875 -10.71875
v 0.732268125 0.73649875 -10.71875
v 0.515761875 0.86149875 -10.71875
v 0.515761875 0.86149875 -10.78125
v 0.732268125 0.73649875 -10.78125
v 0.544768125 0.844751875 -10.875
v 0.328261875 0.969751875 -10.875
v 0.328261875 0.969751875 -10.8125
v 0.544768125 0.844751875 -10.8125
v 0.482268125 0.736498125 -10.8125
v 0.265761875 0.861498125 -10.8125
v 0.265761875 0.861498125 -10.875
v 0.482268125 0.736498125 -10.875
v 0.467765 0.728125 -10.875
v 0.467765 0.978125 -10.875
v 0.467765 0.978125 -10.8125
v 0.467765 0.728125 -10.8125
v 0.342765 0.728125 -10.8125
v 0.342765 0.978125 -10.8125
v 0.342765 0.978125 -10.875
v 0.342765 0.728125 -10.875
v 0.732268125 0.969751875 -10.78125
v 0.515761875 0.844751875 -10.78125
v 0.515761875 0.844751875 -10.71875
v 0.732268125 0.969751875 -10.71875
v 0.794768125 0.861498125 -10.71875
v 0.578261875 0.736498125 -10.71875
v 0.578261875 0.736498125 -10.78125
v 0.794768125 0.861498125 -10.78125
v 0.482268125 0.969751875 -10.875
v 0.265761875 0.844751875 -10.875
v 0.265761875 0.844751875 -10.8125
v 0.482268125 0.969751875 -10.8125
v 0.544768125 0.86149875 -10.8125
v 0.328261875 0.73649875 -10.8125
v 0.328261875 0.73649875 -10.875
v 0.544768125 0.86149875 -10.875
v 0.499015 0.946875 -10.890625
v 0.499015 0.946875 -10.890625
v 0.499015 0.759375 -10.890625
v 0.499015 0.759375 -10.890625
v 0.311515 0.946875 -10.890625
v 0.311515 0.946875 -10.890625
v 0.311515 0.759375 -10.890625
v 0.311515 0.759375 -10.890625
v 0.749015 0.946875 -10.796875
v 0.749015 0.946875 -10.796875
v 0.749015 0.759375 -10.796875
v 0.749015 0.759375 -10.796875
v 0.561515 0.946875 -10.796875
v 0.561515 0.946875 -10.796875
v 0.561515 0.759375 -10.796875
v 0.561515 0.759375 -10.796875
v 1.4375 1.75 9.46875
v 1.4375 1.75 9.46875
v 1.4375 1.75 11.40625
v 1.4375 1.75 11.40625
v 1.4375 0.4375 11.40625
v 1.4375 0.4375 11.40625
v 1.4375 0.4375 9.46875
v 1.4375 0.4375 9.46875
v -1.4375 1.75 9.46875
v -1.4375 1.75 9.46875
v -1.4375 1.75 11.40625
v -1.4375 1.75 11.40625
v -1.4375 0.4375 11.40625
v -1.4375 0.4375 11.40625
v -1.4375 0.4375 9.46875
v -1.4375 0.4375 9.46875
v 1.187880625 3.165661875 -5.0625
v 1.187880625 3.165661875 -3.8125
v 1.318116875 2.42705625 -3.8125
v 1.31811625 2.42705625 -6.59375
v 1.318116875 2.427055625 -3.8125
v 1.187880625 3.16566125 -3.8125
v 1.187880625 3.16566125 11.375
v 1.318116875 2.427055625 11.375
v 1.318116875 2.427055625 -6.59375
v 1.318116875 2.427055625 11.40625
v 1.4375 1.75 11.40625
v 1.4375 1.75 -6.59375
v -1.4375 1.75 11.40625
v -1.318116875 2.427055625 11.40625
v -1.318116875 2.427055625 -6.59375
v -1.4375 1.75 -6.59375
v -1.4375 0.4375 7.84375
v -1.4375 1.75 7.84375
v -1.4375 1.75 -6.59375
v -1.4375 0.4375 -6.59375
v 1.4375 1.75 -6.59375
v 1.4375 1.75 7.84375
v 1.4375 0.4375 7.84375
v 1.4375 0.4375 -6.59375
v -1.318116875 2.427055625 11.375
v -1.187880625 3.16566125 11.375
v -1.187880625 3.16566125 -3.8125
v -1.318116875 2.427055625 -3.8125
v 1.375 0.06875 9.079179375
v 1.375 0.06875 10.015625625
v -1.375 0.06875 10.015625625
v -1.375 0.06875 8.765625625
v 1.375 0.06875 8.765625625
v -1.187880625 3.16566125 -3.8125
v -1.107531875 3.2614175 -3.8125
v -1.107531875 3.2614175 -5.0625
v -1.187880625 3.16566125 -5.0625
v -1.318116875 2.42705625 -3.8125
v -1.187880625 3.165661875 -3.8125
v -1.187880625 3.165661875 -5.0625
v -1.31811625 2.42705625 -6.59375
v 0.960285 2.49305125 11.40625
v 0.399925625 2.54207625 11.40625
v 0.399925625 2.54207625 11.03125
v 0.960285 2.49305125 11.03125
v 0.9657325 2.555313125 11.40625
v 0.4053725 2.604338125 11.40625
v 0.9657325 2.555313125 11.03125
v 0.4053725 2.604338125 11.03125
v -0.399925625 2.54207625 11.03125
v -0.399925625 2.54207625 11.40625
v -0.960285 2.49305125 11.40625
v -0.960285 2.49305125 11.03125
v -0.4053725 2.604338125 11.40625
v -0.9657325 2.555313125 11.40625
v -0.4053725 2.604338125 11.03125
v -0.9657325 2.555313125 11.03125
v -1.187880625 3.16566125 11.375
v -1.107531875 3.261416875 11.375
v -1.107531875 3.261416875 9.125
v -1.187880625 3.16566125 9.125
v -1.1075325 3.261416875 11.375
v -0.996655625 3.319135 11.375
v -0.996655625 3.319135 9.125
v -1.1075325 3.261416875 9.125
v 1.107531875 3.261416875 9.125
v 1.107531875 3.261416875 11.375
v 1.187880625 3.16566125 11.375
v 1.187880625 3.16566125 9.125
v 0.996655625 3.319135 9.125
v 0.996655625 3.319135 11.375
v 1.1075325 3.261416875 11.375
v 1.1075325 3.261416875 9.125
v 1.375 0.06875 -4.53125
v 1.375 0.06875 -5.78125
v -1.375 0.06875 -5.78125
v -1.375 0.06875 -4.53125
vt 0.3754325259515571 0.20501730103806226
vt 0.3754325259515571 0.1877162629757786
vt 0.36764705882352944 0.1877162629757786
vt 0.36764705882352944 0.20501730103806226
vt 0.7958477508650519 0.20242214532871972
vt 0.7958477508650519 0.18512110726643594
vt 0.7898710207612457 0.18512110726643594
vt 0.7897923875432526 0.20242214532871972
vt 0.8265572923875433 0.5164905017301038
vt 0.8096886678200692 0.5164359083044983
vt 0.8096886678200692 0.5181660899653979
vt 0.8269895328719723 0.5181660899653979
vt 0.2102076124567474 0.19550173010380623
vt 0.2102076124567474 0.17820069204152245
vt 0.20847750865051903 0.17820069204152245
vt 0.20847750865051903 0.19550173010380623
vt 0.8107011678200693 0.20242214532871972
vt 0.8107011678200693 0.19550173010380623
vt 0.8029157006920415 0.19550173010380623
vt 0.8029157006920415 0.20242214532871972
vt 0.8029157006920415 0.20242214532871972
vt 0.8029157006920415 0.19550173010380623
vt 0.7967815311418684 0.1955230103806228
vt 0.800259991349481 0.20242214532871972
vt 0.6472371453287197 0.21020356401384077
vt 0.6472371453287197 0.20328314878892728
vt 0.639451678200692 0.20328314878892728
vt 0.6396679411764706 0.21020356401384077
vt 0.6396679411764706 0.21020356401384077
vt 0.639451678200692 0.20328314878892728
vt 0.6367161418685121 0.20328754325259513
vt 0.6367272750865052 0.21020761245674735
vt 0.7475778633217993 0.2024158044982699
vt 0.7475778633217993 0.1920351816608996
vt 0.7400086591695502 0.1920351816608996
vt 0.7406574480968858 0.2024158044982699
vt 0.7406574480968858 0.20241578719723186
vt 0.7400086591695502 0.1920351816608996
vt 0.7370674653979239 0.19208093425605544
vt 0.7370957179930795 0.20242214532871972
vt 0.27092216262975777 0.2015505709342561
vt 0.27092216262975777 0.1929000519031142
vt 0.2640017474048443 0.1929000519031142
vt 0.26465053633217994 0.2015505709342561
vt 0.26465053633217994 0.20155049307958484
vt 0.2640017474048443 0.1929000519031142
vt 0.26043596885813153 0.19298331314878892
vt 0.26045415224913493 0.20155709342560557
vt 0.3555363321799308 0.1842560553633218
vt 0.35564446366782004 0.1877162629757786
vt 0.35910467128027684 0.1877162629757786
vt 0.3592128027681661 0.1842560553633218
vt 0.21546143598615916 0.1911777681660899
vt 0.21546143598615916 0.19982698961937717
vt 0.21827285467128027 0.19982698961937717
vt 0.21784032871972317 0.1911777681660899
vt 0.21784032871972317 0.19117777681660908
vt 0.21827285467128027 0.19982698961937717
vt 0.2224710899653979 0.19973961937716267
vt 0.2224626903114187 0.1912039532871973
vt 0.8176229844290658 0.4498221453287198
vt 0.8176229844290658 0.446361937716263
vt 0.811783884083045 0.446361937716263
vt 0.8120001470588236 0.4498221453287198
vt 0.8120001470588236 0.4498221453287198
vt 0.811783884083045 0.446361937716263
vt 0.8071607525951556 0.4463670328719723
vt 0.8071645588235294 0.44982698961937717
vt 0.34872404844290655 0.19290657439446368
vt 0.34883217993079585 0.1825259515570934
vt 0.34515570934256057 0.1825259515570934
vt 0.3452638408304498 0.19290657439446368
vt 0.2674257785467128 0.18858131487889274
vt 0.2571236764705882 0.18858131487889274
vt 0.25701193771626296 0.19201650519031144
vt 0.2593331660899654 0.19204152249134943
vt 0.40484429065743943 0.21280276816609
vt 0.4083044982698962 0.21280276816609
vt 0.4083044982698962 0.21539792387543255
vt 0.40484429065743943 0.21539792387543255
vt 0.34345891003460205 0.19636678200692037
vt 0.3440283564013841 0.1825376730103806
vt 0.3408764878892734 0.18029138408304501
vt 0.3408764878892734 0.19616174740484427
vt 0.8055021453287198 0.45674519896193766
vt 0.8055021453287198 0.4446344723183391
vt 0.8011768858131488 0.4446344723183391
vt 0.8016094117647059 0.45674519896193766
vt 0.8016094117647059 0.45674517301038065
vt 0.8011768858131488 0.4446344723183391
vt 0.7950601384083045 0.4446743512110727
vt 0.7954925346020761 0.45674740484429066
vt 0.6081966089965398 0.19117647058823528
vt 0.6202773875432526 0.19117647058823528
vt 0.620393356401384 0.1885832266435986
vt 0.6082708564013841 0.1888666522491349
vt 0.7201673875432526 0.2093425605536332
vt 0.7223057958477509 0.19740445501730108
vt 0.7180056228373702 0.1768578373702423
vt 0.7180056228373702 0.20858869377162625
vt 0.2073187197231834 0.19549907439446368
vt 0.2073187197231834 0.1903087629757786
vt 0.20342598615916954 0.1903087629757786
vt 0.2036422491349481 0.19549907439446368
vt 0.2036422491349481 0.19549907439446368
vt 0.20342598615916954 0.1903087629757786
vt 0.1973093079584775 0.19034908304498266
vt 0.1977394982698962 0.19550173010380623
vt 0.15152404844290657 0.19982471453287198
vt 0.15152404844290657 0.1929042993079585
vt 0.14784757785467129 0.1929042993079585
vt 0.14806384083044982 0.19982471453287198
vt 0.14806384083044982 0.1998247058823529
vt 0.14784757785467129 0.1929042993079585
vt 0.1419448096885813 0.19294396193771624
vt 0.1430167214532872 0.19982698961937717
vt 0.7701090397923875 0.19562283737024222
vt 0.7701090397923875 0.19043252595155713
vt 0.7666488321799307 0.19043252595155713
vt 0.7666488321799307 0.19562283737024222
vt 0.7666488321799307 0.19562283737024222
vt 0.7666488321799307 0.19043252595155713
vt 0.7631823096885813 0.19054541522491342
vt 0.7612906141868513 0.20235536332179938
vt 0.7652862889273356 0.20242214532871972
vt 0.7701090397923875 0.19562283737024222
vt 0.7666488321799307 0.19562283737024222
vt 0.7612490916955018 0.20234558823529414
vt 0.7924118425605536 0.4388619377162629
vt 0.7947285121107266 0.4428774480968858
vt 0.8175984515570934 0.43722160899653983
vt 0.81630803633218 0.43425714532871973
vt 0.78901919550173 0.4332416955017301
vt 0.7924118425605536 0.4388619377162629
vt 0.8164339878892733 0.4342328719723183
vt 0.8155830363321799 0.42841695501730104
vt 0.8227818944636678 0.4878892733564014
vt 0.8204434256055363 0.4826989619377162
vt 0.7934324740484429 0.4826989619377162
vt 0.7933513235294118 0.48650406574394456
vt 0.8227695588235294 0.49394463667820065
vt 0.8228271972318338 0.48875432525951557
vt 0.7933636591695501 0.48875432525951557
vt 0.7933060207612457 0.49394463667820065
vt 0.2951238148788928 0.19290657439446368
vt 0.29517166955017304 0.18944636678200688
vt 0.2838122318339101 0.18944636678200688
vt 0.28376431660899654 0.19193357266435984
vt 0.17594115916955017 0.19896193771626303
vt 0.17592217993079584 0.19377162629757783
vt 0.16450498269896194 0.19377162629757783
vt 0.16445676470588236 0.19723206747404842
vt 0.33971525951557097 0.19636678200692037
vt 0.33852497404844295 0.19220295847750857
vt 0.32702349480968856 0.19382846020761246
vt 0.3276529930795848 0.19636678200692037
vt 0.8125 0.5112456747404844
vt 0.8103682785467128 0.5065890484429065
vt 0.7986491435986159 0.5094603633217993
vt 0.7993342906574394 0.5112456747404844
vt 0.8206153892733564 0.5147058823529411
vt 0.8211505190311419 0.5121107266435987
vt 0.8079815916955017 0.5121107266435987
vt 0.8086601557093426 0.5142681833910034
vt 0.37462140138408306 0.22664359861591699
vt 0.38019031141868515 0.22491349480968859
vt 0.36822365051903116 0.22491349480968859
vt 0.3676894117647059 0.2259452854671281
vt 0.8183621885813149 0.41608996539792387
vt 0.8185126211072664 0.4022491349480969
vt 0.7890490916955017 0.4022491349480969
vt 0.7889700778546712 0.4068724567474048
vt 0.8224480968858131 0.37365146193771626
vt 0.8197867474048444 0.36613321799307963
vt 0.7890989792387544 0.36881050173010377
vt 0.7907199307958477 0.37365146193771626
vt 0.32605974048442904 0.20415224913494812
vt 0.3261245415224914 0.18166089965397925
vt 0.3209342820069204 0.18166089965397925
vt 0.3209482698961938 0.20411689446366776
vt 0.7889273356401384 0.39684749134948105
vt 0.8114186851211073 0.40138408304498274
vt 0.8114186851211073 0.3832179930795848
vt 0.7889273356401384 0.3833044982698962
vt 0.7954270674740485 0.504325259515571
vt 0.8183391003460208 0.504325259515571
vt 0.8159031228373702 0.49512670415224913
vt 0.7934179757785468 0.4966150692041523
vt 0.7889866176470588 0.428829446366782
vt 0.7955036851211073 0.4307958477508651
vt 0.7999567474048442 0.4256055363321799
vt 0.7894783564013841 0.4256055363321799
vt 0.7493621626297577 0.18997512110726644
vt 0.7545415224913494 0.19031141868512114
vt 0.7532740397923876 0.18685121107266434
vt 0.7467424048442907 0.18685121107266434
vt 0.7673123875432526 0.18944636678200688
vt 0.7724913494809689 0.18910384948096892
vt 0.7716966003460207 0.1859861591695502
vt 0.7657000951557094 0.1859861591695502
vt 0.8005224221453286 0.47058823529411764
vt 0.8064654325259516 0.4697621626297578
vt 0.8155276816608996 0.4645328719723183
vt 0.796901972318339 0.4645328719723183
vt 0.8062569982698962 0.38235294117647056
vt 0.8347750865051903 0.38235294117647056
vt 0.8119878200692041 0.37621484429065744
vt 0.7891210467128028 0.375021384083045
vt 0.8135755795847751 0.45328719723183386
vt 0.8213042993079585 0.45265970588235294
vt 0.8213667820069204 0.4506920415224913
vt 0.8072680709342561 0.4506920415224913
vt 0.8072044723183391 0.4818339100346021
vt 0.8254757785467128 0.4793617993079585
vt 0.8252348961937717 0.47750865051903113
vt 0.7967193339100347 0.47750865051903113
vt 0.8034664878892734 0.46366782006920415
vt 0.8133650519031141 0.4606689619377162
vt 0.8077137110726643 0.4593425605536332
vt 0.796780008650519 0.4593425605536332
vt 0.13314254325259514 0.1909602076124568
vt 0.1245674740484429 0.1909602076124568
vt 0.13010370242214533 0.1971784688581315
vt 0.20665965397923874 0.19636678200692037
vt 0.19290657439446368 0.19970385813148794
vt 0.2113443339100346 0.19970385813148794
vt 0.2502748702422145 0.18555363321799312
vt 0.24480968858131488 0.1891321799307959
vt 0.2502748702422145 0.19376017301038062
vt 0.14705879757785467 0.18533737024221453
vt 0.14186851211072665 0.18533737024221453
vt 0.14482506920415225 0.1885239792387543
vt 0.7233165743944636 0.18122837370242217
vt 0.7233165743944636 0.20222009515570938
vt 0.7288062283737025 0.18732850346020757
vt 0.23019307093425603 0.18447231833910038
vt 0.23019307093425603 0.1902563235294118
vt 0.23226643598615918 0.18551945501730105
vt 0.8058484342560553 0.5127061418685122
vt 0.7951729584775086 0.5181660899653979
vt 0.808174740484429 0.5181660899653979
vt 0.8194204152249135 0.44135323529411763
vt 0.8064185207612458 0.44135323529411763
vt 0.8085458650519032 0.4446366782006921
vt 0.49740484429065746 0.4798876124567474
vt 0.49740484429065746 0.47037204152249135
vt 0.49567474048442905 0.4695069204152249
vt 0.49567474048442905 0.4798876124567474
vt 0.44044688581314884 0.46885813148788924
vt 0.4231403979238754 0.46885813148788924
vt 0.4299512802768166 0.4691057006920416
vt 0.4420415224913495 0.4697231833910035
vt 0.3556079152249135 0.18933979238754328
vt 0.3556079152249135 0.19290657439446368
vt 0.3612307525951557 0.19290657439446368
vt 0.3607982266435986 0.18933979238754328
vt 0.36079823529411764 0.18933986159169558
vt 0.3612307525951557 0.19290657439446368
vt 0.3660616349480969 0.19268785467128025
vt 0.36591046712802766 0.18934931660899645
vt 0.010380622837370242 1
vt 0.010380622837370242 1
vt 0.005190311418685121 1
vt 0 1
vt 0 1
vt 0 1
vt 0.005190311418685121 1
vt 0.010380622837370242 1
vt 0.2378892733564014 0.19204152249134943
vt 0.2378892733564014 0.18166089965397925
vt 0.23961937716262977 0.18166089965397925
vt 0.23961937716262977 0.1877162629757786
vt 0.7093425605536332 0.21000736159169553
vt 0.717128027681661 0.21004044117647058
vt 0.717128027681661 0.17993079584775085
vt 0.71271053633218 0.18669493944636673
vt 0.36764705882352944 0.1877162629757786
vt 0.3754325259515571 0.1877162629757786
vt 0.3754325259515571 0.20501730103806226
vt 0.36764705882352944 0.20501730103806226
vt 0.7898710207612457 0.18512110726643594
vt 0.7958477508650519 0.18512110726643594
vt 0.7958477508650519 0.20242214532871972
vt 0.7897923875432526 0.20242214532871972
vt 0.8096886678200692 0.5181660899653979
vt 0.8096886678200692 0.5164359083044983
vt 0.8265572923875433 0.5164905017301038
vt 0.8269895328719723 0.5181660899653979
vt 0.8029157006920415 0.19550173010380623
vt 0.8107011678200693 0.19550173010380623
vt 0.8107011678200693 0.20242214532871972
vt 0.8029157006920415 0.20242214532871972
vt 0.7967815311418684 0.1955230103806228
vt 0.8029157006920415 0.19550173010380623
vt 0.8029157006920415 0.20242214532871972
vt 0.800259991349481 0.20242214532871972
vt 0.639451678200692 0.20328314878892728
vt 0.6472371453287197 0.20328314878892728
vt 0.6472371453287197 0.21020356401384077
vt 0.6396679411764706 0.21020356401384077
vt 0.6367161418685121 0.20328754325259513
vt 0.639451678200692 0.20328314878892728
vt 0.6396679411764706 0.21020356401384077
vt 0.6367272750865052 0.21020761245674735
vt 0.7400086591695502 0.1920351816608996
vt 0.7475778633217993 0.1920351816608996
vt 0.7475778633217993 0.2024158044982699
vt 0.7406574480968858 0.2024158044982699
vt 0.7370674653979239 0.19208093425605544
vt 0.7400086591695502 0.1920351816608996
vt 0.7406574480968858 0.20241578719723186
vt 0.7370957179930795 0.20242214532871972
vt 0.2640017474048443 0.1929000519031142
vt 0.27092216262975777 0.1929000519031142
vt 0.27092216262975777 0.2015505709342561
vt 0.26465053633217994 0.2015505709342561
vt 0.26043596885813153 0.19298331314878892
vt 0.2640017474048443 0.1929000519031142
vt 0.26465053633217994 0.20155049307958484
vt 0.26045415224913493 0.20155709342560557
vt 0.35910467128027684 0.1877162629757786
vt 0.35564446366782004 0.1877162629757786
vt 0.3555363321799308 0.1842560553633218
vt 0.3592128027681661 0.1842560553633218
vt 0.21827285467128027 0.19982698961937717
vt 0.21546143598615916 0.19982698961937717
vt 0.21546143598615916 0.1911777681660899
vt 0.21784032871972317 0.1911777681660899
vt 0.2224710899653979 0.19973961937716267
vt 0.21827285467128027 0.19982698961937717
vt 0.21784032871972317 0.19117777681660908
vt 0.2224626903114187 0.1912039532871973
vt 0.811783884083045 0.446361937716263
vt 0.8176229844290658 0.446361937716263
vt 0.8176229844290658 0.4498221453287198
vt 0.8120001470588236 0.4498221453287198
vt 0.8071607525951556 0.4463670328719723
vt 0.811783884083045 0.446361937716263
vt 0.8120001470588236 0.4498221453287198
vt 0.8071645588235294 0.44982698961937717
vt 0.34515570934256057 0.1825259515570934
vt 0.34883217993079585 0.1825259515570934
vt 0.34872404844290655 0.19290657439446368
vt 0.3452638408304498 0.19290657439446368
vt 0.25701193771626296 0.19201650519031144
vt 0.2571236764705882 0.18858131487889274
vt 0.2674257785467128 0.18858131487889274
vt 0.2593331660899654 0.19204152249134943
vt 0.4083044982698962 0.21539792387543255
vt 0.4083044982698962 0.21280276816609
vt 0.40484429065743943 0.21280276816609
vt 0.40484429065743943 0.21539792387543255
vt 0.3408764878892734 0.18029138408304501
vt 0.3440283564013841 0.1825376730103806
vt 0.34345891003460205 0.19636678200692037
vt 0.3408764878892734 0.19616174740484427
vt 0.8011768858131488 0.4446344723183391
vt 0.8055021453287198 0.4446344723183391
vt 0.8055021453287198 0.45674519896193766
vt 0.8016094117647059 0.45674519896193766
vt 0.7950601384083045 0.4446743512110727
vt 0.8011768858131488 0.4446344723183391
vt 0.8016094117647059 0.45674517301038065
vt 0.7954925346020761 0.45674740484429066
vt 0.620393356401384 0.1885832266435986
vt 0.6202773875432526 0.19117647058823528
vt 0.6081966089965398 0.19117647058823528
vt 0.6082708564013841 0.1888666522491349
vt 0.7180056228373702 0.1768578373702423
vt 0.7223057958477509 0.19740445501730108
vt 0.7201673875432526 0.2093425605536332
vt 0.7180056228373702 0.20858869377162625
vt 0.20342598615916954 0.20241948961937717
vt 0.2073187197231834 0.20241948961937717
vt 0.2073187197231834 0.20760980103806226
vt 0.2036422491349481 0.20760980103806226
vt 0.1973093079584775 0.19034908304498266
vt 0.20342598615916954 0.1903087629757786
vt 0.2036422491349481 0.19549907439446368
vt 0.1977394982698962 0.19550173010380623
vt 0.14784757785467129 0.20501502595155718
vt 0.15152404844290657 0.20501502595155718
vt 0.15152404844290657 0.21193544117647067
vt 0.14806384083044982 0.21193544117647067
vt 0.1419448096885813 0.19294396193771624
vt 0.14784757785467129 0.1929042993079585
vt 0.14806384083044982 0.1998247058823529
vt 0.1430167214532872 0.19982698961937717
vt 0.7666488321799307 0.19043252595155713
vt 0.7701090397923875 0.19043252595155713
vt 0.7701090397923875 0.19562283737024222
vt 0.7666488321799307 0.19562283737024222
vt 0.7631823096885813 0.19054541522491342
vt 0.7666488321799307 0.19043252595155713
vt 0.7666488321799307 0.19562283737024222
vt 0.7612906141868513 0.20235536332179938
vt 0.7666488321799307 0.19562283737024222
vt 0.7701090397923875 0.19562283737024222
vt 0.7652862889273356 0.20242214532871972
vt 0.7612490916955018 0.20234558823529414
vt 0.8175984515570934 0.43722160899653983
vt 0.7947285121107266 0.4428774480968858
vt 0.7924118425605536 0.4388619377162629
vt 0.81630803633218 0.43425714532871973
vt 0.8164339878892733 0.4342328719723183
vt 0.7924118425605536 0.4388619377162629
vt 0.78901919550173 0.4332416955017301
vt 0.8155830363321799 0.42841695501730104
vt 0.7934324740484429 0.4826989619377162
vt 0.8204434256055363 0.4826989619377162
vt 0.8227818944636678 0.4878892733564014
vt 0.7933513235294118 0.48650406574394456
vt 0.7933636591695501 0.48875432525951557
vt 0.8228271972318338 0.48875432525951557
vt 0.8227695588235294 0.49394463667820065
vt 0.7933060207612457 0.49394463667820065
vt 0.2838122318339101 0.18944636678200688
vt 0.29517166955017304 0.18944636678200688
vt 0.2951238148788928 0.19290657439446368
vt 0.28376431660899654 0.19193357266435984
vt 0.16450498269896194 0.19377162629757783
vt 0.17592217993079584 0.19377162629757783
vt 0.17594115916955017 0.19896193771626303
vt 0.16445676470588236 0.19723206747404842
vt 0.32702349480968856 0.19382846020761246
vt 0.33852497404844295 0.19220295847750857
vt 0.33971525951557097 0.19636678200692037
vt 0.3276529930795848 0.19636678200692037
vt 0.7986491435986159 0.5094603633217993
vt 0.8103682785467128 0.5065890484429065
vt 0.8125 0.5112456747404844
vt 0.7993342906574394 0.5112456747404844
vt 0.8079815916955017 0.5121107266435987
vt 0.8211505190311419 0.5121107266435987
vt 0.8206153892733564 0.5147058823529411
vt 0.8086601557093426 0.5142681833910034
vt 0.36822365051903116 0.22491349480968859
vt 0.38019031141868515 0.22491349480968859
vt 0.37462140138408306 0.22664359861591699
vt 0.3676894117647059 0.2259452854671281
vt 0.7890490916955017 0.4022491349480969
vt 0.8185126211072664 0.4022491349480969
vt 0.8183621885813149 0.41608996539792387
vt 0.7889700778546712 0.4068724567474048
vt 0.7890989792387544 0.36881050173010377
vt 0.8197867474048444 0.36613321799307963
vt 0.8224480968858131 0.37365146193771626
vt 0.7907199307958477 0.37365146193771626
vt 0.3209342820069204 0.18166089965397925
vt 0.3261245415224914 0.18166089965397925
vt 0.32605974048442904 0.20415224913494812
vt 0.3209482698961938 0.20411689446366776
vt 0.8114186851211073 0.3832179930795848
vt 0.8114186851211073 0.40138408304498274
vt 0.7889273356401384 0.39684749134948105
vt 0.7889273356401384 0.3833044982698962
vt 0.8159031228373702 0.49512670415224913
vt 0.8183391003460208 0.504325259515571
vt 0.7954270674740485 0.504325259515571
vt 0.7934179757785468 0.4966150692041523
vt 0.7999567474048442 0.4256055363321799
vt 0.7955036851211073 0.4307958477508651
vt 0.7889866176470588 0.428829446366782
vt 0.7894783564013841 0.4256055363321799
vt 0.7532740397923876 0.18685121107266434
vt 0.7545415224913494 0.19031141868512114
vt 0.7493621626297577 0.18997512110726644
vt 0.7467424048442907 0.18685121107266434
vt 0.7716966003460207 0.1859861591695502
vt 0.7724913494809689 0.18910384948096892
vt 0.7673123875432526 0.18944636678200688
vt 0.7657000951557094 0.1859861591695502
vt 0.8155276816608996 0.4645328719723183
vt 0.8064654325259516 0.4697621626297578
vt 0.8005224221453286 0.47058823529411764
vt 0.796901972318339 0.4645328719723183
vt 0.8119878200692041 0.37621484429065744
vt 0.8347750865051903 0.38235294117647056
vt 0.8062569982698962 0.38235294117647056
vt 0.7891210467128028 0.375021384083045
vt 0.8213667820069204 0.4506920415224913
vt 0.8213042993079585 0.45265970588235294
vt 0.8135755795847751 0.45328719723183386
vt 0.8072680709342561 0.4506920415224913
vt 0.8252348961937717 0.47750865051903113
vt 0.8254757785467128 0.4793617993079585
vt 0.8072044723183391 0.4818339100346021
vt 0.7967193339100347 0.47750865051903113
vt 0.8077137110726643 0.4593425605536332
vt 0.8133650519031141 0.4606689619377162
vt 0.8034664878892734 0.46366782006920415
vt 0.796780008650519 0.4593425605536332
vt 0.1245674740484429 0.1909602076124568
vt 0.13314254325259514 0.1909602076124568
vt 0.13010370242214533 0.1971784688581315
vt 0.19290657439446368 0.19970385813148794
vt 0.20665965397923874 0.19636678200692037
vt 0.2113443339100346 0.19970385813148794
vt 0.24480968858131488 0.1891321799307959
vt 0.2502748702422145 0.18555363321799312
vt 0.2502748702422145 0.19376017301038062
vt 0.14186851211072665 0.18533737024221453
vt 0.14705879757785467 0.18533737024221453
vt 0.14482506920415225 0.1885239792387543
vt 0.7233165743944636 0.20222009515570938
vt 0.7233165743944636 0.18122837370242217
vt 0.7288062283737025 0.18732850346020757
vt 0.23019307093425603 0.1902563235294118
vt 0.23019307093425603 0.18447231833910038
vt 0.23226643598615918 0.18551945501730105
vt 0.7951729584775086 0.5181660899653979
vt 0.8058484342560553 0.5127061418685122
vt 0.808174740484429 0.5181660899653979
vt 0.8064185207612458 0.44135323529411763
vt 0.8194204152249135 0.44135323529411763
vt 0.8085458650519032 0.4446366782006921
vt 0.49567474048442905 0.4695069204152249
vt 0.49740484429065746 0.47037204152249135
vt 0.49740484429065746 0.4798876124567474
vt 0.49567474048442905 0.4798876124567474
vt 0.4299512802768166 0.4691057006920416
vt 0.4231403979238754 0.46885813148788924
vt 0.44044688581314884 0.46885813148788924
vt 0.4420415224913495 0.4697231833910035
vt 0.3612307525951557 0.19290657439446368
vt 0.3556079152249135 0.19290657439446368
vt 0.3556079152249135 0.18933979238754328
vt 0.3607982266435986 0.18933979238754328
vt 0.3660616349480969 0.19268785467128025
vt 0.3612307525951557 0.19290657439446368
vt 0.36079823529411764 0.18933986159169558
vt 0.36591046712802766 0.18934931660899645
vt 0.010380622837370242 1
vt 0.010380622837370242 1
vt 0.005190311418685121 1
vt 0 1
vt 0 1
vt 0 1
vt 0 1
vt 0 1
vt 0 1
vt 0.005190311418685121 1
vt 0.010380622837370242 1
vt 0.23961937716262977 0.18166089965397925
vt 0.2378892733564014 0.18166089965397925
vt 0.2378892733564014 0.19204152249134943
vt 0.23961937716262977 0.1877162629757786
vt 0 1
vt 0 1
vt 0 1
vt 0.717128027681661 0.17993079584775085
vt 0.717128027681661 0.21004044117647058
vt 0.7093425605536332 0.21000736159169553
vt 0.71271053633218 0.18669493944636673
vt 0.04065743944636678 0.6565743944636678
vt 0.04065743944636678 0.6704152249134948
vt 0.026816608996539794 0.6704152249134948
vt 0.026816608996539794 0.6565743944636678
vt 0.026816608996539794 0.3442906574394463
vt 0.04065743944636678 0.3442906574394463
vt 0.026816608996539794 0.33044982698961933
vt 0.031141868512110725 0.814878892733564
vt 0.031141868512110725 0.828719723183391
vt 0.01730103806228374 0.828719723183391
vt 0.01730103806228374 0.814878892733564
vt 0.015570934256055362 0.7993079584775087
vt 0.015570934256055362 0.8131487889273357
vt 0.0017301038062283738 0.8131487889273357
vt 0.0017301038062283738 0.7993079584775087
vt 0.04065743944636678 0.6565743944636678
vt 0.04065743944636678 0.6704152249134948
vt 0.026816608996539794 0.6704152249134948
vt 0.026816608996539794 0.6565743944636678
vt 0.026816608996539794 0.49913494809688586
vt 0.04065743944636678 0.49913494809688586
vt 0.026816608996539794 0.4852941176470589
vt 0.015570934256055362 0.814878892733564
vt 0.015570934256055362 0.828719723183391
vt 0.0017301038062283738 0.828719723183391
vt 0.0017301038062283738 0.814878892733564
vt 0.015570934256055362 0.828719723183391
vt 0.0017301038062283738 0.828719723183391
vt 0.0017301038062283738 0.814878892733564
vt 0.026816608996539794 0.6704152249134948
vt 0.04065743944636678 0.6704152249134948
vt 0.04065743944636678 0.6565743944636678
vt 0.026816608996539794 0.6565743944636678
vt 0.04065743944636678 0.3442906574394463
vt 0.026816608996539794 0.3442906574394463
vt 0.026816608996539794 0.33044982698961933
vt 0.01730103806228374 0.828719723183391
vt 0.031141868512110725 0.828719723183391
vt 0.031141868512110725 0.814878892733564
vt 0.01730103806228374 0.814878892733564
vt 0.0017301038062283738 0.8131487889273357
vt 0.015570934256055362 0.8131487889273357
vt 0.015570934256055362 0.7993079584775087
vt 0.0017301038062283738 0.7993079584775087
vt 0.026816608996539794 0.6704152249134948
vt 0.04065743944636678 0.6704152249134948
vt 0.04065743944636678 0.6565743944636678
vt 0.026816608996539794 0.6565743944636678
vt 0.04065743944636678 0.49913494809688586
vt 0.026816608996539794 0.49913494809688586
vt 0.026816608996539794 0.4852941176470589
vt 0.0017301038062283738 0.828719723183391
vt 0.015570934256055362 0.828719723183391
vt 0.015570934256055362 0.814878892733564
vt 0.0017301038062283738 0.814878892733564
vt 0.0017301038062283738 0.828719723183391
vt 0.015570934256055362 0.828719723183391
vt 0.0017301038062283738 0.814878892733564
vt 0.07785467128027682 0.8555363321799307
vt 0.07785467128027682 0.8633217993079585
vt 0.07698961937716263 0.8633217993079585
vt 0.07698961937716263 0.8555363321799307
vt 0.2179930795847751 0.8555363321799307
vt 0.2179930795847751 0.8633217993079585
vt 0.2171280276816609 0.8633217993079585
vt 0.2171280276816609 0.8555363321799307
vt 0.07785467128027682 0.8641868512110726
vt 0.07785467128027682 0.8633217993079585
vt 0.2171280276816609 0.8633217993079585
vt 0.2171280276816609 0.8641868512110726
vt 0.2171280276816609 0.8633217993079585
vt 0.2171280276816609 0.8641868512110726
vt 0.356401384083045 0.8641868512110726
vt 0.356401384083045 0.8633217993079585
vt 0.35726643598615915 0.8555363321799307
vt 0.35726643598615915 0.8633217993079585
vt 0.2179930795847751 0.8633217993079585
vt 0.2179930795847751 0.8555363321799307
vt 0.2171280276816609 0.8555363321799307
vt 0.2171280276816609 0.8633217993079585
vt 0.07785467128027682 0.8633217993079585
vt 0.07785467128027682 0.8555363321799307
vt 0.0008650519031141869 0.9878892733564014
vt 0.0008650519031141869 0.9939446366782007
vt 0 0.9939446366782007
vt 0 0.9878892733564014
vt 0.14878892733564014 0.9878892733564014
vt 0.14878892733564014 0.9939446366782007
vt 0.14792387543252594 0.9939446366782007
vt 0.14792387543252594 0.9878892733564014
vt 0.0008650519031141869 0.9948096885813149
vt 0.0008650519031141869 0.9939446366782007
vt 0.14792387543252594 0.9939446366782007
vt 0.14792387543252594 0.9948096885813149
vt 0.14792387543252594 0.9939446366782007
vt 0.14792387543252594 0.9948096885813149
vt 0.29498269896193774 0.9948096885813149
vt 0.29498269896193774 0.9939446366782007
vt 0.2958477508650519 0.9878892733564014
vt 0.2958477508650519 0.9939446366782007
vt 0.14878892733564014 0.9939446366782007
vt 0.14878892733564014 0.9878892733564014
vt 0.14792387543252594 0.9878892733564014
vt 0.14792387543252594 0.9939446366782007
vt 0.0008650519031141869 0.9939446366782007
vt 0.0008650519031141869 0.9878892733564014
vt 0.0008650519031141869 0.9948096885813149
vt 0.0008650519031141869 0.9965397923875432
vt 0 0.9965397923875432
vt 0 0.9948096885813149
vt 0.1652249134948097 0.9948096885813149
vt 0.1652249134948097 0.9965397923875432
vt 0.1643598615916955 0.9965397923875432
vt 0.1643598615916955 0.9948096885813149
vt 0.0008650519031141869 0.9974048442906575
vt 0.0008650519031141869 0.9965397923875432
vt 0.1643598615916955 0.9965397923875432
vt 0.1643598615916955 0.9974048442906575
vt 0.1643598615916955 0.9965397923875432
vt 0.1643598615916955 0.9974048442906575
vt 0.32785467128027684 0.9974048442906575
vt 0.32785467128027684 0.9965397923875432
vt 0.328719723183391 0.9948096885813149
vt 0.328719723183391 0.9965397923875432
vt 0.1652249134948097 0.9965397923875432
vt 0.1652249134948097 0.9948096885813149
vt 0.1643598615916955 0.9948096885813149
vt 0.1643598615916955 0.9965397923875432
vt 0.0008650519031141869 0.9965397923875432
vt 0.0008650519031141869 0.9948096885813149
vt 0.0008650519031141869 0.9974048442906575
vt 0.0008650519031141869 0.9991349480968859
vt 0 0.9991349480968859
vt 0 0.9974048442906575
vt 0.1652249134948097 0.9974048442906575
vt 0.1652249134948097 0.9991349480968859
vt 0.1643598615916955 0.9991349480968859
vt 0.1643598615916955 0.9974048442906575
vt 0.0008650519031141869 1
vt 0.0008650519031141869 0.9991349480968859
vt 0.1643598615916955 0.9991349480968859
vt 0.1643598615916955 1
vt 0.1643598615916955 0.9991349480968859
vt 0.1643598615916955 1
vt 0.32785467128027684 1
vt 0.32785467128027684 0.9991349480968859
vt 0.328719723183391 0.9974048442906575
vt 0.328719723183391 0.9991349480968859
vt 0.1652249134948097 0.9991349480968859
vt 0.1652249134948097 0.9974048442906575
vt 0.1643598615916955 0.9974048442906575
vt 0.1643598615916955 0.9991349480968859
vt 0.0008650519031141869 0.9991349480968859
vt 0.0008650519031141869 0.9974048442906575
vt 0.3304498269896194 0.9974048442906575
vt 0.3304498269896194 0.9991349480968859
vt 0.3295847750865052 0.9991349480968859
vt 0.3295847750865052 0.9974048442906575
vt 0.3624567474048443 0.9974048442906575
vt 0.3624567474048443 0.9991349480968859
vt 0.3615916955017301 0.9991349480968859
vt 0.3615916955017301 0.9974048442906575
vt 0.3304498269896194 1
vt 0.3304498269896194 0.9991349480968859
vt 0.3615916955017301 0.9991349480968859
vt 0.3615916955017301 1
vt 0.3615916955017301 0.9991349480968859
vt 0.3615916955017301 1
vt 0.39273356401384085 1
vt 0.39273356401384085 0.9991349480968859
vt 0.393598615916955 0.9974048442906575
vt 0.393598615916955 0.9991349480968859
vt 0.3624567474048443 0.9991349480968859
vt 0.3624567474048443 0.9974048442906575
vt 0.15484429065743946 0.8676470588235294
vt 0.15484429065743946 0.8693771626297577
vt 0.15397923875432526 0.8693771626297577
vt 0.15397923875432526 0.8676470588235294
vt 0.18685121107266436 0.8676470588235294
vt 0.18685121107266436 0.8693771626297577
vt 0.18598615916955016 0.8693771626297577
vt 0.18598615916955016 0.8676470588235294
vt 0.15484429065743946 0.870242214532872
vt 0.15484429065743946 0.8693771626297577
vt 0.18598615916955016 0.8693771626297577
vt 0.18598615916955016 0.870242214532872
vt 0.18598615916955016 0.8693771626297577
vt 0.18598615916955016 0.870242214532872
vt 0.2171280276816609 0.870242214532872
vt 0.2171280276816609 0.8693771626297577
vt 0.2179930795847751 0.8676470588235294
vt 0.2179930795847751 0.8693771626297577
vt 0.18685121107266436 0.8693771626297577
vt 0.18685121107266436 0.8676470588235294
vt 0.21107266435986158 0.976643598615917
vt 0.21107266435986158 0.9870242214532872
vt 0.21193771626297578 0.9870242214532872
vt 0.21193771626297578 0.976643598615917
vt 0 0.976643598615917
vt 0 0.9870242214532872
vt 0.0008650519031141869 0.9870242214532872
vt 0.0008650519031141869 0.976643598615917
vt 0.21107266435986158 0.9878892733564014
vt 0.21107266435986158 0.9870242214532872
vt 0.0008650519031141869 0.9870242214532872
vt 0.0008650519031141869 0.9878892733564014
vt 0.421280276816609 0.9870242214532872
vt 0.421280276816609 0.9878892733564014
vt 0.21107266435986158 0.9878892733564014
vt 0.21107266435986158 0.9870242214532872
vt 0.21193771626297578 0.976643598615917
vt 0.21193771626297578 0.9870242214532872
vt 0.42214532871972316 0.9870242214532872
vt 0.42214532871972316 0.976643598615917
vt 0.4108996539792388 0.9922145328719724
vt 0.4108996539792388 0.9991349480968859
vt 0.4100346020761246 0.9991349480968859
vt 0.4100346020761246 0.9922145328719724
vt 0.4126297577854671 0.9922145328719724
vt 0.4126297577854671 0.9991349480968859
vt 0.4117647058823529 0.9991349480968859
vt 0.4117647058823529 0.9922145328719724
vt 0.4108996539792388 1
vt 0.4108996539792388 0.9991349480968859
vt 0.4117647058823529 0.9991349480968859
vt 0.4117647058823529 1
vt 0.4117647058823529 0.9991349480968859
vt 0.4117647058823529 1
vt 0.4126297577854671 1
vt 0.4126297577854671 0.9991349480968859
vt 0.4134948096885813 0.9922145328719724
vt 0.4134948096885813 0.9991349480968859
vt 0.4126297577854671 0.9991349480968859
vt 0.4126297577854671 0.9922145328719724
vt 0.4117647058823529 0.9922145328719724
vt 0.4117647058823529 0.9991349480968859
vt 0.4108996539792388 0.9991349480968859
vt 0.4108996539792388 0.9922145328719724
vt 0.42387543252595156 0.9922145328719724
vt 0.42387543252595156 0.9991349480968859
vt 0.42301038062283736 0.9991349480968859
vt 0.42301038062283736 0.9922145328719724
vt 0.4264705882352941 0.9922145328719724
vt 0.4264705882352941 0.9991349480968859
vt 0.42560553633217996 0.9991349480968859
vt 0.42560553633217996 0.9922145328719724
vt 0.42387543252595156 1
vt 0.42387543252595156 0.9991349480968859
vt 0.42560553633217996 0.9991349480968859
vt 0.42560553633217996 1
vt 0.42560553633217996 0.9991349480968859
vt 0.42560553633217996 1
vt 0.4273356401384083 1
vt 0.4273356401384083 0.9991349480968859
vt 0.4282006920415225 0.9922145328719724
vt 0.4282006920415225 0.9991349480968859
vt 0.4264705882352941 0.9991349480968859
vt 0.4264705882352941 0.9922145328719724
vt 0.42560553633217996 0.9922145328719724
vt 0.42560553633217996 0.9991349480968859
vt 0.42387543252595156 0.9991349480968859
vt 0.42387543252595156 0.9922145328719724
vt 0.41522491349480967 0.9922145328719724
vt 0.41522491349480967 0.9991349480968859
vt 0.4143598615916955 0.9991349480968859
vt 0.4143598615916955 0.9922145328719724
vt 0.41695501730103807 0.9922145328719724
vt 0.41695501730103807 0.9991349480968859
vt 0.41608996539792387 0.9991349480968859
vt 0.41608996539792387 0.9922145328719724
vt 0.41522491349480967 1
vt 0.41522491349480967 0.9991349480968859
vt 0.41608996539792387 0.9991349480968859
vt 0.41608996539792387 1
vt 0.41608996539792387 0.9991349480968859
vt 0.41608996539792387 1
vt 0.41695501730103807 1
vt 0.41695501730103807 0.9991349480968859
vt 0.41782006920415227 0.9922145328719724
vt 0.41782006920415227 0.9991349480968859
vt 0.41695501730103807 0.9991349480968859
vt 0.41695501730103807 0.9922145328719724
vt 0.41608996539792387 0.9922145328719724
vt 0.41608996539792387 0.9991349480968859
vt 0.41522491349480967 0.9991349480968859
vt 0.41522491349480967 0.9922145328719724
vt 0.3953287197231834 0.9974048442906575
vt 0.3953287197231834 0.9991349480968859
vt 0.3944636678200692 0.9991349480968859
vt 0.3944636678200692 0.9974048442906575
vt 0.39878892733564014 0.9974048442906575
vt 0.39878892733564014 0.9991349480968859
vt 0.39792387543252594 0.9991349480968859
vt 0.39792387543252594 0.9974048442906575
vt 0.3953287197231834 1
vt 0.3953287197231834 0.9991349480968859
vt 0.39792387543252594 0.9991349480968859
vt 0.39792387543252594 1
vt 0.39792387543252594 0.9991349480968859
vt 0.39792387543252594 1
vt 0.4005190311418685 1
vt 0.4005190311418685 0.9991349480968859
vt 0.4013840830449827 0.9974048442906575
vt 0.4013840830449827 0.9991349480968859
vt 0.39878892733564014 0.9991349480968859
vt 0.39878892733564014 0.9974048442906575
vt 0.39792387543252594 0.9974048442906575
vt 0.39792387543252594 0.9991349480968859
vt 0.3953287197231834 0.9991349480968859
vt 0.3953287197231834 0.9974048442906575
vt 0.3685121107266436 0.8762975778546713
vt 0.3685121107266436 0.8806228373702423
vt 0.36764705882352944 0.8806228373702423
vt 0.36764705882352944 0.8762975778546713
vt 0.3728373702422145 0.8762975778546713
vt 0.3728373702422145 0.8806228373702423
vt 0.3719723183391003 0.8806228373702423
vt 0.3719723183391003 0.8762975778546713
vt 0.3685121107266436 0.8814878892733564
vt 0.3685121107266436 0.8806228373702423
vt 0.3719723183391003 0.8806228373702423
vt 0.3719723183391003 0.8814878892733564
vt 0.3719723183391003 0.8806228373702423
vt 0.3719723183391003 0.8814878892733564
vt 0.3754325259515571 0.8814878892733564
vt 0.3754325259515571 0.8806228373702423
vt 0.3762975778546713 0.8762975778546713
vt 0.3762975778546713 0.8806228373702423
vt 0.3728373702422145 0.8806228373702423
vt 0.3728373702422145 0.8762975778546713
vt 0.3719723183391003 0.8762975778546713
vt 0.3719723183391003 0.8806228373702423
vt 0.3685121107266436 0.8806228373702423
vt 0.3685121107266436 0.8762975778546713
vt 0.2309688581314879 0.879757785467128
vt 0.2309688581314879 0.8806228373702423
vt 0.2301038062283737 0.8806228373702423
vt 0.2301038062283737 0.879757785467128
vt 0.23442906574394465 0.879757785467128
vt 0.23442906574394465 0.8806228373702423
vt 0.23356401384083045 0.8806228373702423
vt 0.23356401384083045 0.879757785467128
vt 0.2309688581314879 0.8814878892733564
vt 0.2309688581314879 0.8806228373702423
vt 0.23356401384083045 0.8806228373702423
vt 0.23356401384083045 0.8814878892733564
vt 0.23356401384083045 0.8806228373702423
vt 0.23356401384083045 0.8814878892733564
vt 0.23615916955017302 0.8814878892733564
vt 0.23615916955017302 0.8806228373702423
vt 0.2370242214532872 0.879757785467128
vt 0.2370242214532872 0.8806228373702423
vt 0.23442906574394465 0.8806228373702423
vt 0.23442906574394465 0.879757785467128
vt 0.23356401384083045 0.879757785467128
vt 0.23356401384083045 0.8806228373702423
vt 0.2309688581314879 0.8806228373702423
vt 0.2309688581314879 0.879757785467128
vt 0.3408304498269896 0.9065743944636678
vt 0.3408304498269896 0.9169550173010381
vt 0.3399653979238754 0.9169550173010381
vt 0.3399653979238754 0.9065743944636678
vt 0.35813148788927335 0.9065743944636678
vt 0.35813148788927335 0.9169550173010381
vt 0.35726643598615915 0.9169550173010381
vt 0.35726643598615915 0.9065743944636678
vt 0.3408304498269896 0.9178200692041523
vt 0.3408304498269896 0.9169550173010381
vt 0.35726643598615915 0.9169550173010381
vt 0.35726643598615915 0.9178200692041523
vt 0.35726643598615915 0.9169550173010381
vt 0.35726643598615915 0.9178200692041523
vt 0.3737024221453287 0.9178200692041523
vt 0.3737024221453287 0.9169550173010381
vt 0.3745674740484429 0.9065743944636678
vt 0.3745674740484429 0.9169550173010381
vt 0.35813148788927335 0.9169550173010381
vt 0.35813148788927335 0.9065743944636678
vt 0.35726643598615915 0.9065743944636678
vt 0.35726643598615915 0.9169550173010381
vt 0.3408304498269896 0.9169550173010381
vt 0.3408304498269896 0.9065743944636678
vt 0.10207612456747404 0.884083044982699
vt 0.2041522491349481 0.884083044982699
vt 0.2041522491349481 0.8780276816608996
vt 0.10207612456747404 0.8780276816608996
vt 0.10207612456747404 0.884083044982699
vt 0.10207612456747404 0.884083044982699
vt 0.10207612456747404 0.986159169550173
vt 0.10207612456747404 0.986159169550173
vt 0.10207612456747404 0.986159169550173
vt 0.10207612456747404 0.986159169550173
vt 0.10207612456747404 0.884083044982699
vt 0.10207612456747404 0.884083044982699
vt 0.2041522491349481 0.884083044982699
vt 0.2041522491349481 0.884083044982699
vt 0.2041522491349481 0.8780276816608996
vt 0.2041522491349481 0.8780276816608996
vt 0.10207612456747404 0.884083044982699
vt 0.10207612456747404 0.884083044982699
vt 0.10207612456747404 0.8780276816608996
vt 0.10207612456747404 0.8780276816608996
vt 0.10207612456747404 0.8970588235294118
vt 0.2041522491349481 0.8970588235294118
vt 0.2041522491349481 0.8918685121107266
vt 0.10207612456747404 0.8918685121107266
vt 0.10207612456747404 0.8970588235294118
vt 0.10207612456747404 0.8970588235294118
vt 0.10207612456747404 0.9991349480968859
vt 0.10207612456747404 0.9991349480968859
vt 0.10207612456747404 0.9991349480968859
vt 0.10207612456747404 0.9991349480968859
vt 0.10207612456747404 0.8970588235294118
vt 0.10207612456747404 0.8970588235294118
vt 0.2041522491349481 0.8970588235294118
vt 0.2041522491349481 0.8970588235294118
vt 0.2041522491349481 0.8918685121107266
vt 0.2041522491349481 0.8918685121107266
vt 0.10207612456747404 0.8970588235294118
vt 0.10207612456747404 0.8970588235294118
vt 0.10207612456747404 0.8918685121107266
vt 0.10207612456747404 0.8918685121107266
vt 0.10207612456747404 0.8918685121107266
vt 0.2041522491349481 0.8918685121107266
vt 0.2041522491349481 0.884083044982699
vt 0.10207612456747404 0.884083044982699
vt 0.10207612456747404 0.8918685121107266
vt 0.10207612456747404 0.8918685121107266
vt 0.10207612456747404 0.9939446366782007
vt 0.10207612456747404 0.9939446366782007
vt 0.10207612456747404 0.9939446366782007
vt 0.10207612456747404 0.9939446366782007
vt 0.10207612456747404 0.8918685121107266
vt 0.10207612456747404 0.8918685121107266
vt 0.2041522491349481 0.8918685121107266
vt 0.2041522491349481 0.8918685121107266
vt 0.2041522491349481 0.884083044982699
vt 0.2041522491349481 0.884083044982699
vt 0.10207612456747404 0.8918685121107266
vt 0.10207612456747404 0.8918685121107266
vt 0.10207612456747404 0.884083044982699
vt 0.10207612456747404 0.884083044982699
vt 0.07785467128027682 0.8555363321799307
vt 0.07785467128027682 0.8633217993079585
vt 0.07698961937716263 0.8633217993079585
vt 0.07698961937716263 0.8555363321799307
vt 0.2179930795847751 0.8555363321799307
vt 0.2179930795847751 0.8633217993079585
vt 0.2171280276816609 0.8633217993079585
vt 0.2171280276816609 0.8555363321799307
vt 0.07785467128027682 0.8641868512110726
vt 0.07785467128027682 0.8633217993079585
vt 0.2171280276816609 0.8633217993079585
vt 0.2171280276816609 0.8641868512110726
vt 0.2171280276816609 0.8633217993079585
vt 0.2171280276816609 0.8641868512110726
vt 0.356401384083045 0.8641868512110726
vt 0.356401384083045 0.8633217993079585
vt 0.35726643598615915 0.8555363321799307
vt 0.35726643598615915 0.8633217993079585
vt 0.2179930795847751 0.8633217993079585
vt 0.2179930795847751 0.8555363321799307
vt 0.2171280276816609 0.8555363321799307
vt 0.2171280276816609 0.8633217993079585
vt 0.07785467128027682 0.8633217993079585
vt 0.07785467128027682 0.8555363321799307
vt 0.0008650519031141869 0.9878892733564014
vt 0.0008650519031141869 0.9939446366782007
vt 0 0.9939446366782007
vt 0 0.9878892733564014
vt 0.14878892733564014 0.9878892733564014
vt 0.14878892733564014 0.9939446366782007
vt 0.14792387543252594 0.9939446366782007
vt 0.14792387543252594 0.9878892733564014
vt 0.0008650519031141869 0.9948096885813149
vt 0.0008650519031141869 0.9939446366782007
vt 0.14792387543252594 0.9939446366782007
vt 0.14792387543252594 0.9948096885813149
vt 0.14792387543252594 0.9939446366782007
vt 0.14792387543252594 0.9948096885813149
vt 0.29498269896193774 0.9948096885813149
vt 0.29498269896193774 0.9939446366782007
vt 0.2958477508650519 0.9878892733564014
vt 0.2958477508650519 0.9939446366782007
vt 0.14878892733564014 0.9939446366782007
vt 0.14878892733564014 0.9878892733564014
vt 0.14792387543252594 0.9878892733564014
vt 0.14792387543252594 0.9939446366782007
vt 0.0008650519031141869 0.9939446366782007
vt 0.0008650519031141869 0.9878892733564014
vt 0.4195501730103806 0.9922145328719724
vt 0.4195501730103806 0.9991349480968859
vt 0.4186851211072664 0.9991349480968859
vt 0.4186851211072664 0.9922145328719724
vt 0.421280276816609 0.9922145328719724
vt 0.421280276816609 0.9991349480968859
vt 0.4204152249134948 0.9991349480968859
vt 0.4204152249134948 0.9922145328719724
vt 0.4195501730103806 1
vt 0.4195501730103806 0.9991349480968859
vt 0.4204152249134948 0.9991349480968859
vt 0.4204152249134948 1
vt 0.4204152249134948 0.9991349480968859
vt 0.4204152249134948 1
vt 0.421280276816609 1
vt 0.421280276816609 0.9991349480968859
vt 0.42214532871972316 0.9922145328719724
vt 0.42214532871972316 0.9991349480968859
vt 0.421280276816609 0.9991349480968859
vt 0.421280276816609 0.9922145328719724
vt 0.4204152249134948 0.9922145328719724
vt 0.4204152249134948 0.9991349480968859
vt 0.4195501730103806 0.9991349480968859
vt 0.4195501730103806 0.9922145328719724
vt 0.2742214532871972 0.889273356401384
vt 0.2742214532871972 0.8961937716262975
vt 0.27335640138408307 0.8961937716262975
vt 0.27335640138408307 0.889273356401384
vt 0.2768166089965398 0.889273356401384
vt 0.2768166089965398 0.8961937716262975
vt 0.2759515570934256 0.8961937716262975
vt 0.2759515570934256 0.889273356401384
vt 0.2742214532871972 0.8970588235294118
vt 0.2742214532871972 0.8961937716262975
vt 0.2759515570934256 0.8961937716262975
vt 0.2759515570934256 0.8970588235294118
vt 0.2759515570934256 0.8961937716262975
vt 0.2759515570934256 0.8970588235294118
vt 0.27768166089965396 0.8970588235294118
vt 0.27768166089965396 0.8961937716262975
vt 0.27854671280276816 0.889273356401384
vt 0.27854671280276816 0.8961937716262975
vt 0.2768166089965398 0.8961937716262975
vt 0.2768166089965398 0.889273356401384
vt 0.2759515570934256 0.889273356401384
vt 0.2759515570934256 0.8961937716262975
vt 0.2742214532871972 0.8961937716262975
vt 0.2742214532871972 0.889273356401384
vt 0.2759515570934256 0.8711072664359861
vt 0.2759515570934256 0.8780276816608996
vt 0.2750865051903114 0.8780276816608996
vt 0.2750865051903114 0.8711072664359861
vt 0.27768166089965396 0.8711072664359861
vt 0.27768166089965396 0.8780276816608996
vt 0.2768166089965398 0.8780276816608996
vt 0.2768166089965398 0.8711072664359861
vt 0.2759515570934256 0.8788927335640139
vt 0.2759515570934256 0.8780276816608996
vt 0.2768166089965398 0.8780276816608996
vt 0.2768166089965398 0.8788927335640139
vt 0.2768166089965398 0.8780276816608996
vt 0.2768166089965398 0.8788927335640139
vt 0.27768166089965396 0.8788927335640139
vt 0.27768166089965396 0.8780276816608996
vt 0.27854671280276816 0.8711072664359861
vt 0.27854671280276816 0.8780276816608996
vt 0.27768166089965396 0.8780276816608996
vt 0.27768166089965396 0.8711072664359861
vt 0.2768166089965398 0.8711072664359861
vt 0.2768166089965398 0.8780276816608996
vt 0.2759515570934256 0.8780276816608996
vt 0.2759515570934256 0.8711072664359861
vt 0.21972318339100347 0.865916955017301
vt 0.21972318339100347 0.8676470588235294
vt 0.21885813148788927 0.8676470588235294
vt 0.21885813148788927 0.865916955017301
vt 0.2231833910034602 0.865916955017301
vt 0.2231833910034602 0.8676470588235294
vt 0.222318339100346 0.8676470588235294
vt 0.222318339100346 0.865916955017301
vt 0.21972318339100347 0.8685121107266436
vt 0.21972318339100347 0.8676470588235294
vt 0.222318339100346 0.8676470588235294
vt 0.222318339100346 0.8685121107266436
vt 0.222318339100346 0.8676470588235294
vt 0.222318339100346 0.8685121107266436
vt 0.22491349480968859 0.8685121107266436
vt 0.22491349480968859 0.8676470588235294
vt 0.22577854671280276 0.865916955017301
vt 0.22577854671280276 0.8676470588235294
vt 0.2231833910034602 0.8676470588235294
vt 0.2231833910034602 0.865916955017301
vt 0.222318339100346 0.865916955017301
vt 0.222318339100346 0.8676470588235294
vt 0.21972318339100347 0.8676470588235294
vt 0.21972318339100347 0.865916955017301
vt 0.35899653979238755 0.8762975778546713
vt 0.35899653979238755 0.8806228373702423
vt 0.35813148788927335 0.8806228373702423
vt 0.35813148788927335 0.8762975778546713
vt 0.3633217993079585 0.8762975778546713
vt 0.3633217993079585 0.8806228373702423
vt 0.3624567474048443 0.8806228373702423
vt 0.3624567474048443 0.8762975778546713
vt 0.35899653979238755 0.8814878892733564
vt 0.35899653979238755 0.8806228373702423
vt 0.3624567474048443 0.8806228373702423
vt 0.3624567474048443 0.8814878892733564
vt 0.3624567474048443 0.8806228373702423
vt 0.3624567474048443 0.8814878892733564
vt 0.36591695501730104 0.8814878892733564
vt 0.36591695501730104 0.8806228373702423
vt 0.36678200692041524 0.8762975778546713
vt 0.36678200692041524 0.8806228373702423
vt 0.3633217993079585 0.8806228373702423
vt 0.3633217993079585 0.8762975778546713
vt 0.3624567474048443 0.8762975778546713
vt 0.3624567474048443 0.8806228373702423
vt 0.35899653979238755 0.8806228373702423
vt 0.35899653979238755 0.8762975778546713
vt 0.4031141868512111 0.9982698961937716
vt 0.4031141868512111 0.9991349480968859
vt 0.4022491349480969 0.9991349480968859
vt 0.4022491349480969 0.9982698961937716
vt 0.40657439446366783 0.9982698961937716
vt 0.40657439446366783 0.9991349480968859
vt 0.40570934256055363 0.9991349480968859
vt 0.40570934256055363 0.9982698961937716
vt 0.4031141868512111 1
vt 0.4031141868512111 0.9991349480968859
vt 0.40570934256055363 0.9991349480968859
vt 0.40570934256055363 1
vt 0.40570934256055363 0.9991349480968859
vt 0.40570934256055363 1
vt 0.4083044982698962 1
vt 0.4083044982698962 0.9991349480968859
vt 0.4091695501730104 0.9982698961937716
vt 0.4091695501730104 0.9991349480968859
vt 0.40657439446366783 0.9991349480968859
vt 0.40657439446366783 0.9982698961937716
vt 0.40570934256055363 0.9982698961937716
vt 0.40570934256055363 0.9991349480968859
vt 0.4031141868512111 0.9991349480968859
vt 0.4031141868512111 0.9982698961937716
vt 0.3408304498269896 0.9186851211072664
vt 0.3408304498269896 0.9290657439446367
vt 0.3399653979238754 0.9290657439446367
vt 0.3399653979238754 0.9186851211072664
vt 0.35813148788927335 0.9186851211072664
vt 0.35813148788927335 0.9290657439446367
vt 0.35726643598615915 0.9290657439446367
vt 0.35726643598615915 0.9186851211072664
vt 0.3408304498269896 0.9299307958477508
vt 0.3408304498269896 0.9290657439446367
vt 0.35726643598615915 0.9290657439446367
vt 0.35726643598615915 0.9299307958477508
vt 0.35726643598615915 0.9290657439446367
vt 0.35726643598615915 0.9299307958477508
vt 0.3737024221453287 0.9299307958477508
vt 0.3737024221453287 0.9290657439446367
vt 0.3745674740484429 0.9186851211072664
vt 0.3745674740484429 0.9290657439446367
vt 0.35813148788927335 0.9290657439446367
vt 0.35813148788927335 0.9186851211072664
vt 0.35726643598615915 0.9186851211072664
vt 0.35726643598615915 0.9290657439446367
vt 0.3408304498269896 0.9290657439446367
vt 0.3408304498269896 0.9186851211072664
vt 0.15484429065743946 0.8711072664359861
vt 0.15484429065743946 0.8728373702422145
vt 0.15397923875432526 0.8728373702422145
vt 0.15397923875432526 0.8711072664359861
vt 0.18685121107266436 0.8711072664359861
vt 0.18685121107266436 0.8728373702422145
vt 0.18598615916955016 0.8728373702422145
vt 0.18598615916955016 0.8711072664359861
vt 0.15484429065743946 0.8737024221453287
vt 0.15484429065743946 0.8728373702422145
vt 0.18598615916955016 0.8728373702422145
vt 0.18598615916955016 0.8737024221453287
vt 0.18598615916955016 0.8728373702422145
vt 0.18598615916955016 0.8737024221453287
vt 0.2171280276816609 0.8737024221453287
vt 0.2171280276816609 0.8728373702422145
vt 0.2179930795847751 0.8711072664359861
vt 0.2179930795847751 0.8728373702422145
vt 0.18685121107266436 0.8728373702422145
vt 0.18685121107266436 0.8711072664359861
vt 0.15484429065743946 0.8745674740484429
vt 0.15484429065743946 0.8762975778546713
vt 0.15397923875432526 0.8762975778546713
vt 0.15397923875432526 0.8745674740484429
vt 0.18685121107266436 0.8745674740484429
vt 0.18685121107266436 0.8762975778546713
vt 0.18598615916955016 0.8762975778546713
vt 0.18598615916955016 0.8745674740484429
vt 0.15484429065743946 0.8771626297577855
vt 0.15484429065743946 0.8762975778546713
vt 0.18598615916955016 0.8762975778546713
vt 0.18598615916955016 0.8771626297577855
vt 0.18598615916955016 0.8762975778546713
vt 0.18598615916955016 0.8771626297577855
vt 0.2171280276816609 0.8771626297577855
vt 0.2171280276816609 0.8762975778546713
vt 0.2179930795847751 0.8745674740484429
vt 0.2179930795847751 0.8762975778546713
vt 0.18685121107266436 0.8762975778546713
vt 0.18685121107266436 0.8745674740484429
vt 0.0008650519031141869 0.9948096885813149
vt 0.0008650519031141869 0.9965397923875432
vt 0 0.9965397923875432
vt 0 0.9948096885813149
vt 0.1652249134948097 0.9948096885813149
vt 0.1652249134948097 0.9965397923875432
vt 0.1643598615916955 0.9965397923875432
vt 0.1643598615916955 0.9948096885813149
vt 0.0008650519031141869 0.9974048442906575
vt 0.0008650519031141869 0.9965397923875432
vt 0.1643598615916955 0.9965397923875432
vt 0.1643598615916955 0.9974048442906575
vt 0.1643598615916955 0.9965397923875432
vt 0.1643598615916955 0.9974048442906575
vt 0.32785467128027684 0.9974048442906575
vt 0.32785467128027684 0.9965397923875432
vt 0.328719723183391 0.9948096885813149
vt 0.328719723183391 0.9965397923875432
vt 0.1652249134948097 0.9965397923875432
vt 0.1652249134948097 0.9948096885813149
vt 0.1643598615916955 0.9948096885813149
vt 0.1643598615916955 0.9965397923875432
vt 0.0008650519031141869 0.9965397923875432
vt 0.0008650519031141869 0.9948096885813149
vt 0.0008650519031141869 0.9974048442906575
vt 0.0008650519031141869 0.9991349480968859
vt 0 0.9991349480968859
vt 0 0.9974048442906575
vt 0.1652249134948097 0.9974048442906575
vt 0.1652249134948097 0.9991349480968859
vt 0.1643598615916955 0.9991349480968859
vt 0.1643598615916955 0.9974048442906575
vt 0.0008650519031141869 1
vt 0.0008650519031141869 0.9991349480968859
vt 0.1643598615916955 0.9991349480968859
vt 0.1643598615916955 1
vt 0.1643598615916955 0.9991349480968859
vt 0.1643598615916955 1
vt 0.32785467128027684 1
vt 0.32785467128027684 0.9991349480968859
vt 0.328719723183391 0.9974048442906575
vt 0.328719723183391 0.9991349480968859
vt 0.1652249134948097 0.9991349480968859
vt 0.1652249134948097 0.9974048442906575
vt 0.1643598615916955 0.9974048442906575
vt 0.1643598615916955 0.9991349480968859
vt 0.0008650519031141869 0.9991349480968859
vt 0.0008650519031141869 0.9974048442906575
vt 0.0008650519031141869 0.976643598615917
vt 0.0008650519031141869 0.9870242214532872
vt 0 0.9870242214532872
vt 0 0.976643598615917
vt 0.21193771626297578 0.976643598615917
vt 0.21193771626297578 0.9870242214532872
vt 0.21107266435986158 0.9870242214532872
vt 0.21107266435986158 0.976643598615917
vt 0.0008650519031141869 0.9878892733564014
vt 0.0008650519031141869 0.9870242214532872
vt 0.21107266435986158 0.9870242214532872
vt 0.21107266435986158 0.9878892733564014
vt 0.21107266435986158 0.9870242214532872
vt 0.21107266435986158 0.9878892733564014
vt 0.421280276816609 0.9878892733564014
vt 0.421280276816609 0.9870242214532872
vt 0.42214532871972316 0.976643598615917
vt 0.42214532871972316 0.9870242214532872
vt 0.21193771626297578 0.9870242214532872
vt 0.21193771626297578 0.976643598615917
vt 0.2491349480968858 0.9385813148788927
vt 0.4982698961937716 0.9385813148788927
vt 0.4982698961937716 0.9307958477508651
vt 0.2491349480968858 0.9307958477508651
vt 0.2491349480968858 0.9385813148788927
vt 0.2491349480968858 0.9385813148788927
vt 0.2491349480968858 1.1877162629757785
vt 0.2491349480968858 1.1877162629757785
vt 0.2491349480968858 1.1877162629757785
vt 0.2491349480968858 1.1877162629757785
vt 0.2491349480968858 0.9385813148788927
vt 0.2491349480968858 0.9385813148788927
vt 0.4982698961937716 0.9385813148788927
vt 0.4982698961937716 0.9385813148788927
vt 0.4982698961937716 0.9307958477508651
vt 0.4982698961937716 0.9307958477508651
vt 0.2491349480968858 0.9385813148788927
vt 0.2491349480968858 0.9385813148788927
vt 0.2491349480968858 0.9307958477508651
vt 0.2491349480968858 0.9307958477508651
vt 0.2491349480968858 0.948961937716263
vt 0.4982698961937716 0.948961937716263
vt 0.4982698961937716 0.9385813148788927
vt 0.2491349480968858 0.9385813148788927
vt 0.2491349480968858 0.948961937716263
vt 0.2491349480968858 0.948961937716263
vt 0.2491349480968858 1.1980968858131489
vt 0.2491349480968858 1.1980968858131489
vt 0.2491349480968858 1.1980968858131489
vt 0.2491349480968858 1.1980968858131489
vt 0.2491349480968858 0.948961937716263
vt 0.2491349480968858 0.948961937716263
vt 0.4982698961937716 0.948961937716263
vt 0.4982698961937716 0.948961937716263
vt 0.4982698961937716 0.9385813148788927
vt 0.4982698961937716 0.9385813148788927
vt 0.2491349480968858 0.948961937716263
vt 0.2491349480968858 0.948961937716263
vt 0.2491349480968858 0.9385813148788927
vt 0.2491349480968858 0.9385813148788927
vt 0.2491349480968858 0.976643598615917
vt 0.2491349480968858 0.976643598615917
vt 0.2491349480968858 1.2257785467128028
vt 0.2491349480968858 1.2257785467128028
vt 0.2491349480968858 1.2257785467128028
vt 0.2491349480968858 1.2257785467128028
vt 0.2491349480968858 0.976643598615917
vt 0.2491349480968858 0.976643598615917
vt 0.4982698961937716 0.976643598615917
vt 0.4982698961937716 0.976643598615917
vt 0.4982698961937716 0.967128027681661
vt 0.4982698961937716 0.967128027681661
vt 0.2491349480968858 0.976643598615917
vt 0.2491349480968858 0.976643598615917
vt 0.2491349480968858 0.967128027681661
vt 0.2491349480968858 0.967128027681661
vt 0.19982698961937717 0.967128027681661
vt 0.19982698961937717 0.967128027681661
vt 0.19982698961937717 1.1669550173010381
vt 0.19982698961937717 1.1669550173010381
vt 0.19982698961937717 0.967128027681661
vt 0.19982698961937717 0.967128027681661
vt 0.19982698961937717 0.967128027681661
vt 0.19982698961937717 0.967128027681661
vt 0.19982698961937717 0.948961937716263
vt 0.19982698961937717 0.948961937716263
vt 0.4982698961937716 0.9307958477508651
vt 0.4982698961937716 0.9385813148788927
vt 0.2491349480968858 0.9385813148788927
vt 0.2491349480968858 0.9307958477508651
vt 0.2491349480968858 0.9385813148788927
vt 0.2491349480968858 0.9385813148788927
vt 0.2491349480968858 1.1877162629757785
vt 0.2491349480968858 1.1877162629757785
vt 0.2491349480968858 1.1877162629757785
vt 0.2491349480968858 1.1877162629757785
vt 0.2491349480968858 0.9385813148788927
vt 0.2491349480968858 0.9385813148788927
vt 0.4982698961937716 0.9385813148788927
vt 0.4982698961937716 0.9385813148788927
vt 0.4982698961937716 0.9307958477508651
vt 0.4982698961937716 0.9307958477508651
vt 0.2491349480968858 0.9385813148788927
vt 0.2491349480968858 0.9385813148788927
vt 0.2491349480968858 0.9307958477508651
vt 0.2491349480968858 0.9307958477508651
vt 0.4982698961937716 0.9385813148788927
vt 0.4982698961937716 0.948961937716263
vt 0.2491349480968858 0.948961937716263
vt 0.2491349480968858 0.9385813148788927
vt 0.2491349480968858 0.948961937716263
vt 0.2491349480968858 0.948961937716263
vt 0.2491349480968858 1.1980968858131489
vt 0.2491349480968858 1.1980968858131489
vt 0.2491349480968858 1.1980968858131489
vt 0.2491349480968858 1.1980968858131489
vt 0.2491349480968858 0.948961937716263
vt 0.2491349480968858 0.948961937716263
vt 0.4982698961937716 0.948961937716263
vt 0.4982698961937716 0.948961937716263
vt 0.4982698961937716 0.9385813148788927
vt 0.4982698961937716 0.9385813148788927
vt 0.2491349480968858 0.948961937716263
vt 0.2491349480968858 0.948961937716263
vt 0.2491349480968858 0.9385813148788927
vt 0.2491349480968858 0.9385813148788927
vt 0.2491349480968858 0.976643598615917
vt 0.2491349480968858 0.976643598615917
vt 0.2491349480968858 1.2257785467128028
vt 0.2491349480968858 1.2257785467128028
vt 0.2491349480968858 1.2257785467128028
vt 0.2491349480968858 1.2257785467128028
vt 0.2491349480968858 0.976643598615917
vt 0.2491349480968858 0.976643598615917
vt 0.4982698961937716 0.976643598615917
vt 0.4982698961937716 0.976643598615917
vt 0.4982698961937716 0.967128027681661
vt 0.4982698961937716 0.967128027681661
vt 0.2491349480968858 0.976643598615917
vt 0.2491349480968858 0.976643598615917
vt 0.2491349480968858 0.967128027681661
vt 0.2491349480968858 0.967128027681661
vt 0.19982698961937717 0.967128027681661
vt 0.19982698961937717 0.967128027681661
vt 0.19982698961937717 1.1669550173010381
vt 0.19982698961937717 1.1669550173010381
vt 0.19982698961937717 0.967128027681661
vt 0.19982698961937717 0.967128027681661
vt 0.19982698961937717 0.967128027681661
vt 0.19982698961937717 0.967128027681661
vt 0.19982698961937717 0.948961937716263
vt 0.19982698961937717 0.948961937716263
vt 0.10207612456747404 0.884083044982699
vt 0.10207612456747404 0.884083044982699
vt 0.10207612456747404 0.986159169550173
vt 0.10207612456747404 0.986159169550173
vt 0.10207612456747404 0.986159169550173
vt 0.10207612456747404 0.986159169550173
vt 0.10207612456747404 0.884083044982699
vt 0.10207612456747404 0.884083044982699
vt 0.2041522491349481 0.884083044982699
vt 0.2041522491349481 0.884083044982699
vt 0.2041522491349481 0.8780276816608996
vt 0.2041522491349481 0.8780276816608996
vt 0.10207612456747404 0.884083044982699
vt 0.10207612456747404 0.884083044982699
vt 0.10207612456747404 0.8780276816608996
vt 0.10207612456747404 0.8780276816608996
vt 0.2041522491349481 0.884083044982699
vt 0.2041522491349481 0.8918685121107266
vt 0.10207612456747404 0.8918685121107266
vt 0.10207612456747404 0.884083044982699
vt 0.10207612456747404 0.8918685121107266
vt 0.10207612456747404 0.8918685121107266
vt 0.10207612456747404 0.9939446366782007
vt 0.10207612456747404 0.9939446366782007
vt 0.10207612456747404 0.9939446366782007
vt 0.10207612456747404 0.9939446366782007
vt 0.10207612456747404 0.8918685121107266
vt 0.10207612456747404 0.8918685121107266
vt 0.2041522491349481 0.8918685121107266
vt 0.2041522491349481 0.8918685121107266
vt 0.2041522491349481 0.884083044982699
vt 0.2041522491349481 0.884083044982699
vt 0.10207612456747404 0.8918685121107266
vt 0.10207612456747404 0.8918685121107266
vt 0.10207612456747404 0.884083044982699
vt 0.10207612456747404 0.884083044982699
vt 0.20328719723183392 0.889273356401384
vt 0.20328719723183392 0.8944636678200693
vt 0.10121107266435986 0.8944636678200693
vt 0.10121107266435986 0.889273356401384
vt 0.1115916955017301 0.8944636678200693
vt 0.1115916955017301 0.8944636678200693
vt 0.1115916955017301 0.9965397923875432
vt 0.1115916955017301 0.9965397923875432
vt 0.1115916955017301 0.9965397923875432
vt 0.1115916955017301 0.9965397923875432
vt 0.1115916955017301 0.8944636678200693
vt 0.1115916955017301 0.8944636678200693
vt 0.21366782006920415 0.8944636678200693
vt 0.21366782006920415 0.8944636678200693
vt 0.21366782006920415 0.889273356401384
vt 0.21366782006920415 0.889273356401384
vt 0.1115916955017301 0.8944636678200693
vt 0.1115916955017301 0.8944636678200693
vt 0.1115916955017301 0.889273356401384
vt 0.1115916955017301 0.889273356401384
vt 0.2889273356401384 0.8979238754325259
vt 0.2889273356401384 0.9108996539792388
vt 0.1444636678200692 0.9108996539792388
vt 0.1444636678200692 0.8979238754325259
vt 0.1444636678200692 0.9108996539792388
vt 0.1444636678200692 0.9108996539792388
vt 0.1444636678200692 1.055363321799308
vt 0.1444636678200692 1.055363321799308
vt 0.1444636678200692 1.055363321799308
vt 0.1444636678200692 1.055363321799308
vt 0.1444636678200692 0.9108996539792388
vt 0.1444636678200692 0.9108996539792388
vt 0.2889273356401384 0.9108996539792388
vt 0.2889273356401384 0.9108996539792388
vt 0.2889273356401384 0.8979238754325259
vt 0.2889273356401384 0.8979238754325259
vt 0.1444636678200692 0.9108996539792388
vt 0.1444636678200692 0.9108996539792388
vt 0.1444636678200692 0.8979238754325259
vt 0.1444636678200692 0.8979238754325259
vt 0.1444636678200692 0.9108996539792388
vt 0.2889273356401384 0.9108996539792388
vt 0.2889273356401384 0.8979238754325259
vt 0.1444636678200692 0.8979238754325259
vt 0.1444636678200692 0.9108996539792388
vt 0.1444636678200692 0.9108996539792388
vt 0.1444636678200692 1.055363321799308
vt 0.1444636678200692 1.055363321799308
vt 0.1444636678200692 1.055363321799308
vt 0.1444636678200692 1.055363321799308
vt 0.1444636678200692 0.9108996539792388
vt 0.1444636678200692 0.9108996539792388
vt 0.2889273356401384 0.9108996539792388
vt 0.2889273356401384 0.9108996539792388
vt 0.2889273356401384 0.8979238754325259
vt 0.2889273356401384 0.8979238754325259
vt 0.1444636678200692 0.9108996539792388
vt 0.1444636678200692 0.9108996539792388
vt 0.1444636678200692 0.8979238754325259
vt 0.1444636678200692 0.8979238754325259
vt 0 0.8650519031141868
vt -0.012110726643598616 0.8650519031141868
vt 0 0.8650519031141868
vt -0.012110726643598616 0.8650519031141868
vt 0.050173010380622836 0.8650519031141868
vt 0.03806228373702422 0.8650519031141868
vt 0.050173010380622836 0.8650519031141868
vt 0.03806228373702422 0.8650519031141868
vt 0.08823529411764706 0.8650519031141868
vt 0.050173010380622836 0.8650519031141868
vt 0.08823529411764706 0.8650519031141868
vt 0.050173010380622836 0.8650519031141868
vt 0.03806228373702422 0.8650519031141868
vt 0 0.8650519031141868
vt 0.03806228373702422 0.8650519031141868
vt 0 0.8650519031141868
vt 0 0.846885813148789
vt -0.01730103806228374 0.846885813148789
vt 0 0.846885813148789
vt -0.01730103806228374 0.846885813148789
vt 0.05536332179930796 0.846885813148789
vt 0.03806228373702422 0.846885813148789
vt 0.05536332179930796 0.846885813148789
vt 0.03806228373702422 0.846885813148789
vt 0.03806228373702422 0.8641868512110726
vt 0 0.8641868512110726
vt 0 0.846885813148789
vt 0.03806228373702422 0.846885813148789
vt 0.09342560553633218 0.846885813148789
vt 0.05536332179930796 0.846885813148789
vt 0.09342560553633218 0.846885813148789
vt 0.05536332179930796 0.846885813148789
vt 0.03806228373702422 0.846885813148789
vt 0 0.846885813148789
vt 0.03806228373702422 0.846885813148789
vt 0 0.846885813148789
vt 0 0.846885813148789
vt -0.01730103806228374 0.846885813148789
vt 0 0.846885813148789
vt -0.01730103806228374 0.846885813148789
vt 0.05536332179930796 0.846885813148789
vt 0.03806228373702422 0.846885813148789
vt 0.05536332179930796 0.846885813148789
vt 0.03806228373702422 0.846885813148789
vt 0.09342560553633218 0.846885813148789
vt 0.05536332179930796 0.846885813148789
vt 0.09342560553633218 0.846885813148789
vt 0.05536332179930796 0.846885813148789
vt 0.03806228373702422 0.846885813148789
vt 0 0.846885813148789
vt 0.03806228373702422 0.846885813148789
vt 0 0.846885813148789
vt 0.07698961937716263 0.8650519031141868
vt 0.06487889273356401 0.8650519031141868
vt 0.07698961937716263 0.8650519031141868
vt 0.06487889273356401 0.8650519031141868
vt 0.12716262975778547 0.8650519031141868
vt 0.11505190311418685 0.8650519031141868
vt 0.12716262975778547 0.8650519031141868
vt 0.11505190311418685 0.8650519031141868
vt 0.1652249134948097 0.8650519031141868
vt 0.12716262975778547 0.8650519031141868
vt 0.1652249134948097 0.8650519031141868
vt 0.12716262975778547 0.8650519031141868
vt 0.11505190311418685 0.8650519031141868
vt 0.07698961937716263 0.8650519031141868
vt 0.11505190311418685 0.8650519031141868
vt 0.07698961937716263 0.8650519031141868
vt 0 0.846885813148789
vt -0.01730103806228374 0.846885813148789
vt 0 0.846885813148789
vt -0.01730103806228374 0.846885813148789
vt 0.05536332179930796 0.846885813148789
vt 0.03806228373702422 0.846885813148789
vt 0.05536332179930796 0.846885813148789
vt 0.03806228373702422 0.846885813148789
vt 0.03806228373702422 0.8641868512110726
vt 0 0.8641868512110726
vt 0 0.846885813148789
vt 0.03806228373702422 0.846885813148789
vt 0.09342560553633218 0.846885813148789
vt 0.05536332179930796 0.846885813148789
vt 0.09342560553633218 0.846885813148789
vt 0.05536332179930796 0.846885813148789
vt 0.03806228373702422 0.846885813148789
vt 0 0.846885813148789
vt 0.03806228373702422 0.846885813148789
vt 0 0.846885813148789
vt 0 0.846885813148789
vt -0.01730103806228374 0.846885813148789
vt 0 0.846885813148789
vt -0.01730103806228374 0.846885813148789
vt 0.05536332179930796 0.846885813148789
vt 0.03806228373702422 0.846885813148789
vt 0.05536332179930796 0.846885813148789
vt 0.03806228373702422 0.846885813148789
vt 0.03806228373702422 0.8641868512110726
vt 0 0.8641868512110726
vt 0 0.846885813148789
vt 0.03806228373702422 0.846885813148789
vt 0.09342560553633218 0.846885813148789
vt 0.05536332179930796 0.846885813148789
vt 0.09342560553633218 0.846885813148789
vt 0.05536332179930796 0.846885813148789
vt 0.03806228373702422 0.846885813148789
vt 0 0.846885813148789
vt 0.03806228373702422 0.846885813148789
vt 0 0.846885813148789
vt 0 0.8650519031141868
vt -0.012110726643598616 0.8650519031141868
vt 0 0.8650519031141868
vt -0.012110726643598616 0.8650519031141868
vt 0.050173010380622836 0.8650519031141868
vt 0.03806228373702422 0.8650519031141868
vt 0.050173010380622836 0.8650519031141868
vt 0.03806228373702422 0.8650519031141868
vt 0.03806228373702422 0.8771626297577855
vt 0 0.8771626297577855
vt 0 0.8650519031141868
vt 0.03806228373702422 0.8650519031141868
vt 0.08823529411764706 0.8650519031141868
vt 0.050173010380622836 0.8650519031141868
vt 0.08823529411764706 0.8650519031141868
vt 0.050173010380622836 0.8650519031141868
vt 0.03806228373702422 0.8650519031141868
vt 0 0.8650519031141868
vt 0.03806228373702422 0.8650519031141868
vt 0 0.8650519031141868
vt 0 0.846885813148789
vt 0 0.846885813148789
vt -0.01730103806228374 0.846885813148789
vt 0.05536332179930796 0.846885813148789
vt 0.03806228373702422 0.846885813148789
vt 0.05536332179930796 0.846885813148789
vt 0.03806228373702422 0.846885813148789
vt 0.03806228373702422 0.846885813148789
vt 0 0.846885813148789
vt 0 0.846885813148789
vt 0 0.8650519031141868
vt -0.012110726643598616 0.8650519031141868
vt 0 0.8650519031141868
vt -0.012110726643598616 0.8650519031141868
vt 0.050173010380622836 0.8650519031141868
vt 0.03806228373702422 0.8650519031141868
vt 0.050173010380622836 0.8650519031141868
vt 0.03806228373702422 0.8650519031141868
vt 0.03806228373702422 0.8771626297577855
vt 0 0.8771626297577855
vt 0 0.8650519031141868
vt 0.03806228373702422 0.8650519031141868
vt 0.08823529411764706 0.8650519031141868
vt 0.050173010380622836 0.8650519031141868
vt 0.08823529411764706 0.8650519031141868
vt 0.050173010380622836 0.8650519031141868
vt 0.03806228373702422 0.8650519031141868
vt 0 0.8650519031141868
vt 0.03806228373702422 0.8650519031141868
vt 0 0.8650519031141868
vt 0 0.846885813148789
vt -0.01730103806228374 0.846885813148789
vt 0 0.846885813148789
vt -0.01730103806228374 0.846885813148789
vt 0.05536332179930796 0.846885813148789
vt 0.03806228373702422 0.846885813148789
vt 0.05536332179930796 0.846885813148789
vt 0.03806228373702422 0.846885813148789
vt 0.09342560553633218 0.846885813148789
vt 0.05536332179930796 0.846885813148789
vt 0.09342560553633218 0.846885813148789
vt 0.05536332179930796 0.846885813148789
vt 0.03806228373702422 0.846885813148789
vt 0 0.846885813148789
vt 0.03806228373702422 0.846885813148789
vt 0 0.846885813148789
vt 0.40657439446366783 0.8901384083044983
vt 0.40657439446366783 0.921280276816609
vt 0.39792387543252594 0.921280276816609
vt 0.39792387543252594 0.8901384083044983
vt 0.41608996539792387 0.8901384083044983
vt 0.41608996539792387 0.921280276816609
vt 0.40743944636678203 0.921280276816609
vt 0.40743944636678203 0.8901384083044983
vt 0.40657439446366783 0.9299307958477508
vt 0.40657439446366783 0.921280276816609
vt 0.40743944636678203 0.921280276816609
vt 0.40743944636678203 0.9299307958477508
vt 0.40743944636678203 0.921280276816609
vt 0.40743944636678203 0.9299307958477508
vt 0.4083044982698962 0.9299307958477508
vt 0.4083044982698962 0.921280276816609
vt 0.41695501730103807 0.8901384083044983
vt 0.41695501730103807 0.921280276816609
vt 0.41608996539792387 0.921280276816609
vt 0.41608996539792387 0.8901384083044983
vt 0.40743944636678203 0.8901384083044983
vt 0.40743944636678203 0.921280276816609
vt 0.40657439446366783 0.921280276816609
vt 0.40657439446366783 0.8901384083044983
vt 0.2984429065743945 0.8918685121107266
vt 0.2984429065743945 0.8927335640138409
vt 0.2897923875432526 0.8927335640138409
vt 0.2897923875432526 0.8918685121107266
vt 0.31314878892733566 0.8918685121107266
vt 0.31314878892733566 0.8927335640138409
vt 0.3044982698961938 0.8927335640138409
vt 0.3044982698961938 0.8918685121107266
vt 0.2984429065743945 0.9013840830449827
vt 0.2984429065743945 0.8927335640138409
vt 0.3044982698961938 0.8927335640138409
vt 0.3044982698961938 0.9013840830449827
vt 0.3044982698961938 0.8927335640138409
vt 0.3044982698961938 0.9013840830449827
vt 0.31055363321799306 0.9013840830449827
vt 0.31055363321799306 0.8927335640138409
vt 0.31920415224913495 0.8918685121107266
vt 0.31920415224913495 0.8927335640138409
vt 0.31314878892733566 0.8927335640138409
vt 0.31314878892733566 0.8918685121107266
vt 0.3044982698961938 0.8918685121107266
vt 0.3044982698961938 0.8927335640138409
vt 0.2984429065743945 0.8927335640138409
vt 0.2984429065743945 0.8918685121107266
vt 0.3866782006920415 0.8901384083044983
vt 0.3866782006920415 0.921280276816609
vt 0.3780276816608997 0.921280276816609
vt 0.3780276816608997 0.8901384083044983
vt 0.3961937716262976 0.8901384083044983
vt 0.3961937716262976 0.921280276816609
vt 0.3875432525951557 0.921280276816609
vt 0.3875432525951557 0.8901384083044983
vt 0.3866782006920415 0.9299307958477508
vt 0.3866782006920415 0.921280276816609
vt 0.3875432525951557 0.921280276816609
vt 0.3875432525951557 0.9299307958477508
vt 0.3875432525951557 0.921280276816609
vt 0.3875432525951557 0.9299307958477508
vt 0.3884083044982699 0.9299307958477508
vt 0.3884083044982699 0.921280276816609
vt 0.39705882352941174 0.8901384083044983
vt 0.39705882352941174 0.921280276816609
vt 0.3961937716262976 0.921280276816609
vt 0.3961937716262976 0.8901384083044983
vt 0.3875432525951557 0.8901384083044983
vt 0.3875432525951557 0.921280276816609
vt 0.3866782006920415 0.921280276816609
vt 0.3866782006920415 0.8901384083044983
vt 0.3486159169550173 0.8961937716262975
vt 0.3486159169550173 0.8970588235294118
vt 0.3399653979238754 0.8970588235294118
vt 0.3399653979238754 0.8961937716262975
vt 0.3633217993079585 0.8961937716262975
vt 0.3633217993079585 0.8970588235294118
vt 0.3546712802768166 0.8970588235294118
vt 0.3546712802768166 0.8961937716262975
vt 0.3486159169550173 0.9057093425605536
vt 0.3486159169550173 0.8970588235294118
vt 0.3546712802768166 0.8970588235294118
vt 0.3546712802768166 0.9057093425605536
vt 0.3546712802768166 0.8970588235294118
vt 0.3546712802768166 0.9057093425605536
vt 0.3607266435986159 0.9057093425605536
vt 0.3607266435986159 0.8970588235294118
vt 0.3693771626297578 0.8961937716262975
vt 0.3693771626297578 0.8970588235294118
vt 0.3633217993079585 0.8970588235294118
vt 0.3633217993079585 0.8961937716262975
vt 0.3546712802768166 0.8961937716262975
vt 0.3546712802768166 0.8970588235294118
vt 0.3486159169550173 0.8970588235294118
vt 0.3486159169550173 0.8961937716262975
vt 0.2050173010380623 0.8823529411764706
vt 0.2050173010380623 0.8823529411764706
vt 0.2050173010380623 0.879757785467128
vt 0.2050173010380623 0.879757785467128
vt 0.2171280276816609 0.8823529411764706
vt 0.2171280276816609 0.8823529411764706
vt 0.2171280276816609 0.879757785467128
vt 0.2171280276816609 0.879757785467128
vt 0.2050173010380623 0.8823529411764706
vt 0.2050173010380623 0.8823529411764706
vt 0.2171280276816609 0.8823529411764706
vt 0.2171280276816609 0.8823529411764706
vt 0.2171280276816609 0.8823529411764706
vt 0.2171280276816609 0.8823529411764706
vt 0.2292387543252595 0.8823529411764706
vt 0.2292387543252595 0.8823529411764706
vt 0.34515570934256057 0.8953287197231834
vt 0.34515570934256057 0.8953287197231834
vt 0.34515570934256057 0.8927335640138409
vt 0.34515570934256057 0.8927335640138409
vt 0.35726643598615915 0.8953287197231834
vt 0.35726643598615915 0.8953287197231834
vt 0.35726643598615915 0.8927335640138409
vt 0.35726643598615915 0.8927335640138409
vt 0.34515570934256057 0.8953287197231834
vt 0.34515570934256057 0.8953287197231834
vt 0.35726643598615915 0.8953287197231834
vt 0.35726643598615915 0.8953287197231834
vt 0.35726643598615915 0.8953287197231834
vt 0.35726643598615915 0.8953287197231834
vt 0.3693771626297578 0.8953287197231834
vt 0.3693771626297578 0.8953287197231834
vt 0.32006920415224915 0.8953287197231834
vt 0.32006920415224915 0.8953287197231834
vt 0.32006920415224915 0.8927335640138409
vt 0.32006920415224915 0.8927335640138409
vt 0.33217993079584773 0.8953287197231834
vt 0.33217993079584773 0.8953287197231834
vt 0.33217993079584773 0.8927335640138409
vt 0.33217993079584773 0.8927335640138409
vt 0.32006920415224915 0.8953287197231834
vt 0.32006920415224915 0.8953287197231834
vt 0.33217993079584773 0.8953287197231834
vt 0.33217993079584773 0.8953287197231834
vt 0.33217993079584773 0.8953287197231834
vt 0.33217993079584773 0.8953287197231834
vt 0.34429065743944637 0.8953287197231834
vt 0.34429065743944637 0.8953287197231834
vt 0.33217993079584773 0.8953287197231834
vt 0.34429065743944637 0.8953287197231834
vt 0.34429065743944637 0.8927335640138409
vt 0.33217993079584773 0.8927335640138409
vt 0.43079584775086505 0.9809688581314879
vt 0.43079584775086505 0.9809688581314879
vt 0.43079584775086505 0.9775086505190311
vt 0.43079584775086505 0.9775086505190311
vt 0.4342560553633218 0.9809688581314879
vt 0.4342560553633218 0.9809688581314879
vt 0.4342560553633218 0.9775086505190311
vt 0.4342560553633218 0.9775086505190311
vt 0.43079584775086505 0.9809688581314879
vt 0.4342560553633218 0.9809688581314879
vt 0.43079584775086505 0.9809688581314879
vt 0.4342560553633218 0.9809688581314879
vt 0.4342560553633218 0.9809688581314879
vt 0.43771626297577854 0.9809688581314879
vt 0.4342560553633218 0.9809688581314879
vt 0.43771626297577854 0.9809688581314879
vt 0.4342560553633218 0.9809688581314879
vt 0.43771626297577854 0.9809688581314879
vt 0.43771626297577854 0.9775086505190311
vt 0.4342560553633218 0.9775086505190311
vt 0.43079584775086505 0.9852941176470589
vt 0.43079584775086505 0.9852941176470589
vt 0.43079584775086505 0.9818339100346021
vt 0.43079584775086505 0.9818339100346021
vt 0.4342560553633218 0.9852941176470589
vt 0.4342560553633218 0.9852941176470589
vt 0.4342560553633218 0.9818339100346021
vt 0.4342560553633218 0.9818339100346021
vt 0.43079584775086505 0.9852941176470589
vt 0.4342560553633218 0.9852941176470589
vt 0.43079584775086505 0.9852941176470589
vt 0.4342560553633218 0.9852941176470589
vt 0.4342560553633218 0.9852941176470589
vt 0.43771626297577854 0.9852941176470589
vt 0.4342560553633218 0.9852941176470589
vt 0.43771626297577854 0.9852941176470589
vt 0.4342560553633218 0.9852941176470589
vt 0.43771626297577854 0.9852941176470589
vt 0.43771626297577854 0.9818339100346021
vt 0.4342560553633218 0.9818339100346021
vt 0.2967128027681661 0.9930795847750865
vt 0.2967128027681661 0.9930795847750865
vt 0.2967128027681661 0.9887543252595156
vt 0.2967128027681661 0.9887543252595156
vt 0.30103806228373703 0.9930795847750865
vt 0.30103806228373703 0.9930795847750865
vt 0.30103806228373703 0.9887543252595156
vt 0.30103806228373703 0.9887543252595156
vt 0.2967128027681661 0.9930795847750865
vt 0.30103806228373703 0.9930795847750865
vt 0.2967128027681661 0.9930795847750865
vt 0.30103806228373703 0.9930795847750865
vt 0.30103806228373703 0.9930795847750865
vt 0.305363321799308 0.9930795847750865
vt 0.30103806228373703 0.9930795847750865
vt 0.305363321799308 0.9930795847750865
vt 0.30103806228373703 0.9930795847750865
vt 0.305363321799308 0.9930795847750865
vt 0.305363321799308 0.9887543252595156
vt 0.30103806228373703 0.9887543252595156
vt 0.3416955017301038 0.8814878892733564
vt 0.3416955017301038 0.8814878892733564
vt 0.3416955017301038 0.8780276816608996
vt 0.3416955017301038 0.8780276816608996
vt 0.3494809688581315 0.8814878892733564
vt 0.3494809688581315 0.8814878892733564
vt 0.3494809688581315 0.8780276816608996
vt 0.3494809688581315 0.8780276816608996
vt 0.3416955017301038 0.8814878892733564
vt 0.3494809688581315 0.8814878892733564
vt 0.3416955017301038 0.8814878892733564
vt 0.3494809688581315 0.8814878892733564
vt 0.3494809688581315 0.8814878892733564
vt 0.35726643598615915 0.8814878892733564
vt 0.3494809688581315 0.8814878892733564
vt 0.35726643598615915 0.8814878892733564
vt 0.3494809688581315 0.8814878892733564
vt 0.35726643598615915 0.8814878892733564
vt 0.35726643598615915 0.8780276816608996
vt 0.3494809688581315 0.8780276816608996
vt 0.43252595155709345 0.9299307958477508
vt 0.43252595155709345 0.9299307958477508
vt 0.43252595155709345 0.8979238754325259
vt 0.43252595155709345 0.8979238754325259
vt 0.43944636678200694 0.9299307958477508
vt 0.43944636678200694 0.9299307958477508
vt 0.43944636678200694 0.8979238754325259
vt 0.43944636678200694 0.8979238754325259
vt 0.43252595155709345 0.9299307958477508
vt 0.43252595155709345 0.9299307958477508
vt 0.43944636678200694 0.9299307958477508
vt 0.43944636678200694 0.9299307958477508
vt 0.43944636678200694 0.9299307958477508
vt 0.43944636678200694 0.9299307958477508
vt 0.4463667820069204 0.9299307958477508
vt 0.4463667820069204 0.9299307958477508
vt 0.43944636678200694 0.9299307958477508
vt 0.4463667820069204 0.9299307958477508
vt 0.4463667820069204 0.8979238754325259
vt 0.43944636678200694 0.8979238754325259
vt 0.314878892733564 0.9299307958477508
vt 0.314878892733564 0.9299307958477508
vt 0.314878892733564 0.9022491349480969
vt 0.314878892733564 0.9022491349480969
vt 0.32698961937716264 0.9299307958477508
vt 0.32698961937716264 0.9299307958477508
vt 0.32698961937716264 0.9022491349480969
vt 0.32698961937716264 0.9022491349480969
vt 0.314878892733564 0.9299307958477508
vt 0.32698961937716264 0.9299307958477508
vt 0.314878892733564 0.9299307958477508
vt 0.32698961937716264 0.9299307958477508
vt 0.32698961937716264 0.9299307958477508
vt 0.3391003460207612 0.9299307958477508
vt 0.32698961937716264 0.9299307958477508
vt 0.3391003460207612 0.9299307958477508
vt 0.32698961937716264 0.9299307958477508
vt 0.3391003460207612 0.9299307958477508
vt 0.3391003460207612 0.9022491349480969
vt 0.32698961937716264 0.9022491349480969
vt 0.41782006920415227 0.9299307958477508
vt 0.41782006920415227 0.9299307958477508
vt 0.41782006920415227 0.8979238754325259
vt 0.41782006920415227 0.8979238754325259
vt 0.42474048442906576 0.9299307958477508
vt 0.42474048442906576 0.9299307958477508
vt 0.42474048442906576 0.8979238754325259
vt 0.42474048442906576 0.8979238754325259
vt 0.41782006920415227 0.9299307958477508
vt 0.42474048442906576 0.9299307958477508
vt 0.41782006920415227 0.9299307958477508
vt 0.42474048442906576 0.9299307958477508
vt 0.42474048442906576 0.9299307958477508
vt 0.43166089965397925 0.9299307958477508
vt 0.42474048442906576 0.9299307958477508
vt 0.43166089965397925 0.9299307958477508
vt 0.2897923875432526 0.9299307958477508
vt 0.2897923875432526 0.9299307958477508
vt 0.2897923875432526 0.9022491349480969
vt 0.2897923875432526 0.9022491349480969
vt 0.30190311418685123 0.9299307958477508
vt 0.30190311418685123 0.9299307958477508
vt 0.30190311418685123 0.9022491349480969
vt 0.30190311418685123 0.9022491349480969
vt 0.2897923875432526 0.9299307958477508
vt 0.30190311418685123 0.9299307958477508
vt 0.2897923875432526 0.9299307958477508
vt 0.30190311418685123 0.9299307958477508
vt 0.30190311418685123 0.9299307958477508
vt 0.3140138408304498 0.9299307958477508
vt 0.30190311418685123 0.9299307958477508
vt 0.3140138408304498 0.9299307958477508
vt 0.30190311418685123 0.9299307958477508
vt 0.3140138408304498 0.9299307958477508
vt 0.3140138408304498 0.9022491349480969
vt 0.30190311418685123 0.9022491349480969
vt 0.379757785467128 0.9965397923875432
vt 0.379757785467128 0.9965397923875432
vt 0.379757785467128 0.9939446366782007
vt 0.379757785467128 0.9939446366782007
vt 0.39186851211072665 0.9965397923875432
vt 0.39186851211072665 0.9965397923875432
vt 0.39186851211072665 0.9939446366782007
vt 0.39186851211072665 0.9939446366782007
vt 0.379757785467128 0.9965397923875432
vt 0.39186851211072665 0.9965397923875432
vt 0.379757785467128 0.9965397923875432
vt 0.39186851211072665 0.9965397923875432
vt 0.39186851211072665 0.9965397923875432
vt 0.4039792387543253 0.9965397923875432
vt 0.39186851211072665 0.9965397923875432
vt 0.4039792387543253 0.9965397923875432
vt 0.3546712802768166 0.9965397923875432
vt 0.3546712802768166 0.9965397923875432
vt 0.3546712802768166 0.9939446366782007
vt 0.3546712802768166 0.9939446366782007
vt 0.36678200692041524 0.9965397923875432
vt 0.36678200692041524 0.9965397923875432
vt 0.36678200692041524 0.9939446366782007
vt 0.36678200692041524 0.9939446366782007
vt 0.3546712802768166 0.9965397923875432
vt 0.36678200692041524 0.9965397923875432
vt 0.3546712802768166 0.9965397923875432
vt 0.36678200692041524 0.9965397923875432
vt 0.36678200692041524 0.9965397923875432
vt 0.3788927335640138 0.9965397923875432
vt 0.36678200692041524 0.9965397923875432
vt 0.3788927335640138 0.9965397923875432
vt 0.3295847750865052 0.9965397923875432
vt 0.3295847750865052 0.9965397923875432
vt 0.3295847750865052 0.9939446366782007
vt 0.3295847750865052 0.9939446366782007
vt 0.3416955017301038 0.9965397923875432
vt 0.3416955017301038 0.9965397923875432
vt 0.3416955017301038 0.9939446366782007
vt 0.3416955017301038 0.9939446366782007
vt 0.3295847750865052 0.9965397923875432
vt 0.3416955017301038 0.9965397923875432
vt 0.3295847750865052 0.9965397923875432
vt 0.3416955017301038 0.9965397923875432
vt 0.3416955017301038 0.9965397923875432
vt 0.3538062283737024 0.9965397923875432
vt 0.3416955017301038 0.9965397923875432
vt 0.3538062283737024 0.9965397923875432
vt 0.3416955017301038 0.9965397923875432
vt 0.3538062283737024 0.9965397923875432
vt 0.3538062283737024 0.9939446366782007
vt 0.3416955017301038 0.9939446366782007
vt 0.42301038062283736 0.9809688581314879
vt 0.42301038062283736 0.9809688581314879
vt 0.42301038062283736 0.9775086505190311
vt 0.42301038062283736 0.9775086505190311
vt 0.4264705882352941 0.9809688581314879
vt 0.4264705882352941 0.9809688581314879
vt 0.4264705882352941 0.9775086505190311
vt 0.4264705882352941 0.9775086505190311
vt 0.42301038062283736 0.9809688581314879
vt 0.4264705882352941 0.9809688581314879
vt 0.42301038062283736 0.9809688581314879
vt 0.4264705882352941 0.9809688581314879
vt 0.4264705882352941 0.9809688581314879
vt 0.42993079584775085 0.9809688581314879
vt 0.4264705882352941 0.9809688581314879
vt 0.42993079584775085 0.9809688581314879
vt 0.4264705882352941 0.9809688581314879
vt 0.42993079584775085 0.9809688581314879
vt 0.42993079584775085 0.9775086505190311
vt 0.4264705882352941 0.9775086505190311
vt 0.3062283737024221 0.9930795847750865
vt 0.3062283737024221 0.9930795847750865
vt 0.3062283737024221 0.9887543252595156
vt 0.3062283737024221 0.9887543252595156
vt 0.31055363321799306 0.9930795847750865
vt 0.31055363321799306 0.9930795847750865
vt 0.31055363321799306 0.9887543252595156
vt 0.31055363321799306 0.9887543252595156
vt 0.3062283737024221 0.9930795847750865
vt 0.31055363321799306 0.9930795847750865
vt 0.3062283737024221 0.9930795847750865
vt 0.31055363321799306 0.9930795847750865
vt 0.31055363321799306 0.9930795847750865
vt 0.314878892733564 0.9930795847750865
vt 0.31055363321799306 0.9930795847750865
vt 0.314878892733564 0.9930795847750865
vt 0.32525951557093424 0.8814878892733564
vt 0.32525951557093424 0.8814878892733564
vt 0.32525951557093424 0.8780276816608996
vt 0.32525951557093424 0.8780276816608996
vt 0.33304498269896193 0.8814878892733564
vt 0.33304498269896193 0.8814878892733564
vt 0.33304498269896193 0.8780276816608996
vt 0.33304498269896193 0.8780276816608996
vt 0.32525951557093424 0.8814878892733564
vt 0.33304498269896193 0.8814878892733564
vt 0.32525951557093424 0.8814878892733564
vt 0.33304498269896193 0.8814878892733564
vt 0.33304498269896193 0.8814878892733564
vt 0.3408304498269896 0.8814878892733564
vt 0.33304498269896193 0.8814878892733564
vt 0.3408304498269896 0.8814878892733564
vt 0.33304498269896193 0.8814878892733564
vt 0.3408304498269896 0.8814878892733564
vt 0.3408304498269896 0.8780276816608996
vt 0.33304498269896193 0.8780276816608996
vt 0.42301038062283736 0.9852941176470589
vt 0.42301038062283736 0.9852941176470589
vt 0.42301038062283736 0.9818339100346021
vt 0.42301038062283736 0.9818339100346021
vt 0.4264705882352941 0.9852941176470589
vt 0.4264705882352941 0.9852941176470589
vt 0.4264705882352941 0.9818339100346021
vt 0.4264705882352941 0.9818339100346021
vt 0.42301038062283736 0.9852941176470589
vt 0.4264705882352941 0.9852941176470589
vt 0.42301038062283736 0.9852941176470589
vt 0.4264705882352941 0.9852941176470589
vt 0.4264705882352941 0.9852941176470589
vt 0.42993079584775085 0.9852941176470589
vt 0.4264705882352941 0.9852941176470589
vt 0.42993079584775085 0.9852941176470589
vt 0.4264705882352941 0.9852941176470589
vt 0.42993079584775085 0.9852941176470589
vt 0.42993079584775085 0.9818339100346021
vt 0.4264705882352941 0.9818339100346021
vt 0.31055363321799306 0.8806228373702423
vt 0.31055363321799306 0.8858131487889274
vt 0.305363321799308 0.8858131487889274
vt 0.305363321799308 0.8806228373702423
vt 0.3166089965397924 0.8806228373702423
vt 0.3166089965397924 0.8858131487889274
vt 0.31141868512110726 0.8858131487889274
vt 0.31141868512110726 0.8806228373702423
vt 0.31055363321799306 0.8910034602076125
vt 0.31055363321799306 0.8858131487889274
vt 0.31141868512110726 0.8858131487889274
vt 0.31141868512110726 0.8910034602076125
vt 0.31141868512110726 0.8858131487889274
vt 0.31141868512110726 0.8910034602076125
vt 0.31228373702422146 0.8910034602076125
vt 0.31228373702422146 0.8858131487889274
vt 0.31747404844290655 0.8806228373702423
vt 0.31747404844290655 0.8858131487889274
vt 0.3166089965397924 0.8858131487889274
vt 0.3166089965397924 0.8806228373702423
vt 0.31141868512110726 0.8806228373702423
vt 0.31141868512110726 0.8858131487889274
vt 0.31055363321799306 0.8858131487889274
vt 0.31055363321799306 0.8806228373702423
vt 0.1375432525951557 0.9117647058823529
vt 0.1375432525951557 0.9299307958477508
vt 0.14273356401384082 0.9299307958477508
vt 0.14273356401384082 0.9117647058823529
vt 0.5008650519031141 0.9065743944636678
vt 0.5008650519031141 0.9247404844290658
vt 0.49567474048442905 0.9247404844290658
vt 0.49567474048442905 0.9065743944636678
vt 0.49480968858131485 0.9299307958477508
vt 0.49480968858131485 0.9247404844290658
vt 0.49567474048442905 0.9247404844290658
vt 0.49567474048442905 0.9299307958477508
vt 0.49567474048442905 0.9247404844290658
vt 0.49567474048442905 0.9299307958477508
vt 0.49653979238754326 0.9299307958477508
vt 0.49653979238754326 0.9247404844290658
vt 0.5017301038062284 0.9065743944636678
vt 0.5017301038062284 0.9247404844290658
vt 0.5008650519031141 0.9247404844290658
vt 0.5008650519031141 0.9065743944636678
vt 0.49567474048442905 0.9065743944636678
vt 0.49567474048442905 0.9247404844290658
vt 0.49480968858131485 0.9247404844290658
vt 0.49480968858131485 0.9065743944636678
vt 0.25259515570934254 0.8823529411764706
vt 0.25259515570934254 0.8918685121107266
vt 0.24740484429065743 0.8918685121107266
vt 0.24740484429065743 0.8823529411764706
vt 0.2586505190311419 0.8823529411764706
vt 0.2586505190311419 0.8918685121107266
vt 0.25346020761245674 0.8918685121107266
vt 0.25346020761245674 0.8823529411764706
vt 0.25259515570934254 0.8970588235294118
vt 0.25259515570934254 0.8918685121107266
vt 0.25346020761245674 0.8918685121107266
vt 0.25346020761245674 0.8970588235294118
vt 0.25346020761245674 0.8918685121107266
vt 0.25346020761245674 0.8970588235294118
vt 0.25432525951557095 0.8970588235294118
vt 0.25432525951557095 0.8918685121107266
vt 0.25951557093425603 0.8823529411764706
vt 0.25951557093425603 0.8918685121107266
vt 0.2586505190311419 0.8918685121107266
vt 0.2586505190311419 0.8823529411764706
vt 0.25346020761245674 0.8823529411764706
vt 0.25346020761245674 0.8918685121107266
vt 0.25259515570934254 0.8918685121107266
vt 0.25259515570934254 0.8823529411764706
vt 0.2975778546712803 0.8806228373702423
vt 0.2975778546712803 0.8858131487889274
vt 0.29238754325259514 0.8858131487889274
vt 0.29238754325259514 0.8806228373702423
vt 0.3036332179930796 0.8806228373702423
vt 0.3036332179930796 0.8858131487889274
vt 0.2984429065743945 0.8858131487889274
vt 0.2984429065743945 0.8806228373702423
vt 0.2975778546712803 0.8910034602076125
vt 0.2975778546712803 0.8858131487889274
vt 0.2984429065743945 0.8858131487889274
vt 0.2984429065743945 0.8910034602076125
vt 0.2984429065743945 0.8858131487889274
vt 0.2984429065743945 0.8910034602076125
vt 0.29930795847750863 0.8910034602076125
vt 0.29930795847750863 0.8858131487889274
vt 0.3044982698961938 0.8806228373702423
vt 0.3044982698961938 0.8858131487889274
vt 0.3036332179930796 0.8858131487889274
vt 0.3036332179930796 0.8806228373702423
vt 0.2984429065743945 0.8806228373702423
vt 0.2984429065743945 0.8858131487889274
vt 0.2975778546712803 0.8858131487889274
vt 0.2975778546712803 0.8806228373702423
vt 0.4818339100346021 0.9065743944636678
vt 0.4818339100346021 0.9247404844290658
vt 0.47664359861591693 0.9247404844290658
vt 0.47664359861591693 0.9065743944636678
vt 0.14273356401384082 0.9117647058823529
vt 0.14273356401384082 0.9299307958477508
vt 0.1375432525951557 0.9299307958477508
vt 0.1375432525951557 0.9117647058823529
vt 0.4818339100346021 0.9299307958477508
vt 0.4818339100346021 0.9247404844290658
vt 0.4826989619377163 0.9247404844290658
vt 0.4826989619377163 0.9299307958477508
vt 0.4826989619377163 0.9247404844290658
vt 0.4826989619377163 0.9299307958477508
vt 0.4835640138408305 0.9299307958477508
vt 0.4835640138408305 0.9247404844290658
vt 0.48875432525951557 0.9065743944636678
vt 0.48875432525951557 0.9247404844290658
vt 0.48788927335640137 0.9247404844290658
vt 0.48788927335640137 0.9065743944636678
vt 0.4826989619377163 0.9065743944636678
vt 0.4826989619377163 0.9247404844290658
vt 0.4818339100346021 0.9247404844290658
vt 0.4818339100346021 0.9065743944636678
vt 0.23961937716262977 0.8823529411764706
vt 0.23961937716262977 0.8918685121107266
vt 0.23442906574394465 0.8918685121107266
vt 0.23442906574394465 0.8823529411764706
vt 0.24567474048442905 0.8823529411764706
vt 0.24567474048442905 0.8918685121107266
vt 0.24048442906574394 0.8918685121107266
vt 0.24048442906574394 0.8823529411764706
vt 0.23961937716262977 0.8970588235294118
vt 0.23961937716262977 0.8918685121107266
vt 0.24048442906574394 0.8918685121107266
vt 0.24048442906574394 0.8970588235294118
vt 0.24048442906574394 0.8918685121107266
vt 0.24048442906574394 0.8970588235294118
vt 0.24134948096885814 0.8970588235294118
vt 0.24134948096885814 0.8918685121107266
vt 0.24653979238754326 0.8823529411764706
vt 0.24653979238754326 0.8918685121107266
vt 0.24567474048442905 0.8918685121107266
vt 0.24567474048442905 0.8823529411764706
vt 0.24048442906574394 0.8823529411764706
vt 0.24048442906574394 0.8918685121107266
vt 0.23961937716262977 0.8918685121107266
vt 0.23961937716262977 0.8823529411764706
vt 0.28460207612456745 0.8849480968858131
vt 0.28460207612456745 0.8910034602076125
vt 0.27941176470588236 0.8910034602076125
vt 0.27941176470588236 0.8849480968858131
vt 0.28460207612456745 0.8961937716262975
vt 0.28460207612456745 0.8910034602076125
vt 0.28546712802768165 0.8910034602076125
vt 0.28546712802768165 0.8961937716262975
vt 0.28546712802768165 0.8910034602076125
vt 0.28546712802768165 0.8961937716262975
vt 0.28633217993079585 0.8961937716262975
vt 0.28633217993079585 0.8910034602076125
vt 0.291522491349481 0.8849480968858131
vt 0.291522491349481 0.8910034602076125
vt 0.2906574394463668 0.8910034602076125
vt 0.2906574394463668 0.8849480968858131
vt 0.28546712802768165 0.8849480968858131
vt 0.28546712802768165 0.8910034602076125
vt 0.28460207612456745 0.8910034602076125
vt 0.28460207612456745 0.8849480968858131
vt 0.40570934256055363 0.96280276816609
vt 0.40570934256055363 0.9576124567474048
vt 0.40657439446366783 0.9576124567474048
vt 0.40657439446366783 0.96280276816609
vt 0.40657439446366783 0.9576124567474048
vt 0.40657439446366783 0.96280276816609
vt 0.40743944636678203 0.96280276816609
vt 0.40743944636678203 0.9576124567474048
vt 0.40657439446366783 0.9498269896193772
vt 0.40657439446366783 0.9576124567474048
vt 0.40570934256055363 0.9576124567474048
vt 0.40570934256055363 0.9498269896193772
vt 0.29238754325259514 0.8676470588235294
vt 0.29238754325259514 0.8728373702422145
vt 0.28719723183391005 0.8728373702422145
vt 0.28719723183391005 0.8676470588235294
vt 0.29238754325259514 0.8780276816608996
vt 0.29238754325259514 0.8728373702422145
vt 0.29325259515570934 0.8728373702422145
vt 0.29325259515570934 0.8780276816608996
vt 0.29325259515570934 0.8728373702422145
vt 0.29325259515570934 0.8780276816608996
vt 0.29411764705882354 0.8780276816608996
vt 0.29411764705882354 0.8728373702422145
vt 0.29930795847750863 0.8676470588235294
vt 0.29930795847750863 0.8728373702422145
vt 0.2984429065743945 0.8728373702422145
vt 0.2984429065743945 0.8676470588235294
vt 0.29325259515570934 0.8676470588235294
vt 0.29325259515570934 0.8728373702422145
vt 0.29238754325259514 0.8728373702422145
vt 0.29238754325259514 0.8676470588235294
vt 0.2673010380622837 0.8650519031141868
vt 0.2673010380622837 0.8711072664359861
vt 0.26211072664359863 0.8711072664359861
vt 0.26211072664359863 0.8650519031141868
vt 0.26124567474048443 0.8762975778546713
vt 0.26124567474048443 0.8711072664359861
vt 0.26211072664359863 0.8711072664359861
vt 0.26211072664359863 0.8762975778546713
vt 0.26211072664359863 0.8711072664359861
vt 0.26211072664359863 0.8762975778546713
vt 0.2629757785467128 0.8762975778546713
vt 0.2629757785467128 0.8711072664359861
vt 0.2681660899653979 0.8650519031141868
vt 0.2681660899653979 0.8711072664359861
vt 0.2673010380622837 0.8711072664359861
vt 0.2673010380622837 0.8650519031141868
vt 0.26211072664359863 0.8650519031141868
vt 0.26211072664359863 0.8711072664359861
vt 0.26124567474048443 0.8711072664359861
vt 0.26124567474048443 0.8650519031141868
vt 0.2655709342560554 0.8970588235294118
vt 0.2655709342560554 0.8918685121107266
vt 0.2664359861591695 0.8918685121107266
vt 0.2664359861591695 0.8970588235294118
vt 0.2664359861591695 0.8918685121107266
vt 0.2664359861591695 0.8970588235294118
vt 0.2673010380622837 0.8970588235294118
vt 0.2673010380622837 0.8918685121107266
vt 0.2664359861591695 0.884083044982699
vt 0.2664359861591695 0.8918685121107266
vt 0.2655709342560554 0.8918685121107266
vt 0.2655709342560554 0.884083044982699
vt 0.2906574394463668 0.8737024221453287
vt 0.2906574394463668 0.8788927335640139
vt 0.28546712802768165 0.8788927335640139
vt 0.28546712802768165 0.8737024221453287
vt 0.28460207612456745 0.884083044982699
vt 0.28460207612456745 0.8788927335640139
vt 0.28546712802768165 0.8788927335640139
vt 0.28546712802768165 0.884083044982699
vt 0.28546712802768165 0.8788927335640139
vt 0.28546712802768165 0.884083044982699
vt 0.28633217993079585 0.884083044982699
vt 0.28633217993079585 0.8788927335640139
vt 0.291522491349481 0.8737024221453287
vt 0.291522491349481 0.8788927335640139
vt 0.2906574394463668 0.8788927335640139
vt 0.2906574394463668 0.8737024221453287
vt 0.28546712802768165 0.8737024221453287
vt 0.28546712802768165 0.8788927335640139
vt 0.28460207612456745 0.8788927335640139
vt 0.28460207612456745 0.8737024221453287
vt 0.4463667820069204 0.9801038062283737
vt 0.4463667820069204 0.9801038062283737
vt 0.4463667820069204 0.9775086505190311
vt 0.4463667820069204 0.9775086505190311
vt 0.44896193771626297 0.9801038062283737
vt 0.44896193771626297 0.9801038062283737
vt 0.44896193771626297 0.9775086505190311
vt 0.44896193771626297 0.9775086505190311
vt 0.4463667820069204 0.9801038062283737
vt 0.44896193771626297 0.9801038062283737
vt 0.4463667820069204 0.9801038062283737
vt 0.44896193771626297 0.9801038062283737
vt 0.44896193771626297 0.9801038062283737
vt 0.4515570934256055 0.9801038062283737
vt 0.44896193771626297 0.9801038062283737
vt 0.4515570934256055 0.9801038062283737
vt 0.44896193771626297 0.9775086505190311
vt 0.44896193771626297 0.9801038062283737
vt 0.4463667820069204 0.9801038062283737
vt 0.4463667820069204 0.9775086505190311
vt 0.43858131487889274 0.9809688581314879
vt 0.43858131487889274 0.9809688581314879
vt 0.43858131487889274 0.9775086505190311
vt 0.43858131487889274 0.9775086505190311
vt 0.4420415224913495 0.9809688581314879
vt 0.4420415224913495 0.9809688581314879
vt 0.4420415224913495 0.9775086505190311
vt 0.4420415224913495 0.9775086505190311
vt 0.43858131487889274 0.9809688581314879
vt 0.4420415224913495 0.9809688581314879
vt 0.43858131487889274 0.9809688581314879
vt 0.4420415224913495 0.9809688581314879
vt 0.4420415224913495 0.9809688581314879
vt 0.4455017301038062 0.9809688581314879
vt 0.4420415224913495 0.9809688581314879
vt 0.4455017301038062 0.9809688581314879
vt 0.4420415224913495 0.9775086505190311
vt 0.4420415224913495 0.9809688581314879
vt 0.43858131487889274 0.9809688581314879
vt 0.43858131487889274 0.9775086505190311
vt 0.4472318339100346 0.9809688581314879
vt 0.4472318339100346 0.9844290657439446
vt 0.4463667820069204 0.9844290657439446
vt 0.4463667820069204 0.9809688581314879
vt 0.44982698961937717 0.9809688581314879
vt 0.44982698961937717 0.9844290657439446
vt 0.44896193771626297 0.9844290657439446
vt 0.44896193771626297 0.9809688581314879
vt 0.4472318339100346 0.9852941176470589
vt 0.4472318339100346 0.9844290657439446
vt 0.44896193771626297 0.9844290657439446
vt 0.44896193771626297 0.9852941176470589
vt 0.44896193771626297 0.9844290657439446
vt 0.44896193771626297 0.9852941176470589
vt 0.45069204152249137 0.9852941176470589
vt 0.45069204152249137 0.9844290657439446
vt 0.4515570934256055 0.9809688581314879
vt 0.4515570934256055 0.9844290657439446
vt 0.44982698961937717 0.9844290657439446
vt 0.44982698961937717 0.9809688581314879
vt 0.44896193771626297 0.9809688581314879
vt 0.44896193771626297 0.9844290657439446
vt 0.4472318339100346 0.9844290657439446
vt 0.4472318339100346 0.9809688581314879
vt 0.43944636678200694 0.9818339100346021
vt 0.43944636678200694 0.9852941176470589
vt 0.43858131487889274 0.9852941176470589
vt 0.43858131487889274 0.9818339100346021
vt 0.4420415224913495 0.9818339100346021
vt 0.4420415224913495 0.9852941176470589
vt 0.4411764705882353 0.9852941176470589
vt 0.4411764705882353 0.9818339100346021
vt 0.43944636678200694 0.986159169550173
vt 0.43944636678200694 0.9852941176470589
vt 0.4411764705882353 0.9852941176470589
vt 0.4411764705882353 0.986159169550173
vt 0.4411764705882353 0.9852941176470589
vt 0.4411764705882353 0.986159169550173
vt 0.4429065743944637 0.986159169550173
vt 0.4429065743944637 0.9852941176470589
vt 0.4437716262975779 0.9818339100346021
vt 0.4437716262975779 0.9852941176470589
vt 0.4420415224913495 0.9852941176470589
vt 0.4420415224913495 0.9818339100346021
vt 0.4411764705882353 0.9818339100346021
vt 0.4411764705882353 0.9852941176470589
vt 0.43944636678200694 0.9852941176470589
vt 0.43944636678200694 0.9818339100346021
vt 0.2742214532871972 0.884083044982699
vt 0.2742214532871972 0.8875432525951557
vt 0.27335640138408307 0.8875432525951557
vt 0.27335640138408307 0.884083044982699
vt 0.2768166089965398 0.884083044982699
vt 0.2768166089965398 0.8875432525951557
vt 0.2759515570934256 0.8875432525951557
vt 0.2759515570934256 0.884083044982699
vt 0.2742214532871972 0.8884083044982699
vt 0.2742214532871972 0.8875432525951557
vt 0.2759515570934256 0.8875432525951557
vt 0.2759515570934256 0.8884083044982699
vt 0.2759515570934256 0.8875432525951557
vt 0.2759515570934256 0.8884083044982699
vt 0.27768166089965396 0.8884083044982699
vt 0.27768166089965396 0.8875432525951557
vt 0.27854671280276816 0.884083044982699
vt 0.27854671280276816 0.8875432525951557
vt 0.2768166089965398 0.8875432525951557
vt 0.2768166089965398 0.884083044982699
vt 0.2759515570934256 0.884083044982699
vt 0.2759515570934256 0.8875432525951557
vt 0.2742214532871972 0.8875432525951557
vt 0.2742214532871972 0.884083044982699
vt 0.4679930795847751 0.9022491349480969
vt 0.4679930795847751 0.9238754325259515
vt 0.4619377162629758 0.9238754325259515
vt 0.4619377162629758 0.9022491349480969
vt 0.4749134948096886 0.9022491349480969
vt 0.4749134948096886 0.9238754325259515
vt 0.4688581314878893 0.9238754325259515
vt 0.4688581314878893 0.9022491349480969
vt 0.4679930795847751 0.9299307958477508
vt 0.4679930795847751 0.9238754325259515
vt 0.4688581314878893 0.9238754325259515
vt 0.4688581314878893 0.9299307958477508
vt 0.4688581314878893 0.9238754325259515
vt 0.4688581314878893 0.9299307958477508
vt 0.46972318339100344 0.9299307958477508
vt 0.46972318339100344 0.9238754325259515
vt 0.4757785467128028 0.9022491349480969
vt 0.4757785467128028 0.9238754325259515
vt 0.4749134948096886 0.9238754325259515
vt 0.4749134948096886 0.9022491349480969
vt 0.4688581314878893 0.9022491349480969
vt 0.4688581314878893 0.9238754325259515
vt 0.4679930795847751 0.9238754325259515
vt 0.4679930795847751 0.9022491349480969
vt 0.22577854671280276 0.8832179930795848
vt 0.22577854671280276 0.8910034602076125
vt 0.21972318339100347 0.8910034602076125
vt 0.21972318339100347 0.8832179930795848
vt 0.23269896193771628 0.8832179930795848
vt 0.23269896193771628 0.8910034602076125
vt 0.22664359861591696 0.8910034602076125
vt 0.22664359861591696 0.8832179930795848
vt 0.22577854671280276 0.8970588235294118
vt 0.22577854671280276 0.8910034602076125
vt 0.22664359861591696 0.8910034602076125
vt 0.22664359861591696 0.8970588235294118
vt 0.22664359861591696 0.8910034602076125
vt 0.22664359861591696 0.8970588235294118
vt 0.22750865051903113 0.8970588235294118
vt 0.22750865051903113 0.8910034602076125
vt 0.23356401384083045 0.8832179930795848
vt 0.23356401384083045 0.8910034602076125
vt 0.23269896193771628 0.8910034602076125
vt 0.23269896193771628 0.8832179930795848
vt 0.22664359861591696 0.8832179930795848
vt 0.22664359861591696 0.8910034602076125
vt 0.22577854671280276 0.8910034602076125
vt 0.22577854671280276 0.8832179930795848
vt 0.24740484429065743 0.865916955017301
vt 0.24740484429065743 0.870242214532872
vt 0.24134948096885814 0.870242214532872
vt 0.24134948096885814 0.865916955017301
vt 0.25432525951557095 0.865916955017301
vt 0.25432525951557095 0.870242214532872
vt 0.24826989619377163 0.870242214532872
vt 0.24826989619377163 0.865916955017301
vt 0.24740484429065743 0.8762975778546713
vt 0.24740484429065743 0.870242214532872
vt 0.24826989619377163 0.870242214532872
vt 0.24826989619377163 0.8762975778546713
vt 0.24826989619377163 0.870242214532872
vt 0.24826989619377163 0.8762975778546713
vt 0.2491349480968858 0.8762975778546713
vt 0.2491349480968858 0.870242214532872
vt 0.25519031141868515 0.865916955017301
vt 0.25519031141868515 0.870242214532872
vt 0.25432525951557095 0.870242214532872
vt 0.25432525951557095 0.865916955017301
vt 0.24826989619377163 0.865916955017301
vt 0.24826989619377163 0.870242214532872
vt 0.24740484429065743 0.870242214532872
vt 0.24740484429065743 0.865916955017301
vt 0.3685121107266436 0.8823529411764706
vt 0.3685121107266436 0.8849480968858131
vt 0.3624567474048443 0.8849480968858131
vt 0.3624567474048443 0.8823529411764706
vt 0.3754325259515571 0.8823529411764706
vt 0.3754325259515571 0.8849480968858131
vt 0.3693771626297578 0.8849480968858131
vt 0.3693771626297578 0.8823529411764706
vt 0.3685121107266436 0.8910034602076125
vt 0.3685121107266436 0.8849480968858131
vt 0.3693771626297578 0.8849480968858131
vt 0.3693771626297578 0.8910034602076125
vt 0.3693771626297578 0.8849480968858131
vt 0.3693771626297578 0.8910034602076125
vt 0.370242214532872 0.8910034602076125
vt 0.370242214532872 0.8849480968858131
vt 0.3762975778546713 0.8823529411764706
vt 0.3762975778546713 0.8849480968858131
vt 0.3754325259515571 0.8849480968858131
vt 0.3754325259515571 0.8823529411764706
vt 0.3693771626297578 0.8823529411764706
vt 0.3693771626297578 0.8849480968858131
vt 0.3685121107266436 0.8849480968858131
vt 0.3685121107266436 0.8823529411764706
vt 0.3538062283737024 0.8823529411764706
vt 0.3538062283737024 0.8849480968858131
vt 0.3477508650519031 0.8849480968858131
vt 0.3477508650519031 0.8823529411764706
vt 0.3607266435986159 0.8823529411764706
vt 0.3607266435986159 0.8849480968858131
vt 0.3546712802768166 0.8849480968858131
vt 0.3546712802768166 0.8823529411764706
vt 0.3538062283737024 0.8910034602076125
vt 0.3538062283737024 0.8849480968858131
vt 0.3546712802768166 0.8849480968858131
vt 0.3546712802768166 0.8910034602076125
vt 0.3546712802768166 0.8849480968858131
vt 0.3546712802768166 0.8910034602076125
vt 0.3555363321799308 0.8910034602076125
vt 0.3555363321799308 0.8849480968858131
vt 0.3615916955017301 0.8823529411764706
vt 0.3615916955017301 0.8849480968858131
vt 0.3607266435986159 0.8849480968858131
vt 0.3607266435986159 0.8823529411764706
vt 0.3546712802768166 0.8823529411764706
vt 0.3546712802768166 0.8849480968858131
vt 0.3538062283737024 0.8849480968858131
vt 0.3538062283737024 0.8823529411764706
vt 0.4532871972318339 0.9022491349480969
vt 0.4532871972318339 0.9238754325259515
vt 0.4472318339100346 0.9238754325259515
vt 0.4472318339100346 0.9022491349480969
vt 0.4602076124567474 0.9022491349480969
vt 0.4602076124567474 0.9238754325259515
vt 0.4541522491349481 0.9238754325259515
vt 0.4541522491349481 0.9022491349480969
vt 0.4532871972318339 0.9299307958477508
vt 0.4532871972318339 0.9238754325259515
vt 0.4541522491349481 0.9238754325259515
vt 0.4541522491349481 0.9299307958477508
vt 0.4541522491349481 0.9238754325259515
vt 0.4541522491349481 0.9299307958477508
vt 0.45501730103806226 0.9299307958477508
vt 0.45501730103806226 0.9238754325259515
vt 0.4610726643598616 0.9022491349480969
vt 0.4610726643598616 0.9238754325259515
vt 0.4602076124567474 0.9238754325259515
vt 0.4602076124567474 0.9022491349480969
vt 0.4541522491349481 0.9022491349480969
vt 0.4541522491349481 0.9238754325259515
vt 0.4532871972318339 0.9238754325259515
vt 0.4532871972318339 0.9022491349480969
vt 0.21107266435986158 0.8832179930795848
vt 0.21107266435986158 0.8910034602076125
vt 0.2050173010380623 0.8910034602076125
vt 0.2050173010380623 0.8832179930795848
vt 0.2179930795847751 0.8832179930795848
vt 0.2179930795847751 0.8910034602076125
vt 0.21193771626297578 0.8910034602076125
vt 0.21193771626297578 0.8832179930795848
vt 0.21107266435986158 0.8970588235294118
vt 0.21107266435986158 0.8910034602076125
vt 0.21193771626297578 0.8910034602076125
vt 0.21193771626297578 0.8970588235294118
vt 0.21193771626297578 0.8910034602076125
vt 0.21193771626297578 0.8970588235294118
vt 0.21280276816608998 0.8970588235294118
vt 0.21280276816608998 0.8910034602076125
vt 0.21885813148788927 0.8832179930795848
vt 0.21885813148788927 0.8910034602076125
vt 0.2179930795847751 0.8910034602076125
vt 0.2179930795847751 0.8832179930795848
vt 0.21193771626297578 0.8832179930795848
vt 0.21193771626297578 0.8910034602076125
vt 0.21107266435986158 0.8910034602076125
vt 0.21107266435986158 0.8832179930795848
vt 0.23269896193771628 0.865916955017301
vt 0.23269896193771628 0.870242214532872
vt 0.22664359861591696 0.870242214532872
vt 0.22664359861591696 0.865916955017301
vt 0.23961937716262977 0.865916955017301
vt 0.23961937716262977 0.870242214532872
vt 0.23356401384083045 0.870242214532872
vt 0.23356401384083045 0.865916955017301
vt 0.23269896193771628 0.8762975778546713
vt 0.23269896193771628 0.870242214532872
vt 0.23356401384083045 0.870242214532872
vt 0.23356401384083045 0.8762975778546713
vt 0.23356401384083045 0.870242214532872
vt 0.23356401384083045 0.8762975778546713
vt 0.23442906574394465 0.8762975778546713
vt 0.23442906574394465 0.870242214532872
vt 0.24048442906574394 0.865916955017301
vt 0.24048442906574394 0.870242214532872
vt 0.23961937716262977 0.870242214532872
vt 0.23961937716262977 0.865916955017301
vt 0.23356401384083045 0.865916955017301
vt 0.23356401384083045 0.870242214532872
vt 0.23269896193771628 0.870242214532872
vt 0.23269896193771628 0.865916955017301
vt 0.3391003460207612 0.8823529411764706
vt 0.3391003460207612 0.8849480968858131
vt 0.33304498269896193 0.8849480968858131
vt 0.33304498269896193 0.8823529411764706
vt 0.3460207612456747 0.8823529411764706
vt 0.3460207612456747 0.8849480968858131
vt 0.3399653979238754 0.8849480968858131
vt 0.3399653979238754 0.8823529411764706
vt 0.3391003460207612 0.8910034602076125
vt 0.3391003460207612 0.8849480968858131
vt 0.3399653979238754 0.8849480968858131
vt 0.3399653979238754 0.8910034602076125
vt 0.3399653979238754 0.8849480968858131
vt 0.3399653979238754 0.8910034602076125
vt 0.3408304498269896 0.8910034602076125
vt 0.3408304498269896 0.8849480968858131
vt 0.3468858131487889 0.8823529411764706
vt 0.3468858131487889 0.8849480968858131
vt 0.3460207612456747 0.8849480968858131
vt 0.3460207612456747 0.8823529411764706
vt 0.3399653979238754 0.8823529411764706
vt 0.3399653979238754 0.8849480968858131
vt 0.3391003460207612 0.8849480968858131
vt 0.3391003460207612 0.8823529411764706
vt 0.32439446366782004 0.8823529411764706
vt 0.32439446366782004 0.8849480968858131
vt 0.31833910034602075 0.8849480968858131
vt 0.31833910034602075 0.8823529411764706
vt 0.3313148788927336 0.8823529411764706
vt 0.3313148788927336 0.8849480968858131
vt 0.32525951557093424 0.8849480968858131
vt 0.32525951557093424 0.8823529411764706
vt 0.32439446366782004 0.8910034602076125
vt 0.32439446366782004 0.8849480968858131
vt 0.32525951557093424 0.8849480968858131
vt 0.32525951557093424 0.8910034602076125
vt 0.32525951557093424 0.8849480968858131
vt 0.32525951557093424 0.8910034602076125
vt 0.32612456747404844 0.8910034602076125
vt 0.32612456747404844 0.8849480968858131
vt 0.33217993079584773 0.8823529411764706
vt 0.33217993079584773 0.8849480968858131
vt 0.3313148788927336 0.8849480968858131
vt 0.3313148788927336 0.8823529411764706
vt 0.32525951557093424 0.8823529411764706
vt 0.32525951557093424 0.8849480968858131
vt 0.32439446366782004 0.8849480968858131
vt 0.32439446366782004 0.8823529411764706
vt 0.2820069204152249 0.9273356401384083
vt 0.2820069204152249 0.9273356401384083
vt 0.2820069204152249 0.9247404844290658
vt 0.2820069204152249 0.9247404844290658
vt 0.28460207612456745 0.9273356401384083
vt 0.28460207612456745 0.9273356401384083
vt 0.28460207612456745 0.9247404844290658
vt 0.28460207612456745 0.9247404844290658
vt 0.2820069204152249 0.9273356401384083
vt 0.28460207612456745 0.9273356401384083
vt 0.2820069204152249 0.9273356401384083
vt 0.28460207612456745 0.9273356401384083
vt 0.28460207612456745 0.9273356401384083
vt 0.28719723183391005 0.9273356401384083
vt 0.28460207612456745 0.9273356401384083
vt 0.28719723183391005 0.9273356401384083
vt 0.28460207612456745 0.9247404844290658
vt 0.28460207612456745 0.9273356401384083
vt 0.2820069204152249 0.9273356401384083
vt 0.2820069204152249 0.9247404844290658
vt 0.2820069204152249 0.9273356401384083
vt 0.2820069204152249 0.9273356401384083
vt 0.2820069204152249 0.9247404844290658
vt 0.2820069204152249 0.9247404844290658
vt 0.28460207612456745 0.9273356401384083
vt 0.28460207612456745 0.9273356401384083
vt 0.28460207612456745 0.9247404844290658
vt 0.28460207612456745 0.9247404844290658
vt 0.2820069204152249 0.9273356401384083
vt 0.28460207612456745 0.9273356401384083
vt 0.2820069204152249 0.9273356401384083
vt 0.28460207612456745 0.9273356401384083
vt 0.28460207612456745 0.9273356401384083
vt 0.28719723183391005 0.9273356401384083
vt 0.28460207612456745 0.9273356401384083
vt 0.28719723183391005 0.9273356401384083
vt 0.28460207612456745 0.9247404844290658
vt 0.28460207612456745 0.9273356401384083
vt 0.2820069204152249 0.9273356401384083
vt 0.2820069204152249 0.9247404844290658
vt 0.28460207612456745 0.9117647058823529
vt 0.28460207612456745 0.9152249134948097
vt 0.2837370242214533 0.9152249134948097
vt 0.2837370242214533 0.9117647058823529
vt 0.28719723183391005 0.9117647058823529
vt 0.28719723183391005 0.9152249134948097
vt 0.28633217993079585 0.9152249134948097
vt 0.28633217993079585 0.9117647058823529
vt 0.28460207612456745 0.9160899653979239
vt 0.28460207612456745 0.9152249134948097
vt 0.28633217993079585 0.9152249134948097
vt 0.28633217993079585 0.9160899653979239
vt 0.28633217993079585 0.9152249134948097
vt 0.28633217993079585 0.9160899653979239
vt 0.2880622837370242 0.9160899653979239
vt 0.2880622837370242 0.9152249134948097
vt 0.2889273356401384 0.9117647058823529
vt 0.2889273356401384 0.9152249134948097
vt 0.28719723183391005 0.9152249134948097
vt 0.28719723183391005 0.9117647058823529
vt 0.28633217993079585 0.9117647058823529
vt 0.28633217993079585 0.9152249134948097
vt 0.28460207612456745 0.9152249134948097
vt 0.28460207612456745 0.9117647058823529
vt 0.28460207612456745 0.9117647058823529
vt 0.28460207612456745 0.9152249134948097
vt 0.2837370242214533 0.9152249134948097
vt 0.2837370242214533 0.9117647058823529
vt 0.28719723183391005 0.9117647058823529
vt 0.28719723183391005 0.9152249134948097
vt 0.28633217993079585 0.9152249134948097
vt 0.28633217993079585 0.9117647058823529
vt 0.28460207612456745 0.9160899653979239
vt 0.28460207612456745 0.9152249134948097
vt 0.28633217993079585 0.9152249134948097
vt 0.28633217993079585 0.9160899653979239
vt 0.28633217993079585 0.9152249134948097
vt 0.28633217993079585 0.9160899653979239
vt 0.2880622837370242 0.9160899653979239
vt 0.2880622837370242 0.9152249134948097
vt 0.2889273356401384 0.9117647058823529
vt 0.2889273356401384 0.9152249134948097
vt 0.28719723183391005 0.9152249134948097
vt 0.28719723183391005 0.9117647058823529
vt 0.28633217993079585 0.9117647058823529
vt 0.28633217993079585 0.9152249134948097
vt 0.28460207612456745 0.9152249134948097
vt 0.28460207612456745 0.9117647058823529
vt 0.28460207612456745 0.9117647058823529
vt 0.28460207612456745 0.9152249134948097
vt 0.2837370242214533 0.9152249134948097
vt 0.2837370242214533 0.9117647058823529
vt 0.28719723183391005 0.9117647058823529
vt 0.28719723183391005 0.9152249134948097
vt 0.28633217993079585 0.9152249134948097
vt 0.28633217993079585 0.9117647058823529
vt 0.28460207612456745 0.9160899653979239
vt 0.28460207612456745 0.9152249134948097
vt 0.28633217993079585 0.9152249134948097
vt 0.28633217993079585 0.9160899653979239
vt 0.28633217993079585 0.9152249134948097
vt 0.28633217993079585 0.9160899653979239
vt 0.2880622837370242 0.9160899653979239
vt 0.2880622837370242 0.9152249134948097
vt 0.2889273356401384 0.9117647058823529
vt 0.2889273356401384 0.9152249134948097
vt 0.28719723183391005 0.9152249134948097
vt 0.28719723183391005 0.9117647058823529
vt 0.28633217993079585 0.9117647058823529
vt 0.28633217993079585 0.9152249134948097
vt 0.28460207612456745 0.9152249134948097
vt 0.28460207612456745 0.9117647058823529
vt 0.28460207612456745 0.9117647058823529
vt 0.28460207612456745 0.9152249134948097
vt 0.2837370242214533 0.9152249134948097
vt 0.2837370242214533 0.9117647058823529
vt 0.28719723183391005 0.9117647058823529
vt 0.28719723183391005 0.9152249134948097
vt 0.28633217993079585 0.9152249134948097
vt 0.28633217993079585 0.9117647058823529
vt 0.28460207612456745 0.9160899653979239
vt 0.28460207612456745 0.9152249134948097
vt 0.28633217993079585 0.9152249134948097
vt 0.28633217993079585 0.9160899653979239
vt 0.28633217993079585 0.9152249134948097
vt 0.28633217993079585 0.9160899653979239
vt 0.2880622837370242 0.9160899653979239
vt 0.2880622837370242 0.9152249134948097
vt 0.2889273356401384 0.9117647058823529
vt 0.2889273356401384 0.9152249134948097
vt 0.28719723183391005 0.9152249134948097
vt 0.28719723183391005 0.9117647058823529
vt 0.28633217993079585 0.9117647058823529
vt 0.28633217993079585 0.9152249134948097
vt 0.28460207612456745 0.9152249134948097
vt 0.28460207612456745 0.9117647058823529
vt 0.28460207612456745 0.9117647058823529
vt 0.28460207612456745 0.9152249134948097
vt 0.2837370242214533 0.9152249134948097
vt 0.2837370242214533 0.9117647058823529
vt 0.28719723183391005 0.9117647058823529
vt 0.28719723183391005 0.9152249134948097
vt 0.28633217993079585 0.9152249134948097
vt 0.28633217993079585 0.9117647058823529
vt 0.28460207612456745 0.9160899653979239
vt 0.28460207612456745 0.9152249134948097
vt 0.28633217993079585 0.9152249134948097
vt 0.28633217993079585 0.9160899653979239
vt 0.28633217993079585 0.9152249134948097
vt 0.28633217993079585 0.9160899653979239
vt 0.2880622837370242 0.9160899653979239
vt 0.2880622837370242 0.9152249134948097
vt 0.2889273356401384 0.9117647058823529
vt 0.2889273356401384 0.9152249134948097
vt 0.28719723183391005 0.9152249134948097
vt 0.28719723183391005 0.9117647058823529
vt 0.28633217993079585 0.9117647058823529
vt 0.28633217993079585 0.9152249134948097
vt 0.28460207612456745 0.9152249134948097
vt 0.28460207612456745 0.9117647058823529
vt 0.28460207612456745 0.9117647058823529
vt 0.28460207612456745 0.9152249134948097
vt 0.2837370242214533 0.9152249134948097
vt 0.2837370242214533 0.9117647058823529
vt 0.28719723183391005 0.9117647058823529
vt 0.28719723183391005 0.9152249134948097
vt 0.28633217993079585 0.9152249134948097
vt 0.28633217993079585 0.9117647058823529
vt 0.28460207612456745 0.9160899653979239
vt 0.28460207612456745 0.9152249134948097
vt 0.28633217993079585 0.9152249134948097
vt 0.28633217993079585 0.9160899653979239
vt 0.28633217993079585 0.9152249134948097
vt 0.28633217993079585 0.9160899653979239
vt 0.2880622837370242 0.9160899653979239
vt 0.2880622837370242 0.9152249134948097
vt 0.2889273356401384 0.9117647058823529
vt 0.2889273356401384 0.9152249134948097
vt 0.28719723183391005 0.9152249134948097
vt 0.28719723183391005 0.9117647058823529
vt 0.28633217993079585 0.9117647058823529
vt 0.28633217993079585 0.9152249134948097
vt 0.28460207612456745 0.9152249134948097
vt 0.28460207612456745 0.9117647058823529
vt 0.28460207612456745 0.9117647058823529
vt 0.28460207612456745 0.9152249134948097
vt 0.2837370242214533 0.9152249134948097
vt 0.2837370242214533 0.9117647058823529
vt 0.28719723183391005 0.9117647058823529
vt 0.28719723183391005 0.9152249134948097
vt 0.28633217993079585 0.9152249134948097
vt 0.28633217993079585 0.9117647058823529
vt 0.28460207612456745 0.9160899653979239
vt 0.28460207612456745 0.9152249134948097
vt 0.28633217993079585 0.9152249134948097
vt 0.28633217993079585 0.9160899653979239
vt 0.28633217993079585 0.9152249134948097
vt 0.28633217993079585 0.9160899653979239
vt 0.2880622837370242 0.9160899653979239
vt 0.2880622837370242 0.9152249134948097
vt 0.2889273356401384 0.9117647058823529
vt 0.2889273356401384 0.9152249134948097
vt 0.28719723183391005 0.9152249134948097
vt 0.28719723183391005 0.9117647058823529
vt 0.28633217993079585 0.9117647058823529
vt 0.28633217993079585 0.9152249134948097
vt 0.28460207612456745 0.9152249134948097
vt 0.28460207612456745 0.9117647058823529
vt 0.28460207612456745 0.9117647058823529
vt 0.28460207612456745 0.9152249134948097
vt 0.2837370242214533 0.9152249134948097
vt 0.2837370242214533 0.9117647058823529
vt 0.28719723183391005 0.9117647058823529
vt 0.28719723183391005 0.9152249134948097
vt 0.28633217993079585 0.9152249134948097
vt 0.28633217993079585 0.9117647058823529
vt 0.28460207612456745 0.9160899653979239
vt 0.28460207612456745 0.9152249134948097
vt 0.28633217993079585 0.9152249134948097
vt 0.28633217993079585 0.9160899653979239
vt 0.28633217993079585 0.9152249134948097
vt 0.28633217993079585 0.9160899653979239
vt 0.2880622837370242 0.9160899653979239
vt 0.2880622837370242 0.9152249134948097
vt 0.2889273356401384 0.9117647058823529
vt 0.2889273356401384 0.9152249134948097
vt 0.28719723183391005 0.9152249134948097
vt 0.28719723183391005 0.9117647058823529
vt 0.28633217993079585 0.9117647058823529
vt 0.28633217993079585 0.9152249134948097
vt 0.28460207612456745 0.9152249134948097
vt 0.28460207612456745 0.9117647058823529
vt 0.2759515570934256 0.9195501730103807
vt 0.2759515570934256 0.9195501730103807
vt 0.2759515570934256 0.9160899653979239
vt 0.2759515570934256 0.9160899653979239
vt 0.27941176470588236 0.9195501730103807
vt 0.27941176470588236 0.9195501730103807
vt 0.27941176470588236 0.9160899653979239
vt 0.27941176470588236 0.9160899653979239
vt 0.2759515570934256 0.9195501730103807
vt 0.27941176470588236 0.9195501730103807
vt 0.2759515570934256 0.9195501730103807
vt 0.27941176470588236 0.9195501730103807
vt 0.27941176470588236 0.9195501730103807
vt 0.2828719723183391 0.9195501730103807
vt 0.27941176470588236 0.9195501730103807
vt 0.2828719723183391 0.9195501730103807
vt 0.27941176470588236 0.9160899653979239
vt 0.27941176470588236 0.9195501730103807
vt 0.2759515570934256 0.9195501730103807
vt 0.2759515570934256 0.9160899653979239
vt 0.2759515570934256 0.9195501730103807
vt 0.2759515570934256 0.9195501730103807
vt 0.2759515570934256 0.9160899653979239
vt 0.2759515570934256 0.9160899653979239
vt 0.27941176470588236 0.9195501730103807
vt 0.27941176470588236 0.9195501730103807
vt 0.27941176470588236 0.9160899653979239
vt 0.27941176470588236 0.9160899653979239
vt 0.2759515570934256 0.9195501730103807
vt 0.27941176470588236 0.9195501730103807
vt 0.2759515570934256 0.9195501730103807
vt 0.27941176470588236 0.9195501730103807
vt 0.27941176470588236 0.9195501730103807
vt 0.2828719723183391 0.9195501730103807
vt 0.27941176470588236 0.9195501730103807
vt 0.2828719723183391 0.9195501730103807
vt 0.27941176470588236 0.9160899653979239
vt 0.27941176470588236 0.9195501730103807
vt 0.2759515570934256 0.9195501730103807
vt 0.2759515570934256 0.9160899653979239
vt 0.27941176470588236 0.9195501730103807
vt 0.27941176470588236 0.9195501730103807
vt 0.27941176470588236 0.9160899653979239
vt 0.27941176470588236 0.9160899653979239
vt 0.2759515570934256 0.9195501730103807
vt 0.2759515570934256 0.9195501730103807
vt 0.2759515570934256 0.9160899653979239
vt 0.2759515570934256 0.9160899653979239
vt 0.27941176470588236 0.9195501730103807
vt 0.2759515570934256 0.9195501730103807
vt 0.27941176470588236 0.9195501730103807
vt 0.2759515570934256 0.9195501730103807
vt 0.2828719723183391 0.9195501730103807
vt 0.27941176470588236 0.9195501730103807
vt 0.2828719723183391 0.9195501730103807
vt 0.27941176470588236 0.9195501730103807
vt 0.2759515570934256 0.9160899653979239
vt 0.2759515570934256 0.9195501730103807
vt 0.27941176470588236 0.9195501730103807
vt 0.27941176470588236 0.9160899653979239
vt 0.27941176470588236 0.9195501730103807
vt 0.27941176470588236 0.9195501730103807
vt 0.27941176470588236 0.9160899653979239
vt 0.27941176470588236 0.9160899653979239
vt 0.2759515570934256 0.9195501730103807
vt 0.2759515570934256 0.9195501730103807
vt 0.2759515570934256 0.9160899653979239
vt 0.2759515570934256 0.9160899653979239
vt 0.27941176470588236 0.9195501730103807
vt 0.27941176470588236 0.9195501730103807
vt 0.2759515570934256 0.9195501730103807
vt 0.2759515570934256 0.9195501730103807
vt 0.2828719723183391 0.9195501730103807
vt 0.2828719723183391 0.9195501730103807
vt 0.27941176470588236 0.9195501730103807
vt 0.27941176470588236 0.9195501730103807
vt 0.2759515570934256 0.9160899653979239
vt 0.2759515570934256 0.9195501730103807
vt 0.27941176470588236 0.9195501730103807
vt 0.27941176470588236 0.9160899653979239
vt 0.28633217993079585 0.9117647058823529
vt 0.28633217993079585 0.9152249134948097
vt 0.28719723183391005 0.9152249134948097
vt 0.28719723183391005 0.9117647058823529
vt 0.2837370242214533 0.9117647058823529
vt 0.2837370242214533 0.9152249134948097
vt 0.28460207612456745 0.9152249134948097
vt 0.28460207612456745 0.9117647058823529
vt 0.28633217993079585 0.9160899653979239
vt 0.28633217993079585 0.9152249134948097
vt 0.28460207612456745 0.9152249134948097
vt 0.28460207612456745 0.9160899653979239
vt 0.2880622837370242 0.9152249134948097
vt 0.2880622837370242 0.9160899653979239
vt 0.28633217993079585 0.9160899653979239
vt 0.28633217993079585 0.9152249134948097
vt 0.28719723183391005 0.9117647058823529
vt 0.28719723183391005 0.9152249134948097
vt 0.2889273356401384 0.9152249134948097
vt 0.2889273356401384 0.9117647058823529
vt 0.28460207612456745 0.9117647058823529
vt 0.28460207612456745 0.9152249134948097
vt 0.28633217993079585 0.9152249134948097
vt 0.28633217993079585 0.9117647058823529
vt 0.28633217993079585 0.9117647058823529
vt 0.28633217993079585 0.9152249134948097
vt 0.28719723183391005 0.9152249134948097
vt 0.28719723183391005 0.9117647058823529
vt 0.2837370242214533 0.9117647058823529
vt 0.2837370242214533 0.9152249134948097
vt 0.28460207612456745 0.9152249134948097
vt 0.28460207612456745 0.9117647058823529
vt 0.28633217993079585 0.9160899653979239
vt 0.28633217993079585 0.9152249134948097
vt 0.28460207612456745 0.9152249134948097
vt 0.28460207612456745 0.9160899653979239
vt 0.2880622837370242 0.9152249134948097
vt 0.2880622837370242 0.9160899653979239
vt 0.28633217993079585 0.9160899653979239
vt 0.28633217993079585 0.9152249134948097
vt 0.28719723183391005 0.9117647058823529
vt 0.28719723183391005 0.9152249134948097
vt 0.2889273356401384 0.9152249134948097
vt 0.2889273356401384 0.9117647058823529
vt 0.28460207612456745 0.9117647058823529
vt 0.28460207612456745 0.9152249134948097
vt 0.28633217993079585 0.9152249134948097
vt 0.28633217993079585 0.9117647058823529
vt 0.28633217993079585 0.9117647058823529
vt 0.28633217993079585 0.9152249134948097
vt 0.28719723183391005 0.9152249134948097
vt 0.28719723183391005 0.9117647058823529
vt 0.2837370242214533 0.9117647058823529
vt 0.2837370242214533 0.9152249134948097
vt 0.28460207612456745 0.9152249134948097
vt 0.28460207612456745 0.9117647058823529
vt 0.28633217993079585 0.9160899653979239
vt 0.28633217993079585 0.9152249134948097
vt 0.28460207612456745 0.9152249134948097
vt 0.28460207612456745 0.9160899653979239
vt 0.2880622837370242 0.9152249134948097
vt 0.2880622837370242 0.9160899653979239
vt 0.28633217993079585 0.9160899653979239
vt 0.28633217993079585 0.9152249134948097
vt 0.28719723183391005 0.9117647058823529
vt 0.28719723183391005 0.9152249134948097
vt 0.2889273356401384 0.9152249134948097
vt 0.2889273356401384 0.9117647058823529
vt 0.28460207612456745 0.9117647058823529
vt 0.28460207612456745 0.9152249134948097
vt 0.28633217993079585 0.9152249134948097
vt 0.28633217993079585 0.9117647058823529
vt 0.28633217993079585 0.9117647058823529
vt 0.28633217993079585 0.9152249134948097
vt 0.28719723183391005 0.9152249134948097
vt 0.28719723183391005 0.9117647058823529
vt 0.2837370242214533 0.9117647058823529
vt 0.2837370242214533 0.9152249134948097
vt 0.28460207612456745 0.9152249134948097
vt 0.28460207612456745 0.9117647058823529
vt 0.28633217993079585 0.9160899653979239
vt 0.28633217993079585 0.9152249134948097
vt 0.28460207612456745 0.9152249134948097
vt 0.28460207612456745 0.9160899653979239
vt 0.2880622837370242 0.9152249134948097
vt 0.2880622837370242 0.9160899653979239
vt 0.28633217993079585 0.9160899653979239
vt 0.28633217993079585 0.9152249134948097
vt 0.28719723183391005 0.9117647058823529
vt 0.28719723183391005 0.9152249134948097
vt 0.2889273356401384 0.9152249134948097
vt 0.2889273356401384 0.9117647058823529
vt 0.28460207612456745 0.9117647058823529
vt 0.28460207612456745 0.9152249134948097
vt 0.28633217993079585 0.9152249134948097
vt 0.28633217993079585 0.9117647058823529
vt 0.28633217993079585 0.9117647058823529
vt 0.28633217993079585 0.9152249134948097
vt 0.28719723183391005 0.9152249134948097
vt 0.28719723183391005 0.9117647058823529
vt 0.2837370242214533 0.9117647058823529
vt 0.2837370242214533 0.9152249134948097
vt 0.28460207612456745 0.9152249134948097
vt 0.28460207612456745 0.9117647058823529
vt 0.28633217993079585 0.9160899653979239
vt 0.28633217993079585 0.9152249134948097
vt 0.28460207612456745 0.9152249134948097
vt 0.28460207612456745 0.9160899653979239
vt 0.2880622837370242 0.9152249134948097
vt 0.2880622837370242 0.9160899653979239
vt 0.28633217993079585 0.9160899653979239
vt 0.28633217993079585 0.9152249134948097
vt 0.28719723183391005 0.9117647058823529
vt 0.28719723183391005 0.9152249134948097
vt 0.2889273356401384 0.9152249134948097
vt 0.2889273356401384 0.9117647058823529
vt 0.28460207612456745 0.9117647058823529
vt 0.28460207612456745 0.9152249134948097
vt 0.28633217993079585 0.9152249134948097
vt 0.28633217993079585 0.9117647058823529
vt 0.28633217993079585 0.9117647058823529
vt 0.28633217993079585 0.9152249134948097
vt 0.28719723183391005 0.9152249134948097
vt 0.28719723183391005 0.9117647058823529
vt 0.2837370242214533 0.9117647058823529
vt 0.2837370242214533 0.9152249134948097
vt 0.28460207612456745 0.9152249134948097
vt 0.28460207612456745 0.9117647058823529
vt 0.28633217993079585 0.9160899653979239
vt 0.28633217993079585 0.9152249134948097
vt 0.28460207612456745 0.9152249134948097
vt 0.28460207612456745 0.9160899653979239
vt 0.2880622837370242 0.9152249134948097
vt 0.2880622837370242 0.9160899653979239
vt 0.28633217993079585 0.9160899653979239
vt 0.28633217993079585 0.9152249134948097
vt 0.28719723183391005 0.9117647058823529
vt 0.28719723183391005 0.9152249134948097
vt 0.2889273356401384 0.9152249134948097
vt 0.2889273356401384 0.9117647058823529
vt 0.28460207612456745 0.9117647058823529
vt 0.28460207612456745 0.9152249134948097
vt 0.28633217993079585 0.9152249134948097
vt 0.28633217993079585 0.9117647058823529
vt 0.28633217993079585 0.9117647058823529
vt 0.28633217993079585 0.9152249134948097
vt 0.28719723183391005 0.9152249134948097
vt 0.28719723183391005 0.9117647058823529
vt 0.2837370242214533 0.9117647058823529
vt 0.2837370242214533 0.9152249134948097
vt 0.28460207612456745 0.9152249134948097
vt 0.28460207612456745 0.9117647058823529
vt 0.28633217993079585 0.9160899653979239
vt 0.28633217993079585 0.9152249134948097
vt 0.28460207612456745 0.9152249134948097
vt 0.28460207612456745 0.9160899653979239
vt 0.2880622837370242 0.9152249134948097
vt 0.2880622837370242 0.9160899653979239
vt 0.28633217993079585 0.9160899653979239
vt 0.28633217993079585 0.9152249134948097
vt 0.28719723183391005 0.9117647058823529
vt 0.28719723183391005 0.9152249134948097
vt 0.2889273356401384 0.9152249134948097
vt 0.2889273356401384 0.9117647058823529
vt 0.28460207612456745 0.9117647058823529
vt 0.28460207612456745 0.9152249134948097
vt 0.28633217993079585 0.9152249134948097
vt 0.28633217993079585 0.9117647058823529
vt 0.28633217993079585 0.9117647058823529
vt 0.28633217993079585 0.9152249134948097
vt 0.28719723183391005 0.9152249134948097
vt 0.28719723183391005 0.9117647058823529
vt 0.2837370242214533 0.9117647058823529
vt 0.2837370242214533 0.9152249134948097
vt 0.28460207612456745 0.9152249134948097
vt 0.28460207612456745 0.9117647058823529
vt 0.28633217993079585 0.9160899653979239
vt 0.28633217993079585 0.9152249134948097
vt 0.28460207612456745 0.9152249134948097
vt 0.28460207612456745 0.9160899653979239
vt 0.2880622837370242 0.9152249134948097
vt 0.2880622837370242 0.9160899653979239
vt 0.28633217993079585 0.9160899653979239
vt 0.28633217993079585 0.9152249134948097
vt 0.28719723183391005 0.9117647058823529
vt 0.28719723183391005 0.9152249134948097
vt 0.2889273356401384 0.9152249134948097
vt 0.2889273356401384 0.9117647058823529
vt 0.28460207612456745 0.9117647058823529
vt 0.28460207612456745 0.9152249134948097
vt 0.28633217993079585 0.9152249134948097
vt 0.28633217993079585 0.9117647058823529
vt 0.28460207612456745 0.9273356401384083
vt 0.28460207612456745 0.9273356401384083
vt 0.28460207612456745 0.9247404844290658
vt 0.28460207612456745 0.9247404844290658
vt 0.2820069204152249 0.9273356401384083
vt 0.2820069204152249 0.9273356401384083
vt 0.2820069204152249 0.9247404844290658
vt 0.2820069204152249 0.9247404844290658
vt 0.28460207612456745 0.9273356401384083
vt 0.28460207612456745 0.9273356401384083
vt 0.2820069204152249 0.9273356401384083
vt 0.2820069204152249 0.9273356401384083
vt 0.28719723183391005 0.9273356401384083
vt 0.28719723183391005 0.9273356401384083
vt 0.28460207612456745 0.9273356401384083
vt 0.28460207612456745 0.9273356401384083
vt 0.2820069204152249 0.9247404844290658
vt 0.2820069204152249 0.9273356401384083
vt 0.28460207612456745 0.9273356401384083
vt 0.28460207612456745 0.9247404844290658
vt 0.28460207612456745 0.9273356401384083
vt 0.28460207612456745 0.9273356401384083
vt 0.28460207612456745 0.9247404844290658
vt 0.28460207612456745 0.9247404844290658
vt 0.2820069204152249 0.9273356401384083
vt 0.2820069204152249 0.9273356401384083
vt 0.2820069204152249 0.9247404844290658
vt 0.2820069204152249 0.9247404844290658
vt 0.28460207612456745 0.9273356401384083
vt 0.2820069204152249 0.9273356401384083
vt 0.28460207612456745 0.9273356401384083
vt 0.2820069204152249 0.9273356401384083
vt 0.28719723183391005 0.9273356401384083
vt 0.28460207612456745 0.9273356401384083
vt 0.28719723183391005 0.9273356401384083
vt 0.28460207612456745 0.9273356401384083
vt 0.2820069204152249 0.9247404844290658
vt 0.2820069204152249 0.9273356401384083
vt 0.28460207612456745 0.9273356401384083
vt 0.28460207612456745 0.9247404844290658
vt 0.11591695501730104 0.9299307958477508
vt 0.11591695501730104 0.9299307958477508
vt 0.11591695501730104 0.9567474048442907
vt 0.11591695501730104 0.9567474048442907
vt 0.11591695501730104 0.9567474048442907
vt 0.11591695501730104 0.9567474048442907
vt 0.11591695501730104 0.9299307958477508
vt 0.11591695501730104 0.9299307958477508
vt 0.14273356401384082 0.9299307958477508
vt 0.14273356401384082 0.9299307958477508
vt 0.14273356401384082 0.9117647058823529
vt 0.14273356401384082 0.9117647058823529
vt 0.11591695501730104 0.9299307958477508
vt 0.11591695501730104 0.9299307958477508
vt 0.11591695501730104 0.9117647058823529
vt 0.11591695501730104 0.9117647058823529
vt 0.11591695501730104 0.9299307958477508
vt 0.11591695501730104 0.9299307958477508
vt 0.11591695501730104 0.9567474048442907
vt 0.11591695501730104 0.9567474048442907
vt 0.11591695501730104 0.9567474048442907
vt 0.11591695501730104 0.9567474048442907
vt 0.11591695501730104 0.9299307958477508
vt 0.11591695501730104 0.9299307958477508
vt 0.14273356401384082 0.9299307958477508
vt 0.14273356401384082 0.9299307958477508
vt 0.14273356401384082 0.9117647058823529
vt 0.14273356401384082 0.9117647058823529
vt 0.11591695501730104 0.9299307958477508
vt 0.11591695501730104 0.9299307958477508
vt 0.11591695501730104 0.9117647058823529
vt 0.11591695501730104 0.9117647058823529
vt 0.42474048442906576 0.9299307958477508
vt 0.43166089965397925 0.9299307958477508
vt 0.43166089965397925 0.8979238754325259
vt 0.42474048442906576 0.8979238754325259
vt 0.2041522491349481 0.8780276816608996
vt 0.2041522491349481 0.884083044982699
vt 0.10207612456747404 0.884083044982699
vt 0.10207612456747404 0.8780276816608996
vt 0.2984429065743945 0.8676470588235294
vt 0.2984429065743945 0.8728373702422145
vt 0.29325259515570934 0.8728373702422145
vt 0.29325259515570934 0.8676470588235294
vt 0.2906574394463668 0.8849480968858131
vt 0.2906574394463668 0.8910034602076125
vt 0.28546712802768165 0.8910034602076125
vt 0.28546712802768165 0.8849480968858131
vt 0.26124567474048443 0.8650519031141868
vt 0.26124567474048443 0.8711072664359861
vt 0.2560553633217993 0.8711072664359861
vt 0.2560553633217993 0.8650519031141868
vt 0.28460207612456745 0.8737024221453287
vt 0.28460207612456745 0.8788927335640139
vt 0.27941176470588236 0.8788927335640139
vt 0.27941176470588236 0.8737024221453287
vt 0.31055363321799306 0.9930795847750865
vt 0.314878892733564 0.9930795847750865
vt 0.314878892733564 0.9887543252595156
vt 0.31055363321799306 0.9887543252595156
vt 0.18771626297577854 0.9299307958477508
vt 0.23183391003460208 0.9299307958477508
vt 0.23183391003460208 0.9117647058823529
vt 0.18771626297577854 0.9117647058823529
vt 0.23183391003460208 0.9117647058823529
vt 0.23183391003460208 0.9299307958477508
vt 0.18771626297577854 0.9299307958477508
vt 0.18771626297577854 0.9117647058823529
vt 0.03806228373702422 0.8771626297577855
vt 0 0.8771626297577855
vt 0 0.8650519031141868
vt 0.03806228373702422 0.8650519031141868
vt 0.11505190311418685 0.8771626297577855
vt 0.07698961937716263 0.8771626297577855
vt 0.07698961937716263 0.8650519031141868
vt 0.11505190311418685 0.8650519031141868
vt 0.6418685121107266 0.1890138408304498
vt 0.6418685121107266 0.17128027681660896
vt 0.6314878892733564 0.17128027681660896
vt 0.6314878892733564 0.21020761245674735
vt 0.0008650519031141869 0.976643598615917
vt 0.0008650519031141869 0.9870242214532872
vt 0.21107266435986158 0.9870242214532872
vt 0.21107266435986158 0.976643598615917
vt 0.2491349480968858 0.976643598615917
vt 0.4982698961937716 0.976643598615917
vt 0.4982698961937716 0.967128027681661
vt 0.2491349480968858 0.967128027681661
vt 0.4982698961937716 0.967128027681661
vt 0.4982698961937716 0.976643598615917
vt 0.2491349480968858 0.976643598615917
vt 0.2491349480968858 0.967128027681661
vt 0.39965397923875434 0.948961937716263
vt 0.39965397923875434 0.967128027681661
vt 0.19982698961937717 0.967128027681661
vt 0.19982698961937717 0.948961937716263
vt 0.19982698961937717 0.967128027681661
vt 0.39965397923875434 0.967128027681661
vt 0.39965397923875434 0.948961937716263
vt 0.19982698961937717 0.948961937716263
vt 0.21107266435986158 0.976643598615917
vt 0.21107266435986158 0.9870242214532872
vt 0.0008650519031141869 0.9870242214532872
vt 0.0008650519031141869 0.976643598615917
vt 0.03806228373702422 0.8641868512110726
vt 0 0.8641868512110726
vt 0 0.846885813148789
vt 0.03806228373702422 0.846885813148789
vt -0.01730103806228374 0.846885813148789
vt 0 0.846885813148789
vt -0.01730103806228374 0.846885813148789
vt 0.03806228373702422 0.846885813148789
vt 0.05536332179930796 0.846885813148789
vt 0.03806228373702422 0.846885813148789
vt 0.03806228373702422 0.8641868512110726
vt 0 0.8641868512110726
vt 0 0.846885813148789
vt 0.03806228373702422 0.846885813148789
vt 0.03806228373702422 0.8641868512110726
vt 0 0.8641868512110726
vt 0 0.846885813148789
vt 0.03806228373702422 0.846885813148789
vt 0.20847750865051903 0.17820069204152245
vt 0.2102076124567474 0.17820069204152245
vt 0.2102076124567474 0.19550173010380623
vt 0.20847750865051903 0.19550173010380623
vt 0.6314878892733564 0.17128027681660896
vt 0.6418685121107266 0.17128027681660896
vt 0.6418685121107266 0.1890138408304498
vt 0.6314878892733564 0.21020761245674735
vt 0.32698961937716264 0.20415224913494812
vt 0.32698961937716264 0.20221790657439453
vt 0.3313148788927336 0.20415224913494812
vt 0.32698961937716264 0.20221790657439453
vt 0.32698961937716264 0.20415224913494812
vt 0.3313148788927336 0.20415224913494812
vt 0.27162629757785467 0.884083044982699
vt 0.27162629757785467 0.8918685121107266
vt 0.2664359861591695 0.8918685121107266
vt 0.2664359861591695 0.884083044982699
vt 0.27249134948096887 0.884083044982699
vt 0.27249134948096887 0.8918685121107266
vt 0.27162629757785467 0.8918685121107266
vt 0.27162629757785467 0.884083044982699
vt 0.2655709342560554 0.884083044982699
vt 0.2655709342560554 0.8918685121107266
vt 0.26038062283737023 0.8918685121107266
vt 0.26038062283737023 0.884083044982699
vt 0.2664359861591695 0.8918685121107266
vt 0.27162629757785467 0.8918685121107266
vt 0.27162629757785467 0.884083044982699
vt 0.2664359861591695 0.884083044982699
vt 0.27162629757785467 0.8918685121107266
vt 0.27249134948096887 0.8918685121107266
vt 0.27249134948096887 0.884083044982699
vt 0.27162629757785467 0.884083044982699
vt 0.26038062283737023 0.8918685121107266
vt 0.2655709342560554 0.8918685121107266
vt 0.2655709342560554 0.884083044982699
vt 0.26038062283737023 0.884083044982699
vt 0.18598615916955016 0.8711072664359861
vt 0.18598615916955016 0.8728373702422145
vt 0.15484429065743946 0.8728373702422145
vt 0.15484429065743946 0.8711072664359861
vt 0.18598615916955016 0.8745674740484429
vt 0.18598615916955016 0.8762975778546713
vt 0.15484429065743946 0.8762975778546713
vt 0.15484429065743946 0.8745674740484429
vt 0.15484429065743946 0.8728373702422145
vt 0.18598615916955016 0.8728373702422145
vt 0.18598615916955016 0.8711072664359861
vt 0.15484429065743946 0.8711072664359861
vt 0.15484429065743946 0.8762975778546713
vt 0.18598615916955016 0.8762975778546713
vt 0.18598615916955016 0.8745674740484429
vt 0.15484429065743946 0.8745674740484429
vt 0.03806228373702422 0.8641868512110726
vt 0 0.8641868512110726
vt 0 0.846885813148789
vt 0.03806228373702422 0.846885813148789
vn 0 1 0
vn 0.08715575030620597 0.9961946974303547 4.5451947372182694e-7
vn 0.4617457047837588 0.8870017489988956 0.0043360565782803555
vn 0.7660455620811004 0.6427862761570529 0
vn 0 0.9990482479838008 -0.043618782657223805
vn 0.07951155663566377 0.9958852055098721 -0.04348068315854164
vn 0 0.9914448562583213 -0.13052623107604402
vn 0.31621352579720735 0.9392310392252631 -0.1336190894248697
vn 0 0.984807718762407 -0.17364837190709234
vn 0.29355773289826315 0.9380590155225772 -0.18403570537383623
vn 0 0.9659258492011171 -0.2588189595935754
vn 0.2412536795208548 0.9325483933365352 -0.26860781113566967
vn 0 0.040079744369748864 -0.9991964842268289
vn 0 0.936672466473283 -0.3502066397869362
vn 0.2048922255419364 0.9131620137953418 -0.35235537809675654
vn 0 0.9238790467305433 -0.3826846051414435
vn 0.18709914528392224 0.903025001869094 -0.38670370548179217
vn 0 0.9999961231196259 0.002784554850959322
vn -0.9992928436510218 -0.03613707017603371 0.010388685525468585
vn 0 -0.9999025286088989 -0.013961850934970488
vn 0.589528579586901 0.6995297894369799 -0.4038739005438525
vn 0 0.8433912633562598 -0.5372998947462506
vn 0.14125736891827026 0.832213032023182 -0.5361602606097081
vn 0.5376610054856773 0.7005478949028364 -0.4692049553524931
vn 0.8685808057956547 0.40397664106015346 -0.28700219037688063
vn 0 0.8191518118419967 -0.5735767683196157
vn 0.1412509185496799 0.8075487622416533 -0.5726370356611992
vn 0 0.7933531153416501 -0.6087617221686155
vn 0.1463817904455839 0.7820141184028543 -0.6058269472750051
vn 0 -0.9914448023375974 -0.13052664064382627
vn 0.060248746390460815 -0.9896437380098204 -0.13028952519803053
vn 0 -0.9935011074649407 -0.11382244710924434
vn 0.4798535581765056 -0.8435154672728538 -0.24129280796742827
vn 0.5940302224752175 -0.7905947314173379 -0.1486205417874356
vn 0.9486201470998568 -0.28633934708726666 -0.13464618385191704
vn 0.9896919367426564 -2.386877921256443e-7 -0.1432126752299289
vn 0.9178793575709965 -0.22946754469435526 -0.32379334594305564
vn 0.9595152980798486 0 -0.2816565155481754
vn 0.9509687172321794 0.04754592270282632 -0.3056106740284451
vn 0.8830864940960074 0.2732457343482372 -0.3814380848915265
vn 0.8728706213966045 0.27250440838503737 -0.40476934878202697
vn 0.5867327958562664 0.5840986790113 -0.5608683976156469
vn 0.9896919368313312 -1.8295240740951476e-7 -0.14321267461721046
vn 0.9544482991855003 0.2120996220412223 -0.2098623227544108
vn 0.9840480766831103 -0.17351427953245802 -0.039270568809268866
vn 0.9992319507315427 0 -0.03918556669535461
vn 0.9808184398466698 0.1729446829520394 -0.08991843356822418
vn 0.5713266924223859 0.771125007326696 -0.2809840451006064
vn 0.6228564854650839 0.7090378683785585 -0.3306283407684132
vn 0.5892294986367174 0.7464626956047367 -0.3091957988182133
vn 0.692279706787442 0.6566150976035748 -0.2993416462327642
vn 0.9132449804470021 0.3918962163086077 -0.11135960367813795
vn 0.4102958419174213 0.8628931177234725 -0.29508098801979754
vn 0.7505668199359555 0.6297981152491778 -0.20000945687594432
vn 0.45471195073987164 0.8770954540173084 -0.1547275230736674
vn 0.5437200499205443 0.810586012098426 -0.21752890452712548
vn 0.39232390252927896 0.8983890825514422 -0.19743103063240797
vn 0.7961768378304961 0.5486090674023966 -0.2552068456489846
vn 0.5699331059619143 0.7288488505509484 -0.37941482282478994
vn 0.813139189332993 0.5025850569546944 -0.29362036594338903
vn 0.44889186035082373 0.7096329337016508 -0.543062792977723
vn 0.45730652324178483 -0.855288403586623 -0.2436236657033904
vn 0.4325753391406145 -0.8726629497046152 -0.22657879905283068
vn 0 0.9994025122967127 -0.034563252379065074
vn -0.85976759670916 0.455556335829523 -0.23079883997657902
vn 0 0.776748501468678 -0.6298108965921146
vn 0.17277311236766338 0.7516987084407305 -0.6364734899203016
vn 0 0 0
vn 0 0 0
vn 0.0000011383545650956887 0.8660253028377168 -0.5000001748435144
vn 0 -0.98348330139564 -0.18099888363173053
vn 0 1 0
vn -0.08715575030620598 0.9961946974303547 4.5451947372610413e-7
vn -0.4617457047837588 0.8870017489988956 0.004336056578280354
vn 0 0.9990482479838008 -0.043618782657223805
vn -0.07951155663566377 0.9958852055098721 -0.04348068315854164
vn 0 0.9914448562583213 -0.13052623107604402
vn -0.31621352579720735 0.9392310392252631 -0.1336190894248697
vn 0 0.984807718762407 -0.17364837190709234
vn -0.29355773289826315 0.9380590155225772 -0.18403570537383623
vn 0 0.9659258492011171 -0.2588189595935754
vn -0.2412536795208548 0.9325483933365352 -0.26860781113566967
vn 0 0.040079744369748864 -0.9991964842268289
vn 0 0.936672466473283 -0.3502066397869362
vn -0.2048922255419364 0.9131620137953418 -0.35235537809675654
vn 0 0.9238790467305433 -0.3826846051414435
vn -0.1870991452839223 0.903025001869094 -0.38670370548179217
vn 0 0.9999961231196259 0.002784554850959322
vn 0.9992928436510218 -0.03613707017603371 0.010388685525468585
vn 0 -0.9999025286088989 -0.013961850934970488
vn -0.5895285795869012 0.6995297894369797 -0.40387390054385247
vn 0 0.8433912633562598 -0.5372998947462506
vn -0.14125736891827032 0.832213032023182 -0.5361602606097081
vn -0.5376610054856773 0.7005478949028364 -0.469204955352493
vn -0.8685808057956546 0.4039766410601535 -0.28700219037688074
vn 0 0.8191518118419967 -0.5735767683196157
vn -0.14125091854967986 0.8075487622416533 -0.5726370356611992
vn 0 0.7933531153416501 -0.6087617221686155
vn -0.14638179044558394 0.7820141184028543 -0.605826947275005
vn 0 -0.9914448023375974 -0.13052664064382627
vn -0.060248746390460836 -0.9896437380098204 -0.13028952519803053
vn 0 -0.9935011074649406 -0.11382244710924432
vn -0.4798535581765057 -0.8435154672728539 -0.24129280796742833
vn -0.5940302224752175 -0.7905947314173382 -0.14862054178743564
vn -0.9486201470998568 -0.2863393470872666 -0.13464618385191704
vn -0.9896919367426563 -2.386877921792325e-7 -0.1432126752299289
vn -0.9178793575709965 -0.2294675446943552 -0.32379334594305564
vn -0.9595152980798486 0 -0.28165651554817545
vn -0.9509687172321792 0.047545922702826315 -0.30561067402844505
vn -0.8830864940960074 0.2732457343482371 -0.3814380848915265
vn -0.8728706213966045 0.2725044083850373 -0.4047693487820271
vn -0.5867327958562663 0.5840986790113001 -0.5608683976156469
vn -0.9896919368313312 -1.8295240739728572e-7 -0.1432126746172105
vn -0.9544482991855003 0.21209962204122235 -0.2098623227544109
vn -0.9840480766831103 -0.17351427953245802 -0.03927056880926886
vn -0.9992319507315427 0 -0.03918556669535461
vn -0.9808184398466698 0.17294468295203946 -0.0899184335682242
vn -0.5713266924223859 0.771125007326696 -0.2809840451006064
vn -0.6228564854650839 0.7090378683785585 -0.3306283407684132
vn -0.5892294986367174 0.7464626956047367 -0.3091957988182133
vn -0.692279706787442 0.6566150976035748 -0.2993416462327642
vn -0.9132449804470021 0.3918962163086077 -0.11135960367813796
vn -0.4102958419174213 0.8628931177234725 -0.29508098801979754
vn -0.7505668199359555 0.6297981152491778 -0.20000945687594437
vn -0.45471195073987175 0.8770954540173085 -0.15472752307366744
vn -0.5437200499205442 0.810586012098426 -0.21752890452712545
vn -0.39232390252927896 0.8983890825514422 -0.19743103063240797
vn -0.7961768378304961 0.5486090674023966 -0.2552068456489846
vn -0.5699331059619144 0.7288488505509484 -0.37941482282479
vn -0.8131391893329931 0.5025850569546944 -0.29362036594338903
vn -0.4488918603508238 0.7096329337016508 -0.5430627929777229
vn -0.4573065232417847 -0.855288403586623 -0.2436236657033904
vn -0.4325753391406145 -0.8726629497046152 -0.22657879905283068
vn 0 0.9994025122967127 -0.034563252379065074
vn 0.8597675967091596 0.45555633582952304 -0.23079883997657905
vn 0 0.776748501468678 -0.6298108965921146
vn -0.17277311236766335 0.7516987084407306 -0.6364734899203016
vn 0 0 0
vn 0 0 0
vn 0 0 0
vn -0.0000011383545650991018 0.8660253028377168 -0.5000001748435144
vn 0 0 0
vn 0 -0.98348330139564 -0.18099888363173056
vn -0.2404677887168337 0.40589839131551586 -0.8817152252950567
vn -0.9972825449716766 0.03398843386384897 -0.06536292418717864
vn -0.24253562503633297 0 -0.9701425001453319
vn -0.21951219512195128 0 -0.9756097560975612
vn -0.9986886578183535 0.03921791743397453 -0.03290774524512229
vn -0.9986857101811716 0 -0.05125282704328736
vn -0.08240198571220346 0.9964882652079724 -0.014867752133116582
vn -0.1441575972054024 0.9891340534762927 0.028851541059771856
vn 0.2404677887168337 0.40589839131551586 -0.8817152252950569
vn 0.9972825449716766 0.03398843386384898 -0.06536292418717866
vn 0.24253562503633297 0 -0.9701425001453319
vn 0.21951219512195128 0 -0.9756097560975612
vn 0.9986886578183535 0.03921791743397452 -0.03290774524512228
vn 0.9986857101811716 0 -0.05125282704328736
vn 0.08240198571220343 0.9964882652079724 -0.014867752133116578
vn 0.1441575972054024 0.9891340534762927 0.028851541059771845
vn 0 0 1
vn 0 0 -1
vn -1 0 0
vn 1 0 0
vn 0 -1 0
vn 0 1 0
vn 0 0 1
vn 0 0 -1
vn -0.9961943687283886 0.08715950730613028 0
vn 0.9961943687283886 -0.08715950730613028 0
vn -0.087155750306215 -0.9961946974304576 0
vn 0.087155750306215 0.9961946974304576 0
vn 0 0 1
vn 0 0 -1
vn -0.8870100875479007 0.4617500455747306 0
vn 0.8870100875478999 -0.46175004557473187 0
vn -0.4617440637571428 -0.8870132014716804 0
vn 0.4617440637571425 0.8870132014716806 0
vn 0 0 1
vn 0 0 -1
vn -0.6427912001887128 0.7660414303155896 0
vn 0.6427912001887086 -0.7660414303155932 0
vn -0.7660434962102146 -0.642788738166772 0
vn 0.7660434962102162 0.6427887381667702 0
vn 0 0 1
vn 0 0 -1
vn -0.8870100875479008 0.4617500455747306 0
vn 0.8870100875478999 -0.4617500455747319 0
vn -0.4617440637571428 -0.8870132014716804 0
vn 0 0 1
vn 0 0 -1
vn -0.6427912001887127 0.7660414303155896 0
vn 0.6427912001887086 -0.766041430315593 0
vn -0.7660434962102148 -0.642788738166772 0
vn 0 0 1
vn 0 0 -1
vn -0.17365127091488494 0.9848072075841269 0
vn 0.17365127091489183 -0.9848072075841255 0
vn -0.9848077187624071 -0.17364837190709254 0
vn -1 0 0
vn 1 0 0
vn 0 -1 0
vn 0 1 0
vn 0 0 1
vn 0 0 -1
vn -0.9914448562583213 -0.13052623107604314 0
vn 0.9914448562583213 0.13052623107604325 0
vn 0.13052500237229409 -0.9914450180195132 0
vn -0.1305250023722906 0.9914450180195137 0
vn 0 0 1
vn 0 0 -1
vn -1 0 0
vn 1 0 0
vn 0 -1 0
vn 0 1 0
vn 0 0 1
vn 0 0 -1
vn -0.9659255322130409 0.25882014260670305 0
vn 0.9659267822090017 -0.25881547753440837 0
vn -0.2588197259388131 -0.9659256438592766 0
vn 0.25882055927588554 0.9659254205662662 0
vn 0 0 1
vn 0 0 -1
vn -1 0 0
vn 1 0 0
vn 0 -1 0
vn 0 1 0
vn 0 0 1
vn 0 0 -1
vn -1 0 0
vn 1 0 0
vn 0 -1 0
vn 0 1 0
vn 0 0 1
vn 0 0 -1
vn -1 0 0
vn 1 0 0
vn 0 -1 0
vn 0 1 0
vn 0 0 1
vn 0 0 -1
vn 0 1 0
vn 0 0 0
vn 0 0 0
vn 0 0 0
vn 0 0 0
vn 0.34202032341409594 0.9396925552390618 0
vn 0 0 0
vn 0 0 0
vn 0 0 0
vn 0 0 0
vn 0.08715548252919073 0.9961947208578774 0
vn 0 0 0
vn 0 0 0
vn 0 0 0
vn 0 0 0
vn 0 0 -1
vn 0 0 1
vn 1 0 0
vn -1 0 0
vn 0 -1 0
vn 0 1 0
vn 0 0 -1
vn 0 0 1
vn 0.9961943687283886 0.08715950730613028 0
vn -0.9961943687283886 -0.08715950730613028 0
vn 0.087155750306215 -0.9961946974304576 0
vn -0.087155750306215 0.9961946974304576 0
vn -1 0 0
vn 1 0 0
vn 0 -1 0
vn 0 1 0
vn 0 0 1
vn 0 0 -1
vn -0.9914448562583213 0.13052623107604325 0
vn 0.9914448562583213 -0.13052623107604314 0
vn -0.13052500237229409 -0.9914450180195132 0
vn 0.1305250023722906 0.9914450180195137 0
vn 0 0 1
vn 0 0 -1
vn -1 0 0
vn 1 0 0
vn 0 -1 0
vn 0 1 0
vn 0 0 1
vn 0 0 -1
vn -0.9659267822090017 -0.25881547753440837 0
vn 0.9659255322130409 0.25882014260670305 0
vn 0.2588197259388131 -0.9659256438592766 0
vn -0.25882055927588554 0.9659254205662662 0
vn 0 0 1
vn 0 0 -1
vn -1 0 0
vn 1 0 0
vn 0 -1 0
vn 0 1 0
vn 0 0 1
vn 0 0 -1
vn -1 0 0
vn 1 0 0
vn 0 -1 0
vn 0 1 0
vn 0 0 1
vn 0 0 -1
vn -1 0 0
vn 1 0 0
vn 0 -1 0
vn 0 1 0
vn 0 0 1
vn 0 0 -1
vn 0 0 -1
vn 0 0 1
vn 0.6427912001887127 0.7660414303155896 0
vn -0.6427912001887086 -0.766041430315593 0
vn 0.7660434962102148 -0.642788738166772 0
vn 0 0 -1
vn 0 0 1
vn 0.8870100875479008 0.4617500455747306 0
vn -0.8870100875478999 -0.4617500455747319 0
vn 0.4617440637571428 -0.8870132014716804 0
vn 0 0 -1
vn 0 0 1
vn 0.8870100875479007 0.4617500455747306 0
vn -0.8870100875478999 -0.46175004557473187 0
vn 0.4617440637571428 -0.8870132014716804 0
vn -0.4617440637571425 0.8870132014716806 0
vn 0 0 -1
vn 0 0 1
vn 0.6427912001887128 0.7660414303155896 0
vn -0.6427912001887086 -0.7660414303155932 0
vn 0.7660434962102146 -0.642788738166772 0
vn -0.7660434962102162 0.6427887381667702 0
vn 0 0 -1
vn 0 0 1
vn 0.17365127091488494 0.9848072075841269 0
vn -0.17365127091489183 -0.9848072075841255 0
vn 0.9848077187624071 -0.17364837190709254 0
vn 0.7071067811865476 -0.7071067811865475 0
vn 0 0 0
vn 0 0 0
vn 0 0 0
vn 0 0 0
vn 0.9848078863985505 -0.17364742119369325 0
vn 0 0 0
vn 0 0 0
vn 0 0 0
vn 0 0 0
vn 0 0 0
vn 0 0 0
vn 0 0 0
vn 0 0 0
vn 0 0 0
vn 0 0 0
vn 0 0 0
vn -0.7071067811865476 -0.7071067811865475 0
vn 0 0 0
vn 0 0 0
vn 0 0 0
vn 0 0 0
vn -0.9848078863985505 -0.17364742119369325 0
vn 0 0 0
vn 0 0 0
vn 0 0 0
vn 0 0 0
vn 0 0 0
vn 0 0 0
vn 0 0 0
vn 0 0 0
vn 0 0 0
vn 0 0 0
vn 0 0 0
vn 0 0 0
vn 0 0 0
vn 0 0 0
vn 0 0 0
vn -0.08715548252919073 0.9961947208578774 0
vn 0 0 0
vn 0 0 0
vn 0 0 0
vn 0 0 0
vn -0.34202032341409594 0.9396925552390618 0
vn 0 0 0
vn 0 0 0
vn 0 0 0
vn 0 0 0
vn 0 -1 0
vn 0 0 0
vn 0 0 0
vn 0 0 0
vn 0 0 0
vn 0 -1 0
vn 0 0 0
vn 0 0 0
vn 0 0 0
vn 0 0 0
vn 0 0 0
vn 0 0 0
vn 0 0 0
vn 0 0 0
vn 0 0 0
vn 0 0 0
vn 0 -1 0
vn 0 0 0
vn 0 0 0
vn 0 0 0
vn 0 0 0
vn 0 0 0
vn 0 0 0
vn 0 0 0
vn 0 0 0
vn 0 0 0
vn 0 0 0
vn 0 0 0
vn 0 0 0
vn 0 -1 0
vn 0 0 0
vn 0 0 0
vn 0 0 0
vn 0 0 0
vn 0 -1 0
vn 0 0 0
vn 0 0 0
vn 0 0 0
vn 0 0 0
vn 0 -0.4617486290377229 -0.8870108249518625
vn 0 0 0
vn 0 0 0
vn 0 0 0
vn 0 0 0
vn 0 -1 0
vn 0 0 0
vn 0 0 0
vn 0 -0.46174862903772373 -0.8870108249518621
vn 0 0 0
vn 0 0 0
vn 0 0 0
vn 0 0 0
vn 0 0 0
vn 0 0 0
vn 1 0 0
vn -1 0 0
vn 0 1 0
vn 0 -1 0
vn 0 0 1
vn 0 0 -1
vn 1 0 0
vn -1 0 0
vn 0 1 0
vn 0 -1 0
vn 0 0 1
vn 0 0 -1
vn 1 0 0
vn -1 0 0
vn 0 1 0
vn 0 -1 0
vn 0 0 1
vn 0 0 -1
vn 1 0 0
vn -1 0 0
vn 0 1 0
vn 0 -1 0
vn 0 0 1
vn 0 0 -1
vn 0 0 0
vn 0 0 0
vn 0 0 0
vn 0 0 0
vn 0 0 0
vn 0 0 0
vn 0 0 0
vn 0 0 0
vn 0 0 0
vn 0 0 0
vn 0 0 0
vn 0 0 0
vn 0 0 1
vn 0 0 0
vn 0 0 0
vn 0 0 0
vn 0 0 0
vn 0 0 1
vn 0 0 0
vn 0 0 0
vn 0 0 0
vn 0 0 0
vn 0 0 1
vn 0 0 0
vn 0 0 0
vn 0 0 0
vn 0 0 0
vn 0 0 1
vn 0 0 0
vn 0 0 0
vn 0 0 0
vn 0 0 0
vn 0 0 1
vn 0 0 0
vn 0 0 0
vn 0 0 0
vn 0 0 0
vn 0 0 1
vn 0 0 0
vn 0 0 0
vn 0 0 0
vn 0 0 0
vn 0 0 1
vn 0 0 0
vn 0 0 0
vn 0 0 0
vn 0 0 0
vn 0 0 0
vn 0 0 0
vn 0 0 0
vn 0 0 0
vn 0 0 1
vn 0 0 0
vn 0 0 0
vn 0 0 0
vn 0 0 0
vn 0 0 0
vn 0 0 0
vn 0 0 0
vn 0 0 0
vn 0 0 0
vn 0 0 0
vn 0 0 0
vn 0 0 0
vn 0 0 1
vn 0 0 0
vn 0 0 0
vn 0 0 0
vn 0 0 0
vn 0 0 1
vn 0 0 0
vn 0 0 0
vn 0 0 0
vn 0 0 0
vn 0 0 0
vn 0 0 0
vn 0 0 0
vn 0 0 0
vn 0 0 1
vn 0 0 0
vn 0 0 0
vn 0 0 0
vn 0 0 0
vn 0 0 1
vn 0.9848077438905127 -0.1736482293986283 0
vn -0.9848077438905127 0.1736482293986283 0
vn 0.1736512709148901 0.984807207584126 0
vn -0.17365127091488966 -0.9848072075841259 0
vn 0 0 1
vn 0 0 -1
vn 1 0 0
vn -1 0 0
vn 0 1 0
vn 0 -1 0
vn 0 0 1
vn 0 0 -1
vn 0.984807765232377 0.17364810836289477 0
vn -0.984807765232377 -0.1736481083628948 0
vn -0.17364956078872346 0.984807509129517 0
vn 0.17364956078872001 -0.9848075091295176 0
vn 0 0 1
vn 0 0 -1
vn 0.9848077438905127 0.1736482293986283 0
vn -0.9848077438905127 -0.1736482293986283 0
vn -0.1736512709148901 0.984807207584126 0
vn 0.17365127091488966 -0.9848072075841259 0
vn 0 0 1
vn 0 0 -1
vn 1 0 0
vn -1 0 0
vn 0 1 0
vn 0 -1 0
vn 0 0 1
vn 0 0 -1
vn 0.984807765232377 -0.1736481083628948 0
vn -0.984807765232377 0.17364810836289477 0
vn 0.17364956078872346 0.984807509129517 0
vn -0.17364956078872001 -0.9848075091295176 0
vn 0 0 1
vn 0 0 -1
vn 0 -1 0
vn 1 0 0
vn -1 0 0
vn 0 0 1
vn 0 0 -1
vn 0.9961951610016395 0.08715045150151406 0
vn -0.9961942927598859 -0.08716037558794085 0
vn 0 0 -1
vn 0.34202032341409605 -0.9396925552390619 0
vn 0.93969236027525 0.34202085907197183 0
vn -0.9396923602752495 -0.34202085907197344 0
vn 0 0 1
vn 0 0 -1
vn 0 -1 0
vn -1 0 0
vn 1 0 0
vn 0 0 1
vn 0 0 -1
vn -0.9961951610016395 0.08715045150151406 0
vn 0.9961942927598859 -0.08716037558794085 0
vn 0 0 -1
vn -0.34202032341409605 -0.9396925552390619 0
vn -0.93969236027525 0.34202085907197183 0
vn 0.9396923602752495 -0.34202085907197344 0
vn 0 0 1
vn 0 0 -1
vn 0 0 0
vn 0 0 0
vn 0 0 0
vn 0 0 0
vn 0 0 -1
vn 0 0 0
vn 0 0 0
vn 0 0 0
vn 0 0 0
vn 0 0 -1
vn -0.5000001748438417 0.8660253028382761 0
vn 0.5000001748438417 -0.8660253028382761 0
vn -0.866026552831469 -0.4999980097868821 0
vn 0.866026552831469 0.4999980097868821 0
vn 0 0 1
vn 0 0 -1
vn 0.5000001748438417 0.8660253028382761 0
vn -0.5000001748438417 -0.8660253028382761 0
vn -0.866026552831469 0.4999980097868821 0
vn 0.866026552831469 -0.4999980097868821 0
vn 0 0 1
vn 0 0 -1
vn 1 0 0
vn -1 0 0
vn 0 1 0
vn 0 -1 0
vn 0 0 1
vn 0 0 -1
vn 0.9691811668041387 -0.21315230516638803 0.1235069257751298
vn -0.9691812008217698 0.2131522956569936 -0.12350667524399743
vn -0.1344558438761416 -0.03758445455502598 0.9902065616947586
vn 0.13444457967609433 0.03758693189211472 -0.990207997113059
vn -0.2064302470093648 -0.9762941843718498 -0.06508624033816465
vn 0.20643031061897849 0.976294202152368 0.0650857718816005
vn 0.931110010267159 -0.21643934530006032 0.29357819841802424
vn -0.9311102232779621 0.21643934529920617 -0.2935775228346246
vn -0.30070795755619856 -7.564283467865775e-7 0.9537162703140843
vn 0.30070758763135014 -9.931245363364613e-7 -0.9537163869515654
vn -0.2064223699476087 -0.976295953251447 -0.06508468982841523
vn 0.2064219747779775 0.9762959532512268 0.06508594313704397
vn 0.7399432416153975 -0.25882029731505274 0.6208832844306933
vn -0.739943627055048 0.2588184195182627 -0.6208836078514947
vn -0.6427863970152042 6.63022389924215e-7 0.7660454606691255
vn 0.6427909362711335 -0.0000033837371474209975 -0.7660416517632902
vn -0.19826867567240086 -0.9659252573162068 -0.16636685224446635
vn 0.19826572271778597 0.9659262010550167 0.16636489206144855
vn 0.4403741892356665 -0.3007055510817385 0.8459590681608995
vn -0.44037387442835674 0.30070771334802626 -0.8459584634330218
vn -0.8870121141582052 0.000002105023293131625 0.461746152482249
vn 0.8870120298027884 -0.0000026844318106012003 -0.4617463145255537
vn -0.1388522056767976 -0.9537160705353644 -0.26673155377883606
vn 0.13884979179119852 0.953717718820424 0.2667269167660202
vn 0 -0.3420199408022855 0.939692694498367
vn 0 0.34202120226166105 -0.9396922353640517
vn -1 0 0
vn 1 0 0
vn 0 -0.9396935300443825 -0.34201764514821104
vn 0 0.9396923602752486 0.3420208590719765
vn 0.9691812074640662 0.21315229380018164 -0.12350662632513185
vn -0.9691811668041388 -0.21315230516638806 0.1235069257751298
vn 0.13445584387614162 -0.037584454555026 0.9902065616947586
vn -0.13444428767862698 0.03758555083949646 -0.9902080891805916
vn 0.20643030711851715 -0.9762942011739044 -0.06508579766095263
vn -0.20643024700936466 0.9762941843718498 0.06508624033816458
vn 0.9311099121772973 0.216439345300417 -0.29357850951851505
vn -0.9311101509617506 -0.2164393452995083 0.29357775219233906
vn 0.30070795755619856 -7.564283468024377e-7 0.9537162703140843
vn -0.3007078688839669 3.3702764370210484e-7 -0.9537162982727881
vn 0.20642204374769932 -0.9762959532513865 -0.06508572439475012
vn -0.20642199652446724 0.9762959532512828 0.06508587416653536
vn 0.7399418776113884 0.2588184195156003 -0.6208856927618642
vn -0.7399424434238066 -0.2588202973142871 0.6208842356817824
vn 0.6427863621035519 8.331069525648795e-7 0.7660454899632184
vn -0.6427911532450641 -0.0000023266812353810864 -0.7660414697028272
vn 0.19826888954880495 -0.9659252573162976 -0.16636659735514334
vn -0.1982661914770312 0.9659262010551226 0.1663643334143837
vn 0.44037856683581383 0.3007077133587692 -0.8459560207234033
vn -0.4403788816398956 -0.3007055510894163 0.845956625454051
vn 0.8870120298027827 0.0000026844318067947427 0.46174631452556436
vn -0.8870121141582109 -0.000002105023296938095 -0.46174615248223816
vn 0.13885382633784998 -0.9537160705334614 -0.2667307101133123
vn -0.13885141248138924 0.9537177188161845 0.2667260730936824
vn 0 0.34202120226166105 -0.9396922353640517
vn 0 -0.3420199408022855 0.939692694498367
vn 1 0 0
vn -1 0 0
vn 0 -0.9396935300443825 -0.34201764514821104
vn 0 0.9396923602752486 0.3420208590719765
vn 0 0 0
vn 0 0 0
vn 0 0 0
vn 0 0 0
vn 0 0 -1
vn 0 0 0
vn 0 0 0
vn 0 0 0
vn 0 0 0
vn 0 0 -1
vn -0.5000001748438416 -0.8660253028382761 0
vn 0.5000001748438417 0.8660253028382761 0
vn 0.8660265528314685 -0.49999800978688275 0
vn -0.8660265528314685 0.4999980097868832 0
vn 0 0 1
vn 0 0 -1
vn -0.5000001748438417 -0.8660253028382761 0
vn 0.5000001748438417 0.8660253028382761 0
vn 0.8660265528314685 -0.49999800978688275 0
vn -0.8660265528314685 0.49999800978688275 0
vn 0 0 1
vn 0 0 -1
vn 1 0 0
vn -1 0 0
vn 0 1 0
vn 0 -1 0
vn 0 0 1
vn 0 0 -1
vn 0.5000001748438417 -0.8660253028382761 0
vn -0.5000001748438416 0.8660253028382761 0
vn 0.8660265528314685 0.49999800978688275 0
vn -0.8660265528314685 -0.4999980097868832 0
vn 0 0 1
vn 0 0 -1
vn 0.5000001748438417 -0.8660253028382761 0
vn -0.5000001748438417 0.8660253028382761 0
vn 0.8660265528314685 0.49999800978688275 0
vn -0.8660265528314685 -0.49999800978688275 0
vn 0 0 1
vn 0 0 -1
vn -0.5000001748438416 -0.8660253028382761 0
vn 0.5000001748438417 0.8660253028382761 0
vn 0.8660265528314685 -0.49999800978688275 0
vn -0.8660265528314685 0.4999980097868832 0
vn 0 0 1
vn 0 0 -1
vn -1 0 0
vn 1 0 0
vn 0 -1 0
vn 0 1 0
vn 0 0 1
vn 0 0 -1
vn -0.5000001748438417 -0.8660253028382761 0
vn 0.5000001748438417 0.8660253028382761 0
vn 0.8660265528314685 -0.49999800978688275 0
vn -0.8660265528314685 0.49999800978688275 0
vn 0 0 1
vn 0 0 -1
vn 0 0 0
vn 0 0 0
vn 0 0 0
vn 0 0 0
vn 0 0 -1
vn 0 0 0
vn 0 0 0
vn 0 0 0
vn 0 0 0
vn 0 0 -1
vn 0 0 0
vn 0 0 0
vn 0 0 0
vn 0 0 0
vn 0 0 -1
vn 0 0 0
vn 0 0 0
vn 0 0 0
vn 0 0 0
vn 0 0 -1
vn -0.5000001748438417 0.8660253028382761 0
vn 0.5000001748438417 -0.8660253028382761 0
vn -0.8660265528314685 -0.49999800978688275 0
vn 0.8660265528314685 0.49999800978688275 0
vn 0 0 1
vn 0 0 -1
vn -1 0 0
vn 1 0 0
vn 0 -1 0
vn 0 1 0
vn 0 0 1
vn 0 0 -1
vn -0.5000001748438417 0.8660253028382761 0
vn 0.5000001748438416 -0.8660253028382761 0
vn -0.8660265528314685 -0.49999800978688275 0
vn 0.8660265528314685 0.4999980097868832 0
vn 0 0 1
vn 0 0 -1
vn 0.5000001748438417 0.8660253028382761 0
vn -0.5000001748438417 -0.8660253028382761 0
vn -0.8660253028382762 0.5000001748438415 0
vn 0.8660253028382762 -0.5000001748438415 0
vn 0 0 1
vn 0 0 -1
vn 0.5000001748438416 0.8660253028382761 0
vn -0.5000001748438417 -0.8660253028382761 0
vn -0.8660265528314685 0.49999800978688275 0
vn 0.8660265528314685 -0.4999980097868832 0
vn 0 0 1
vn 0 0 -1
vn 1 0 0
vn -1 0 0
vn 0 1 0
vn 0 -1 0
vn 0 0 1
vn 0 0 -1
vn -0.5000001748438417 0.8660253028382761 0
vn 0.5000001748438417 -0.8660253028382761 0
vn -0.8660265528314685 -0.49999800978688275 0
vn 0.8660265528314685 0.49999800978688275 0
vn 0 0 1
vn 0 0 -1
vn -0.5000001748438417 0.8660253028382761 0
vn 0.5000001748438416 -0.8660253028382761 0
vn -0.8660253028382762 -0.5000001748438415 0
vn 0.866025302838276 0.5000001748438418 0
vn 0 0 1
vn 0 0 -1
vn 0 0 0
vn 0 0 0
vn 0 0 0
vn 0 0 0
vn 0 0 -1
vn 0 0 0
vn 0 0 0
vn 0 0 0
vn 0 0 0
vn 0 0 -1
vn 0 0 0
vn 0 0 0
vn 0 0 0
vn 0 0 0
vn 0 0 0
vn 0 0 0
vn 0 0 0
vn 0 0 0
vn 0 0 1
vn 0 1 0
vn -0.342020323414096 0.9396925552390619 0
vn 0 1 0
vn 0 1 0
vn 0.342020323414096 0.9396925552390619 0
vn 0 0 1
vn 1 0 0
vn -1 0 0
vn 0 -0.4617486290377245 0.8870108249518616
vn 0 -0.4617486290377245 0.8870108249518616
vn 0.9848077187624069 0.17364837190709262 0
vn 0.9848077187624069 0.17364837190709262 0
vn 0.9848077652323769 0.17364810836289477 0
vn -0.9848077652323769 0.17364810836289477 0
vn -1 0 0
vn 1 0 0
vn -0.9848077187624069 0.17364837190709262 0
vn 0 -1 0
vn 0 0 0
vn 0 0 0
vn 0 -1 0
vn 0 -1 0
vn -0.7660455620811004 0.6427862761570529 0
vn -0.9848077187624069 0.17364837190709262 0
vn 0 0.9982033051024841 -0.05991795792980018
vn 0 0.9982033051024841 -0.05991795792980018
vn -0.08715557900014025 -0.9961947124177835 0
vn 0 0 1
vn 0.08715548252919073 0.9961947208578774 0
vn 0.08715557900014025 -0.9961947124177835 0
vn 0 0 1
vn -0.08715548252919073 0.9961947208578774 0
vn -0.7660434962102163 0.6427887381667702 0
vn -0.46174406375714244 0.8870132014716806 0
vn 0.7660434962102163 0.6427887381667702 0
vn 0.46174406375714244 0.8870132014716806 0
vn 0 -1 0
usemtl m_e0db7bc8-3143-46ee-7892-9d64a2bdd70a
f 3/1/1 4/2/1 5/3/1 6/4/1
f 7/5/2 8/6/2 9/7/2 10/8/2
f 11/9/3 12/10/3 13/11/3 14/12/3
f 15/13/4 16/14/4 17/15/4 18/16/4
f 19/17/5 20/18/5 21/19/5 22/20/5
f 22/21/6 21/22/6 23/23/6 24/24/6
f 25/25/7 26/26/7 27/27/7 28/28/7
f 28/29/8 27/30/8 29/31/8 30/32/8
f 31/33/9 32/34/9 33/35/9 34/36/9
f 34/37/10 33/38/10 35/39/10 2/40/10
f 36/41/11 37/42/11 38/43/11 39/44/11
f 39/45/12 38/46/12 40/47/12 41/48/12
f 42/49/13 43/50/13 44/51/13 45/52/13
f 46/53/14 47/54/14 48/55/14 49/56/14
f 49/57/15 48/58/15 50/59/15 51/60/15
f 52/61/16 53/62/16 54/63/16 55/64/16
f 55/65/17 54/66/17 56/67/17 57/68/17
f 58/69/18 59/70/18 60/71/18 61/72/18
f 62/73/19 63/74/19 64/75/19 65/76/19
f 66/77/20 67/78/20 68/79/20 69/80/20
f 70/81/21 71/82/21 72/83/21 73/84/21
f 74/85/22 75/86/22 76/87/22 77/88/22
f 77/89/23 76/90/23 78/91/23 79/92/23
f 80/93/24 81/94/24 82/95/24 83/96/24
f 84/97/25 85/98/25 86/99/25 87/100/25
f 88/101/26 89/102/26 90/103/26 91/104/26
f 91/105/27 90/106/27 92/107/27 93/108/27
f 94/109/28 95/110/28 96/111/28 97/112/28
f 97/113/29 96/114/29 98/115/29 99/116/29
f 100/117/30 101/118/30 102/119/30 103/120/30
f 103/121/31 102/122/31 104/123/31 105/124/31
f 106/125/32 100/126/32 103/127/32 105/128/32
f 107/129/33 108/130/33 109/131/33 110/132/33
f 111/133/34 107/134/34 110/135/34 112/136/34
f 113/137/35 114/138/35 115/139/35 116/140/35
f 117/141/36 118/142/36 119/143/36 120/144/36
f 121/145/37 122/146/37 123/147/37 124/148/37
f 125/149/38 126/150/38 127/151/38 128/152/38
f 129/153/39 130/154/39 131/155/39 132/156/39
f 133/157/40 134/158/40 135/159/40 136/160/40
f 137/161/41 138/162/41 139/163/41 140/164/41
f 141/165/42 142/166/42 143/167/42 144/168/42
f 145/169/43 146/170/43 147/171/43 148/172/43
f 149/173/44 150/174/44 151/175/44 152/176/44
f 153/177/45 154/178/45 155/179/45 156/180/45
f 157/181/46 158/182/46 159/183/46 160/184/46
f 161/185/47 162/186/47 163/187/47 164/188/47
f 165/189/48 166/190/48 167/191/48 168/192/48
f 169/193/49 170/194/49 171/195/49 172/196/49
f 173/197/50 174/198/50 175/199/50 176/200/50
f 177/201/51 178/202/51 179/203/51 180/204/51
f 181/205/52 182/206/52 183/207/52 184/208/52
f 185/209/53 186/210/53 187/211/53 188/212/53
f 189/213/54 190/214/54 191/215/54 192/216/54
f 193/217/55 194/218/55 189/219/55 192/220/55
f 195/221/56 196/222/56 197/223/56
f 198/224/57 199/225/57 189/226/57
f 200/227/58 201/228/58 202/229/58
f 203/230/59 204/231/59 205/232/59
f 206/233/60 207/234/60 208/235/60
f 209/236/61 210/237/61 211/238/61
f 212/239/62 213/240/62 214/241/62
f 215/242/63 216/243/63 217/244/63
f 218/245/64 219/246/64 220/247/64 221/248/64
f 222/249/65 223/250/65 224/251/65 225/252/65
f 226/253/66 227/254/66 228/255/66 229/256/66
f 229/257/67 228/258/67 230/259/67 231/260/67
f 232/261/68 226/262/68 229/263/68 231/264/68
f 233/265/69 234/266/69 235/267/69 236/268/69
f 221/269/70 237/270/70 238/271/70 76/272/70
f 239/273/71 240/274/71 241/275/71 242/276/71
f 243/277/72 244/278/72 245/279/72 246/280/72
f 247/281/73 248/282/73 249/283/73 250/284/73
f 251/285/74 252/286/74 253/287/74 254/288/74
f 255/289/75 256/290/75 257/291/75 258/292/75
f 259/293/76 255/294/76 258/295/76 260/296/76
f 261/297/77 262/298/77 263/299/77 264/300/77
f 265/301/78 261/302/78 264/303/78 266/304/78
f 267/305/79 268/306/79 269/307/79 270/308/79
f 271/309/80 267/310/80 270/311/80 272/312/80
f 273/313/81 274/314/81 275/315/81 276/316/81
f 277/317/82 273/318/82 276/319/82 278/320/82
f 279/321/83 280/322/83 281/323/83 282/324/83
f 283/325/84 284/326/84 285/327/84 286/328/84
f 287/329/85 283/330/85 286/331/85 288/332/85
f 289/333/86 290/334/86 291/335/86 292/336/86
f 293/337/87 289/338/87 292/339/87 294/340/87
f 295/341/88 296/342/88 297/343/88 298/344/88
f 299/345/89 300/346/89 301/347/89 302/348/89
f 303/349/90 304/350/90 305/351/90 306/352/90
f 307/353/91 308/354/91 309/355/91 310/356/91
f 311/357/92 312/358/92 313/359/92 314/360/92
f 315/361/93 311/362/93 314/363/93 316/364/93
f 317/365/94 318/366/94 319/367/94 320/368/94
f 321/369/95 322/370/95 323/371/95 324/372/95
f 325/373/96 326/374/96 327/375/96 328/376/96
f 329/377/97 325/378/97 328/379/97 330/380/97
f 331/381/98 332/382/98 333/383/98 334/384/98
f 335/385/99 331/386/99 334/387/99 336/388/99
f 337/389/100 338/390/100 339/391/100 340/392/100
f 341/393/101 337/394/101 340/395/101 342/396/101
f 340/397/102 339/398/102 343/399/102 342/400/102
f 344/401/103 345/402/103 346/403/103 347/404/103
f 347/405/104 346/406/104 348/407/104 349/408/104
f 350/409/105 351/410/105 352/411/105 353/412/105
f 354/413/106 355/414/106 356/415/106 357/416/106
f 358/417/107 359/418/107 360/419/107 361/420/107
f 362/421/108 363/422/108 364/423/108 365/424/108
f 366/425/109 367/426/109 368/427/109 369/428/109
f 370/429/110 371/430/110 372/431/110 373/432/110
f 374/433/111 375/434/111 376/435/111 377/436/111
f 378/437/112 379/438/112 380/439/112 381/440/112
f 382/441/113 383/442/113 384/443/113 385/444/113
f 386/445/114 387/446/114 388/447/114 389/448/114
f 390/449/115 391/450/115 392/451/115 393/452/115
f 394/453/116 395/454/116 396/455/116 397/456/116
f 398/457/117 399/458/117 400/459/117 401/460/117
f 402/461/118 403/462/118 404/463/118 405/464/118
f 406/465/119 407/466/119 408/467/119 409/468/119
f 410/469/120 411/470/120 412/471/120 413/472/120
f 414/473/121 415/474/121 416/475/121 417/476/121
f 418/477/122 419/478/122 420/479/122 421/480/122
f 422/481/123 423/482/123 424/483/123 425/484/123
f 426/485/124 427/486/124 428/487/124 429/488/124
f 428/489/125 430/490/125 431/491/125 429/492/125
f 432/493/126 433/494/126 434/495/126
f 435/496/127 436/497/127 428/498/127
f 437/499/128 438/500/128 439/501/128
f 440/502/129 441/503/129 442/504/129
f 443/505/130 444/506/130 445/507/130
f 446/508/131 447/509/131 448/510/131
f 449/511/132 450/512/132 451/513/132
f 452/514/133 453/515/133 454/516/133
f 455/517/134 456/518/134 457/519/134 458/520/134
f 459/521/135 460/522/135 461/523/135 462/524/135
f 463/525/136 464/526/136 465/527/136 466/528/136
f 467/529/137 463/530/137 466/531/137 468/532/137
f 465/533/138 469/534/138 466/535/138 468/536/138
f 470/537/139 471/538/139 1/539/139
f 472/540/140 473/541/140 474/542/140 475/543/140
f 476/544/141 477/545/141 458/546/141 311/547/141
f 478/548/142 479/549/142 480/550/142
f 481/551/143 482/552/143 483/553/143 484/554/143
f 485/555/144 486/556/144 487/557/144 488/558/144
f 489/559/145 490/560/145 491/561/145
f 492/562/146 493/563/146 494/564/146 495/565/146
f 496/566/147 497/567/147 498/568/147 499/569/147
f 500/570/148 501/571/148 502/572/148 503/573/148
f 504/574/149 505/575/149 506/576/149
f 507/577/150 508/578/150 509/579/150 510/580/150
f 511/581/151 512/582/151 513/583/151
f 514/584/152 515/585/152 516/586/152 517/587/152
f 518/588/153 519/589/153 520/590/153
f 521/591/154 522/592/154 523/593/154 524/594/154
f 525/595/155 526/596/155 527/597/155 528/598/155
f 529/599/156 530/600/156 531/601/156 532/602/156
f 533/603/157 534/604/157 535/605/157
f 536/606/158 537/607/158 538/608/158 539/609/158
f 540/610/159 541/611/159 542/612/159
f 543/613/160 544/614/160 545/615/160 546/616/160
f 547/617/161 548/618/161 549/619/161 550/620/161
f 545/621/162 544/622/162 549/623/162 548/624/162
f 543/625/163 546/626/163 547/627/163 550/628/163
f 546/629/164 545/630/164 548/631/164 547/632/164
f 550/633/165 549/634/165 544/635/165 543/636/165
f 551/637/166 552/638/166 553/639/166 554/640/166
f 555/641/167 556/642/167 557/643/167 558/644/167
f 553/645/168 552/646/168 557/647/168 556/648/168
f 551/649/169 554/650/169 555/651/169 558/652/169
f 554/653/170 553/654/170 556/655/170 555/656/170
f 558/657/171 557/658/171 552/659/171 551/660/171
f 559/661/172 560/662/172 561/663/172 562/664/172
f 563/665/173 564/666/173 565/667/173 566/668/173
f 561/669/174 560/670/174 565/671/174 564/672/174
f 559/673/175 562/674/175 563/675/175 566/676/175
f 562/677/176 561/678/176 564/679/176 563/680/176
f 566/681/177 565/682/177 560/683/177 559/684/177
f 567/685/178 568/686/178 569/687/178 570/688/178
f 571/689/179 572/690/179 573/691/179 574/692/179
f 569/693/180 568/694/180 573/695/180 572/696/180
f 567/697/181 570/698/181 571/699/181 574/700/181
f 570/701/182 569/702/182 572/703/182 571/704/182
f 574/705/183 573/706/183 568/707/183 567/708/183
f 575/709/184 576/710/184 577/711/184 578/712/184
f 579/713/185 580/714/185 581/715/185 582/716/185
f 577/717/186 576/718/186 581/719/186 580/720/186
f 575/721/187 578/722/187 579/723/187 582/724/187
f 578/725/188 577/726/188 580/727/188 579/728/188
f 583/729/189 584/730/189 585/731/189 586/732/189
f 587/733/190 588/734/190 589/735/190 590/736/190
f 585/737/191 584/738/191 589/739/191 588/740/191
f 583/741/192 586/742/192 587/743/192 590/744/192
f 586/745/193 585/746/193 588/747/193 587/748/193
f 591/749/194 592/750/194 593/751/194 594/752/194
f 595/753/195 596/754/195 597/755/195 598/756/195
f 593/757/196 592/758/196 597/759/196 596/760/196
f 591/761/197 594/762/197 595/763/197 598/764/197
f 594/765/198 593/766/198 596/767/198 595/768/198
f 599/769/199 600/770/199 601/771/199 602/772/199
f 603/773/200 604/774/200 605/775/200 606/776/200
f 601/777/201 600/778/201 605/779/201 604/780/201
f 599/781/202 602/782/202 603/783/202 606/784/202
f 602/785/203 601/786/203 604/787/203 603/788/203
f 606/789/204 605/790/204 600/791/204 599/792/204
f 607/793/205 608/794/205 609/795/205 610/796/205
f 611/797/206 612/798/206 613/799/206 614/800/206
f 609/801/207 608/802/207 613/803/207 612/804/207
f 607/805/208 610/806/208 611/807/208 614/808/208
f 610/809/209 609/810/209 612/811/209 611/812/209
f 614/813/210 613/814/210 608/815/210 607/816/210
f 615/817/211 616/818/211 617/819/211 618/820/211
f 619/821/212 620/822/212 621/823/212 622/824/212
f 617/825/213 616/826/213 621/827/213 620/828/213
f 615/829/214 618/830/214 619/831/214 622/832/214
f 618/833/215 617/834/215 620/835/215 619/836/215
f 622/837/216 621/838/216 616/839/216 615/840/216
f 623/841/217 624/842/217 625/843/217 626/844/217
f 627/845/218 628/846/218 629/847/218 630/848/218
f 625/849/219 624/850/219 629/851/219 628/852/219
f 623/853/220 626/854/220 627/855/220 630/856/220
f 626/857/221 625/858/221 628/859/221 627/860/221
f 630/861/222 629/862/222 624/863/222 623/864/222
f 631/865/223 632/866/223 633/867/223 634/868/223
f 635/869/224 636/870/224 637/871/224 638/872/224
f 633/873/225 632/874/225 637/875/225 636/876/225
f 631/877/226 634/878/226 635/879/226 638/880/226
f 634/881/227 633/882/227 636/883/227 635/884/227
f 638/885/228 637/886/228 632/887/228 631/888/228
f 639/889/229 640/890/229 641/891/229 642/892/229
f 643/893/230 644/894/230 645/895/230 646/896/230
f 641/897/231 640/898/231 645/899/231 644/900/231
f 639/901/232 642/902/232 643/903/232 646/904/232
f 642/905/233 641/906/233 644/907/233 643/908/233
f 646/909/234 645/910/234 640/911/234 639/912/234
f 647/913/235 648/914/235 649/915/235 650/916/235
f 651/917/236 652/918/236 653/919/236 654/920/236
f 649/921/237 648/922/237 653/923/237 652/924/237
f 647/925/238 650/926/238 651/927/238 654/928/238
f 650/929/239 649/930/239 652/931/239 651/932/239
f 654/933/240 653/934/240 648/935/240 647/936/240
f 655/937/241 656/938/241 657/939/241 658/940/241
f 659/941/242 655/942/242 660/943/242 656/944/242
f 661/945/243 657/946/243 662/947/243 658/948/243
f 660/949/244 656/950/244 661/951/244 657/952/244
f 655/953/245 659/954/245 658/955/245 662/956/245
f 663/957/246 664/958/246 665/959/246 666/960/246
f 667/961/247 663/962/247 668/963/247 664/964/247
f 669/965/248 665/966/248 670/967/248 666/968/248
f 668/969/249 664/970/249 669/971/249 665/972/249
f 663/973/250 667/974/250 666/975/250 670/976/250
f 671/977/251 672/978/251 673/979/251 674/980/251
f 675/981/252 671/982/252 676/983/252 672/984/252
f 677/985/253 673/986/253 678/987/253 674/988/253
f 676/989/254 672/990/254 677/991/254 673/992/254
f 671/993/255 675/994/255 674/995/255 678/996/255
f 679/997/256 680/998/256 681/999/256 682/1000/256
f 683/1001/257 684/1002/257 685/1003/257 686/1004/257
f 681/1005/258 680/1006/258 685/1007/258 684/1008/258
f 679/1009/259 682/1010/259 683/1011/259 686/1012/259
f 682/1013/260 681/1014/260 684/1015/260 683/1016/260
f 686/1017/261 685/1018/261 680/1019/261 679/1020/261
f 687/1021/262 688/1022/262 689/1023/262 690/1024/262
f 691/1025/263 692/1026/263 693/1027/263 694/1028/263
f 689/1029/264 688/1030/264 693/1031/264 692/1032/264
f 687/1033/265 690/1034/265 691/1035/265 694/1036/265
f 690/1037/266 689/1038/266 692/1039/266 691/1040/266
f 694/1041/267 693/1042/267 688/1043/267 687/1044/267
f 695/1045/268 696/1046/268 697/1047/268 698/1048/268
f 699/1049/269 700/1050/269 701/1051/269 702/1052/269
f 697/1053/270 696/1054/270 701/1055/270 700/1056/270
f 695/1057/271 698/1058/271 699/1059/271 702/1060/271
f 698/1061/272 697/1062/272 700/1063/272 699/1064/272
f 702/1065/273 701/1066/273 696/1067/273 695/1068/273
f 703/1069/274 704/1070/274 705/1071/274 706/1072/274
f 707/1073/275 708/1074/275 709/1075/275 710/1076/275
f 705/1077/276 704/1078/276 709/1079/276 708/1080/276
f 703/1081/277 706/1082/277 707/1083/277 710/1084/277
f 706/1085/278 705/1086/278 708/1087/278 707/1088/278
f 710/1089/279 709/1090/279 704/1091/279 703/1092/279
f 711/1093/280 712/1094/280 713/1095/280 714/1096/280
f 715/1097/281 716/1098/281 717/1099/281 718/1100/281
f 713/1101/282 712/1102/282 717/1103/282 716/1104/282
f 711/1105/283 714/1106/283 715/1107/283 718/1108/283
f 714/1109/284 713/1110/284 716/1111/284 715/1112/284
f 718/1113/285 717/1114/285 712/1115/285 711/1116/285
f 719/1117/286 720/1118/286 721/1119/286 722/1120/286
f 723/1121/287 724/1122/287 725/1123/287 726/1124/287
f 721/1125/288 720/1126/288 725/1127/288 724/1128/288
f 719/1129/289 722/1130/289 723/1131/289 726/1132/289
f 722/1133/290 721/1134/290 724/1135/290 723/1136/290
f 726/1137/291 725/1138/291 720/1139/291 719/1140/291
f 727/1141/292 728/1142/292 729/1143/292 730/1144/292
f 731/1145/293 732/1146/293 733/1147/293 734/1148/293
f 729/1149/294 728/1150/294 733/1151/294 732/1152/294
f 727/1153/295 730/1154/295 731/1155/295 734/1156/295
f 730/1157/296 729/1158/296 732/1159/296 731/1160/296
f 734/1161/297 733/1162/297 728/1163/297 727/1164/297
f 735/1165/298 736/1166/298 737/1167/298 738/1168/298
f 739/1169/299 740/1170/299 741/1171/299 742/1172/299
f 737/1173/300 736/1174/300 741/1175/300 740/1176/300
f 735/1177/301 738/1178/301 739/1179/301 742/1180/301
f 738/1181/302 737/1182/302 740/1183/302 739/1184/302
f 742/1185/303 741/1186/303 736/1187/303 735/1188/303
f 743/1189/304 744/1190/304 745/1191/304 746/1192/304
f 747/1193/305 748/1194/305 749/1195/305 750/1196/305
f 745/1197/306 744/1198/306 749/1199/306 748/1200/306
f 743/1201/307 746/1202/307 747/1203/307 750/1204/307
f 746/1205/308 745/1206/308 748/1207/308 747/1208/308
f 750/1209/309 749/1210/309 744/1211/309 743/1212/309
f 751/1213/310 752/1214/310 753/1215/310 754/1216/310
f 755/1217/311 756/1218/311 757/1219/311 758/1220/311
f 753/1221/312 752/1222/312 757/1223/312 756/1224/312
f 751/1225/313 754/1226/313 755/1227/313 758/1228/313
f 754/1229/314 753/1230/314 756/1231/314 755/1232/314
f 759/1233/315 760/1234/315 761/1235/315 762/1236/315
f 763/1237/316 764/1238/316 765/1239/316 766/1240/316
f 761/1241/317 760/1242/317 765/1243/317 764/1244/317
f 759/1245/318 762/1246/318 763/1247/318 766/1248/318
f 762/1249/319 761/1250/319 764/1251/319 763/1252/319
f 767/1253/320 768/1254/320 769/1255/320 770/1256/320
f 771/1257/321 772/1258/321 773/1259/321 774/1260/321
f 769/1261/322 768/1262/322 773/1263/322 772/1264/322
f 767/1265/323 770/1266/323 771/1267/323 774/1268/323
f 770/1269/324 769/1270/324 772/1271/324 771/1272/324
f 774/1273/325 773/1274/325 768/1275/325 767/1276/325
f 775/1277/326 776/1278/326 777/1279/326 778/1280/326
f 779/1281/327 780/1282/327 781/1283/327 782/1284/327
f 777/1285/328 776/1286/328 781/1287/328 780/1288/328
f 775/1289/329 778/1290/329 779/1291/329 782/1292/329
f 778/1293/330 777/1294/330 780/1295/330 779/1296/330
f 782/1297/331 781/1298/331 776/1299/331 775/1300/331
f 783/1301/332 784/1302/332 785/1303/332 786/1304/332
f 787/1305/333 788/1306/333 789/1307/333 790/1308/333
f 785/1309/334 784/1310/334 789/1311/334 788/1312/334
f 783/1313/335 786/1314/335 787/1315/335 790/1316/335
f 786/1317/336 785/1318/336 788/1319/336 787/1320/336
f 791/1321/337 792/1322/337 793/1323/337 794/1324/337
f 795/1325/338 791/1326/338 796/1327/338 792/1328/338
f 797/1329/339 793/1330/339 798/1331/339 794/1332/339
f 796/1333/340 792/1334/340 797/1335/340 793/1336/340
f 791/1337/341 795/1338/341 794/1339/341 798/1340/341
f 799/1341/342 800/1342/342 801/1343/342 802/1344/342
f 803/1345/343 799/1346/343 804/1347/343 800/1348/343
f 805/1349/344 801/1350/344 806/1351/344 802/1352/344
f 804/1353/345 800/1354/345 805/1355/345 801/1356/345
f 799/1357/346 803/1358/346 802/1359/346 806/1360/346
f 807/1361/347 808/1362/347 809/1363/347 810/1364/347
f 811/1365/348 812/1366/348 813/1367/348 814/1368/348
f 809/1369/349 810/1370/349 811/1371/349 812/1372/349
f 808/1373/350 807/1374/350 814/1375/350 813/1376/350
f 815/1377/351 816/1378/351 817/1379/351
f 818/1380/352 819/1381/352 820/1382/352
f 816/1383/353 815/1384/353 820/1385/353 819/1386/353
f 821/1387/354 822/1388/354 823/1389/354 824/1390/354
f 825/1391/355 823/1392/355 826/1393/355 822/1394/355
f 827/1395/356 821/1396/356 828/1397/356 824/1398/356
f 826/1399/357 822/1400/357 827/1401/357 821/1402/357
f 823/1403/358 825/1404/358 824/1405/358 828/1406/358
f 829/1407/359 830/1408/359 831/1409/359 832/1410/359
f 833/1411/360 831/1412/360 834/1413/360 830/1414/360
f 835/1415/361 829/1416/361 836/1417/361 832/1418/361
f 834/1419/362 830/1420/362 835/1421/362 829/1422/362
f 831/1423/363 833/1424/363 832/1425/363 836/1426/363
f 837/1427/364 838/1428/364 839/1429/364 840/1430/364
f 841/1431/365 842/1432/365 843/1433/365 844/1434/365
f 839/1435/366 840/1436/366 841/1437/366 842/1438/366
f 838/1439/367 837/1440/367 844/1441/367 843/1442/367
f 845/1443/368 846/1444/368 847/1445/368
f 848/1446/369 849/1447/369 850/1448/369
f 846/1449/370 845/1450/370 850/1451/370 849/1452/370
f 851/1453/371 852/1454/371 853/1455/371 854/1456/371
f 855/1457/372 856/1458/372 857/1459/372 858/1460/372
f 853/1461/373 854/1462/373 855/1463/373 856/1464/373
f 852/1465/374 851/1466/374 858/1467/374 857/1468/374
f 859/1469/375 860/1470/375 861/1471/375 862/1472/375
f 863/1473/376 861/1474/376 864/1475/376 860/1476/376
f 865/1477/377 859/1478/377 866/1479/377 862/1480/377
f 864/1481/378 860/1482/378 865/1483/378 859/1484/378
f 861/1485/379 863/1486/379 862/1487/379 866/1488/379
f 867/1489/380 868/1490/380 869/1491/380 870/1492/380
f 871/1493/381 869/1494/381 872/1495/381 868/1496/381
f 873/1497/382 867/1498/382 874/1499/382 870/1500/382
f 872/1501/383 868/1502/383 873/1503/383 867/1504/383
f 869/1505/384 871/1506/384 870/1507/384 874/1508/384
f 875/1509/385 876/1510/385 877/1511/385 878/1512/385
f 879/1513/386 877/1514/386 880/1515/386 876/1516/386
f 881/1517/387 875/1518/387 882/1519/387 878/1520/387
f 880/1521/388 876/1522/388 881/1523/388 875/1524/388
f 877/1525/389 879/1526/389 878/1527/389 882/1528/389
f 883/1529/390 884/1530/390 885/1531/390 886/1532/390
f 887/1533/391 883/1534/391 888/1535/391 884/1536/391
f 889/1537/392 885/1538/392 890/1539/392 886/1540/392
f 888/1541/393 884/1542/393 889/1543/393 885/1544/393
f 883/1545/394 887/1546/394 886/1547/394 890/1548/394
f 891/1549/395 892/1550/395 893/1551/395 894/1552/395
f 895/1553/396 896/1554/396 897/1555/396 898/1556/396
f 892/1557/397 895/1558/397 894/1559/397 897/1560/397
f 896/1561/398 891/1562/398 898/1563/398 893/1564/398
f 899/1565/399 900/1566/399 901/1567/399 902/1568/399
f 903/1569/400 904/1570/400 905/1571/400 906/1572/400
f 905/1573/401 902/1574/401 901/1575/401 906/1576/401
f 900/1577/402 903/1578/402 902/1579/402 905/1580/402
f 904/1581/403 899/1582/403 906/1583/403 901/1584/403
f 907/1585/404 908/1586/404 909/1587/404 910/1588/404
f 911/1589/405 912/1590/405 913/1591/405 914/1592/405
f 908/1593/406 911/1594/406 910/1595/406 913/1596/406
f 912/1597/407 907/1598/407 914/1599/407 909/1600/407
f 915/1601/408 916/1602/408 917/1603/408 918/1604/408
f 919/1605/409 920/1606/409 921/1607/409 922/1608/409
f 916/1609/410 919/1610/410 918/1611/410 921/1612/410
f 920/1613/411 915/1614/411 922/1615/411 917/1616/411
f 923/1617/412 924/1618/412 925/1619/412 926/1620/412
f 927/1621/413 928/1622/413 929/1623/413 930/1624/413
f 929/1625/414 926/1626/414 925/1627/414 930/1628/414
f 924/1629/415 927/1630/415 926/1631/415 929/1632/415
f 928/1633/416 923/1634/416 930/1635/416 925/1636/416
f 931/1637/417 932/1638/417 933/1639/417 934/1640/417
f 935/1641/418 936/1642/418 937/1643/418 938/1644/418
f 937/1645/419 934/1646/419 933/1647/419 938/1648/419
f 932/1649/420 935/1650/420 934/1651/420 937/1652/420
f 936/1653/421 931/1654/421 938/1655/421 933/1656/421
f 939/1657/422 940/1658/422 941/1659/422 942/1660/422
f 943/1661/423 944/1662/423 945/1663/423 946/1664/423
f 945/1665/424 942/1666/424 941/1667/424 946/1668/424
f 940/1669/425 943/1670/425 942/1671/425 945/1672/425
f 944/1673/426 939/1674/426 946/1675/426 941/1676/426
f 947/1677/427 948/1678/427 949/1679/427
f 950/1680/428 951/1681/428 952/1682/428
f 953/1683/429 951/1684/429 947/1685/429 948/1686/429
f 954/1687/430 955/1688/430 956/1689/430 957/1690/430
f 958/1691/431 959/1692/431 960/1693/431 961/1694/431
f 960/1695/432 957/1696/432 956/1697/432 961/1698/432
f 955/1699/433 958/1700/433 957/1701/433 960/1702/433
f 959/1703/434 954/1704/434 961/1705/434 956/1706/434
f 962/1707/435 963/1708/435 964/1709/435 965/1710/435
f 966/1711/436 967/1712/436 968/1713/436 969/1714/436
f 963/1715/437 966/1716/437 965/1717/437 968/1718/437
f 967/1719/438 962/1720/438 969/1721/438 964/1722/438
f 970/1723/439 971/1724/439 972/1725/439 973/1726/439
f 974/1727/440 975/1728/440 976/1729/440 977/1730/440
f 972/1731/441 971/1732/441 976/1733/441 975/1734/441
f 970/1735/442 973/1736/442 974/1737/442 977/1738/442
f 973/1739/443 972/1740/443 975/1741/443 974/1742/443
f 977/1743/444 976/1744/444 971/1745/444 970/1746/444
f 978/1747/445 979/1748/445 980/1749/445 981/1750/445
f 982/1751/446 983/1752/446 984/1753/446 985/1754/446
f 980/1755/447 979/1756/447 984/1757/447 983/1758/447
f 978/1759/448 981/1760/448 982/1761/448 985/1762/448
f 981/1763/449 980/1764/449 983/1765/449 982/1766/449
f 985/1767/450 984/1768/450 979/1769/450 978/1770/450
f 986/1771/451 987/1772/451 988/1773/451 989/1774/451
f 990/1775/452 991/1776/452 992/1777/452 993/1778/452
f 988/1779/453 987/1780/453 992/1781/453 991/1782/453
f 986/1783/454 989/1784/454 990/1785/454 993/1786/454
f 989/1787/455 988/1788/455 991/1789/455 990/1790/455
f 993/1791/456 992/1792/456 987/1793/456 986/1794/456
f 994/1795/457 995/1796/457 996/1797/457 997/1798/457
f 998/1799/458 999/1800/458 1000/1801/458 1001/1802/458
f 996/1803/459 995/1804/459 1000/1805/459 999/1806/459
f 994/1807/460 997/1808/460 998/1809/460 1001/1810/460
f 997/1811/461 996/1812/461 999/1813/461 998/1814/461
f 1001/1815/462 1000/1816/462 995/1817/462 994/1818/462
f 1002/1819/463 1003/1820/463 1004/1821/463 1005/1822/463
f 1006/1823/464 1007/1824/464 1008/1825/464 1009/1826/464
f 1003/1827/465 1002/1828/465 1007/1829/465 1006/1830/465
f 1004/1831/466 1005/1832/466 1008/1833/466 1009/1834/466
f 1010/1835/467 1011/1836/467 1012/1837/467 1013/1838/467
f 1014/1839/468 1015/1840/468 1016/1841/468 1017/1842/468
f 1011/1843/469 1010/1844/469 1015/1845/469 1014/1846/469
f 1012/1847/470 1013/1848/470 1016/1849/470 1017/1850/470
f 1018/1851/471 1019/1852/471 1020/1853/471 1021/1854/471
f 1022/1855/472 1023/1856/472 1024/1857/472 1025/1858/472
f 1019/1859/473 1018/1860/473 1023/1861/473 1022/1862/473
f 1020/1863/474 1021/1864/474 1024/1865/474 1025/1866/474
f 1018/1867/475 1023/1868/475 1025/1869/475 1020/1870/475
f 1026/1871/476 1027/1872/476 1028/1873/476 1029/1874/476
f 1030/1875/477 1031/1876/477 1032/1877/477 1033/1878/477
f 1026/1879/478 1031/1880/478 1027/1881/478 1030/1882/478
f 1029/1883/479 1032/1884/479 1028/1885/479 1033/1886/479
f 1026/1887/480 1031/1888/480 1033/1889/480 1028/1890/480
f 1034/1891/481 1035/1892/481 1036/1893/481 1037/1894/481
f 1038/1895/482 1039/1896/482 1040/1897/482 1041/1898/482
f 1034/1899/483 1039/1900/483 1035/1901/483 1038/1902/483
f 1037/1903/484 1040/1904/484 1036/1905/484 1041/1906/484
f 1034/1907/485 1039/1908/485 1041/1909/485 1036/1910/485
f 1042/1911/486 1043/1912/486 1044/1913/486 1045/1914/486
f 1046/1915/487 1047/1916/487 1048/1917/487 1049/1918/487
f 1042/1919/488 1047/1920/488 1043/1921/488 1046/1922/488
f 1045/1923/489 1048/1924/489 1044/1925/489 1049/1926/489
f 1042/1927/490 1047/1928/490 1049/1929/490 1044/1930/490
f 1050/1931/491 1051/1932/491 1052/1933/491 1053/1934/491
f 1054/1935/492 1055/1936/492 1056/1937/492 1057/1938/492
f 1050/1939/493 1055/1940/493 1051/1941/493 1054/1942/493
f 1053/1943/494 1056/1944/494 1052/1945/494 1057/1946/494
f 1050/1947/495 1055/1948/495 1057/1949/495 1052/1950/495
f 1058/1951/496 1059/1952/496 1060/1953/496 1061/1954/496
f 1062/1955/497 1063/1956/497 1064/1957/497 1065/1958/497
f 1059/1959/498 1058/1960/498 1063/1961/498 1062/1962/498
f 1060/1963/499 1061/1964/499 1064/1965/499 1065/1966/499
f 1058/1967/500 1063/1968/500 1065/1969/500 1060/1970/500
f 1066/1971/501 1067/1972/501 1068/1973/501 1069/1974/501
f 1070/1975/502 1071/1976/502 1072/1977/502 1073/1978/502
f 1066/1979/503 1071/1980/503 1067/1981/503 1070/1982/503
f 1069/1983/504 1072/1984/504 1068/1985/504 1073/1986/504
f 1066/1987/505 1071/1988/505 1073/1989/505 1068/1990/505
f 1074/1991/506 1075/1992/506 1076/1993/506 1077/1994/506
f 1078/1995/507 1079/1996/507 1080/1997/507 1081/1998/507
f 1074/1999/508 1079/2000/508 1075/2001/508 1078/2002/508
f 1077/2003/509 1080/2004/509 1076/2005/509 1081/2006/509
f 1082/2007/510 1083/2008/510 1084/2009/510 1085/2010/510
f 1086/2011/511 1087/2012/511 1088/2013/511 1089/2014/511
f 1082/2015/512 1087/2016/512 1083/2017/512 1086/2018/512
f 1085/2019/513 1088/2020/513 1084/2021/513 1089/2022/513
f 1082/2023/514 1087/2024/514 1089/2025/514 1084/2026/514
f 1090/2027/515 1091/2028/515 1092/2029/515 1093/2030/515
f 1094/2031/516 1095/2032/516 1096/2033/516 1097/2034/516
f 1090/2035/517 1095/2036/517 1091/2037/517 1094/2038/517
f 1093/2039/518 1096/2040/518 1092/2041/518 1097/2042/518
f 1098/2043/519 1099/2044/519 1100/2045/519 1101/2046/519
f 1102/2047/520 1103/2048/520 1104/2049/520 1105/2050/520
f 1098/2051/521 1103/2052/521 1099/2053/521 1102/2054/521
f 1101/2055/522 1104/2056/522 1100/2057/522 1105/2058/522
f 1106/2059/523 1107/2060/523 1108/2061/523 1109/2062/523
f 1110/2063/524 1111/2064/524 1112/2065/524 1113/2066/524
f 1106/2067/525 1111/2068/525 1107/2069/525 1110/2070/525
f 1109/2071/526 1112/2072/526 1108/2073/526 1113/2074/526
f 1106/2075/527 1111/2076/527 1113/2077/527 1108/2078/527
f 1114/2079/528 1115/2080/528 1116/2081/528 1117/2082/528
f 1118/2083/529 1119/2084/529 1120/2085/529 1121/2086/529
f 1114/2087/530 1119/2088/530 1115/2089/530 1118/2090/530
f 1117/2091/531 1120/2092/531 1116/2093/531 1121/2094/531
f 1114/2095/532 1119/2096/532 1121/2097/532 1116/2098/532
f 1122/2099/533 1123/2100/533 1124/2101/533 1125/2102/533
f 1126/2103/534 1127/2104/534 1128/2105/534 1129/2106/534
f 1122/2107/535 1127/2108/535 1123/2109/535 1126/2110/535
f 1125/2111/536 1128/2112/536 1124/2113/536 1129/2114/536
f 1130/2115/537 1131/2116/537 1132/2117/537 1133/2118/537
f 1134/2119/538 1135/2120/538 1136/2121/538 1137/2122/538
f 1130/2123/539 1135/2124/539 1131/2125/539 1134/2126/539
f 1133/2127/540 1136/2128/540 1132/2129/540 1137/2130/540
f 1130/2131/541 1135/2132/541 1137/2133/541 1132/2134/541
f 1138/2135/542 1139/2136/542 1140/2137/542 1141/2138/542
f 1142/2139/543 1143/2140/543 1144/2141/543 1145/2142/543
f 1138/2143/544 1143/2144/544 1139/2145/544 1142/2146/544
f 1141/2147/545 1144/2148/545 1140/2149/545 1145/2150/545
f 1138/2151/546 1143/2152/546 1145/2153/546 1140/2154/546
f 1146/2155/547 1147/2156/547 1148/2157/547 1149/2158/547
f 1150/2159/548 1151/2160/548 1152/2161/548 1153/2162/548
f 1148/2163/549 1147/2164/549 1152/2165/549 1151/2166/549
f 1146/2167/550 1149/2168/550 1150/2169/550 1153/2170/550
f 1149/2171/551 1148/2172/551 1151/2173/551 1150/2174/551
f 1153/2175/552 1152/2176/552 1147/2177/552 1146/2178/552
f 1147/2179/553 1154/2180/553 1155/2181/553 1156/2182/553
f 1157/2183/554 1158/2184/554 1159/2185/554 1160/2186/554
f 1155/2187/555 1154/2188/555 1159/2189/555 1158/2190/555
f 1147/2191/556 1156/2192/556 1157/2193/556 1160/2194/556
f 1156/2195/557 1155/2196/557 1158/2197/557 1157/2198/557
f 1160/2199/558 1159/2200/558 1154/2201/558 1147/2202/558
f 1154/2203/559 1161/2204/559 1162/2205/559 1163/2206/559
f 1164/2207/560 1165/2208/560 1166/2209/560 1167/2210/560
f 1162/2211/561 1161/2212/561 1166/2213/561 1165/2214/561
f 1154/2215/562 1163/2216/562 1164/2217/562 1167/2218/562
f 1163/2219/563 1162/2220/563 1165/2221/563 1164/2222/563
f 1167/2223/564 1166/2224/564 1161/2225/564 1154/2226/564
f 1168/2227/565 1169/2228/565 1170/2229/565 1171/2230/565
f 1172/2231/566 1173/2232/566 1174/2233/566 1175/2234/566
f 1170/2235/567 1169/2236/567 1174/2237/567 1173/2238/567
f 1168/2239/568 1171/2240/568 1172/2241/568 1175/2242/568
f 1171/2243/569 1170/2244/569 1173/2245/569 1172/2246/569
f 1175/2247/570 1174/2248/570 1169/2249/570 1168/2250/570
f 1176/2251/571 1177/2252/571 1178/2253/571 1179/2254/571
f 1180/2255/572 1181/2256/572 1182/2257/572 1174/2258/572
f 1178/2259/573 1177/2260/573 1182/2261/573 1181/2262/573
f 1176/2263/574 1179/2264/574 1180/2265/574 1174/2266/574
f 1179/2267/575 1178/2268/575 1181/2269/575 1180/2270/575
f 1174/2271/576 1182/2272/576 1177/2273/576 1176/2274/576
f 1183/2275/577 1184/2276/577 1185/2277/577 1186/2278/577
f 1187/2279/578 1188/2280/578 1189/2281/578 1182/2282/578
f 1185/2283/579 1184/2284/579 1189/2285/579 1188/2286/579
f 1183/2287/580 1186/2288/580 1187/2289/580 1182/2290/580
f 1186/2291/581 1185/2292/581 1188/2293/581 1187/2294/581
f 1182/2295/582 1189/2296/582 1184/2297/582 1183/2298/582
f 1190/2299/583 1191/2300/583 1192/2301/583 1193/2302/583
f 1192/2303/584 1191/2304/584 1194/2305/584 1195/2306/584
f 1190/2307/585 1193/2308/585 1196/2309/585 1197/2310/585
f 1193/2311/586 1192/2312/586 1195/2313/586 1196/2314/586
f 1197/2315/587 1194/2316/587 1191/2317/587 1190/2318/587
f 1198/2319/588 1199/2320/588 1200/2321/588 1201/2322/588
f 1202/2323/589 1203/2324/589 1204/2325/589 1205/2326/589
f 1205/2327/590 1200/2328/590 1199/2329/590 1202/2330/590
f 1206/2331/591 1207/2332/591 1208/2333/591 1209/2334/591
f 1208/2335/592 1207/2336/592 1210/2337/592 1211/2338/592
f 1206/2339/593 1209/2340/593 1212/2341/593 1213/2342/593
f 1209/2343/594 1208/2344/594 1211/2345/594 1212/2346/594
f 1213/2347/595 1210/2348/595 1207/2349/595 1206/2350/595
f 1214/2351/596 1215/2352/596 1216/2353/596 1217/2354/596
f 1218/2355/597 1219/2356/597 1216/2357/597 1215/2358/597
f 1220/2359/598 1221/2360/598 1214/2361/598 1217/2362/598
f 1221/2363/599 1218/2364/599 1215/2365/599 1214/2366/599
f 1217/2367/600 1216/2368/600 1219/2369/600 1220/2370/600
f 1222/2371/601 1223/2372/601 1224/2373/601 1225/2374/601
f 1226/2375/602 1227/2376/602 1228/2377/602 1229/2378/602
f 1229/2379/603 1224/2380/603 1223/2381/603 1226/2382/603
f 1230/2383/604 1231/2384/604 1232/2385/604 1233/2386/604
f 1234/2387/605 1235/2388/605 1232/2389/605 1231/2390/605
f 1236/2391/606 1237/2392/606 1230/2393/606 1233/2394/606
f 1237/2395/607 1234/2396/607 1231/2397/607 1230/2398/607
f 1233/2399/608 1232/2400/608 1235/2401/608 1236/2402/608
f 1238/2403/609 1239/2404/609 1240/2405/609 1241/2406/609
f 1242/2407/610 1243/2408/610 1244/2409/610 1245/2410/610
f 1238/2411/611 1243/2412/611 1239/2413/611 1242/2414/611
f 1241/2415/612 1244/2416/612 1240/2417/612 1245/2418/612
f 1245/2419/613 1243/2420/613 1238/2421/613 1240/2422/613
f 1246/2423/614 1247/2424/614 1248/2425/614 1249/2426/614
f 1250/2427/615 1251/2428/615 1252/2429/615 1253/2430/615
f 1246/2431/616 1251/2432/616 1247/2433/616 1250/2434/616
f 1249/2435/617 1252/2436/617 1248/2437/617 1253/2438/617
f 1253/2439/618 1251/2440/618 1246/2441/618 1248/2442/618
f 1254/2443/619 1255/2444/619 1256/2445/619 1257/2446/619
f 1258/2447/620 1259/2448/620 1260/2449/620 1261/2450/620
f 1256/2451/621 1255/2452/621 1260/2453/621 1259/2454/621
f 1254/2455/622 1257/2456/622 1258/2457/622 1261/2458/622
f 1257/2459/623 1256/2460/623 1259/2461/623 1258/2462/623
f 1261/2463/624 1260/2464/624 1255/2465/624 1254/2466/624
f 1262/2467/625 1263/2468/625 1264/2469/625 1265/2470/625
f 1266/2471/626 1267/2472/626 1268/2473/626 1269/2474/626
f 1264/2475/627 1263/2476/627 1268/2477/627 1267/2478/627
f 1262/2479/628 1265/2480/628 1266/2481/628 1269/2482/628
f 1265/2483/629 1264/2484/629 1267/2485/629 1266/2486/629
f 1269/2487/630 1268/2488/630 1263/2489/630 1262/2490/630
f 1270/2491/631 1271/2492/631 1272/2493/631 1273/2494/631
f 1274/2495/632 1275/2496/632 1276/2497/632 1277/2498/632
f 1272/2499/633 1271/2500/633 1276/2501/633 1275/2502/633
f 1270/2503/634 1273/2504/634 1274/2505/634 1277/2506/634
f 1273/2507/635 1272/2508/635 1275/2509/635 1274/2510/635
f 1277/2511/636 1276/2512/636 1271/2513/636 1270/2514/636
f 1278/2515/637 1279/2516/637 1280/2517/637 1281/2518/637
f 1282/2519/638 1283/2520/638 1284/2521/638 1285/2522/638
f 1280/2523/639 1279/2524/639 1284/2525/639 1283/2526/639
f 1278/2527/640 1281/2528/640 1282/2529/640 1285/2530/640
f 1281/2531/641 1280/2532/641 1283/2533/641 1282/2534/641
f 1285/2535/642 1284/2536/642 1279/2537/642 1278/2538/642
f 1286/2539/643 1287/2540/643 1288/2541/643 1289/2542/643
f 1290/2543/644 1291/2544/644 1292/2545/644 1293/2546/644
f 1288/2547/645 1287/2548/645 1292/2549/645 1291/2550/645
f 1286/2551/646 1289/2552/646 1290/2553/646 1293/2554/646
f 1289/2555/647 1288/2556/647 1291/2557/647 1290/2558/647
f 1293/2559/648 1292/2560/648 1287/2561/648 1286/2562/648
f 1294/2563/649 1295/2564/649 1296/2565/649 1297/2566/649
f 1298/2567/650 1299/2568/650 1300/2569/650 1301/2570/650
f 1296/2571/651 1295/2572/651 1300/2573/651 1299/2574/651
f 1294/2575/652 1297/2576/652 1298/2577/652 1301/2578/652
f 1297/2579/653 1296/2580/653 1299/2581/653 1298/2582/653
f 1301/2583/654 1300/2584/654 1295/2585/654 1294/2586/654
f 1302/2587/655 1303/2588/655 1304/2589/655 1305/2590/655
f 1306/2591/656 1307/2592/656 1308/2593/656 1309/2594/656
f 1304/2595/657 1303/2596/657 1308/2597/657 1307/2598/657
f 1302/2599/658 1305/2600/658 1306/2601/658 1309/2602/658
f 1305/2603/659 1304/2604/659 1307/2605/659 1306/2606/659
f 1309/2607/660 1308/2608/660 1303/2609/660 1302/2610/660
f 1310/2611/661 1311/2612/661 1312/2613/661 1313/2614/661
f 1314/2615/662 1315/2616/662 1316/2617/662 1317/2618/662
f 1312/2619/663 1311/2620/663 1316/2621/663 1315/2622/663
f 1310/2623/664 1313/2624/664 1314/2625/664 1317/2626/664
f 1313/2627/665 1312/2628/665 1315/2629/665 1314/2630/665
f 1317/2631/666 1316/2632/666 1311/2633/666 1310/2634/666
f 1318/2635/667 1319/2636/667 1320/2637/667 1321/2638/667
f 1322/2639/668 1323/2640/668 1324/2641/668 1325/2642/668
f 1320/2643/669 1319/2644/669 1324/2645/669 1323/2646/669
f 1318/2647/670 1321/2648/670 1322/2649/670 1325/2650/670
f 1321/2651/671 1320/2652/671 1323/2653/671 1322/2654/671
f 1325/2655/672 1324/2656/672 1319/2657/672 1318/2658/672
f 1326/2659/673 1327/2660/673 1328/2661/673 1329/2662/673
f 1330/2663/674 1331/2664/674 1332/2665/674 1333/2666/674
f 1328/2667/675 1327/2668/675 1332/2669/675 1331/2670/675
f 1326/2671/676 1329/2672/676 1330/2673/676 1333/2674/676
f 1329/2675/677 1328/2676/677 1331/2677/677 1330/2678/677
f 1333/2679/678 1332/2680/678 1327/2681/678 1326/2682/678
f 1334/2683/679 1335/2684/679 1336/2685/679 1337/2686/679
f 1338/2687/680 1339/2688/680 1340/2689/680 1341/2690/680
f 1336/2691/681 1335/2692/681 1340/2693/681 1339/2694/681
f 1334/2695/682 1337/2696/682 1338/2697/682 1341/2698/682
f 1337/2699/683 1336/2700/683 1339/2701/683 1338/2702/683
f 1341/2703/684 1340/2704/684 1335/2705/684 1334/2706/684
f 1342/2707/685 1343/2708/685 1344/2709/685 1345/2710/685
f 1346/2711/686 1347/2712/686 1348/2713/686 1349/2714/686
f 1344/2715/687 1343/2716/687 1348/2717/687 1347/2718/687
f 1342/2719/688 1345/2720/688 1346/2721/688 1349/2722/688
f 1345/2723/689 1344/2724/689 1347/2725/689 1346/2726/689
f 1349/2727/690 1348/2728/690 1343/2729/690 1342/2730/690
f 1350/2731/691 1351/2732/691 1352/2733/691 1353/2734/691
f 1354/2735/692 1355/2736/692 1356/2737/692 1357/2738/692
f 1352/2739/693 1351/2740/693 1356/2741/693 1355/2742/693
f 1350/2743/694 1353/2744/694 1354/2745/694 1357/2746/694
f 1353/2747/695 1352/2748/695 1355/2749/695 1354/2750/695
f 1357/2751/696 1356/2752/696 1351/2753/696 1350/2754/696
f 1358/2755/697 1359/2756/697 1360/2757/697 1361/2758/697
f 1362/2759/698 1363/2760/698 1364/2761/698 1365/2762/698
f 1358/2763/699 1363/2764/699 1359/2765/699 1362/2766/699
f 1361/2767/700 1364/2768/700 1360/2769/700 1365/2770/700
f 1365/2771/701 1363/2772/701 1358/2773/701 1360/2774/701
f 1366/2775/702 1367/2776/702 1368/2777/702 1369/2778/702
f 1370/2779/703 1371/2780/703 1372/2781/703 1373/2782/703
f 1366/2783/704 1371/2784/704 1367/2785/704 1370/2786/704
f 1369/2787/705 1372/2788/705 1368/2789/705 1373/2790/705
f 1373/2791/706 1371/2792/706 1366/2793/706 1368/2794/706
f 1374/2795/707 1375/2796/707 1376/2797/707 1377/2798/707
f 1378/2799/708 1379/2800/708 1380/2801/708 1381/2802/708
f 1376/2803/709 1375/2804/709 1380/2805/709 1379/2806/709
f 1374/2807/710 1377/2808/710 1378/2809/710 1381/2810/710
f 1377/2811/711 1376/2812/711 1379/2813/711 1378/2814/711
f 1381/2815/712 1380/2816/712 1375/2817/712 1374/2818/712
f 1382/2819/713 1383/2820/713 1384/2821/713 1385/2822/713
f 1386/2823/714 1387/2824/714 1388/2825/714 1389/2826/714
f 1384/2827/715 1383/2828/715 1388/2829/715 1387/2830/715
f 1382/2831/716 1385/2832/716 1386/2833/716 1389/2834/716
f 1385/2835/717 1384/2836/717 1387/2837/717 1386/2838/717
f 1389/2839/718 1388/2840/718 1383/2841/718 1382/2842/718
f 1390/2843/719 1391/2844/719 1392/2845/719 1393/2846/719
f 1394/2847/720 1395/2848/720 1396/2849/720 1397/2850/720
f 1392/2851/721 1391/2852/721 1396/2853/721 1395/2854/721
f 1390/2855/722 1393/2856/722 1394/2857/722 1397/2858/722
f 1393/2859/723 1392/2860/723 1395/2861/723 1394/2862/723
f 1397/2863/724 1396/2864/724 1391/2865/724 1390/2866/724
f 1398/2867/725 1399/2868/725 1400/2869/725 1401/2870/725
f 1402/2871/726 1403/2872/726 1404/2873/726 1405/2874/726
f 1400/2875/727 1399/2876/727 1404/2877/727 1403/2878/727
f 1398/2879/728 1401/2880/728 1402/2881/728 1405/2882/728
f 1401/2883/729 1400/2884/729 1403/2885/729 1402/2886/729
f 1405/2887/730 1404/2888/730 1399/2889/730 1398/2890/730
f 1406/2891/731 1407/2892/731 1408/2893/731 1409/2894/731
f 1410/2895/732 1411/2896/732 1412/2897/732 1413/2898/732
f 1408/2899/733 1407/2900/733 1412/2901/733 1411/2902/733
f 1406/2903/734 1409/2904/734 1410/2905/734 1413/2906/734
f 1409/2907/735 1408/2908/735 1411/2909/735 1410/2910/735
f 1413/2911/736 1412/2912/736 1407/2913/736 1406/2914/736
f 1414/2915/737 1415/2916/737 1416/2917/737 1417/2918/737
f 1418/2919/738 1419/2920/738 1420/2921/738 1421/2922/738
f 1416/2923/739 1415/2924/739 1420/2925/739 1419/2926/739
f 1414/2927/740 1417/2928/740 1418/2929/740 1421/2930/740
f 1417/2931/741 1416/2932/741 1419/2933/741 1418/2934/741
f 1421/2935/742 1420/2936/742 1415/2937/742 1414/2938/742
f 1422/2939/743 1423/2940/743 1424/2941/743 1425/2942/743
f 1426/2943/744 1427/2944/744 1428/2945/744 1429/2946/744
f 1424/2947/745 1423/2948/745 1428/2949/745 1427/2950/745
f 1422/2951/746 1425/2952/746 1426/2953/746 1429/2954/746
f 1425/2955/747 1424/2956/747 1427/2957/747 1426/2958/747
f 1429/2959/748 1428/2960/748 1423/2961/748 1422/2962/748
f 1430/2963/749 1431/2964/749 1432/2965/749 1433/2966/749
f 1434/2967/750 1435/2968/750 1436/2969/750 1437/2970/750
f 1432/2971/751 1431/2972/751 1436/2973/751 1435/2974/751
f 1430/2975/752 1433/2976/752 1434/2977/752 1437/2978/752
f 1433/2979/753 1432/2980/753 1435/2981/753 1434/2982/753
f 1437/2983/754 1436/2984/754 1431/2985/754 1430/2986/754
f 1438/2987/755 1439/2988/755 1440/2989/755 1441/2990/755
f 1442/2991/756 1443/2992/756 1444/2993/756 1445/2994/756
f 1438/2995/757 1443/2996/757 1439/2997/757 1442/2998/757
f 1441/2999/758 1444/3000/758 1440/3001/758 1445/3002/758
f 1445/3003/759 1443/3004/759 1438/3005/759 1440/3006/759
f 1446/3007/760 1447/3008/760 1448/3009/760 1449/3010/760
f 1450/3011/761 1451/3012/761 1452/3013/761 1453/3014/761
f 1446/3015/762 1451/3016/762 1447/3017/762 1450/3018/762
f 1449/3019/763 1452/3020/763 1448/3021/763 1453/3022/763
f 1453/3023/764 1451/3024/764 1446/3025/764 1448/3026/764
f 1454/3027/765 1455/3028/765 1456/3029/765 1457/3030/765
f 1458/3031/766 1459/3032/766 1460/3033/766 1461/3034/766
f 1454/3035/767 1459/3036/767 1455/3037/767 1458/3038/767
f 1457/3039/768 1460/3040/768 1456/3041/768 1461/3042/768
f 1461/3043/769 1459/3044/769 1454/3045/769 1456/3046/769
f 1462/3047/770 1463/3048/770 1464/3049/770 1465/3050/770
f 1466/3051/771 1467/3052/771 1468/3053/771 1469/3054/771
f 1463/3055/772 1462/3056/772 1467/3057/772 1466/3058/772
f 1464/3059/773 1465/3060/773 1468/3061/773 1469/3062/773
f 1469/3063/774 1467/3064/774 1462/3065/774 1464/3066/774
f 1470/3067/775 1471/3068/775 1472/3069/775 1473/3070/775
f 1474/3071/776 1475/3072/776 1476/3073/776 1477/3074/776
f 1472/3075/777 1471/3076/777 1476/3077/777 1475/3078/777
f 1470/3079/778 1473/3080/778 1474/3081/778 1477/3082/778
f 1473/3083/779 1472/3084/779 1475/3085/779 1474/3086/779
f 1477/3087/780 1476/3088/780 1471/3089/780 1470/3090/780
f 1478/3091/781 1479/3092/781 1480/3093/781 1481/3094/781
f 1482/3095/782 1483/3096/782 1484/3097/782 1485/3098/782
f 1480/3099/783 1479/3100/783 1484/3101/783 1483/3102/783
f 1478/3103/784 1481/3104/784 1482/3105/784 1485/3106/784
f 1481/3107/785 1480/3108/785 1483/3109/785 1482/3110/785
f 1485/3111/786 1484/3112/786 1479/3113/786 1478/3114/786
f 1486/3115/787 1487/3116/787 1488/3117/787 1489/3118/787
f 1490/3119/788 1491/3120/788 1492/3121/788 1493/3122/788
f 1488/3123/789 1487/3124/789 1492/3125/789 1491/3126/789
f 1486/3127/790 1489/3128/790 1490/3129/790 1493/3130/790
f 1489/3131/791 1488/3132/791 1491/3133/791 1490/3134/791
f 1493/3135/792 1492/3136/792 1487/3137/792 1486/3138/792
f 1494/3139/793 1495/3140/793 1496/3141/793 1497/3142/793
f 1498/3143/794 1499/3144/794 1500/3145/794 1501/3146/794
f 1496/3147/795 1495/3148/795 1500/3149/795 1499/3150/795
f 1494/3151/796 1497/3152/796 1498/3153/796 1501/3154/796
f 1497/3155/797 1496/3156/797 1499/3157/797 1498/3158/797
f 1501/3159/798 1500/3160/798 1495/3161/798 1494/3162/798
f 1502/3163/799 1503/3164/799 1504/3165/799 1505/3166/799
f 1506/3167/800 1507/3168/800 1508/3169/800 1509/3170/800
f 1504/3171/801 1503/3172/801 1508/3173/801 1507/3174/801
f 1502/3175/802 1505/3176/802 1506/3177/802 1509/3178/802
f 1505/3179/803 1504/3180/803 1507/3181/803 1506/3182/803
f 1509/3183/804 1508/3184/804 1503/3185/804 1502/3186/804
f 1510/3187/805 1511/3188/805 1512/3189/805 1513/3190/805
f 1514/3191/806 1515/3192/806 1516/3193/806 1517/3194/806
f 1512/3195/807 1511/3196/807 1516/3197/807 1515/3198/807
f 1510/3199/808 1513/3200/808 1514/3201/808 1517/3202/808
f 1513/3203/809 1512/3204/809 1515/3205/809 1514/3206/809
f 1517/3207/810 1516/3208/810 1511/3209/810 1510/3210/810
f 1518/3211/811 1519/3212/811 1520/3213/811 1521/3214/811
f 1522/3215/812 1523/3216/812 1524/3217/812 1525/3218/812
f 1520/3219/813 1519/3220/813 1524/3221/813 1523/3222/813
f 1518/3223/814 1521/3224/814 1522/3225/814 1525/3226/814
f 1521/3227/815 1520/3228/815 1523/3229/815 1522/3230/815
f 1525/3231/816 1524/3232/816 1519/3233/816 1518/3234/816
f 1526/3235/817 1527/3236/817 1528/3237/817 1529/3238/817
f 1530/3239/818 1531/3240/818 1532/3241/818 1533/3242/818
f 1528/3243/819 1527/3244/819 1532/3245/819 1531/3246/819
f 1526/3247/820 1529/3248/820 1530/3249/820 1533/3250/820
f 1529/3251/821 1528/3252/821 1531/3253/821 1530/3254/821
f 1533/3255/822 1532/3256/822 1527/3257/822 1526/3258/822
f 1534/3259/823 1535/3260/823 1536/3261/823 1537/3262/823
f 1538/3263/824 1539/3264/824 1540/3265/824 1541/3266/824
f 1535/3267/825 1534/3268/825 1539/3269/825 1538/3270/825
f 1536/3271/826 1537/3272/826 1540/3273/826 1541/3274/826
f 1541/3275/827 1539/3276/827 1534/3277/827 1536/3278/827
f 1542/3279/828 1543/3280/828 1544/3281/828 1545/3282/828
f 1546/3283/829 1547/3284/829 1548/3285/829 1549/3286/829
f 1542/3287/830 1547/3288/830 1543/3289/830 1546/3290/830
f 1545/3291/831 1548/3292/831 1544/3293/831 1549/3294/831
f 1549/3295/832 1547/3296/832 1542/3297/832 1544/3298/832
f 1550/3299/833 1551/3300/833 1552/3301/833 1553/3302/833
f 1554/3303/834 1555/3304/834 1556/3305/834 1557/3306/834
f 1552/3307/835 1553/3308/835 1554/3309/835 1555/3310/835
f 1551/3311/836 1550/3312/836 1557/3313/836 1556/3314/836
f 1558/3315/837 1559/3316/837 1560/3317/837 1561/3318/837
f 1562/3319/838 1563/3320/838 1564/3321/838 1565/3322/838
f 1560/3323/839 1561/3324/839 1562/3325/839 1563/3326/839
f 1559/3327/840 1558/3328/840 1565/3329/840 1564/3330/840
f 1074/3331/841 1079/3332/841 1081/3333/841 1076/3334/841
f 856/3335/842 854/3336/842 852/3337/842 858/3338/842
f 1212/3339/843 1211/3340/843 1210/3341/843 1213/3342/843
f 1196/3343/844 1195/3344/844 1194/3345/844 1197/3346/844
f 1220/3347/845 1219/3348/845 1218/3349/845 1221/3350/845
f 1236/3351/846 1235/3352/846 1234/3353/846 1237/3354/846
f 1122/3355/847 1127/3356/847 1129/3357/847 1124/3358/847
f 817/3359/848 1154/3360/848 1147/3361/848 818/3362/848
f 1174/3363/849 1182/3364/849 847/3365/849 848/3366/849
f 897/3367/850 894/3368/850 893/3369/850 898/3370/850
f 921/3371/851 918/3372/851 917/3373/851 922/3374/851
f 1566/3375/852 1567/3376/852 1568/3377/852 1569/3378/852
f 1570/3379/853 1571/3380/853 1572/3381/853 1573/3382/853
f 1574/3383/854 1575/3384/854 1576/3385/854 1577/3386/854
f 1578/3387/855 1579/3388/855 1580/3389/855 1581/3390/855
f 1582/3391/856 1583/3392/856 1584/3393/856 1585/3394/856
f 1586/3395/857 1587/3396/857 1588/3397/857 1589/3398/857
f 1590/3399/858 1591/3400/858 1592/3401/858 1593/3402/858
f 952/3403/859 949/3404/859 948/3405/859 953/3406/859
f 1594/3407/860 948/3408/860 949/3409/860
f 951/3410/861 952/3411/861 953/3412/861
f 913/3413/862 910/3414/862 909/3415/862 914/3416/862
f 1595/3417/863 1596/3418/863 1597/3419/863 1598/3420/863
f 1599/3421/864 1600/3422/864 1601/3423/864 1602/3424/864
f 1603/3425/865 1604/3426/865 1605/3427/865 1606/3428/865
f 75/3429/866 221/3430/866 76/3431/866
f 458/3432/867 312/3433/867 311/3434/867
f 1607/3435/868 1608/3436/868 1609/3437/868 1610/3438/868
f 1611/3439/869 1612/3440/869 1608/3441/869 1607/3442/869
f 1613/3443/870 1614/3444/870 1612/3445/870 1611/3446/870
f 1615/3447/871 1616/3448/871 1617/3449/871 1618/3450/871
f 1616/3451/872 1619/3452/872 1620/3453/872 1617/3454/872
f 1619/3455/873 1621/3456/873 1622/3457/873 1620/3458/873
f 1623/3459/874 1624/3460/874 1625/3461/874 1626/3462/874
f 1627/3463/875 1628/3464/875 1629/3465/875 1630/3466/875
f 1631/3467/876 1632/3468/876 1633/3469/876 1634/3470/876
f 1635/3471/877 1636/3472/877 1637/3473/877 1638/3474/877
f 1641/3475/878 1640/3476/878 1639/3477/878 1642/3478/878
o car1_outside_logo
v -1.453125 0.4375 -6.59375
v -1.453125 1.75 -6.59375
v -1.390625 1.42223375 -8.1875
v -1.390625 0.44375 -8.1875
v -1.085780625 0.467395 -10.294170625
v -1.390625 0.443750625 -8.187499375
v -1.390625 1.42223375 -8.187500625
v -1.07015625 0.779895 -10.294170625
v -1.453125 0.4375 7.84375
v -1.453125 1.75 7.84375
v -1.453125 1.75 -6.59375
v -1.453125 0.4375 -6.59375
v 1.390625 1.42223375 -8.187500625
v 1.390625 0.443750625 -8.187499375
v 1.085780625 0.467395 -10.294170625
v 1.07015625 0.779895 -10.294170625
v 1.390625 1.42223375 -8.1875
v 1.453125 1.75 -6.59375
v 1.453125 0.4375 -6.59375
v 1.390625 0.44375 -8.1875
v 1.453125 1.75 -6.59375
v 1.453125 1.75 7.84375
v 1.453125 0.4375 7.84375
v 1.453125 0.4375 -6.59375
v -1.453125 1.75 11.40625
v -1.333741875 2.427055625 11.40625
v -1.333741875 2.427055625 -6.59375
v -1.453125 1.75 -6.59375
v 1.333741875 2.427055625 -6.59375
v 1.333741875 2.427055625 11.40625
v 1.453125 1.75 11.40625
v 1.453125 1.75 -6.59375
vt 0.7396193771626297 0.5934256055363322
vt 0.7396193771626297 0.6115916955017301
vt 0.717128027681661 0.6070551038062284
vt 0.717128027681661 0.5935121107266437
vt 0.687838019031142 0.5934256055363322
vt 0.7173015484429066 0.5934256055363322
vt 0.717151115916955 0.6072664359861591
vt 0.6877590051903114 0.5980489273356402
vt 0.9394463667820069 0.5934256055363322
vt 0.9394463667820069 0.6115916955017301
vt 0.7396193771626297 0.6115916955017301
vt 0.7396193771626297 0.5934256055363322
vt 0.717151115916955 0.6262975778546713
vt 0.7173015484429066 0.6124567474048443
vt 0.687838019031142 0.6124567474048443
vt 0.6877590051903114 0.6170800692041523
vt 0.717128027681661 0.6260862456747405
vt 0.7396193771626297 0.6306228373702423
vt 0.7396193771626297 0.6124567474048443
vt 0.717128027681661 0.6125432525951557
vt 0.7396193771626297 0.6306228373702423
vt 0.9394463667820069 0.6306228373702423
vt 0.9394463667820069 0.6124567474048443
vt 0.7396193771626297 0.6124567474048443
vt 0.9887543252595156 0.6314878892733564
vt 0.9887543252595156 0.6410034602076125
vt 0.7396193771626297 0.6410034602076125
vt 0.7396193771626297 0.6314878892733564
vt 0.7396193771626297 0.6513840830449826
vt 0.9887543252595156 0.6513840830449826
vt 0.9887543252595156 0.6418685121107266
vt 0.7396193771626297 0.6418685121107266
vn -0.9992319507315427 0 -0.03918556669535461
vn -0.9896919368313312 -1.8295240739728572e-7 -0.1432126746172105
vn -1 0 0
vn 0.9896919368313312 -1.8295240740951476e-7 -0.14321267461721046
vn 0.9992319507315427 0 -0.03918556669535461
vn 1 0 0
vn -0.9848077652323769 0.17364810836289477 0
vn 0.9848077652323769 0.17364810836289477 0
usemtl m_e0db7bc8-3143-46ee-7892-9d64a2bdd70a
f 1643/3479/879 1644/3480/879 1645/3481/879 1646/3482/879
f 1647/3483/880 1648/3484/880 1649/3485/880 1650/3486/880
f 1651/3487/881 1652/3488/881 1653/3489/881 1654/3490/881
f 1655/3491/882 1656/3492/882 1657/3493/882 1658/3494/882
f 1659/3495/883 1660/3496/883 1661/3497/883 1662/3498/883
f 1663/3499/884 1664/3500/884 1665/3501/884 1666/3502/884
f 1667/3503/885 1668/3504/885 1669/3505/885 1670/3506/885
f 1671/3507/886 1672/3508/886 1673/3509/886 1674/3510/886
o car1_coupler_closed
v -0.513945625 0.397858125 -11.489445
v -0.635499375 0.39977375 -11.375578125
v -0.545195625 0.547351875 -11.395333125
v -0.498320625 0.3077975 -11.528026875
v -0.651125 0.274774375 -11.375578125
v -0.6355 0.39977375 -11.375578125
v -0.513945625 0.39785875 -11.489444375
v -0.482695625 0.18386625 -11.544343125
v -0.651125 0.274774375 -11.375578125
v -0.498320625 0.3077975 -11.528026875
v -0.651125625 0.27477375 -11.375578125
v -0.482695 0.183866875 -11.5443425
v -0.647315625 0.087320625 -11.37885625
v -0.467070625 0.067024375 -11.543808125
v -0.647315 0.08732 -11.37885625
v -0.482695625 0.18386625 -11.544343125
v -0.248320625 0.681735625 -11.356964375
v 0.001679375 0.68173625 -11.356964375
v 0.001679375 0.58957625 -11.441413125
v -0.248320625 0.58957625 -11.441413125
v -0.560820625 0.6338575 -11.31679
v -0.545195625 0.547351875 -11.395333125
v -0.248320625 0.58957625 -11.441413125
v 0.001679375 0.58957625 -11.441413125
v 0.00168 0.43144 -11.54215625
v -0.24832 0.43144 -11.542156875
v -0.545195625 0.547351875 -11.3953325
v -0.513945625 0.39785875 -11.489445
v -0.24832 0.43144 -11.542156875
v 0.00168 0.43144 -11.54215625
v 0.001679375 0.315955625 -11.5899925
v -0.248320625 0.315955625 -11.589991875
v -0.513945625 0.39785875 -11.489445
v -0.49832 0.307796875 -11.528026875
v -0.24832 0.315955 -11.5899925
v 0.001679375 0.315955 -11.589991875
v 0.001679375 0.192024375 -11.606308125
v -0.248320625 0.192024375 -11.606308125
v -0.498320625 0.3077975 -11.528026875
v -0.482695625 0.18386625 -11.544343125
v -0.248320625 0.192024375 -11.606308125
v 0.001679375 0.192024375 -11.606308125
v 0.001679375 0.067025 -11.606308125
v -0.248320625 0.067025 -11.606308125
v -0.482695625 0.18386625 -11.5443425
v -0.46707 0.067024375 -11.543808125
v -0.248320625 0.067025 -11.606308125
v 0.001679375 0.067024375 -11.606308125
v 0.00168 -0.04626375 -11.55348125
v -0.248320625 -0.04626375 -11.553480625
v -0.467070625 0.067024375 -11.543808125
v -0.451445625 -0.019850625 -11.496836875
v -0.24832 -0.046264375 -11.55348
v 0.001679375 -0.046264375 -11.553480625
v 0.001679375 -0.12235875 -11.454311875
v -0.248320625 -0.12235875 -11.45431125
v -0.451445625 -0.01985 -11.496836875
v -0.451445625 -0.072775 -11.41626375
v -0.45144625 -0.019850625 -11.496836875
v -0.451445625 -0.072775 -11.41626375
v -0.584815625 -0.03768 -11.316356875
v -0.451445625 -0.019850625 -11.4968375
v -0.584815625 -0.03768 -11.316356875
v -0.647315 0.08732 -11.37885625
v -0.46707 0.067024375 -11.543808125
v -0.451445625 -0.072775 -11.41626375
v -0.498320625 -0.205520625 -11.08203125
v -0.584815625 -0.03768 -11.316356875
v -0.248320625 -0.12235875 -11.45431125
v 0.00168 -0.122359375 -11.45431125
v 0.001679375 -0.219416875 -11.092089375
v -0.248320625 -0.219416875 -11.092089375
v -0.451445625 -0.072775 -11.416263125
v -0.498320625 -0.20552 -11.082031875
v -0.584815625 -0.03768 -11.316356875
v -0.498320625 -0.205520625 -11.08203125
v -0.7525425 -0.082469375 -11.07060625
v -0.584815625 -0.03768 -11.316356875
v -0.7525425 -0.082469375 -11.07060625
v -0.837821875 0.08937625 -11.08565875
v -0.647315 0.08732 -11.37885625
v -0.647315 0.08732 -11.37885625
v -0.837821875 0.08937625 -11.08565875
v -0.8221975 0.339375625 -11.08565875
v -0.651125 0.274774375 -11.375578125
v -0.651125 0.274774375 -11.375578125
v -0.8221975 0.339375625 -11.08565875
v -0.7909475 0.526875625 -11.08565875
v -0.6355 0.39977375 -11.375578125
v -0.56082 0.633856875 -11.316790625
v -0.545195625 0.547351875 -11.395333125
v -0.790946875 0.526875 -11.085658125
v -0.545195625 0.547351875 -11.395333125
v -0.635499375 0.39977375 -11.375578125
v -0.790946875 0.526875 -11.085658125
v -0.56082 0.633856875 -11.316790625
v -0.7909475 0.526875625 -11.085658125
v -0.728448125 0.651875625 -11.085659375
v -0.56082125 0.6338575 -11.31679
v -0.7284475 0.651875625 -11.085658125
v -0.6659475 0.776875625 -11.08565875
v -0.56082 0.633856875 -11.316790625
v -0.665946875 0.776875 -11.08565875
v -0.607695625 0.792848125 -11.12740625
v -0.248320625 0.842433125 -11.16545375
v 0.001679375 0.842433125 -11.165453125
v 0.001679375 0.68173625 -11.356965
v -0.248320625 0.681735625 -11.356964375
v -0.607695625 0.792848125 -11.12740625
v -0.560820625 0.6338575 -11.316790625
v 0.635499375 0.399773125 -11.375578125
v 0.513945625 0.397858125 -11.489445
v 0.545195625 0.547351875 -11.39533375
v 0.6355 0.39977375 -11.375578125
v 0.651124375 0.274774375 -11.375578125
v 0.498320625 0.307796875 -11.528026875
v 0.513945625 0.397859375 -11.489444375
v 0.651124375 0.274774375 -11.375578125
v 0.482695625 0.18386625 -11.544343125
v 0.498320625 0.307796875 -11.528026875
v 0.482695 0.183866875 -11.5443425
v 0.651125625 0.27477375 -11.375578125
v 0.647315625 0.087320625 -11.37885625
v 0.647315625 0.087320625 -11.37885625
v 0.467070625 0.067024375 -11.543808125
v 0.482695625 0.18386625 -11.544343125
v -0.001679375 0.58957625 -11.44141375
v -0.001679375 0.68173625 -11.356964375
v 0.248320625 0.68173625 -11.356964375
v 0.248320625 0.58957625 -11.441413125
v 0.560820625 0.633858125 -11.316789375
v 0.545195625 0.547351875 -11.39533375
v -0.00168 0.43144 -11.542156875
v -0.001679375 0.58957625 -11.44141375
v 0.248320625 0.58957625 -11.441413125
v 0.24832 0.43144 -11.542156875
v 0.545195625 0.547351875 -11.395333125
v 0.513945625 0.397859375 -11.489445
v -0.00168 0.315955625 -11.5899925
v -0.00168 0.43144 -11.542156875
v 0.24832 0.43144 -11.542156875
v 0.24832 0.31595625 -11.589991875
v 0.513945625 0.397859375 -11.489445
v 0.49832 0.307796875 -11.528026875
v -0.00167875 0.192024375 -11.606308125
v -0.001679375 0.315955 -11.5899925
v 0.24832 0.315955 -11.5899925
v 0.248320625 0.192024375 -11.60630875
v 0.498320625 0.307796875 -11.528026875
v 0.482695625 0.18386625 -11.544343125
v -0.001679375 0.067025 -11.606308125
v -0.00167875 0.192024375 -11.606308125
v 0.248320625 0.192024375 -11.60630875
v 0.248320625 0.067025 -11.60630875
v 0.482695625 0.18386625 -11.5443425
v 0.467070625 0.067025 -11.543808125
v -0.001679375 -0.04626375 -11.55348125
v -0.00167875 0.06702375 -11.606308125
v 0.248320625 0.067025 -11.60630875
v 0.248320625 -0.046263125 -11.55348125
v 0.467070625 0.067024375 -11.543808125
v 0.451445625 -0.01985125 -11.496836875
v -0.00168 -0.12235875 -11.454311875
v -0.00167875 -0.046264375 -11.553480625
v 0.24832 -0.046264375 -11.553480625
v 0.24832 -0.12235875 -11.45431125
v 0.451445625 -0.01985 -11.496836875
v 0.451445625 -0.072775 -11.41626375
v 0.451445625 -0.072775 -11.41626375
v 0.45144625 -0.019850625 -11.496836875
v 0.584815625 -0.03768 -11.316356875
v 0.647315625 0.087320625 -11.37885625
v 0.584815625 -0.03768 -11.316356875
v 0.451445 -0.019850625 -11.4968375
v 0.467070625 0.067025 -11.543808125
v 0.498320625 -0.205520625 -11.08203125
v 0.451445625 -0.072775 -11.41626375
v 0.584815625 -0.03768 -11.316356875
v -0.00168 -0.21941625 -11.09209
v -0.00168 -0.122359375 -11.454311875
v 0.24832 -0.12235875 -11.45431125
v 0.248320625 -0.219416875 -11.092089375
v 0.451445625 -0.072775 -11.416263125
v 0.498320625 -0.20552 -11.082031875
v 0.498320625 -0.205520625 -11.08203125
v 0.584815625 -0.03768 -11.316356875
v 0.7525425 -0.082469375 -11.07060625
v 0.8378225 0.08937625 -11.08565875
v 0.7525425 -0.08246875 -11.07060625
v 0.584815625 -0.03768 -11.316356875
v 0.647315625 0.087320625 -11.37885625
v 0.8221975 0.339375625 -11.085658125
v 0.8378225 0.08937625 -11.08565875
v 0.647315625 0.087320625 -11.37885625
v 0.651124375 0.274774375 -11.375578125
v 0.790946875 0.526875625 -11.085659375
v 0.8221975 0.339375625 -11.085658125
v 0.651124375 0.274774375 -11.375578125
v 0.6355 0.39977375 -11.375578125
v 0.545195625 0.547351875 -11.39533375
v 0.56082 0.633856875 -11.31679
v 0.7909475 0.526875 -11.08565875
v 0.635499375 0.399773125 -11.375578125
v 0.545195625 0.547351875 -11.39533375
v 0.7909475 0.526875 -11.08565875
v 0.790946875 0.526875625 -11.08565875
v 0.56082 0.633856875 -11.31679
v 0.728448125 0.651875625 -11.085659375
v 0.728446875 0.651875625 -11.08565875
v 0.560820625 0.6338575 -11.31679
v 0.6659475 0.77687625 -11.08565875
v 0.6659475 0.776875 -11.08565875
v 0.56082 0.633856875 -11.31679
v 0.607695625 0.792848125 -11.127405625
v -0.001679375 0.68173625 -11.356965
v -0.001679375 0.842433125 -11.16545375
v 0.248320625 0.842433125 -11.16545375
v 0.248320625 0.68173625 -11.356964375
v 0.607695625 0.792848125 -11.127405625
v 0.560820625 0.6338575 -11.31679
v -0.0616225 0.011699375 -11.78548625
v 0.000878125 0.011699375 -11.78548625
v 0.0008775 0.076404375 -11.544005
v -0.0616225 0.076404375 -11.544005
v -0.0616225 0.136774375 -11.56018125
v 0.0008775 0.136774375 -11.56018125
v 0.0008775 0.07207 -11.8016625
v -0.0616225 0.07207 -11.8016625
vt 0.3850603546712803 0.1910165570934257
vt 0.38620227508650523 0.1890138408304498
vt 0.3875432525951557 0.1910165570934257
vt 0.3010742214532872 0.18685121107266434
vt 0.3010742214532872 0.18382897058823533
vt 0.3027681660899654 0.18424201557093434
vt 0.30240154844290656 0.18651564878892735
vt 0.6256359775086505 0.18667913494809685
vt 0.6273788927335641 0.18360726643598613
vt 0.6273788927335641 0.18662954152249134
vt 0.7700917647058824 0.20242214532871972
vt 0.7700917647058824 0.1988903373702422
vt 0.7724913494809689 0.2014331055363322
vt 0.6342543685121107 0.20954533737024228
vt 0.6358131487889274 0.20653114186851207
vt 0.6358131487889274 0.21002731833910027
vt 0.7934028114186851 0.39965397923875434
vt 0.7968630190311419 0.39965397923875434
vt 0.7968630190311419 0.40138408304498274
vt 0.7934028114186851 0.40138408304498274
vt 0.7889933823529413 0.39976686851211074
vt 0.7934028114186851 0.39965397923875434
vt 0.7934028114186851 0.40138408304498274
vt 0.7892041089965397 0.40138408304498274
vt 0.7931881920415226 0.379757785467128
vt 0.7966483996539793 0.379757785467128
vt 0.7966483996539793 0.38235294117647056
vt 0.7931881920415226 0.38235294117647056
vt 0.7889917387543253 0.37990804498269903
vt 0.7931881920415226 0.379757785467128
vt 0.7931881920415226 0.38235294117647056
vt 0.7894125865051903 0.38235294117647056
vt 0.3853211937716263 0.22491349480968859
vt 0.38878140138408307 0.22491349480968859
vt 0.38878140138408307 0.22664359861591699
vt 0.3853211937716263 0.22664359861591699
vt 0.3815473183391003 0.2250637543252596
vt 0.3853211937716263 0.22491349480968859
vt 0.3853211937716263 0.22664359861591699
vt 0.38176167820069207 0.2264197231833911
vt 0.8159053200692041 0.3953287197231834
vt 0.8193655276816609 0.3953287197231834
vt 0.8193655276816609 0.3970588235294118
vt 0.8159053200692041 0.3970588235294118
vt 0.8123386245674741 0.3953287197231834
vt 0.8159053200692041 0.3953287197231834
vt 0.8159053200692041 0.3970588235294118
vt 0.8125483996539793 0.3970588235294118
vt 0.7983904844290657 0.5216262975778547
vt 0.8018506920415225 0.5216262975778547
vt 0.8018506920415225 0.523356401384083
vt 0.7983904844290657 0.523356401384083
vt 0.7950351211072665 0.5217391868512111
vt 0.7983904844290657 0.5216262975778547
vt 0.7983904844290657 0.523356401384083
vt 0.7952423010380624 0.523356401384083
vt 0.81546946366782 0.38754325259515576
vt 0.8189296712802768 0.38754325259515576
vt 0.8189296712802768 0.38927335640138405
vt 0.81546946366782 0.38927335640138405
vt 0.8123419550173011 0.3879088235294118
vt 0.81546946366782 0.38754325259515576
vt 0.81546946366782 0.38927335640138405
vt 0.8125309688581315 0.38927335640138405
vt 0.8152675605536333 0.20069204152249132
vt 0.8187277681660899 0.20069204152249132
vt 0.8187277681660899 0.20242214532871972
vt 0.8152675605536333 0.20242214532871972
vt 0.8123532871972319 0.20109143598615908
vt 0.8152675605536333 0.20069204152249132
vt 0.8152675605536333 0.20242214532871972
vt 0.8123275951557094 0.20242214532871972
vt 0.22110891003460206 0.18490484429065746
vt 0.2201567820069204 0.18583961072664368
vt 0.2179930795847751 0.18490484429065746
vt 0.7329381141868513 0.20101239619377165
vt 0.7359616435986159 0.20025951557093424
vt 0.736159169550173 0.20236916955017303
vt 0.7327727162629757 0.20236916955017303
vt 0.7982722491349481 0.48182994809688573
vt 0.7932525951557093 0.48182994809688573
vt 0.7969370415224913 0.4798875432525952
vt 0.6850854671280276 0.1867665224913495
vt 0.6885456747404844 0.1867665224913495
vt 0.6885456747404844 0.1919568339100346
vt 0.6850854671280276 0.1919568339100346
vt 0.6821627162629758 0.1870975778546713
vt 0.6850854671280276 0.1867665224913495
vt 0.6850854671280276 0.1919568339100346
vt 0.6816965397923875 0.19204152249134943
vt 0.8148724048442906 0.1842560553633218
vt 0.8148724048442906 0.18842120242214533
vt 0.8114186851211073 0.18658301903114183
vt 0.3128341262975779 0.19081451557093432
vt 0.31228373702422146 0.18668659169550172
vt 0.314878892733564 0.18620242214532867
vt 0.314878892733564 0.19102481833910034
vt 0.20255666089965396 0.18512110726643594
vt 0.2073961937716263 0.18512110726643594
vt 0.20729881487889273 0.18858131487889274
vt 0.2026387197231834 0.18770532871972312
vt 0.26059367647058823 0.1860560553633217
vt 0.26525876297577855 0.18519294982698953
vt 0.26600346020761245 0.1877162629757786
vt 0.26112269896193774 0.1877162629757786
vt 0.29563148788927335 0.1875148961937716
vt 0.29428582179930796 0.18843766435986153
vt 0.29428582179930796 0.18295847750865057
vt 0.7915224913494809 0.442813044982699
vt 0.789112249134948 0.442813044982699
vt 0.7890320761245675 0.4379325259515571
vt 0.182678330449827 0.1903045847750865
vt 0.182678330449827 0.18555363321799312
vt 0.1842560553633218 0.18667279411764715
vt 0.6637110726643599 0.18850586505190314
vt 0.66185276816609 0.1850094031141868
vt 0.6637110726643599 0.18447231833910038
vt 0.40405544117647063 0.20580692041522486
vt 0.40405544117647063 0.20177335640138405
vt 0.40484429065743943 0.20241401384083046
vt 0.6270917387543252 0.1877162629757786
vt 0.630551946366782 0.1877162629757786
vt 0.630551946366782 0.19117647058823528
vt 0.6270917387543252 0.19117647058823528
vt 0.6220432093425605 0.18775397923875425
vt 0.6270917387543252 0.1877162629757786
vt 0.6270917387543252 0.19117647058823528
vt 0.6226822231833911 0.19117647058823528
vt 0.38620227508650523 0.1890138408304498
vt 0.3850603546712803 0.1910165570934257
vt 0.3875432525951557 0.1910165570934257
vt 0.3027681660899654 0.18424201557093434
vt 0.3010742214532872 0.18382897058823533
vt 0.3010742214532872 0.18685121107266434
vt 0.30240154844290656 0.18651564878892735
vt 0.6273788927335641 0.18360726643598613
vt 0.6256359775086505 0.18667913494809685
vt 0.6273788927335641 0.18662954152249134
vt 0.7700917647058824 0.1988903373702422
vt 0.7700917647058824 0.20242214532871972
vt 0.7724913494809689 0.2014331055363322
vt 0.6358131487889274 0.20653114186851207
vt 0.6342543685121107 0.20954533737024228
vt 0.6358131487889274 0.21002731833910027
vt 0.7968630190311419 0.40138408304498274
vt 0.7968630190311419 0.39965397923875434
vt 0.7934028114186851 0.39965397923875434
vt 0.7934028114186851 0.40138408304498274
vt 0.7934028114186851 0.40138408304498274
vt 0.7934028114186851 0.39965397923875434
vt 0.7889933823529413 0.39976686851211074
vt 0.7892041089965397 0.40138408304498274
vt 0.7966483996539793 0.38235294117647056
vt 0.7966483996539793 0.379757785467128
vt 0.7931881920415226 0.379757785467128
vt 0.7931881920415226 0.38235294117647056
vt 0.7931881920415226 0.38235294117647056
vt 0.7931881920415226 0.379757785467128
vt 0.7889917387543253 0.37990804498269903
vt 0.7894125865051903 0.38235294117647056
vt 0.38878140138408307 0.22664359861591699
vt 0.38878140138408307 0.22491349480968859
vt 0.3853211937716263 0.22491349480968859
vt 0.3853211937716263 0.22664359861591699
vt 0.3853211937716263 0.22664359861591699
vt 0.3853211937716263 0.22491349480968859
vt 0.3815473183391003 0.2250637543252596
vt 0.38176167820069207 0.2264197231833911
vt 0.8193655276816609 0.3970588235294118
vt 0.8193655276816609 0.3953287197231834
vt 0.8159053200692041 0.3953287197231834
vt 0.8159053200692041 0.3970588235294118
vt 0.8159053200692041 0.3970588235294118
vt 0.8159053200692041 0.3953287197231834
vt 0.8123386245674741 0.3953287197231834
vt 0.8125483996539793 0.3970588235294118
vt 0.8018506920415225 0.523356401384083
vt 0.8018506920415225 0.5216262975778547
vt 0.7983904844290657 0.5216262975778547
vt 0.7983904844290657 0.523356401384083
vt 0.7983904844290657 0.523356401384083
vt 0.7983904844290657 0.5216262975778547
vt 0.7950351211072665 0.5217391868512111
vt 0.7952423010380624 0.523356401384083
vt 0.8189296712802768 0.38927335640138405
vt 0.8189296712802768 0.38754325259515576
vt 0.81546946366782 0.38754325259515576
vt 0.81546946366782 0.38927335640138405
vt 0.81546946366782 0.38927335640138405
vt 0.81546946366782 0.38754325259515576
vt 0.8123419550173011 0.3879088235294118
vt 0.8125309688581315 0.38927335640138405
vt 0.8187277681660899 0.20242214532871972
vt 0.8187277681660899 0.20069204152249132
vt 0.8152675605536333 0.20069204152249132
vt 0.8152675605536333 0.20242214532871972
vt 0.8152675605536333 0.20242214532871972
vt 0.8152675605536333 0.20069204152249132
vt 0.8123532871972319 0.20109143598615908
vt 0.8123275951557094 0.20242214532871972
vt 0.2201567820069204 0.18583961072664368
vt 0.22110891003460206 0.18490484429065746
vt 0.2179930795847751 0.18490484429065746
vt 0.736159169550173 0.20236916955017303
vt 0.7359616435986159 0.20025951557093424
vt 0.7329381141868513 0.20101239619377165
vt 0.7327727162629757 0.20236916955017303
vt 0.7932525951557093 0.48182994809688573
vt 0.7982722491349481 0.48182994809688573
vt 0.7969370415224913 0.4798875432525952
vt 0.6885456747404844 0.1919568339100346
vt 0.6885456747404844 0.1867665224913495
vt 0.6850854671280276 0.1867665224913495
vt 0.6850854671280276 0.1919568339100346
vt 0.6850854671280276 0.1919568339100346
vt 0.6850854671280276 0.1867665224913495
vt 0.6821627162629758 0.1870975778546713
vt 0.6816965397923875 0.19204152249134943
vt 0.8148724048442906 0.18842120242214533
vt 0.8148724048442906 0.1842560553633218
vt 0.8114186851211073 0.18658301903114183
vt 0.314878892733564 0.18620242214532867
vt 0.31228373702422146 0.18668659169550172
vt 0.3128341262975779 0.19081451557093432
vt 0.314878892733564 0.19102481833910034
vt 0.20729881487889273 0.18858131487889274
vt 0.2073961937716263 0.18512110726643594
vt 0.20255666089965396 0.18512110726643594
vt 0.2026387197231834 0.18770532871972312
vt 0.26600346020761245 0.1877162629757786
vt 0.26525876297577855 0.18519294982698953
vt 0.26059367647058823 0.1860560553633217
vt 0.26112269896193774 0.1877162629757786
vt 0.29428582179930796 0.18843766435986153
vt 0.29563148788927335 0.1875148961937716
vt 0.29428582179930796 0.18295847750865057
vt 0.789112249134948 0.442813044982699
vt 0.7915224913494809 0.442813044982699
vt 0.7890320761245675 0.4379325259515571
vt 0.182678330449827 0.18555363321799312
vt 0.182678330449827 0.1903045847750865
vt 0.1842560553633218 0.18667279411764715
vt 0.66185276816609 0.1850094031141868
vt 0.6637110726643599 0.18850586505190314
vt 0.6637110726643599 0.18447231833910038
vt 0.40405544117647063 0.20177335640138405
vt 0.40405544117647063 0.20580692041522486
vt 0.40484429065743943 0.20241401384083046
vt 0.630551946366782 0.19117647058823528
vt 0.630551946366782 0.1877162629757786
vt 0.6270917387543252 0.1877162629757786
vt 0.6270917387543252 0.19117647058823528
vt 0.6270917387543252 0.19117647058823528
vt 0.6270917387543252 0.1877162629757786
vt 0.6220432093425605 0.18775397923875425
vt 0.6226822231833911 0.19117647058823528
vt 0.01643598615916955 0.8685121107266436
vt 0.01643598615916955 0.8693771626297577
vt 0.012975778546712802 0.8693771626297577
vt 0.012975778546712802 0.8685121107266436
vt 0.020761245674740483 0.8685121107266436
vt 0.020761245674740483 0.8693771626297577
vt 0.01730103806228374 0.8693771626297577
vt 0.01730103806228374 0.8685121107266436
vt 0.01643598615916955 0.8728373702422145
vt 0.01643598615916955 0.8693771626297577
vt 0.01730103806228374 0.8693771626297577
vt 0.01730103806228374 0.8728373702422145
vt 0.01730103806228374 0.8693771626297577
vt 0.01730103806228374 0.8728373702422145
vt 0.018166089965397925 0.8728373702422145
vt 0.018166089965397925 0.8693771626297577
vt 0.02162629757785467 0.8685121107266436
vt 0.02162629757785467 0.8693771626297577
vt 0.020761245674740483 0.8693771626297577
vt 0.020761245674740483 0.8685121107266436
vt 0.01730103806228374 0.8685121107266436
vt 0.01730103806228374 0.8693771626297577
vt 0.01643598615916955 0.8693771626297577
vt 0.01643598615916955 0.8685121107266436
vn -0.6488279999798303 0.30362096352248796 -0.6977367246690183
vn -0.713059249545789 0.08913285185748293 -0.6954148699567391
vn -0.7067145541987666 0.00404356203909229 -0.7074872355666034
vn -0.7083577364750899 -0.0020537209419544517 -0.7058506211700744
vn -0.6778694414036072 -0.09398860696446179 -0.7291496157662305
vn -0.0000016889719208184247 0.6755887682329375 -0.737278655756865
vn -0.19450314720670608 0.6626887452743112 -0.7231957913410763
vn 0 0.5372966605623768 -0.8433933237514499
vn -0.2030127017973567 0.5261098017846865 -0.8258294735446389
vn 0.0000023096913674821856 0.3826906406655958 -0.9238765466996233
vn -0.22573754985283656 0.37280541618958324 -0.9000325995463442
vn 0.000002478617117692105 0.13052991718328102 -0.9914443709628807
vn -0.2425360328186181 0.12662904113210843 -0.9618426891787291
vn 0 0 -1
vn -0.25560414531173703 0 -0.9667815269746607
vn -0.0000010565416251610484 -0.4226166500616507 -0.9063085385725724
vn -0.2506759922150467 -0.4091250636637247 -0.8773700640033004
vn -0.0000015219012946029462 -0.7933552073914982 -0.6087589957466556
vn -0.2632948224184519 -0.7653611985910467 -0.5872802330905685
vn -0.5337599941965913 -0.706799865323223 -0.464256630511971
vn -0.6293940821630417 -0.5756785144517113 -0.5219744604258079
vn -0.4910340577941624 -0.7838097718277931 -0.38016811501421593
vn -0.000002414807793519293 -0.9659255322091828 -0.2588201426098359
vn -0.27343441055886936 -0.9291143375250326 -0.24895817104032425
vn -0.4095244371122058 -0.8064724797832751 -0.4264878365910874
vn -0.7186451798975484 -0.40607734590529837 -0.5644911819971407
vn -0.8372206743053376 0.052324329903222666 -0.5443562317232116
vn -0.8388370259261617 0.13980617098769366 -0.5261242044319114
vn -0.7378380424715675 0.3758063557076912 -0.5606822683939895
vn -0.7376799509973664 0.3763578544766397 -0.560520343315266
vn -0.7384079020334121 0.36919461584769153 -0.5643129502711155
vn -0.7384094625925258 0.36920190976558087 -0.5643061362232961
vn -0.5816979660061102 0.5463230120761279 -0.6026264538007117
vn 0.0000016069650961956945 0.7660457601530681 -0.6427860401011566
vn -0.17118355032301752 0.7547350290286807 -0.6333018459280562
vn 0.648829574656129 0.30361769172566283 -0.6977366840884368
vn 0.7130603615917341 0.0891294255442867 -0.6954141688438704
vn 0.7067159577657947 0.004043221141073872 -0.7074858354779833
vn 0.7083577364750899 -0.0020537209419544443 -0.7058506211700744
vn 0.6778683478981915 -0.0939884654708071 -0.7291506506039882
vn 0 0.6755914861142565 -0.7372761652799653
vn 0.19450445565546784 0.6626861270674338 -0.7231978385770628
vn 0.0000021084833100531607 0.5372966605552548 -0.8433933237533515
vn 0.20301103486276542 0.5261099874822142 -0.8258297650214683
vn 0 0.38268637291852303 -0.9238783144886915
vn 0.2257367458772861 0.37280616685377477 -0.9000324902560625
vn 0 0.13052500237229764 -0.9914450180195127
vn 0.24253633076911302 0.12663379947604567 -0.9618419875880425
vn -0.000002500006250801349 1.2500093754479344e-11 -0.999999999996875
vn 0.25560655495822604 0 -0.9667808898930447
vn -1.5267667041436847e-7 -0.4226185651770067 -0.9063076455419015
vn 0.2506781099707864 -0.4091266858740401 -0.8773687024775837
vn 0 -0.793355207392417 -0.6087589957473606
vn 0.26329594182561544 -0.7653635451887422 -0.587276673054773
vn 0.5337599941965913 -0.706799865323223 -0.46425663051197097
vn 0.6293928019965982 -0.5756787724659721 -0.5219757194802671
vn 0.4910340577941624 -0.7838097718277931 -0.38016811501421593
vn 0.0000030618613413569013 -0.9659259488759773 -0.2588185875834038
vn 0.27343368177784805 -0.9291144196833013 -0.24895866485417417
vn 0.4095244371122058 -0.8064724797832751 -0.4264878365910874
vn 0.7186441120164802 -0.40608080753004144 -0.5644900513027614
vn 0.8372205627899204 0.052327776883992386 -0.5443560718942226
vn 0.8388368817902818 0.13980543559045405 -0.5261246296532034
vn 0.7378351974148778 0.3758138251017335 -0.5606810058474889
vn 0.7376803876625447 0.37635387303739265 -0.5605224419305546
vn 0.7384075317616294 0.36919356023486954 -0.56431412539365
vn 0.7384096555722568 0.3691992897414017 -0.5643075978684904
vn 0.5816890859803657 0.5463291798564287 -0.6026294338054928
vn 0 0.7660447272187054 -0.6427872711095169
vn 0.17118463333621067 0.7547360977213036 -0.6333002795719942
vn 0 -0.9659255322130408 0.258820142606703
vn 0 0.9659261572134337 -0.2588178100728177
vn 0.9999999999468756 0.000010306261581316079 -1.7337435371187252e-7
vn -1 0 0
vn 0 0.25882139261811843 0.9659251972711023
vn 0 -0.2588188926069276 -0.9659258671501266
usemtl m_e0db7bc8-3143-46ee-7892-9d64a2bdd70a
f 1675/3511/887 1676/3512/887 1677/3513/887
f 1678/3514/888 1679/3515/888 1680/3516/888 1681/3517/888
f 1682/3518/889 1683/3519/889 1684/3520/889
f 1685/3521/890 1686/3522/890 1687/3523/890
f 1688/3524/891 1689/3525/891 1690/3526/891
f 1691/3527/892 1692/3528/892 1693/3529/892 1694/3530/892
f 1695/3531/893 1691/3532/893 1694/3533/893 1696/3534/893
f 1697/3535/894 1698/3536/894 1699/3537/894 1700/3538/894
f 1701/3539/895 1697/3540/895 1700/3541/895 1702/3542/895
f 1703/3543/896 1704/3544/896 1705/3545/896 1706/3546/896
f 1707/3547/897 1703/3548/897 1706/3549/897 1708/3550/897
f 1709/3551/898 1710/3552/898 1711/3553/898 1712/3554/898
f 1713/3555/899 1709/3556/899 1712/3557/899 1714/3558/899
f 1715/3559/900 1716/3560/900 1717/3561/900 1718/3562/900
f 1719/3563/901 1715/3564/901 1718/3565/901 1720/3566/901
f 1721/3567/902 1722/3568/902 1723/3569/902 1724/3570/902
f 1725/3571/903 1721/3572/903 1724/3573/903 1726/3574/903
f 1727/3575/904 1728/3576/904 1729/3577/904 1730/3578/904
f 1731/3579/905 1727/3580/905 1730/3581/905 1732/3582/905
f 1733/3583/906 1734/3584/906 1735/3585/906
f 1736/3586/907 1737/3587/907 1738/3588/907 1739/3589/907
f 1740/3590/908 1741/3591/908 1742/3592/908
f 1743/3593/909 1744/3594/909 1745/3595/909 1746/3596/909
f 1747/3597/910 1743/3598/910 1746/3599/910 1748/3600/910
f 1749/3601/911 1750/3602/911 1751/3603/911
f 1752/3604/912 1753/3605/912 1754/3606/912 1755/3607/912
f 1756/3608/913 1757/3609/913 1758/3610/913 1759/3611/913
f 1760/3612/914 1761/3613/914 1762/3614/914 1763/3615/914
f 1764/3616/915 1765/3617/915 1766/3618/915
f 1767/3619/916 1768/3620/916 1769/3621/916
f 1770/3622/917 1771/3623/917 1772/3624/917
f 1773/3625/918 1774/3626/918 1775/3627/918
f 1776/3628/919 1777/3629/919 1778/3630/919
f 1779/3631/920 1780/3632/920 1781/3633/920 1782/3634/920
f 1783/3635/921 1779/3636/921 1782/3637/921 1784/3638/921
f 1785/3639/922 1786/3640/922 1787/3641/922
f 1788/3642/923 1789/3643/923 1790/3644/923 1791/3645/923
f 1792/3646/924 1793/3647/924 1794/3648/924
f 1795/3649/925 1796/3650/925 1797/3651/925
f 1798/3652/926 1799/3653/926 1800/3654/926
f 1801/3655/927 1802/3656/927 1803/3657/927 1804/3658/927
f 1804/3659/928 1803/3660/928 1805/3661/928 1806/3662/928
f 1807/3663/929 1808/3664/929 1809/3665/929 1810/3666/929
f 1810/3667/930 1809/3668/930 1811/3669/930 1812/3670/930
f 1813/3671/931 1814/3672/931 1815/3673/931 1816/3674/931
f 1816/3675/932 1815/3676/932 1817/3677/932 1818/3678/932
f 1819/3679/933 1820/3680/933 1821/3681/933 1822/3682/933
f 1822/3683/934 1821/3684/934 1823/3685/934 1824/3686/934
f 1825/3687/935 1826/3688/935 1827/3689/935 1828/3690/935
f 1828/3691/936 1827/3692/936 1829/3693/936 1830/3694/936
f 1831/3695/937 1832/3696/937 1833/3697/937 1834/3698/937
f 1834/3699/938 1833/3700/938 1835/3701/938 1836/3702/938
f 1837/3703/939 1838/3704/939 1839/3705/939 1840/3706/939
f 1840/3707/940 1839/3708/940 1841/3709/940 1842/3710/940
f 1843/3711/941 1844/3712/941 1845/3713/941
f 1846/3714/942 1847/3715/942 1848/3716/942 1849/3717/942
f 1850/3718/943 1851/3719/943 1852/3720/943
f 1853/3721/944 1854/3722/944 1855/3723/944 1856/3724/944
f 1856/3725/945 1855/3726/945 1857/3727/945 1858/3728/945
f 1859/3729/946 1860/3730/946 1861/3731/946
f 1862/3732/947 1863/3733/947 1864/3734/947 1865/3735/947
f 1866/3736/948 1867/3737/948 1868/3738/948 1869/3739/948
f 1870/3740/949 1871/3741/949 1872/3742/949 1873/3743/949
f 1874/3744/950 1875/3745/950 1876/3746/950
f 1877/3747/951 1878/3748/951 1879/3749/951
f 1880/3750/952 1881/3751/952 1882/3752/952
f 1883/3753/953 1884/3754/953 1885/3755/953
f 1886/3756/954 1887/3757/954 1888/3758/954
f 1889/3759/955 1890/3760/955 1891/3761/955 1892/3762/955
f 1892/3763/956 1891/3764/956 1893/3765/956 1894/3766/956
f 1895/3767/957 1896/3768/957 1897/3769/957 1898/3770/957
f 1899/3771/958 1900/3772/958 1901/3773/958 1902/3774/958
f 1897/3775/959 1896/3776/959 1901/3777/959 1900/3778/959
f 1895/3779/960 1898/3780/960 1899/3781/960 1902/3782/960
f 1898/3783/961 1897/3784/961 1900/3785/961 1899/3786/961
f 1902/3787/962 1901/3788/962 1896/3789/962 1895/3790/962
o car1_windows
v -0.685820625 1.845130625 -9.447770625
v -0.748320625 2.501380625 -8.385270625
v 0.74832 2.501380625 -8.385270625
v 0.685820625 1.845130625 -9.44777125
v -1.34149 1.840025625 -7.14079375
v -1.22797125 2.45590875 -7.11049375
v -1.200314375 2.111255625 -8.082495625
v -1.32397375 1.7233325 -7.83229875
v 1.200314375 2.111255625 -8.082495625
v 1.22797125 2.45590875 -7.11049375
v 1.34149 1.840025625 -7.14079375
v 1.32397375 1.7233325 -7.83229875
vt 0.6695965657439447 0.21020761245674735
vt 0.6687316349480968 0.19290657439446368
vt 0.6894463667820069 0.19290657439446368
vt 0.6885812370242215 0.21020761245674735
vt 0.6695965657439447 0.21020761245674735
vt 0.6687316349480968 0.19290657439446368
vt 0.6894463667820069 0.19290657439446368
vt 0.6885812370242215 0.21020761245674735
vt 0.6894463667820069 0.19290657439446368
vt 0.6687316349480968 0.19290657439446368
vt 0.6695965657439447 0.21020761245674735
vt 0.6885812370242215 0.21020761245674735
vn 0 0.8507979973592923 -0.5254928807219158
vn -0.9783057388670704 0.1849152374262853 -0.0934036202046578
vn 0.9783057388670704 0.1849152374262853 -0.0934036202046578
usemtl m_e0db7bc8-3143-46ee-7892-9d64a2bdd70a
f 1903/3791/963 1904/3792/963 1905/3793/963 1906/3794/963
f 1907/3795/964 1908/3796/964 1909/3797/964 1910/3798/964
f 1911/3799/965 1912/3800/965 1913/3801/965 1914/3802/965
o car1_light_front_forward
v -0.561515 0.946875 -10.8125
v -0.561515 0.946875 -10.8125
v -0.561515 0.759375 -10.8125
v -0.561515 0.759375 -10.8125
v -0.749015 0.946875 -10.8125
v -0.749015 0.946875 -10.8125
v -0.749015 0.759375 -10.8125
v -0.749015 0.759375 -10.8125
v 0.749015 0.946875 -10.8125
v 0.749015 0.946875 -10.8125
v 0.749015 0.759375 -10.8125
v 0.749015 0.759375 -10.8125
v 0.561515 0.946875 -10.8125
v 0.561515 0.946875 -10.8125
v 0.561515 0.759375 -10.8125
v 0.561515 0.759375 -10.8125
v 0.09375 2.96875 -7.296875
v 0.09375 2.96875 -7.296875
v 0.09375 2.78125 -7.296875
v 0.09375 2.78125 -7.296875
v -0.09375 2.96875 -7.296875
v -0.09375 2.96875 -7.296875
v -0.09375 2.78125 -7.296875
v -0.09375 2.78125 -7.296875
vt 0.2759515570934256 0.9273356401384083
vt 0.2759515570934256 0.9273356401384083
vt 0.2759515570934256 0.9247404844290658
vt 0.2759515570934256 0.9247404844290658
vt 0.27854671280276816 0.9273356401384083
vt 0.27854671280276816 0.9273356401384083
vt 0.27854671280276816 0.9247404844290658
vt 0.27854671280276816 0.9247404844290658
vt 0.2759515570934256 0.9273356401384083
vt 0.27854671280276816 0.9273356401384083
vt 0.2759515570934256 0.9273356401384083
vt 0.27854671280276816 0.9273356401384083
vt 0.27854671280276816 0.9273356401384083
vt 0.2811418685121107 0.9273356401384083
vt 0.27854671280276816 0.9273356401384083
vt 0.2811418685121107 0.9273356401384083
vt 0.27854671280276816 0.9247404844290658
vt 0.27854671280276816 0.9273356401384083
vt 0.2759515570934256 0.9273356401384083
vt 0.2759515570934256 0.9247404844290658
vt 0.27854671280276816 0.9273356401384083
vt 0.27854671280276816 0.9273356401384083
vt 0.27854671280276816 0.9247404844290658
vt 0.27854671280276816 0.9247404844290658
vt 0.2759515570934256 0.9273356401384083
vt 0.2759515570934256 0.9273356401384083
vt 0.2759515570934256 0.9247404844290658
vt 0.2759515570934256 0.9247404844290658
vt 0.27854671280276816 0.9273356401384083
vt 0.2759515570934256 0.9273356401384083
vt 0.27854671280276816 0.9273356401384083
vt 0.2759515570934256 0.9273356401384083
vt 0.2811418685121107 0.9273356401384083
vt 0.27854671280276816 0.9273356401384083
vt 0.2811418685121107 0.9273356401384083
vt 0.27854671280276816 0.9273356401384083
vt 0.2759515570934256 0.9247404844290658
vt 0.2759515570934256 0.9273356401384083
vt 0.27854671280276816 0.9273356401384083
vt 0.27854671280276816 0.9247404844290658
vt 0.2759515570934256 0.9273356401384083
vt 0.2759515570934256 0.9273356401384083
vt 0.2759515570934256 0.9247404844290658
vt 0.2759515570934256 0.9247404844290658
vt 0.27854671280276816 0.9273356401384083
vt 0.27854671280276816 0.9273356401384083
vt 0.27854671280276816 0.9247404844290658
vt 0.27854671280276816 0.9247404844290658
vt 0.2759515570934256 0.9273356401384083
vt 0.27854671280276816 0.9273356401384083
vt 0.2759515570934256 0.9273356401384083
vt 0.27854671280276816 0.9273356401384083
vt 0.27854671280276816 0.9273356401384083
vt 0.2811418685121107 0.9273356401384083
vt 0.27854671280276816 0.9273356401384083
vt 0.2811418685121107 0.9273356401384083
vt 0.2759515570934256 0.9273356401384083
vt 0.27854671280276816 0.9273356401384083
vt 0.27854671280276816 0.9247404844290658
vt 0.2759515570934256 0.9247404844290658
vn 0 0 0
vn 0 0 0
vn 0 0 0
vn 0 0 0
vn 0 0 -1
vn 0 0 0
vn 0 0 0
vn 0 0 0
vn 0 0 0
vn 0 0 -1
vn 0 0 0
vn 0 0 0
vn 0 0 0
vn 0 0 0
vn 0 0 -1
usemtl m_e0db7bc8-3143-46ee-7892-9d64a2bdd70a
f 1915/3803/966 1916/3804/966 1917/3805/966 1918/3806/966
f 1919/3807/967 1920/3808/967 1921/3809/967 1922/3810/967
f 1915/3811/968 1920/3812/968 1916/3813/968 1919/3814/968
f 1918/3815/969 1921/3816/969 1917/3817/969 1922/3818/969
f 1922/3819/970 1920/3820/970 1915/3821/970 1917/3822/970
f 1923/3823/971 1924/3824/971 1925/3825/971 1926/3826/971
f 1927/3827/972 1928/3828/972 1929/3829/972 1930/3830/972
f 1923/3831/973 1928/3832/973 1924/3833/973 1927/3834/973
f 1926/3835/974 1929/3836/974 1925/3837/974 1930/3838/974
f 1930/3839/975 1928/3840/975 1923/3841/975 1925/3842/975
f 1931/3843/976 1932/3844/976 1933/3845/976 1934/3846/976
f 1935/3847/977 1936/3848/977 1937/3849/977 1938/3850/977
f 1931/3851/978 1936/3852/978 1932/3853/978 1935/3854/978
f 1934/3855/979 1937/3856/979 1933/3857/979 1938/3858/979
f 1935/3859/980 1932/3860/980 1934/3861/980 1937/3862/980
o car1_light_front_backward
v -0.311515 0.946875 -10.90625
v -0.311515 0.946875 -10.90625
v -0.311515 0.759375 -10.90625
v -0.311515 0.759375 -10.90625
v -0.499015 0.946875 -10.90625
v -0.499015 0.946875 -10.90625
v -0.499015 0.759375 -10.90625
v -0.499015 0.759375 -10.90625
v 0.499015 0.946875 -10.90625
v 0.499015 0.946875 -10.90625
v 0.499015 0.759375 -10.90625
v 0.499015 0.759375 -10.90625
v 0.311515 0.946875 -10.90625
v 0.311515 0.946875 -10.90625
v 0.311515 0.759375 -10.90625
v 0.311515 0.759375 -10.90625
vt 0.2759515570934256 0.9230103806228374
vt 0.2759515570934256 0.9230103806228374
vt 0.2759515570934256 0.9204152249134948
vt 0.2759515570934256 0.9204152249134948
vt 0.27854671280276816 0.9230103806228374
vt 0.27854671280276816 0.9230103806228374
vt 0.27854671280276816 0.9204152249134948
vt 0.27854671280276816 0.9204152249134948
vt 0.2759515570934256 0.9230103806228374
vt 0.27854671280276816 0.9230103806228374
vt 0.2759515570934256 0.9230103806228374
vt 0.27854671280276816 0.9230103806228374
vt 0.27854671280276816 0.9230103806228374
vt 0.2811418685121107 0.9230103806228374
vt 0.27854671280276816 0.9230103806228374
vt 0.2811418685121107 0.9230103806228374
vt 0.27854671280276816 0.9230103806228374
vt 0.27854671280276816 0.9230103806228374
vt 0.27854671280276816 0.9204152249134948
vt 0.27854671280276816 0.9204152249134948
vt 0.2759515570934256 0.9230103806228374
vt 0.2759515570934256 0.9230103806228374
vt 0.2759515570934256 0.9204152249134948
vt 0.2759515570934256 0.9204152249134948
vt 0.27854671280276816 0.9230103806228374
vt 0.2759515570934256 0.9230103806228374
vt 0.27854671280276816 0.9230103806228374
vt 0.2759515570934256 0.9230103806228374
vt 0.2811418685121107 0.9230103806228374
vt 0.27854671280276816 0.9230103806228374
vt 0.2811418685121107 0.9230103806228374
vt 0.27854671280276816 0.9230103806228374
vt 0.27854671280276816 0.9204152249134948
vt 0.27854671280276816 0.9230103806228374
vt 0.2759515570934256 0.9230103806228374
vt 0.2759515570934256 0.9204152249134948
vt 0.2759515570934256 0.9204152249134948
vt 0.2759515570934256 0.9230103806228374
vt 0.27854671280276816 0.9230103806228374
vt 0.27854671280276816 0.9204152249134948
vn 0 0 0
vn 0 0 0
vn 0 0 0
vn 0 0 0
vn 0 0 0
vn 0 0 0
vn 0 0 0
vn 0 0 0
vn 0 0 -1
vn 0 0 -1
usemtl m_e0db7bc8-3143-46ee-7892-9d64a2bdd70a
f 1939/3863/981 1940/3864/981 1941/3865/981 1942/3866/981
f 1943/3867/982 1944/3868/982 1945/3869/982 1946/3870/982
f 1939/3871/983 1944/3872/983 1940/3873/983 1943/3874/983
f 1942/3875/984 1945/3876/984 1941/3877/984 1946/3878/984
f 1947/3879/985 1948/3880/985 1949/3881/985 1950/3882/985
f 1951/3883/986 1952/3884/986 1953/3885/986 1954/3886/986
f 1947/3887/987 1952/3888/987 1948/3889/987 1951/3890/987
f 1950/3891/988 1953/3892/988 1949/3893/988 1954/3894/988
f 1946/3895/989 1944/3896/989 1939/3897/989 1941/3898/989
f 1954/3899/990 1952/3900/990 1947/3901/990 1949/3902/990
o car1_panto_down
v 0.25 2.5625 7.46875
v 0.25 2.8125 7.46875
v 0.25 2.8125 9.59375
v 0.25 2.5625 9.59375
v -0.25 2.5625 9.59375
v -0.25 2.8125 9.59375
v -0.25 2.8125 7.46875
v -0.25 2.5625 7.46875
v 0.03125 2.471474375 8.785715625
v 0.03125 2.53373625 8.780268125
v 0.03125 2.713495 10.83492
v 0.03125 2.651233125 10.840366875
v -0.03125 2.651233125 10.840366875
v -0.03125 2.713495 10.83492
v -0.03125 2.53373625 8.780268125
v -0.03125 2.471474375 8.785715625
v 0.0625 2.587773125 8.78036375
v 0.0625 2.71265375 8.774911875
v 0.0625 2.80261875 10.83544875
v 0.0625 2.677738125 10.84090125
v -0.0625 2.677738125 10.84090125
v -0.0625 2.80261875 10.83544875
v -0.0625 2.71265375 8.774911875
v -0.0625 2.587773125 8.78036375
v -0.1298025 2.75658625 10.7825225
v -0.13412375 2.818689375 10.788070625
v -0.21371 2.94649125 9.295645625
v -0.20938875 2.884388125 9.290096875
v -0.14712625 2.8889825 9.287170625
v -0.151448125 2.951085 9.29271875
v -0.071861875 2.82328375 10.78514375
v -0.06754 2.761180625 10.779595625
v -0.86489375 3.105573125 9.2753675
v -0.9007425 3.15677 9.2753675
v -0.9007425 3.15677 9.1503675
v -0.86489375 3.105573125 9.1503675
v -0.7113025 3.21311875 9.1503675
v -0.74715125 3.264315625 9.1503675
v -0.74715125 3.264315625 9.2753675
v -0.7113025 3.21311875 9.2753675
v -0.73629875 3.202765 9.2753675
v -0.747151875 3.264315625 9.2753675
v -0.747151875 3.264315625 9.1503675
v -0.73629875 3.202765 9.1503675
v -0.551646875 3.235324375 9.1503675
v -0.5625 3.296875 9.1503675
v -0.5625 3.296875 9.2753675
v -0.551646875 3.235324375 9.2753675
v -0.90614 2.959201875 9.2441175
v -0.96487125 2.980578125 9.2441175
v -0.96487125 2.980578125 9.1816175
v -0.90614 2.959201875 9.1816175
v -0.84201125 3.135394375 9.1816175
v -0.9007425 3.156770625 9.1816175
v -0.9007425 3.156770625 9.2441175
v -0.84201125 3.135394375 9.2441175
v 0.84201125 3.135394375 9.2441175
v 0.9007425 3.156770625 9.2441175
v 0.9007425 3.156770625 9.1816175
v 0.84201125 3.135394375 9.1816175
v 0.90614 2.959201875 9.1816175
v 0.96487125 2.980578125 9.1816175
v 0.96487125 2.980578125 9.2441175
v 0.90614 2.959201875 9.2441175
v 0.7113025 3.21311875 9.2753675
v 0.74715125 3.264315625 9.2753675
v 0.74715125 3.264315625 9.1503675
v 0.7113025 3.21311875 9.1503675
v 0.86489375 3.105573125 9.1503675
v 0.9007425 3.15677 9.1503675
v 0.9007425 3.15677 9.2753675
v 0.86489375 3.105573125 9.2753675
v 0.551646875 3.235324375 9.2753675
v 0.5625 3.296875 9.2753675
v 0.5625 3.296875 9.1503675
v 0.551646875 3.235324375 9.1503675
v 0.73629875 3.202765 9.1503675
v 0.747151875 3.264315625 9.1503675
v 0.747151875 3.264315625 9.2753675
v 0.73629875 3.202765 9.2753675
v -0.5625 3.234375 9.2753675
v -0.5625 3.296875 9.2753675
v -0.5625 3.296875 9.1503675
v -0.5625 3.234375 9.1503675
v 0.5625 3.234375 9.1503675
v 0.5625 3.296875 9.1503675
v 0.5625 3.296875 9.2753675
v 0.5625 3.234375 9.2753675
v -0.3125 3.109375 9.3378675
v -0.3125 3.234375 9.3378675
v -0.3125 3.234375 9.1503675
v -0.3125 3.109375 9.1503675
v 0.3125 3.109375 9.1503675
v 0.3125 3.234375 9.1503675
v 0.3125 3.234375 9.3378675
v 0.3125 3.109375 9.3378675
v 0.125 2.876654375 9.432409375
v 0.125 3.189154375 9.432409375
v 0.125 3.189154375 9.182409375
v 0.125 2.876654375 9.182409375
v 0.25 2.876654375 9.182409375
v 0.25 3.189154375 9.182409375
v 0.25 3.189154375 9.432409375
v 0.25 2.876654375 9.432409375
v -0.25 2.876654375 9.432409375
v -0.25 3.189154375 9.432409375
v -0.25 3.189154375 9.182409375
v -0.25 2.876654375 9.182409375
v -0.125 2.876654375 9.182409375
v -0.125 3.189154375 9.182409375
v -0.125 3.189154375 9.432409375
v -0.125 2.876654375 9.432409375
v -0.1875 2.703125 10.8378675
v -0.1875 2.828125 10.8378675
v -0.1875 2.828125 10.7128675
v -0.1875 2.703125 10.7128675
v 0.1875 2.703125 10.7128675
v 0.1875 2.828125 10.7128675
v 0.1875 2.828125 10.8378675
v 0.1875 2.703125 10.8378675
v 0.06754 2.761180625 10.779595625
v 0.071861875 2.82328375 10.78514375
v 0.151448125 2.951085 9.29271875
v 0.14712625 2.8889825 9.287170625
v 0.20938875 2.884388125 9.290096875
v 0.21371 2.94649125 9.295645625
v 0.13412375 2.818689375 10.788070625
v 0.1298025 2.75658625 10.7825225
v -0.06754 2.761180625 6.470436875
v -0.071861875 2.82328375 6.46488875
v -0.151448125 2.951085 7.95731375
v -0.14712625 2.8889825 7.962861875
v -0.20938875 2.884388125 7.959935625
v -0.21371 2.94649125 7.954386875
v -0.13412375 2.818689375 6.461961875
v -0.1298025 2.75658625 6.46751
v 0.1875 2.703125 6.412165
v 0.1875 2.828125 6.412165
v 0.1875 2.828125 6.537165
v 0.1875 2.703125 6.537165
v -0.1875 2.703125 6.537165
v -0.1875 2.828125 6.537165
v -0.1875 2.828125 6.412165
v -0.1875 2.703125 6.412165
v 0.25 2.876654375 7.817623125
v 0.25 3.189154375 7.817623125
v 0.25 3.189154375 8.067623125
v 0.25 2.876654375 8.067623125
v 0.125 2.876654375 8.067623125
v 0.125 3.189154375 8.067623125
v 0.125 3.189154375 7.817623125
v 0.125 2.876654375 7.817623125
v -0.125 2.876654375 7.817623125
v -0.125 3.189154375 7.817623125
v -0.125 3.189154375 8.067623125
v -0.125 2.876654375 8.067623125
v -0.25 2.876654375 8.067623125
v -0.25 3.189154375 8.067623125
v -0.25 3.189154375 7.817623125
v -0.25 2.876654375 7.817623125
v 0.3125 3.109375 7.912165
v 0.3125 3.234375 7.912165
v 0.3125 3.234375 8.099665
v 0.3125 3.109375 8.099665
v -0.3125 3.109375 8.099665
v -0.3125 3.234375 8.099665
v -0.3125 3.234375 7.912165
v -0.3125 3.109375 7.912165
v 0.5625 3.234375 7.974665
v 0.5625 3.296875 7.974665
v 0.5625 3.296875 8.099665
v 0.5625 3.234375 8.099665
v -0.5625 3.234375 8.099665
v -0.5625 3.296875 8.099665
v -0.5625 3.296875 7.974665
v -0.5625 3.234375 7.974665
v -0.551646875 3.235324375 7.974665
v -0.5625 3.296875 7.974665
v -0.5625 3.296875 8.099665
v -0.551646875 3.235324375 8.099665
v -0.73629875 3.202765 8.099665
v -0.747151875 3.264315625 8.099665
v -0.747151875 3.264315625 7.974665
v -0.73629875 3.202765 7.974665
v -0.7113025 3.21311875 7.974665
v -0.74715125 3.264315625 7.974665
v -0.74715125 3.264315625 8.099665
v -0.7113025 3.21311875 8.099665
v -0.86489375 3.105573125 8.099665
v -0.9007425 3.15677 8.099665
v -0.9007425 3.15677 7.974665
v -0.86489375 3.105573125 7.974665
v -0.84201125 3.135394375 8.005915
v -0.9007425 3.156770625 8.005915
v -0.9007425 3.156770625 8.068415
v -0.84201125 3.135394375 8.068415
v -0.90614 2.959201875 8.068415
v -0.96487125 2.980578125 8.068415
v -0.96487125 2.980578125 8.005915
v -0.90614 2.959201875 8.005915
v 0.90614 2.959201875 8.005915
v 0.96487125 2.980578125 8.005915
v 0.96487125 2.980578125 8.068415
v 0.90614 2.959201875 8.068415
v 0.84201125 3.135394375 8.068415
v 0.9007425 3.156770625 8.068415
v 0.9007425 3.156770625 8.005915
v 0.84201125 3.135394375 8.005915
v 0.73629875 3.202765 7.974665
v 0.747151875 3.264315625 7.974665
v 0.747151875 3.264315625 8.099665
v 0.73629875 3.202765 8.099665
v 0.551646875 3.235324375 8.099665
v 0.5625 3.296875 8.099665
v 0.5625 3.296875 7.974665
v 0.551646875 3.235324375 7.974665
v 0.86489375 3.105573125 7.974665
v 0.9007425 3.15677 7.974665
v 0.9007425 3.15677 8.099665
v 0.86489375 3.105573125 8.099665
v 0.7113025 3.21311875 8.099665
v 0.74715125 3.264315625 8.099665
v 0.74715125 3.264315625 7.974665
v 0.7113025 3.21311875 7.974665
v 0.1298025 2.75658625 6.46751
v 0.13412375 2.818689375 6.461961875
v 0.21371 2.94649125 7.954386875
v 0.20938875 2.884388125 7.959935625
v 0.14712625 2.8889825 7.962861875
v 0.151448125 2.951085 7.95731375
v 0.071861875 2.82328375 6.46488875
v 0.06754 2.761180625 6.470436875
v -0.0625 2.587773125 8.46966875
v -0.0625 2.71265375 8.475120625
v -0.0625 2.80261875 6.41458375
v -0.0625 2.677738125 6.40913125
v 0.0625 2.677738125 6.40913125
v 0.0625 2.80261875 6.41458375
v 0.0625 2.71265375 8.475120625
v 0.0625 2.587773125 8.46966875
v -0.03125 2.471474375 8.464316875
v -0.03125 2.53373625 8.469764375
v -0.03125 2.713495 6.4151125
v -0.03125 2.651233125 6.409665625
v 0.03125 2.651233125 6.409665625
v 0.03125 2.713495 6.4151125
v 0.03125 2.53373625 8.469764375
v 0.03125 2.471474375 8.464316875
v -0.625 2.5625 10.78125
v -0.625 3 10.78125
v -0.625 3 11.03125
v -0.625 2.5625 11.03125
v -0.875 2.5625 11.03125
v -0.875 3 11.03125
v -0.875 3 10.78125
v -0.875 2.5625 10.78125
v 0.0625 2.5625 11.09375
v 0.0625 2.875 11.09375
v 0.0625 2.875 11.21875
v 0.0625 2.5625 11.21875
v -0.0625 2.5625 11.21875
v -0.0625 2.875 11.21875
v -0.0625 2.875 11.09375
v -0.0625 2.5625 11.09375
v 0.875 2.5625 10.78125
v 0.875 3 10.78125
v 0.875 3 11.03125
v 0.875 2.5625 11.03125
v 0.625 2.5625 11.03125
v 0.625 3 11.03125
v 0.625 3 10.78125
v 0.625 2.5625 10.78125
v 0.875 2.5625 6.78125
v 0.875 3 6.78125
v 0.875 3 7.03125
v 0.875 2.5625 7.03125
v 0.625 2.5625 7.03125
v 0.625 3 7.03125
v 0.625 3 6.78125
v 0.625 2.5625 6.78125
v -0.625 2.5625 6.78125
v -0.625 3 6.78125
v -0.625 3 7.03125
v -0.625 2.5625 7.03125
v -0.875 2.5625 7.03125
v -0.875 3 7.03125
v -0.875 3 6.78125
v -0.875 2.5625 6.78125
vt 0.06055363321799308 0.7050173010380623
vt 0.06055363321799308 0.7084775086505191
vt 0.031141868512110725 0.7084775086505191
vt 0.031141868512110725 0.7050173010380623
vt 0.09688581314878893 0.7050173010380623
vt 0.09688581314878893 0.7084775086505191
vt 0.06747404844290658 0.7084775086505191
vt 0.06747404844290658 0.7050173010380623
vt 0.06055363321799308 0.7378892733564013
vt 0.06055363321799308 0.7084775086505191
vt 0.06747404844290658 0.7084775086505191
vt 0.06747404844290658 0.7378892733564013
vt 0.06747404844290658 0.7084775086505191
vt 0.06747404844290658 0.7378892733564013
vt 0.07439446366782007 0.7378892733564013
vt 0.07439446366782007 0.7084775086505191
vt 0.10380622837370242 0.7050173010380623
vt 0.10380622837370242 0.7084775086505191
vt 0.09688581314878893 0.7084775086505191
vt 0.09688581314878893 0.7050173010380623
vt 0.06747404844290658 0.7050173010380623
vt 0.06747404844290658 0.7084775086505191
vt 0.06055363321799308 0.7084775086505191
vt 0.06055363321799308 0.7050173010380623
vt 0.06228373702422145 0.801038062283737
vt 0.06228373702422145 0.8019031141868512
vt 0.09083044982698962 0.8019031141868512
vt 0.09083044982698962 0.801038062283737
vt 0.0328719723183391 0.801038062283737
vt 0.0328719723183391 0.8019031141868512
vt 0.061418685121107264 0.8019031141868512
vt 0.061418685121107264 0.801038062283737
vt 0.06228373702422145 0.8304498269896194
vt 0.06228373702422145 0.8019031141868512
vt 0.061418685121107264 0.8019031141868512
vt 0.061418685121107264 0.8304498269896194
vt 0.06314878892733564 0.8019031141868512
vt 0.06314878892733564 0.8304498269896194
vt 0.06228373702422145 0.8304498269896194
vt 0.06228373702422145 0.8019031141868512
vt 0.09083044982698962 0.801038062283737
vt 0.09083044982698962 0.8019031141868512
vt 0.09169550173010381 0.8019031141868512
vt 0.09169550173010381 0.801038062283737
vt 0.061418685121107264 0.801038062283737
vt 0.061418685121107264 0.8019031141868512
vt 0.06228373702422145 0.8019031141868512
vt 0.06228373702422145 0.801038062283737
vt 0.06228373702422145 0.8001730103806228
vt 0.06228373702422145 0.8019031141868512
vt 0.09083044982698962 0.8019031141868512
vt 0.09083044982698962 0.8001730103806228
vt 0.03200692041522491 0.8001730103806228
vt 0.03200692041522491 0.8019031141868512
vt 0.06055363321799308 0.8019031141868512
vt 0.06055363321799308 0.8001730103806228
vt 0.06228373702422145 0.8304498269896194
vt 0.06228373702422145 0.8019031141868512
vt 0.06055363321799308 0.8019031141868512
vt 0.06055363321799308 0.8304498269896194
vt 0.06401384083044982 0.8019031141868512
vt 0.06401384083044982 0.8304498269896194
vt 0.06228373702422145 0.8304498269896194
vt 0.06228373702422145 0.8019031141868512
vt 0.09083044982698962 0.8001730103806228
vt 0.09083044982698962 0.8019031141868512
vt 0.092560553633218 0.8019031141868512
vt 0.092560553633218 0.8001730103806228
vt 0.06055363321799308 0.8001730103806228
vt 0.06055363321799308 0.8019031141868512
vt 0.06228373702422145 0.8019031141868512
vt 0.06228373702422145 0.8001730103806228
vt 0.054498269896193774 0.8131487889273357
vt 0.054498269896193774 0.8140138408304498
vt 0.07525951557093426 0.8140138408304498
vt 0.07525951557093426 0.8131487889273357
vt 0.0328719723183391 0.8131487889273357
vt 0.0328719723183391 0.8140138408304498
vt 0.05363321799307959 0.8140138408304498
vt 0.05363321799307959 0.8131487889273357
vt 0.054498269896193774 0.8347750865051903
vt 0.054498269896193774 0.8140138408304498
vt 0.05363321799307959 0.8140138408304498
vt 0.05363321799307959 0.8347750865051903
vt 0.05536332179930796 0.8140138408304498
vt 0.05536332179930796 0.8347750865051903
vt 0.054498269896193774 0.8347750865051903
vt 0.054498269896193774 0.8140138408304498
vt 0.07525951557093426 0.8131487889273357
vt 0.07525951557093426 0.8140138408304498
vt 0.07612456747404844 0.8140138408304498
vt 0.07612456747404844 0.8131487889273357
vt 0.05363321799307959 0.8131487889273357
vt 0.05363321799307959 0.8140138408304498
vt 0.054498269896193774 0.8140138408304498
vt 0.054498269896193774 0.8131487889273357
vt 0.037197231833910036 0.828719723183391
vt 0.037197231833910036 0.8295847750865052
vt 0.03892733564013841 0.8295847750865052
vt 0.03892733564013841 0.828719723183391
vt 0.0328719723183391 0.828719723183391
vt 0.0328719723183391 0.8295847750865052
vt 0.03460207612456748 0.8295847750865052
vt 0.03460207612456748 0.828719723183391
vt 0.037197231833910036 0.8313148788927336
vt 0.037197231833910036 0.8295847750865052
vt 0.03460207612456748 0.8295847750865052
vt 0.03460207612456748 0.8313148788927336
vt 0.039792387543252594 0.8295847750865052
vt 0.039792387543252594 0.8313148788927336
vt 0.037197231833910036 0.8313148788927336
vt 0.037197231833910036 0.8295847750865052
vt 0.03892733564013841 0.828719723183391
vt 0.03892733564013841 0.8295847750865052
vt 0.04152249134948097 0.8295847750865052
vt 0.04152249134948097 0.828719723183391
vt 0.03460207612456748 0.828719723183391
vt 0.03460207612456748 0.8295847750865052
vt 0.037197231833910036 0.8295847750865052
vt 0.037197231833910036 0.828719723183391
vt 0.037197231833910036 0.8321799307958477
vt 0.037197231833910036 0.8330449826989619
vt 0.03892733564013841 0.8330449826989619
vt 0.03892733564013841 0.8321799307958477
vt 0.0328719723183391 0.8321799307958477
vt 0.0328719723183391 0.8330449826989619
vt 0.03460207612456748 0.8330449826989619
vt 0.03460207612456748 0.8321799307958477
vt 0.037197231833910036 0.8347750865051903
vt 0.037197231833910036 0.8330449826989619
vt 0.03460207612456748 0.8330449826989619
vt 0.03460207612456748 0.8347750865051903
vt 0.039792387543252594 0.8330449826989619
vt 0.039792387543252594 0.8347750865051903
vt 0.037197231833910036 0.8347750865051903
vt 0.037197231833910036 0.8330449826989619
vt 0.03892733564013841 0.8321799307958477
vt 0.03892733564013841 0.8330449826989619
vt 0.04152249134948097 0.8330449826989619
vt 0.04152249134948097 0.8321799307958477
vt 0.03460207612456748 0.8321799307958477
vt 0.03460207612456748 0.8330449826989619
vt 0.037197231833910036 0.8330449826989619
vt 0.037197231833910036 0.8321799307958477
vt 0.037197231833910036 0.8261245674740485
vt 0.037197231833910036 0.8269896193771626
vt 0.03806228373702422 0.8269896193771626
vt 0.03806228373702422 0.8261245674740485
vt 0.03373702422145329 0.8261245674740485
vt 0.03373702422145329 0.8269896193771626
vt 0.03460207612456748 0.8269896193771626
vt 0.03460207612456748 0.8261245674740485
vt 0.037197231833910036 0.8278546712802768
vt 0.037197231833910036 0.8269896193771626
vt 0.03460207612456748 0.8269896193771626
vt 0.03460207612456748 0.8278546712802768
vt 0.039792387543252594 0.8269896193771626
vt 0.039792387543252594 0.8278546712802768
vt 0.037197231833910036 0.8278546712802768
vt 0.037197231833910036 0.8269896193771626
vt 0.03806228373702422 0.8261245674740485
vt 0.03806228373702422 0.8269896193771626
vt 0.04065743944636678 0.8269896193771626
vt 0.04065743944636678 0.8261245674740485
vt 0.03460207612456748 0.8261245674740485
vt 0.03460207612456748 0.8269896193771626
vt 0.037197231833910036 0.8269896193771626
vt 0.037197231833910036 0.8261245674740485
vt 0.03460207612456748 0.8261245674740485
vt 0.03460207612456748 0.8269896193771626
vt 0.03373702422145329 0.8269896193771626
vt 0.03373702422145329 0.8261245674740485
vt 0.03806228373702422 0.8261245674740485
vt 0.03806228373702422 0.8269896193771626
vt 0.037197231833910036 0.8269896193771626
vt 0.037197231833910036 0.8261245674740485
vt 0.03460207612456748 0.8278546712802768
vt 0.03460207612456748 0.8269896193771626
vt 0.037197231833910036 0.8269896193771626
vt 0.037197231833910036 0.8278546712802768
vt 0.037197231833910036 0.8269896193771626
vt 0.037197231833910036 0.8278546712802768
vt 0.039792387543252594 0.8278546712802768
vt 0.039792387543252594 0.8269896193771626
vt 0.04065743944636678 0.8261245674740485
vt 0.04065743944636678 0.8269896193771626
vt 0.03806228373702422 0.8269896193771626
vt 0.03806228373702422 0.8261245674740485
vt 0.037197231833910036 0.8261245674740485
vt 0.037197231833910036 0.8269896193771626
vt 0.03460207612456748 0.8269896193771626
vt 0.03460207612456748 0.8261245674740485
vt 0.03460207612456748 0.828719723183391
vt 0.03460207612456748 0.8295847750865052
vt 0.0328719723183391 0.8295847750865052
vt 0.0328719723183391 0.828719723183391
vt 0.03892733564013841 0.828719723183391
vt 0.03892733564013841 0.8295847750865052
vt 0.037197231833910036 0.8295847750865052
vt 0.037197231833910036 0.828719723183391
vt 0.03460207612456748 0.8313148788927336
vt 0.03460207612456748 0.8295847750865052
vt 0.037197231833910036 0.8295847750865052
vt 0.037197231833910036 0.8313148788927336
vt 0.037197231833910036 0.8295847750865052
vt 0.037197231833910036 0.8313148788927336
vt 0.039792387543252594 0.8313148788927336
vt 0.039792387543252594 0.8295847750865052
vt 0.04152249134948097 0.828719723183391
vt 0.04152249134948097 0.8295847750865052
vt 0.03892733564013841 0.8295847750865052
vt 0.03892733564013841 0.828719723183391
vt 0.037197231833910036 0.828719723183391
vt 0.037197231833910036 0.8295847750865052
vt 0.03460207612456748 0.8295847750865052
vt 0.03460207612456748 0.828719723183391
vt 0.03460207612456748 0.8321799307958477
vt 0.03460207612456748 0.8330449826989619
vt 0.0328719723183391 0.8330449826989619
vt 0.0328719723183391 0.8321799307958477
vt 0.03892733564013841 0.8321799307958477
vt 0.03892733564013841 0.8330449826989619
vt 0.037197231833910036 0.8330449826989619
vt 0.037197231833910036 0.8321799307958477
vt 0.03460207612456748 0.8347750865051903
vt 0.03460207612456748 0.8330449826989619
vt 0.037197231833910036 0.8330449826989619
vt 0.037197231833910036 0.8347750865051903
vt 0.037197231833910036 0.8330449826989619
vt 0.037197231833910036 0.8347750865051903
vt 0.039792387543252594 0.8347750865051903
vt 0.039792387543252594 0.8330449826989619
vt 0.04152249134948097 0.8321799307958477
vt 0.04152249134948097 0.8330449826989619
vt 0.03892733564013841 0.8330449826989619
vt 0.03892733564013841 0.8321799307958477
vt 0.037197231833910036 0.8321799307958477
vt 0.037197231833910036 0.8330449826989619
vt 0.03460207612456748 0.8330449826989619
vt 0.03460207612456748 0.8321799307958477
vt 0.03546712802768166 0.8356401384083045
vt 0.03546712802768166 0.8365051903114187
vt 0.03373702422145329 0.8365051903114187
vt 0.03373702422145329 0.8356401384083045
vt 0.052768166089965395 0.8356401384083045
vt 0.052768166089965395 0.8365051903114187
vt 0.05103806228373702 0.8365051903114187
vt 0.05103806228373702 0.8356401384083045
vt 0.03546712802768166 0.8382352941176471
vt 0.03546712802768166 0.8365051903114187
vt 0.05103806228373702 0.8365051903114187
vt 0.05103806228373702 0.8382352941176471
vt 0.05103806228373702 0.8365051903114187
vt 0.05103806228373702 0.8382352941176471
vt 0.06660899653979238 0.8382352941176471
vt 0.06660899653979238 0.8365051903114187
vt 0.06833910034602077 0.8356401384083045
vt 0.06833910034602077 0.8365051903114187
vt 0.052768166089965395 0.8365051903114187
vt 0.052768166089965395 0.8356401384083045
vt 0.05103806228373702 0.8356401384083045
vt 0.05103806228373702 0.8365051903114187
vt 0.03546712802768166 0.8365051903114187
vt 0.03546712802768166 0.8356401384083045
vt 0.045847750865051905 0.8391003460207612
vt 0.045847750865051905 0.8408304498269896
vt 0.04325259515570934 0.8408304498269896
vt 0.04325259515570934 0.8391003460207612
vt 0.05709342560553633 0.8391003460207612
vt 0.05709342560553633 0.8408304498269896
vt 0.054498269896193774 0.8408304498269896
vt 0.054498269896193774 0.8391003460207612
vt 0.045847750865051905 0.8434256055363322
vt 0.045847750865051905 0.8408304498269896
vt 0.054498269896193774 0.8408304498269896
vt 0.054498269896193774 0.8434256055363322
vt 0.054498269896193774 0.8408304498269896
vt 0.054498269896193774 0.8434256055363322
vt 0.06314878892733564 0.8434256055363322
vt 0.06314878892733564 0.8408304498269896
vt 0.0657439446366782 0.8391003460207612
vt 0.0657439446366782 0.8408304498269896
vt 0.05709342560553633 0.8408304498269896
vt 0.05709342560553633 0.8391003460207612
vt 0.054498269896193774 0.8391003460207612
vt 0.054498269896193774 0.8408304498269896
vt 0.045847750865051905 0.8408304498269896
vt 0.045847750865051905 0.8391003460207612
vt 0.03546712802768166 0.8382352941176471
vt 0.03546712802768166 0.842560553633218
vt 0.03200692041522491 0.842560553633218
vt 0.03200692041522491 0.8382352941176471
vt 0.04065743944636678 0.8382352941176471
vt 0.04065743944636678 0.842560553633218
vt 0.037197231833910036 0.842560553633218
vt 0.037197231833910036 0.8382352941176471
vt 0.03546712802768166 0.8460207612456747
vt 0.03546712802768166 0.842560553633218
vt 0.037197231833910036 0.842560553633218
vt 0.037197231833910036 0.8460207612456747
vt 0.037197231833910036 0.842560553633218
vt 0.037197231833910036 0.8460207612456747
vt 0.03892733564013841 0.8460207612456747
vt 0.03892733564013841 0.842560553633218
vt 0.04238754325259515 0.8382352941176471
vt 0.04238754325259515 0.842560553633218
vt 0.04065743944636678 0.842560553633218
vt 0.04065743944636678 0.8382352941176471
vt 0.037197231833910036 0.8382352941176471
vt 0.037197231833910036 0.842560553633218
vt 0.03546712802768166 0.842560553633218
vt 0.03546712802768166 0.8382352941176471
vt 0.037197231833910036 0.8382352941176471
vt 0.037197231833910036 0.842560553633218
vt 0.04065743944636678 0.842560553633218
vt 0.04065743944636678 0.8382352941176471
vt 0.03200692041522491 0.8382352941176471
vt 0.03200692041522491 0.842560553633218
vt 0.03546712802768166 0.842560553633218
vt 0.03546712802768166 0.8382352941176471
vt 0.037197231833910036 0.8460207612456747
vt 0.037197231833910036 0.842560553633218
vt 0.03546712802768166 0.842560553633218
vt 0.03546712802768166 0.8460207612456747
vt 0.03892733564013841 0.842560553633218
vt 0.03892733564013841 0.8460207612456747
vt 0.037197231833910036 0.8460207612456747
vt 0.037197231833910036 0.842560553633218
vt 0.04065743944636678 0.8382352941176471
vt 0.04065743944636678 0.842560553633218
vt 0.04238754325259515 0.842560553633218
vt 0.04238754325259515 0.8382352941176471
vt 0.03546712802768166 0.8382352941176471
vt 0.03546712802768166 0.842560553633218
vt 0.037197231833910036 0.842560553633218
vt 0.037197231833910036 0.8382352941176471
vt 0.03633217993079585 0.8166089965397924
vt 0.03633217993079585 0.8183391003460208
vt 0.03460207612456748 0.8183391003460208
vt 0.03460207612456748 0.8166089965397924
vt 0.04325259515570934 0.8166089965397924
vt 0.04325259515570934 0.8183391003460208
vt 0.04152249134948097 0.8183391003460208
vt 0.04152249134948097 0.8166089965397924
vt 0.03633217993079585 0.8200692041522492
vt 0.03633217993079585 0.8183391003460208
vt 0.04152249134948097 0.8183391003460208
vt 0.04152249134948097 0.8200692041522492
vt 0.04152249134948097 0.8183391003460208
vt 0.04152249134948097 0.8200692041522492
vt 0.04671280276816609 0.8200692041522492
vt 0.04671280276816609 0.8183391003460208
vt 0.04844290657439446 0.8166089965397924
vt 0.04844290657439446 0.8183391003460208
vt 0.04325259515570934 0.8183391003460208
vt 0.04325259515570934 0.8166089965397924
vt 0.04152249134948097 0.8166089965397924
vt 0.04152249134948097 0.8183391003460208
vt 0.03633217993079585 0.8183391003460208
vt 0.03633217993079585 0.8166089965397924
vt 0.05363321799307959 0.8131487889273357
vt 0.05363321799307959 0.8140138408304498
vt 0.0328719723183391 0.8140138408304498
vt 0.0328719723183391 0.8131487889273357
vt 0.07525951557093426 0.8131487889273357
vt 0.07525951557093426 0.8140138408304498
vt 0.054498269896193774 0.8140138408304498
vt 0.054498269896193774 0.8131487889273357
vt 0.05363321799307959 0.8347750865051903
vt 0.05363321799307959 0.8140138408304498
vt 0.054498269896193774 0.8140138408304498
vt 0.054498269896193774 0.8347750865051903
vt 0.054498269896193774 0.8140138408304498
vt 0.054498269896193774 0.8347750865051903
vt 0.05536332179930796 0.8347750865051903
vt 0.05536332179930796 0.8140138408304498
vt 0.07612456747404844 0.8131487889273357
vt 0.07612456747404844 0.8140138408304498
vt 0.07525951557093426 0.8140138408304498
vt 0.07525951557093426 0.8131487889273357
vt 0.054498269896193774 0.8131487889273357
vt 0.054498269896193774 0.8140138408304498
vt 0.05363321799307959 0.8140138408304498
vt 0.05363321799307959 0.8131487889273357
vt 0.05363321799307959 0.8131487889273357
vt 0.05363321799307959 0.8140138408304498
vt 0.0328719723183391 0.8140138408304498
vt 0.0328719723183391 0.8131487889273357
vt 0.07525951557093426 0.8131487889273357
vt 0.07525951557093426 0.8140138408304498
vt 0.054498269896193774 0.8140138408304498
vt 0.054498269896193774 0.8131487889273357
vt 0.05363321799307959 0.8347750865051903
vt 0.05363321799307959 0.8140138408304498
vt 0.054498269896193774 0.8140138408304498
vt 0.054498269896193774 0.8347750865051903
vt 0.054498269896193774 0.8140138408304498
vt 0.054498269896193774 0.8347750865051903
vt 0.05536332179930796 0.8347750865051903
vt 0.05536332179930796 0.8140138408304498
vt 0.07612456747404844 0.8131487889273357
vt 0.07612456747404844 0.8140138408304498
vt 0.07525951557093426 0.8140138408304498
vt 0.07525951557093426 0.8131487889273357
vt 0.054498269896193774 0.8131487889273357
vt 0.054498269896193774 0.8140138408304498
vt 0.05363321799307959 0.8140138408304498
vt 0.05363321799307959 0.8131487889273357
vt 0.03633217993079585 0.8166089965397924
vt 0.03633217993079585 0.8183391003460208
vt 0.03460207612456748 0.8183391003460208
vt 0.03460207612456748 0.8166089965397924
vt 0.04325259515570934 0.8166089965397924
vt 0.04325259515570934 0.8183391003460208
vt 0.04152249134948097 0.8183391003460208
vt 0.04152249134948097 0.8166089965397924
vt 0.03633217993079585 0.8200692041522492
vt 0.03633217993079585 0.8183391003460208
vt 0.04152249134948097 0.8183391003460208
vt 0.04152249134948097 0.8200692041522492
vt 0.04152249134948097 0.8183391003460208
vt 0.04152249134948097 0.8200692041522492
vt 0.04671280276816609 0.8200692041522492
vt 0.04671280276816609 0.8183391003460208
vt 0.04844290657439446 0.8166089965397924
vt 0.04844290657439446 0.8183391003460208
vt 0.04325259515570934 0.8183391003460208
vt 0.04325259515570934 0.8166089965397924
vt 0.04152249134948097 0.8166089965397924
vt 0.04152249134948097 0.8183391003460208
vt 0.03633217993079585 0.8183391003460208
vt 0.03633217993079585 0.8166089965397924
vt 0.037197231833910036 0.8382352941176471
vt 0.037197231833910036 0.842560553633218
vt 0.04065743944636678 0.842560553633218
vt 0.04065743944636678 0.8382352941176471
vt 0.03200692041522491 0.8382352941176471
vt 0.03200692041522491 0.842560553633218
vt 0.03546712802768166 0.842560553633218
vt 0.03546712802768166 0.8382352941176471
vt 0.037197231833910036 0.8460207612456747
vt 0.037197231833910036 0.842560553633218
vt 0.03546712802768166 0.842560553633218
vt 0.03546712802768166 0.8460207612456747
vt 0.03892733564013841 0.842560553633218
vt 0.03892733564013841 0.8460207612456747
vt 0.037197231833910036 0.8460207612456747
vt 0.037197231833910036 0.842560553633218
vt 0.04065743944636678 0.8382352941176471
vt 0.04065743944636678 0.842560553633218
vt 0.04238754325259515 0.842560553633218
vt 0.04238754325259515 0.8382352941176471
vt 0.03546712802768166 0.8382352941176471
vt 0.03546712802768166 0.842560553633218
vt 0.037197231833910036 0.842560553633218
vt 0.037197231833910036 0.8382352941176471
vt 0.03546712802768166 0.8382352941176471
vt 0.03546712802768166 0.842560553633218
vt 0.03200692041522491 0.842560553633218
vt 0.03200692041522491 0.8382352941176471
vt 0.04065743944636678 0.8382352941176471
vt 0.04065743944636678 0.842560553633218
vt 0.037197231833910036 0.842560553633218
vt 0.037197231833910036 0.8382352941176471
vt 0.03546712802768166 0.8460207612456747
vt 0.03546712802768166 0.842560553633218
vt 0.037197231833910036 0.842560553633218
vt 0.037197231833910036 0.8460207612456747
vt 0.037197231833910036 0.842560553633218
vt 0.037197231833910036 0.8460207612456747
vt 0.03892733564013841 0.8460207612456747
vt 0.03892733564013841 0.842560553633218
vt 0.04238754325259515 0.8382352941176471
vt 0.04238754325259515 0.842560553633218
vt 0.04065743944636678 0.842560553633218
vt 0.04065743944636678 0.8382352941176471
vt 0.037197231833910036 0.8382352941176471
vt 0.037197231833910036 0.842560553633218
vt 0.03546712802768166 0.842560553633218
vt 0.03546712802768166 0.8382352941176471
vt 0.045847750865051905 0.8391003460207612
vt 0.045847750865051905 0.8408304498269896
vt 0.04325259515570934 0.8408304498269896
vt 0.04325259515570934 0.8391003460207612
vt 0.05709342560553633 0.8391003460207612
vt 0.05709342560553633 0.8408304498269896
vt 0.054498269896193774 0.8408304498269896
vt 0.054498269896193774 0.8391003460207612
vt 0.045847750865051905 0.8434256055363322
vt 0.045847750865051905 0.8408304498269896
vt 0.054498269896193774 0.8408304498269896
vt 0.054498269896193774 0.8434256055363322
vt 0.054498269896193774 0.8408304498269896
vt 0.054498269896193774 0.8434256055363322
vt 0.06314878892733564 0.8434256055363322
vt 0.06314878892733564 0.8408304498269896
vt 0.0657439446366782 0.8391003460207612
vt 0.0657439446366782 0.8408304498269896
vt 0.05709342560553633 0.8408304498269896
vt 0.05709342560553633 0.8391003460207612
vt 0.054498269896193774 0.8391003460207612
vt 0.054498269896193774 0.8408304498269896
vt 0.045847750865051905 0.8408304498269896
vt 0.045847750865051905 0.8391003460207612
vt 0.03546712802768166 0.8356401384083045
vt 0.03546712802768166 0.8365051903114187
vt 0.03373702422145329 0.8365051903114187
vt 0.03373702422145329 0.8356401384083045
vt 0.052768166089965395 0.8356401384083045
vt 0.052768166089965395 0.8365051903114187
vt 0.05103806228373702 0.8365051903114187
vt 0.05103806228373702 0.8356401384083045
vt 0.03546712802768166 0.8382352941176471
vt 0.03546712802768166 0.8365051903114187
vt 0.05103806228373702 0.8365051903114187
vt 0.05103806228373702 0.8382352941176471
vt 0.05103806228373702 0.8365051903114187
vt 0.05103806228373702 0.8382352941176471
vt 0.06660899653979238 0.8382352941176471
vt 0.06660899653979238 0.8365051903114187
vt 0.06833910034602077 0.8356401384083045
vt 0.06833910034602077 0.8365051903114187
vt 0.052768166089965395 0.8365051903114187
vt 0.052768166089965395 0.8356401384083045
vt 0.05103806228373702 0.8356401384083045
vt 0.05103806228373702 0.8365051903114187
vt 0.03546712802768166 0.8365051903114187
vt 0.03546712802768166 0.8356401384083045
vt 0.03460207612456748 0.8321799307958477
vt 0.03460207612456748 0.8330449826989619
vt 0.0328719723183391 0.8330449826989619
vt 0.0328719723183391 0.8321799307958477
vt 0.03892733564013841 0.8321799307958477
vt 0.03892733564013841 0.8330449826989619
vt 0.037197231833910036 0.8330449826989619
vt 0.037197231833910036 0.8321799307958477
vt 0.03460207612456748 0.8347750865051903
vt 0.03460207612456748 0.8330449826989619
vt 0.037197231833910036 0.8330449826989619
vt 0.037197231833910036 0.8347750865051903
vt 0.037197231833910036 0.8330449826989619
vt 0.037197231833910036 0.8347750865051903
vt 0.039792387543252594 0.8347750865051903
vt 0.039792387543252594 0.8330449826989619
vt 0.04152249134948097 0.8321799307958477
vt 0.04152249134948097 0.8330449826989619
vt 0.03892733564013841 0.8330449826989619
vt 0.03892733564013841 0.8321799307958477
vt 0.037197231833910036 0.8321799307958477
vt 0.037197231833910036 0.8330449826989619
vt 0.03460207612456748 0.8330449826989619
vt 0.03460207612456748 0.8321799307958477
vt 0.03460207612456748 0.828719723183391
vt 0.03460207612456748 0.8295847750865052
vt 0.0328719723183391 0.8295847750865052
vt 0.0328719723183391 0.828719723183391
vt 0.03892733564013841 0.828719723183391
vt 0.03892733564013841 0.8295847750865052
vt 0.037197231833910036 0.8295847750865052
vt 0.037197231833910036 0.828719723183391
vt 0.03460207612456748 0.8313148788927336
vt 0.03460207612456748 0.8295847750865052
vt 0.037197231833910036 0.8295847750865052
vt 0.037197231833910036 0.8313148788927336
vt 0.037197231833910036 0.8295847750865052
vt 0.037197231833910036 0.8313148788927336
vt 0.039792387543252594 0.8313148788927336
vt 0.039792387543252594 0.8295847750865052
vt 0.04152249134948097 0.828719723183391
vt 0.04152249134948097 0.8295847750865052
vt 0.03892733564013841 0.8295847750865052
vt 0.03892733564013841 0.828719723183391
vt 0.037197231833910036 0.828719723183391
vt 0.037197231833910036 0.8295847750865052
vt 0.03460207612456748 0.8295847750865052
vt 0.03460207612456748 0.828719723183391
vt 0.03460207612456748 0.8261245674740485
vt 0.03460207612456748 0.8269896193771626
vt 0.03373702422145329 0.8269896193771626
vt 0.03373702422145329 0.8261245674740485
vt 0.03806228373702422 0.8261245674740485
vt 0.03806228373702422 0.8269896193771626
vt 0.037197231833910036 0.8269896193771626
vt 0.037197231833910036 0.8261245674740485
vt 0.03460207612456748 0.8278546712802768
vt 0.03460207612456748 0.8269896193771626
vt 0.037197231833910036 0.8269896193771626
vt 0.037197231833910036 0.8278546712802768
vt 0.037197231833910036 0.8269896193771626
vt 0.037197231833910036 0.8278546712802768
vt 0.039792387543252594 0.8278546712802768
vt 0.039792387543252594 0.8269896193771626
vt 0.04065743944636678 0.8261245674740485
vt 0.04065743944636678 0.8269896193771626
vt 0.03806228373702422 0.8269896193771626
vt 0.03806228373702422 0.8261245674740485
vt 0.037197231833910036 0.8261245674740485
vt 0.037197231833910036 0.8269896193771626
vt 0.03460207612456748 0.8269896193771626
vt 0.03460207612456748 0.8261245674740485
vt 0.037197231833910036 0.8261245674740485
vt 0.037197231833910036 0.8269896193771626
vt 0.03806228373702422 0.8269896193771626
vt 0.03806228373702422 0.8261245674740485
vt 0.03373702422145329 0.8261245674740485
vt 0.03373702422145329 0.8269896193771626
vt 0.03460207612456748 0.8269896193771626
vt 0.03460207612456748 0.8261245674740485
vt 0.037197231833910036 0.8278546712802768
vt 0.037197231833910036 0.8269896193771626
vt 0.03460207612456748 0.8269896193771626
vt 0.03460207612456748 0.8278546712802768
vt 0.039792387543252594 0.8269896193771626
vt 0.039792387543252594 0.8278546712802768
vt 0.037197231833910036 0.8278546712802768
vt 0.037197231833910036 0.8269896193771626
vt 0.03806228373702422 0.8261245674740485
vt 0.03806228373702422 0.8269896193771626
vt 0.04065743944636678 0.8269896193771626
vt 0.04065743944636678 0.8261245674740485
vt 0.03460207612456748 0.8261245674740485
vt 0.03460207612456748 0.8269896193771626
vt 0.037197231833910036 0.8269896193771626
vt 0.037197231833910036 0.8261245674740485
vt 0.037197231833910036 0.8321799307958477
vt 0.037197231833910036 0.8330449826989619
vt 0.03892733564013841 0.8330449826989619
vt 0.03892733564013841 0.8321799307958477
vt 0.0328719723183391 0.8321799307958477
vt 0.0328719723183391 0.8330449826989619
vt 0.03460207612456748 0.8330449826989619
vt 0.03460207612456748 0.8321799307958477
vt 0.037197231833910036 0.8347750865051903
vt 0.037197231833910036 0.8330449826989619
vt 0.03460207612456748 0.8330449826989619
vt 0.03460207612456748 0.8347750865051903
vt 0.039792387543252594 0.8330449826989619
vt 0.039792387543252594 0.8347750865051903
vt 0.037197231833910036 0.8347750865051903
vt 0.037197231833910036 0.8330449826989619
vt 0.03892733564013841 0.8321799307958477
vt 0.03892733564013841 0.8330449826989619
vt 0.04152249134948097 0.8330449826989619
vt 0.04152249134948097 0.8321799307958477
vt 0.03460207612456748 0.8321799307958477
vt 0.03460207612456748 0.8330449826989619
vt 0.037197231833910036 0.8330449826989619
vt 0.037197231833910036 0.8321799307958477
vt 0.037197231833910036 0.828719723183391
vt 0.037197231833910036 0.8295847750865052
vt 0.03892733564013841 0.8295847750865052
vt 0.03892733564013841 0.828719723183391
vt 0.0328719723183391 0.828719723183391
vt 0.0328719723183391 0.8295847750865052
vt 0.03460207612456748 0.8295847750865052
vt 0.03460207612456748 0.828719723183391
vt 0.037197231833910036 0.8313148788927336
vt 0.037197231833910036 0.8295847750865052
vt 0.03460207612456748 0.8295847750865052
vt 0.03460207612456748 0.8313148788927336
vt 0.039792387543252594 0.8295847750865052
vt 0.039792387543252594 0.8313148788927336
vt 0.037197231833910036 0.8313148788927336
vt 0.037197231833910036 0.8295847750865052
vt 0.03892733564013841 0.828719723183391
vt 0.03892733564013841 0.8295847750865052
vt 0.04152249134948097 0.8295847750865052
vt 0.04152249134948097 0.828719723183391
vt 0.03460207612456748 0.828719723183391
vt 0.03460207612456748 0.8295847750865052
vt 0.037197231833910036 0.8295847750865052
vt 0.037197231833910036 0.828719723183391
vt 0.054498269896193774 0.8131487889273357
vt 0.054498269896193774 0.8140138408304498
vt 0.07525951557093426 0.8140138408304498
vt 0.07525951557093426 0.8131487889273357
vt 0.0328719723183391 0.8131487889273357
vt 0.0328719723183391 0.8140138408304498
vt 0.05363321799307959 0.8140138408304498
vt 0.05363321799307959 0.8131487889273357
vt 0.054498269896193774 0.8347750865051903
vt 0.054498269896193774 0.8140138408304498
vt 0.05363321799307959 0.8140138408304498
vt 0.05363321799307959 0.8347750865051903
vt 0.05536332179930796 0.8140138408304498
vt 0.05536332179930796 0.8347750865051903
vt 0.054498269896193774 0.8347750865051903
vt 0.054498269896193774 0.8140138408304498
vt 0.07525951557093426 0.8131487889273357
vt 0.07525951557093426 0.8140138408304498
vt 0.07612456747404844 0.8140138408304498
vt 0.07612456747404844 0.8131487889273357
vt 0.05363321799307959 0.8131487889273357
vt 0.05363321799307959 0.8140138408304498
vt 0.054498269896193774 0.8140138408304498
vt 0.054498269896193774 0.8131487889273357
vt 0.06228373702422145 0.8001730103806228
vt 0.06228373702422145 0.8019031141868512
vt 0.09083044982698962 0.8019031141868512
vt 0.09083044982698962 0.8001730103806228
vt 0.03200692041522491 0.8001730103806228
vt 0.03200692041522491 0.8019031141868512
vt 0.06055363321799308 0.8019031141868512
vt 0.06055363321799308 0.8001730103806228
vt 0.06228373702422145 0.8304498269896194
vt 0.06228373702422145 0.8019031141868512
vt 0.06055363321799308 0.8019031141868512
vt 0.06055363321799308 0.8304498269896194
vt 0.06401384083044982 0.8019031141868512
vt 0.06401384083044982 0.8304498269896194
vt 0.06228373702422145 0.8304498269896194
vt 0.06228373702422145 0.8019031141868512
vt 0.09083044982698962 0.8001730103806228
vt 0.09083044982698962 0.8019031141868512
vt 0.092560553633218 0.8019031141868512
vt 0.092560553633218 0.8001730103806228
vt 0.06055363321799308 0.8001730103806228
vt 0.06055363321799308 0.8019031141868512
vt 0.06228373702422145 0.8019031141868512
vt 0.06228373702422145 0.8001730103806228
vt 0.06228373702422145 0.801038062283737
vt 0.06228373702422145 0.8019031141868512
vt 0.09083044982698962 0.8019031141868512
vt 0.09083044982698962 0.801038062283737
vt 0.0328719723183391 0.801038062283737
vt 0.0328719723183391 0.8019031141868512
vt 0.061418685121107264 0.8019031141868512
vt 0.061418685121107264 0.801038062283737
vt 0.06228373702422145 0.8304498269896194
vt 0.06228373702422145 0.8019031141868512
vt 0.061418685121107264 0.8019031141868512
vt 0.061418685121107264 0.8304498269896194
vt 0.06314878892733564 0.8019031141868512
vt 0.06314878892733564 0.8304498269896194
vt 0.06228373702422145 0.8304498269896194
vt 0.06228373702422145 0.8019031141868512
vt 0.09083044982698962 0.801038062283737
vt 0.09083044982698962 0.8019031141868512
vt 0.09169550173010381 0.8019031141868512
vt 0.09169550173010381 0.801038062283737
vt 0.061418685121107264 0.801038062283737
vt 0.061418685121107264 0.8019031141868512
vt 0.06228373702422145 0.8019031141868512
vt 0.06228373702422145 0.801038062283737
vt 0.08304498269896193 0.71280276816609
vt 0.08304498269896193 0.7188581314878892
vt 0.07958477508650519 0.7188581314878892
vt 0.07958477508650519 0.71280276816609
vt 0.08996539792387544 0.71280276816609
vt 0.08996539792387544 0.7188581314878892
vt 0.08650519031141868 0.7188581314878892
vt 0.08650519031141868 0.71280276816609
vt 0.08304498269896193 0.722318339100346
vt 0.08304498269896193 0.7188581314878892
vt 0.08650519031141868 0.7188581314878892
vt 0.08650519031141868 0.722318339100346
vt 0.08650519031141868 0.7188581314878892
vt 0.08650519031141868 0.722318339100346
vt 0.08996539792387544 0.722318339100346
vt 0.08996539792387544 0.7188581314878892
vt 0.09342560553633218 0.71280276816609
vt 0.09342560553633218 0.7188581314878892
vt 0.08996539792387544 0.7188581314878892
vt 0.08996539792387544 0.71280276816609
vt 0.08650519031141868 0.71280276816609
vt 0.08650519031141868 0.7188581314878892
vt 0.08304498269896193 0.7188581314878892
vt 0.08304498269896193 0.71280276816609
vt 0.08650519031141868 0.7240484429065743
vt 0.08650519031141868 0.7283737024221453
vt 0.08823529411764706 0.7283737024221453
vt 0.08823529411764706 0.7240484429065743
vt 0.08304498269896193 0.7240484429065743
vt 0.08304498269896193 0.7283737024221453
vt 0.0847750865051903 0.7283737024221453
vt 0.0847750865051903 0.7240484429065743
vt 0.08650519031141868 0.7301038062283737
vt 0.08650519031141868 0.7283737024221453
vt 0.0847750865051903 0.7283737024221453
vt 0.0847750865051903 0.7301038062283737
vt 0.08823529411764706 0.7283737024221453
vt 0.08823529411764706 0.7301038062283737
vt 0.08650519031141868 0.7301038062283737
vt 0.08650519031141868 0.7283737024221453
vt 0.08823529411764706 0.7240484429065743
vt 0.08823529411764706 0.7283737024221453
vt 0.08996539792387544 0.7283737024221453
vt 0.08996539792387544 0.7240484429065743
vt 0.0847750865051903 0.7240484429065743
vt 0.0847750865051903 0.7283737024221453
vt 0.08650519031141868 0.7283737024221453
vt 0.08650519031141868 0.7240484429065743
vt 0.08650519031141868 0.71280276816609
vt 0.08650519031141868 0.7188581314878892
vt 0.08996539792387544 0.7188581314878892
vt 0.08996539792387544 0.71280276816609
vt 0.07958477508650519 0.71280276816609
vt 0.07958477508650519 0.7188581314878892
vt 0.08304498269896193 0.7188581314878892
vt 0.08304498269896193 0.71280276816609
vt 0.08650519031141868 0.722318339100346
vt 0.08650519031141868 0.7188581314878892
vt 0.08304498269896193 0.7188581314878892
vt 0.08304498269896193 0.722318339100346
vt 0.08996539792387544 0.7188581314878892
vt 0.08996539792387544 0.722318339100346
vt 0.08650519031141868 0.722318339100346
vt 0.08650519031141868 0.7188581314878892
vt 0.08996539792387544 0.71280276816609
vt 0.08996539792387544 0.7188581314878892
vt 0.09342560553633218 0.7188581314878892
vt 0.09342560553633218 0.71280276816609
vt 0.08304498269896193 0.71280276816609
vt 0.08304498269896193 0.7188581314878892
vt 0.08650519031141868 0.7188581314878892
vt 0.08650519031141868 0.71280276816609
vt 0.08650519031141868 0.71280276816609
vt 0.08650519031141868 0.7188581314878892
vt 0.08996539792387544 0.7188581314878892
vt 0.08996539792387544 0.71280276816609
vt 0.07958477508650519 0.71280276816609
vt 0.07958477508650519 0.7188581314878892
vt 0.08304498269896193 0.7188581314878892
vt 0.08304498269896193 0.71280276816609
vt 0.08650519031141868 0.722318339100346
vt 0.08650519031141868 0.7188581314878892
vt 0.08304498269896193 0.7188581314878892
vt 0.08304498269896193 0.722318339100346
vt 0.08996539792387544 0.7188581314878892
vt 0.08996539792387544 0.722318339100346
vt 0.08650519031141868 0.722318339100346
vt 0.08650519031141868 0.7188581314878892
vt 0.08996539792387544 0.71280276816609
vt 0.08996539792387544 0.7188581314878892
vt 0.09342560553633218 0.7188581314878892
vt 0.09342560553633218 0.71280276816609
vt 0.08304498269896193 0.71280276816609
vt 0.08304498269896193 0.7188581314878892
vt 0.08650519031141868 0.7188581314878892
vt 0.08650519031141868 0.71280276816609
vt 0.08304498269896193 0.71280276816609
vt 0.08304498269896193 0.7188581314878892
vt 0.07958477508650519 0.7188581314878892
vt 0.07958477508650519 0.71280276816609
vt 0.08996539792387544 0.71280276816609
vt 0.08996539792387544 0.7188581314878892
vt 0.08650519031141868 0.7188581314878892
vt 0.08650519031141868 0.71280276816609
vt 0.08304498269896193 0.722318339100346
vt 0.08304498269896193 0.7188581314878892
vt 0.08650519031141868 0.7188581314878892
vt 0.08650519031141868 0.722318339100346
vt 0.08650519031141868 0.7188581314878892
vt 0.08650519031141868 0.722318339100346
vt 0.08996539792387544 0.722318339100346
vt 0.08996539792387544 0.7188581314878892
vt 0.09342560553633218 0.71280276816609
vt 0.09342560553633218 0.7188581314878892
vt 0.08996539792387544 0.7188581314878892
vt 0.08996539792387544 0.71280276816609
vt 0.08650519031141868 0.71280276816609
vt 0.08650519031141868 0.7188581314878892
vt 0.08304498269896193 0.7188581314878892
vt 0.08304498269896193 0.71280276816609
vn 1 0 0
vn -1 0 0
vn 0 1 0
vn 0 -1 0
vn 0 0 1
vn 0 0 -1
vn 1 0 0
vn -1 0 0
vn 0 0.996194697946714 -0.08715574440537706
vn 0 -0.9961946956448576 0.08715577071571146
vn 0 0.08715045150152198 0.9961951610016387
vn 0 -0.0871603755879532 -0.9961942927598849
vn 1 0 0
vn -1 0 0
vn 0 0.999048221219718 -0.04361939565970266
vn 0 -0.999048221796279 0.0436193824542878
vn 0 0.04362013922644142 0.9990481887546095
vn 0 -0.0436151487224473 -0.9990484066359943
vn -0.996195069278741 -0.0735007341678421 0.0468297557276637
vn 0.996194328006598 0.07351136588921606 -0.04682883654955255
vn -0.06914910633149503 0.993648325639669 0.08877728339523604
vn 0.06914930382757901 -0.9936483143626734 -0.0887772557831061
vn -0.05305816203736593 0.08520424724768673 -0.9949497814925997
vn 0.05305828615237868 -0.08519377110902834 0.9949506719605725
vn -0.8191496973652005 -0.5735797880909861 0
vn 0.8191496973651998 0.5735797880909873 0
vn -0.5735759852428692 0.8191523601581528 0
vn 0.5735759852428688 -0.819152360158153 0
vn 0 0 -1
vn 0 0 1
vn -0.9848075091295174 -0.17364956078872112 0
vn 0.9848075091295174 0.17364956078872112 0
vn -0.17364956078872107 0.9848075091295173 0
vn 0.17364956078872107 -0.9848075091295173 0
vn 0 0 -1
vn 0 0 1
vn -0.3420176451482146 -0.939693530044381 0
vn 0.3420176451482146 0.939693530044381 0
vn -0.9396927502019576 0.3420197877577863 0
vn 0.9396927502019576 -0.3420197877577863 0
vn 0 0 -1
vn 0 0 1
vn -0.3420176451482146 0.939693530044381 0
vn 0.3420176451482146 -0.939693530044381 0
vn 0.9396927502019576 0.3420197877577863 0
vn -0.9396927502019576 -0.3420197877577863 0
vn 0 0 -1
vn 0 0 1
vn -0.8191496973651998 0.5735797880909873 0
vn 0.8191496973652005 -0.5735797880909861 0
vn 0.5735759852428692 0.8191523601581528 0
vn -0.5735759852428688 -0.819152360158153 0
vn 0 0 -1
vn 0 0 1
vn -0.9848075091295174 0.17364956078872112 0
vn 0.9848075091295174 -0.17364956078872112 0
vn 0.17364956078872107 0.9848075091295173 0
vn -0.17364956078872107 -0.9848075091295173 0
vn 0 0 -1
vn 0 0 1
vn -1 0 0
vn 1 0 0
vn 0 1 0
vn 0 -1 0
vn 0 0 -1
vn 0 0 1
vn -1 0 0
vn 1 0 0
vn 0 1 0
vn 0 -1 0
vn 0 0 -1
vn 0 0 1
vn -1 0 0
vn 1 0 0
vn 0 1 0
vn 0 -1 0
vn 0 0 -1
vn 0 0 1
vn -1 0 0
vn 1 0 0
vn 0 1 0
vn 0 -1 0
vn 0 0 -1
vn 0 0 1
vn -1 0 0
vn 1 0 0
vn 0 1 0
vn 0 -1 0
vn 0 0 -1
vn 0 0 1
vn -0.9961943788395932 0.07351063544556376 -0.04682890181060034
vn 0.9961950369007642 -0.07350119949065412 0.0468297141537356
vn 0.06914912829890327 0.9936483609145836 0.08877687146584498
vn -0.06914930186529221 -0.9936483112110098 -0.08877729258684823
vn 0.053057496355718374 0.08519468027165068 -0.9949506362296948
vn -0.05305832284189701 -0.08519429832191959 0.9949506248606715
vn 0.9961943788395932 0.07351063544556442 0.04682890181060026
vn -0.9961950369007642 -0.07350119949065345 -0.04682971415373563
vn -0.06914912829890324 0.9936483609145836 -0.08877687146584493
vn 0.06914930186529226 -0.9936483112110098 0.0887772925868483
vn -0.05305749635571738 0.08519468027163662 0.994950636229696
vn 0.05305832284189799 -0.08519429832193363 -0.9949506248606703
vn 1 0 0
vn -1 0 0
vn 0 1 0
vn 0 -1 0
vn 0 0 1
vn 0 0 -1
vn 1 0 0
vn -1 0 0
vn 0 1 0
vn 0 -1 0
vn 0 0 1
vn 0 0 -1
vn 1 0 0
vn -1 0 0
vn 0 1 0
vn 0 -1 0
vn 0 0 1
vn 0 0 -1
vn 1 0 0
vn -1 0 0
vn 0 1 0
vn 0 -1 0
vn 0 0 1
vn 0 0 -1
vn 1 0 0
vn -1 0 0
vn 0 1 0
vn 0 -1 0
vn 0 0 1
vn 0 0 -1
vn 0.9848075091295174 0.17364956078872112 0
vn -0.9848075091295174 -0.17364956078872112 0
vn -0.17364956078872107 0.9848075091295173 0
vn 0.17364956078872107 -0.9848075091295173 0
vn 0 0 1
vn 0 0 -1
vn 0.8191496973651998 0.5735797880909873 0
vn -0.8191496973652005 -0.5735797880909861 0
vn -0.5735759852428692 0.8191523601581528 0
vn 0.5735759852428688 -0.819152360158153 0
vn 0 0 1
vn 0 0 -1
vn 0.3420176451482146 0.939693530044381 0
vn -0.3420176451482146 -0.939693530044381 0
vn -0.9396927502019576 0.3420197877577863 0
vn 0.9396927502019576 -0.3420197877577863 0
vn 0 0 1
vn 0 0 -1
vn 0.3420176451482146 -0.939693530044381 0
vn -0.3420176451482146 0.939693530044381 0
vn 0.9396927502019576 0.3420197877577863 0
vn -0.9396927502019576 -0.3420197877577863 0
vn 0 0 1
vn 0 0 -1
vn 0.9848075091295174 -0.17364956078872112 0
vn -0.9848075091295174 0.17364956078872112 0
vn 0.17364956078872107 0.9848075091295173 0
vn -0.17364956078872107 -0.9848075091295173 0
vn 0 0 1
vn 0 0 -1
vn 0.8191496973652005 -0.5735797880909861 0
vn -0.8191496973651998 0.5735797880909873 0
vn 0.5735759852428692 0.8191523601581528 0
vn -0.5735759852428688 -0.819152360158153 0
vn 0 0 1
vn 0 0 -1
vn 0.996195069278741 -0.07350073416784274 -0.04682975572766361
vn -0.996194328006598 0.07351136588921539 0.046828836549552576
vn 0.069149106331495 0.9936483256396691 -0.08877728339523601
vn -0.06914930382757906 -0.9936483143626734 0.08877725578310615
vn 0.05305816203736494 0.08520424724767268 0.9949497814926008
vn -0.053058286152379626 -0.08519377110904239 -0.9949506719605713
vn -1 0 0
vn 1 0 0
vn 0 0.999048221219718 0.043619395659702624
vn 0 -0.999048221796279 -0.0436193824542878
vn 0 0.04362013922644142 -0.9990481887546095
vn 0 -0.043615148722461486 0.9990484066359936
vn -1 0 0
vn 1 0 0
vn 0 0.996194697946714 0.08715574440537709
vn 0 -0.9961946956448576 -0.08715577071571148
vn 0 0.08715045150152198 -0.9961951610016387
vn 0 -0.0871603755879532 0.9961942927598849
vn 1 0 0
vn -1 0 0
vn 0 1 0
vn 0 -1 0
vn 0 0 1
vn 0 0 -1
vn 1 0 0
vn -1 0 0
vn 0 1 0
vn 0 -1 0
vn 0 0 1
vn 0 0 -1
vn 1 0 0
vn -1 0 0
vn 0 1 0
vn 0 -1 0
vn 0 0 1
vn 0 0 -1
vn 1 0 0
vn -1 0 0
vn 0 1 0
vn 0 -1 0
vn 0 0 1
vn 0 0 -1
vn 1 0 0
vn -1 0 0
vn 0 1 0
vn 0 -1 0
vn 0 0 1
vn 0 0 -1
usemtl m_e0db7bc8-3143-46ee-7892-9d64a2bdd70a
f 1955/3903/991 1956/3904/991 1957/3905/991 1958/3906/991
f 1959/3907/992 1960/3908/992 1961/3909/992 1962/3910/992
f 1957/3911/993 1956/3912/993 1961/3913/993 1960/3914/993
f 1955/3915/994 1958/3916/994 1959/3917/994 1962/3918/994
f 1958/3919/995 1957/3920/995 1960/3921/995 1959/3922/995
f 1962/3923/996 1961/3924/996 1956/3925/996 1955/3926/996
f 1963/3927/997 1964/3928/997 1965/3929/997 1966/3930/997
f 1967/3931/998 1968/3932/998 1969/3933/998 1970/3934/998
f 1965/3935/999 1964/3936/999 1969/3937/999 1968/3938/999
f 1963/3939/1000 1966/3940/1000 1967/3941/1000 1970/3942/1000
f 1966/3943/1001 1965/3944/1001 1968/3945/1001 1967/3946/1001
f 1970/3947/1002 1969/3948/1002 1964/3949/1002 1963/3950/1002
f 1971/3951/1003 1972/3952/1003 1973/3953/1003 1974/3954/1003
f 1975/3955/1004 1976/3956/1004 1977/3957/1004 1978/3958/1004
f 1973/3959/1005 1972/3960/1005 1977/3961/1005 1976/3962/1005
f 1971/3963/1006 1974/3964/1006 1975/3965/1006 1978/3966/1006
f 1974/3967/1007 1973/3968/1007 1976/3969/1007 1975/3970/1007
f 1978/3971/1008 1977/3972/1008 1972/3973/1008 1971/3974/1008
f 1979/3975/1009 1980/3976/1009 1981/3977/1009 1982/3978/1009
f 1983/3979/1010 1984/3980/1010 1985/3981/1010 1986/3982/1010
f 1981/3983/1011 1980/3984/1011 1985/3985/1011 1984/3986/1011
f 1979/3987/1012 1982/3988/1012 1983/3989/1012 1986/3990/1012
f 1982/3991/1013 1981/3992/1013 1984/3993/1013 1983/3994/1013
f 1986/3995/1014 1985/3996/1014 1980/3997/1014 1979/3998/1014
f 1987/3999/1015 1988/4000/1015 1989/4001/1015 1990/4002/1015
f 1991/4003/1016 1992/4004/1016 1993/4005/1016 1994/4006/1016
f 1989/4007/1017 1988/4008/1017 1993/4009/1017 1992/4010/1017
f 1987/4011/1018 1990/4012/1018 1991/4013/1018 1994/4014/1018
f 1990/4015/1019 1989/4016/1019 1992/4017/1019 1991/4018/1019
f 1994/4019/1020 1993/4020/1020 1988/4021/1020 1987/4022/1020
f 1995/4023/1021 1996/4024/1021 1997/4025/1021 1998/4026/1021
f 1999/4027/1022 2000/4028/1022 2001/4029/1022 2002/4030/1022
f 1997/4031/1023 1996/4032/1023 2001/4033/1023 2000/4034/1023
f 1995/4035/1024 1998/4036/1024 1999/4037/1024 2002/4038/1024
f 1998/4039/1025 1997/4040/1025 2000/4041/1025 1999/4042/1025
f 2002/4043/1026 2001/4044/1026 1996/4045/1026 1995/4046/1026
f 2003/4047/1027 2004/4048/1027 2005/4049/1027 2006/4050/1027
f 2007/4051/1028 2008/4052/1028 2009/4053/1028 2010/4054/1028
f 2005/4055/1029 2004/4056/1029 2009/4057/1029 2008/4058/1029
f 2003/4059/1030 2006/4060/1030 2007/4061/1030 2010/4062/1030
f 2006/4063/1031 2005/4064/1031 2008/4065/1031 2007/4066/1031
f 2010/4067/1032 2009/4068/1032 2004/4069/1032 2003/4070/1032
f 2011/4071/1033 2012/4072/1033 2013/4073/1033 2014/4074/1033
f 2015/4075/1034 2016/4076/1034 2017/4077/1034 2018/4078/1034
f 2013/4079/1035 2012/4080/1035 2017/4081/1035 2016/4082/1035
f 2011/4083/1036 2014/4084/1036 2015/4085/1036 2018/4086/1036
f 2014/4087/1037 2013/4088/1037 2016/4089/1037 2015/4090/1037
f 2018/4091/1038 2017/4092/1038 2012/4093/1038 2011/4094/1038
f 2019/4095/1039 2020/4096/1039 2021/4097/1039 2022/4098/1039
f 2023/4099/1040 2024/4100/1040 2025/4101/1040 2026/4102/1040
f 2021/4103/1041 2020/4104/1041 2025/4105/1041 2024/4106/1041
f 2019/4107/1042 2022/4108/1042 2023/4109/1042 2026/4110/1042
f 2022/4111/1043 2021/4112/1043 2024/4113/1043 2023/4114/1043
f 2026/4115/1044 2025/4116/1044 2020/4117/1044 2019/4118/1044
f 2027/4119/1045 2028/4120/1045 2029/4121/1045 2030/4122/1045
f 2031/4123/1046 2032/4124/1046 2033/4125/1046 2034/4126/1046
f 2029/4127/1047 2028/4128/1047 2033/4129/1047 2032/4130/1047
f 2027/4131/1048 2030/4132/1048 2031/4133/1048 2034/4134/1048
f 2030/4135/1049 2029/4136/1049 2032/4137/1049 2031/4138/1049
f 2034/4139/1050 2033/4140/1050 2028/4141/1050 2027/4142/1050
f 2035/4143/1051 2036/4144/1051 2037/4145/1051 2038/4146/1051
f 2039/4147/1052 2040/4148/1052 2041/4149/1052 2042/4150/1052
f 2037/4151/1053 2036/4152/1053 2041/4153/1053 2040/4154/1053
f 2035/4155/1054 2038/4156/1054 2039/4157/1054 2042/4158/1054
f 2038/4159/1055 2037/4160/1055 2040/4161/1055 2039/4162/1055
f 2042/4163/1056 2041/4164/1056 2036/4165/1056 2035/4166/1056
f 2043/4167/1057 2044/4168/1057 2045/4169/1057 2046/4170/1057
f 2047/4171/1058 2048/4172/1058 2049/4173/1058 2050/4174/1058
f 2045/4175/1059 2044/4176/1059 2049/4177/1059 2048/4178/1059
f 2043/4179/1060 2046/4180/1060 2047/4181/1060 2050/4182/1060
f 2046/4183/1061 2045/4184/1061 2048/4185/1061 2047/4186/1061
f 2050/4187/1062 2049/4188/1062 2044/4189/1062 2043/4190/1062
f 2051/4191/1063 2052/4192/1063 2053/4193/1063 2054/4194/1063
f 2055/4195/1064 2056/4196/1064 2057/4197/1064 2058/4198/1064
f 2053/4199/1065 2052/4200/1065 2057/4201/1065 2056/4202/1065
f 2051/4203/1066 2054/4204/1066 2055/4205/1066 2058/4206/1066
f 2054/4207/1067 2053/4208/1067 2056/4209/1067 2055/4210/1067
f 2058/4211/1068 2057/4212/1068 2052/4213/1068 2051/4214/1068
f 2059/4215/1069 2060/4216/1069 2061/4217/1069 2062/4218/1069
f 2063/4219/1070 2064/4220/1070 2065/4221/1070 2066/4222/1070
f 2061/4223/1071 2060/4224/1071 2065/4225/1071 2064/4226/1071
f 2059/4227/1072 2062/4228/1072 2063/4229/1072 2066/4230/1072
f 2062/4231/1073 2061/4232/1073 2064/4233/1073 2063/4234/1073
f 2066/4235/1074 2065/4236/1074 2060/4237/1074 2059/4238/1074
f 2067/4239/1075 2068/4240/1075 2069/4241/1075 2070/4242/1075
f 2071/4243/1076 2072/4244/1076 2073/4245/1076 2074/4246/1076
f 2069/4247/1077 2068/4248/1077 2073/4249/1077 2072/4250/1077
f 2067/4251/1078 2070/4252/1078 2071/4253/1078 2074/4254/1078
f 2070/4255/1079 2069/4256/1079 2072/4257/1079 2071/4258/1079
f 2074/4259/1080 2073/4260/1080 2068/4261/1080 2067/4262/1080
f 2075/4263/1081 2076/4264/1081 2077/4265/1081 2078/4266/1081
f 2079/4267/1082 2080/4268/1082 2081/4269/1082 2082/4270/1082
f 2077/4271/1083 2076/4272/1083 2081/4273/1083 2080/4274/1083
f 2075/4275/1084 2078/4276/1084 2079/4277/1084 2082/4278/1084
f 2078/4279/1085 2077/4280/1085 2080/4281/1085 2079/4282/1085
f 2082/4283/1086 2081/4284/1086 2076/4285/1086 2075/4286/1086
f 2083/4287/1087 2084/4288/1087 2085/4289/1087 2086/4290/1087
f 2087/4291/1088 2088/4292/1088 2089/4293/1088 2090/4294/1088
f 2085/4295/1089 2084/4296/1089 2089/4297/1089 2088/4298/1089
f 2083/4299/1090 2086/4300/1090 2087/4301/1090 2090/4302/1090
f 2086/4303/1091 2085/4304/1091 2088/4305/1091 2087/4306/1091
f 2090/4307/1092 2089/4308/1092 2084/4309/1092 2083/4310/1092
f 2091/4311/1093 2092/4312/1093 2093/4313/1093 2094/4314/1093
f 2095/4315/1094 2096/4316/1094 2097/4317/1094 2098/4318/1094
f 2093/4319/1095 2092/4320/1095 2097/4321/1095 2096/4322/1095
f 2091/4323/1096 2094/4324/1096 2095/4325/1096 2098/4326/1096
f 2094/4327/1097 2093/4328/1097 2096/4329/1097 2095/4330/1097
f 2098/4331/1098 2097/4332/1098 2092/4333/1098 2091/4334/1098
f 2099/4335/1099 2100/4336/1099 2101/4337/1099 2102/4338/1099
f 2103/4339/1100 2104/4340/1100 2105/4341/1100 2106/4342/1100
f 2101/4343/1101 2100/4344/1101 2105/4345/1101 2104/4346/1101
f 2099/4347/1102 2102/4348/1102 2103/4349/1102 2106/4350/1102
f 2102/4351/1103 2101/4352/1103 2104/4353/1103 2103/4354/1103
f 2106/4355/1104 2105/4356/1104 2100/4357/1104 2099/4358/1104
f 2107/4359/1105 2108/4360/1105 2109/4361/1105 2110/4362/1105
f 2111/4363/1106 2112/4364/1106 2113/4365/1106 2114/4366/1106
f 2109/4367/1107 2108/4368/1107 2113/4369/1107 2112/4370/1107
f 2107/4371/1108 2110/4372/1108 2111/4373/1108 2114/4374/1108
f 2110/4375/1109 2109/4376/1109 2112/4377/1109 2111/4378/1109
f 2114/4379/1110 2113/4380/1110 2108/4381/1110 2107/4382/1110
f 2115/4383/1111 2116/4384/1111 2117/4385/1111 2118/4386/1111
f 2119/4387/1112 2120/4388/1112 2121/4389/1112 2122/4390/1112
f 2117/4391/1113 2116/4392/1113 2121/4393/1113 2120/4394/1113
f 2115/4395/1114 2118/4396/1114 2119/4397/1114 2122/4398/1114
f 2118/4399/1115 2117/4400/1115 2120/4401/1115 2119/4402/1115
f 2122/4403/1116 2121/4404/1116 2116/4405/1116 2115/4406/1116
f 2123/4407/1117 2124/4408/1117 2125/4409/1117 2126/4410/1117
f 2127/4411/1118 2128/4412/1118 2129/4413/1118 2130/4414/1118
f 2125/4415/1119 2124/4416/1119 2129/4417/1119 2128/4418/1119
f 2123/4419/1120 2126/4420/1120 2127/4421/1120 2130/4422/1120
f 2126/4423/1121 2125/4424/1121 2128/4425/1121 2127/4426/1121
f 2130/4427/1122 2129/4428/1122 2124/4429/1122 2123/4430/1122
f 2131/4431/1123 2132/4432/1123 2133/4433/1123 2134/4434/1123
f 2135/4435/1124 2136/4436/1124 2137/4437/1124 2138/4438/1124
f 2133/4439/1125 2132/4440/1125 2137/4441/1125 2136/4442/1125
f 2131/4443/1126 2134/4444/1126 2135/4445/1126 2138/4446/1126
f 2134/4447/1127 2133/4448/1127 2136/4449/1127 2135/4450/1127
f 2138/4451/1128 2137/4452/1128 2132/4453/1128 2131/4454/1128
f 2139/4455/1129 2140/4456/1129 2141/4457/1129 2142/4458/1129
f 2143/4459/1130 2144/4460/1130 2145/4461/1130 2146/4462/1130
f 2141/4463/1131 2140/4464/1131 2145/4465/1131 2144/4466/1131
f 2139/4467/1132 2142/4468/1132 2143/4469/1132 2146/4470/1132
f 2142/4471/1133 2141/4472/1133 2144/4473/1133 2143/4474/1133
f 2146/4475/1134 2145/4476/1134 2140/4477/1134 2139/4478/1134
f 2147/4479/1135 2148/4480/1135 2149/4481/1135 2150/4482/1135
f 2151/4483/1136 2152/4484/1136 2153/4485/1136 2154/4486/1136
f 2149/4487/1137 2148/4488/1137 2153/4489/1137 2152/4490/1137
f 2147/4491/1138 2150/4492/1138 2151/4493/1138 2154/4494/1138
f 2150/4495/1139 2149/4496/1139 2152/4497/1139 2151/4498/1139
f 2154/4499/1140 2153/4500/1140 2148/4501/1140 2147/4502/1140
f 2155/4503/1141 2156/4504/1141 2157/4505/1141 2158/4506/1141
f 2159/4507/1142 2160/4508/1142 2161/4509/1142 2162/4510/1142
f 2157/4511/1143 2156/4512/1143 2161/4513/1143 2160/4514/1143
f 2155/4515/1144 2158/4516/1144 2159/4517/1144 2162/4518/1144
f 2158/4519/1145 2157/4520/1145 2160/4521/1145 2159/4522/1145
f 2162/4523/1146 2161/4524/1146 2156/4525/1146 2155/4526/1146
f 2163/4527/1147 2164/4528/1147 2165/4529/1147 2166/4530/1147
f 2167/4531/1148 2168/4532/1148 2169/4533/1148 2170/4534/1148
f 2165/4535/1149 2164/4536/1149 2169/4537/1149 2168/4538/1149
f 2163/4539/1150 2166/4540/1150 2167/4541/1150 2170/4542/1150
f 2166/4543/1151 2165/4544/1151 2168/4545/1151 2167/4546/1151
f 2170/4547/1152 2169/4548/1152 2164/4549/1152 2163/4550/1152
f 2171/4551/1153 2172/4552/1153 2173/4553/1153 2174/4554/1153
f 2175/4555/1154 2176/4556/1154 2177/4557/1154 2178/4558/1154
f 2173/4559/1155 2172/4560/1155 2177/4561/1155 2176/4562/1155
f 2171/4563/1156 2174/4564/1156 2175/4565/1156 2178/4566/1156
f 2174/4567/1157 2173/4568/1157 2176/4569/1157 2175/4570/1157
f 2178/4571/1158 2177/4572/1158 2172/4573/1158 2171/4574/1158
f 2179/4575/1159 2180/4576/1159 2181/4577/1159 2182/4578/1159
f 2183/4579/1160 2184/4580/1160 2185/4581/1160 2186/4582/1160
f 2181/4583/1161 2180/4584/1161 2185/4585/1161 2184/4586/1161
f 2179/4587/1162 2182/4588/1162 2183/4589/1162 2186/4590/1162
f 2182/4591/1163 2181/4592/1163 2184/4593/1163 2183/4594/1163
f 2186/4595/1164 2185/4596/1164 2180/4597/1164 2179/4598/1164
f 2187/4599/1165 2188/4600/1165 2189/4601/1165 2190/4602/1165
f 2191/4603/1166 2192/4604/1166 2193/4605/1166 2194/4606/1166
f 2189/4607/1167 2188/4608/1167 2193/4609/1167 2192/4610/1167
f 2187/4611/1168 2190/4612/1168 2191/4613/1168 2194/4614/1168
f 2190/4615/1169 2189/4616/1169 2192/4617/1169 2191/4618/1169
f 2194/4619/1170 2193/4620/1170 2188/4621/1170 2187/4622/1170
f 2195/4623/1171 2196/4624/1171 2197/4625/1171 2198/4626/1171
f 2199/4627/1172 2200/4628/1172 2201/4629/1172 2202/4630/1172
f 2197/4631/1173 2196/4632/1173 2201/4633/1173 2200/4634/1173
f 2195/4635/1174 2198/4636/1174 2199/4637/1174 2202/4638/1174
f 2198/4639/1175 2197/4640/1175 2200/4641/1175 2199/4642/1175
f 2202/4643/1176 2201/4644/1176 2196/4645/1176 2195/4646/1176
f 2203/4647/1177 2204/4648/1177 2205/4649/1177 2206/4650/1177
f 2207/4651/1178 2208/4652/1178 2209/4653/1178 2210/4654/1178
f 2205/4655/1179 2204/4656/1179 2209/4657/1179 2208/4658/1179
f 2203/4659/1180 2206/4660/1180 2207/4661/1180 2210/4662/1180
f 2206/4663/1181 2205/4664/1181 2208/4665/1181 2207/4666/1181
f 2210/4667/1182 2209/4668/1182 2204/4669/1182 2203/4670/1182
f 2211/4671/1183 2212/4672/1183 2213/4673/1183 2214/4674/1183
f 2215/4675/1184 2216/4676/1184 2217/4677/1184 2218/4678/1184
f 2213/4679/1185 2212/4680/1185 2217/4681/1185 2216/4682/1185
f 2211/4683/1186 2214/4684/1186 2215/4685/1186 2218/4686/1186
f 2214/4687/1187 2213/4688/1187 2216/4689/1187 2215/4690/1187
f 2218/4691/1188 2217/4692/1188 2212/4693/1188 2211/4694/1188
f 2219/4695/1189 2220/4696/1189 2221/4697/1189 2222/4698/1189
f 2223/4699/1190 2224/4700/1190 2225/4701/1190 2226/4702/1190
f 2221/4703/1191 2220/4704/1191 2225/4705/1191 2224/4706/1191
f 2219/4707/1192 2222/4708/1192 2223/4709/1192 2226/4710/1192
f 2222/4711/1193 2221/4712/1193 2224/4713/1193 2223/4714/1193
f 2226/4715/1194 2225/4716/1194 2220/4717/1194 2219/4718/1194
f 2227/4719/1195 2228/4720/1195 2229/4721/1195 2230/4722/1195
f 2231/4723/1196 2232/4724/1196 2233/4725/1196 2234/4726/1196
f 2229/4727/1197 2228/4728/1197 2233/4729/1197 2232/4730/1197
f 2227/4731/1198 2230/4732/1198 2231/4733/1198 2234/4734/1198
f 2230/4735/1199 2229/4736/1199 2232/4737/1199 2231/4738/1199
f 2234/4739/1200 2233/4740/1200 2228/4741/1200 2227/4742/1200
f 2235/4743/1201 2236/4744/1201 2237/4745/1201 2238/4746/1201
f 2239/4747/1202 2240/4748/1202 2241/4749/1202 2242/4750/1202
f 2237/4751/1203 2236/4752/1203 2241/4753/1203 2240/4754/1203
f 2235/4755/1204 2238/4756/1204 2239/4757/1204 2242/4758/1204
f 2238/4759/1205 2237/4760/1205 2240/4761/1205 2239/4762/1205
f 2242/4763/1206 2241/4764/1206 2236/4765/1206 2235/4766/1206
o car1_panto_5H
v 0.25 2.5625 7.46875
v 0.25 2.8125 7.46875
v 0.25 2.8125 9.59375
v 0.25 2.5625 9.59375
v -0.25 2.5625 9.59375
v -0.25 2.8125 9.59375
v -0.25 2.8125 7.46875
v -0.25 2.5625 7.46875
v -0.0625 2.711886875 8.40835125
v -0.0625 2.831101875 8.445939375
v -0.0625 3.4513075 6.478898125
v -0.0625 3.3320925 6.44131
v 0.0625 3.3320925 6.44131
v 0.0625 3.4513075 6.478898125
v 0.0625 2.831101875 8.445939375
v 0.0625 2.711886875 8.40835125
v -0.03125 2.44078625 8.30791875
v -0.03125 2.497430625 8.3343325
v -0.03125 3.369080625 6.465073125
v -0.03125 3.312436875 6.438659375
v 0.03125 3.312436875 6.438659375
v 0.03125 3.369080625 6.465073125
v 0.03125 2.497430625 8.3343325
v 0.03125 2.44078625 8.30791875
v 0.1298025 3.332063125 6.480661875
v 0.13412375 3.392910625 6.467054375
v 0.21371 3.714421875 7.93003
v 0.20938875 3.653574375 7.943636875
v 0.14712625 3.65851125 7.945939375
v 0.151448125 3.71935875 7.932331875
v 0.071861875 3.3978475 6.469356875
v 0.06754 3.337 6.48296375
v 0.5625 3.9375 8.078125
v 0.5625 4 8.078125
v 0.5625 4 8.203125
v 0.5625 3.9375 8.203125
v -0.5625 3.9375 8.203125
v -0.5625 4 8.203125
v -0.5625 4 8.078125
v -0.5625 3.9375 8.078125
v 0.90614 3.662326875 8.109375
v 0.96487125 3.683703125 8.109375
v 0.96487125 3.683703125 8.171875
v 0.90614 3.662326875 8.171875
v 0.84201125 3.838519375 8.171875
v 0.9007425 3.859895625 8.171875
v 0.9007425 3.859895625 8.109375
v 0.84201125 3.838519375 8.109375
v 0.86489375 3.808698125 8.078125
v 0.9007425 3.859895 8.078125
v 0.9007425 3.859895 8.203125
v 0.86489375 3.808698125 8.203125
v 0.7113025 3.91624375 8.203125
v 0.74715125 3.967440625 8.203125
v 0.74715125 3.967440625 8.078125
v 0.7113025 3.91624375 8.078125
v 0.73629875 3.90589 8.078125
v 0.747151875 3.967440625 8.078125
v 0.747151875 3.967440625 8.203125
v 0.73629875 3.90589 8.203125
v 0.551646875 3.938449375 8.203125
v 0.5625 4 8.203125
v 0.5625 4 8.078125
v 0.551646875 3.938449375 8.078125
v -0.84201125 3.838519375 8.109375
v -0.9007425 3.859895625 8.109375
v -0.9007425 3.859895625 8.171875
v -0.84201125 3.838519375 8.171875
v -0.90614 3.662326875 8.171875
v -0.96487125 3.683703125 8.171875
v -0.96487125 3.683703125 8.109375
v -0.90614 3.662326875 8.109375
v -0.7113025 3.91624375 8.078125
v -0.74715125 3.967440625 8.078125
v -0.74715125 3.967440625 8.203125
v -0.7113025 3.91624375 8.203125
v -0.86489375 3.808698125 8.203125
v -0.9007425 3.859895 8.203125
v -0.9007425 3.859895 8.078125
v -0.86489375 3.808698125 8.078125
v -0.551646875 3.938449375 8.078125
v -0.5625 4 8.078125
v -0.5625 4 8.203125
v -0.551646875 3.938449375 8.203125
v -0.73629875 3.90589 8.203125
v -0.747151875 3.967440625 8.203125
v -0.747151875 3.967440625 8.078125
v -0.73629875 3.90589 8.078125
v -0.125 3.579779375 7.921083125
v -0.125 3.892279375 7.921083125
v -0.125 3.892279375 8.171083125
v -0.125 3.579779375 8.171083125
v -0.25 3.579779375 8.171083125
v -0.25 3.892279375 8.171083125
v -0.25 3.892279375 7.921083125
v -0.25 3.579779375 7.921083125
v 0.25 3.579779375 7.921083125
v 0.25 3.892279375 7.921083125
v 0.25 3.892279375 8.171083125
v 0.25 3.579779375 8.171083125
v 0.125 3.579779375 8.171083125
v 0.125 3.892279375 8.171083125
v 0.125 3.892279375 7.921083125
v 0.125 3.579779375 7.921083125
v 0.3125 3.8125 8.015625
v 0.3125 3.9375 8.015625
v 0.3125 3.9375 8.203125
v 0.3125 3.8125 8.203125
v -0.3125 3.8125 8.203125
v -0.3125 3.9375 8.203125
v -0.3125 3.9375 8.015625
v -0.3125 3.8125 8.015625
v 0.1875 3.3125 6.453125
v 0.1875 3.4375 6.453125
v 0.1875 3.4375 6.578125
v 0.1875 3.3125 6.578125
v -0.1875 3.3125 6.578125
v -0.1875 3.4375 6.578125
v -0.1875 3.4375 6.453125
v -0.1875 3.3125 6.453125
v -0.06754 3.337 6.48296375
v -0.071861875 3.3978475 6.469356875
v -0.151448125 3.71935875 7.932331875
v -0.14712625 3.65851125 7.945939375
v -0.20938875 3.653574375 7.943636875
v -0.21371 3.714421875 7.93003
v -0.13412375 3.392910625 6.467054375
v -0.1298025 3.332063125 6.480661875
v 0.03125 2.471474375 8.785715625
v 0.03125 2.53373625 8.780268125
v 0.03125 2.713495 10.83492
v 0.03125 2.651233125 10.840366875
v -0.03125 2.651233125 10.840366875
v -0.03125 2.713495 10.83492
v -0.03125 2.53373625 8.780268125
v -0.03125 2.471474375 8.785715625
v 0.0625 2.587773125 8.78036375
v 0.0625 2.71265375 8.774911875
v 0.0625 2.80261875 10.83544875
v 0.0625 2.677738125 10.84090125
v -0.0625 2.677738125 10.84090125
v -0.0625 2.80261875 10.83544875
v -0.0625 2.71265375 8.774911875
v -0.0625 2.587773125 8.78036375
v -0.1298025 2.75658625 10.7825225
v -0.13412375 2.818689375 10.788070625
v -0.21371 2.94649125 9.295645625
v -0.20938875 2.884388125 9.290096875
v -0.14712625 2.8889825 9.287170625
v -0.151448125 2.951085 9.29271875
v -0.071861875 2.82328375 10.78514375
v -0.06754 2.761180625 10.779595625
v -0.86489375 3.105573125 9.2753675
v -0.9007425 3.15677 9.2753675
v -0.9007425 3.15677 9.1503675
v -0.86489375 3.105573125 9.1503675
v -0.7113025 3.21311875 9.1503675
v -0.74715125 3.264315625 9.1503675
v -0.74715125 3.264315625 9.2753675
v -0.7113025 3.21311875 9.2753675
v -0.73629875 3.202765 9.2753675
v -0.747151875 3.264315625 9.2753675
v -0.747151875 3.264315625 9.1503675
v -0.73629875 3.202765 9.1503675
v -0.551646875 3.235324375 9.1503675
v -0.5625 3.296875 9.1503675
v -0.5625 3.296875 9.2753675
v -0.551646875 3.235324375 9.2753675
v -0.90614 2.959201875 9.2441175
v -0.96487125 2.980578125 9.2441175
v -0.96487125 2.980578125 9.1816175
v -0.90614 2.959201875 9.1816175
v -0.84201125 3.135394375 9.1816175
v -0.9007425 3.156770625 9.1816175
v -0.9007425 3.156770625 9.2441175
v -0.84201125 3.135394375 9.2441175
v 0.84201125 3.135394375 9.2441175
v 0.9007425 3.156770625 9.2441175
v 0.9007425 3.156770625 9.1816175
v 0.84201125 3.135394375 9.1816175
v 0.90614 2.959201875 9.1816175
v 0.96487125 2.980578125 9.1816175
v 0.96487125 2.980578125 9.2441175
v 0.90614 2.959201875 9.2441175
v 0.7113025 3.21311875 9.2753675
v 0.74715125 3.264315625 9.2753675
v 0.74715125 3.264315625 9.1503675
v 0.7113025 3.21311875 9.1503675
v 0.86489375 3.105573125 9.1503675
v 0.9007425 3.15677 9.1503675
v 0.9007425 3.15677 9.2753675
v 0.86489375 3.105573125 9.2753675
v 0.551646875 3.235324375 9.2753675
v 0.5625 3.296875 9.2753675
v 0.5625 3.296875 9.1503675
v 0.551646875 3.235324375 9.1503675
v 0.73629875 3.202765 9.1503675
v 0.747151875 3.264315625 9.1503675
v 0.747151875 3.264315625 9.2753675
v 0.73629875 3.202765 9.2753675
v -0.5625 3.234375 9.2753675
v -0.5625 3.296875 9.2753675
v -0.5625 3.296875 9.1503675
v -0.5625 3.234375 9.1503675
v 0.5625 3.234375 9.1503675
v 0.5625 3.296875 9.1503675
v 0.5625 3.296875 9.2753675
v 0.5625 3.234375 9.2753675
v -0.3125 3.109375 9.3378675
v -0.3125 3.234375 9.3378675
v -0.3125 3.234375 9.1503675
v -0.3125 3.109375 9.1503675
v 0.3125 3.109375 9.1503675
v 0.3125 3.234375 9.1503675
v 0.3125 3.234375 9.3378675
v 0.3125 3.109375 9.3378675
v 0.125 2.876654375 9.432409375
v 0.125 3.189154375 9.432409375
v 0.125 3.189154375 9.182409375
v 0.125 2.876654375 9.182409375
v 0.25 2.876654375 9.182409375
v 0.25 3.189154375 9.182409375
v 0.25 3.189154375 9.432409375
v 0.25 2.876654375 9.432409375
v -0.25 2.876654375 9.432409375
v -0.25 3.189154375 9.432409375
v -0.25 3.189154375 9.182409375
v -0.25 2.876654375 9.182409375
v -0.125 2.876654375 9.182409375
v -0.125 3.189154375 9.182409375
v -0.125 3.189154375 9.432409375
v -0.125 2.876654375 9.432409375
v -0.1875 2.703125 10.8378675
v -0.1875 2.828125 10.8378675
v -0.1875 2.828125 10.7128675
v -0.1875 2.703125 10.7128675
v 0.1875 2.703125 10.7128675
v 0.1875 2.828125 10.7128675
v 0.1875 2.828125 10.8378675
v 0.1875 2.703125 10.8378675
v 0.06754 2.761180625 10.779595625
v 0.071861875 2.82328375 10.78514375
v 0.151448125 2.951085 9.29271875
v 0.14712625 2.8889825 9.287170625
v 0.20938875 2.884388125 9.290096875
v 0.21371 2.94649125 9.295645625
v 0.13412375 2.818689375 10.788070625
v 0.1298025 2.75658625 10.7825225
v -0.625 2.5625 10.78125
v -0.625 3 10.78125
v -0.625 3 11.03125
v -0.625 2.5625 11.03125
v -0.875 2.5625 11.03125
v -0.875 3 11.03125
v -0.875 3 10.78125
v -0.875 2.5625 10.78125
v 0.0625 2.5625 11.09375
v 0.0625 2.875 11.09375
v 0.0625 2.875 11.21875
v 0.0625 2.5625 11.21875
v -0.0625 2.5625 11.21875
v -0.0625 2.875 11.21875
v -0.0625 2.875 11.09375
v -0.0625 2.5625 11.09375
v 0.875 2.5625 10.78125
v 0.875 3 10.78125
v 0.875 3 11.03125
v 0.875 2.5625 11.03125
v 0.625 2.5625 11.03125
v 0.625 3 11.03125
v 0.625 3 10.78125
v 0.625 2.5625 10.78125
v 0.875 2.5625 6.78125
v 0.875 3 6.78125
v 0.875 3 7.03125
v 0.875 2.5625 7.03125
v 0.625 2.5625 7.03125
v 0.625 3 7.03125
v 0.625 3 6.78125
v 0.625 2.5625 6.78125
v -0.625 2.5625 6.78125
v -0.625 3 6.78125
v -0.625 3 7.03125
v -0.625 2.5625 7.03125
v -0.875 2.5625 7.03125
v -0.875 3 7.03125
v -0.875 3 6.78125
v -0.875 2.5625 6.78125
vt 0.06055363321799308 0.7050173010380623
vt 0.06055363321799308 0.7084775086505191
vt 0.031141868512110725 0.7084775086505191
vt 0.031141868512110725 0.7050173010380623
vt 0.09688581314878893 0.7050173010380623
vt 0.09688581314878893 0.7084775086505191
vt 0.06747404844290658 0.7084775086505191
vt 0.06747404844290658 0.7050173010380623
vt 0.06055363321799308 0.7378892733564013
vt 0.06055363321799308 0.7084775086505191
vt 0.06747404844290658 0.7084775086505191
vt 0.06747404844290658 0.7378892733564013
vt 0.06747404844290658 0.7084775086505191
vt 0.06747404844290658 0.7378892733564013
vt 0.07439446366782007 0.7378892733564013
vt 0.07439446366782007 0.7084775086505191
vt 0.10380622837370242 0.7050173010380623
vt 0.10380622837370242 0.7084775086505191
vt 0.09688581314878893 0.7084775086505191
vt 0.09688581314878893 0.7050173010380623
vt 0.06747404844290658 0.7050173010380623
vt 0.06747404844290658 0.7084775086505191
vt 0.06055363321799308 0.7084775086505191
vt 0.06055363321799308 0.7050173010380623
vt 0.06228373702422145 0.8001730103806228
vt 0.06228373702422145 0.8019031141868512
vt 0.09083044982698962 0.8019031141868512
vt 0.09083044982698962 0.8001730103806228
vt 0.03200692041522491 0.8001730103806228
vt 0.03200692041522491 0.8019031141868512
vt 0.06055363321799308 0.8019031141868512
vt 0.06055363321799308 0.8001730103806228
vt 0.06228373702422145 0.8304498269896194
vt 0.06228373702422145 0.8019031141868512
vt 0.06055363321799308 0.8019031141868512
vt 0.06055363321799308 0.8304498269896194
vt 0.06401384083044982 0.8019031141868512
vt 0.06401384083044982 0.8304498269896194
vt 0.06228373702422145 0.8304498269896194
vt 0.06228373702422145 0.8019031141868512
vt 0.09083044982698962 0.8001730103806228
vt 0.09083044982698962 0.8019031141868512
vt 0.092560553633218 0.8019031141868512
vt 0.092560553633218 0.8001730103806228
vt 0.06055363321799308 0.8001730103806228
vt 0.06055363321799308 0.8019031141868512
vt 0.06228373702422145 0.8019031141868512
vt 0.06228373702422145 0.8001730103806228
vt 0.06228373702422145 0.801038062283737
vt 0.06228373702422145 0.8019031141868512
vt 0.09083044982698962 0.8019031141868512
vt 0.09083044982698962 0.801038062283737
vt 0.0328719723183391 0.801038062283737
vt 0.0328719723183391 0.8019031141868512
vt 0.061418685121107264 0.8019031141868512
vt 0.061418685121107264 0.801038062283737
vt 0.06228373702422145 0.8304498269896194
vt 0.06228373702422145 0.8019031141868512
vt 0.061418685121107264 0.8019031141868512
vt 0.061418685121107264 0.8304498269896194
vt 0.06314878892733564 0.8019031141868512
vt 0.06314878892733564 0.8304498269896194
vt 0.06228373702422145 0.8304498269896194
vt 0.06228373702422145 0.8019031141868512
vt 0.09083044982698962 0.801038062283737
vt 0.09083044982698962 0.8019031141868512
vt 0.09169550173010381 0.8019031141868512
vt 0.09169550173010381 0.801038062283737
vt 0.061418685121107264 0.801038062283737
vt 0.061418685121107264 0.8019031141868512
vt 0.06228373702422145 0.8019031141868512
vt 0.06228373702422145 0.801038062283737
vt 0.054498269896193774 0.8131487889273357
vt 0.054498269896193774 0.8140138408304498
vt 0.07525951557093426 0.8140138408304498
vt 0.07525951557093426 0.8131487889273357
vt 0.0328719723183391 0.8131487889273357
vt 0.0328719723183391 0.8140138408304498
vt 0.05363321799307959 0.8140138408304498
vt 0.05363321799307959 0.8131487889273357
vt 0.054498269896193774 0.8347750865051903
vt 0.054498269896193774 0.8140138408304498
vt 0.05363321799307959 0.8140138408304498
vt 0.05363321799307959 0.8347750865051903
vt 0.05536332179930796 0.8140138408304498
vt 0.05536332179930796 0.8347750865051903
vt 0.054498269896193774 0.8347750865051903
vt 0.054498269896193774 0.8140138408304498
vt 0.07525951557093426 0.8131487889273357
vt 0.07525951557093426 0.8140138408304498
vt 0.07612456747404844 0.8140138408304498
vt 0.07612456747404844 0.8131487889273357
vt 0.05363321799307959 0.8131487889273357
vt 0.05363321799307959 0.8140138408304498
vt 0.054498269896193774 0.8140138408304498
vt 0.054498269896193774 0.8131487889273357
vt 0.05103806228373702 0.8088235294117647
vt 0.05103806228373702 0.8096885813148789
vt 0.052768166089965395 0.8096885813148789
vt 0.052768166089965395 0.8088235294117647
vt 0.03373702422145329 0.8088235294117647
vt 0.03373702422145329 0.8096885813148789
vt 0.03546712802768166 0.8096885813148789
vt 0.03546712802768166 0.8088235294117647
vt 0.05103806228373702 0.8114186851211073
vt 0.05103806228373702 0.8096885813148789
vt 0.03546712802768166 0.8096885813148789
vt 0.03546712802768166 0.8114186851211073
vt 0.06660899653979238 0.8096885813148789
vt 0.06660899653979238 0.8114186851211073
vt 0.05103806228373702 0.8114186851211073
vt 0.05103806228373702 0.8096885813148789
vt 0.052768166089965395 0.8088235294117647
vt 0.052768166089965395 0.8096885813148789
vt 0.06833910034602077 0.8096885813148789
vt 0.06833910034602077 0.8088235294117647
vt 0.03546712802768166 0.8088235294117647
vt 0.03546712802768166 0.8096885813148789
vt 0.05103806228373702 0.8096885813148789
vt 0.05103806228373702 0.8088235294117647
vt 0.037197231833910036 0.8261245674740485
vt 0.037197231833910036 0.8269896193771626
vt 0.03806228373702422 0.8269896193771626
vt 0.03806228373702422 0.8261245674740485
vt 0.03373702422145329 0.8261245674740485
vt 0.03373702422145329 0.8269896193771626
vt 0.03460207612456748 0.8269896193771626
vt 0.03460207612456748 0.8261245674740485
vt 0.037197231833910036 0.8278546712802768
vt 0.037197231833910036 0.8269896193771626
vt 0.03460207612456748 0.8269896193771626
vt 0.03460207612456748 0.8278546712802768
vt 0.039792387543252594 0.8269896193771626
vt 0.039792387543252594 0.8278546712802768
vt 0.037197231833910036 0.8278546712802768
vt 0.037197231833910036 0.8269896193771626
vt 0.03806228373702422 0.8261245674740485
vt 0.03806228373702422 0.8269896193771626
vt 0.04065743944636678 0.8269896193771626
vt 0.04065743944636678 0.8261245674740485
vt 0.03460207612456748 0.8261245674740485
vt 0.03460207612456748 0.8269896193771626
vt 0.037197231833910036 0.8269896193771626
vt 0.037197231833910036 0.8261245674740485
vt 0.037197231833910036 0.828719723183391
vt 0.037197231833910036 0.8295847750865052
vt 0.03892733564013841 0.8295847750865052
vt 0.03892733564013841 0.828719723183391
vt 0.0328719723183391 0.828719723183391
vt 0.0328719723183391 0.8295847750865052
vt 0.03460207612456748 0.8295847750865052
vt 0.03460207612456748 0.828719723183391
vt 0.037197231833910036 0.8313148788927336
vt 0.037197231833910036 0.8295847750865052
vt 0.03460207612456748 0.8295847750865052
vt 0.03460207612456748 0.8313148788927336
vt 0.039792387543252594 0.8295847750865052
vt 0.039792387543252594 0.8313148788927336
vt 0.037197231833910036 0.8313148788927336
vt 0.037197231833910036 0.8295847750865052
vt 0.03892733564013841 0.828719723183391
vt 0.03892733564013841 0.8295847750865052
vt 0.04152249134948097 0.8295847750865052
vt 0.04152249134948097 0.828719723183391
vt 0.03460207612456748 0.828719723183391
vt 0.03460207612456748 0.8295847750865052
vt 0.037197231833910036 0.8295847750865052
vt 0.037197231833910036 0.828719723183391
vt 0.037197231833910036 0.8321799307958477
vt 0.037197231833910036 0.8330449826989619
vt 0.03892733564013841 0.8330449826989619
vt 0.03892733564013841 0.8321799307958477
vt 0.0328719723183391 0.8321799307958477
vt 0.0328719723183391 0.8330449826989619
vt 0.03460207612456748 0.8330449826989619
vt 0.03460207612456748 0.8321799307958477
vt 0.037197231833910036 0.8347750865051903
vt 0.037197231833910036 0.8330449826989619
vt 0.03460207612456748 0.8330449826989619
vt 0.03460207612456748 0.8347750865051903
vt 0.039792387543252594 0.8330449826989619
vt 0.039792387543252594 0.8347750865051903
vt 0.037197231833910036 0.8347750865051903
vt 0.037197231833910036 0.8330449826989619
vt 0.03892733564013841 0.8321799307958477
vt 0.03892733564013841 0.8330449826989619
vt 0.04152249134948097 0.8330449826989619
vt 0.04152249134948097 0.8321799307958477
vt 0.03460207612456748 0.8321799307958477
vt 0.03460207612456748 0.8330449826989619
vt 0.037197231833910036 0.8330449826989619
vt 0.037197231833910036 0.8321799307958477
vt 0.03460207612456748 0.8261245674740485
vt 0.03460207612456748 0.8269896193771626
vt 0.03373702422145329 0.8269896193771626
vt 0.03373702422145329 0.8261245674740485
vt 0.03806228373702422 0.8261245674740485
vt 0.03806228373702422 0.8269896193771626
vt 0.037197231833910036 0.8269896193771626
vt 0.037197231833910036 0.8261245674740485
vt 0.03460207612456748 0.8278546712802768
vt 0.03460207612456748 0.8269896193771626
vt 0.037197231833910036 0.8269896193771626
vt 0.037197231833910036 0.8278546712802768
vt 0.037197231833910036 0.8269896193771626
vt 0.037197231833910036 0.8278546712802768
vt 0.039792387543252594 0.8278546712802768
vt 0.039792387543252594 0.8269896193771626
vt 0.04065743944636678 0.8261245674740485
vt 0.04065743944636678 0.8269896193771626
vt 0.03806228373702422 0.8269896193771626
vt 0.03806228373702422 0.8261245674740485
vt 0.037197231833910036 0.8261245674740485
vt 0.037197231833910036 0.8269896193771626
vt 0.03460207612456748 0.8269896193771626
vt 0.03460207612456748 0.8261245674740485
vt 0.03460207612456748 0.828719723183391
vt 0.03460207612456748 0.8295847750865052
vt 0.0328719723183391 0.8295847750865052
vt 0.0328719723183391 0.828719723183391
vt 0.03892733564013841 0.828719723183391
vt 0.03892733564013841 0.8295847750865052
vt 0.037197231833910036 0.8295847750865052
vt 0.037197231833910036 0.828719723183391
vt 0.03460207612456748 0.8313148788927336
vt 0.03460207612456748 0.8295847750865052
vt 0.037197231833910036 0.8295847750865052
vt 0.037197231833910036 0.8313148788927336
vt 0.037197231833910036 0.8295847750865052
vt 0.037197231833910036 0.8313148788927336
vt 0.039792387543252594 0.8313148788927336
vt 0.039792387543252594 0.8295847750865052
vt 0.04152249134948097 0.828719723183391
vt 0.04152249134948097 0.8295847750865052
vt 0.03892733564013841 0.8295847750865052
vt 0.03892733564013841 0.828719723183391
vt 0.037197231833910036 0.828719723183391
vt 0.037197231833910036 0.8295847750865052
vt 0.03460207612456748 0.8295847750865052
vt 0.03460207612456748 0.828719723183391
vt 0.03460207612456748 0.8321799307958477
vt 0.03460207612456748 0.8330449826989619
vt 0.0328719723183391 0.8330449826989619
vt 0.0328719723183391 0.8321799307958477
vt 0.03892733564013841 0.8321799307958477
vt 0.03892733564013841 0.8330449826989619
vt 0.037197231833910036 0.8330449826989619
vt 0.037197231833910036 0.8321799307958477
vt 0.03460207612456748 0.8347750865051903
vt 0.03460207612456748 0.8330449826989619
vt 0.037197231833910036 0.8330449826989619
vt 0.037197231833910036 0.8347750865051903
vt 0.037197231833910036 0.8330449826989619
vt 0.037197231833910036 0.8347750865051903
vt 0.039792387543252594 0.8347750865051903
vt 0.039792387543252594 0.8330449826989619
vt 0.04152249134948097 0.8321799307958477
vt 0.04152249134948097 0.8330449826989619
vt 0.03892733564013841 0.8330449826989619
vt 0.03892733564013841 0.8321799307958477
vt 0.037197231833910036 0.8321799307958477
vt 0.037197231833910036 0.8330449826989619
vt 0.03460207612456748 0.8330449826989619
vt 0.03460207612456748 0.8321799307958477
vt 0.03546712802768166 0.8382352941176471
vt 0.03546712802768166 0.842560553633218
vt 0.03200692041522491 0.842560553633218
vt 0.03200692041522491 0.8382352941176471
vt 0.04065743944636678 0.8382352941176471
vt 0.04065743944636678 0.842560553633218
vt 0.037197231833910036 0.842560553633218
vt 0.037197231833910036 0.8382352941176471
vt 0.03546712802768166 0.8460207612456747
vt 0.03546712802768166 0.842560553633218
vt 0.037197231833910036 0.842560553633218
vt 0.037197231833910036 0.8460207612456747
vt 0.037197231833910036 0.842560553633218
vt 0.037197231833910036 0.8460207612456747
vt 0.03892733564013841 0.8460207612456747
vt 0.03892733564013841 0.842560553633218
vt 0.04238754325259515 0.8382352941176471
vt 0.04238754325259515 0.842560553633218
vt 0.04065743944636678 0.842560553633218
vt 0.04065743944636678 0.8382352941176471
vt 0.037197231833910036 0.8382352941176471
vt 0.037197231833910036 0.842560553633218
vt 0.03546712802768166 0.842560553633218
vt 0.03546712802768166 0.8382352941176471
vt 0.037197231833910036 0.8382352941176471
vt 0.037197231833910036 0.842560553633218
vt 0.04065743944636678 0.842560553633218
vt 0.04065743944636678 0.8382352941176471
vt 0.03200692041522491 0.8382352941176471
vt 0.03200692041522491 0.842560553633218
vt 0.03546712802768166 0.842560553633218
vt 0.03546712802768166 0.8382352941176471
vt 0.037197231833910036 0.8460207612456747
vt 0.037197231833910036 0.842560553633218
vt 0.03546712802768166 0.842560553633218
vt 0.03546712802768166 0.8460207612456747
vt 0.03892733564013841 0.842560553633218
vt 0.03892733564013841 0.8460207612456747
vt 0.037197231833910036 0.8460207612456747
vt 0.037197231833910036 0.842560553633218
vt 0.04065743944636678 0.8382352941176471
vt 0.04065743944636678 0.842560553633218
vt 0.04238754325259515 0.842560553633218
vt 0.04238754325259515 0.8382352941176471
vt 0.03546712802768166 0.8382352941176471
vt 0.03546712802768166 0.842560553633218
vt 0.037197231833910036 0.842560553633218
vt 0.037197231833910036 0.8382352941176471
vt 0.045847750865051905 0.8391003460207612
vt 0.045847750865051905 0.8408304498269896
vt 0.04325259515570934 0.8408304498269896
vt 0.04325259515570934 0.8391003460207612
vt 0.05709342560553633 0.8391003460207612
vt 0.05709342560553633 0.8408304498269896
vt 0.054498269896193774 0.8408304498269896
vt 0.054498269896193774 0.8391003460207612
vt 0.045847750865051905 0.8434256055363322
vt 0.045847750865051905 0.8408304498269896
vt 0.054498269896193774 0.8408304498269896
vt 0.054498269896193774 0.8434256055363322
vt 0.054498269896193774 0.8408304498269896
vt 0.054498269896193774 0.8434256055363322
vt 0.06314878892733564 0.8434256055363322
vt 0.06314878892733564 0.8408304498269896
vt 0.0657439446366782 0.8391003460207612
vt 0.0657439446366782 0.8408304498269896
vt 0.05709342560553633 0.8408304498269896
vt 0.05709342560553633 0.8391003460207612
vt 0.054498269896193774 0.8391003460207612
vt 0.054498269896193774 0.8408304498269896
vt 0.045847750865051905 0.8408304498269896
vt 0.045847750865051905 0.8391003460207612
vt 0.03633217993079585 0.8166089965397924
vt 0.03633217993079585 0.8183391003460208
vt 0.03460207612456748 0.8183391003460208
vt 0.03460207612456748 0.8166089965397924
vt 0.04325259515570934 0.8166089965397924
vt 0.04325259515570934 0.8183391003460208
vt 0.04152249134948097 0.8183391003460208
vt 0.04152249134948097 0.8166089965397924
vt 0.03633217993079585 0.8200692041522492
vt 0.03633217993079585 0.8183391003460208
vt 0.04152249134948097 0.8183391003460208
vt 0.04152249134948097 0.8200692041522492
vt 0.04152249134948097 0.8183391003460208
vt 0.04152249134948097 0.8200692041522492
vt 0.04671280276816609 0.8200692041522492
vt 0.04671280276816609 0.8183391003460208
vt 0.04844290657439446 0.8166089965397924
vt 0.04844290657439446 0.8183391003460208
vt 0.04325259515570934 0.8183391003460208
vt 0.04325259515570934 0.8166089965397924
vt 0.04152249134948097 0.8166089965397924
vt 0.04152249134948097 0.8183391003460208
vt 0.03633217993079585 0.8183391003460208
vt 0.03633217993079585 0.8166089965397924
vt 0.05363321799307959 0.8131487889273357
vt 0.05363321799307959 0.8140138408304498
vt 0.0328719723183391 0.8140138408304498
vt 0.0328719723183391 0.8131487889273357
vt 0.07525951557093426 0.8131487889273357
vt 0.07525951557093426 0.8140138408304498
vt 0.054498269896193774 0.8140138408304498
vt 0.054498269896193774 0.8131487889273357
vt 0.05363321799307959 0.8347750865051903
vt 0.05363321799307959 0.8140138408304498
vt 0.054498269896193774 0.8140138408304498
vt 0.054498269896193774 0.8347750865051903
vt 0.054498269896193774 0.8140138408304498
vt 0.054498269896193774 0.8347750865051903
vt 0.05536332179930796 0.8347750865051903
vt 0.05536332179930796 0.8140138408304498
vt 0.07612456747404844 0.8131487889273357
vt 0.07612456747404844 0.8140138408304498
vt 0.07525951557093426 0.8140138408304498
vt 0.07525951557093426 0.8131487889273357
vt 0.054498269896193774 0.8131487889273357
vt 0.054498269896193774 0.8140138408304498
vt 0.05363321799307959 0.8140138408304498
vt 0.05363321799307959 0.8131487889273357
vt 0.06228373702422145 0.801038062283737
vt 0.06228373702422145 0.8019031141868512
vt 0.09083044982698962 0.8019031141868512
vt 0.09083044982698962 0.801038062283737
vt 0.0328719723183391 0.801038062283737
vt 0.0328719723183391 0.8019031141868512
vt 0.061418685121107264 0.8019031141868512
vt 0.061418685121107264 0.801038062283737
vt 0.06228373702422145 0.8304498269896194
vt 0.06228373702422145 0.8019031141868512
vt 0.061418685121107264 0.8019031141868512
vt 0.061418685121107264 0.8304498269896194
vt 0.06314878892733564 0.8019031141868512
vt 0.06314878892733564 0.8304498269896194
vt 0.06228373702422145 0.8304498269896194
vt 0.06228373702422145 0.8019031141868512
vt 0.09083044982698962 0.801038062283737
vt 0.09083044982698962 0.8019031141868512
vt 0.09169550173010381 0.8019031141868512
vt 0.09169550173010381 0.801038062283737
vt 0.061418685121107264 0.801038062283737
vt 0.061418685121107264 0.8019031141868512
vt 0.06228373702422145 0.8019031141868512
vt 0.06228373702422145 0.801038062283737
vt 0.06228373702422145 0.8001730103806228
vt 0.06228373702422145 0.8019031141868512
vt 0.09083044982698962 0.8019031141868512
vt 0.09083044982698962 0.8001730103806228
vt 0.03200692041522491 0.8001730103806228
vt 0.03200692041522491 0.8019031141868512
vt 0.06055363321799308 0.8019031141868512
vt 0.06055363321799308 0.8001730103806228
vt 0.06228373702422145 0.8304498269896194
vt 0.06228373702422145 0.8019031141868512
vt 0.06055363321799308 0.8019031141868512
vt 0.06055363321799308 0.8304498269896194
vt 0.06401384083044982 0.8019031141868512
vt 0.06401384083044982 0.8304498269896194
vt 0.06228373702422145 0.8304498269896194
vt 0.06228373702422145 0.8019031141868512
vt 0.09083044982698962 0.8001730103806228
vt 0.09083044982698962 0.8019031141868512
vt 0.092560553633218 0.8019031141868512
vt 0.092560553633218 0.8001730103806228
vt 0.06055363321799308 0.8001730103806228
vt 0.06055363321799308 0.8019031141868512
vt 0.06228373702422145 0.8019031141868512
vt 0.06228373702422145 0.8001730103806228
vt 0.054498269896193774 0.8131487889273357
vt 0.054498269896193774 0.8140138408304498
vt 0.07525951557093426 0.8140138408304498
vt 0.07525951557093426 0.8131487889273357
vt 0.0328719723183391 0.8131487889273357
vt 0.0328719723183391 0.8140138408304498
vt 0.05363321799307959 0.8140138408304498
vt 0.05363321799307959 0.8131487889273357
vt 0.054498269896193774 0.8347750865051903
vt 0.054498269896193774 0.8140138408304498
vt 0.05363321799307959 0.8140138408304498
vt 0.05363321799307959 0.8347750865051903
vt 0.05536332179930796 0.8140138408304498
vt 0.05536332179930796 0.8347750865051903
vt 0.054498269896193774 0.8347750865051903
vt 0.054498269896193774 0.8140138408304498
vt 0.07525951557093426 0.8131487889273357
vt 0.07525951557093426 0.8140138408304498
vt 0.07612456747404844 0.8140138408304498
vt 0.07612456747404844 0.8131487889273357
vt 0.05363321799307959 0.8131487889273357
vt 0.05363321799307959 0.8140138408304498
vt 0.054498269896193774 0.8140138408304498
vt 0.054498269896193774 0.8131487889273357
vt 0.037197231833910036 0.828719723183391
vt 0.037197231833910036 0.8295847750865052
vt 0.03892733564013841 0.8295847750865052
vt 0.03892733564013841 0.828719723183391
vt 0.0328719723183391 0.828719723183391
vt 0.0328719723183391 0.8295847750865052
vt 0.03460207612456748 0.8295847750865052
vt 0.03460207612456748 0.828719723183391
vt 0.037197231833910036 0.8313148788927336
vt 0.037197231833910036 0.8295847750865052
vt 0.03460207612456748 0.8295847750865052
vt 0.03460207612456748 0.8313148788927336
vt 0.039792387543252594 0.8295847750865052
vt 0.039792387543252594 0.8313148788927336
vt 0.037197231833910036 0.8313148788927336
vt 0.037197231833910036 0.8295847750865052
vt 0.03892733564013841 0.828719723183391
vt 0.03892733564013841 0.8295847750865052
vt 0.04152249134948097 0.8295847750865052
vt 0.04152249134948097 0.828719723183391
vt 0.03460207612456748 0.828719723183391
vt 0.03460207612456748 0.8295847750865052
vt 0.037197231833910036 0.8295847750865052
vt 0.037197231833910036 0.828719723183391
vt 0.037197231833910036 0.8321799307958477
vt 0.037197231833910036 0.8330449826989619
vt 0.03892733564013841 0.8330449826989619
vt 0.03892733564013841 0.8321799307958477
vt 0.0328719723183391 0.8321799307958477
vt 0.0328719723183391 0.8330449826989619
vt 0.03460207612456748 0.8330449826989619
vt 0.03460207612456748 0.8321799307958477
vt 0.037197231833910036 0.8347750865051903
vt 0.037197231833910036 0.8330449826989619
vt 0.03460207612456748 0.8330449826989619
vt 0.03460207612456748 0.8347750865051903
vt 0.039792387543252594 0.8330449826989619
vt 0.039792387543252594 0.8347750865051903
vt 0.037197231833910036 0.8347750865051903
vt 0.037197231833910036 0.8330449826989619
vt 0.03892733564013841 0.8321799307958477
vt 0.03892733564013841 0.8330449826989619
vt 0.04152249134948097 0.8330449826989619
vt 0.04152249134948097 0.8321799307958477
vt 0.03460207612456748 0.8321799307958477
vt 0.03460207612456748 0.8330449826989619
vt 0.037197231833910036 0.8330449826989619
vt 0.037197231833910036 0.8321799307958477
vt 0.037197231833910036 0.8261245674740485
vt 0.037197231833910036 0.8269896193771626
vt 0.03806228373702422 0.8269896193771626
vt 0.03806228373702422 0.8261245674740485
vt 0.03373702422145329 0.8261245674740485
vt 0.03373702422145329 0.8269896193771626
vt 0.03460207612456748 0.8269896193771626
vt 0.03460207612456748 0.8261245674740485
vt 0.037197231833910036 0.8278546712802768
vt 0.037197231833910036 0.8269896193771626
vt 0.03460207612456748 0.8269896193771626
vt 0.03460207612456748 0.8278546712802768
vt 0.039792387543252594 0.8269896193771626
vt 0.039792387543252594 0.8278546712802768
vt 0.037197231833910036 0.8278546712802768
vt 0.037197231833910036 0.8269896193771626
vt 0.03806228373702422 0.8261245674740485
vt 0.03806228373702422 0.8269896193771626
vt 0.04065743944636678 0.8269896193771626
vt 0.04065743944636678 0.8261245674740485
vt 0.03460207612456748 0.8261245674740485
vt 0.03460207612456748 0.8269896193771626
vt 0.037197231833910036 0.8269896193771626
vt 0.037197231833910036 0.8261245674740485
vt 0.03460207612456748 0.8261245674740485
vt 0.03460207612456748 0.8269896193771626
vt 0.03373702422145329 0.8269896193771626
vt 0.03373702422145329 0.8261245674740485
vt 0.03806228373702422 0.8261245674740485
vt 0.03806228373702422 0.8269896193771626
vt 0.037197231833910036 0.8269896193771626
vt 0.037197231833910036 0.8261245674740485
vt 0.03460207612456748 0.8278546712802768
vt 0.03460207612456748 0.8269896193771626
vt 0.037197231833910036 0.8269896193771626
vt 0.037197231833910036 0.8278546712802768
vt 0.037197231833910036 0.8269896193771626
vt 0.037197231833910036 0.8278546712802768
vt 0.039792387543252594 0.8278546712802768
vt 0.039792387543252594 0.8269896193771626
vt 0.04065743944636678 0.8261245674740485
vt 0.04065743944636678 0.8269896193771626
vt 0.03806228373702422 0.8269896193771626
vt 0.03806228373702422 0.8261245674740485
vt 0.037197231833910036 0.8261245674740485
vt 0.037197231833910036 0.8269896193771626
vt 0.03460207612456748 0.8269896193771626
vt 0.03460207612456748 0.8261245674740485
vt 0.03460207612456748 0.828719723183391
vt 0.03460207612456748 0.8295847750865052
vt 0.0328719723183391 0.8295847750865052
vt 0.0328719723183391 0.828719723183391
vt 0.03892733564013841 0.828719723183391
vt 0.03892733564013841 0.8295847750865052
vt 0.037197231833910036 0.8295847750865052
vt 0.037197231833910036 0.828719723183391
vt 0.03460207612456748 0.8313148788927336
vt 0.03460207612456748 0.8295847750865052
vt 0.037197231833910036 0.8295847750865052
vt 0.037197231833910036 0.8313148788927336
vt 0.037197231833910036 0.8295847750865052
vt 0.037197231833910036 0.8313148788927336
vt 0.039792387543252594 0.8313148788927336
vt 0.039792387543252594 0.8295847750865052
vt 0.04152249134948097 0.828719723183391
vt 0.04152249134948097 0.8295847750865052
vt 0.03892733564013841 0.8295847750865052
vt 0.03892733564013841 0.828719723183391
vt 0.037197231833910036 0.828719723183391
vt 0.037197231833910036 0.8295847750865052
vt 0.03460207612456748 0.8295847750865052
vt 0.03460207612456748 0.828719723183391
vt 0.03460207612456748 0.8321799307958477
vt 0.03460207612456748 0.8330449826989619
vt 0.0328719723183391 0.8330449826989619
vt 0.0328719723183391 0.8321799307958477
vt 0.03892733564013841 0.8321799307958477
vt 0.03892733564013841 0.8330449826989619
vt 0.037197231833910036 0.8330449826989619
vt 0.037197231833910036 0.8321799307958477
vt 0.03460207612456748 0.8347750865051903
vt 0.03460207612456748 0.8330449826989619
vt 0.037197231833910036 0.8330449826989619
vt 0.037197231833910036 0.8347750865051903
vt 0.037197231833910036 0.8330449826989619
vt 0.037197231833910036 0.8347750865051903
vt 0.039792387543252594 0.8347750865051903
vt 0.039792387543252594 0.8330449826989619
vt 0.04152249134948097 0.8321799307958477
vt 0.04152249134948097 0.8330449826989619
vt 0.03892733564013841 0.8330449826989619
vt 0.03892733564013841 0.8321799307958477
vt 0.037197231833910036 0.8321799307958477
vt 0.037197231833910036 0.8330449826989619
vt 0.03460207612456748 0.8330449826989619
vt 0.03460207612456748 0.8321799307958477
vt 0.03546712802768166 0.8356401384083045
vt 0.03546712802768166 0.8365051903114187
vt 0.03373702422145329 0.8365051903114187
vt 0.03373702422145329 0.8356401384083045
vt 0.052768166089965395 0.8356401384083045
vt 0.052768166089965395 0.8365051903114187
vt 0.05103806228373702 0.8365051903114187
vt 0.05103806228373702 0.8356401384083045
vt 0.03546712802768166 0.8382352941176471
vt 0.03546712802768166 0.8365051903114187
vt 0.05103806228373702 0.8365051903114187
vt 0.05103806228373702 0.8382352941176471
vt 0.05103806228373702 0.8365051903114187
vt 0.05103806228373702 0.8382352941176471
vt 0.06660899653979238 0.8382352941176471
vt 0.06660899653979238 0.8365051903114187
vt 0.06833910034602077 0.8356401384083045
vt 0.06833910034602077 0.8365051903114187
vt 0.052768166089965395 0.8365051903114187
vt 0.052768166089965395 0.8356401384083045
vt 0.05103806228373702 0.8356401384083045
vt 0.05103806228373702 0.8365051903114187
vt 0.03546712802768166 0.8365051903114187
vt 0.03546712802768166 0.8356401384083045
vt 0.045847750865051905 0.8391003460207612
vt 0.045847750865051905 0.8408304498269896
vt 0.04325259515570934 0.8408304498269896
vt 0.04325259515570934 0.8391003460207612
vt 0.05709342560553633 0.8391003460207612
vt 0.05709342560553633 0.8408304498269896
vt 0.054498269896193774 0.8408304498269896
vt 0.054498269896193774 0.8391003460207612
vt 0.045847750865051905 0.8434256055363322
vt 0.045847750865051905 0.8408304498269896
vt 0.054498269896193774 0.8408304498269896
vt 0.054498269896193774 0.8434256055363322
vt 0.054498269896193774 0.8408304498269896
vt 0.054498269896193774 0.8434256055363322
vt 0.06314878892733564 0.8434256055363322
vt 0.06314878892733564 0.8408304498269896
vt 0.0657439446366782 0.8391003460207612
vt 0.0657439446366782 0.8408304498269896
vt 0.05709342560553633 0.8408304498269896
vt 0.05709342560553633 0.8391003460207612
vt 0.054498269896193774 0.8391003460207612
vt 0.054498269896193774 0.8408304498269896
vt 0.045847750865051905 0.8408304498269896
vt 0.045847750865051905 0.8391003460207612
vt 0.03546712802768166 0.8382352941176471
vt 0.03546712802768166 0.842560553633218
vt 0.03200692041522491 0.842560553633218
vt 0.03200692041522491 0.8382352941176471
vt 0.04065743944636678 0.8382352941176471
vt 0.04065743944636678 0.842560553633218
vt 0.037197231833910036 0.842560553633218
vt 0.037197231833910036 0.8382352941176471
vt 0.03546712802768166 0.8460207612456747
vt 0.03546712802768166 0.842560553633218
vt 0.037197231833910036 0.842560553633218
vt 0.037197231833910036 0.8460207612456747
vt 0.037197231833910036 0.842560553633218
vt 0.037197231833910036 0.8460207612456747
vt 0.03892733564013841 0.8460207612456747
vt 0.03892733564013841 0.842560553633218
vt 0.04238754325259515 0.8382352941176471
vt 0.04238754325259515 0.842560553633218
vt 0.04065743944636678 0.842560553633218
vt 0.04065743944636678 0.8382352941176471
vt 0.037197231833910036 0.8382352941176471
vt 0.037197231833910036 0.842560553633218
vt 0.03546712802768166 0.842560553633218
vt 0.03546712802768166 0.8382352941176471
vt 0.037197231833910036 0.8382352941176471
vt 0.037197231833910036 0.842560553633218
vt 0.04065743944636678 0.842560553633218
vt 0.04065743944636678 0.8382352941176471
vt 0.03200692041522491 0.8382352941176471
vt 0.03200692041522491 0.842560553633218
vt 0.03546712802768166 0.842560553633218
vt 0.03546712802768166 0.8382352941176471
vt 0.037197231833910036 0.8460207612456747
vt 0.037197231833910036 0.842560553633218
vt 0.03546712802768166 0.842560553633218
vt 0.03546712802768166 0.8460207612456747
vt 0.03892733564013841 0.842560553633218
vt 0.03892733564013841 0.8460207612456747
vt 0.037197231833910036 0.8460207612456747
vt 0.037197231833910036 0.842560553633218
vt 0.04065743944636678 0.8382352941176471
vt 0.04065743944636678 0.842560553633218
vt 0.04238754325259515 0.842560553633218
vt 0.04238754325259515 0.8382352941176471
vt 0.03546712802768166 0.8382352941176471
vt 0.03546712802768166 0.842560553633218
vt 0.037197231833910036 0.842560553633218
vt 0.037197231833910036 0.8382352941176471
vt 0.03633217993079585 0.8166089965397924
vt 0.03633217993079585 0.8183391003460208
vt 0.03460207612456748 0.8183391003460208
vt 0.03460207612456748 0.8166089965397924
vt 0.04325259515570934 0.8166089965397924
vt 0.04325259515570934 0.8183391003460208
vt 0.04152249134948097 0.8183391003460208
vt 0.04152249134948097 0.8166089965397924
vt 0.03633217993079585 0.8200692041522492
vt 0.03633217993079585 0.8183391003460208
vt 0.04152249134948097 0.8183391003460208
vt 0.04152249134948097 0.8200692041522492
vt 0.04152249134948097 0.8183391003460208
vt 0.04152249134948097 0.8200692041522492
vt 0.04671280276816609 0.8200692041522492
vt 0.04671280276816609 0.8183391003460208
vt 0.04844290657439446 0.8166089965397924
vt 0.04844290657439446 0.8183391003460208
vt 0.04325259515570934 0.8183391003460208
vt 0.04325259515570934 0.8166089965397924
vt 0.04152249134948097 0.8166089965397924
vt 0.04152249134948097 0.8183391003460208
vt 0.03633217993079585 0.8183391003460208
vt 0.03633217993079585 0.8166089965397924
vt 0.05363321799307959 0.8131487889273357
vt 0.05363321799307959 0.8140138408304498
vt 0.0328719723183391 0.8140138408304498
vt 0.0328719723183391 0.8131487889273357
vt 0.07525951557093426 0.8131487889273357
vt 0.07525951557093426 0.8140138408304498
vt 0.054498269896193774 0.8140138408304498
vt 0.054498269896193774 0.8131487889273357
vt 0.05363321799307959 0.8347750865051903
vt 0.05363321799307959 0.8140138408304498
vt 0.054498269896193774 0.8140138408304498
vt 0.054498269896193774 0.8347750865051903
vt 0.054498269896193774 0.8140138408304498
vt 0.054498269896193774 0.8347750865051903
vt 0.05536332179930796 0.8347750865051903
vt 0.05536332179930796 0.8140138408304498
vt 0.07612456747404844 0.8131487889273357
vt 0.07612456747404844 0.8140138408304498
vt 0.07525951557093426 0.8140138408304498
vt 0.07525951557093426 0.8131487889273357
vt 0.054498269896193774 0.8131487889273357
vt 0.054498269896193774 0.8140138408304498
vt 0.05363321799307959 0.8140138408304498
vt 0.05363321799307959 0.8131487889273357
vt 0.08304498269896193 0.71280276816609
vt 0.08304498269896193 0.7188581314878892
vt 0.07958477508650519 0.7188581314878892
vt 0.07958477508650519 0.71280276816609
vt 0.08996539792387544 0.71280276816609
vt 0.08996539792387544 0.7188581314878892
vt 0.08650519031141868 0.7188581314878892
vt 0.08650519031141868 0.71280276816609
vt 0.08304498269896193 0.722318339100346
vt 0.08304498269896193 0.7188581314878892
vt 0.08650519031141868 0.7188581314878892
vt 0.08650519031141868 0.722318339100346
vt 0.08650519031141868 0.7188581314878892
vt 0.08650519031141868 0.722318339100346
vt 0.08996539792387544 0.722318339100346
vt 0.08996539792387544 0.7188581314878892
vt 0.09342560553633218 0.71280276816609
vt 0.09342560553633218 0.7188581314878892
vt 0.08996539792387544 0.7188581314878892
vt 0.08996539792387544 0.71280276816609
vt 0.08650519031141868 0.71280276816609
vt 0.08650519031141868 0.7188581314878892
vt 0.08304498269896193 0.7188581314878892
vt 0.08304498269896193 0.71280276816609
vt 0.08650519031141868 0.7240484429065743
vt 0.08650519031141868 0.7283737024221453
vt 0.08823529411764706 0.7283737024221453
vt 0.08823529411764706 0.7240484429065743
vt 0.08304498269896193 0.7240484429065743
vt 0.08304498269896193 0.7283737024221453
vt 0.0847750865051903 0.7283737024221453
vt 0.0847750865051903 0.7240484429065743
vt 0.08650519031141868 0.7301038062283737
vt 0.08650519031141868 0.7283737024221453
vt 0.0847750865051903 0.7283737024221453
vt 0.0847750865051903 0.7301038062283737
vt 0.08823529411764706 0.7283737024221453
vt 0.08823529411764706 0.7301038062283737
vt 0.08650519031141868 0.7301038062283737
vt 0.08650519031141868 0.7283737024221453
vt 0.08823529411764706 0.7240484429065743
vt 0.08823529411764706 0.7283737024221453
vt 0.08996539792387544 0.7283737024221453
vt 0.08996539792387544 0.7240484429065743
vt 0.0847750865051903 0.7240484429065743
vt 0.0847750865051903 0.7283737024221453
vt 0.08650519031141868 0.7283737024221453
vt 0.08650519031141868 0.7240484429065743
vt 0.08650519031141868 0.71280276816609
vt 0.08650519031141868 0.7188581314878892
vt 0.08996539792387544 0.7188581314878892
vt 0.08996539792387544 0.71280276816609
vt 0.07958477508650519 0.71280276816609
vt 0.07958477508650519 0.7188581314878892
vt 0.08304498269896193 0.7188581314878892
vt 0.08304498269896193 0.71280276816609
vt 0.08650519031141868 0.722318339100346
vt 0.08650519031141868 0.7188581314878892
vt 0.08304498269896193 0.7188581314878892
vt 0.08304498269896193 0.722318339100346
vt 0.08996539792387544 0.7188581314878892
vt 0.08996539792387544 0.722318339100346
vt 0.08650519031141868 0.722318339100346
vt 0.08650519031141868 0.7188581314878892
vt 0.08996539792387544 0.71280276816609
vt 0.08996539792387544 0.7188581314878892
vt 0.09342560553633218 0.7188581314878892
vt 0.09342560553633218 0.71280276816609
vt 0.08304498269896193 0.71280276816609
vt 0.08304498269896193 0.7188581314878892
vt 0.08650519031141868 0.7188581314878892
vt 0.08650519031141868 0.71280276816609
vt 0.08650519031141868 0.71280276816609
vt 0.08650519031141868 0.7188581314878892
vt 0.08996539792387544 0.7188581314878892
vt 0.08996539792387544 0.71280276816609
vt 0.07958477508650519 0.71280276816609
vt 0.07958477508650519 0.7188581314878892
vt 0.08304498269896193 0.7188581314878892
vt 0.08304498269896193 0.71280276816609
vt 0.08650519031141868 0.722318339100346
vt 0.08650519031141868 0.7188581314878892
vt 0.08304498269896193 0.7188581314878892
vt 0.08304498269896193 0.722318339100346
vt 0.08996539792387544 0.7188581314878892
vt 0.08996539792387544 0.722318339100346
vt 0.08650519031141868 0.722318339100346
vt 0.08650519031141868 0.7188581314878892
vt 0.08996539792387544 0.71280276816609
vt 0.08996539792387544 0.7188581314878892
vt 0.09342560553633218 0.7188581314878892
vt 0.09342560553633218 0.71280276816609
vt 0.08304498269896193 0.71280276816609
vt 0.08304498269896193 0.7188581314878892
vt 0.08650519031141868 0.7188581314878892
vt 0.08650519031141868 0.71280276816609
vt 0.08304498269896193 0.71280276816609
vt 0.08304498269896193 0.7188581314878892
vt 0.07958477508650519 0.7188581314878892
vt 0.07958477508650519 0.71280276816609
vt 0.08996539792387544 0.71280276816609
vt 0.08996539792387544 0.7188581314878892
vt 0.08650519031141868 0.7188581314878892
vt 0.08650519031141868 0.71280276816609
vt 0.08304498269896193 0.722318339100346
vt 0.08304498269896193 0.7188581314878892
vt 0.08650519031141868 0.7188581314878892
vt 0.08650519031141868 0.722318339100346
vt 0.08650519031141868 0.7188581314878892
vt 0.08650519031141868 0.722318339100346
vt 0.08996539792387544 0.722318339100346
vt 0.08996539792387544 0.7188581314878892
vt 0.09342560553633218 0.71280276816609
vt 0.09342560553633218 0.7188581314878892
vt 0.08996539792387544 0.7188581314878892
vt 0.08996539792387544 0.71280276816609
vt 0.08650519031141868 0.71280276816609
vt 0.08650519031141868 0.7188581314878892
vt 0.08304498269896193 0.7188581314878892
vt 0.08304498269896193 0.71280276816609
vn 1 0 0
vn -1 0 0
vn 0 1 0
vn 0 -1 0
vn 0 0 1
vn 0 0 -1
vn -1 0 0
vn 1 0 0
vn 0 0.953716964486251 0.3007057559328245
vn 0 -0.953716964486251 -0.3007057559328244
vn 0 0.3007041978087232 -0.9537174557594155
vn 0 -0.3007041978087167 0.9537174557594175
vn -1 0 0
vn 1 0 0
vn 0 0.9063077799129969 0.4226182770174224
vn 0 -0.9063076638456085 -0.4226185259246403
vn 0 0.42262267216707455 -0.9063057304079907
vn 0 -0.42261884192030186 0.9063075164942322
vn 0.9961950316450047 -0.07898502638324968 -0.03683509919961628
vn -0.9961943420113945 0.07899472821332969 0.036832945293409955
vn 0.06914426962223255 0.9735598398784895 -0.21771611826913098
vn -0.0691435760008212 -0.9735598750504512 0.2177161812763784
vn 0.05305346081353867 0.2143354444753432 0.9753182288552098
vn -0.05306314023767695 -0.2143341575146073 -0.9753179851056886
vn 1 0 0
vn -1 0 0
vn 0 1 0
vn 0 -1 0
vn 0 0 1
vn 0 0 -1
vn 0.3420176451482146 -0.939693530044381 0
vn -0.3420176451482146 0.939693530044381 0
vn 0.9396927502019576 0.3420197877577863 0
vn -0.9396927502019576 -0.3420197877577863 0
vn 0 0 1
vn 0 0 -1
vn 0.8191496973652005 -0.5735797880909861 0
vn -0.8191496973651998 0.5735797880909873 0
vn 0.5735759852428692 0.8191523601581528 0
vn -0.5735759852428688 -0.819152360158153 0
vn 0 0 1
vn 0 0 -1
vn 0.9848075091295174 -0.17364956078872112 0
vn -0.9848075091295174 0.17364956078872112 0
vn 0.17364956078872107 0.9848075091295173 0
vn -0.17364956078872107 -0.9848075091295173 0
vn 0 0 1
vn 0 0 -1
vn 0.3420176451482146 0.939693530044381 0
vn -0.3420176451482146 -0.939693530044381 0
vn -0.9396927502019576 0.3420197877577863 0
vn 0.9396927502019576 -0.3420197877577863 0
vn 0 0 1
vn 0 0 -1
vn 0.8191496973651998 0.5735797880909873 0
vn -0.8191496973652005 -0.5735797880909861 0
vn -0.5735759852428692 0.8191523601581528 0
vn 0.5735759852428688 -0.819152360158153 0
vn 0 0 1
vn 0 0 -1
vn 0.9848075091295174 0.17364956078872112 0
vn -0.9848075091295174 -0.17364956078872112 0
vn -0.17364956078872107 0.9848075091295173 0
vn 0.17364956078872107 -0.9848075091295173 0
vn 0 0 1
vn 0 0 -1
vn 1 0 0
vn -1 0 0
vn 0 1 0
vn 0 -1 0
vn 0 0 1
vn 0 0 -1
vn 1 0 0
vn -1 0 0
vn 0 1 0
vn 0 -1 0
vn 0 0 1
vn 0 0 -1
vn 1 0 0
vn -1 0 0
vn 0 1 0
vn 0 -1 0
vn 0 0 1
vn 0 0 -1
vn 1 0 0
vn -1 0 0
vn 0 1 0
vn 0 -1 0
vn 0 0 1
vn 0 0 -1
vn 0.9961943674813585 0.07899436962245837 0.03683302548484056
vn -0.996195057112822 -0.07898466777086284 -0.03683517939562421
vn -0.06914426480856659 0.9735598204345919 -0.21771620674503792
vn 0.0691435808144386 -0.9735598944943503 0.21771609280047963
vn -0.0530540985264581 0.2143444232629157 0.9753162209486895
vn 0.05306385130442843 -0.21434416941574652 -0.9753157461674734
vn 1 0 0
vn -1 0 0
vn 0 0.996194697946714 -0.08715574440537706
vn 0 -0.9961946956448576 0.08715577071571146
vn 0 0.08715045150152198 0.9961951610016387
vn 0 -0.0871603755879532 -0.9961942927598849
vn 1 0 0
vn -1 0 0
vn 0 0.999048221219718 -0.04361939565970266
vn 0 -0.999048221796279 0.0436193824542878
vn 0 0.04362013922644142 0.9990481887546095
vn 0 -0.0436151487224473 -0.9990484066359943
vn -0.996195069278741 -0.0735007341678421 0.0468297557276637
vn 0.996194328006598 0.07351136588921606 -0.04682883654955255
vn -0.06914910633149503 0.993648325639669 0.08877728339523604
vn 0.06914930382757901 -0.9936483143626734 -0.0887772557831061
vn -0.05305816203736593 0.08520424724768673 -0.9949497814925997
vn 0.05305828615237868 -0.08519377110902834 0.9949506719605725
vn -0.8191496973652005 -0.5735797880909861 0
vn 0.8191496973651998 0.5735797880909873 0
vn -0.5735759852428692 0.8191523601581528 0
vn 0.5735759852428688 -0.819152360158153 0
vn 0 0 -1
vn 0 0 1
vn -0.9848075091295174 -0.17364956078872112 0
vn 0.9848075091295174 0.17364956078872112 0
vn -0.17364956078872107 0.9848075091295173 0
vn 0.17364956078872107 -0.9848075091295173 0
vn 0 0 -1
vn 0 0 1
vn -0.3420176451482146 -0.939693530044381 0
vn 0.3420176451482146 0.939693530044381 0
vn -0.9396927502019576 0.3420197877577863 0
vn 0.9396927502019576 -0.3420197877577863 0
vn 0 0 -1
vn 0 0 1
vn -0.3420176451482146 0.939693530044381 0
vn 0.3420176451482146 -0.939693530044381 0
vn 0.9396927502019576 0.3420197877577863 0
vn -0.9396927502019576 -0.3420197877577863 0
vn 0 0 -1
vn 0 0 1
vn -0.8191496973651998 0.5735797880909873 0
vn 0.8191496973652005 -0.5735797880909861 0
vn 0.5735759852428692 0.8191523601581528 0
vn -0.5735759852428688 -0.819152360158153 0
vn 0 0 -1
vn 0 0 1
vn -0.9848075091295174 0.17364956078872112 0
vn 0.9848075091295174 -0.17364956078872112 0
vn 0.17364956078872107 0.9848075091295173 0
vn -0.17364956078872107 -0.9848075091295173 0
vn 0 0 -1
vn 0 0 1
vn -1 0 0
vn 1 0 0
vn 0 1 0
vn 0 -1 0
vn 0 0 -1
vn 0 0 1
vn -1 0 0
vn 1 0 0
vn 0 1 0
vn 0 -1 0
vn 0 0 -1
vn 0 0 1
vn -1 0 0
vn 1 0 0
vn 0 1 0
vn 0 -1 0
vn 0 0 -1
vn 0 0 1
vn -1 0 0
vn 1 0 0
vn 0 1 0
vn 0 -1 0
vn 0 0 -1
vn 0 0 1
vn -1 0 0
vn 1 0 0
vn 0 1 0
vn 0 -1 0
vn 0 0 -1
vn 0 0 1
vn -0.9961943788395932 0.07351063544556376 -0.04682890181060034
vn 0.9961950369007642 -0.07350119949065412 0.0468297141537356
vn 0.06914912829890327 0.9936483609145836 0.08877687146584498
vn -0.06914930186529221 -0.9936483112110098 -0.08877729258684823
vn 0.053057496355718374 0.08519468027165068 -0.9949506362296948
vn -0.05305832284189701 -0.08519429832191959 0.9949506248606715
vn 1 0 0
vn -1 0 0
vn 0 1 0
vn 0 -1 0
vn 0 0 1
vn 0 0 -1
vn 1 0 0
vn -1 0 0
vn 0 1 0
vn 0 -1 0
vn 0 0 1
vn 0 0 -1
vn 1 0 0
vn -1 0 0
vn 0 1 0
vn 0 -1 0
vn 0 0 1
vn 0 0 -1
vn 1 0 0
vn -1 0 0
vn 0 1 0
vn 0 -1 0
vn 0 0 1
vn 0 0 -1
vn 1 0 0
vn -1 0 0
vn 0 1 0
vn 0 -1 0
vn 0 0 1
vn 0 0 -1
usemtl m_e0db7bc8-3143-46ee-7892-9d64a2bdd70a
f 2243/4767/1207 2244/4768/1207 2245/4769/1207 2246/4770/1207
f 2247/4771/1208 2248/4772/1208 2249/4773/1208 2250/4774/1208
f 2245/4775/1209 2244/4776/1209 2249/4777/1209 2248/4778/1209
f 2243/4779/1210 2246/4780/1210 2247/4781/1210 2250/4782/1210
f 2246/4783/1211 2245/4784/1211 2248/4785/1211 2247/4786/1211
f 2250/4787/1212 2249/4788/1212 2244/4789/1212 2243/4790/1212
f 2251/4791/1213 2252/4792/1213 2253/4793/1213 2254/4794/1213
f 2255/4795/1214 2256/4796/1214 2257/4797/1214 2258/4798/1214
f 2253/4799/1215 2252/4800/1215 2257/4801/1215 2256/4802/1215
f 2251/4803/1216 2254/4804/1216 2255/4805/1216 2258/4806/1216
f 2254/4807/1217 2253/4808/1217 2256/4809/1217 2255/4810/1217
f 2258/4811/1218 2257/4812/1218 2252/4813/1218 2251/4814/1218
f 2259/4815/1219 2260/4816/1219 2261/4817/1219 2262/4818/1219
f 2263/4819/1220 2264/4820/1220 2265/4821/1220 2266/4822/1220
f 2261/4823/1221 2260/4824/1221 2265/4825/1221 2264/4826/1221
f 2259/4827/1222 2262/4828/1222 2263/4829/1222 2266/4830/1222
f 2262/4831/1223 2261/4832/1223 2264/4833/1223 2263/4834/1223
f 2266/4835/1224 2265/4836/1224 2260/4837/1224 2259/4838/1224
f 2267/4839/1225 2268/4840/1225 2269/4841/1225 2270/4842/1225
f 2271/4843/1226 2272/4844/1226 2273/4845/1226 2274/4846/1226
f 2269/4847/1227 2268/4848/1227 2273/4849/1227 2272/4850/1227
f 2267/4851/1228 2270/4852/1228 2271/4853/1228 2274/4854/1228
f 2270/4855/1229 2269/4856/1229 2272/4857/1229 2271/4858/1229
f 2274/4859/1230 2273/4860/1230 2268/4861/1230 2267/4862/1230
f 2275/4863/1231 2276/4864/1231 2277/4865/1231 2278/4866/1231
f 2279/4867/1232 2280/4868/1232 2281/4869/1232 2282/4870/1232
f 2277/4871/1233 2276/4872/1233 2281/4873/1233 2280/4874/1233
f 2275/4875/1234 2278/4876/1234 2279/4877/1234 2282/4878/1234
f 2278/4879/1235 2277/4880/1235 2280/4881/1235 2279/4882/1235
f 2282/4883/1236 2281/4884/1236 2276/4885/1236 2275/4886/1236
f 2283/4887/1237 2284/4888/1237 2285/4889/1237 2286/4890/1237
f 2287/4891/1238 2288/4892/1238 2289/4893/1238 2290/4894/1238
f 2285/4895/1239 2284/4896/1239 2289/4897/1239 2288/4898/1239
f 2283/4899/1240 2286/4900/1240 2287/4901/1240 2290/4902/1240
f 2286/4903/1241 2285/4904/1241 2288/4905/1241 2287/4906/1241
f 2290/4907/1242 2289/4908/1242 2284/4909/1242 2283/4910/1242
f 2291/4911/1243 2292/4912/1243 2293/4913/1243 2294/4914/1243
f 2295/4915/1244 2296/4916/1244 2297/4917/1244 2298/4918/1244
f 2293/4919/1245 2292/4920/1245 2297/4921/1245 2296/4922/1245
f 2291/4923/1246 2294/4924/1246 2295/4925/1246 2298/4926/1246
f 2294/4927/1247 2293/4928/1247 2296/4929/1247 2295/4930/1247
f 2298/4931/1248 2297/4932/1248 2292/4933/1248 2291/4934/1248
f 2299/4935/1249 2300/4936/1249 2301/4937/1249 2302/4938/1249
f 2303/4939/1250 2304/4940/1250 2305/4941/1250 2306/4942/1250
f 2301/4943/1251 2300/4944/1251 2305/4945/1251 2304/4946/1251
f 2299/4947/1252 2302/4948/1252 2303/4949/1252 2306/4950/1252
f 2302/4951/1253 2301/4952/1253 2304/4953/1253 2303/4954/1253
f 2306/4955/1254 2305/4956/1254 2300/4957/1254 2299/4958/1254
f 2307/4959/1255 2308/4960/1255 2309/4961/1255 2310/4962/1255
f 2311/4963/1256 2312/4964/1256 2313/4965/1256 2314/4966/1256
f 2309/4967/1257 2308/4968/1257 2313/4969/1257 2312/4970/1257
f 2307/4971/1258 2310/4972/1258 2311/4973/1258 2314/4974/1258
f 2310/4975/1259 2309/4976/1259 2312/4977/1259 2311/4978/1259
f 2314/4979/1260 2313/4980/1260 2308/4981/1260 2307/4982/1260
f 2315/4983/1261 2316/4984/1261 2317/4985/1261 2318/4986/1261
f 2319/4987/1262 2320/4988/1262 2321/4989/1262 2322/4990/1262
f 2317/4991/1263 2316/4992/1263 2321/4993/1263 2320/4994/1263
f 2315/4995/1264 2318/4996/1264 2319/4997/1264 2322/4998/1264
f 2318/4999/1265 2317/5000/1265 2320/5001/1265 2319/5002/1265
f 2322/5003/1266 2321/5004/1266 2316/5005/1266 2315/5006/1266
f 2323/5007/1267 2324/5008/1267 2325/5009/1267 2326/5010/1267
f 2327/5011/1268 2328/5012/1268 2329/5013/1268 2330/5014/1268
f 2325/5015/1269 2324/5016/1269 2329/5017/1269 2328/5018/1269
f 2323/5019/1270 2326/5020/1270 2327/5021/1270 2330/5022/1270
f 2326/5023/1271 2325/5024/1271 2328/5025/1271 2327/5026/1271
f 2330/5027/1272 2329/5028/1272 2324/5029/1272 2323/5030/1272
f 2331/5031/1273 2332/5032/1273 2333/5033/1273 2334/5034/1273
f 2335/5035/1274 2336/5036/1274 2337/5037/1274 2338/5038/1274
f 2333/5039/1275 2332/5040/1275 2337/5041/1275 2336/5042/1275
f 2331/5043/1276 2334/5044/1276 2335/5045/1276 2338/5046/1276
f 2334/5047/1277 2333/5048/1277 2336/5049/1277 2335/5050/1277
f 2338/5051/1278 2337/5052/1278 2332/5053/1278 2331/5054/1278
f 2339/5055/1279 2340/5056/1279 2341/5057/1279 2342/5058/1279
f 2343/5059/1280 2344/5060/1280 2345/5061/1280 2346/5062/1280
f 2341/5063/1281 2340/5064/1281 2345/5065/1281 2344/5066/1281
f 2339/5067/1282 2342/5068/1282 2343/5069/1282 2346/5070/1282
f 2342/5071/1283 2341/5072/1283 2344/5073/1283 2343/5074/1283
f 2346/5075/1284 2345/5076/1284 2340/5077/1284 2339/5078/1284
f 2347/5079/1285 2348/5080/1285 2349/5081/1285 2350/5082/1285
f 2351/5083/1286 2352/5084/1286 2353/5085/1286 2354/5086/1286
f 2349/5087/1287 2348/5088/1287 2353/5089/1287 2352/5090/1287
f 2347/5091/1288 2350/5092/1288 2351/5093/1288 2354/5094/1288
f 2350/5095/1289 2349/5096/1289 2352/5097/1289 2351/5098/1289
f 2354/5099/1290 2353/5100/1290 2348/5101/1290 2347/5102/1290
f 2355/5103/1291 2356/5104/1291 2357/5105/1291 2358/5106/1291
f 2359/5107/1292 2360/5108/1292 2361/5109/1292 2362/5110/1292
f 2357/5111/1293 2356/5112/1293 2361/5113/1293 2360/5114/1293
f 2355/5115/1294 2358/5116/1294 2359/5117/1294 2362/5118/1294
f 2358/5119/1295 2357/5120/1295 2360/5121/1295 2359/5122/1295
f 2362/5123/1296 2361/5124/1296 2356/5125/1296 2355/5126/1296
f 2363/5127/1297 2364/5128/1297 2365/5129/1297 2366/5130/1297
f 2367/5131/1298 2368/5132/1298 2369/5133/1298 2370/5134/1298
f 2365/5135/1299 2364/5136/1299 2369/5137/1299 2368/5138/1299
f 2363/5139/1300 2366/5140/1300 2367/5141/1300 2370/5142/1300
f 2366/5143/1301 2365/5144/1301 2368/5145/1301 2367/5146/1301
f 2370/5147/1302 2369/5148/1302 2364/5149/1302 2363/5150/1302
f 2371/5151/1303 2372/5152/1303 2373/5153/1303 2374/5154/1303
f 2375/5155/1304 2376/5156/1304 2377/5157/1304 2378/5158/1304
f 2373/5159/1305 2372/5160/1305 2377/5161/1305 2376/5162/1305
f 2371/5163/1306 2374/5164/1306 2375/5165/1306 2378/5166/1306
f 2374/5167/1307 2373/5168/1307 2376/5169/1307 2375/5170/1307
f 2378/5171/1308 2377/5172/1308 2372/5173/1308 2371/5174/1308
f 2379/5175/1309 2380/5176/1309 2381/5177/1309 2382/5178/1309
f 2383/5179/1310 2384/5180/1310 2385/5181/1310 2386/5182/1310
f 2381/5183/1311 2380/5184/1311 2385/5185/1311 2384/5186/1311
f 2379/5187/1312 2382/5188/1312 2383/5189/1312 2386/5190/1312
f 2382/5191/1313 2381/5192/1313 2384/5193/1313 2383/5194/1313
f 2386/5195/1314 2385/5196/1314 2380/5197/1314 2379/5198/1314
f 2387/5199/1315 2388/5200/1315 2389/5201/1315 2390/5202/1315
f 2391/5203/1316 2392/5204/1316 2393/5205/1316 2394/5206/1316
f 2389/5207/1317 2388/5208/1317 2393/5209/1317 2392/5210/1317
f 2387/5211/1318 2390/5212/1318 2391/5213/1318 2394/5214/1318
f 2390/5215/1319 2389/5216/1319 2392/5217/1319 2391/5218/1319
f 2394/5219/1320 2393/5220/1320 2388/5221/1320 2387/5222/1320
f 2395/5223/1321 2396/5224/1321 2397/5225/1321 2398/5226/1321
f 2399/5227/1322 2400/5228/1322 2401/5229/1322 2402/5230/1322
f 2397/5231/1323 2396/5232/1323 2401/5233/1323 2400/5234/1323
f 2395/5235/1324 2398/5236/1324 2399/5237/1324 2402/5238/1324
f 2398/5239/1325 2397/5240/1325 2400/5241/1325 2399/5242/1325
f 2402/5243/1326 2401/5244/1326 2396/5245/1326 2395/5246/1326
f 2403/5247/1327 2404/5248/1327 2405/5249/1327 2406/5250/1327
f 2407/5251/1328 2408/5252/1328 2409/5253/1328 2410/5254/1328
f 2405/5255/1329 2404/5256/1329 2409/5257/1329 2408/5258/1329
f 2403/5259/1330 2406/5260/1330 2407/5261/1330 2410/5262/1330
f 2406/5263/1331 2405/5264/1331 2408/5265/1331 2407/5266/1331
f 2410/5267/1332 2409/5268/1332 2404/5269/1332 2403/5270/1332
f 2411/5271/1333 2412/5272/1333 2413/5273/1333 2414/5274/1333
f 2415/5275/1334 2416/5276/1334 2417/5277/1334 2418/5278/1334
f 2413/5279/1335 2412/5280/1335 2417/5281/1335 2416/5282/1335
f 2411/5283/1336 2414/5284/1336 2415/5285/1336 2418/5286/1336
f 2414/5287/1337 2413/5288/1337 2416/5289/1337 2415/5290/1337
f 2418/5291/1338 2417/5292/1338 2412/5293/1338 2411/5294/1338
f 2419/5295/1339 2420/5296/1339 2421/5297/1339 2422/5298/1339
f 2423/5299/1340 2424/5300/1340 2425/5301/1340 2426/5302/1340
f 2421/5303/1341 2420/5304/1341 2425/5305/1341 2424/5306/1341
f 2419/5307/1342 2422/5308/1342 2423/5309/1342 2426/5310/1342
f 2422/5311/1343 2421/5312/1343 2424/5313/1343 2423/5314/1343
f 2426/5315/1344 2425/5316/1344 2420/5317/1344 2419/5318/1344
f 2427/5319/1345 2428/5320/1345 2429/5321/1345 2430/5322/1345
f 2431/5323/1346 2432/5324/1346 2433/5325/1346 2434/5326/1346
f 2429/5327/1347 2428/5328/1347 2433/5329/1347 2432/5330/1347
f 2427/5331/1348 2430/5332/1348 2431/5333/1348 2434/5334/1348
f 2430/5335/1349 2429/5336/1349 2432/5337/1349 2431/5338/1349
f 2434/5339/1350 2433/5340/1350 2428/5341/1350 2427/5342/1350
f 2435/5343/1351 2436/5344/1351 2437/5345/1351 2438/5346/1351
f 2439/5347/1352 2440/5348/1352 2441/5349/1352 2442/5350/1352
f 2437/5351/1353 2436/5352/1353 2441/5353/1353 2440/5354/1353
f 2435/5355/1354 2438/5356/1354 2439/5357/1354 2442/5358/1354
f 2438/5359/1355 2437/5360/1355 2440/5361/1355 2439/5362/1355
f 2442/5363/1356 2441/5364/1356 2436/5365/1356 2435/5366/1356
f 2443/5367/1357 2444/5368/1357 2445/5369/1357 2446/5370/1357
f 2447/5371/1358 2448/5372/1358 2449/5373/1358 2450/5374/1358
f 2445/5375/1359 2444/5376/1359 2449/5377/1359 2448/5378/1359
f 2443/5379/1360 2446/5380/1360 2447/5381/1360 2450/5382/1360
f 2446/5383/1361 2445/5384/1361 2448/5385/1361 2447/5386/1361
f 2450/5387/1362 2449/5388/1362 2444/5389/1362 2443/5390/1362
f 2451/5391/1363 2452/5392/1363 2453/5393/1363 2454/5394/1363
f 2455/5395/1364 2456/5396/1364 2457/5397/1364 2458/5398/1364
f 2453/5399/1365 2452/5400/1365 2457/5401/1365 2456/5402/1365
f 2451/5403/1366 2454/5404/1366 2455/5405/1366 2458/5406/1366
f 2454/5407/1367 2453/5408/1367 2456/5409/1367 2455/5410/1367
f 2458/5411/1368 2457/5412/1368 2452/5413/1368 2451/5414/1368
f 2459/5415/1369 2460/5416/1369 2461/5417/1369 2462/5418/1369
f 2463/5419/1370 2464/5420/1370 2465/5421/1370 2466/5422/1370
f 2461/5423/1371 2460/5424/1371 2465/5425/1371 2464/5426/1371
f 2459/5427/1372 2462/5428/1372 2463/5429/1372 2466/5430/1372
f 2462/5431/1373 2461/5432/1373 2464/5433/1373 2463/5434/1373
f 2466/5435/1374 2465/5436/1374 2460/5437/1374 2459/5438/1374
f 2467/5439/1375 2468/5440/1375 2469/5441/1375 2470/5442/1375
f 2471/5443/1376 2472/5444/1376 2473/5445/1376 2474/5446/1376
f 2469/5447/1377 2468/5448/1377 2473/5449/1377 2472/5450/1377
f 2467/5451/1378 2470/5452/1378 2471/5453/1378 2474/5454/1378
f 2470/5455/1379 2469/5456/1379 2472/5457/1379 2471/5458/1379
f 2474/5459/1380 2473/5460/1380 2468/5461/1380 2467/5462/1380
f 2475/5463/1381 2476/5464/1381 2477/5465/1381 2478/5466/1381
f 2479/5467/1382 2480/5468/1382 2481/5469/1382 2482/5470/1382
f 2477/5471/1383 2476/5472/1383 2481/5473/1383 2480/5474/1383
f 2475/5475/1384 2478/5476/1384 2479/5477/1384 2482/5478/1384
f 2478/5479/1385 2477/5480/1385 2480/5481/1385 2479/5482/1385
f 2482/5483/1386 2481/5484/1386 2476/5485/1386 2475/5486/1386
f 2483/5487/1387 2484/5488/1387 2485/5489/1387 2486/5490/1387
f 2487/5491/1388 2488/5492/1388 2489/5493/1388 2490/5494/1388
f 2485/5495/1389 2484/5496/1389 2489/5497/1389 2488/5498/1389
f 2483/5499/1390 2486/5500/1390 2487/5501/1390 2490/5502/1390
f 2486/5503/1391 2485/5504/1391 2488/5505/1391 2487/5506/1391
f 2490/5507/1392 2489/5508/1392 2484/5509/1392 2483/5510/1392
f 2491/5511/1393 2492/5512/1393 2493/5513/1393 2494/5514/1393
f 2495/5515/1394 2496/5516/1394 2497/5517/1394 2498/5518/1394
f 2493/5519/1395 2492/5520/1395 2497/5521/1395 2496/5522/1395
f 2491/5523/1396 2494/5524/1396 2495/5525/1396 2498/5526/1396
f 2494/5527/1397 2493/5528/1397 2496/5529/1397 2495/5530/1397
f 2498/5531/1398 2497/5532/1398 2492/5533/1398 2491/5534/1398
f 2499/5535/1399 2500/5536/1399 2501/5537/1399 2502/5538/1399
f 2503/5539/1400 2504/5540/1400 2505/5541/1400 2506/5542/1400
f 2501/5543/1401 2500/5544/1401 2505/5545/1401 2504/5546/1401
f 2499/5547/1402 2502/5548/1402 2503/5549/1402 2506/5550/1402
f 2502/5551/1403 2501/5552/1403 2504/5553/1403 2503/5554/1403
f 2506/5555/1404 2505/5556/1404 2500/5557/1404 2499/5558/1404
f 2507/5559/1405 2508/5560/1405 2509/5561/1405 2510/5562/1405
f 2511/5563/1406 2512/5564/1406 2513/5565/1406 2514/5566/1406
f 2509/5567/1407 2508/5568/1407 2513/5569/1407 2512/5570/1407
f 2507/5571/1408 2510/5572/1408 2511/5573/1408 2514/5574/1408
f 2510/5575/1409 2509/5576/1409 2512/5577/1409 2511/5578/1409
f 2514/5579/1410 2513/5580/1410 2508/5581/1410 2507/5582/1410
f 2515/5583/1411 2516/5584/1411 2517/5585/1411 2518/5586/1411
f 2519/5587/1412 2520/5588/1412 2521/5589/1412 2522/5590/1412
f 2517/5591/1413 2516/5592/1413 2521/5593/1413 2520/5594/1413
f 2515/5595/1414 2518/5596/1414 2519/5597/1414 2522/5598/1414
f 2518/5599/1415 2517/5600/1415 2520/5601/1415 2519/5602/1415
f 2522/5603/1416 2521/5604/1416 2516/5605/1416 2515/5606/1416
f 2523/5607/1417 2524/5608/1417 2525/5609/1417 2526/5610/1417
f 2527/5611/1418 2528/5612/1418 2529/5613/1418 2530/5614/1418
f 2525/5615/1419 2524/5616/1419 2529/5617/1419 2528/5618/1419
f 2523/5619/1420 2526/5620/1420 2527/5621/1420 2530/5622/1420
f 2526/5623/1421 2525/5624/1421 2528/5625/1421 2527/5626/1421
f 2530/5627/1422 2529/5628/1422 2524/5629/1422 2523/5630/1422
o car1_panto_6H
v 0.25 2.5625 7.46875
v 0.25 2.8125 7.46875
v 0.25 2.8125 9.59375
v 0.25 2.5625 9.59375
v -0.25 2.5625 9.59375
v -0.25 2.8125 9.59375
v -0.25 2.8125 7.46875
v -0.25 2.5625 7.46875
v -0.03125 2.349915 8.095319375
v -0.03125 2.395995 8.13754375
v -0.03125 3.7894 6.616909375
v -0.03125 3.74332 6.574685
v 0.03125 3.74332 6.574685
v 0.03125 3.7894 6.616909375
v 0.03125 2.395995 8.13754375
v 0.03125 2.349915 8.095319375
v -0.0625 2.578268125 8.272625
v -0.0625 2.680661875 8.344321875
v -0.0625 3.863663125 6.654820625
v -0.0625 3.761269375 6.58312375
v 0.0625 3.761269375 6.58312375
v 0.0625 3.863663125 6.654820625
v 0.0625 2.680661875 8.344321875
v 0.0625 2.578268125 8.272625
v 0.129801875 3.756538125 6.61001875
v 0.13412375 3.807546875 6.574161875
v 0.21371 4.664440625 7.8027375
v 0.209388125 4.6134325 7.838594375
v 0.14712625 4.618874375 7.838831875
v 0.151448125 4.669883125 7.802975
v 0.071861875 3.81298875 6.574399375
v 0.06754 3.761980625 6.61025625
v 0.5625 4.9375 7.765625
v 0.5625 5 7.765625
v 0.5625 5 7.890625
v 0.5625 4.9375 7.890625
v -0.5625 4.9375 7.890625
v -0.5625 5 7.890625
v -0.5625 5 7.765625
v -0.5625 4.9375 7.765625
v 0.90614 4.662326875 7.796875
v 0.96487125 4.683703125 7.796875
v 0.96487125 4.683703125 7.859375
v 0.90614 4.662326875 7.859375
v 0.84201125 4.838519375 7.859375
v 0.9007425 4.859895625 7.859375
v 0.9007425 4.859895625 7.796875
v 0.84201125 4.838519375 7.796875
v 0.86489375 4.808698125 7.765625
v 0.9007425 4.859895 7.765625
v 0.9007425 4.859895 7.890625
v 0.86489375 4.808698125 7.890625
v 0.7113025 4.91624375 7.890625
v 0.74715125 4.967440625 7.890625
v 0.74715125 4.967440625 7.765625
v 0.7113025 4.91624375 7.765625
v 0.73629875 4.90589 7.765625
v 0.747151875 4.967440625 7.765625
v 0.747151875 4.967440625 7.890625
v 0.73629875 4.90589 7.890625
v 0.551646875 4.938449375 7.890625
v 0.5625 5 7.890625
v 0.5625 5 7.765625
v 0.551646875 4.938449375 7.765625
v -0.84201125 4.838519375 7.796875
v -0.9007425 4.859895625 7.796875
v -0.9007425 4.859895625 7.859375
v -0.84201125 4.838519375 7.859375
v -0.90614 4.662326875 7.859375
v -0.96487125 4.683703125 7.859375
v -0.96487125 4.683703125 7.796875
v -0.90614 4.662326875 7.796875
v -0.7113025 4.91624375 7.765625
v -0.74715125 4.967440625 7.765625
v -0.74715125 4.967440625 7.890625
v -0.7113025 4.91624375 7.890625
v -0.86489375 4.808698125 7.890625
v -0.9007425 4.859895 7.890625
v -0.9007425 4.859895 7.765625
v -0.86489375 4.808698125 7.765625
v -0.551646875 4.938449375 7.765625
v -0.5625 5 7.765625
v -0.5625 5 7.890625
v -0.551646875 4.938449375 7.890625
v -0.73629875 4.90589 7.890625
v -0.747151875 4.967440625 7.890625
v -0.747151875 4.967440625 7.765625
v -0.73629875 4.90589 7.765625
v -0.125 4.579779375 7.608583125
v -0.125 4.892279375 7.608583125
v -0.125 4.892279375 7.858583125
v -0.125 4.579779375 7.858583125
v -0.25 4.579779375 7.858583125
v -0.25 4.892279375 7.858583125
v -0.25 4.892279375 7.608583125
v -0.25 4.579779375 7.608583125
v 0.25 4.579779375 7.608583125
v 0.25 4.892279375 7.608583125
v 0.25 4.892279375 7.858583125
v 0.25 4.579779375 7.858583125
v 0.125 4.579779375 7.858583125
v 0.125 4.892279375 7.858583125
v 0.125 4.892279375 7.608583125
v 0.125 4.579779375 7.608583125
v 0.3125 4.8125 7.703125
v 0.3125 4.9375 7.703125
v 0.3125 4.9375 7.890625
v 0.3125 4.8125 7.890625
v -0.3125 4.8125 7.890625
v -0.3125 4.9375 7.890625
v -0.3125 4.9375 7.703125
v -0.3125 4.8125 7.703125
v 0.1875 3.734375 6.5625
v 0.1875 3.859375 6.5625
v 0.1875 3.859375 6.6875
v 0.1875 3.734375 6.6875
v -0.1875 3.734375 6.6875
v -0.1875 3.859375 6.6875
v -0.1875 3.859375 6.5625
v -0.1875 3.734375 6.5625
v -0.06754 3.761980625 6.61025625
v -0.071861875 3.81298875 6.574399375
v -0.151448125 4.669883125 7.802975
v -0.14712625 4.618874375 7.838831875
v -0.209388125 4.6134325 7.838594375
v -0.21371 4.664440625 7.8027375
v -0.13412375 3.807546875 6.574161875
v -0.129801875 3.756538125 6.61001875
v 0.03125 2.471474375 8.785715625
v 0.03125 2.53373625 8.780268125
v 0.03125 2.713495 10.83492
v 0.03125 2.651233125 10.840366875
v -0.03125 2.651233125 10.840366875
v -0.03125 2.713495 10.83492
v -0.03125 2.53373625 8.780268125
v -0.03125 2.471474375 8.785715625
v 0.0625 2.587773125 8.78036375
v 0.0625 2.71265375 8.774911875
v 0.0625 2.80261875 10.83544875
v 0.0625 2.677738125 10.84090125
v -0.0625 2.677738125 10.84090125
v -0.0625 2.80261875 10.83544875
v -0.0625 2.71265375 8.774911875
v -0.0625 2.587773125 8.78036375
v -0.1298025 2.75658625 10.7825225
v -0.13412375 2.818689375 10.788070625
v -0.21371 2.94649125 9.295645625
v -0.20938875 2.884388125 9.290096875
v -0.14712625 2.8889825 9.287170625
v -0.151448125 2.951085 9.29271875
v -0.071861875 2.82328375 10.78514375
v -0.06754 2.761180625 10.779595625
v -0.86489375 3.105573125 9.2753675
v -0.9007425 3.15677 9.2753675
v -0.9007425 3.15677 9.1503675
v -0.86489375 3.105573125 9.1503675
v -0.7113025 3.21311875 9.1503675
v -0.74715125 3.264315625 9.1503675
v -0.74715125 3.264315625 9.2753675
v -0.7113025 3.21311875 9.2753675
v -0.73629875 3.202765 9.2753675
v -0.747151875 3.264315625 9.2753675
v -0.747151875 3.264315625 9.1503675
v -0.73629875 3.202765 9.1503675
v -0.551646875 3.235324375 9.1503675
v -0.5625 3.296875 9.1503675
v -0.5625 3.296875 9.2753675
v -0.551646875 3.235324375 9.2753675
v -0.90614 2.959201875 9.2441175
v -0.96487125 2.980578125 9.2441175
v -0.96487125 2.980578125 9.1816175
v -0.90614 2.959201875 9.1816175
v -0.84201125 3.135394375 9.1816175
v -0.9007425 3.156770625 9.1816175
v -0.9007425 3.156770625 9.2441175
v -0.84201125 3.135394375 9.2441175
v 0.84201125 3.135394375 9.2441175
v 0.9007425 3.156770625 9.2441175
v 0.9007425 3.156770625 9.1816175
v 0.84201125 3.135394375 9.1816175
v 0.90614 2.959201875 9.1816175
v 0.96487125 2.980578125 9.1816175
v 0.96487125 2.980578125 9.2441175
v 0.90614 2.959201875 9.2441175
v 0.7113025 3.21311875 9.2753675
v 0.74715125 3.264315625 9.2753675
v 0.74715125 3.264315625 9.1503675
v 0.7113025 3.21311875 9.1503675
v 0.86489375 3.105573125 9.1503675
v 0.9007425 3.15677 9.1503675
v 0.9007425 3.15677 9.2753675
v 0.86489375 3.105573125 9.2753675
v 0.551646875 3.235324375 9.2753675
v 0.5625 3.296875 9.2753675
v 0.5625 3.296875 9.1503675
v 0.551646875 3.235324375 9.1503675
v 0.73629875 3.202765 9.1503675
v 0.747151875 3.264315625 9.1503675
v 0.747151875 3.264315625 9.2753675
v 0.73629875 3.202765 9.2753675
v -0.5625 3.234375 9.2753675
v -0.5625 3.296875 9.2753675
v -0.5625 3.296875 9.1503675
v -0.5625 3.234375 9.1503675
v 0.5625 3.234375 9.1503675
v 0.5625 3.296875 9.1503675
v 0.5625 3.296875 9.2753675
v 0.5625 3.234375 9.2753675
v -0.3125 3.109375 9.3378675
v -0.3125 3.234375 9.3378675
v -0.3125 3.234375 9.1503675
v -0.3125 3.109375 9.1503675
v 0.3125 3.109375 9.1503675
v 0.3125 3.234375 9.1503675
v 0.3125 3.234375 9.3378675
v 0.3125 3.109375 9.3378675
v 0.125 2.876654375 9.432409375
v 0.125 3.189154375 9.432409375
v 0.125 3.189154375 9.182409375
v 0.125 2.876654375 9.182409375
v 0.25 2.876654375 9.182409375
v 0.25 3.189154375 9.182409375
v 0.25 3.189154375 9.432409375
v 0.25 2.876654375 9.432409375
v -0.25 2.876654375 9.432409375
v -0.25 3.189154375 9.432409375
v -0.25 3.189154375 9.182409375
v -0.25 2.876654375 9.182409375
v -0.125 2.876654375 9.182409375
v -0.125 3.189154375 9.182409375
v -0.125 3.189154375 9.432409375
v -0.125 2.876654375 9.432409375
v -0.1875 2.703125 10.8378675
v -0.1875 2.828125 10.8378675
v -0.1875 2.828125 10.7128675
v -0.1875 2.703125 10.7128675
v 0.1875 2.703125 10.7128675
v 0.1875 2.828125 10.7128675
v 0.1875 2.828125 10.8378675
v 0.1875 2.703125 10.8378675
v 0.06754 2.761180625 10.779595625
v 0.071861875 2.82328375 10.78514375
v 0.151448125 2.951085 9.29271875
v 0.14712625 2.8889825 9.287170625
v 0.20938875 2.884388125 9.290096875
v 0.21371 2.94649125 9.295645625
v 0.13412375 2.818689375 10.788070625
v 0.1298025 2.75658625 10.7825225
v -0.625 2.5625 10.78125
v -0.625 3 10.78125
v -0.625 3 11.03125
v -0.625 2.5625 11.03125
v -0.875 2.5625 11.03125
v -0.875 3 11.03125
v -0.875 3 10.78125
v -0.875 2.5625 10.78125
v 0.0625 2.5625 11.09375
v 0.0625 2.875 11.09375
v 0.0625 2.875 11.21875
v 0.0625 2.5625 11.21875
v -0.0625 2.5625 11.21875
v -0.0625 2.875 11.21875
v -0.0625 2.875 11.09375
v -0.0625 2.5625 11.09375
v 0.875 2.5625 10.78125
v 0.875 3 10.78125
v 0.875 3 11.03125
v 0.875 2.5625 11.03125
v 0.625 2.5625 11.03125
v 0.625 3 11.03125
v 0.625 3 10.78125
v 0.625 2.5625 10.78125
v 0.875 2.5625 6.78125
v 0.875 3 6.78125
v 0.875 3 7.03125
v 0.875 2.5625 7.03125
v 0.625 2.5625 7.03125
v 0.625 3 7.03125
v 0.625 3 6.78125
v 0.625 2.5625 6.78125
v -0.625 2.5625 6.78125
v -0.625 3 6.78125
v -0.625 3 7.03125
v -0.625 2.5625 7.03125
v -0.875 2.5625 7.03125
v -0.875 3 7.03125
v -0.875 3 6.78125
v -0.875 2.5625 6.78125
vt 0.06055363321799308 0.7050173010380623
vt 0.06055363321799308 0.7084775086505191
vt 0.031141868512110725 0.7084775086505191
vt 0.031141868512110725 0.7050173010380623
vt 0.09688581314878893 0.7050173010380623
vt 0.09688581314878893 0.7084775086505191
vt 0.06747404844290658 0.7084775086505191
vt 0.06747404844290658 0.7050173010380623
vt 0.06055363321799308 0.7378892733564013
vt 0.06055363321799308 0.7084775086505191
vt 0.06747404844290658 0.7084775086505191
vt 0.06747404844290658 0.7378892733564013
vt 0.06747404844290658 0.7084775086505191
vt 0.06747404844290658 0.7378892733564013
vt 0.07439446366782007 0.7378892733564013
vt 0.07439446366782007 0.7084775086505191
vt 0.10380622837370242 0.7050173010380623
vt 0.10380622837370242 0.7084775086505191
vt 0.09688581314878893 0.7084775086505191
vt 0.09688581314878893 0.7050173010380623
vt 0.06747404844290658 0.7050173010380623
vt 0.06747404844290658 0.7084775086505191
vt 0.06055363321799308 0.7084775086505191
vt 0.06055363321799308 0.7050173010380623
vt 0.06228373702422145 0.801038062283737
vt 0.06228373702422145 0.8019031141868512
vt 0.09083044982698962 0.8019031141868512
vt 0.09083044982698962 0.801038062283737
vt 0.0328719723183391 0.801038062283737
vt 0.0328719723183391 0.8019031141868512
vt 0.061418685121107264 0.8019031141868512
vt 0.061418685121107264 0.801038062283737
vt 0.06228373702422145 0.8304498269896194
vt 0.06228373702422145 0.8019031141868512
vt 0.061418685121107264 0.8019031141868512
vt 0.061418685121107264 0.8304498269896194
vt 0.06314878892733564 0.8019031141868512
vt 0.06314878892733564 0.8304498269896194
vt 0.06228373702422145 0.8304498269896194
vt 0.06228373702422145 0.8019031141868512
vt 0.09083044982698962 0.801038062283737
vt 0.09083044982698962 0.8019031141868512
vt 0.09169550173010381 0.8019031141868512
vt 0.09169550173010381 0.801038062283737
vt 0.061418685121107264 0.801038062283737
vt 0.061418685121107264 0.8019031141868512
vt 0.06228373702422145 0.8019031141868512
vt 0.06228373702422145 0.801038062283737
vt 0.06228373702422145 0.8001730103806228
vt 0.06228373702422145 0.8019031141868512
vt 0.09083044982698962 0.8019031141868512
vt 0.09083044982698962 0.8001730103806228
vt 0.03200692041522491 0.8001730103806228
vt 0.03200692041522491 0.8019031141868512
vt 0.06055363321799308 0.8019031141868512
vt 0.06055363321799308 0.8001730103806228
vt 0.06228373702422145 0.8304498269896194
vt 0.06228373702422145 0.8019031141868512
vt 0.06055363321799308 0.8019031141868512
vt 0.06055363321799308 0.8304498269896194
vt 0.06401384083044982 0.8019031141868512
vt 0.06401384083044982 0.8304498269896194
vt 0.06228373702422145 0.8304498269896194
vt 0.06228373702422145 0.8019031141868512
vt 0.09083044982698962 0.8001730103806228
vt 0.09083044982698962 0.8019031141868512
vt 0.092560553633218 0.8019031141868512
vt 0.092560553633218 0.8001730103806228
vt 0.06055363321799308 0.8001730103806228
vt 0.06055363321799308 0.8019031141868512
vt 0.06228373702422145 0.8019031141868512
vt 0.06228373702422145 0.8001730103806228
vt 0.054498269896193774 0.8131487889273357
vt 0.054498269896193774 0.8140138408304498
vt 0.07525951557093426 0.8140138408304498
vt 0.07525951557093426 0.8131487889273357
vt 0.0328719723183391 0.8131487889273357
vt 0.0328719723183391 0.8140138408304498
vt 0.05363321799307959 0.8140138408304498
vt 0.05363321799307959 0.8131487889273357
vt 0.054498269896193774 0.8347750865051903
vt 0.054498269896193774 0.8140138408304498
vt 0.05363321799307959 0.8140138408304498
vt 0.05363321799307959 0.8347750865051903
vt 0.05536332179930796 0.8140138408304498
vt 0.05536332179930796 0.8347750865051903
vt 0.054498269896193774 0.8347750865051903
vt 0.054498269896193774 0.8140138408304498
vt 0.07525951557093426 0.8131487889273357
vt 0.07525951557093426 0.8140138408304498
vt 0.07612456747404844 0.8140138408304498
vt 0.07612456747404844 0.8131487889273357
vt 0.05363321799307959 0.8131487889273357
vt 0.05363321799307959 0.8140138408304498
vt 0.054498269896193774 0.8140138408304498
vt 0.054498269896193774 0.8131487889273357
vt 0.05103806228373702 0.8088235294117647
vt 0.05103806228373702 0.8096885813148789
vt 0.052768166089965395 0.8096885813148789
vt 0.052768166089965395 0.8088235294117647
vt 0.03373702422145329 0.8088235294117647
vt 0.03373702422145329 0.8096885813148789
vt 0.03546712802768166 0.8096885813148789
vt 0.03546712802768166 0.8088235294117647
vt 0.05103806228373702 0.8114186851211073
vt 0.05103806228373702 0.8096885813148789
vt 0.03546712802768166 0.8096885813148789
vt 0.03546712802768166 0.8114186851211073
vt 0.06660899653979238 0.8096885813148789
vt 0.06660899653979238 0.8114186851211073
vt 0.05103806228373702 0.8114186851211073
vt 0.05103806228373702 0.8096885813148789
vt 0.052768166089965395 0.8088235294117647
vt 0.052768166089965395 0.8096885813148789
vt 0.06833910034602077 0.8096885813148789
vt 0.06833910034602077 0.8088235294117647
vt 0.03546712802768166 0.8088235294117647
vt 0.03546712802768166 0.8096885813148789
vt 0.05103806228373702 0.8096885813148789
vt 0.05103806228373702 0.8088235294117647
vt 0.037197231833910036 0.8261245674740485
vt 0.037197231833910036 0.8269896193771626
vt 0.03806228373702422 0.8269896193771626
vt 0.03806228373702422 0.8261245674740485
vt 0.03373702422145329 0.8261245674740485
vt 0.03373702422145329 0.8269896193771626
vt 0.03460207612456748 0.8269896193771626
vt 0.03460207612456748 0.8261245674740485
vt 0.037197231833910036 0.8278546712802768
vt 0.037197231833910036 0.8269896193771626
vt 0.03460207612456748 0.8269896193771626
vt 0.03460207612456748 0.8278546712802768
vt 0.039792387543252594 0.8269896193771626
vt 0.039792387543252594 0.8278546712802768
vt 0.037197231833910036 0.8278546712802768
vt 0.037197231833910036 0.8269896193771626
vt 0.03806228373702422 0.8261245674740485
vt 0.03806228373702422 0.8269896193771626
vt 0.04065743944636678 0.8269896193771626
vt 0.04065743944636678 0.8261245674740485
vt 0.03460207612456748 0.8261245674740485
vt 0.03460207612456748 0.8269896193771626
vt 0.037197231833910036 0.8269896193771626
vt 0.037197231833910036 0.8261245674740485
vt 0.037197231833910036 0.828719723183391
vt 0.037197231833910036 0.8295847750865052
vt 0.03892733564013841 0.8295847750865052
vt 0.03892733564013841 0.828719723183391
vt 0.0328719723183391 0.828719723183391
vt 0.0328719723183391 0.8295847750865052
vt 0.03460207612456748 0.8295847750865052
vt 0.03460207612456748 0.828719723183391
vt 0.037197231833910036 0.8313148788927336
vt 0.037197231833910036 0.8295847750865052
vt 0.03460207612456748 0.8295847750865052
vt 0.03460207612456748 0.8313148788927336
vt 0.039792387543252594 0.8295847750865052
vt 0.039792387543252594 0.8313148788927336
vt 0.037197231833910036 0.8313148788927336
vt 0.037197231833910036 0.8295847750865052
vt 0.03892733564013841 0.828719723183391
vt 0.03892733564013841 0.8295847750865052
vt 0.04152249134948097 0.8295847750865052
vt 0.04152249134948097 0.828719723183391
vt 0.03460207612456748 0.828719723183391
vt 0.03460207612456748 0.8295847750865052
vt 0.037197231833910036 0.8295847750865052
vt 0.037197231833910036 0.828719723183391
vt 0.037197231833910036 0.8321799307958477
vt 0.037197231833910036 0.8330449826989619
vt 0.03892733564013841 0.8330449826989619
vt 0.03892733564013841 0.8321799307958477
vt 0.0328719723183391 0.8321799307958477
vt 0.0328719723183391 0.8330449826989619
vt 0.03460207612456748 0.8330449826989619
vt 0.03460207612456748 0.8321799307958477
vt 0.037197231833910036 0.8347750865051903
vt 0.037197231833910036 0.8330449826989619
vt 0.03460207612456748 0.8330449826989619
vt 0.03460207612456748 0.8347750865051903
vt 0.039792387543252594 0.8330449826989619
vt 0.039792387543252594 0.8347750865051903
vt 0.037197231833910036 0.8347750865051903
vt 0.037197231833910036 0.8330449826989619
vt 0.03892733564013841 0.8321799307958477
vt 0.03892733564013841 0.8330449826989619
vt 0.04152249134948097 0.8330449826989619
vt 0.04152249134948097 0.8321799307958477
vt 0.03460207612456748 0.8321799307958477
vt 0.03460207612456748 0.8330449826989619
vt 0.037197231833910036 0.8330449826989619
vt 0.037197231833910036 0.8321799307958477
vt 0.03460207612456748 0.8261245674740485
vt 0.03460207612456748 0.8269896193771626
vt 0.03373702422145329 0.8269896193771626
vt 0.03373702422145329 0.8261245674740485
vt 0.03806228373702422 0.8261245674740485
vt 0.03806228373702422 0.8269896193771626
vt 0.037197231833910036 0.8269896193771626
vt 0.037197231833910036 0.8261245674740485
vt 0.03460207612456748 0.8278546712802768
vt 0.03460207612456748 0.8269896193771626
vt 0.037197231833910036 0.8269896193771626
vt 0.037197231833910036 0.8278546712802768
vt 0.037197231833910036 0.8269896193771626
vt 0.037197231833910036 0.8278546712802768
vt 0.039792387543252594 0.8278546712802768
vt 0.039792387543252594 0.8269896193771626
vt 0.04065743944636678 0.8261245674740485
vt 0.04065743944636678 0.8269896193771626
vt 0.03806228373702422 0.8269896193771626
vt 0.03806228373702422 0.8261245674740485
vt 0.037197231833910036 0.8261245674740485
vt 0.037197231833910036 0.8269896193771626
vt 0.03460207612456748 0.8269896193771626
vt 0.03460207612456748 0.8261245674740485
vt 0.03460207612456748 0.828719723183391
vt 0.03460207612456748 0.8295847750865052
vt 0.0328719723183391 0.8295847750865052
vt 0.0328719723183391 0.828719723183391
vt 0.03892733564013841 0.828719723183391
vt 0.03892733564013841 0.8295847750865052
vt 0.037197231833910036 0.8295847750865052
vt 0.037197231833910036 0.828719723183391
vt 0.03460207612456748 0.8313148788927336
vt 0.03460207612456748 0.8295847750865052
vt 0.037197231833910036 0.8295847750865052
vt 0.037197231833910036 0.8313148788927336
vt 0.037197231833910036 0.8295847750865052
vt 0.037197231833910036 0.8313148788927336
vt 0.039792387543252594 0.8313148788927336
vt 0.039792387543252594 0.8295847750865052
vt 0.04152249134948097 0.828719723183391
vt 0.04152249134948097 0.8295847750865052
vt 0.03892733564013841 0.8295847750865052
vt 0.03892733564013841 0.828719723183391
vt 0.037197231833910036 0.828719723183391
vt 0.037197231833910036 0.8295847750865052
vt 0.03460207612456748 0.8295847750865052
vt 0.03460207612456748 0.828719723183391
vt 0.03460207612456748 0.8321799307958477
vt 0.03460207612456748 0.8330449826989619
vt 0.0328719723183391 0.8330449826989619
vt 0.0328719723183391 0.8321799307958477
vt 0.03892733564013841 0.8321799307958477
vt 0.03892733564013841 0.8330449826989619
vt 0.037197231833910036 0.8330449826989619
vt 0.037197231833910036 0.8321799307958477
vt 0.03460207612456748 0.8347750865051903
vt 0.03460207612456748 0.8330449826989619
vt 0.037197231833910036 0.8330449826989619
vt 0.037197231833910036 0.8347750865051903
vt 0.037197231833910036 0.8330449826989619
vt 0.037197231833910036 0.8347750865051903
vt 0.039792387543252594 0.8347750865051903
vt 0.039792387543252594 0.8330449826989619
vt 0.04152249134948097 0.8321799307958477
vt 0.04152249134948097 0.8330449826989619
vt 0.03892733564013841 0.8330449826989619
vt 0.03892733564013841 0.8321799307958477
vt 0.037197231833910036 0.8321799307958477
vt 0.037197231833910036 0.8330449826989619
vt 0.03460207612456748 0.8330449826989619
vt 0.03460207612456748 0.8321799307958477
vt 0.03546712802768166 0.8382352941176471
vt 0.03546712802768166 0.842560553633218
vt 0.03200692041522491 0.842560553633218
vt 0.03200692041522491 0.8382352941176471
vt 0.04065743944636678 0.8382352941176471
vt 0.04065743944636678 0.842560553633218
vt 0.037197231833910036 0.842560553633218
vt 0.037197231833910036 0.8382352941176471
vt 0.03546712802768166 0.8460207612456747
vt 0.03546712802768166 0.842560553633218
vt 0.037197231833910036 0.842560553633218
vt 0.037197231833910036 0.8460207612456747
vt 0.037197231833910036 0.842560553633218
vt 0.037197231833910036 0.8460207612456747
vt 0.03892733564013841 0.8460207612456747
vt 0.03892733564013841 0.842560553633218
vt 0.04238754325259515 0.8382352941176471
vt 0.04238754325259515 0.842560553633218
vt 0.04065743944636678 0.842560553633218
vt 0.04065743944636678 0.8382352941176471
vt 0.037197231833910036 0.8382352941176471
vt 0.037197231833910036 0.842560553633218
vt 0.03546712802768166 0.842560553633218
vt 0.03546712802768166 0.8382352941176471
vt 0.037197231833910036 0.8382352941176471
vt 0.037197231833910036 0.842560553633218
vt 0.04065743944636678 0.842560553633218
vt 0.04065743944636678 0.8382352941176471
vt 0.03200692041522491 0.8382352941176471
vt 0.03200692041522491 0.842560553633218
vt 0.03546712802768166 0.842560553633218
vt 0.03546712802768166 0.8382352941176471
vt 0.037197231833910036 0.8460207612456747
vt 0.037197231833910036 0.842560553633218
vt 0.03546712802768166 0.842560553633218
vt 0.03546712802768166 0.8460207612456747
vt 0.03892733564013841 0.842560553633218
vt 0.03892733564013841 0.8460207612456747
vt 0.037197231833910036 0.8460207612456747
vt 0.037197231833910036 0.842560553633218
vt 0.04065743944636678 0.8382352941176471
vt 0.04065743944636678 0.842560553633218
vt 0.04238754325259515 0.842560553633218
vt 0.04238754325259515 0.8382352941176471
vt 0.03546712802768166 0.8382352941176471
vt 0.03546712802768166 0.842560553633218
vt 0.037197231833910036 0.842560553633218
vt 0.037197231833910036 0.8382352941176471
vt 0.045847750865051905 0.8391003460207612
vt 0.045847750865051905 0.8408304498269896
vt 0.04325259515570934 0.8408304498269896
vt 0.04325259515570934 0.8391003460207612
vt 0.05709342560553633 0.8391003460207612
vt 0.05709342560553633 0.8408304498269896
vt 0.054498269896193774 0.8408304498269896
vt 0.054498269896193774 0.8391003460207612
vt 0.045847750865051905 0.8434256055363322
vt 0.045847750865051905 0.8408304498269896
vt 0.054498269896193774 0.8408304498269896
vt 0.054498269896193774 0.8434256055363322
vt 0.054498269896193774 0.8408304498269896
vt 0.054498269896193774 0.8434256055363322
vt 0.06314878892733564 0.8434256055363322
vt 0.06314878892733564 0.8408304498269896
vt 0.0657439446366782 0.8391003460207612
vt 0.0657439446366782 0.8408304498269896
vt 0.05709342560553633 0.8408304498269896
vt 0.05709342560553633 0.8391003460207612
vt 0.054498269896193774 0.8391003460207612
vt 0.054498269896193774 0.8408304498269896
vt 0.045847750865051905 0.8408304498269896
vt 0.045847750865051905 0.8391003460207612
vt 0.03633217993079585 0.8166089965397924
vt 0.03633217993079585 0.8183391003460208
vt 0.03460207612456748 0.8183391003460208
vt 0.03460207612456748 0.8166089965397924
vt 0.04325259515570934 0.8166089965397924
vt 0.04325259515570934 0.8183391003460208
vt 0.04152249134948097 0.8183391003460208
vt 0.04152249134948097 0.8166089965397924
vt 0.03633217993079585 0.8200692041522492
vt 0.03633217993079585 0.8183391003460208
vt 0.04152249134948097 0.8183391003460208
vt 0.04152249134948097 0.8200692041522492
vt 0.04152249134948097 0.8183391003460208
vt 0.04152249134948097 0.8200692041522492
vt 0.04671280276816609 0.8200692041522492
vt 0.04671280276816609 0.8183391003460208
vt 0.04844290657439446 0.8166089965397924
vt 0.04844290657439446 0.8183391003460208
vt 0.04325259515570934 0.8183391003460208
vt 0.04325259515570934 0.8166089965397924
vt 0.04152249134948097 0.8166089965397924
vt 0.04152249134948097 0.8183391003460208
vt 0.03633217993079585 0.8183391003460208
vt 0.03633217993079585 0.8166089965397924
vt 0.05363321799307959 0.8131487889273357
vt 0.05363321799307959 0.8140138408304498
vt 0.0328719723183391 0.8140138408304498
vt 0.0328719723183391 0.8131487889273357
vt 0.07525951557093426 0.8131487889273357
vt 0.07525951557093426 0.8140138408304498
vt 0.054498269896193774 0.8140138408304498
vt 0.054498269896193774 0.8131487889273357
vt 0.05363321799307959 0.8347750865051903
vt 0.05363321799307959 0.8140138408304498
vt 0.054498269896193774 0.8140138408304498
vt 0.054498269896193774 0.8347750865051903
vt 0.054498269896193774 0.8140138408304498
vt 0.054498269896193774 0.8347750865051903
vt 0.05536332179930796 0.8347750865051903
vt 0.05536332179930796 0.8140138408304498
vt 0.07612456747404844 0.8131487889273357
vt 0.07612456747404844 0.8140138408304498
vt 0.07525951557093426 0.8140138408304498
vt 0.07525951557093426 0.8131487889273357
vt 0.054498269896193774 0.8131487889273357
vt 0.054498269896193774 0.8140138408304498
vt 0.05363321799307959 0.8140138408304498
vt 0.05363321799307959 0.8131487889273357
vt 0.06228373702422145 0.801038062283737
vt 0.06228373702422145 0.8019031141868512
vt 0.09083044982698962 0.8019031141868512
vt 0.09083044982698962 0.801038062283737
vt 0.0328719723183391 0.801038062283737
vt 0.0328719723183391 0.8019031141868512
vt 0.061418685121107264 0.8019031141868512
vt 0.061418685121107264 0.801038062283737
vt 0.06228373702422145 0.8304498269896194
vt 0.06228373702422145 0.8019031141868512
vt 0.061418685121107264 0.8019031141868512
vt 0.061418685121107264 0.8304498269896194
vt 0.06314878892733564 0.8019031141868512
vt 0.06314878892733564 0.8304498269896194
vt 0.06228373702422145 0.8304498269896194
vt 0.06228373702422145 0.8019031141868512
vt 0.09083044982698962 0.801038062283737
vt 0.09083044982698962 0.8019031141868512
vt 0.09169550173010381 0.8019031141868512
vt 0.09169550173010381 0.801038062283737
vt 0.061418685121107264 0.801038062283737
vt 0.061418685121107264 0.8019031141868512
vt 0.06228373702422145 0.8019031141868512
vt 0.06228373702422145 0.801038062283737
vt 0.06228373702422145 0.8001730103806228
vt 0.06228373702422145 0.8019031141868512
vt 0.09083044982698962 0.8019031141868512
vt 0.09083044982698962 0.8001730103806228
vt 0.03200692041522491 0.8001730103806228
vt 0.03200692041522491 0.8019031141868512
vt 0.06055363321799308 0.8019031141868512
vt 0.06055363321799308 0.8001730103806228
vt 0.06228373702422145 0.8304498269896194
vt 0.06228373702422145 0.8019031141868512
vt 0.06055363321799308 0.8019031141868512
vt 0.06055363321799308 0.8304498269896194
vt 0.06401384083044982 0.8019031141868512
vt 0.06401384083044982 0.8304498269896194
vt 0.06228373702422145 0.8304498269896194
vt 0.06228373702422145 0.8019031141868512
vt 0.09083044982698962 0.8001730103806228
vt 0.09083044982698962 0.8019031141868512
vt 0.092560553633218 0.8019031141868512
vt 0.092560553633218 0.8001730103806228
vt 0.06055363321799308 0.8001730103806228
vt 0.06055363321799308 0.8019031141868512
vt 0.06228373702422145 0.8019031141868512
vt 0.06228373702422145 0.8001730103806228
vt 0.054498269896193774 0.8131487889273357
vt 0.054498269896193774 0.8140138408304498
vt 0.07525951557093426 0.8140138408304498
vt 0.07525951557093426 0.8131487889273357
vt 0.0328719723183391 0.8131487889273357
vt 0.0328719723183391 0.8140138408304498
vt 0.05363321799307959 0.8140138408304498
vt 0.05363321799307959 0.8131487889273357
vt 0.054498269896193774 0.8347750865051903
vt 0.054498269896193774 0.8140138408304498
vt 0.05363321799307959 0.8140138408304498
vt 0.05363321799307959 0.8347750865051903
vt 0.05536332179930796 0.8140138408304498
vt 0.05536332179930796 0.8347750865051903
vt 0.054498269896193774 0.8347750865051903
vt 0.054498269896193774 0.8140138408304498
vt 0.07525951557093426 0.8131487889273357
vt 0.07525951557093426 0.8140138408304498
vt 0.07612456747404844 0.8140138408304498
vt 0.07612456747404844 0.8131487889273357
vt 0.05363321799307959 0.8131487889273357
vt 0.05363321799307959 0.8140138408304498
vt 0.054498269896193774 0.8140138408304498
vt 0.054498269896193774 0.8131487889273357
vt 0.037197231833910036 0.828719723183391
vt 0.037197231833910036 0.8295847750865052
vt 0.03892733564013841 0.8295847750865052
vt 0.03892733564013841 0.828719723183391
vt 0.0328719723183391 0.828719723183391
vt 0.0328719723183391 0.8295847750865052
vt 0.03460207612456748 0.8295847750865052
vt 0.03460207612456748 0.828719723183391
vt 0.037197231833910036 0.8313148788927336
vt 0.037197231833910036 0.8295847750865052
vt 0.03460207612456748 0.8295847750865052
vt 0.03460207612456748 0.8313148788927336
vt 0.039792387543252594 0.8295847750865052
vt 0.039792387543252594 0.8313148788927336
vt 0.037197231833910036 0.8313148788927336
vt 0.037197231833910036 0.8295847750865052
vt 0.03892733564013841 0.828719723183391
vt 0.03892733564013841 0.8295847750865052
vt 0.04152249134948097 0.8295847750865052
vt 0.04152249134948097 0.828719723183391
vt 0.03460207612456748 0.828719723183391
vt 0.03460207612456748 0.8295847750865052
vt 0.037197231833910036 0.8295847750865052
vt 0.037197231833910036 0.828719723183391
vt 0.037197231833910036 0.8321799307958477
vt 0.037197231833910036 0.8330449826989619
vt 0.03892733564013841 0.8330449826989619
vt 0.03892733564013841 0.8321799307958477
vt 0.0328719723183391 0.8321799307958477
vt 0.0328719723183391 0.8330449826989619
vt 0.03460207612456748 0.8330449826989619
vt 0.03460207612456748 0.8321799307958477
vt 0.037197231833910036 0.8347750865051903
vt 0.037197231833910036 0.8330449826989619
vt 0.03460207612456748 0.8330449826989619
vt 0.03460207612456748 0.8347750865051903
vt 0.039792387543252594 0.8330449826989619
vt 0.039792387543252594 0.8347750865051903
vt 0.037197231833910036 0.8347750865051903
vt 0.037197231833910036 0.8330449826989619
vt 0.03892733564013841 0.8321799307958477
vt 0.03892733564013841 0.8330449826989619
vt 0.04152249134948097 0.8330449826989619
vt 0.04152249134948097 0.8321799307958477
vt 0.03460207612456748 0.8321799307958477
vt 0.03460207612456748 0.8330449826989619
vt 0.037197231833910036 0.8330449826989619
vt 0.037197231833910036 0.8321799307958477
vt 0.037197231833910036 0.8261245674740485
vt 0.037197231833910036 0.8269896193771626
vt 0.03806228373702422 0.8269896193771626
vt 0.03806228373702422 0.8261245674740485
vt 0.03373702422145329 0.8261245674740485
vt 0.03373702422145329 0.8269896193771626
vt 0.03460207612456748 0.8269896193771626
vt 0.03460207612456748 0.8261245674740485
vt 0.037197231833910036 0.8278546712802768
vt 0.037197231833910036 0.8269896193771626
vt 0.03460207612456748 0.8269896193771626
vt 0.03460207612456748 0.8278546712802768
vt 0.039792387543252594 0.8269896193771626
vt 0.039792387543252594 0.8278546712802768
vt 0.037197231833910036 0.8278546712802768
vt 0.037197231833910036 0.8269896193771626
vt 0.03806228373702422 0.8261245674740485
vt 0.03806228373702422 0.8269896193771626
vt 0.04065743944636678 0.8269896193771626
vt 0.04065743944636678 0.8261245674740485
vt 0.03460207612456748 0.8261245674740485
vt 0.03460207612456748 0.8269896193771626
vt 0.037197231833910036 0.8269896193771626
vt 0.037197231833910036 0.8261245674740485
vt 0.03460207612456748 0.8261245674740485
vt 0.03460207612456748 0.8269896193771626
vt 0.03373702422145329 0.8269896193771626
vt 0.03373702422145329 0.8261245674740485
vt 0.03806228373702422 0.8261245674740485
vt 0.03806228373702422 0.8269896193771626
vt 0.037197231833910036 0.8269896193771626
vt 0.037197231833910036 0.8261245674740485
vt 0.03460207612456748 0.8278546712802768
vt 0.03460207612456748 0.8269896193771626
vt 0.037197231833910036 0.8269896193771626
vt 0.037197231833910036 0.8278546712802768
vt 0.037197231833910036 0.8269896193771626
vt 0.037197231833910036 0.8278546712802768
vt 0.039792387543252594 0.8278546712802768
vt 0.039792387543252594 0.8269896193771626
vt 0.04065743944636678 0.8261245674740485
vt 0.04065743944636678 0.8269896193771626
vt 0.03806228373702422 0.8269896193771626
vt 0.03806228373702422 0.8261245674740485
vt 0.037197231833910036 0.8261245674740485
vt 0.037197231833910036 0.8269896193771626
vt 0.03460207612456748 0.8269896193771626
vt 0.03460207612456748 0.8261245674740485
vt 0.03460207612456748 0.828719723183391
vt 0.03460207612456748 0.8295847750865052
vt 0.0328719723183391 0.8295847750865052
vt 0.0328719723183391 0.828719723183391
vt 0.03892733564013841 0.828719723183391
vt 0.03892733564013841 0.8295847750865052
vt 0.037197231833910036 0.8295847750865052
vt 0.037197231833910036 0.828719723183391
vt 0.03460207612456748 0.8313148788927336
vt 0.03460207612456748 0.8295847750865052
vt 0.037197231833910036 0.8295847750865052
vt 0.037197231833910036 0.8313148788927336
vt 0.037197231833910036 0.8295847750865052
vt 0.037197231833910036 0.8313148788927336
vt 0.039792387543252594 0.8313148788927336
vt 0.039792387543252594 0.8295847750865052
vt 0.04152249134948097 0.828719723183391
vt 0.04152249134948097 0.8295847750865052
vt 0.03892733564013841 0.8295847750865052
vt 0.03892733564013841 0.828719723183391
vt 0.037197231833910036 0.828719723183391
vt 0.037197231833910036 0.8295847750865052
vt 0.03460207612456748 0.8295847750865052
vt 0.03460207612456748 0.828719723183391
vt 0.03460207612456748 0.8321799307958477
vt 0.03460207612456748 0.8330449826989619
vt 0.0328719723183391 0.8330449826989619
vt 0.0328719723183391 0.8321799307958477
vt 0.03892733564013841 0.8321799307958477
vt 0.03892733564013841 0.8330449826989619
vt 0.037197231833910036 0.8330449826989619
vt 0.037197231833910036 0.8321799307958477
vt 0.03460207612456748 0.8347750865051903
vt 0.03460207612456748 0.8330449826989619
vt 0.037197231833910036 0.8330449826989619
vt 0.037197231833910036 0.8347750865051903
vt 0.037197231833910036 0.8330449826989619
vt 0.037197231833910036 0.8347750865051903
vt 0.039792387543252594 0.8347750865051903
vt 0.039792387543252594 0.8330449826989619
vt 0.04152249134948097 0.8321799307958477
vt 0.04152249134948097 0.8330449826989619
vt 0.03892733564013841 0.8330449826989619
vt 0.03892733564013841 0.8321799307958477
vt 0.037197231833910036 0.8321799307958477
vt 0.037197231833910036 0.8330449826989619
vt 0.03460207612456748 0.8330449826989619
vt 0.03460207612456748 0.8321799307958477
vt 0.03546712802768166 0.8356401384083045
vt 0.03546712802768166 0.8365051903114187
vt 0.03373702422145329 0.8365051903114187
vt 0.03373702422145329 0.8356401384083045
vt 0.052768166089965395 0.8356401384083045
vt 0.052768166089965395 0.8365051903114187
vt 0.05103806228373702 0.8365051903114187
vt 0.05103806228373702 0.8356401384083045
vt 0.03546712802768166 0.8382352941176471
vt 0.03546712802768166 0.8365051903114187
vt 0.05103806228373702 0.8365051903114187
vt 0.05103806228373702 0.8382352941176471
vt 0.05103806228373702 0.8365051903114187
vt 0.05103806228373702 0.8382352941176471
vt 0.06660899653979238 0.8382352941176471
vt 0.06660899653979238 0.8365051903114187
vt 0.06833910034602077 0.8356401384083045
vt 0.06833910034602077 0.8365051903114187
vt 0.052768166089965395 0.8365051903114187
vt 0.052768166089965395 0.8356401384083045
vt 0.05103806228373702 0.8356401384083045
vt 0.05103806228373702 0.8365051903114187
vt 0.03546712802768166 0.8365051903114187
vt 0.03546712802768166 0.8356401384083045
vt 0.045847750865051905 0.8391003460207612
vt 0.045847750865051905 0.8408304498269896
vt 0.04325259515570934 0.8408304498269896
vt 0.04325259515570934 0.8391003460207612
vt 0.05709342560553633 0.8391003460207612
vt 0.05709342560553633 0.8408304498269896
vt 0.054498269896193774 0.8408304498269896
vt 0.054498269896193774 0.8391003460207612
vt 0.045847750865051905 0.8434256055363322
vt 0.045847750865051905 0.8408304498269896
vt 0.054498269896193774 0.8408304498269896
vt 0.054498269896193774 0.8434256055363322
vt 0.054498269896193774 0.8408304498269896
vt 0.054498269896193774 0.8434256055363322
vt 0.06314878892733564 0.8434256055363322
vt 0.06314878892733564 0.8408304498269896
vt 0.0657439446366782 0.8391003460207612
vt 0.0657439446366782 0.8408304498269896
vt 0.05709342560553633 0.8408304498269896
vt 0.05709342560553633 0.8391003460207612
vt 0.054498269896193774 0.8391003460207612
vt 0.054498269896193774 0.8408304498269896
vt 0.045847750865051905 0.8408304498269896
vt 0.045847750865051905 0.8391003460207612
vt 0.03546712802768166 0.8382352941176471
vt 0.03546712802768166 0.842560553633218
vt 0.03200692041522491 0.842560553633218
vt 0.03200692041522491 0.8382352941176471
vt 0.04065743944636678 0.8382352941176471
vt 0.04065743944636678 0.842560553633218
vt 0.037197231833910036 0.842560553633218
vt 0.037197231833910036 0.8382352941176471
vt 0.03546712802768166 0.8460207612456747
vt 0.03546712802768166 0.842560553633218
vt 0.037197231833910036 0.842560553633218
vt 0.037197231833910036 0.8460207612456747
vt 0.037197231833910036 0.842560553633218
vt 0.037197231833910036 0.8460207612456747
vt 0.03892733564013841 0.8460207612456747
vt 0.03892733564013841 0.842560553633218
vt 0.04238754325259515 0.8382352941176471
vt 0.04238754325259515 0.842560553633218
vt 0.04065743944636678 0.842560553633218
vt 0.04065743944636678 0.8382352941176471
vt 0.037197231833910036 0.8382352941176471
vt 0.037197231833910036 0.842560553633218
vt 0.03546712802768166 0.842560553633218
vt 0.03546712802768166 0.8382352941176471
vt 0.037197231833910036 0.8382352941176471
vt 0.037197231833910036 0.842560553633218
vt 0.04065743944636678 0.842560553633218
vt 0.04065743944636678 0.8382352941176471
vt 0.03200692041522491 0.8382352941176471
vt 0.03200692041522491 0.842560553633218
vt 0.03546712802768166 0.842560553633218
vt 0.03546712802768166 0.8382352941176471
vt 0.037197231833910036 0.8460207612456747
vt 0.037197231833910036 0.842560553633218
vt 0.03546712802768166 0.842560553633218
vt 0.03546712802768166 0.8460207612456747
vt 0.03892733564013841 0.842560553633218
vt 0.03892733564013841 0.8460207612456747
vt 0.037197231833910036 0.8460207612456747
vt 0.037197231833910036 0.842560553633218
vt 0.04065743944636678 0.8382352941176471
vt 0.04065743944636678 0.842560553633218
vt 0.04238754325259515 0.842560553633218
vt 0.04238754325259515 0.8382352941176471
vt 0.03546712802768166 0.8382352941176471
vt 0.03546712802768166 0.842560553633218
vt 0.037197231833910036 0.842560553633218
vt 0.037197231833910036 0.8382352941176471
vt 0.03633217993079585 0.8166089965397924
vt 0.03633217993079585 0.8183391003460208
vt 0.03460207612456748 0.8183391003460208
vt 0.03460207612456748 0.8166089965397924
vt 0.04325259515570934 0.8166089965397924
vt 0.04325259515570934 0.8183391003460208
vt 0.04152249134948097 0.8183391003460208
vt 0.04152249134948097 0.8166089965397924
vt 0.03633217993079585 0.8200692041522492
vt 0.03633217993079585 0.8183391003460208
vt 0.04152249134948097 0.8183391003460208
vt 0.04152249134948097 0.8200692041522492
vt 0.04152249134948097 0.8183391003460208
vt 0.04152249134948097 0.8200692041522492
vt 0.04671280276816609 0.8200692041522492
vt 0.04671280276816609 0.8183391003460208
vt 0.04844290657439446 0.8166089965397924
vt 0.04844290657439446 0.8183391003460208
vt 0.04325259515570934 0.8183391003460208
vt 0.04325259515570934 0.8166089965397924
vt 0.04152249134948097 0.8166089965397924
vt 0.04152249134948097 0.8183391003460208
vt 0.03633217993079585 0.8183391003460208
vt 0.03633217993079585 0.8166089965397924
vt 0.05363321799307959 0.8131487889273357
vt 0.05363321799307959 0.8140138408304498
vt 0.0328719723183391 0.8140138408304498
vt 0.0328719723183391 0.8131487889273357
vt 0.07525951557093426 0.8131487889273357
vt 0.07525951557093426 0.8140138408304498
vt 0.054498269896193774 0.8140138408304498
vt 0.054498269896193774 0.8131487889273357
vt 0.05363321799307959 0.8347750865051903
vt 0.05363321799307959 0.8140138408304498
vt 0.054498269896193774 0.8140138408304498
vt 0.054498269896193774 0.8347750865051903
vt 0.054498269896193774 0.8140138408304498
vt 0.054498269896193774 0.8347750865051903
vt 0.05536332179930796 0.8347750865051903
vt 0.05536332179930796 0.8140138408304498
vt 0.07612456747404844 0.8131487889273357
vt 0.07612456747404844 0.8140138408304498
vt 0.07525951557093426 0.8140138408304498
vt 0.07525951557093426 0.8131487889273357
vt 0.054498269896193774 0.8131487889273357
vt 0.054498269896193774 0.8140138408304498
vt 0.05363321799307959 0.8140138408304498
vt 0.05363321799307959 0.8131487889273357
vt 0.08304498269896193 0.71280276816609
vt 0.08304498269896193 0.7188581314878892
vt 0.07958477508650519 0.7188581314878892
vt 0.07958477508650519 0.71280276816609
vt 0.08996539792387544 0.71280276816609
vt 0.08996539792387544 0.7188581314878892
vt 0.08650519031141868 0.7188581314878892
vt 0.08650519031141868 0.71280276816609
vt 0.08304498269896193 0.722318339100346
vt 0.08304498269896193 0.7188581314878892
vt 0.08650519031141868 0.7188581314878892
vt 0.08650519031141868 0.722318339100346
vt 0.08650519031141868 0.7188581314878892
vt 0.08650519031141868 0.722318339100346
vt 0.08996539792387544 0.722318339100346
vt 0.08996539792387544 0.7188581314878892
vt 0.09342560553633218 0.71280276816609
vt 0.09342560553633218 0.7188581314878892
vt 0.08996539792387544 0.7188581314878892
vt 0.08996539792387544 0.71280276816609
vt 0.08650519031141868 0.71280276816609
vt 0.08650519031141868 0.7188581314878892
vt 0.08304498269896193 0.7188581314878892
vt 0.08304498269896193 0.71280276816609
vt 0.08650519031141868 0.7240484429065743
vt 0.08650519031141868 0.7283737024221453
vt 0.08823529411764706 0.7283737024221453
vt 0.08823529411764706 0.7240484429065743
vt 0.08304498269896193 0.7240484429065743
vt 0.08304498269896193 0.7283737024221453
vt 0.0847750865051903 0.7283737024221453
vt 0.0847750865051903 0.7240484429065743
vt 0.08650519031141868 0.7301038062283737
vt 0.08650519031141868 0.7283737024221453
vt 0.0847750865051903 0.7283737024221453
vt 0.0847750865051903 0.7301038062283737
vt 0.08823529411764706 0.7283737024221453
vt 0.08823529411764706 0.7301038062283737
vt 0.08650519031141868 0.7301038062283737
vt 0.08650519031141868 0.7283737024221453
vt 0.08823529411764706 0.7240484429065743
vt 0.08823529411764706 0.7283737024221453
vt 0.08996539792387544 0.7283737024221453
vt 0.08996539792387544 0.7240484429065743
vt 0.0847750865051903 0.7240484429065743
vt 0.0847750865051903 0.7283737024221453
vt 0.08650519031141868 0.7283737024221453
vt 0.08650519031141868 0.7240484429065743
vt 0.08650519031141868 0.71280276816609
vt 0.08650519031141868 0.7188581314878892
vt 0.08996539792387544 0.7188581314878892
vt 0.08996539792387544 0.71280276816609
vt 0.07958477508650519 0.71280276816609
vt 0.07958477508650519 0.7188581314878892
vt 0.08304498269896193 0.7188581314878892
vt 0.08304498269896193 0.71280276816609
vt 0.08650519031141868 0.722318339100346
vt 0.08650519031141868 0.7188581314878892
vt 0.08304498269896193 0.7188581314878892
vt 0.08304498269896193 0.722318339100346
vt 0.08996539792387544 0.7188581314878892
vt 0.08996539792387544 0.722318339100346
vt 0.08650519031141868 0.722318339100346
vt 0.08650519031141868 0.7188581314878892
vt 0.08996539792387544 0.71280276816609
vt 0.08996539792387544 0.7188581314878892
vt 0.09342560553633218 0.7188581314878892
vt 0.09342560553633218 0.71280276816609
vt 0.08304498269896193 0.71280276816609
vt 0.08304498269896193 0.7188581314878892
vt 0.08650519031141868 0.7188581314878892
vt 0.08650519031141868 0.71280276816609
vt 0.08650519031141868 0.71280276816609
vt 0.08650519031141868 0.7188581314878892
vt 0.08996539792387544 0.7188581314878892
vt 0.08996539792387544 0.71280276816609
vt 0.07958477508650519 0.71280276816609
vt 0.07958477508650519 0.7188581314878892
vt 0.08304498269896193 0.7188581314878892
vt 0.08304498269896193 0.71280276816609
vt 0.08650519031141868 0.722318339100346
vt 0.08650519031141868 0.7188581314878892
vt 0.08304498269896193 0.7188581314878892
vt 0.08304498269896193 0.722318339100346
vt 0.08996539792387544 0.7188581314878892
vt 0.08996539792387544 0.722318339100346
vt 0.08650519031141868 0.722318339100346
vt 0.08650519031141868 0.7188581314878892
vt 0.08996539792387544 0.71280276816609
vt 0.08996539792387544 0.7188581314878892
vt 0.09342560553633218 0.7188581314878892
vt 0.09342560553633218 0.71280276816609
vt 0.08304498269896193 0.71280276816609
vt 0.08304498269896193 0.7188581314878892
vt 0.08650519031141868 0.7188581314878892
vt 0.08650519031141868 0.71280276816609
vt 0.08304498269896193 0.71280276816609
vt 0.08304498269896193 0.7188581314878892
vt 0.07958477508650519 0.7188581314878892
vt 0.07958477508650519 0.71280276816609
vt 0.08996539792387544 0.71280276816609
vt 0.08996539792387544 0.7188581314878892
vt 0.08650519031141868 0.7188581314878892
vt 0.08650519031141868 0.71280276816609
vt 0.08304498269896193 0.722318339100346
vt 0.08304498269896193 0.7188581314878892
vt 0.08650519031141868 0.7188581314878892
vt 0.08650519031141868 0.722318339100346
vt 0.08650519031141868 0.7188581314878892
vt 0.08650519031141868 0.722318339100346
vt 0.08996539792387544 0.722318339100346
vt 0.08996539792387544 0.7188581314878892
vt 0.09342560553633218 0.71280276816609
vt 0.09342560553633218 0.7188581314878892
vt 0.08996539792387544 0.7188581314878892
vt 0.08996539792387544 0.71280276816609
vt 0.08650519031141868 0.71280276816609
vt 0.08650519031141868 0.7188581314878892
vt 0.08304498269896193 0.7188581314878892
vt 0.08304498269896193 0.71280276816609
vn 1 0 0
vn -1 0 0
vn 0 1 0
vn 0 -1 0
vn 0 0 1
vn 0 0 -1
vn -1 0 0
vn 1 0 0
vn 0 0.7372772600355089 0.675590291400441
vn 0 -0.7372772600355089 -0.675590291400441
vn 0 0.6755887682339019 -0.7372786557579158
vn 0 -0.6755887682339019 0.7372786557579158
vn -1 0 0
vn 1 0 0
vn 0 0.8191521037606463 0.5735763514167119
vn 0 -0.8191521037606462 -0.5735763514167121
vn 0 0.5735764330466582 -0.8191520466027491
vn 0 -0.573576433046663 0.8191520466027458
vn 0.9961943761803138 -0.08707656656218224 -0.0037995292415861862
vn -0.9961943781053364 0.08707654583573636 0.0037994995248368706
vn 0.06914427947082513 0.8161356691452397 -0.5737086701151659
vn -0.0691442614293175 -0.8161354748835123 0.573708948638644
vn 0.053060360185440913 0.57126569481808 0.8190482916782182
vn -0.05305466924092534 -0.5712661922622496 -0.819048313379575
vn 1 0 0
vn -1 0 0
vn 0 1 0
vn 0 -1 0
vn 0 0 1
vn 0 0 -1
vn 0.34201764514822086 -0.9396935300443787 0
vn -0.34201764514822086 0.9396935300443787 0
vn 0.9396927502019576 0.3420197877577863 0
vn -0.9396927502019576 -0.3420197877577863 0
vn 0 0 1
vn 0 0 -1
vn 0.8191496973651982 -0.5735797880909894 0
vn -0.8191496973652019 0.5735797880909839 0
vn 0.5735759852428692 0.8191523601581528 0
vn -0.5735759852428657 -0.8191523601581553 0
vn 0 0 1
vn 0 0 -1
vn 0.9848075091295171 -0.17364956078872235 0
vn -0.9848075091295171 0.17364956078872235 0
vn 0.17364956078872107 0.9848075091295173 0
vn -0.17364956078872107 -0.9848075091295173 0
vn 0 0 1
vn 0 0 -1
vn 0.34201764514822086 0.9396935300443787 0
vn -0.34201764514822086 -0.9396935300443787 0
vn -0.9396927502019576 0.3420197877577863 0
vn 0.9396927502019576 -0.3420197877577863 0
vn 0 0 1
vn 0 0 -1
vn 0.8191496973652019 0.5735797880909839 0
vn -0.8191496973651982 -0.5735797880909894 0
vn -0.5735759852428692 0.8191523601581528 0
vn 0.5735759852428657 -0.8191523601581553 0
vn 0 0 1
vn 0 0 -1
vn 0.9848075091295171 0.17364956078872235 0
vn -0.9848075091295171 -0.17364956078872235 0
vn -0.17364956078872107 0.9848075091295173 0
vn 0.17364956078872107 -0.9848075091295173 0
vn 0 0 1
vn 0 0 -1
vn 1 0 0
vn -1 0 0
vn 0 1 0
vn 0 -1 0
vn 0 0 1
vn 0 0 -1
vn 1 0 0
vn -1 0 0
vn 0 1 0
vn 0 -1 0
vn 0 0 1
vn 0 0 -1
vn 1 0 0
vn -1 0 0
vn 0 1 0
vn 0 -1 0
vn 0 0 1
vn 0 0 -1
vn 1 0 0
vn -1 0 0
vn 0 1 0
vn 0 -1 0
vn 0 0 1
vn 0 0 -1
vn 0.9961943178916945 0.0870772565003453 0.0037989999571493805
vn -0.9961943159666421 -0.08707727722712898 -0.0037990296740227
vn -0.0691442614293293 0.8161354748835116 -0.5737089486386437
vn 0.06914427947081331 -0.8161356691452408 0.5737086701151657
vn -0.053059965143655206 0.5712610325447388 0.8190515690692943
vn 0.053054274245240736 -0.5712615299807827 -0.8190515907733322
vn 1 0 0
vn -1 0 0
vn 0 0.996194697946714 -0.08715574440537706
vn 0 -0.9961946956448576 0.08715577071571146
vn 0 0.08715045150152198 0.9961951610016387
vn 0 -0.0871603755879532 -0.9961942927598849
vn 1 0 0
vn -1 0 0
vn 0 0.999048221219718 -0.04361939565970266
vn 0 -0.999048221796279 0.0436193824542878
vn 0 0.04362013922644142 0.9990481887546095
vn 0 -0.0436151487224473 -0.9990484066359943
vn -0.996195069278741 -0.0735007341678421 0.0468297557276637
vn 0.996194328006598 0.07351136588921606 -0.04682883654955255
vn -0.06914910633149503 0.993648325639669 0.08877728339523604
vn 0.06914930382757901 -0.9936483143626734 -0.0887772557831061
vn -0.05305816203736593 0.08520424724768673 -0.9949497814925997
vn 0.05305828615237868 -0.08519377110902834 0.9949506719605725
vn -0.8191496973652005 -0.5735797880909861 0
vn 0.8191496973651998 0.5735797880909873 0
vn -0.5735759852428692 0.8191523601581528 0
vn 0.5735759852428688 -0.819152360158153 0
vn 0 0 -1
vn 0 0 1
vn -0.9848075091295174 -0.17364956078872112 0
vn 0.9848075091295174 0.17364956078872112 0
vn -0.17364956078872107 0.9848075091295173 0
vn 0.17364956078872107 -0.9848075091295173 0
vn 0 0 -1
vn 0 0 1
vn -0.3420176451482146 -0.939693530044381 0
vn 0.3420176451482146 0.939693530044381 0
vn -0.9396927502019576 0.3420197877577863 0
vn 0.9396927502019576 -0.3420197877577863 0
vn 0 0 -1
vn 0 0 1
vn -0.3420176451482146 0.939693530044381 0
vn 0.3420176451482146 -0.939693530044381 0
vn 0.9396927502019576 0.3420197877577863 0
vn -0.9396927502019576 -0.3420197877577863 0
vn 0 0 -1
vn 0 0 1
vn -0.8191496973651998 0.5735797880909873 0
vn 0.8191496973652005 -0.5735797880909861 0
vn 0.5735759852428692 0.8191523601581528 0
vn -0.5735759852428688 -0.819152360158153 0
vn 0 0 -1
vn 0 0 1
vn -0.9848075091295174 0.17364956078872112 0
vn 0.9848075091295174 -0.17364956078872112 0
vn 0.17364956078872107 0.9848075091295173 0
vn -0.17364956078872107 -0.9848075091295173 0
vn 0 0 -1
vn 0 0 1
vn -1 0 0
vn 1 0 0
vn 0 1 0
vn 0 -1 0
vn 0 0 -1
vn 0 0 1
vn -1 0 0
vn 1 0 0
vn 0 1 0
vn 0 -1 0
vn 0 0 -1
vn 0 0 1
vn -1 0 0
vn 1 0 0
vn 0 1 0
vn 0 -1 0
vn 0 0 -1
vn 0 0 1
vn -1 0 0
vn 1 0 0
vn 0 1 0
vn 0 -1 0
vn 0 0 -1
vn 0 0 1
vn -1 0 0
vn 1 0 0
vn 0 1 0
vn 0 -1 0
vn 0 0 -1
vn 0 0 1
vn -0.9961943788395932 0.07351063544556376 -0.04682890181060034
vn 0.9961950369007642 -0.07350119949065412 0.0468297141537356
vn 0.06914912829890327 0.9936483609145836 0.08877687146584498
vn -0.06914930186529221 -0.9936483112110098 -0.08877729258684823
vn 0.053057496355718374 0.08519468027165068 -0.9949506362296948
vn -0.05305832284189701 -0.08519429832191959 0.9949506248606715
vn 1 0 0
vn -1 0 0
vn 0 1 0
vn 0 -1 0
vn 0 0 1
vn 0 0 -1
vn 1 0 0
vn -1 0 0
vn 0 1 0
vn 0 -1 0
vn 0 0 1
vn 0 0 -1
vn 1 0 0
vn -1 0 0
vn 0 1 0
vn 0 -1 0
vn 0 0 1
vn 0 0 -1
vn 1 0 0
vn -1 0 0
vn 0 1 0
vn 0 -1 0
vn 0 0 1
vn 0 0 -1
vn 1 0 0
vn -1 0 0
vn 0 1 0
vn 0 -1 0
vn 0 0 1
vn 0 0 -1
usemtl m_e0db7bc8-3143-46ee-7892-9d64a2bdd70a
f 2531/5631/1423 2532/5632/1423 2533/5633/1423 2534/5634/1423
f 2535/5635/1424 2536/5636/1424 2537/5637/1424 2538/5638/1424
f 2533/5639/1425 2532/5640/1425 2537/5641/1425 2536/5642/1425
f 2531/5643/1426 2534/5644/1426 2535/5645/1426 2538/5646/1426
f 2534/5647/1427 2533/5648/1427 2536/5649/1427 2535/5650/1427
f 2538/5651/1428 2537/5652/1428 2532/5653/1428 2531/5654/1428
f 2539/5655/1429 2540/5656/1429 2541/5657/1429 2542/5658/1429
f 2543/5659/1430 2544/5660/1430 2545/5661/1430 2546/5662/1430
f 2541/5663/1431 2540/5664/1431 2545/5665/1431 2544/5666/1431
f 2539/5667/1432 2542/5668/1432 2543/5669/1432 2546/5670/1432
f 2542/5671/1433 2541/5672/1433 2544/5673/1433 2543/5674/1433
f 2546/5675/1434 2545/5676/1434 2540/5677/1434 2539/5678/1434
f 2547/5679/1435 2548/5680/1435 2549/5681/1435 2550/5682/1435
f 2551/5683/1436 2552/5684/1436 2553/5685/1436 2554/5686/1436
f 2549/5687/1437 2548/5688/1437 2553/5689/1437 2552/5690/1437
f 2547/5691/1438 2550/5692/1438 2551/5693/1438 2554/5694/1438
f 2550/5695/1439 2549/5696/1439 2552/5697/1439 2551/5698/1439
f 2554/5699/1440 2553/5700/1440 2548/5701/1440 2547/5702/1440
f 2555/5703/1441 2556/5704/1441 2557/5705/1441 2558/5706/1441
f 2559/5707/1442 2560/5708/1442 2561/5709/1442 2562/5710/1442
f 2557/5711/1443 2556/5712/1443 2561/5713/1443 2560/5714/1443
f 2555/5715/1444 2558/5716/1444 2559/5717/1444 2562/5718/1444
f 2558/5719/1445 2557/5720/1445 2560/5721/1445 2559/5722/1445
f 2562/5723/1446 2561/5724/1446 2556/5725/1446 2555/5726/1446
f 2563/5727/1447 2564/5728/1447 2565/5729/1447 2566/5730/1447
f 2567/5731/1448 2568/5732/1448 2569/5733/1448 2570/5734/1448
f 2565/5735/1449 2564/5736/1449 2569/5737/1449 2568/5738/1449
f 2563/5739/1450 2566/5740/1450 2567/5741/1450 2570/5742/1450
f 2566/5743/1451 2565/5744/1451 2568/5745/1451 2567/5746/1451
f 2570/5747/1452 2569/5748/1452 2564/5749/1452 2563/5750/1452
f 2571/5751/1453 2572/5752/1453 2573/5753/1453 2574/5754/1453
f 2575/5755/1454 2576/5756/1454 2577/5757/1454 2578/5758/1454
f 2573/5759/1455 2572/5760/1455 2577/5761/1455 2576/5762/1455
f 2571/5763/1456 2574/5764/1456 2575/5765/1456 2578/5766/1456
f 2574/5767/1457 2573/5768/1457 2576/5769/1457 2575/5770/1457
f 2578/5771/1458 2577/5772/1458 2572/5773/1458 2571/5774/1458
f 2579/5775/1459 2580/5776/1459 2581/5777/1459 2582/5778/1459
f 2583/5779/1460 2584/5780/1460 2585/5781/1460 2586/5782/1460
f 2581/5783/1461 2580/5784/1461 2585/5785/1461 2584/5786/1461
f 2579/5787/1462 2582/5788/1462 2583/5789/1462 2586/5790/1462
f 2582/5791/1463 2581/5792/1463 2584/5793/1463 2583/5794/1463
f 2586/5795/1464 2585/5796/1464 2580/5797/1464 2579/5798/1464
f 2587/5799/1465 2588/5800/1465 2589/5801/1465 2590/5802/1465
f 2591/5803/1466 2592/5804/1466 2593/5805/1466 2594/5806/1466
f 2589/5807/1467 2588/5808/1467 2593/5809/1467 2592/5810/1467
f 2587/5811/1468 2590/5812/1468 2591/5813/1468 2594/5814/1468
f 2590/5815/1469 2589/5816/1469 2592/5817/1469 2591/5818/1469
f 2594/5819/1470 2593/5820/1470 2588/5821/1470 2587/5822/1470
f 2595/5823/1471 2596/5824/1471 2597/5825/1471 2598/5826/1471
f 2599/5827/1472 2600/5828/1472 2601/5829/1472 2602/5830/1472
f 2597/5831/1473 2596/5832/1473 2601/5833/1473 2600/5834/1473
f 2595/5835/1474 2598/5836/1474 2599/5837/1474 2602/5838/1474
f 2598/5839/1475 2597/5840/1475 2600/5841/1475 2599/5842/1475
f 2602/5843/1476 2601/5844/1476 2596/5845/1476 2595/5846/1476
f 2603/5847/1477 2604/5848/1477 2605/5849/1477 2606/5850/1477
f 2607/5851/1478 2608/5852/1478 2609/5853/1478 2610/5854/1478
f 2605/5855/1479 2604/5856/1479 2609/5857/1479 2608/5858/1479
f 2603/5859/1480 2606/5860/1480 2607/5861/1480 2610/5862/1480
f 2606/5863/1481 2605/5864/1481 2608/5865/1481 2607/5866/1481
f 2610/5867/1482 2609/5868/1482 2604/5869/1482 2603/5870/1482
f 2611/5871/1483 2612/5872/1483 2613/5873/1483 2614/5874/1483
f 2615/5875/1484 2616/5876/1484 2617/5877/1484 2618/5878/1484
f 2613/5879/1485 2612/5880/1485 2617/5881/1485 2616/5882/1485
f 2611/5883/1486 2614/5884/1486 2615/5885/1486 2618/5886/1486
f 2614/5887/1487 2613/5888/1487 2616/5889/1487 2615/5890/1487
f 2618/5891/1488 2617/5892/1488 2612/5893/1488 2611/5894/1488
f 2619/5895/1489 2620/5896/1489 2621/5897/1489 2622/5898/1489
f 2623/5899/1490 2624/5900/1490 2625/5901/1490 2626/5902/1490
f 2621/5903/1491 2620/5904/1491 2625/5905/1491 2624/5906/1491
f 2619/5907/1492 2622/5908/1492 2623/5909/1492 2626/5910/1492
f 2622/5911/1493 2621/5912/1493 2624/5913/1493 2623/5914/1493
f 2626/5915/1494 2625/5916/1494 2620/5917/1494 2619/5918/1494
f 2627/5919/1495 2628/5920/1495 2629/5921/1495 2630/5922/1495
f 2631/5923/1496 2632/5924/1496 2633/5925/1496 2634/5926/1496
f 2629/5927/1497 2628/5928/1497 2633/5929/1497 2632/5930/1497
f 2627/5931/1498 2630/5932/1498 2631/5933/1498 2634/5934/1498
f 2630/5935/1499 2629/5936/1499 2632/5937/1499 2631/5938/1499
f 2634/5939/1500 2633/5940/1500 2628/5941/1500 2627/5942/1500
f 2635/5943/1501 2636/5944/1501 2637/5945/1501 2638/5946/1501
f 2639/5947/1502 2640/5948/1502 2641/5949/1502 2642/5950/1502
f 2637/5951/1503 2636/5952/1503 2641/5953/1503 2640/5954/1503
f 2635/5955/1504 2638/5956/1504 2639/5957/1504 2642/5958/1504
f 2638/5959/1505 2637/5960/1505 2640/5961/1505 2639/5962/1505
f 2642/5963/1506 2641/5964/1506 2636/5965/1506 2635/5966/1506
f 2643/5967/1507 2644/5968/1507 2645/5969/1507 2646/5970/1507
f 2647/5971/1508 2648/5972/1508 2649/5973/1508 2650/5974/1508
f 2645/5975/1509 2644/5976/1509 2649/5977/1509 2648/5978/1509
f 2643/5979/1510 2646/5980/1510 2647/5981/1510 2650/5982/1510
f 2646/5983/1511 2645/5984/1511 2648/5985/1511 2647/5986/1511
f 2650/5987/1512 2649/5988/1512 2644/5989/1512 2643/5990/1512
f 2651/5991/1513 2652/5992/1513 2653/5993/1513 2654/5994/1513
f 2655/5995/1514 2656/5996/1514 2657/5997/1514 2658/5998/1514
f 2653/5999/1515 2652/6000/1515 2657/6001/1515 2656/6002/1515
f 2651/6003/1516 2654/6004/1516 2655/6005/1516 2658/6006/1516
f 2654/6007/1517 2653/6008/1517 2656/6009/1517 2655/6010/1517
f 2658/6011/1518 2657/6012/1518 2652/6013/1518 2651/6014/1518
f 2659/6015/1519 2660/6016/1519 2661/6017/1519 2662/6018/1519
f 2663/6019/1520 2664/6020/1520 2665/6021/1520 2666/6022/1520
f 2661/6023/1521 2660/6024/1521 2665/6025/1521 2664/6026/1521
f 2659/6027/1522 2662/6028/1522 2663/6029/1522 2666/6030/1522
f 2662/6031/1523 2661/6032/1523 2664/6033/1523 2663/6034/1523
f 2666/6035/1524 2665/6036/1524 2660/6037/1524 2659/6038/1524
f 2667/6039/1525 2668/6040/1525 2669/6041/1525 2670/6042/1525
f 2671/6043/1526 2672/6044/1526 2673/6045/1526 2674/6046/1526
f 2669/6047/1527 2668/6048/1527 2673/6049/1527 2672/6050/1527
f 2667/6051/1528 2670/6052/1528 2671/6053/1528 2674/6054/1528
f 2670/6055/1529 2669/6056/1529 2672/6057/1529 2671/6058/1529
f 2674/6059/1530 2673/6060/1530 2668/6061/1530 2667/6062/1530
f 2675/6063/1531 2676/6064/1531 2677/6065/1531 2678/6066/1531
f 2679/6067/1532 2680/6068/1532 2681/6069/1532 2682/6070/1532
f 2677/6071/1533 2676/6072/1533 2681/6073/1533 2680/6074/1533
f 2675/6075/1534 2678/6076/1534 2679/6077/1534 2682/6078/1534
f 2678/6079/1535 2677/6080/1535 2680/6081/1535 2679/6082/1535
f 2682/6083/1536 2681/6084/1536 2676/6085/1536 2675/6086/1536
f 2683/6087/1537 2684/6088/1537 2685/6089/1537 2686/6090/1537
f 2687/6091/1538 2688/6092/1538 2689/6093/1538 2690/6094/1538
f 2685/6095/1539 2684/6096/1539 2689/6097/1539 2688/6098/1539
f 2683/6099/1540 2686/6100/1540 2687/6101/1540 2690/6102/1540
f 2686/6103/1541 2685/6104/1541 2688/6105/1541 2687/6106/1541
f 2690/6107/1542 2689/6108/1542 2684/6109/1542 2683/6110/1542
f 2691/6111/1543 2692/6112/1543 2693/6113/1543 2694/6114/1543
f 2695/6115/1544 2696/6116/1544 2697/6117/1544 2698/6118/1544
f 2693/6119/1545 2692/6120/1545 2697/6121/1545 2696/6122/1545
f 2691/6123/1546 2694/6124/1546 2695/6125/1546 2698/6126/1546
f 2694/6127/1547 2693/6128/1547 2696/6129/1547 2695/6130/1547
f 2698/6131/1548 2697/6132/1548 2692/6133/1548 2691/6134/1548
f 2699/6135/1549 2700/6136/1549 2701/6137/1549 2702/6138/1549
f 2703/6139/1550 2704/6140/1550 2705/6141/1550 2706/6142/1550
f 2701/6143/1551 2700/6144/1551 2705/6145/1551 2704/6146/1551
f 2699/6147/1552 2702/6148/1552 2703/6149/1552 2706/6150/1552
f 2702/6151/1553 2701/6152/1553 2704/6153/1553 2703/6154/1553
f 2706/6155/1554 2705/6156/1554 2700/6157/1554 2699/6158/1554
f 2707/6159/1555 2708/6160/1555 2709/6161/1555 2710/6162/1555
f 2711/6163/1556 2712/6164/1556 2713/6165/1556 2714/6166/1556
f 2709/6167/1557 2708/6168/1557 2713/6169/1557 2712/6170/1557
f 2707/6171/1558 2710/6172/1558 2711/6173/1558 2714/6174/1558
f 2710/6175/1559 2709/6176/1559 2712/6177/1559 2711/6178/1559
f 2714/6179/1560 2713/6180/1560 2708/6181/1560 2707/6182/1560
f 2715/6183/1561 2716/6184/1561 2717/6185/1561 2718/6186/1561
f 2719/6187/1562 2720/6188/1562 2721/6189/1562 2722/6190/1562
f 2717/6191/1563 2716/6192/1563 2721/6193/1563 2720/6194/1563
f 2715/6195/1564 2718/6196/1564 2719/6197/1564 2722/6198/1564
f 2718/6199/1565 2717/6200/1565 2720/6201/1565 2719/6202/1565
f 2722/6203/1566 2721/6204/1566 2716/6205/1566 2715/6206/1566
f 2723/6207/1567 2724/6208/1567 2725/6209/1567 2726/6210/1567
f 2727/6211/1568 2728/6212/1568 2729/6213/1568 2730/6214/1568
f 2725/6215/1569 2724/6216/1569 2729/6217/1569 2728/6218/1569
f 2723/6219/1570 2726/6220/1570 2727/6221/1570 2730/6222/1570
f 2726/6223/1571 2725/6224/1571 2728/6225/1571 2727/6226/1571
f 2730/6227/1572 2729/6228/1572 2724/6229/1572 2723/6230/1572
f 2731/6231/1573 2732/6232/1573 2733/6233/1573 2734/6234/1573
f 2735/6235/1574 2736/6236/1574 2737/6237/1574 2738/6238/1574
f 2733/6239/1575 2732/6240/1575 2737/6241/1575 2736/6242/1575
f 2731/6243/1576 2734/6244/1576 2735/6245/1576 2738/6246/1576
f 2734/6247/1577 2733/6248/1577 2736/6249/1577 2735/6250/1577
f 2738/6251/1578 2737/6252/1578 2732/6253/1578 2731/6254/1578
f 2739/6255/1579 2740/6256/1579 2741/6257/1579 2742/6258/1579
f 2743/6259/1580 2744/6260/1580 2745/6261/1580 2746/6262/1580
f 2741/6263/1581 2740/6264/1581 2745/6265/1581 2744/6266/1581
f 2739/6267/1582 2742/6268/1582 2743/6269/1582 2746/6270/1582
f 2742/6271/1583 2741/6272/1583 2744/6273/1583 2743/6274/1583
f 2746/6275/1584 2745/6276/1584 2740/6277/1584 2739/6278/1584
f 2747/6279/1585 2748/6280/1585 2749/6281/1585 2750/6282/1585
f 2751/6283/1586 2752/6284/1586 2753/6285/1586 2754/6286/1586
f 2749/6287/1587 2748/6288/1587 2753/6289/1587 2752/6290/1587
f 2747/6291/1588 2750/6292/1588 2751/6293/1588 2754/6294/1588
f 2750/6295/1589 2749/6296/1589 2752/6297/1589 2751/6298/1589
f 2754/6299/1590 2753/6300/1590 2748/6301/1590 2747/6302/1590
f 2755/6303/1591 2756/6304/1591 2757/6305/1591 2758/6306/1591
f 2759/6307/1592 2760/6308/1592 2761/6309/1592 2762/6310/1592
f 2757/6311/1593 2756/6312/1593 2761/6313/1593 2760/6314/1593
f 2755/6315/1594 2758/6316/1594 2759/6317/1594 2762/6318/1594
f 2758/6319/1595 2757/6320/1595 2760/6321/1595 2759/6322/1595
f 2762/6323/1596 2761/6324/1596 2756/6325/1596 2755/6326/1596
f 2763/6327/1597 2764/6328/1597 2765/6329/1597 2766/6330/1597
f 2767/6331/1598 2768/6332/1598 2769/6333/1598 2770/6334/1598
f 2765/6335/1599 2764/6336/1599 2769/6337/1599 2768/6338/1599
f 2763/6339/1600 2766/6340/1600 2767/6341/1600 2770/6342/1600
f 2766/6343/1601 2765/6344/1601 2768/6345/1601 2767/6346/1601
f 2770/6347/1602 2769/6348/1602 2764/6349/1602 2763/6350/1602
f 2771/6351/1603 2772/6352/1603 2773/6353/1603 2774/6354/1603
f 2775/6355/1604 2776/6356/1604 2777/6357/1604 2778/6358/1604
f 2773/6359/1605 2772/6360/1605 2777/6361/1605 2776/6362/1605
f 2771/6363/1606 2774/6364/1606 2775/6365/1606 2778/6366/1606
f 2774/6367/1607 2773/6368/1607 2776/6369/1607 2775/6370/1607
f 2778/6371/1608 2777/6372/1608 2772/6373/1608 2771/6374/1608
f 2779/6375/1609 2780/6376/1609 2781/6377/1609 2782/6378/1609
f 2783/6379/1610 2784/6380/1610 2785/6381/1610 2786/6382/1610
f 2781/6383/1611 2780/6384/1611 2785/6385/1611 2784/6386/1611
f 2779/6387/1612 2782/6388/1612 2783/6389/1612 2786/6390/1612
f 2782/6391/1613 2781/6392/1613 2784/6393/1613 2783/6394/1613
f 2786/6395/1614 2785/6396/1614 2780/6397/1614 2779/6398/1614
f 2787/6399/1615 2788/6400/1615 2789/6401/1615 2790/6402/1615
f 2791/6403/1616 2792/6404/1616 2793/6405/1616 2794/6406/1616
f 2789/6407/1617 2788/6408/1617 2793/6409/1617 2792/6410/1617
f 2787/6411/1618 2790/6412/1618 2791/6413/1618 2794/6414/1618
f 2790/6415/1619 2789/6416/1619 2792/6417/1619 2791/6418/1619
f 2794/6419/1620 2793/6420/1620 2788/6421/1620 2787/6422/1620
f 2795/6423/1621 2796/6424/1621 2797/6425/1621 2798/6426/1621
f 2799/6427/1622 2800/6428/1622 2801/6429/1622 2802/6430/1622
f 2797/6431/1623 2796/6432/1623 2801/6433/1623 2800/6434/1623
f 2795/6435/1624 2798/6436/1624 2799/6437/1624 2802/6438/1624
f 2798/6439/1625 2797/6440/1625 2800/6441/1625 2799/6442/1625
f 2802/6443/1626 2801/6444/1626 2796/6445/1626 2795/6446/1626
f 2803/6447/1627 2804/6448/1627 2805/6449/1627 2806/6450/1627
f 2807/6451/1628 2808/6452/1628 2809/6453/1628 2810/6454/1628
f 2805/6455/1629 2804/6456/1629 2809/6457/1629 2808/6458/1629
f 2803/6459/1630 2806/6460/1630 2807/6461/1630 2810/6462/1630
f 2806/6463/1631 2805/6464/1631 2808/6465/1631 2807/6466/1631
f 2810/6467/1632 2809/6468/1632 2804/6469/1632 2803/6470/1632
f 2811/6471/1633 2812/6472/1633 2813/6473/1633 2814/6474/1633
f 2815/6475/1634 2816/6476/1634 2817/6477/1634 2818/6478/1634
f 2813/6479/1635 2812/6480/1635 2817/6481/1635 2816/6482/1635
f 2811/6483/1636 2814/6484/1636 2815/6485/1636 2818/6486/1636
f 2814/6487/1637 2813/6488/1637 2816/6489/1637 2815/6490/1637
f 2818/6491/1638 2817/6492/1638 2812/6493/1638 2811/6494/1638
o car1_floor_dummy
v 0.0625 -0.125 0.28125
v 0.0625 0 0.28125
v 0.0625 0 0.40625
v 0.0625 -0.125 0.40625
v -0.0625 -0.125 0.40625
v -0.0625 0 0.40625
v -0.0625 0 0.28125
v -0.0625 -0.125 0.28125
vt 0.0017301038062283738 0.9965397923875432
vt 0.0017301038062283738 0.9982698961937716
vt 0 0.9982698961937716
vt 0 0.9965397923875432
vt 0.005190311418685121 0.9965397923875432
vt 0.005190311418685121 0.9982698961937716
vt 0.0034602076124567475 0.9982698961937716
vt 0.0034602076124567475 0.9965397923875432
vt 0.0017301038062283738 1
vt 0.0017301038062283738 0.9982698961937716
vt 0.0034602076124567475 0.9982698961937716
vt 0.0034602076124567475 1
vt 0.0034602076124567475 0.9982698961937716
vt 0.0034602076124567475 1
vt 0.005190311418685121 1
vt 0.005190311418685121 0.9982698961937716
vt 0.006920415224913495 0.9965397923875432
vt 0.006920415224913495 0.9982698961937716
vt 0.005190311418685121 0.9982698961937716
vt 0.005190311418685121 0.9965397923875432
vt 0.0034602076124567475 0.9965397923875432
vt 0.0034602076124567475 0.9982698961937716
vt 0.0017301038062283738 0.9982698961937716
vt 0.0017301038062283738 0.9965397923875432
vn 1 0 0
vn -1 0 0
vn 0 1 0
vn 0 -1 0
vn 0 0 1
vn 0 0 -1
usemtl m_e0db7bc8-3143-46ee-7892-9d64a2bdd70a
f 2819/6495/1639 2820/6496/1639 2821/6497/1639 2822/6498/1639
f 2823/6499/1640 2824/6500/1640 2825/6501/1640 2826/6502/1640
f 2821/6503/1641 2820/6504/1641 2825/6505/1641 2824/6506/1641
f 2819/6507/1642 2822/6508/1642 2823/6509/1642 2826/6510/1642
f 2822/6511/1643 2821/6512/1643 2824/6513/1643 2823/6514/1643
f 2826/6515/1644 2825/6516/1644 2820/6517/1644 2819/6518/1644
o car1_inside
v 0.6875 1.5625 -9.03125
v 0.685820625 1.845130625 -9.447770625
v -0.68582 1.845130625 -9.447770625
v -0.6875 1.5625 -9.03125
v 0.6875 2.49073875 -7.843189375
v 0.74832 2.50138125 -8.385270625
v 0.685820625 1.845130625 -9.447770625
v 0.687499375 1.562500625 -9.031249375
v -0.748320625 2.501380625 -8.385270625
v 0.748320625 2.501380625 -8.385270625
v 0.6875 2.490738125 -7.843189375
v -0.6875 2.490738125 -7.843189375
v -0.6875 2.49073875 -7.843189375
v 0.6875 2.49073875 -7.843189375
v 0.875 2.740738125 -7.15568875
v -0.875 2.740738125 -7.15568875
v -0.875 2.74073875 -7.15568875
v 0.875 2.74073875 -7.15568875
v 0.9375 2.7719875 -4.843189375
v -0.9375 2.7719875 -4.843189375
v -0.685820625 1.845130625 -9.447770625
v -0.74832 2.50138125 -8.385270625
v -0.6875 2.49073875 -7.843189375
v -0.687499375 1.562500625 -9.031249375
v -0.687499375 1.562500625 -9.031249375
v -0.6875 1.5768125 -9.012931875
v -1.234374375 2.0635075 -8.056281875
v -1.328125 1.729019375 -7.744341875
v -0.6875 1.5768125 -9.012931875
v -0.6875 2.49073875 -7.843189375
v -1.234374375 2.0635075 -8.056281875
v -0.687499375 2.490738125 -7.84318875
v -0.875 2.7407375 -7.15568875
v -1.234375 2.376006875 -7.24378125
v -1.234375 2.0635075 -8.05628125
v -1.296875 2.188508125 -4.868781875
v -1.40625 1.72902 -4.869341875
v -1.234375 2.376006875 -7.24378125
v -0.875 2.740738125 -7.155689375
v -1.296875 2.188508125 -4.868781875
v -1.234375 2.376006875 -7.24378125
v -1.234375 2.376006875 -7.24378125
v -1.40625 1.72902 -4.869341875
v -1.359375 1.72901875 -7.275591875
v -0.9375 2.7719875 -4.843189375
v -1.296875 2.188506875 -4.868781875
v -0.875 2.740738125 -7.15568875
v -0.6875 0.75 -9.031249375
v -0.687499375 1.562500625 -9.031249375
v -1.328125 1.729019375 -7.744341875
v -1.328125 0.729019375 -7.744341875
v -1.328124375 0.729019375 -7.744341875
v -1.328125 1.729019375 -7.74434125
v -1.40625 1.72902 -4.869341875
v -1.40625 0.72902 -4.869341875
v 1.328125 1.729019375 -7.744341875
v 0.687499375 1.562500625 -9.031249375
v 0.6875 0.75 -9.031249375
v 1.328125 0.729019375 -7.744341875
v 1.234375 2.376006875 -7.24378125
v 0.875 2.7407375 -7.15568875
v 0.687499375 2.490738125 -7.84318875
v 1.234375 2.0635075 -8.05628125
v 0.6875 2.49073875 -7.843189375
v 0.6875 1.5768125 -9.012931875
v 1.234374375 2.0635075 -8.056281875
v 1.234374375 2.0635075 -8.056281875
v 0.6875 1.5768125 -9.012931875
v 0.687499375 1.562500625 -9.031249375
v 1.328125 1.729019375 -7.744341875
v 1.296875 2.188508125 -4.868781875
v 0.875 2.740738125 -7.155689375
v 1.234375 2.376006875 -7.24378125
v 1.40625 1.729019375 -4.8693425
v 1.296875 2.1885075 -4.868781875
v 1.234375 2.376006875 -7.24378125
v 1.40625 1.729019375 -4.869341875
v 1.328125 1.729019375 -7.74434125
v 1.328124375 0.729019375 -7.744341875
v 1.40625 0.729019375 -4.86934125
v 1.296875 2.188508125 -4.868781875
v 0.9375 2.77198875 -4.84318875
v 0.875 2.740738125 -7.15568875
v 0.6875 0.75 -9.03125
v 0.6875 1.5625 -9.03125
v -0.6875 1.5625 -9.03125
v -0.6875 0.75 -9.03125
v 1.328125 0.72901875 -7.7443425
v 0.6875 0.75 -9.03125
v -0.6875 0.75 -9.03125
v -1.328125 0.72901875 -7.7443425
v 1.40625 0.729019375 -4.86934125
v 1.328124375 0.729019375 -7.744341875
v -1.328125 0.72901875 -7.7443425
v -1.40625 0.729019375 -4.86934125
v 1.40625 1.729019375 -4.8693425
v 1.40625 0.729019375 -4.86934125
v -1.40625 0.729019375 -4.86934125
v -1.40625 1.729019375 -4.8693425
v 1.296875 2.1885075 -4.868781875
v 1.40625 1.729019375 -4.869343125
v -1.40625 1.729019375 -4.869343125
v -1.296875 2.1885075 -4.868781875
v 0.9375 2.7719875 -4.843189375
v 1.296875 2.188508125 -4.868781875
v -1.296875 2.188508125 -4.868781875
v -0.9375 2.7719875 -4.843189375
v 1.40625 1.729019375 -4.8693425
v 1.234375 2.376006875 -7.24378125
v 1.359375 1.72901875 -7.275591875
v -0.188711875 0.56092125 -8.078125
v -0.251211875 0.56092125 -8.078125
v -0.251211875 0.56092125 -8.265625
v -0.188711875 0.56092125 -8.265625
v -0.311288125 0.56092125 -8.265625
v -0.248788125 0.56092125 -8.265625
v -0.248788125 0.56092125 -8.078125
v -0.311288125 0.56092125 -8.078125
v 0.061288125 0.99842125 -8.265625
v -0.001211875 0.99842125 -8.265625
v -0.001211875 0.99842125 -8.078125
v 0.061288125 0.99842125 -8.078125
v 0.061288125 0.56092125 -8.265625
v -0.001211875 0.56092125 -8.265625
v -0.3125 0.937499375 -8.015625
v -0.3125 1 -8.015624375
v -0.3125 1 -8.328125
v -0.3125 0.9375 -8.328125
v 0.3125 1 -8.328125
v 0.3125 0.9375 -8.328125
v 0.3125 1.039623125 -8.49274875
v 0.3125 1.00837375 -8.546875
v -0.3125 1.00837375 -8.546875
v -0.3125 1.039623125 -8.49274875
v -0.3125 0.985496875 -8.46149875
v -0.3125 0.95424625 -8.515625
v 0.3125 0.95424625 -8.515625
v 0.3125 0.985496875 -8.46149875
v -0.3125 1.03125 -8.46149875
v -0.3125 1.0625 -8.515625
v -0.3125 1.00837375 -8.546875
v -0.3125 0.977123125 -8.49274875
v 0.3125 1.0625 -8.515625
v 0.3125 1.00837375 -8.546875
v 0.3125 0.977123125 -8.49274875
v -0.3125 0.954246875 -8.328125
v -0.3125 1.016746875 -8.328125
v -0.3125 1.016746875 -8.515624375
v -0.3125 0.95424625 -8.515625
v 0.3125 0.95424625 -8.515625
v 0.3125 0.954246875 -8.328125
v 0.3125 1.016746875 -8.515624375
v -0.061288125 0.99842125 -8.078125
v 0.001211875 0.99842125 -8.078125
v 0.001211875 0.99842125 -8.265625
v -0.061288125 0.99842125 -8.265625
v 0.001211875 0.56092125 -8.078125
v 0.001211875 0.56092125 -8.265625
v -0.061288125 0.56092125 -8.265625
v -0.061288125 0.56092125 -8.078125
v 0.061288125 0.99842125 -8.265625
v 0.061288125 0.99842125 -8.078125
v 0.061288125 0.56092125 -8.078125
v 0.061288125 0.56092125 -8.265625
v -0.001211875 0.99842125 -8.078125
v -0.001211875 0.56092125 -8.078125
v 0.3125 0.9375 -8.328125
v 0.3125 0.937499375 -8.015625
v -0.3125 0.937499375 -8.015625
v -0.3125 0.9375 -8.328125
v 0.3125 0.985496875 -8.46149875
v 0.3125 1.039623125 -8.49274875
v -0.3125 1.039623125 -8.49274875
v -0.3125 0.985496875 -8.46149875
v 0.3125 0.977123125 -8.49274875
v 0.3125 1.03125 -8.46149875
v -0.3125 1.03125 -8.46149875
v -0.3125 0.977123125 -8.49274875
v 0.3125 1 -8.515624375
v 0.3125 1 -8.015624375
v -0.3125 1 -8.015624375
v -0.3125 1 -8.515624375
v -0.3125 1.0625 -8.515625
v 0.3125 1.0625 -8.515625
v -0.061288125 0.56092125 -8.078125
v 0.001211875 0.56092125 -8.078125
v 0.001211875 0.99842125 -8.078125
v -0.061288125 0.99842125 -8.078125
v 0.3125 0.9375 -8.328125
v 0.3125 1 -8.328125
v 0.3125 1 -8.015624375
v 0.3125 0.937499375 -8.015625
v -0.3125 1 -8.328125
v -0.3125 1 -8.015624375
v -0.3125 0.937499375 -8.015625
v 0.3125 1.03125 -8.46149875
v 0.3125 1.0625 -8.515625
v -0.3125 1.0625 -8.515625
v -0.3125 1.03125 -8.46149875
v 0.3125 0.95424625 -8.515625
v 0.3125 1.016746875 -8.515624375
v 0.3125 1.016746875 -8.328125
v 0.3125 0.954246875 -8.328125
v -0.3125 1.016746875 -8.515624375
v -0.3125 1.016746875 -8.328125
v -0.3125 0.954246875 -8.328125
v 0.3125 1 -8.515624375
v 0.3125 1.0625 -8.515625
v 0.3125 1.0625 -8.015625
v 0.3125 1 -8.015624375
v -0.3125 1 -8.015624375
v -0.3125 1.0625 -8.015625
v -0.3125 1.0625 -8.515625
v -0.3125 1 -8.515624375
v -0.3125 1.000000625 -8.015625
v -0.3125 1.018794375 -8.0752325
v 0.3125 1.018794375 -8.0752325
v 0.3125 1.000000625 -8.015625
v 0.3125 1.417250625 -7.88406625
v 0.3125 1.42810375 -7.94561625
v 0.3125 1.797406875 -7.880498125
v 0.3125 1.78655375 -7.818948125
v -0.3125 1.78655375 -7.818948125
v -0.3125 1.797406875 -7.880498125
v -0.3125 1.42810375 -7.94561625
v -0.3125 1.417250625 -7.88406625
v 0.1875 1.791715625 -7.819146875
v 0.1875 1.794441875 -7.881586875
v 0.1875 1.98176375 -7.873408125
v 0.1875 1.9790375 -7.810968125
v -0.1875 1.9790375 -7.810968125
v -0.1875 1.98176375 -7.873408125
v -0.1875 1.794441875 -7.881586875
v -0.1875 1.791715625 -7.819146875
v 0.3125 1.000000625 -8.015625
v 0.3125 1.41725125 -7.88406625
v -0.3125 1.41725125 -7.88406625
v -0.3125 1.000000625 -8.015625
v 0.3125 1.436045625 -7.94367375
v -0.3125 1.436045625 -7.94367375
v 0.1875 1.791715625 -7.819146875
v 0.1875 1.9790375 -7.810968125
v -0.1875 1.9790375 -7.810968125
v -0.1875 1.791715625 -7.819146875
v 0.3125 1.417250625 -7.88406625
v 0.3125 1.78655375 -7.818948125
v -0.3125 1.78655375 -7.818948125
v -0.3125 1.417250625 -7.88406625
v 0.3125 1.0625 -8.015625
v 0.3125 1.0625 -8.515625
v -0.3125 1.0625 -8.515625
v -0.3125 1.0625 -8.015625
v 0.3125 1 -8.015624375
v -0.3125 1 -8.015624375
v -0.3125 1.417250625 -7.88406625
v -0.3125 1.42810375 -7.94561625
v 0.3125 1.42810375 -7.94561625
v 0.3125 1.417250625 -7.88406625
v -0.1875 1.791715625 -7.819146875
v -0.1875 1.794441875 -7.881586875
v 0.1875 1.794441875 -7.881586875
v 0.1875 1.791715625 -7.819146875
v 0.3125 1.000000625 -8.015625
v 0.3125 1.018794375 -8.0752325
v 0.3125 1.436045625 -7.94367375
v 0.3125 1.41725125 -7.88406625
v -0.3125 1.41725125 -7.88406625
v -0.3125 1.436045625 -7.94367375
v -0.3125 1.018794375 -8.0752325
v -0.3125 1.000000625 -8.015625
v -0.001211875 0.99842125 -8.078125
v -0.001211875 0.99842125 -8.265625
v -0.001211875 0.56092125 -8.265625
v -0.001211875 0.56092125 -8.078125
v 0.3125 0.985496875 -8.46149875
v 0.3125 0.95424625 -8.515625
v 0.3125 1.00837375 -8.546875
v 0.3125 1.039623125 -8.49274875
v -0.3125 1.039623125 -8.49274875
v -0.3125 1.00837375 -8.546875
v -0.3125 0.95424625 -8.515625
v -0.3125 0.985496875 -8.46149875
v 0.3125 0.977123125 -8.49274875
v 0.3125 1.00837375 -8.546875
v 0.3125 1.0625 -8.515625
v 0.3125 1.03125 -8.46149875
v -0.061288125 0.99842125 -8.265625
v 0.001211875 0.99842125 -8.265625
v 0.001211875 0.56092125 -8.265625
v -0.061288125 0.56092125 -8.265625
v -0.027345 1.75883125 -9.35841625
v -0.027345 1.80670875 -9.318241875
v 0.972655 1.80670875 -9.318241875
v 0.972655 1.75883125 -9.35841625
v 1.035155 1.517785625 -9.07115
v 1.035155 1.56566375 -9.030975
v -0.027345 1.56566375 -9.030975
v -0.027345 1.517785625 -9.07115
v 0.027345 1.517785625 -9.07115
v 0.027345 1.56566375 -9.030975
v -1.035155 1.56566375 -9.030975
v -1.035155 1.517785625 -9.07115
v -0.972655 1.75883125 -9.35841625
v -0.972655 1.80670875 -9.318241875
v 0.027345 1.80670875 -9.318241875
v 0.027345 1.75883125 -9.35841625
v -0.1677375 1.67044375 -8.778596875
v -0.1677375 1.6677175 -8.71615625
v -0.1677375 1.542836875 -8.72160875
v -0.1677375 1.5455625 -8.78404875
v -0.2302375 1.5455625 -8.78404875
v -0.2302375 1.542836875 -8.72160875
v -0.2302375 1.6677175 -8.71615625
v -0.2302375 1.67044375 -8.778596875
v 0.1599275 1.5455625 -8.78404875
v 0.1599275 1.542836875 -8.72160875
v 0.1599275 1.6677175 -8.71615625
v 0.1599275 1.67044375 -8.778596875
v 0.2224275 1.67044375 -8.778596875
v 0.2224275 1.6677175 -8.71615625
v 0.2224275 1.542836875 -8.72160875
v 0.2224275 1.5455625 -8.78404875
v 0.089845 1.54417 -8.774673125
v 0.089845 1.66917 -8.774673125
v -0.097655 1.66917 -8.774673125
v -0.097655 1.54417 -8.774673125
v -0.097655 1.54417 -9.212173125
v -0.097655 1.66917 -9.21217375
v 0.089845 1.66917 -9.21217375
v 0.089845 1.54417 -9.212173125
v -0.027345 1.512919375 -9.087173125
v -0.027345 1.57542 -9.087173125
v 0.910155 1.57542 -9.087173125
v 0.910155 1.512919375 -9.087173125
v 1.035155 1.51292 -8.71217375
v 1.035155 1.60667 -8.712173125
v -0.027345 1.60667 -8.712173125
v -0.027345 1.51292 -8.71217375
v -0.910155 1.57542 -9.087173125
v 0.027345 1.57542 -9.087173125
v 0.027345 1.512919375 -9.087173125
v -0.910155 1.512919375 -9.087173125
v 0.027345 1.60667 -8.712173125
v -1.035155 1.60667 -8.712173125
v -1.035155 1.51292 -8.71217375
v 0.027345 1.51292 -8.71217375
vt 0.04498269896193772 0.9593425605536332
vt 0.04498269896193772 0.9731833910034602
vt 0.031141868512110725 0.9731833910034602
vt 0.031141868512110725 0.9593425605536332
vt 0.029411764705882353 0.9602076124567474
vt 0.029411764705882353 0.9740484429065744
vt 0.015570934256055362 0.9740484429065744
vt 0.015570934256055362 0.9602076124567474
vt 0.04671280276816609 0.9731833910034602
vt 0.06055363321799308 0.9731833910034602
vt 0.06055363321799308 0.9593425605536332
vt 0.04671280276816609 0.9593425605536332
vt 0 0.9584775086505191
vt 0.01384083044982699 0.9584775086505191
vt 0.01384083044982699 0.9446366782006921
vt 0 0.9446366782006921
vt 0.078719723183391 0.9576124567474048
vt 0.092560553633218 0.9576124567474048
vt 0.092560553633218 0.9437716262975778
vt 0.078719723183391 0.9437716262975778
vt 0 0.9740484429065744
vt 0.01384083044982699 0.9740484429065744
vt 0.01384083044982699 0.9602076124567474
vt 0 0.9602076124567474
vt 0 0.8944636678200693
vt 0.00021339965397923876 0.8944636678200693
vt 0.01384083044982699 0.8806228373702423
vt 0 0.8806228373702423
vt 0.03049021626297578 0.9576124567474048
vt 0.04411764705882353 0.9576124567474048
vt 0.04411764705882353 0.9437716262975778
vt 0.045847750865051905 0.9576124567474048
vt 0.05968858131487889 0.9576124567474048
vt 0.05968858131487889 0.9437716262975778
vt 0.045847750865051905 0.9437716262975778
vt 0.08391003460207612 0.9731833910034602
vt 0.08391003460207612 0.9593425605536332
vt 0.07006920415224914 0.9593425605536332
vt 0.06228373702422145 0.9731833910034602
vt 0.07612456747404844 0.9731833910034602
vt 0.06228373702422145 0.9593425605536332
vt 0.06228373702422145 0.9731833910034602
vt 0.07612456747404844 0.9731833910034602
vt 0.06228373702422145 0.9593425605536332
vt 0.08564013840830449 0.972318339100346
vt 0.09948096885813149 0.972318339100346
vt 0.08564013840830449 0.9584775086505191
vt 0.04757785467128028 0.9247404844290658
vt 0.061418685121107264 0.9247404844290658
vt 0.061418685121107264 0.9108996539792388
vt 0.04757785467128028 0.9108996539792388
vt 0.04671280276816609 0.9411764705882353
vt 0.06055363321799308 0.9411764705882353
vt 0.06055363321799308 0.9273356401384083
vt 0.04671280276816609 0.9273356401384083
vt 0.07698961937716263 0.9100346020761245
vt 0.07698961937716263 0.9238754325259515
vt 0.06314878892733564 0.9238754325259515
vt 0.06314878892733564 0.9100346020761245
vt 0.01384083044982699 0.8961937716262975
vt 0.01384083044982699 0.9100346020761245
vt 0 0.9100346020761245
vt 0 0.8961937716262975
vt 0.019896193771626297 0.893598615916955
vt 0.006268762975778547 0.893598615916955
vt 0.019896193771626297 0.879757785467128
vt 0.04411764705882353 0.9394463667820069
vt 0.03049021626297578 0.9532871972318339
vt 0.03027681660899654 0.9532871972318339
vt 0.03027681660899654 0.9394463667820069
vt 0.029411764705882353 0.9108996539792388
vt 0.015570934256055362 0.9108996539792388
vt 0.015570934256055362 0.8970588235294118
vt 0.0328719723183391 0.8970588235294118
vt 0.0328719723183391 0.9108996539792388
vt 0.01903114186851211 0.8970588235294118
vt 0.07612456747404844 0.9264705882352942
vt 0.07612456747404844 0.9403114186851211
vt 0.06228373702422145 0.9403114186851211
vt 0.06228373702422145 0.9264705882352942
vt 0.04930795847750865 0.9091695501730104
vt 0.03546712802768166 0.9091695501730104
vt 0.03546712802768166 0.8953287197231834
vt 0.028546712802768166 0.9437716262975778
vt 0.028546712802768166 0.9576124567474048
vt 0.014705882352941176 0.9576124567474048
vt 0.014705882352941176 0.9437716262975778
vt 0.054498269896193774 0.879757785467128
vt 0.054498269896193774 0.893598615916955
vt 0.04065743944636678 0.893598615916955
vt 0.04065743944636678 0.879757785467128
vt 0.03806228373702422 0.8788927335640139
vt 0.03806228373702422 0.8927335640138409
vt 0.02422145328719723 0.8927335640138409
vt 0.02422145328719723 0.8788927335640139
vt 0.09429065743944637 0.9117647058823529
vt 0.09429065743944637 0.9256055363321799
vt 0.08044982698961937 0.9256055363321799
vt 0.08044982698961937 0.9117647058823529
vt 0.08217993079584775 0.893598615916955
vt 0.08217993079584775 0.907439446366782
vt 0.06833910034602077 0.907439446366782
vt 0.06833910034602077 0.893598615916955
vt 0.0657439446366782 0.8953287197231834
vt 0.0657439446366782 0.9091695501730104
vt 0.05190311418685121 0.9091695501730104
vt 0.05190311418685121 0.8953287197231834
vt 0.07612456747404844 0.9731833910034602
vt 0.06228373702422145 0.9731833910034602
vt 0.06228373702422145 0.9593425605536332
vt 0.01384083044982699 0.7889273356401384
vt 0.01384083044982699 0.7897923875432526
vt 0.01124567474048443 0.7897923875432526
vt 0.01124567474048443 0.7889273356401384
vt 0.009515570934256055 0.7906574394463668
vt 0.009515570934256055 0.7915224913494809
vt 0.012110726643598616 0.7915224913494809
vt 0.012110726643598616 0.7906574394463668
vt 0.005190311418685121 0.7889273356401384
vt 0.005190311418685121 0.7897923875432526
vt 0.0025951557093425604 0.7897923875432526
vt 0.0025951557093425604 0.7889273356401384
vt 0.01124567474048443 0.7889273356401384
vt 0.01124567474048443 0.7897923875432526
vt 0.005190311418685121 0.7897923875432526
vt 0.005190311418685121 0.7889273356401384
vt 0.44982698961937717 0.7993079584775087
vt 0.44982698961937717 0.8001730103806228
vt 0.4455017301038062 0.8001730103806228
vt 0.4455017301038062 0.7993079584775087
vt 0.4455017301038062 0.7993079584775087
vt 0.4455017301038062 0.8001730103806228
vt 0.43685121107266434 0.8001730103806228
vt 0.43685121107266434 0.7993079584775087
vt 0.458477508650519 0.8053633217993079
vt 0.458477508650519 0.8062283737024222
vt 0.44982698961937717 0.8062283737024222
vt 0.44982698961937717 0.8053633217993079
vt 0.44896193771626297 0.8053633217993079
vt 0.44896193771626297 0.8062283737024222
vt 0.4403114186851211 0.8062283737024222
vt 0.4403114186851211 0.8053633217993079
vt 0.44982698961937717 0.8079584775086506
vt 0.44982698961937717 0.8088235294117647
vt 0.44896193771626297 0.8088235294117647
vt 0.44896193771626297 0.8079584775086506
vt 0.4403114186851211 0.8096885813148789
vt 0.4403114186851211 0.8088235294117647
vt 0.44896193771626297 0.8088235294117647
vt 0.44896193771626297 0.8096885813148789
vt 0.44896193771626297 0.8079584775086506
vt 0.44896193771626297 0.8088235294117647
vt 0.4403114186851211 0.8088235294117647
vt 0.4403114186851211 0.8079584775086506
vt 0.44982698961937717 0.8105536332179931
vt 0.44982698961937717 0.8114186851211073
vt 0.4472318339100346 0.8114186851211073
vt 0.4472318339100346 0.8105536332179931
vt 0.4472318339100346 0.8114186851211073
vt 0.4472318339100346 0.8140138408304498
vt 0.45588235294117646 0.8140138408304498
vt 0.45588235294117646 0.8114186851211073
vt 0.4472318339100346 0.8105536332179931
vt 0.4472318339100346 0.8114186851211073
vt 0.43858131487889274 0.8114186851211073
vt 0.43858131487889274 0.8105536332179931
vt 0.0008650519031141869 0.7906574394463668
vt 0.0008650519031141869 0.7915224913494809
vt 0.0034602076124567475 0.7915224913494809
vt 0.0034602076124567475 0.7906574394463668
vt 0.009515570934256055 0.7941176470588236
vt 0.009515570934256055 0.7915224913494809
vt 0.0034602076124567475 0.7915224913494809
vt 0.0034602076124567475 0.7941176470588236
vt 0.015570934256055362 0.7915224913494809
vt 0.015570934256055362 0.7941176470588236
vt 0.009515570934256055 0.7941176470588236
vt 0.009515570934256055 0.7915224913494809
vt 0.01124567474048443 0.7897923875432526
vt 0.01124567474048443 0.7923875432525952
vt 0.01730103806228374 0.7923875432525952
vt 0.01730103806228374 0.7897923875432526
vt 0.019896193771626297 0.7889273356401384
vt 0.019896193771626297 0.7897923875432526
vt 0.01384083044982699 0.7897923875432526
vt 0.01384083044982699 0.7889273356401384
vt 0.4455017301038062 0.8001730103806228
vt 0.4455017301038062 0.8044982698961938
vt 0.4541522491349481 0.8044982698961938
vt 0.4541522491349481 0.8001730103806228
vt 0.44896193771626297 0.8062283737024222
vt 0.44896193771626297 0.8070934256055363
vt 0.45761245674740486 0.8070934256055363
vt 0.45761245674740486 0.8062283737024222
vt 0.44896193771626297 0.8088235294117647
vt 0.44896193771626297 0.8096885813148789
vt 0.45761245674740486 0.8096885813148789
vt 0.45761245674740486 0.8088235294117647
vt 0.4429065743944637 0.8157439446366782
vt 0.4429065743944637 0.8226643598615917
vt 0.4515570934256055 0.8226643598615917
vt 0.4515570934256055 0.8157439446366782
vt 0.4429065743944637 0.814878892733564
vt 0.4429065743944637 0.8157439446366782
vt 0.4342560553633218 0.8157439446366782
vt 0.4342560553633218 0.814878892733564
vt 0.012110726643598616 0.7906574394463668
vt 0.012110726643598616 0.7915224913494809
vt 0.018166089965397925 0.7915224913494809
vt 0.018166089965397925 0.7906574394463668
vt 0.43685121107266434 0.7993079584775087
vt 0.43685121107266434 0.8001730103806228
vt 0.43252595155709345 0.8001730103806228
vt 0.43252595155709345 0.7993079584775087
vt 0.43685121107266434 0.8044982698961938
vt 0.43685121107266434 0.8001730103806228
vt 0.4455017301038062 0.8001730103806228
vt 0.4455017301038062 0.8044982698961938
vt 0.458477508650519 0.7993079584775087
vt 0.458477508650519 0.8001730103806228
vt 0.44982698961937717 0.8001730103806228
vt 0.44982698961937717 0.7993079584775087
vt 0.458477508650519 0.8079584775086506
vt 0.458477508650519 0.8088235294117647
vt 0.44982698961937717 0.8088235294117647
vt 0.44982698961937717 0.8079584775086506
vt 0.43858131487889274 0.8105536332179931
vt 0.43858131487889274 0.8114186851211073
vt 0.4359861591695502 0.8114186851211073
vt 0.4359861591695502 0.8105536332179931
vt 0.43858131487889274 0.8140138408304498
vt 0.43858131487889274 0.8114186851211073
vt 0.4472318339100346 0.8114186851211073
vt 0.4472318339100346 0.8140138408304498
vt 0.458477508650519 0.8105536332179931
vt 0.458477508650519 0.8114186851211073
vt 0.44982698961937717 0.8114186851211073
vt 0.44982698961937717 0.8105536332179931
vt 0.4342560553633218 0.814878892733564
vt 0.4342560553633218 0.8157439446366782
vt 0.4273356401384083 0.8157439446366782
vt 0.4273356401384083 0.814878892733564
vt 0.44982698961937717 0.814878892733564
vt 0.44982698961937717 0.8157439446366782
vt 0.4429065743944637 0.8157439446366782
vt 0.4429065743944637 0.814878892733564
vt 0.4437716262975779 0.8235294117647058
vt 0.4437716262975779 0.8243944636678201
vt 0.435121107266436 0.8243944636678201
vt 0.435121107266436 0.8235294117647058
vt 0.435121107266436 0.8304498269896194
vt 0.435121107266436 0.8313148788927336
vt 0.42993079584775085 0.8313148788927336
vt 0.42993079584775085 0.8304498269896194
vt 0.44896193771626297 0.8304498269896194
vt 0.44896193771626297 0.8313148788927336
vt 0.4437716262975779 0.8313148788927336
vt 0.4437716262975779 0.8304498269896194
vt 0.435121107266436 0.8365051903114187
vt 0.435121107266436 0.8313148788927336
vt 0.4437716262975779 0.8313148788927336
vt 0.4437716262975779 0.8365051903114187
vt 0.45761245674740486 0.8304498269896194
vt 0.45761245674740486 0.8313148788927336
vt 0.44896193771626297 0.8313148788927336
vt 0.44896193771626297 0.8304498269896194
vt 0.43858131487889274 0.8365051903114187
vt 0.43858131487889274 0.8373702422145328
vt 0.4359861591695502 0.8373702422145328
vt 0.4359861591695502 0.8365051903114187
vt 0.4463667820069204 0.8365051903114187
vt 0.4463667820069204 0.8373702422145328
vt 0.4437716262975779 0.8373702422145328
vt 0.4437716262975779 0.8365051903114187
vt 0.43858131487889274 0.8399653979238755
vt 0.43858131487889274 0.8373702422145328
vt 0.4437716262975779 0.8373702422145328
vt 0.4437716262975779 0.8399653979238755
vt 0.4515570934256055 0.8365051903114187
vt 0.4515570934256055 0.8373702422145328
vt 0.4463667820069204 0.8373702422145328
vt 0.4463667820069204 0.8365051903114187
vt 0.4437716262975779 0.8243944636678201
vt 0.4437716262975779 0.8304498269896194
vt 0.4524221453287197 0.8304498269896194
vt 0.4524221453287197 0.8243944636678201
vt 0.458477508650519 0.8235294117647058
vt 0.458477508650519 0.8243944636678201
vt 0.44982698961937717 0.8243944636678201
vt 0.44982698961937717 0.8235294117647058
vt 0.4437716262975779 0.8373702422145328
vt 0.4437716262975779 0.8399653979238755
vt 0.44896193771626297 0.8399653979238755
vt 0.44896193771626297 0.8373702422145328
vt 0.4437716262975779 0.8313148788927336
vt 0.4437716262975779 0.8365051903114187
vt 0.4524221453287197 0.8365051903114187
vt 0.4524221453287197 0.8313148788927336
vt 0.4342560553633218 0.8226643598615917
vt 0.4342560553633218 0.8157439446366782
vt 0.4429065743944637 0.8157439446366782
vt 0.4429065743944637 0.8226643598615917
vt 0.458477508650519 0.814878892733564
vt 0.458477508650519 0.8157439446366782
vt 0.44982698961937717 0.8157439446366782
vt 0.44982698961937717 0.814878892733564
vt 0.4437716262975779 0.8304498269896194
vt 0.4437716262975779 0.8313148788927336
vt 0.435121107266436 0.8313148788927336
vt 0.435121107266436 0.8304498269896194
vt 0.4437716262975779 0.8365051903114187
vt 0.4437716262975779 0.8373702422145328
vt 0.43858131487889274 0.8373702422145328
vt 0.43858131487889274 0.8365051903114187
vt 0.435121107266436 0.8235294117647058
vt 0.435121107266436 0.8243944636678201
vt 0.4290657439446367 0.8243944636678201
vt 0.4290657439446367 0.8235294117647058
vt 0.44982698961937717 0.8235294117647058
vt 0.44982698961937717 0.8243944636678201
vt 0.4437716262975779 0.8243944636678201
vt 0.4437716262975779 0.8235294117647058
vt 0.435121107266436 0.8304498269896194
vt 0.435121107266436 0.8243944636678201
vt 0.4437716262975779 0.8243944636678201
vt 0.4437716262975779 0.8304498269896194
vt 0.005190311418685121 0.7923875432525952
vt 0.005190311418685121 0.7897923875432526
vt 0.01124567474048443 0.7897923875432526
vt 0.01124567474048443 0.7923875432525952
vt 0.4403114186851211 0.8053633217993079
vt 0.4403114186851211 0.8062283737024222
vt 0.43944636678200694 0.8062283737024222
vt 0.43944636678200694 0.8053633217993079
vt 0.44982698961937717 0.8053633217993079
vt 0.44982698961937717 0.8062283737024222
vt 0.44896193771626297 0.8062283737024222
vt 0.44896193771626297 0.8053633217993079
vt 0.4403114186851211 0.8070934256055363
vt 0.4403114186851211 0.8062283737024222
vt 0.44896193771626297 0.8062283737024222
vt 0.44896193771626297 0.8070934256055363
vt 0.4403114186851211 0.8079584775086506
vt 0.4403114186851211 0.8088235294117647
vt 0.43944636678200694 0.8088235294117647
vt 0.43944636678200694 0.8079584775086506
vt 0.0034602076124567475 0.7906574394463668
vt 0.0034602076124567475 0.7915224913494809
vt 0.009515570934256055 0.7915224913494809
vt 0.009515570934256055 0.7906574394463668
vt 0.09515570934256055 0.57439446366782
vt 0.09515570934256055 0.5752595155709342
vt 0.11332179930795848 0.5752595155709342
vt 0.11332179930795848 0.57439446366782
vt 0.07179930795847751 0.57439446366782
vt 0.07179930795847751 0.5752595155709342
vt 0.08996539792387544 0.5752595155709342
vt 0.08996539792387544 0.57439446366782
vt 0.09515570934256055 0.5934256055363322
vt 0.09515570934256055 0.5752595155709342
vt 0.08996539792387544 0.5752595155709342
vt 0.08996539792387544 0.5934256055363322
vt 0.10034602076124567 0.5752595155709342
vt 0.10034602076124567 0.5934256055363322
vt 0.09515570934256055 0.5934256055363322
vt 0.09515570934256055 0.5752595155709342
vt 0.11332179930795848 0.57439446366782
vt 0.11332179930795848 0.5752595155709342
vt 0.1185121107266436 0.5752595155709342
vt 0.1185121107266436 0.57439446366782
vt 0.08996539792387544 0.57439446366782
vt 0.08996539792387544 0.5752595155709342
vt 0.09515570934256055 0.5752595155709342
vt 0.09515570934256055 0.57439446366782
vt 0.09083044982698962 0.6115916955017301
vt 0.09083044982698962 0.6124567474048443
vt 0.0726643598615917 0.6124567474048443
vt 0.0726643598615917 0.6115916955017301
vt 0.11418685121107267 0.6115916955017301
vt 0.11418685121107267 0.6124567474048443
vt 0.09602076124567474 0.6124567474048443
vt 0.09602076124567474 0.6115916955017301
vt 0.09083044982698962 0.6306228373702423
vt 0.09083044982698962 0.6124567474048443
vt 0.09602076124567474 0.6124567474048443
vt 0.09602076124567474 0.6306228373702423
vt 0.09602076124567474 0.6124567474048443
vt 0.09602076124567474 0.6306228373702423
vt 0.10121107266435986 0.6306228373702423
vt 0.10121107266435986 0.6124567474048443
vt 0.11937716262975778 0.6115916955017301
vt 0.11937716262975778 0.6124567474048443
vt 0.11418685121107267 0.6124567474048443
vt 0.11418685121107267 0.6115916955017301
vt 0.09602076124567474 0.6115916955017301
vt 0.09602076124567474 0.6124567474048443
vt 0.09083044982698962 0.6124567474048443
vt 0.09083044982698962 0.6115916955017301
vt 0.09169550173010381 0.870242214532872
vt 0.09169550173010381 0.8711072664359861
vt 0.08996539792387544 0.8711072664359861
vt 0.08996539792387544 0.870242214532872
vt 0.09429065743944637 0.870242214532872
vt 0.09429065743944637 0.8711072664359861
vt 0.092560553633218 0.8711072664359861
vt 0.092560553633218 0.870242214532872
vt 0.09169550173010381 0.8728373702422145
vt 0.09169550173010381 0.8711072664359861
vt 0.092560553633218 0.8711072664359861
vt 0.092560553633218 0.8728373702422145
vt 0.092560553633218 0.8711072664359861
vt 0.092560553633218 0.8728373702422145
vt 0.09342560553633218 0.8728373702422145
vt 0.09342560553633218 0.8711072664359861
vt 0.09515570934256055 0.870242214532872
vt 0.09515570934256055 0.8711072664359861
vt 0.09429065743944637 0.8711072664359861
vt 0.09429065743944637 0.870242214532872
vt 0.092560553633218 0.870242214532872
vt 0.092560553633218 0.8711072664359861
vt 0.09169550173010381 0.8711072664359861
vt 0.09169550173010381 0.870242214532872
vt 0.09169550173010381 0.870242214532872
vt 0.09169550173010381 0.8711072664359861
vt 0.08996539792387544 0.8711072664359861
vt 0.08996539792387544 0.870242214532872
vt 0.09429065743944637 0.870242214532872
vt 0.09429065743944637 0.8711072664359861
vt 0.092560553633218 0.8711072664359861
vt 0.092560553633218 0.870242214532872
vt 0.09169550173010381 0.8728373702422145
vt 0.09169550173010381 0.8711072664359861
vt 0.092560553633218 0.8711072664359861
vt 0.092560553633218 0.8728373702422145
vt 0.092560553633218 0.8711072664359861
vt 0.092560553633218 0.8728373702422145
vt 0.09342560553633218 0.8728373702422145
vt 0.09342560553633218 0.8711072664359861
vt 0.09515570934256055 0.870242214532872
vt 0.09515570934256055 0.8711072664359861
vt 0.09429065743944637 0.8711072664359861
vt 0.09429065743944637 0.870242214532872
vt 0.092560553633218 0.870242214532872
vt 0.092560553633218 0.8711072664359861
vt 0.09169550173010381 0.8711072664359861
vt 0.09169550173010381 0.870242214532872
vt 0.014705882352941176 0.870242214532872
vt 0.014705882352941176 0.8719723183391004
vt 0.012110726643598616 0.8719723183391004
vt 0.012110726643598616 0.870242214532872
vt 0.023356401384083045 0.870242214532872
vt 0.023356401384083045 0.8719723183391004
vt 0.020761245674740483 0.8719723183391004
vt 0.020761245674740483 0.870242214532872
vt 0.014705882352941176 0.8745674740484429
vt 0.014705882352941176 0.8719723183391004
vt 0.020761245674740483 0.8719723183391004
vt 0.020761245674740483 0.8745674740484429
vt 0.020761245674740483 0.8719723183391004
vt 0.020761245674740483 0.8745674740484429
vt 0.026816608996539794 0.8745674740484429
vt 0.026816608996539794 0.8719723183391004
vt 0.029411764705882353 0.870242214532872
vt 0.029411764705882353 0.8719723183391004
vt 0.023356401384083045 0.8719723183391004
vt 0.023356401384083045 0.870242214532872
vt 0.020761245674740483 0.870242214532872
vt 0.020761245674740483 0.8719723183391004
vt 0.014705882352941176 0.8719723183391004
vt 0.014705882352941176 0.870242214532872
vt 0.045847750865051905 0.57439446366782
vt 0.045847750865051905 0.5752595155709342
vt 0.06487889273356401 0.5752595155709342
vt 0.06487889273356401 0.57439446366782
vt 0.02162629757785467 0.57439446366782
vt 0.02162629757785467 0.5752595155709342
vt 0.04065743944636678 0.5752595155709342
vt 0.04065743944636678 0.57439446366782
vt 0.045847750865051905 0.5942906574394464
vt 0.045847750865051905 0.5752595155709342
vt 0.04065743944636678 0.5752595155709342
vt 0.04065743944636678 0.5942906574394464
vt 0.05103806228373702 0.5752595155709342
vt 0.05103806228373702 0.5942906574394464
vt 0.045847750865051905 0.5942906574394464
vt 0.045847750865051905 0.5752595155709342
vt 0.06487889273356401 0.57439446366782
vt 0.06487889273356401 0.5752595155709342
vt 0.07006920415224914 0.5752595155709342
vt 0.07006920415224914 0.57439446366782
vt 0.04065743944636678 0.57439446366782
vt 0.04065743944636678 0.5752595155709342
vt 0.045847750865051905 0.5752595155709342
vt 0.045847750865051905 0.57439446366782
vt 0.06487889273356401 0.5752595155709342
vt 0.045847750865051905 0.5752595155709342
vt 0.045847750865051905 0.57439446366782
vt 0.06487889273356401 0.57439446366782
vt 0.04065743944636678 0.5752595155709342
vt 0.02162629757785467 0.5752595155709342
vt 0.02162629757785467 0.57439446366782
vt 0.04065743944636678 0.57439446366782
vt 0.04065743944636678 0.5752595155709342
vt 0.045847750865051905 0.5752595155709342
vt 0.045847750865051905 0.5942906574394464
vt 0.04065743944636678 0.5942906574394464
vt 0.045847750865051905 0.5942906574394464
vt 0.05103806228373702 0.5942906574394464
vt 0.05103806228373702 0.5752595155709342
vt 0.045847750865051905 0.5752595155709342
vt 0.07006920415224914 0.5752595155709342
vt 0.06487889273356401 0.5752595155709342
vt 0.06487889273356401 0.57439446366782
vt 0.07006920415224914 0.57439446366782
vt 0.045847750865051905 0.5752595155709342
vt 0.04065743944636678 0.5752595155709342
vt 0.04065743944636678 0.57439446366782
vt 0.045847750865051905 0.57439446366782
vn 0 0.8274835008031376 0.5614900318782016
vn -0.9607169821802108 0.2578174053270494 -0.10272811524104021
vn 0 -0.999807334911495 -0.019628883238067097
vn 0 -0.9397937976589195 0.3417420341161243
vn 0 -0.9999087122330708 0.01351174305566816
vn 0.9607169821802108 0.2578174053270494 -0.10272811524104018
vn 0.35173644976498425 -0.7376371134610664 0.5763444792409749
vn 0.35170380002916557 -0.7376586882702142 0.5763367910037601
vn 0.5969123449924915 -0.6878821548244366 0.41293315859792007
vn 0.9727910028967002 -0.23156880082593045 0.007318139604640035
vn 0.7162058323965326 -0.6969509355951942 -0.036174563081999206
vn 0.9814880816418421 -0.1905664485726586 0.019119996689879293
vn 0.8504812721362709 -0.5251444138494535 0.030082392660561723
vn 0.8952127032953456 -6.886246266437142e-7 0.4456391094351633
vn 0.9996309934135749 6.077919386071631e-7 0.027163891595647974
vn -0.8952127032953456 -6.88624626686383e-7 0.4456391094351633
vn -0.5969123449924915 -0.6878821548244366 0.41293315859792007
vn -0.35170380002916574 -0.7376586882702142 0.5763367910037601
vn -0.35173644976498386 -0.7376371134610651 0.5763444792409769
vn -0.7162058323965325 -0.6969509355951943 -0.036174563081999206
vn -0.9727910011106778 -0.2315688102796725 0.007318077872119543
vn -0.9996309934135713 6.077919386046545e-7 0.027163891595780004
vn -0.850481245261447 -0.5251444415987783 0.030082668040682426
vn 0 0 1
vn 0 0.9998671224876245 0.016301452951119972
vn -2.3529417450592996e-7 0.9999999999999724 6.3939131985875085e-9
vn 0 -0.0000012500000003957904 -0.9999999999992187
vn 0 0.001221466999420304 -0.9999992540089065
vn 0 0.0438197446446532 -0.9990394536650079
vn -0.9814880828870428 -0.19056644662493355 0.019119952182578448
vn 0 -1 0
vn 0 -1 0
vn 0 1 0
vn 0 0 -1
vn -1 0 0
vn 0 0 -1
vn 0 0.8660283829788107 -0.49999483984847926
vn 0 -0.8660197226572256 0.5000098398718791
vn -1 0 0
vn 0 0.5000023399164261 -0.8660240528288455
vn 0 -0.8660197226572256 -0.5000098398718791
vn -1 0 0
vn 0 -0.9999999999944446 0.000003333333333780742
vn 0 0.000009999900003674114 -0.999999999950001
vn 0 1 0
vn 1 0 0
vn -1 0 0
vn 1 0 0
vn 0 0 1
vn 0 -0.9999999999980002 -0.000001999999999920285
vn 0 0.5000023399164253 0.8660240528288459
vn 0 -0.49999800978688275 0.8660265528314685
vn 0 -1 0
vn 0 -0.000010000000002674136 -0.99999999995
vn 0 0 1
vn 1 0 0
vn 0 1 0
vn 0 -0.000009999900003674114 0.999999999950001
vn 0 0.8660240528288436 0.5000023399164291
vn 1 0 0
vn 0 1 0
vn 0 0 1
vn 1 0 0
vn -1 0 0
vn 0 -0.9537188896811156 -0.30069964992566933
vn 1 0 0
vn -1 0 0
vn 0 0.1736482293986277 -0.9848077438905128
vn 0 0.9848072075841253 0.17365127091489305
vn 1 0 0
vn -1 0 0
vn 0 0.04361992133372326 -0.9990481982681516
vn 0 0.9990481792409255 0.043620357121325955
vn 0 -0.3007060765947172 0.9537168633819014
vn 0 0.9537160218203418 0.3007087456712583
vn 0 -0.04361992133372799 0.9990481982681514
vn 0 -0.17364822939862778 0.9848077438905126
vn 0 1 0
vn 0 0.000010000000002674136 0.99999999995
vn 0 -0.9848072075841259 -0.17365127091488958
vn 0 -0.9990481792409253 -0.043620357121326565
vn 1 0 0
vn -1 0 0
vn 0 0.30070566689695954 -0.9537169925591422
vn -1 0 0
vn 1 0 0
vn -1 0 0
vn 0 -0.4999936797198392 -0.8660290527691408
vn 1 0 0
vn 0 0 -1
vn 0 0.6427912001887044 -0.7660414303155966
vn 0 -0.6427921443245055 0.7660406380830616
vn 0 0.7660451375551204 0.6427867820888641
vn 0 -0.7660436282548672 -0.642788580802521
vn 0.9863939190446149 0.10567424082410484 -0.12593645738250198
vn -1 0 0
vn 0 -0.6427921443245055 0.7660406380830616
vn 0 0.6427912001887044 -0.7660414303155966
vn 0 0.7660451375551204 0.642786782088864
vn 0 -0.7660436282548672 -0.642788580802521
vn -0.9863939190444052 0.10567439603991052 -0.12593632714121686
vn 1 0 0
vn 1 0 0
vn -1 0 0
vn 0 -0.043620139226441576 0.9990481887546095
vn 0 0.043614930854581596 -0.9990484161473607
vn 0 -0.9990486149832087 -0.04361037606043289
vn 0 0.9990481982681515 0.043619921333723985
vn -1 0 0
vn 1 0 0
vn 0 -0.043620139226441576 0.9990481887546095
vn 0 0.043614930854581596 -0.9990484161473607
vn 0 0.9990481982681515 0.043619921333723985
vn 0 -0.9990486149832087 -0.04361037606043289
vn 0 0 1
vn 0 -0.000005000000001524569 -0.9999999999875001
vn 0 1 0
vn 0 -1 0
vn -1 0 0
vn 1 0 0
vn 0 0 -1
vn 0 -0.00000666666666863461 0.9999999999777779
vn 0 0.9965457582448797 -0.08304547985373997
vn 0 -0.9999999999986111 0.0000016666694443836638
vn 0.948683298050514 0 -0.316227766016838
vn -1 0 0
vn 0 0 -1
vn 0 -0.00000666666666863461 0.9999999999777779
vn 0 0.9965457582448797 -0.08304547985373997
vn 0 -0.9999999999986111 0.0000016666694443836638
vn -0.948683298050514 0 -0.316227766016838
vn 1 0 0
usemtl m_e0db7bc8-3143-46ee-7892-9d64a2bdd70a
f 2827/6519/1645 2828/6520/1645 2829/6521/1645 2830/6522/1645
f 2831/6523/1646 2832/6524/1646 2833/6525/1646 2834/6526/1646
f 2835/6527/1647 2836/6528/1647 2837/6529/1647 2838/6530/1647
f 2839/6531/1648 2840/6532/1648 2841/6533/1648 2842/6534/1648
f 2843/6535/1649 2844/6536/1649 2845/6537/1649 2846/6538/1649
f 2847/6539/1650 2848/6540/1650 2849/6541/1650 2850/6542/1650
f 2851/6543/1651 2852/6544/1651 2853/6545/1651 2854/6546/1651
f 2855/6547/1652 2856/6548/1652 2857/6549/1652
f 2858/6550/1653 2859/6551/1653 2860/6552/1653 2861/6553/1653
f 2862/6554/1654 2863/6555/1654 2864/6556/1654
f 2865/6557/1655 2866/6558/1655 2867/6559/1655
f 2868/6560/1656 2869/6561/1656 2870/6562/1656
f 2871/6563/1657 2872/6564/1657 2873/6565/1657
f 2874/6566/1658 2875/6567/1658 2876/6568/1658 2877/6569/1658
f 2878/6570/1659 2879/6571/1659 2880/6572/1659 2881/6573/1659
f 2882/6574/1660 2883/6575/1660 2884/6576/1660 2885/6577/1660
f 2886/6578/1661 2887/6579/1661 2888/6580/1661 2889/6581/1661
f 2890/6582/1662 2891/6583/1662 2892/6584/1662
f 2893/6585/1663 2894/6586/1663 2895/6587/1663 2896/6588/1663
f 2897/6589/1664 2898/6590/1664 2899/6591/1664
f 2900/6592/1665 2901/6593/1665 2902/6594/1665
f 2903/6595/1666 2904/6596/1666 2905/6597/1666 2906/6598/1666
f 2907/6599/1667 2908/6600/1667 2909/6601/1667
f 2910/6602/1668 2911/6603/1668 2912/6604/1668 2913/6605/1668
f 2914/6606/1669 2915/6607/1669 2916/6608/1669 2917/6609/1669
f 2918/6610/1670 2919/6611/1670 2920/6612/1670 2921/6613/1670
f 2922/6614/1671 2923/6615/1671 2924/6616/1671 2925/6617/1671
f 2926/6618/1672 2927/6619/1672 2928/6620/1672 2929/6621/1672
f 2930/6622/1673 2931/6623/1673 2932/6624/1673 2933/6625/1673
f 2934/6626/1674 2935/6627/1674 2936/6628/1674
f 2937/6629/1675 2938/6630/1675 2939/6631/1675 2940/6632/1675
f 2941/6633/1676 2942/6634/1676 2943/6635/1676 2944/6636/1676
f 2945/6637/1677 2946/6638/1677 2947/6639/1677 2948/6640/1677
f 2949/6641/1678 2950/6642/1678 2946/6643/1678 2945/6644/1678
f 2951/6645/1679 2952/6646/1679 2953/6647/1679 2954/6648/1679
f 2954/6649/1680 2953/6650/1680 2955/6651/1680 2956/6652/1680
f 2957/6653/1681 2958/6654/1681 2959/6655/1681 2960/6656/1681
f 2961/6657/1682 2962/6658/1682 2963/6659/1682 2964/6660/1682
f 2965/6661/1683 2966/6662/1683 2967/6663/1683 2968/6664/1683
f 2969/6665/1684 2970/6666/1684 2967/6667/1684 2966/6668/1684
f 2968/6669/1685 2967/6670/1685 2970/6671/1685 2971/6672/1685
f 2972/6673/1686 2973/6674/1686 2974/6675/1686 2975/6676/1686
f 2976/6677/1687 2977/6678/1687 2972/6679/1687 2975/6680/1687
f 2975/6681/1688 2974/6682/1688 2978/6683/1688 2976/6684/1688
f 2979/6685/1689 2980/6686/1689 2981/6687/1689 2982/6688/1689
f 2983/6689/1690 2984/6690/1690 2981/6691/1690 2980/6692/1690
f 2985/6693/1691 2986/6694/1691 2979/6695/1691 2982/6696/1691
f 2987/6697/1692 2988/6698/1692 2989/6699/1692 2990/6700/1692
f 2988/6701/1693 2991/6702/1693 2992/6703/1693 2989/6704/1693
f 2993/6705/1694 2994/6706/1694 2995/6707/1694 2996/6708/1694
f 2997/6709/1695 2998/6710/1695 2999/6711/1695 3000/6712/1695
f 3001/6713/1696 3002/6714/1696 3003/6715/1696 3004/6716/1696
f 3005/6717/1697 3006/6718/1697 3007/6719/1697 3008/6720/1697
f 3008/6721/1698 3009/6722/1698 3010/6723/1698 3005/6724/1698
f 3011/6725/1699 3012/6726/1699 3013/6727/1699 3014/6728/1699
f 3015/6729/1700 3016/6730/1700 3017/6731/1700 3018/6732/1700
f 3017/6733/1701 3016/6734/1701 3019/6735/1701 3020/6736/1701
f 3018/6737/1702 3017/6738/1702 3020/6739/1702 3021/6740/1702
f 3022/6741/1703 3023/6742/1703 3024/6743/1703 3025/6744/1703
f 3026/6745/1704 3027/6746/1704 3028/6747/1704 3029/6748/1704
f 3028/6749/1705 3027/6750/1705 3030/6751/1705 3031/6752/1705
f 3029/6753/1706 3028/6754/1706 3031/6755/1706 3032/6756/1706
f 3033/6757/1707 3034/6758/1707 3035/6759/1707 3036/6760/1707
f 3037/6761/1708 3038/6762/1708 3039/6763/1708 3040/6764/1708
f 3041/6765/1709 3042/6766/1709 3043/6767/1709 3044/6768/1709
f 3045/6769/1710 3046/6770/1710 3047/6771/1710 3048/6772/1710
f 3049/6773/1711 3050/6774/1711 3051/6775/1711 3052/6776/1711
f 3047/6777/1712 3046/6778/1712 3051/6779/1712 3050/6780/1712
f 3048/6781/1713 3047/6782/1713 3050/6783/1713 3049/6784/1713
f 3053/6785/1714 3054/6786/1714 3055/6787/1714 3056/6788/1714
f 3057/6789/1715 3058/6790/1715 3059/6791/1715 3060/6792/1715
f 3055/6793/1716 3054/6794/1716 3059/6795/1716 3058/6796/1716
f 3056/6797/1717 3055/6798/1717 3058/6799/1717 3057/6800/1717
f 3061/6801/1718 3062/6802/1718 3063/6803/1718 3064/6804/1718
f 3062/6805/1719 3065/6806/1719 3066/6807/1719 3063/6808/1719
f 3067/6809/1720 3068/6810/1720 3069/6811/1720 3070/6812/1720
f 3071/6813/1721 3072/6814/1721 3073/6815/1721 3074/6816/1721
f 3075/6817/1722 3076/6818/1722 3077/6819/1722 3078/6820/1722
f 3079/6821/1723 3075/6822/1723 3078/6823/1723 3080/6824/1723
f 3081/6825/1724 3082/6826/1724 3083/6827/1724 3084/6828/1724
f 3085/6829/1725 3086/6830/1725 3087/6831/1725 3088/6832/1725
f 3089/6833/1726 3090/6834/1726 3091/6835/1726 3092/6836/1726
f 3093/6837/1727 3094/6838/1727 3095/6839/1727 3096/6840/1727
f 3091/6841/1728 3090/6842/1728 3095/6843/1728 3094/6844/1728
f 3097/6845/1729 3098/6846/1729 3099/6847/1729 3100/6848/1729
f 3101/6849/1730 3102/6850/1730 3103/6851/1730 3104/6852/1730
f 3105/6853/1731 3106/6854/1731 3107/6855/1731 3108/6856/1731
f 3103/6857/1732 3102/6858/1732 3107/6859/1732 3106/6860/1732
f 3109/6861/1733 3110/6862/1733 3111/6863/1733 3112/6864/1733
f 3113/6865/1734 3114/6866/1734 3115/6867/1734 3116/6868/1734
f 3117/6869/1735 3118/6870/1735 3119/6871/1735 3120/6872/1735
f 3121/6873/1736 3122/6874/1736 3123/6875/1736 3124/6876/1736
f 3119/6877/1737 3118/6878/1737 3123/6879/1737 3122/6880/1737
f 3117/6881/1738 3120/6882/1738 3121/6883/1738 3124/6884/1738
f 3120/6885/1739 3119/6886/1739 3122/6887/1739 3121/6888/1739
f 3124/6889/1740 3123/6890/1740 3118/6891/1740 3117/6892/1740
f 3125/6893/1741 3126/6894/1741 3127/6895/1741 3128/6896/1741
f 3129/6897/1742 3130/6898/1742 3131/6899/1742 3132/6900/1742
f 3127/6901/1743 3126/6902/1743 3131/6903/1743 3130/6904/1743
f 3125/6905/1744 3128/6906/1744 3129/6907/1744 3132/6908/1744
f 3128/6909/1745 3127/6910/1745 3130/6911/1745 3129/6912/1745
f 3132/6913/1746 3131/6914/1746 3126/6915/1746 3125/6916/1746
f 3133/6917/1747 3134/6918/1747 3135/6919/1747 3136/6920/1747
f 3137/6921/1748 3138/6922/1748 3139/6923/1748 3140/6924/1748
f 3135/6925/1749 3134/6926/1749 3139/6927/1749 3138/6928/1749
f 3133/6929/1750 3136/6930/1750 3137/6931/1750 3140/6932/1750
f 3136/6933/1751 3135/6934/1751 3138/6935/1751 3137/6936/1751
f 3140/6937/1752 3139/6938/1752 3134/6939/1752 3133/6940/1752
f 3141/6941/1753 3142/6942/1753 3143/6943/1753 3144/6944/1753
f 3145/6945/1754 3146/6946/1754 3147/6947/1754 3148/6948/1754
f 3143/6949/1755 3142/6950/1755 3147/6951/1755 3146/6952/1755
f 3141/6953/1756 3144/6954/1756 3145/6955/1756 3148/6956/1756
f 3144/6957/1757 3143/6958/1757 3146/6959/1757 3145/6960/1757
f 3148/6961/1758 3147/6962/1758 3142/6963/1758 3141/6964/1758
f 3149/6965/1759 3150/6966/1759 3151/6967/1759 3152/6968/1759
f 3153/6969/1760 3154/6970/1760 3155/6971/1760 3156/6972/1760
f 3151/6973/1761 3150/6974/1761 3155/6975/1761 3154/6976/1761
f 3149/6977/1762 3152/6978/1762 3153/6979/1762 3156/6980/1762
f 3152/6981/1763 3151/6982/1763 3154/6983/1763 3153/6984/1763
f 3156/6985/1764 3155/6986/1764 3150/6987/1764 3149/6988/1764
f 3157/6989/1765 3158/6990/1765 3159/6991/1765 3160/6992/1765
f 3161/6993/1766 3162/6994/1766 3163/6995/1766 3164/6996/1766
f 3159/6997/1767 3158/6998/1767 3163/6999/1767 3162/7000/1767
f 3157/7001/1768 3160/7002/1768 3161/7003/1768 3164/7004/1768
f 3160/7005/1769 3159/7006/1769 3162/7007/1769 3161/7008/1769
f 3164/7009/1770 3163/7010/1770 3158/7011/1770 3157/7012/1770
f 3165/7013/1771 3166/7014/1771 3167/7015/1771 3168/7016/1771
f 3169/7017/1772 3170/7018/1772 3171/7019/1772 3172/7020/1772
f 3169/7021/1773 3166/7022/1773 3165/7023/1773 3170/7024/1773
f 3171/7025/1774 3168/7026/1774 3167/7027/1774 3172/7028/1774
f 3170/7029/1775 3165/7030/1775 3168/7031/1775 3171/7032/1775
f 3166/7033/1776 3169/7034/1776 3172/7035/1776 3167/7036/1776
o car1_coupler_open
v -0.4983203553547294 -0.20552013941721575 -11.082032041134106
v 0.0016792109703789304 -0.219416977599392 -11.092089020110551
v -0.24832097613276527 -0.21941650970733095 -11.092089376655943
v -0.2483206716885569 -0.19227322737993569 -11.193389280891983
v 0.0016790848146138182 -0.192635368058182 -11.192038096752691
v -0.4842102093322862 -0.16555858631598086 -11.182649054909936
v -0.5467098289274358 0.2652158515985146 -11.102485894339956
v -0.5608208032998059 0.09894261919158942 -11.10306374909784
v -0.4842098453268119 -0.11452413843225195 -11.153123567883494
v 0.0016796208664795476 0.26603349572334445 -11.124234886834568
v 0.0016795811710142439 0.5160329034106651 -11.124234529211497
v -0.24832070023910985 0.5298733889401908 -11.122865257874661
v -0.5467101307679517 0.26521502623231363 -11.102485799931603
v 0.0016790549897818252 0.2660332350835034 -11.124234837080811
v -0.5691483722836741 0.6621024130477914 -11.283146535710353
v 0.0016795751710683149 0.7114752608668997 -11.321522104085943
v -0.2483208294977607 0.7100293183056512 -11.323245125682417
v -0.24832070023910985 0.5298733889401908 -11.122865257874661
v -0.4685852041102029 0.530840685421504 -11.133735285674092
v 0.0016795548374302083 0.5160328419614042 -11.124235150625635
v -0.6076957899501156 0.7928475220220434 -11.127406051279129
v 0.0016793589612111859 0.842432600240502 -11.165453490848149
v -0.24832053777216712 0.842432564855464 -11.165453181324803
v -0.2483208294977607 0.7100293183056512 -11.323245125682417
v -0.5691483722836741 0.6621024130477914 -11.283146535710353
v 0.0016795751710683149 0.7114752608668997 -11.321522104085943
v -0.7284479128961758 0.6518756872786564 -11.085658608400184
v -0.7909472118801482 0.5268758233354234 -11.085657936887579
v -0.592022271636516 0.6372112826218175 -11.273767947885348
v -0.6161445388397637 0.6081380959210705 -11.261224302698647
v -0.6076960539862974 0.7928480867484033 -11.127406095933727
v -0.6659471917890424 0.7768755692244724 -11.085658713351565
v -0.5776721237604538 0.6567831567388258 -11.279739869904944
v -0.5691481082474923 0.6621018483214314 -11.283146491055756
v -0.6659474558252241 0.7768761339508323 -11.085658758006163
v -0.7284473470194781 0.6518759479184975 -11.085658658153939
v -0.5776720974268699 0.6567832181880866 -11.279739248490806
v -0.5920228375132137 0.6372110219819764 -11.273767898131592
v -0.5776723614630517 0.6567837829144465 -11.279739293145404
v -0.5691478064069763 0.6621026736876324 -11.28314658546411
v -0.46858466456708914 0.5308408846120842 -11.133735956841985
v -0.6161448028759455 0.6081386606474304 -11.261224347353243
v -0.5920225620062818 0.6372117858989166 -11.273768613954084
v -0.5338732754340458 0.5481130123867413 -11.168542980124098
v -0.670175603256945 0.5369382237608686 -11.237843968099048
v -0.6161448028759455 0.6081386606474304 -11.261224347353243
v -0.5338735131366437 0.548113638562362 -11.168542403364558
v -0.48420901541393235 -0.11452444251877086 -11.153123572982652
v 0.0016790549897818252 0.2660332350835034 -11.124234837080811
v -0.24832067281006215 -0.08855741307572185 -11.165563726281414
v -0.484209891926966 0.4683407316888783 -11.118111146073234
v -0.24832070023910985 0.5298733889401908 -11.122865257874661
v -0.5467098289274358 0.2652158515985146 -11.102485894339956
v -0.4685852041102029 0.530840685421504 -11.133735285674092
v -0.24832070023910985 0.5298733889401908 -11.122865257874661
v -0.4842101559631478 0.46834129641523825 -11.118111190727832
v -0.763932211508689 0.31737338909345364 -11.184400924162595
v -0.7213740034080935 0.2824881885207766 -11.152917933877088
v -0.7809051513355227 0.08876118281328332 -11.173256217659729
v -0.24832067281006215 -0.08855741307572185 -11.165563726281414
v 0.001679884902661355 0.2660329309969845 -11.12423484217997
v 0.0016794281472843342 -0.08930907304492547 -11.166743782264366
v -0.7909469478439664 0.5268752586090635 -11.08565789223298
v -0.6161445388397637 0.6081380959210705 -11.261224302698647
v -0.6701761691336428 0.5369379631210276 -11.237843918345291
v -0.8221976109885253 0.3393753912986834 -11.085658925813155
v -0.7909472382137321 0.5268757618861626 -11.085658558301716
v -0.7213737550997467 0.469988017404773 -11.215418168330181
v -0.7639328037189708 0.31737306700435175 -11.184401495822978
v -0.7909469478439664 0.5268752586090635 -11.08565789223298
v -0.6701761691336428 0.5369379631210276 -11.237843918345291
v -0.7213731628894648 0.46998833949387486 -11.2154175966698
v -0.837822405726528 0.08937576982489946 -11.08565905347232
v -0.8221976109885253 0.3393753912986834 -11.085658925813155
v -0.7639328037189708 0.31737306700435175 -11.184401495822978
v -0.7809051776691067 0.08876112136402248 -11.173256839073867
v -0.7525426372438855 -0.08246967662273069 -11.070606455063562
v -0.837822405726528 0.08937576982489946 -11.08565905347232
v -0.7809051776691067 0.08876112136402248 -11.173256839073867
v -0.6893705230876755 -0.06560017278435695 -11.163164638234765
v -0.7524703444442915 -0.08245044722252798 -11.070711997176222
v -0.49824833806206725 -0.20550167393395313 -11.082136867424273
v -0.6893704967540915 -0.0656001113350961 -11.163164016820627
v -0.5335238635115979 -0.13705007638737682 -11.177702705394932
v -0.4983214607745408 -0.205520599247637 -11.082031320212456
v -0.5335238635115979 -0.13705007638737682 -11.177702705394932
v -0.4842093794194066 -0.16555889040249977 -11.182649060009094
v -0.7213734532592306 0.4699888427709739 -11.215418262738535
v -0.48420986559338197 0.46834079313813914 -11.118110524659096
v -0.6588737166762757 0.48561406369157034 -11.152918025709285
v -0.5338735658038117 0.5481135156638404 -11.168543646192834
v -0.4685852304437869 0.5308406239722432 -11.13373590708823
v -0.670175603256945 0.5369382237608686 -11.237843968099048
v -0.5338735394702276 0.5481135771131012 -11.168543024778696
v -0.592022271636516 0.6372112826218175 -11.273767947885348
v -0.5776726896371517 0.6567828960989848 -11.279739820151189
v -0.46858469090067323 0.5308408231628234 -11.133736578256123
v -0.763932237842273 0.3173733276441928 -11.184401545576733
v -0.5467100929636176 0.2652164163248745 -11.102485938994553
v -0.7213740297416776 0.2824881270715158 -11.152918555291226
v -0.6588734526400939 0.4856134989652104 -11.152917981054687
v -0.484209891926966 0.4683407316888783 -11.118111146073234
v -0.7213740191359285 0.46998858213113287 -11.21541821298478
v -0.56082050145929 0.09894344455779042 -11.103063843506193
v -0.7809051776691067 0.08876112136402248 -11.173256839073867
v -0.7213734375313958 0.2824884491606177 -11.152917983630843
v -0.5467098289274358 0.2652158515985146 -11.102485894339956
v -0.6893705230876755 -0.06560017278435695 -11.163164638234765
v -0.48420940575299065 -0.16555895185176062 -11.182649681423232
v -0.533523599475416 -0.13705064111373672 -11.177702660740335
v -0.5608208032998059 0.09894261919158942 -11.10306374909784
v -0.4842093057836982 -0.11452393924167176 -11.153124239051387
v -0.7809052040026909 0.08876105991476164 -11.173257460488005
v -0.4842093794194066 -0.16555889040249977 -11.182649060009094
v 0.0016790584810297826 -0.19263542950744283 -11.19203871816683
v -0.2483206716885569 -0.19227322737993569 -11.193389280891983
v -0.24832067281006215 -0.08855741307572185 -11.165563726281414
v 0.0016794281472843342 -0.08930907304492547 -11.166743782264366
v -0.48420901541393235 -0.11452444251877086 -11.153123572982652
v 0.49832041471204014 -0.2055201071409682 -11.082031740156527
v -0.0016793830566009804 -0.21941644584487824 -11.092089439690364
v 0.2483205400103613 -0.21941634901057927 -11.09208912779957
v 0.24832081812098572 -0.1922731281324448 -11.193389653449747
v -0.0016792188426002497 -0.19263533958076734 -11.192037850263768
v 0.48421035247566 -0.16555855400914615 -11.182649108206279
v 0.5467099776170358 0.2652152589995572 -11.102485694732971
v 0.5608208827999983 0.09894274703230711 -11.10306396589234
v 0.4842098865682547 -0.11452380203889839 -11.15312361608068
v -0.0016792486674321871 0.26603326356091805 -11.124234590591888
v -0.0016795523990794092 0.5160332359745987 -11.124234277623415
v 0.24832081590401667 0.5298735496369424 -11.12286500901829
v 0.5467099776170358 0.2652152589995572 -11.102485694732971
v -0.0016792486674321871 0.26603326356091805 -11.124234590591888
v 0.5691483128522328 0.6621023164931968 -11.283146591827823
v -0.0016795583990252827 0.7114755934308332 -11.321521852497861
v 0.2483206603117819 0.7100294175531421 -11.323245498240182
v 0.24832051406350075 0.5298727242707414 -11.122864914609936
v 0.4685848325843437 0.5308405327926702 -11.133735495357607
v -0.0016795787326634448 0.5160331745253378 -11.124234899037553
v 0.6076957738597939 0.7928474227502436 -11.127405649650845
v -0.0016795105727006043 0.8424323680780756 -11.165453194605469
v 0.24832038616067775 0.8424324034631137 -11.165453504128813
v 0.2483206603117819 0.7100294175531421 -11.323245498240182
v 0.5691483391858168 0.6621023779424577 -11.283145970413685
v -0.0016792943628435308 0.7114750287044733 -11.321521807843263
v 0.7284478541922178 0.6518759419267889 -11.085658718480998
v 0.790947509575005 0.526875956354863 -11.0856584601338
v 0.5920221976354044 0.6372107859051725 -11.27376798956627
v 0.6161446455052491 0.6081383888202496 -11.261224653803799
v 0.6076955098236122 0.7928479874766035 -11.127405694305441
v 0.6659470670560351 0.7768754062190328 -11.085658877320686
v 0.577672198513935 0.6567830850538732 -11.279740084996329
v 0.569147746975535 0.6621020558533558 -11.283146542074066
v 0.6659476592663168 0.7768757283081347 -11.085658305660303
v 0.7284472883155201 0.6518756812869478 -11.085658668727243
v 0.5776722248475191 0.656783146503134 -11.27973946358219
v 0.5920227635121021 0.6372110465450136 -11.273768039320025
v 0.5776719608113373 0.656783711229494 -11.279739508236789
v 0.5691474829393532 0.6621026205797158 -11.283146586728664
v 0.4685845685481619 0.5308410975190302 -11.133735540012205
v 0.6161446718388331 0.6081384502695104 -11.261224032389661
v 0.5920224994759203 0.6372116112713735 -11.273768083974623
v 0.5338730794754366 0.5481134207656064 -11.168543037009341
v 0.6701754519702919 0.5369382096533719 -11.237844213588652
v 0.6161446718388331 0.6081384502695104 -11.261224032389661
v 0.5338731058090206 0.5481134822148672 -11.168542415595203
v 0.484209320691557 -0.11452406267873944 -11.153123566326924
v -0.0016792486674321871 0.26603326356091805 -11.124234590591888
v 0.24832110736924629 -0.08855781710533017 -11.165563432770444
v 0.4842101040042822 0.4683405033558719 -11.118111149615823
v 0.24832107994019847 0.5298729849105824 -11.122864964363691
v 0.546709713580854 0.2652158237259172 -11.102485739387568
v 0.4685853984610414 0.5308407934325112 -11.133735545111364
v 0.24832081590401667 0.5298735496369424 -11.12286500901829
v 0.4842098399681004 0.46834106808223186 -11.118111194270421
v 0.763932266664766 0.31737298957124227 -11.184401147404504
v 0.7213740205142652 0.28248848521189196 -11.152918201742771
v 0.7809051767217995 0.08876152242079478 -11.173256780948611
v 0.2483208169994805 -0.08855731382823112 -11.165564098839178
v -0.001679814544129965 0.26603300292107707 -11.124234540838133
v -0.0016797054228092079 -0.08930874048099197 -11.166743530676284
v 0.7909472077344893 0.5268751309886619 -11.085658365725447
v 0.6161446455052491 0.6081383888202496 -11.261224653803799
v 0.6701762818831715 0.5369379055668531 -11.23784421868781
v 0.8221976211503136 0.3393756949988797 -11.085658465117138
v 0.7909474832414211 0.526875894905602 -11.085659081547938
v 0.7213737029459145 0.46998805345604727 -11.215418386442108
v 0.763932266664766 0.31737298957124227 -11.184401147404504
v 0.7909472077344893 0.5268751309886619 -11.085658365725447
v 0.6701762818831715 0.5369379055668531 -11.23784421868781
v 0.7213737292794985 0.4699881149053081 -11.21541776502797
v 0.8378221934387308 0.08937567573182142 -11.085658958295758
v 0.8221976211503136 0.3393756949988797 -11.085658465117138
v 0.763932266664766 0.31737298957124227 -11.184401147404504
v 0.7809051767217995 0.08876152242079478 -11.173256780948611
v 0.7525424246017866 -0.08246959838472367 -11.070606316322339
v 0.8378221934387308 0.08937567573182142 -11.085658958295758
v 0.7809051767217995 0.08876152242079478 -11.173256780948611
v 0.6893708513386235 -0.06559995494956969 -11.163164305728133
v 0.7524703102898948 -0.08245011402063424 -11.070712050192036
v 0.4982480248932164 -0.20550138669381895 -11.082136758203735
v 0.6893702854619258 -0.06560021558941073 -11.163164255974378
v 0.5335242254596877 -0.13705033752738016 -11.177702650259532
v 0.49832127095850376 -0.2055203497782262 -11.082031123841547
v 0.5335242254596877 -0.13705033752738016 -11.177702650259532
v 0.48420922072226447 -0.16555907528882824 -11.182649008698768
v 0.7213740047864307 0.46998887882224827 -11.215418480850463
v 0.4842101303378663 0.46834056480513275 -11.118110528201685
v 0.6588736289156464 0.48561363864259477 -11.152918352562432
v 0.5338736190185502 0.5481136199561867 -11.168543708177234
v 0.4685853984610414 0.5308407934325112 -11.133735545111364
v 0.6701754519702919 0.5369382096533719 -11.237844213588652
v 0.5338736453521343 0.5481136814054475 -11.168543086763096
v 0.5920224994759203 0.6372116112713735 -11.273768083974623
v 0.577672198513935 0.6567830850538732 -11.279740084996329
v 0.4685853721274573 0.5308407319832504 -11.133736166525502
v 0.7639325685052821 0.31737381493744327 -11.184401241812857
v 0.5467102794575518 0.2652160843657583 -11.102485789141324
v 0.7213734546375675 0.2824882245720509 -11.152918151989015
v 0.6588736289156464 0.48561363864259477 -11.152918352562432
v 0.4842098399681004 0.46834106808223186 -11.118111194270421
v 0.7213734389097329 0.4699886181824072 -11.215418431096706
v 0.5608206187638165 0.09894331175866707 -11.103064010546936
v 0.7809051767217995 0.08876152242079478 -11.173256780948611
v 0.7213740205142652 0.28248848521189196 -11.152918201742771
v 0.5467102531239677 0.26521602291649743 -11.102486410555462
v 0.6893708513386235 -0.06559995494956969 -11.163164305728133
v 0.4842091943886804 -0.16555913673808909 -11.182649630112905
v 0.53352365958299 -0.1370505981672212 -11.177702600505777
v 0.5608203169233006 0.09894248639246613 -11.103063916138582
v 0.4842092943579729 -0.11452412412800023 -11.153124187741062
v 0.7809051503882155 0.08876146097153394 -11.173257402362749
v 0.48420922072226447 -0.16555907528882824 -11.182649008698768
v -0.0016792451761843408 -0.19263540103002813 -11.192038471677906
v 0.2483202522442879 -0.19227338877228584 -11.19338960369599
v 0.2483208169994805 -0.08855731382823112 -11.165564098839178
v -0.001679441386627456 -0.08930930520735186 -11.166743486021685
v 0.4842095847277387 -0.11452462740509933 -11.153123521672326
v 0.26250019705597216 -0.07812505318239565 -11.012500281398035
v 0.26250023211146156 0.2656248600139308 -11.01249986541701
v 0.26249981701279024 0.26562499834497366 -11.481249883258888
v 0.2624997819573007 -0.07812491485135287 -11.481250299239914
v -0.26250029863198643 -0.07812500977286319 -11.012500052868747
v -0.262500289910081 0.26562484197420244 -11.01250025830186
v -0.2625001391320546 0.2656252409450863 -11.481250325897493
v -0.2624998838177782 -0.07812517552833925 -11.481250075809783
v 0.318749907700578 0.10937487737419448 -10.715624901484594
v 0.3187499164224834 0.4531247291212602 -10.715625106917706
v 0.3187500672005099 0.453125128092144 -11.18437517451334
v 0.3187500584786044 0.10937527634507838 -11.184374969080228
v -0.31875022474384473 0.10937475382751241 -10.715625255056139
v -0.3187496238116575 0.45312492766367996 -10.71562488882887
v -0.3187500389103289 0.45312506599472274 -11.184374906670747
v -0.31875007396581834 0.10937515279839626 -11.184375322651773
v 0.21562502045992216 0.237500338405367 -11.040624781307834
v 0.21562485483956917 0.3874996037118703 -11.04062502610196
v 0.2156248426732401 0.3874997332749477 -11.446875224879776
v 0.2156252723297747 0.23749990324208448 -11.446874935431051
v -0.2156248202722196 0.23749972771734124 -11.040625182283195
v -0.21562465771847245 0.38749987983930634 -11.040624900071538
v -0.2156246698848015 0.3875000094023838 -11.446875098849352
v -0.21562480610496462 0.23749991872967954 -11.446874759646873
v 0.23437473222545446 -0.031250066146363 -11.434375024310087
v 0.23437491867398474 0.2500000602880935 -11.434374710173268
v 0.23437498583667593 0.24999999026744185 -11.52812508760996
v 0.23437482572172974 -0.0312500747177539 -11.52812478033264
v -0.23437512833818433 -0.03125027406987249 -11.43437482053661
v -0.23437496822323817 0.2499997909153232 -11.434375127813928
v -0.23437487472696286 0.24999978234393233 -11.52812488383648
v -0.23437506117549312 -0.03125034409052421 -11.5281251979733
v -0.09072671389901266 0.171874788891366 -11.52951350237304
v -0.056269703512052405 0.15760250495009578 -11.529513948380556
v -0.10937494723398605 0.0781253440394011 -11.404513902980575
v -0.02989747651635616 0.13122974138901516 -11.529513416817105
v -0.01562504711795959 0.0967731638149728 -11.5295139154718
v -0.015624820993647759 0.05947713795603625 -11.529513898749123
v -0.02989747837420803 0.025020245135057406 -11.529513525298517
v -0.056269844611863296 -0.0013524382370579957 -11.529513804584862
v -0.09072682559658812 -0.015624832034084768 -11.529513758151904
v -0.12802313247256933 -0.015624673913740172 -11.529513590042681
v -0.16248016919311364 -0.001352451421730766 -11.529513765449304
v -0.18885236985522585 0.025020373588610673 -11.529513675598617
v -0.20312482558720651 0.05947688971339224 -11.52951379835806
v -0.20312505171151832 0.0967729155723288 -11.529513815080737
v -0.18885236799737404 0.13122986984256851 -11.529513567117204
v -0.16248002809330275 0.15760249176542304 -11.529513909244997
v -0.12802304710857793 0.1718748855624498 -11.529513955677956
v -0.109374923185791 0.07812505748881293 -11.52951354620786
v 0.16248025278277256 0.15760249416267283 -11.528125232304426
v 0.12802324239581242 0.17187477810394305 -11.52812478629691
v 0.10937503310903407 0.07812504670138995 -11.52812483013173
v 0.10937503082364503 0.07812469870154097 -11.653125094773154
v 0.18885247977846886 0.13122973060159224 -11.528124700740975
v 0.20312490917686565 0.09677315302754985 -11.528125199395669
v 0.20312513530117737 0.059477127168613295 -11.528125182672992
v 0.1888524779206171 0.025020234347634396 -11.528124809222387
v 0.16248011168296173 -0.0013524490244809506 -11.528125088508732
v 0.128023130698237 -0.015624842821507667 -11.528125042075773
v 0.09072682382225578 -0.015624684701163072 -11.52812487396655
v 0.05626978710171149 -0.0013524622091537208 -11.528125049373173
v 0.029897586439599277 0.025020362801187745 -11.528124959522485
v 0.015625130707618673 0.059476878925969284 -11.52812508228193
v 0.015624904583306842 0.09677290478490584 -11.528125099004606
v 0.029897588297451094 0.13122985905514556 -11.528124851041074
v 0.05626992820152238 0.1576024809780001 -11.528125193168867
v 0.09072690918624715 0.1718748747750268 -11.528125239601826
vt 0.819313062283737 0.19571496539792388
vt 0.819313062283737 0.1971471453287197
vt 0.8158528546712803 0.1971471453287197
vt 0.8158528546712803 0.1956955882352941
vt 0.8125640138408304 0.1957435121107266
vt 0.8158528546712803 0.1956955882352941
vt 0.8158528546712803 0.1971471453287197
vt 0.8123910899653979 0.19723183391003463
vt 0.16533437716262978 0.1898375
vt 0.16691006920415224 0.18814878892733566
vt 0.1728882785467128 0.19283528546712803
vt 0.1643598615916955 0.19283528546712803
vt 0.7421336245674741 0.1866350346020761
vt 0.7455924480968857 0.18685129757785468
vt 0.7455677941176471 0.19031141868512114
vt 0.7379761851211073 0.1902685121107266
vt 0.33047262110726644 0.19117647058823528
vt 0.3307153719723183 0.18745485294117648
vt 0.3337509861591696 0.18777397923875438
vt 0.33496111591695504 0.1906112197231834
vt 0.33047262110726644 0.19117647058823528
vt 0.32701985294117647 0.19094688581314878
vt 0.3272717560553633 0.18711141868512104
vt 0.33071509515570935 0.18745916955017305
vt 0.1296864186851211 0.1865941176470588
vt 0.1296864186851211 0.18944506920415227
vt 0.12516245674740487 0.18944636678200688
vt 0.12463884083044983 0.18663183391003457
vt 0.1296864186851211 0.1865941176470588
vt 0.13314662629757784 0.1865941176470588
vt 0.13314662629757784 0.1894139273356401
vt 0.1296864186851211 0.18944506920415227
vt 0.2674534342560554 0.18721606401384083
vt 0.2674534342560554 0.18360726643598613
vt 0.2690311418685121 0.18472645328719717
vt 0.2677470761245675 0.1876822577854671
vt 0.6670312024221453 0.20407902249134946
vt 0.6670312024221453 0.20069204152249132
vt 0.6678200692041523 0.20133261245674738
vt 0.667171401384083 0.2041228287197232
vt 0.4085207612456747 0.22830025951557098
vt 0.40817490484429064 0.22830025951557098
vt 0.4066270155709343 0.22547374567474043
vt 0.4084784688581315 0.22491349480968859
vt 0.47459575259515574 0.4695069204152249
vt 0.47461756055363324 0.4696521366782007
vt 0.4715329584775086 0.4696521366782007
vt 0.7967873269896194 0.4686575173010381
vt 0.7972870674740484 0.46842560553633217
vt 0.7972870674740484 0.47049679065743943
vt 0.3452373615916955 0.1942041522491349
vt 0.3463716349480969 0.19479459342560557
vt 0.3452373615916955 0.1963262283737024
vt 0.3452373615916955 0.1942041522491349
vt 0.3463716349480969 0.19479459342560557
vt 0.3452373615916955 0.1963262283737024
vt 0.3452373615916955 0.1942041522491349
vt 0.3463716349480969 0.19479459342560557
vt 0.3452373615916955 0.1963262283737024
vt 0.3452373615916955 0.1942041522491349
vt 0.3463716349480969 0.19479459342560557
vt 0.3452373615916955 0.1963262283737024
vt 0.3452373615916955 0.1942041522491349
vt 0.3463716349480969 0.19479459342560557
vt 0.3452373615916955 0.1963262283737024
vt 0.3452373615916955 0.1942041522491349
vt 0.3463716349480969 0.19479459342560557
vt 0.3452373615916955 0.1963262283737024
vt 0.32006920415224915 0.20047577854671284
vt 0.32006920415224915 0.20408454152249134
vt 0.3193065570934256 0.2030581660899654
vt 0.6306228373702422 0.18422029411764707
vt 0.6306228373702422 0.18685121107266434
vt 0.6288927335640139 0.18623281141868508
vt 0.6293811505190312 0.18405243079584765
vt 0.22339965397923875 0.18317474048442905
vt 0.22339965397923875 0.18586743079584778
vt 0.22243871107266433 0.1851367820069204
vt 0.16782006920415224 0.1833842733564014
vt 0.16782006920415224 0.18685121107266434
vt 0.16608996539792387 0.18659759515570928
vt 0.16624122837370242 0.1834248875432526
vt 0.6774835899653979 0.18512110726643594
vt 0.6801470588235294 0.18512110726643594
vt 0.6798851211072664 0.18671247404844293
vt 0.6774049048442906 0.18685121107266434
vt 0.234947223183391 0.18347786332179927
vt 0.23506352076124568 0.1858564705882353
vt 0.23356401384083045 0.18665455882352933
vt 0.23356401384083045 0.18274221453287198
vt 0.46690905709342556 0.46964946366782
vt 0.46539792387543255 0.46964946366782
vt 0.46690217993079586 0.46885813148788924
vt 0.45761245674740486 0.4695032093425606
vt 0.45769794982698964 0.46885813148788924
vt 0.46017455882352937 0.46885813148788924
vt 0.4586113062283737 0.4697231833910035
vt 0.7910493944636677 0.3675857179930796
vt 0.7889273356401384 0.3675857179930796
vt 0.7904307958477509 0.3663494809688581
vt 0.7916066435986159 0.3665688581314879
vt 0.4610726643598616 0.4697231833910035
vt 0.46197151384083046 0.46917735294117646
vt 0.46402965397923873 0.4694084948096886
vt 0.46413745674740486 0.4697231833910035
vt 0.2880622837370242 0.187521107266436
vt 0.28955311418685126 0.18497621107266438
vt 0.29191955017301036 0.1858641868512111
vt 0.2903820934256055 0.18836340830449827
vt 0.2916025 0.18858131487889274
vt 0.29037833044982697 0.18836952422145326
vt 0.29191955017301036 0.1858641868512111
vt 0.2924440743944637 0.18652529411764707
vt 0.801038062283737 0.18681037197231842
vt 0.801984429065744 0.18470345155709345
vt 0.8050453287197231 0.18563831314878898
vt 0.8033296712802768 0.1878740397923876
vt 0.2560553633217993 0.1839257006920415
vt 0.2563467993079585 0.1831635034602077
vt 0.256863062283737 0.1837632439446366
vt 0.25615190311418684 0.18707206747404848
vt 0.2592856660899654 0.1877162629757786
vt 0.2561388494809689 0.1871328114186851
vt 0.256863062283737 0.1837632439446366
vt 0.25854371972318335 0.1853865743944636
vt 0.11514367647058824 0.1868165570934256
vt 0.11515224048442907 0.18534423875432526
vt 0.11861244809688583 0.18536491349480966
vt 0.11860362456747406 0.18685081314878893
vt 0.12188054498269897 0.1865680017301038
vt 0.11860362456747406 0.18685121107266434
vt 0.11861244809688583 0.18536491349480966
vt 0.12186844290657439 0.18577980968858132
vt 0.8158528546712803 0.1971471453287197
vt 0.819313062283737 0.1971471453287197
vt 0.819313062283737 0.19571496539792388
vt 0.8158528546712803 0.1956955882352941
vt 0.8158528546712803 0.1971471453287197
vt 0.8158528546712803 0.1956955882352941
vt 0.8125640138408304 0.1957435121107266
vt 0.8123910899653979 0.19723183391003463
vt 0.1728882785467128 0.19283528546712803
vt 0.16691006920415224 0.18814878892733566
vt 0.16533437716262978 0.1898375
vt 0.1643598615916955 0.19283528546712803
vt 0.7455677941176471 0.19031141868512114
vt 0.7455924480968857 0.18685129757785468
vt 0.7421336245674741 0.1866350346020761
vt 0.7379761851211073 0.1902685121107266
vt 0.3337509861591696 0.18777397923875438
vt 0.3307153719723183 0.18745485294117648
vt 0.33047262110726644 0.19117647058823528
vt 0.33496111591695504 0.1906112197231834
vt 0.3272717560553633 0.18711141868512104
vt 0.32701985294117647 0.19094688581314878
vt 0.33047262110726644 0.19117647058823528
vt 0.33071509515570935 0.18745916955017305
vt 0.12516245674740487 0.18944636678200688
vt 0.1296864186851211 0.18944506920415227
vt 0.1296864186851211 0.1865941176470588
vt 0.12463884083044983 0.18663183391003457
vt 0.13314662629757784 0.1894139273356401
vt 0.13314662629757784 0.1865941176470588
vt 0.1296864186851211 0.1865941176470588
vt 0.1296864186851211 0.18944506920415227
vt 0.2690311418685121 0.18472645328719717
vt 0.2674534342560554 0.18360726643598613
vt 0.2674534342560554 0.18721606401384083
vt 0.2677470761245675 0.1876822577854671
vt 0.6678200692041523 0.20133261245674738
vt 0.6670312024221453 0.20069204152249132
vt 0.6670312024221453 0.20407902249134946
vt 0.667171401384083 0.2041228287197232
vt 0.4066270155709343 0.22547374567474043
vt 0.40817490484429064 0.22830025951557098
vt 0.4085207612456747 0.22830025951557098
vt 0.4084784688581315 0.22491349480968859
vt 0.47461756055363324 0.4696521366782007
vt 0.47459575259515574 0.4695069204152249
vt 0.4715329584775086 0.4696521366782007
vt 0.7972870674740484 0.46842560553633217
vt 0.7967873269896194 0.4686575173010381
vt 0.7972870674740484 0.47049679065743943
vt 0.3463716349480969 0.19479459342560557
vt 0.3452373615916955 0.1942041522491349
vt 0.3452373615916955 0.1963262283737024
vt 0.3463716349480969 0.19479459342560557
vt 0.3452373615916955 0.1942041522491349
vt 0.3452373615916955 0.1963262283737024
vt 0.3463716349480969 0.19479459342560557
vt 0.3452373615916955 0.1942041522491349
vt 0.3452373615916955 0.1963262283737024
vt 0.3463716349480969 0.19479459342560557
vt 0.3452373615916955 0.1942041522491349
vt 0.3452373615916955 0.1963262283737024
vt 0.3463716349480969 0.19479459342560557
vt 0.3452373615916955 0.1942041522491349
vt 0.3452373615916955 0.1963262283737024
vt 0.3463716349480969 0.19479459342560557
vt 0.3452373615916955 0.1942041522491349
vt 0.3452373615916955 0.1963262283737024
vt 0.32006920415224915 0.20408454152249134
vt 0.32006920415224915 0.20047577854671284
vt 0.3193065570934256 0.2030581660899654
vt 0.6288927335640139 0.18623281141868508
vt 0.6306228373702422 0.18685121107266434
vt 0.6306228373702422 0.18422029411764707
vt 0.6293811505190312 0.18405243079584765
vt 0.22339965397923875 0.18586743079584778
vt 0.22339965397923875 0.18317474048442905
vt 0.22243871107266433 0.1851367820069204
vt 0.16608996539792387 0.18659759515570928
vt 0.16782006920415224 0.18685121107266434
vt 0.16782006920415224 0.1833842733564014
vt 0.16624122837370242 0.1834248875432526
vt 0.6798851211072664 0.18671247404844293
vt 0.6801470588235294 0.18512110726643594
vt 0.6774835899653979 0.18512110726643594
vt 0.6774049048442906 0.18685121107266434
vt 0.23356401384083045 0.18665455882352933
vt 0.23506352076124568 0.1858564705882353
vt 0.234947223183391 0.18347786332179927
vt 0.23356401384083045 0.18274221453287198
vt 0.46539792387543255 0.46964946366782
vt 0.46690905709342556 0.46964946366782
vt 0.46690217993079586 0.46885813148788924
vt 0.46017455882352937 0.46885813148788924
vt 0.45769794982698964 0.46885813148788924
vt 0.45761245674740486 0.4695032093425606
vt 0.4586113062283737 0.4697231833910035
vt 0.7904307958477509 0.3663494809688581
vt 0.7889273356401384 0.3675857179930796
vt 0.7910493944636677 0.3675857179930796
vt 0.7916066435986159 0.3665688581314879
vt 0.46402965397923873 0.4694084948096886
vt 0.46197151384083046 0.46917735294117646
vt 0.4610726643598616 0.4697231833910035
vt 0.46413745674740486 0.4697231833910035
vt 0.29191955017301036 0.1858641868512111
vt 0.28955311418685126 0.18497621107266438
vt 0.2880622837370242 0.187521107266436
vt 0.2903820934256055 0.18836340830449827
vt 0.29191955017301036 0.1858641868512111
vt 0.29037833044982697 0.18836952422145326
vt 0.2916025 0.18858131487889274
vt 0.2924440743944637 0.18652529411764707
vt 0.8050453287197231 0.18563831314878898
vt 0.801984429065744 0.18470345155709345
vt 0.801038062283737 0.18681037197231842
vt 0.8033296712802768 0.1878740397923876
vt 0.256863062283737 0.1837632439446366
vt 0.2563467993079585 0.1831635034602077
vt 0.2560553633217993 0.1839257006920415
vt 0.25615190311418684 0.18707206747404848
vt 0.256863062283737 0.1837632439446366
vt 0.2561388494809689 0.1871328114186851
vt 0.2592856660899654 0.1877162629757786
vt 0.25854371972318335 0.1853865743944636
vt 0.11861244809688583 0.18536491349480966
vt 0.11515224048442907 0.18534423875432526
vt 0.11514367647058824 0.1868165570934256
vt 0.11860362456747406 0.18685081314878893
vt 0.11861244809688583 0.18536491349480966
vt 0.11860362456747406 0.18685121107266434
vt 0.12188054498269897 0.1865680017301038
vt 0.12186844290657439 0.18577980968858132
vt 0.3170415224913495 0.8762963581314879
vt 0.31750879757785466 0.8762963581314879
vt 0.31750879757785466 0.8766421539792387
vt 0.3170415224913495 0.8766421539792387
vt 0.32072132352941174 0.8776363408304498
vt 0.32072132352941174 0.8772905363321799
vt 0.3211885986159169 0.8772905363321799
vt 0.3211885986159169 0.8776363408304498
vt 0.3216558737024221 0.8776795674740484
vt 0.3216558737024221 0.8779389186851211
vt 0.3211885986159169 0.8779389186851211
vt 0.3211885986159169 0.8776795674740484
vt 0.3212470069204152 0.8773769896193772
vt 0.32171428200692037 0.8773769896193772
vt 0.32171428200692037 0.8776363408304498
vt 0.3212470069204152 0.8776363408304498
vt 0.32083814013840833 0.8762099048442906
vt 0.32083814013840833 0.8758641003460208
vt 0.3211885986159169 0.8758641003460208
vt 0.3211885986159169 0.8762099048442906
vt 0.3212470069204152 0.8758641003460208
vt 0.32159746539792383 0.8758641003460208
vt 0.32159746539792383 0.8762099048442906
vt 0.3212470069204152 0.8762099048442906
vt 0.32031245674740483 0.8784576211072664
vt 0.3208965484429066 0.8784576211072664
vt 0.3208965484429066 0.8788034256055364
vt 0.32031245674740483 0.8788034256055364
vt 0.32037086505190315 0.8769447318339101
vt 0.32037086505190315 0.8765989359861591
vt 0.3209549567474049 0.8765989359861591
vt 0.3209549567474049 0.8769447318339101
vt 0.3213054152249135 0.8769879584775087
vt 0.3213054152249135 0.8772473096885813
vt 0.32072132352941174 0.8772473096885813
vt 0.32072132352941174 0.8769879584775087
vt 0.32083814013840833 0.8788898788927335
vt 0.32142223183391005 0.8788898788927335
vt 0.32142223183391005 0.8791492301038062
vt 0.32083814013840833 0.8791492301038062
vt 0.31978676470588235 0.876166678200692
vt 0.31978676470588235 0.8758208737024221
vt 0.320137223183391 0.8758208737024221
vt 0.320137223183391 0.876166678200692
vt 0.3213638235294118 0.8769879584775087
vt 0.32171428200692037 0.8769879584775087
vt 0.32171428200692037 0.8773337629757786
vt 0.3213638235294118 0.8773337629757786
vt 0.31873539792387545 0.8760802249134948
vt 0.31914426470588236 0.8760802249134948
vt 0.31914426470588236 0.8763828027681662
vt 0.31873539792387545 0.8763828027681662
vt 0.32101336505190314 0.8769447318339101
vt 0.32101336505190314 0.8766421539792387
vt 0.32142223183391005 0.8766421539792387
vt 0.32142223183391005 0.8769447318339101
vt 0.323758615916955 0.8779389186851211
vt 0.323758615916955 0.8780253719723183
vt 0.3233497491349481 0.8780253719723183
vt 0.3233497491349481 0.8779389186851211
vt 0.3234665657439446 0.8753453979238754
vt 0.3238754325259515 0.8753453979238754
vt 0.3238754325259515 0.8754318425605536
vt 0.3234665657439446 0.8754318425605536
vt 0.3195531314878893 0.8746537889273356
vt 0.3195531314878893 0.8743512110726643
vt 0.3196699480968858 0.8743512110726643
vt 0.3196699480968858 0.8746537889273356
vt 0.32153905709342556 0.8743512110726643
vt 0.3216558737024221 0.8743512110726643
vt 0.3216558737024221 0.8746537889273356
vt 0.32153905709342556 0.8746537889273356
vt 0.3150086505190311 0.8770868252595155
vt 0.31554734429065745 0.8770868252595155
vt 0.31554734429065745 0.8771673356401384
vt 0.3150086505190311 0.8771673356401384
vt 0.3198568771626297 0.8767245242214533
vt 0.3198568771626297 0.8766440138408305
vt 0.32039556228373706 0.8766440138408305
vt 0.32039556228373706 0.8767245242214533
vt 0.31844281141868513 0.8745104757785467
vt 0.31844281141868513 0.8747117474048443
vt 0.31790411764705884 0.8747117474048443
vt 0.31790411764705884 0.8745104757785467
vt 0.3179714532871972 0.876885544982699
vt 0.3185101470588235 0.876885544982699
vt 0.3185101470588235 0.8770868252595155
vt 0.3179714532871972 0.8770868252595155
vt 0.3205302335640139 0.8774893771626298
vt 0.3205302335640139 0.8774088667820069
vt 0.3208669204152249 0.8774088667820069
vt 0.3208669204152249 0.8774893771626298
vt 0.32059757785467125 0.8777309083044983
vt 0.3209342560553633 0.8777309083044983
vt 0.3209342560553633 0.8778114186851211
vt 0.32059757785467125 0.8778114186851211
vt 0.3322092993079585 0.8890366262975778
vt 0.332219178200692 0.8890366262975778
vt 0.3322092993079585 0.8890570934256056
vt 0.3321944809688581 0.8874855276816609
vt 0.3321846020761246 0.8874855276816609
vt 0.3321846020761246 0.887452785467128
vt 0.3308015916955017 0.8870066868512111
vt 0.3308114705882353 0.8870025951557093
vt 0.3308114705882353 0.8870230622837371
vt 0.3309744636678201 0.8870353373702422
vt 0.3309695242214533 0.8870353373702422
vt 0.3309695242214533 0.8870025951557093
vt 0.33055461937716263 0.8870066868512111
vt 0.3305595588235294 0.8870025951557093
vt 0.3305595588235294 0.8870230622837371
vt 0.332219178200692 0.8872604325259515
vt 0.332219178200692 0.887268615916955
vt 0.3321846020761246 0.8872604325259515
vt 0.332219178200692 0.8875346366782007
vt 0.332219178200692 0.8875428200692042
vt 0.33219942041522493 0.8875428200692042
vt 0.3318882439446367 0.8870476124567475
vt 0.3318783650519031 0.8870476124567475
vt 0.3318783650519031 0.8870148702422146
vt 0.332219178200692 0.8870312456747405
vt 0.332219178200692 0.887039429065744
vt 0.33219942041522493 0.8870312456747405
vt 0.3307275 0.8870353373702422
vt 0.33071762110726644 0.8870353373702422
vt 0.33071762110726644 0.8870025951557093
vt 0.3322339965397924 0.8882713062283737
vt 0.3322290570934256 0.8882794982698962
vt 0.3322092993079585 0.8882713062283737
vt 0.33141406574394466 0.8870476124567475
vt 0.33140912629757785 0.8870476124567475
vt 0.33140912629757785 0.8870148702422146
vt 0.33036692906574394 0.8870148702422146
vt 0.33036692906574394 0.8870230622837371
vt 0.3303471712802768 0.8870230622837371
vt 0.33221423875432526 0.8876696972318339
vt 0.33221423875432526 0.8876778806228374
vt 0.3321796626297578 0.8876696972318339
vt 0.3322043598615917 0.8875837456747405
vt 0.3321944809688581 0.8875837456747405
vt 0.3321944809688581 0.8875632871972319
vt 0.3321895415224913 0.8879193425605536
vt 0.3321846020761246 0.8879234342560554
vt 0.3321846020761246 0.8878866003460207
vt 0.3304755882352941 0.8870230622837371
vt 0.33047064878892735 0.8870230622837371
vt 0.3304755882352941 0.8870025951557093
vt 0.3321944809688581 0.8882467560553633
vt 0.3321846020761246 0.888250847750865
vt 0.3321846020761246 0.8882140138408304
vt 0.332219178200692 0.8884309256055364
vt 0.3322092993079585 0.8884268252595156
vt 0.332219178200692 0.8884104584775087
vt 0.33094976643598617 0.8870353373702422
vt 0.3309398875432526 0.8870353373702422
vt 0.3309398875432526 0.8870025951557093
vt 0.3303274134948097 0.8870230622837371
vt 0.3303175346020761 0.8870230622837371
vt 0.3303175346020761 0.8870025951557093
vt 0.332219178200692 0.8876001211072664
vt 0.332219178200692 0.8876083044982699
vt 0.3321846020761246 0.8876001211072664
vt 0.33219942041522493 0.8872972664359862
vt 0.33219942041522493 0.8872890830449827
vt 0.332219178200692 0.8872890830449827
vt 0.33138936851211076 0.8870476124567475
vt 0.33137948961937713 0.8870476124567475
vt 0.33137948961937713 0.8870148702422146
vt 0.3322092993079585 0.8888647404844291
vt 0.33221423875432526 0.8888565570934256
vt 0.3322339965397924 0.8888647404844291
vt 0.33024344290657437 0.8870353373702422
vt 0.33023356401384085 0.8870353373702422
vt 0.33023356401384085 0.8870025951557093
vt 0.33221423875432526 0.8885373269896194
vt 0.3322092993079585 0.8885291435986159
vt 0.3322339965397924 0.8885291435986159
vt 0.33173512110726644 0.8870476124567475
vt 0.33172524221453287 0.8870476124567475
vt 0.33172524221453287 0.8870148702422146
vt 0.33221423875432526 0.8887174048442906
vt 0.3322092993079585 0.8887092214532872
vt 0.3322339965397924 0.8887092214532872
vt 0.33149803633217995 0.8870435207612457
vt 0.33149803633217995 0.8870517041522491
vt 0.33146346020761247 0.8870435207612457
vt 0.3321944809688581 0.8872235986159169
vt 0.3322043598615917 0.8872235986159169
vt 0.3322043598615917 0.8872440570934256
vt 0.33115722318339097 0.8870476124567475
vt 0.33114734429065745 0.8870476124567475
vt 0.33114734429065745 0.8870148702422146
vt 0.33297088235294114 0.8869182612456747
vt 0.33297292387543254 0.8869252249134948
vt 0.332946107266436 0.8869252249134948
vt 0.33298331314878893 0.8872365743944637
vt 0.3329845501730104 0.8872295242214533
vt 0.33302744809688584 0.8872365743944637
vt 0.33128990484429066 0.886906366782007
vt 0.3312878633217993 0.886913330449827
vt 0.3312630968858131 0.886906366782007
vt 0.33036981833910034 0.886898070934256
vt 0.33038020761245673 0.886897223183391
vt 0.33038020761245673 0.8869271885813149
vt 0.333043044982699 0.8883343079584775
vt 0.33304100346020765 0.8883412716262976
vt 0.33301623702422145 0.8883343079584775
vt 0.33119379757785467 0.886898070934256
vt 0.3312041868512111 0.886897223183391
vt 0.3312041868512111 0.8869271885813149
vt 0.3330234775086505 0.8870610553633218
vt 0.33302551903114186 0.8870680190311419
vt 0.33299870242214535 0.8870680190311419
vt 0.3321391089965398 0.8869099653979239
vt 0.33214949826989615 0.8869091262975779
vt 0.33214949826989615 0.8869390830449827
vt 0.3327878373702422 0.8869077508650519
vt 0.3327980968858132 0.886906366782007
vt 0.3327980968858132 0.8869245588235294
vt 0.3329967733564014 0.888605017301038
vt 0.3329980103806228 0.8885979671280276
vt 0.3330409083044983 0.888605017301038
vt 0.3310697577854671 0.886895847750865
vt 0.33108001730103803 0.8868944636678201
vt 0.33108001730103803 0.8869126643598616
vt 0.3311559688581315 0.886898070934256
vt 0.33116635813148787 0.886897223183391
vt 0.33116635813148787 0.8869271885813149
vt 0.3329982179930796 0.8869420588235294
vt 0.33300847750865054 0.8869434515570934
vt 0.3329982179930796 0.886960259515571
vt 0.33282145328719726 0.8869099653979239
vt 0.3328318425605536 0.8869091262975779
vt 0.3328318425605536 0.8869390830449827
vt 0.3329982179930796 0.8874432266435986
vt 0.33300847750865054 0.8874418425605536
vt 0.33300847750865054 0.8874600432525952
vt 0.33184107266435986 0.8869099653979239
vt 0.33185146193771625 0.8869091262975779
vt 0.33185146193771625 0.8869390830449827
vt 0.3330182785467128 0.8882817733564013
vt 0.33301623702422145 0.8882748096885813
vt 0.333043044982699 0.8882748096885813
vt 0.333000839100346 0.8884860207612457
vt 0.33300208477508647 0.8884789705882353
vt 0.33304498269896193 0.8884860207612457
vt 0.3313156920415225 0.886913330449827
vt 0.3313177249134948 0.886906366782007
vt 0.3313425 0.886913330449827
vt 0.3309658910034602 0.886898070934256
vt 0.33097627162629756 0.88689723183391
vt 0.33097627162629756 0.8869271885813149
vt 0.33301623702422145 0.8885435640138408
vt 0.3330182785467128 0.8885366003460208
vt 0.333043044982699 0.8885435640138408
vt 0.33058019896193774 0.886898070934256
vt 0.3305905795847751 0.88689723183391
vt 0.3305905795847751 0.8869271885813149
vt 0.3330007439446367 0.8870442214532872
vt 0.33299870242214535 0.8870372577854672
vt 0.33302551903114186 0.8870372577854672
vt 0.3329104930795848 0.8869099653979239
vt 0.33292088235294115 0.8869091262975779
vt 0.33292088235294115 0.8869390830449827
vt 0.3330260034602076 0.8883154152249135
vt 0.3330157439446367 0.8883168079584776
vt 0.3330157439446367 0.888298607266436
vt 0.3329792387543252 0.8870104844290657
vt 0.3329804757785467 0.8870034342560553
vt 0.33302338235294116 0.8870104844290657
vt 0.3330260034602076 0.8881726297577854
vt 0.3330157439446367 0.8881740138408305
vt 0.3330157439446367 0.8881558131487889
vt 0.3310332525951557 0.886898070934256
vt 0.3310436418685121 0.88689723183391
vt 0.3310436418685121 0.8869271885813149
vt 0.3330260034602076 0.888649991349481
vt 0.3330157439446367 0.888648607266436
vt 0.3330260034602076 0.8886317906574395
vt 0.33187475778546716 0.8869099653979239
vt 0.3318851470588235 0.8869091262975779
vt 0.3318851470588235 0.8869390830449827
vt 0.3327104411764706 0.8869231747404844
vt 0.33270018166089965 0.8869245588235294
vt 0.33270018166089965 0.886906366782007
vt 0.3313677249134948 0.8869099653979239
vt 0.3313781141868512 0.8869091262975779
vt 0.3313781141868512 0.8869390830449827
vn -0.0000014386662494040442 -0.9659250164969846 -0.258822067264811
vn -0.12029598266529584 -0.9589111209496476 -0.2569403406895876
vn -0.03963785470812607 0.006836433318911638 -0.9991907243632788
vn -0.005476928220088975 0.0000012429878619019121 -0.9999850015153864
vn 0.029715685138204526 -0.7433087821797925 -0.6682881357552004
vn 0.00895903049550766 -0.7103915078079994 -0.7037497008218602
vn -0.191181790934558 0.7519144584702318 -0.6309311927290272
vn -9.042582241117203e-7 0.7660439027766 -0.6427882536403239
vn -0.7384083912768825 0.3691974248712031 -0.5643104723114385
vn -0.5816938747646437 0.5463260207608364 -0.6026276753526386
vn -0.7383943725549778 0.36924186767021183 -0.5642997374964431
vn 0.14858217422693273 -0.6911882983284362 -0.7072355150555139
vn 0.35935068500077216 -0.6048008987155087 -0.7106918868978237
vn 0.41351781266480336 -0.5516566669419385 -0.7243465609964803
vn -0.0699459868679303 0.16400084392047795 -0.9839772772348164
vn -0.00009536650911406291 -0.07666860098227032 -0.9970566265406647
vn 0.04657439137895092 -0.25320477772054345 -0.9662909326942742
vn 0.5488201217283877 -0.08130463681584774 -0.8319771811884511
vn -0.004329631783930595 0.11878022091466163 -0.99291113066985
vn -0.7378382372398878 0.3758095878087604 -0.5606798457031827
vn -0.8454701865263017 0.14091410976749355 -0.515095503148315
vn -0.7376823703596975 0.3763533235819646 -0.5605202014997382
vn -0.8547585407015111 0.05342205150864977 -0.5162692335501221
vn -0.7618768715577608 -0.42119097750079865 -0.4920790516342688
vn -0.4095239711435615 -0.8064706893623468 -0.42649166962348606
vn -0.49119715601163133 -0.7837138310785939 -0.3801552115941573
vn 0.1613501906624606 -0.2771394561675422 -0.9471852183223443
vn 0.3290619091451048 -0.7881643722328884 -0.5201107404125739
vn 0.18471385606434151 -0.6973355859597936 -0.6925343832128144
vn 0.26009830029182646 -0.15336466851569058 -0.9533247886404587
vn 0.7167111544230961 -0.22052627125462007 -0.661583921216384
vn 0.3047258998580798 -0.022550823737114145 -0.9521730863159603
vn 0.19862156774849563 0.4907902028198182 -0.848336283345945
vn 0.2746021175800549 0.3186913743783943 -0.9072097248802837
vn 0.005591726031624889 0.2377809362859671 -0.9713027123090703
vn -0.07921124888750779 0.258308807405438 -0.9628095024803514
vn 6.970324317873144e-7 -0.9659258012437615 -0.25881913857192196
vn 0.12029601906306288 -0.9589118290976161 -0.25693768079875684
vn 0.03963770257511137 0.006838935801522771 -0.999190713273332
vn 0.0054769145317906465 0.000001258509298801558 -0.9999850015903378
vn -0.029715673103914167 -0.7433085592490274 -0.6682883842467388
vn -0.008961456917523862 -0.710391491438443 -0.7037496864523494
vn 0.19118379340967726 0.7519148587325071 -0.6309301089302679
vn -9.042582241047814e-7 0.7660439027766001 -0.6427882536403238
vn 0.7384076780244723 0.36920067958134206 -0.5643092762228729
vn 0.5816866540115888 0.5463334077860832 -0.6026279483077829
vn 0.7383970255026796 0.36923573336541166 -0.5643002799351616
vn -0.1485982375880503 -0.6911825053921925 -0.7072378016095415
vn -0.3593547745887305 -0.6047977202202938 -0.7106925239487313
vn -0.4135184678195039 -0.5516535277404774 -0.7243485777605256
vn 0.06994414233179477 0.16399938056379162 -0.9839776522503764
vn 0.00009382135008662029 -0.07666992241256251 -0.9970565250750861
vn -0.04657661528773647 -0.2532073516532013 -0.966290151029757
vn -0.5488207089532146 -0.08130362025329307 -0.8319768931633856
vn 0.004327255721265432 0.11878044091714512 -0.9929111147093941
vn 0.7378384072389744 0.3758070439160505 -0.5606813270888669
vn 0.8454698966124041 0.14091042760728192 -0.5150969863178619
vn 0.7376812281644206 0.37635535877197424 -0.5605203382014345
vn 0.8547566314807034 0.05342184145124194 -0.5162724162646304
vn 0.7618765622904815 -0.42119138417628765 -0.492079182376273
vn 0.40952601060919375 -0.8064732041468942 -0.42648495592173075
vn 0.4911928826737827 -0.7837179812211164 -0.38015217732023787
vn -0.16135340800284126 -0.27713350516358076 -0.9471864114532135
vn -0.32906489079568674 -0.7881613769465466 -0.5201133929590223
vn -0.1847203147577317 -0.6973320766595219 -0.692536194128165
vn -0.2600976474529416 -0.153365204923939 -0.9533248804621034
vn -0.7167146781464953 -0.22052718207019995 -0.6615798002490271
vn -0.3047251616584298 -0.022552156272580243 -0.9521732910031142
vn -0.1986229042615501 0.4907906501882177 -0.8483357116086376
vn -0.27460165021185384 0.3186902209553909 -0.9072102715293356
vn -0.005593762538305097 0.2377819495765847 -0.9713024525225001
vn 0.07921299834406027 0.25830733340681594 -0.9628097540021103
vn -3.436157405313501e-8 0.999999999999956 2.9510624394157864e-7
vn -8.268487416539931e-8 -0.999999999999953 -2.9510614012184794e-7
vn -7.483513087061522e-7 -0.0000012101268491437889 0.9999999999989878
vn 8.431217823137718e-7 0.0000012101268393460709 -0.9999999999989124
vn 0.9999999999996028 -1.0197855970350139e-7 -8.855438283703054e-7
vn -0.999999999999948 2.537263448995631e-8 -3.2165972182335306e-7
vn 3.114396056767485e-7 0.9999999999995893 8.51137862870055e-7
vn 1.9379914881819537e-7 -0.9999999999996192 -8.511377004583045e-7
vn 3.42100567998771e-7 5.97623848352935e-7 0.999999999999763
vn -4.201451138732827e-7 -5.976238463822893e-7 -0.9999999999997333
vn 0.999999999999948 -2.5372634506436182e-8 3.216597216498807e-7
vn -0.9999999999980799 0.0000017481645354280179 8.855443143496178e-7
vn 6.402963209370741e-7 0.9999999999997442 3.1892432303393115e-7
vn 0.000001416087702626155 -0.9999999999984237 0.0000010711716285638495
vn 2.9224583363712814e-7 0.0000016319691635569016 0.9999999999986258
vn -2.922460241791547e-7 -0.00000192966118989224 -0.9999999999980955
vn 0.99999999999939 0.0000011041410448615896 -2.994752032470238e-8
vn -0.9999999999994124 0.000001083690492525817 2.994821788476765e-8
vn -5.746613832881275e-7 0.999999999999556 -7.468843565838768e-7
vn 4.435703253582655e-7 -0.9999999999998976 9.142884989377101e-8
vn -8.909663125680758e-7 -0.0000011169298202717839 0.9999999999989795
vn -4.347163993639881e-7 -0.0000010925410772189006 -0.9999999999993088
vn 0.9999999999995237 -6.629286095636082e-7 7.163996506576178e-7
vn -0.9999999999993407 5.692963653703559e-7 -9.972962504364857e-7
vn -0.000011779666260584857 0.0000028107227479368117 -0.9999999999266698
vn 0.30614850829121265 0.7391034798187402 0.5999992808253143
vn 0.000009049232426679156 -0.000011106725228429705 -0.9999999998973761
vn 0.565685365288251 0.5656859496279061 0.5999995615767335
vn -0.000006298535437702925 0.000011863026445999018 -0.9999999999097986
vn 0.7391063879496733 0.3061402289438272 0.5999999229285019
vn -0.000003849627733129579 -4.484002382731944e-7 -0.9999999999924897
vn 0.7999999690251941 0.00000511939394484684 0.600000041277899
vn -0.000005465921300448762 -0.000008574115648918301 -0.9999999999483041
vn 0.739104091325885 -0.306143547188419 0.6000010589159241
vn 0.000004399467788754331 0.000006190571055192386 -0.9999999999711608
vn 0.5656849466875666 -0.5656844982685587 0.6000013245899828
vn -0.000002110125079411718 0.0000018410072247371238 -0.9999999999960791
vn 0.30614417544871664 -0.7391034974367204 0.6000014699278937
vn -0.000004507390135966017 0.0000013641593804292198 -0.9999999999889114
vn -6.872108653348253e-7 -0.7999991746263267 0.6000011004962608
vn 0.000004882023767582844 -5.035340298192859e-7 -0.9999999999879562
vn -0.30614247950901696 -0.7391040477264628 0.600001657393069
vn -3.886973021643981e-7 0.0000030182539940692985 -0.9999999999953697
vn -0.5656905193736651 -0.5656791714288333 0.6000010927509564
vn 0.0000031396003349337684 -0.0000022622611449696355 -0.9999999999925127
vn -0.7391032675823009 -0.3061465928243805 0.6000005196257656
vn 0.000002778790018934108 -4.483600519467058e-7 -0.9999999999960388
vn -0.7999998045699059 -0.000004581340533750533 0.6000002605558797
vn 0.0000039721245897184065 0.0000055510029254024484 -0.9999999999767043
vn -0.7391040149646234 0.3061457195717679 0.600000044542547
vn -0.000005038485083229406 -0.000007934408306861653 -0.9999999999558296
vn -0.5656849556912331 0.5656866901655485 0.599999249561326
vn 4.264381475091451e-7 -0.0000042828646440590265 -0.9999999999907377
vn -0.30614362738350454 0.7391060782848525 0.599998570377343
vn 0.00001215413658185727 -0.000001950064912548122 -0.9999999999242373
vn -0.000005218884955068837 0.8000011561277177 0.5999984584705852
vn 0.000011779666260508529 -0.000002810722747909056 0.9999999999266698
vn 0.30613480283293215 0.7391078911627639 -0.600000839762224
vn -0.000009049232426602828 0.000011106725228374194 0.9999999998973762
vn 0.5656970855336186 0.5656734827100552 -0.6000002653144801
vn 0.0000062985354376821085 -0.000011863026445943506 0.9999999999097987
vn 0.7391004280339049 0.30615512662040334 -0.5999996631033584
vn 0.000003849627732824268 4.4840023981362886e-7 0.9999999999924897
vn 0.7999998045699059 0.000004581340532328061 -0.6000002605558801
vn 0.000005465921299574462 0.000008574115647613791 0.9999999999483042
vn 0.7391008561597695 -0.30615521296361997 -0.5999990916652259
vn -0.000004399467788747392 -0.000006190571055150753 0.9999999999711608
vn 0.5656929343052461 -0.5656797778116248 -0.5999982442075239
vn 0.000002110125079259062 -0.0000018410072248203901 0.999999999996079
vn 0.3061436273835039 -0.7391060782848525 -0.5999985703773433
vn 0.000004507390135959078 -0.000001364159380484731 0.9999999999889114
vn -0.000006096090946716011 -0.8000019663728989 -0.5999973781295492
vn -0.000004882023767555088 5.035340297637747e-7 0.9999999999879562
vn -0.30613826070708766 -0.7391086104710882 -0.5999981893795485
vn 3.886973034272768e-7 -0.0000030182539949019657 0.9999999999953697
vn -0.5656939492012659 -0.5656785128461783 -0.5999984799490842
vn -0.0000031396003352390797 0.0000022622611464545588 0.9999999999925127
vn -0.7391028987727053 -0.3061507153375016 -0.5999988704357037
vn -0.00000277879001867043 4.483600504479047e-7 0.9999999999960388
vn -0.7999999690251941 -0.000005119393944735818 -0.600000041277899
vn -0.000003972124588920434 -0.000005551002924097936 0.9999999999767043
vn -0.7391009214667138 0.3061530737840866 -0.6000001027496664
vn 0.000005038485083166956 0.000007934408306833897 0.9999999999558296
vn -0.5656921181858023 0.5656782851803862 -0.6000004209147173
vn -4.2643814756465625e-7 0.0000042828646440590265 0.9999999999907377
vn -0.306144175448716 0.7391034974367207 -0.6000014699278939
vn -0.000012154136581801755 0.0000019500649125481218 0.9999999999242372
vn 0.000009366066052084177 0.7999997960744709 -0.6000002718275066
usemtl m_e0db7bc8-3143-46ee-7892-9d64a2bdd70a
f 3177/7037/1777 3174/7038/1777 3175/7039/1777 3176/7040/1777
f 3178/7041/1778 3176/7042/1778 3175/7043/1778 3173/7044/1778
f 3180/7045/1779 3179/7046/1779 3182/7047/1779 3181/7048/1779
f 3184/7049/1780 3183/7050/1780 3186/7051/1780 3185/7052/1780
f 3189/7053/1781 3190/7054/1781 3191/7055/1781 3187/7056/1781
f 3189/7057/1782 3188/7058/1782 3192/7059/1782 3190/7060/1782
f 3195/7061/1783 3196/7062/1783 3197/7063/1783 3193/7064/1783
f 3195/7065/1784 3194/7066/1784 3198/7067/1784 3196/7068/1784
f 3202/7069/1785 3200/7070/1785 3199/7071/1785 3201/7072/1785
f 3205/7073/1786 3204/7074/1786 3203/7075/1786 3206/7076/1786
f 3209/7077/1787 3210/7078/1787 3208/7079/1787 3207/7080/1787
f 3211/7081/1788 3212/7082/1788 3213/7083/1788
f 3214/7084/1789 3215/7085/1789 3216/7086/1789
f 3217/7087/1790 3218/7088/1790 3219/7089/1790
f 3220/7090/1791 3221/7091/1791 3222/7092/1791
f 3223/7093/1792 3224/7094/1792 3225/7095/1792
f 3226/7096/1793 3227/7097/1793 3228/7098/1793
f 3229/7099/1794 3230/7100/1794 3231/7101/1794
f 3232/7102/1795 3233/7103/1795 3234/7104/1795
f 3235/7105/1796 3236/7106/1796 3237/7107/1796
f 3238/7108/1797 3239/7109/1797 3240/7110/1797 3241/7111/1797
f 3242/7112/1798 3243/7113/1798 3244/7114/1798
f 3245/7115/1799 3246/7116/1799 3247/7117/1799 3248/7118/1799
f 3249/7119/1800 3250/7120/1800 3251/7121/1800 3252/7122/1800
f 3255/7123/1801 3256/7124/1801 3254/7125/1801 3253/7126/1801
f 3259/7127/1802 3257/7128/1802 3258/7129/1802
f 3264/7130/1803 3261/7131/1803 3262/7132/1803 3263/7133/1803
f 3265/7134/1804 3263/7135/1804 3262/7136/1804 3260/7137/1804
f 3269/7138/1805 3266/7139/1805 3267/7140/1805 3268/7141/1805
f 3274/7142/1806 3271/7143/1806 3272/7144/1806 3273/7145/1806
f 3275/7146/1807 3273/7147/1807 3272/7148/1807 3270/7149/1807
f 3279/7150/1808 3276/7151/1808 3277/7152/1808 3278/7153/1808
f 3284/7154/1809 3281/7155/1809 3282/7156/1809 3283/7157/1809
f 3285/7158/1810 3283/7159/1810 3282/7160/1810 3280/7161/1810
f 3290/7162/1811 3287/7163/1811 3288/7164/1811 3289/7165/1811
f 3291/7166/1812 3289/7167/1812 3288/7168/1812 3286/7169/1812
f 3294/7170/1813 3293/7171/1813 3296/7172/1813 3295/7173/1813
f 3294/7174/1814 3295/7175/1814 3297/7176/1814 3292/7177/1814
f 3301/7178/1815 3298/7179/1815 3299/7180/1815 3300/7181/1815
f 3305/7182/1816 3302/7183/1816 3303/7184/1816 3304/7185/1816
f 3310/7186/1817 3309/7187/1817 3308/7188/1817 3306/7189/1817
f 3311/7190/1818 3307/7191/1818 3308/7192/1818 3309/7193/1818
f 3316/7194/1819 3315/7195/1819 3314/7196/1819 3312/7197/1819
f 3317/7198/1820 3313/7199/1820 3314/7200/1820 3315/7201/1820
f 3318/7202/1821 3319/7203/1821 3321/7204/1821 3320/7205/1821
f 3322/7206/1822 3323/7207/1822 3324/7208/1822 3325/7209/1822
f 3327/7210/1823 3329/7211/1823 3328/7212/1823 3326/7213/1823
f 3331/7214/1824 3330/7215/1824 3332/7216/1824
f 3334/7217/1825 3333/7218/1825 3335/7219/1825
f 3337/7220/1826 3336/7221/1826 3338/7222/1826
f 3340/7223/1827 3339/7224/1827 3341/7225/1827
f 3343/7226/1828 3342/7227/1828 3344/7228/1828
f 3346/7229/1829 3345/7230/1829 3347/7231/1829
f 3349/7232/1830 3348/7233/1830 3350/7234/1830
f 3352/7235/1831 3351/7236/1831 3353/7237/1831
f 3355/7238/1832 3354/7239/1832 3356/7240/1832
f 3359/7241/1833 3358/7242/1833 3357/7243/1833 3360/7244/1833
f 3362/7245/1834 3361/7246/1834 3363/7247/1834
f 3366/7248/1835 3365/7249/1835 3364/7250/1835 3367/7251/1835
f 3370/7252/1836 3369/7253/1836 3368/7254/1836 3371/7255/1836
f 3373/7256/1837 3375/7257/1837 3374/7258/1837 3372/7259/1837
f 3376/7260/1838 3378/7261/1838 3377/7262/1838
f 3381/7263/1839 3380/7264/1839 3383/7265/1839 3382/7266/1839
f 3381/7267/1840 3382/7268/1840 3384/7269/1840 3379/7270/1840
f 3386/7271/1841 3385/7272/1841 3388/7273/1841 3387/7274/1841
f 3391/7275/1842 3390/7276/1842 3393/7277/1842 3392/7278/1842
f 3391/7279/1843 3392/7280/1843 3394/7281/1843 3389/7282/1843
f 3396/7283/1844 3395/7284/1844 3398/7285/1844 3397/7286/1844
f 3401/7287/1845 3400/7288/1845 3403/7289/1845 3402/7290/1845
f 3401/7291/1846 3402/7292/1846 3404/7293/1846 3399/7294/1846
f 3407/7295/1847 3406/7296/1847 3409/7297/1847 3408/7298/1847
f 3407/7299/1848 3408/7300/1848 3410/7301/1848 3405/7302/1848
f 3416/7303/1849 3412/7304/1849 3413/7305/1849 3417/7306/1849
f 3414/7307/1850 3411/7308/1850 3415/7309/1850 3418/7310/1850
f 3411/7311/1851 3412/7312/1851 3416/7313/1851 3415/7314/1851
f 3417/7315/1852 3413/7316/1852 3414/7317/1852 3418/7318/1852
f 3413/7319/1853 3412/7320/1853 3411/7321/1853 3414/7322/1853
f 3415/7323/1854 3416/7324/1854 3417/7325/1854 3418/7326/1854
f 3424/7327/1855 3420/7328/1855 3421/7329/1855 3425/7330/1855
f 3422/7331/1856 3419/7332/1856 3423/7333/1856 3426/7334/1856
f 3419/7335/1857 3420/7336/1857 3424/7337/1857 3423/7338/1857
f 3425/7339/1858 3421/7340/1858 3422/7341/1858 3426/7342/1858
f 3421/7343/1859 3420/7344/1859 3419/7345/1859 3422/7346/1859
f 3423/7347/1860 3424/7348/1860 3425/7349/1860 3426/7350/1860
f 3432/7351/1861 3428/7352/1861 3429/7353/1861 3433/7354/1861
f 3430/7355/1862 3427/7356/1862 3431/7357/1862 3434/7358/1862
f 3427/7359/1863 3428/7360/1863 3432/7361/1863 3431/7362/1863
f 3433/7363/1864 3429/7364/1864 3430/7365/1864 3434/7366/1864
f 3429/7367/1865 3428/7368/1865 3427/7369/1865 3430/7370/1865
f 3431/7371/1866 3432/7372/1866 3433/7373/1866 3434/7374/1866
f 3440/7375/1867 3436/7376/1867 3437/7377/1867 3441/7378/1867
f 3438/7379/1868 3435/7380/1868 3439/7381/1868 3442/7382/1868
f 3435/7383/1869 3436/7384/1869 3440/7385/1869 3439/7386/1869
f 3441/7387/1870 3437/7388/1870 3438/7389/1870 3442/7390/1870
f 3437/7391/1871 3436/7392/1871 3435/7393/1871 3438/7394/1871
f 3439/7395/1872 3440/7396/1872 3441/7397/1872 3442/7398/1872
f 3443/7399/1873 3444/7400/1873 3460/7401/1873
f 3444/7402/1874 3443/7403/1874 3445/7404/1874
f 3444/7405/1875 3446/7406/1875 3460/7407/1875
f 3446/7408/1876 3444/7409/1876 3445/7410/1876
f 3446/7411/1877 3447/7412/1877 3460/7413/1877
f 3447/7414/1878 3446/7415/1878 3445/7416/1878
f 3447/7417/1879 3448/7418/1879 3460/7419/1879
f 3448/7420/1880 3447/7421/1880 3445/7422/1880
f 3448/7423/1881 3449/7424/1881 3460/7425/1881
f 3449/7426/1882 3448/7427/1882 3445/7428/1882
f 3449/7429/1883 3450/7430/1883 3460/7431/1883
f 3450/7432/1884 3449/7433/1884 3445/7434/1884
f 3450/7435/1885 3451/7436/1885 3460/7437/1885
f 3451/7438/1886 3450/7439/1886 3445/7440/1886
f 3451/7441/1887 3452/7442/1887 3460/7443/1887
f 3452/7444/1888 3451/7445/1888 3445/7446/1888
f 3452/7447/1889 3453/7448/1889 3460/7449/1889
f 3453/7450/1890 3452/7451/1890 3445/7452/1890
f 3453/7453/1891 3454/7454/1891 3460/7455/1891
f 3454/7456/1892 3453/7457/1892 3445/7458/1892
f 3454/7459/1893 3455/7460/1893 3460/7461/1893
f 3455/7462/1894 3454/7463/1894 3445/7464/1894
f 3455/7465/1895 3456/7466/1895 3460/7467/1895
f 3456/7468/1896 3455/7469/1896 3445/7470/1896
f 3456/7471/1897 3457/7472/1897 3460/7473/1897
f 3457/7474/1898 3456/7475/1898 3445/7476/1898
f 3457/7477/1899 3458/7478/1899 3460/7479/1899
f 3458/7480/1900 3457/7481/1900 3445/7482/1900
f 3458/7483/1901 3459/7484/1901 3460/7485/1901
f 3459/7486/1902 3458/7487/1902 3445/7488/1902
f 3459/7489/1903 3443/7490/1903 3460/7491/1903
f 3443/7492/1904 3459/7493/1904 3445/7494/1904
f 3461/7495/1905 3462/7496/1905 3463/7497/1905
f 3462/7498/1906 3461/7499/1906 3464/7500/1906
f 3465/7501/1907 3461/7502/1907 3463/7503/1907
f 3461/7504/1908 3465/7505/1908 3464/7506/1908
f 3466/7507/1909 3465/7508/1909 3463/7509/1909
f 3465/7510/1910 3466/7511/1910 3464/7512/1910
f 3467/7513/1911 3466/7514/1911 3463/7515/1911
f 3466/7516/1912 3467/7517/1912 3464/7518/1912
f 3468/7519/1913 3467/7520/1913 3463/7521/1913
f 3467/7522/1914 3468/7523/1914 3464/7524/1914
f 3469/7525/1915 3468/7526/1915 3463/7527/1915
f 3468/7528/1916 3469/7529/1916 3464/7530/1916
f 3470/7531/1917 3469/7532/1917 3463/7533/1917
f 3469/7534/1918 3470/7535/1918 3464/7536/1918
f 3471/7537/1919 3470/7538/1919 3463/7539/1919
f 3470/7540/1920 3471/7541/1920 3464/7542/1920
f 3472/7543/1921 3471/7544/1921 3463/7545/1921
f 3471/7546/1922 3472/7547/1922 3464/7548/1922
f 3473/7549/1923 3472/7550/1923 3463/7551/1923
f 3472/7552/1924 3473/7553/1924 3464/7554/1924
f 3474/7555/1925 3473/7556/1925 3463/7557/1925
f 3473/7558/1926 3474/7559/1926 3464/7560/1926
f 3475/7561/1927 3474/7562/1927 3463/7563/1927
f 3474/7564/1928 3475/7565/1928 3464/7566/1928
f 3476/7567/1929 3475/7568/1929 3463/7569/1929
f 3475/7570/1930 3476/7571/1930 3464/7572/1930
f 3477/7573/1931 3476/7574/1931 3463/7575/1931
f 3476/7576/1932 3477/7577/1932 3464/7578/1932
f 3478/7579/1933 3477/7580/1933 3463/7581/1933
f 3477/7582/1934 3478/7583/1934 3464/7584/1934
f 3462/7585/1935 3478/7586/1935 3463/7587/1935
f 3478/7588/1936 3462/7589/1936 3464/7590/1936