# Made in Blockbench 5.1.6
mtllib mp05_fcav_4.mtl

o tete_int
v -0.2629225 2.450980546095667 7.4089553121366345
v -0.2629225 2.4851116695849296 7.312500139815167
v -0.2629225 2.3932380753137115 7.385037597613816
v -0.2629225 2.427369198802974 7.28858242529235
v -0.9870775 2.4509807554701695 7.346455367237009
v -0.9870775 2.485111878959432 7.250000194915542
v -0.9870775 2.393238284688214 7.322537652714191
v -0.9870775 2.427369408177477 7.226082480392725
v 0.2629225 2.450980546095667 7.4089553121366345
v 0.2629225 2.4851116695849296 7.312500139815167
v 0.2629225 2.3932380753137115 7.385037597613816
v 0.2629225 2.427369198802974 7.28858242529235
v -0.2629225 2.450980546095667 7.4089553121366345
v -0.2629225 2.4851116695849296 7.312500139815167
v -0.2629225 2.3932380753137115 7.385037597613816
v -0.2629225 2.427369198802974 7.28858242529235
v 0.2629225 2.4851116695849296 7.312500139815167
v 0.2629225 2.485111770982529 6.937499992063127
v 0.2629225 2.4226117246853045 7.312499930440665
v 0.2629225 2.422611826082904 6.937499782688624
v 0.9870775 2.485111878959432 7.250000194915542
v 0.9870775 2.4851119803570314 6.8750000471635015
v 0.9870775 2.422611934059807 7.24999998554104
v 0.9870775 2.4226120354574063 6.874999837789
v 0.2629225 2.4851116695849296 7.312500139815167
v -0.01277 2.502564229943269 6.874999978728339
v 0.2629225 2.4226117246853045 7.312499930440665
v -0.01277 2.440064285043644 6.8749997693538365
v 0.9870775 2.485111878959432 7.250000194915542
v 0.9870775 2.4851119803570314 6.8750000471635015
v 0.9870775 2.422611934059807 7.24999998554104
v 0.9870775 2.4226120354574063 6.874999837789
v 0.2629225 2.450980546095667 7.4089553121366345
v 0.2629225 2.4851116695849296 7.312500139815167
v 0.2629225 2.3932380753137115 7.385037597613816
v 0.2629225 2.427369198802974 7.28858242529235
v 0.9870775 2.4509807554701695 7.346455367237009
v 0.9870775 2.485111878959432 7.250000194915542
v 0.9870775 2.393238284688214 7.322537652714191
v 0.9870775 2.427369408177477 7.226082480392725
v 0.252111875 2.4143666623855586 7.453099025547778
v 0.2629225 2.4509802078481044 7.408954495534781
v 0.252111875 2.3566241916036033 7.429181311024959
v 0.2629225 2.393237737066149 7.385036781011963
v 0.976266875 2.4143668717600613 7.390599080648153
v 0.9870775 2.4509804172226066 7.346454550635156
v 0.976266875 2.356624400978106 7.366681366125334
v 0.9870775 2.3932379464406512 7.322536836112338
v -0.252111875 2.4143666623855586 7.453099025547778
v -0.2629225 2.4509802078481044 7.408954495534781
v -0.252111875 2.3566241916036033 7.429181311024959
v -0.2629225 2.393237737066149 7.385036781011963
v -0.976266875 2.4143668717600613 7.390599080648153
v -0.9870775 2.4509804172226066 7.346454550635156
v -0.976266875 2.356624400978106 7.366681366125334
v -0.9870775 2.3932379464406512 7.322536836112338
v -0.2629225 2.4851116695849296 7.312500139815167
v 0.01277 2.502564229943269 6.874999978728339
v -0.2629225 2.4226117246853045 7.312499930440665
v 0.01277 2.440064285043644 6.8749997693538365
v -0.9870775 2.485111878959432 7.250000194915542
v -0.9870775 2.4851119803570314 6.8750000471635015
v -0.9870775 2.422611934059807 7.24999998554104
v -0.9870775 2.4226120354574063 6.874999837789
v 0.2629225 2.4851116695849296 7.312500139815167
v -0.01277 2.502564229943269 6.874999978728339
v 0.2629225 2.4226117246853045 7.312499930440665
v -0.01277 2.440064285043644 6.8749997693538365
v -0.2629225 2.4851116695849296 7.312500139815167
v 0.01277 2.502564229943269 6.874999978728339
v -0.2629225 2.4226117246853045 7.312499930440665
v 0.01277 2.440064285043644 6.8749997693538365
v 0.2629225 0.8057511580610597 8.236581310821327
v 0.2629225 2.4143664232084134 7.453099602972485
v 0.2629225 0.7793373579574103 8.179937022422362
v 0.2629225 2.387952623104764 7.396455314573521
v -0.2629225 0.8057511580610597 8.236581310821327
v -0.2629225 2.4143664232084134 7.453099602972485
v -0.2629225 0.7793373579574103 8.179937022422362
v -0.2629225 2.387952623104764 7.396455314573521
v 0.2629225 0.7419808786594642 8.196941316519542
v 0.2629225 0.8057513674355621 8.174081365921701
v 0.2629225 0.7338231015766825 8.134975747286836
v 0.2629225 0.7975933511756355 8.112116374113704
v -0.2629225 0.7419808786594642 8.196941316519542
v -0.2629225 0.8057513674355621 8.174081365921701
v -0.2629225 0.7338231015766825 8.134975747286836
v -0.2629225 0.7975933511756355 8.112116374113704
v 0.2629225 0.11327175243634757 8.2581576944427
v 0.2629225 0.5544805954089413 8.259441210720366
v 0.2629225 0.1132719618108502 8.195657749543074
v 0.2629225 0.554480804783444 8.196941265820742
v -0.2629225 0.11327175243634757 8.2581576944427
v -0.2629225 0.5544805954089413 8.259441210720366
v -0.2629225 0.1132719618108502 8.195657749543074
v -0.2629225 0.554480804783444 8.196941265820742
v 0.9762675 0.8057516066127073 8.174080788496994
v 0.9762675 2.414366632582916 7.39059965807286
v 0.9762675 0.7793383839337658 8.117436739275174
v 0.9762675 2.3879528324792667 7.3339553696738955
v 0.2629225 0.8057517354857673 8.236581549998473
v 0.2629225 2.4143672398102667 7.453099264724923
v 0.2629225 0.7793379353821182 8.179937261599507
v 0.2629225 2.3879534397066173 7.396454976325958
v -0.9762675 0.8057513674355621 8.174081365921701
v -0.9762675 2.4143660551582085 7.390599418895715
v -0.9762675 0.779337567331913 8.117437077522737
v -0.9762675 2.3879522550545587 7.333955130496751
v -0.2629225 0.8057511580610597 8.236581310821327
v -0.2629225 2.4143666623855586 7.453099025547778
v -0.2629225 0.7793379353821182 8.179937261599507
v -0.2629225 2.3879528622819093 7.396454737148813
v -0.9762675 0.10843549925606544 8.20151326502822
v -0.9762675 0.5496435256268062 8.20279711955345
v -0.9762675 0.10843570863056806 8.139013320128596
v -0.9762675 0.5496437350013088 8.140297174653826
v -0.2629225 0.11327175243634757 8.2581576944427
v -0.2629225 0.5544805954089413 8.259441210720366
v -0.2629225 0.1132719618108502 8.195657749543074
v -0.2629225 0.554480804783444 8.196941265820742
v 0.9762675 0.10843549925606544 8.20151326502822
v 0.9762675 0.5496435256268062 8.20279711955345
v 0.9762675 0.10843570863056806 8.139013320128596
v 0.9762675 0.5496437350013088 8.140297174653826
v 0.2629225 0.11327175243634757 8.2581576944427
v 0.2629225 0.5544805954089413 8.259441210720366
v 0.2629225 0.1132719618108502 8.195657749543074
v 0.2629225 0.554480804783444 8.196941265820742
v -0.9762675 0.5459354630346707 8.139012814298844
v -0.9762675 0.799643992954099 8.14029685730242
v -0.9762675 0.5459356724091733 8.076512869399219
v -0.9762675 0.7996436249038938 8.07779667322565
v -0.2629225 0.550771716214953 8.195657243713322
v -0.2629225 0.8044808235590892 8.196941525894044
v -0.2629225 0.5507719255894556 8.133157298813698
v -0.2629225 0.8044804555088838 8.134441341817274
v 0.2629225 0.550771716214953 8.195657243713322
v 0.2629225 0.8044808235590892 8.196941525894044
v 0.2629225 0.5507719255894556 8.133157298813698
v 0.2629225 0.8044804555088838 8.134441341817274
v -0.2629225 0.550771716214953 8.195657243713322
v -0.2629225 0.8044808235590892 8.196941525894044
v -0.2629225 0.5507719255894556 8.133157298813698
v -0.2629225 0.8044804555088838 8.134441341817274
v 0.9762675 0.5459354630346707 8.139012814298844
v 0.9762675 0.799643992954099 8.14029685730242
v 0.9762675 0.5459356724091733 8.076512869399219
v 0.9762675 0.7996436249038938 8.07779667322565
v 0.2629225 0.550771716214953 8.195657243713322
v 0.2629225 0.8044808235590892 8.196941525894044
v 0.2629225 0.5507719255894556 8.133157298813698
v 0.2629225 0.8044804555088838 8.134441341817274
v 0.2629225 2.4143666623855586 7.453099025547778
v 0.2629225 2.4509799686709592 7.408955072959489
v 0.2629225 2.3602396298283073 7.421849260197669
v 0.2629225 2.3968537527155607 7.377704969361817
v -0.2629225 2.4143666623855586 7.453099025547778
v -0.2629225 2.4509799686709592 7.408955072959489
v -0.2629225 2.3602396298283073 7.421849260197669
v -0.2629225 2.3968537527155607 7.377704969361817
v -1.027280625 2.167888245093707 7.275000094958956
v -1.120969375 2.167877675922762 7.243749760223067
v -0.9688125 2.346874837740889 7.274999638862215
v -1.119704375 2.352573126513868 7.24999977851141
v -1.0500625 2.346875101103843 7.368749795388797
v -1.0500625 2.346875101103843 7.368749795388797
v -0.963766875 2.4143668717600613 7.390599080648153
v -0.9745775 2.4509807554701695 7.346455367237009
v -1.0500625 2.346875101103843 7.368749795388797
v -1.107204375 2.352573126513868 7.24999977851141
v -0.9745775 2.4509807554701695 7.346455367237009
v -0.9745775 2.485111878959432 7.250000194915542
v -1.108530625 2.1678885084566613 7.3687502514855385
v -1.108469375 2.167877675922762 7.243749760223067
v -1.0500625 2.346875101103843 7.368749795388797
v -1.107204375 2.352573126513868 7.24999977851141
v -1.1125625 2.1749998564218522 7.415624755708342
v -1.108469375 2.167877834598465 7.368749889199462
v -1.0500625 2.346875101103843 7.368749795388797
v -1.107204375 2.352573126513868 7.24999977851141
v 1.187491875 0.10843548790813573 8.111721385867122
v 1.187983125 0.5496441269071735 8.11290740235815
v 1.163574375 0.1084356025941271 8.053979191961643
v 1.164065625 0.5496436641684566 8.055164969275525
v 0.96327625 0.1084348866277689 8.201611103062422
v 0.9637675 0.5496435256268062 8.20279711955345
v 0.93935875 0.10843500131375983 8.143868909156943
v 0.93985 0.5496436403127973 8.14505492564797
v 1.187983125 0.5496441269071735 8.11290740235815
v 1.2063125 0.7375003717420348 8.103125388451193
v 1.164065625 0.5496436641684566 8.055164969275525
v 1.182395 0.7374999090033181 8.045382955368568
v 0.9637675 0.5496435256268062 8.20279711955345
v 0.9637675 0.8057519448602701 8.174081605098847
v 0.93985 0.5496436403127973 8.14505492564797
v 0.93985 0.8057520595462613 8.116339411193366
v 1.1874925 0.10843548790813573 8.111721385867122
v 1.2063125 0.05000007019155239 7.743750233503364
v 1.18798375 0.5496441269071735 8.11290740235815
v 1.2063125 0.7374997943173267 8.103125149274048
v 1.1594375 0.05000007019155239 7.743750233503364
v 1.1594375 0.050000171589151154 7.368750085751323
v 1.1594375 0.7374997943173267 8.103125149274048
v 1.1594375 1.2375002214973356 7.36874978271677
v 1.2063125 0.7374997943173267 8.103125149274048
v 1.1594375 1.9250000486655354 7.524999638386529
v 1.17273125 0.7152230231183556 8.055351792779764
v 1.12585625 1.9027232774665643 7.477226281892245
v 0.9637675 0.8057513674355621 8.174081365921701
v 0.9637675 2.4143660551582085 7.390599418895715
v 0.93018625 0.7834740188118832 8.126307770250271
v 0.93018625 2.3920887065345293 7.3428258232242865
v 1.1594375 0.7374997943173267 8.103125149274048
v 1.1594375 1.2375002214973356 7.36874978271677
v 1.1125625 1.9249998094883902 7.525000215811237
v 1.137565625 1.737023574080352 7.368749713565964
v 1.1125625 1.9249998094883902 7.525000215811237
v 1.137565625 1.737023574080352 7.368749713565964
v 1.0656875 2.1749998564218522 7.415624755708342
v 1.061594375 2.167877834598465 7.368749889199462
v 1.0500625 2.346875101103843 7.368749795388797
v 1.0500625 2.346875101103843 7.368749795388797
v 0.963766875 2.4143668717600613 7.390599080648153
v 0.9745775 2.4509807554701695 7.346455367237009
v 1.1594375 1.9249998094883902 7.525000215811237
v 1.1125625 2.1749998564218522 7.415624755708342
v 0.9637675 2.414366632582916 7.39059965807286
v 1.0500625 2.346875101103843 7.368749795388797
v 1.0500625 2.346875101103843 7.368749795388797
v 1.107204375 2.352573126513868 7.24999977851141
v 0.9745775 2.4509807554701695 7.346455367237009
v 0.9745775 2.485111878959432 7.250000194915542
v 1.108530625 2.1678885084566613 7.3687502514855385
v 1.108469375 2.167877675922762 7.243749760223067
v 1.0500625 2.346875101103843 7.368749795388797
v 1.107204375 2.352573126513868 7.24999977851141
v 1.1125625 2.1749998564218522 7.415624755708342
v 1.108469375 2.167877834598465 7.368749889199462
v 1.0500625 2.346875101103843 7.368749795388797
v 1.107204375 2.352573126513868 7.24999977851141
v -1.1125625 1.9249998094883902 7.525000215811237
v -1.137565625 1.737023574080352 7.368749713565964
v -1.0656875 2.1749998564218522 7.415624755708342
v -1.061594375 2.167877834598465 7.368749889199462
v -1.1594375 1.9249998094883902 7.525000215811237
v -1.1125625 2.1749998564218522 7.415624755708342
v -0.9637675 2.414366632582916 7.39059965807286
v -1.0500625 2.346875101103843 7.368749795388797
v -1.2063125 0.7374997943173267 8.103125149274048
v -1.1594375 1.9250000486655354 7.524999638386529
v -1.17273125 0.7152230231183556 8.055351792779764
v -1.12585625 1.9027232774665643 7.477226281892245
v -0.9637675 0.8057513674355621 8.174081365921701
v -0.9637675 2.4143660551582085 7.390599418895715
v -0.93018625 0.7834740188118832 8.126307770250271
v -0.93018625 2.3920887065345293 7.3428258232242865
v -1.187983125 0.5496441269071735 8.11290740235815
v -1.2063125 0.7375003717420348 8.103125388451193
v -1.164065625 0.5496436641684566 8.055164969275525
v -1.182395 0.7374999090033181 8.045382955368568
v -0.9637675 0.5496435256268062 8.20279711955345
v -0.9637675 0.8057519448602701 8.174081605098847
v -0.93985 0.5496436403127973 8.14505492564797
v -0.93985 0.8057520595462613 8.116339411193366
v -1.187491875 0.10843548790813573 8.111721385867122
v -1.187983125 0.5496441269071735 8.11290740235815
v -1.163574375 0.1084356025941271 8.053979191961643
v -1.164065625 0.5496436641684566 8.055164969275525
v -0.96327625 0.1084348866277689 8.201611103062422
v -0.9637675 0.5496435256268062 8.20279711955345
v -0.93935875 0.10843500131375983 8.143868909156943
v -0.93985 0.5496436403127973 8.14505492564797
v -1.1594375 0.7374997943173267 8.103125149274048
v -1.1594375 1.2375002214973356 7.36874978271677
v -1.1125625 1.9249998094883902 7.525000215811237
v -1.137565625 1.737023574080352 7.368749713565964
v -1.1594375 0.05000007019155239 7.743750233503364
v -1.1594375 0.050000171589151154 7.368750085751323
v -1.1594375 0.7374997943173267 8.103125149274048
v -1.1594375 1.2375002214973356 7.36874978271677
v -1.1874925 0.10843548790813573 8.111721385867122
v -1.2063125 0.05000007019155239 7.743750233503364
v -1.18798375 0.5496441269071735 8.11290740235815
v -1.2063125 0.7374997943173267 8.103125149274048
vt 0.0703125 0.88564796875
vt 0.0703125 0.8984375
vt 0.0625 0.898027109375
vt 0.0625 0.885237578125
vt 0.0130253125 0.953125
vt 0.013436171875 0.9609375
vt 0.0006465625 0.9609375
vt 0.000235703125 0.953125
vt 0.123046875 0.299768984375
vt 0.123046875 0.390625
vt 0.109375 0.38958859375
vt 0.109375 0.298732578125
vt 0.716784765625 0.517578125
vt 0.717821171875 0.53125
vt 0.626965234375 0.53125
vt 0.625928828125 0.517578125
vt 0.72265625 0.4375
vt 0.72265625 0.4453125
vt 0.6328125 0.4423234375
vt 0.6328125 0.4345109375
vt 0.21875 0.26851953125000005
vt 0.21875 0.359375
vt 0.2109375 0.359117890625
vt 0.2109375 0.26826242187500005
vt 0.1328125 0.88564796875
vt 0.1328125 0.8984375
vt 0.125 0.898027109375
vt 0.125 0.885237578125
vt 0.11458796875 0.8359375
vt 0.1149984375 0.84375
vt 0.10220890625 0.84375
vt 0.1017984375 0.8359375
vt 0.69921875 0.3984375
vt 0.6328125 0.3984375
vt 0.6328125 0.384765625
vt 0.69921875 0.384765625
vt 0.70703125 0.955078125
vt 0.70703125 0.96875
vt 0.640625 0.96875
vt 0.640625 0.955078125
vt 0.73046875 0.609375
vt 0.73046875 0.6171875
vt 0.6640625 0.6171875
vt 0.6640625 0.609375
vt 0.67578125 0.3515625
vt 0.609375 0.3515625
vt 0.609375 0.34375
vt 0.67578125 0.34375
vt 0.40625 0.6875
vt 0.40625 0.6953125
vt 0.359375 0.6953125
vt 0.359375 0.6875
vt 0.1953125 0.40625
vt 0.1953125 0.453125
vt 0.1875 0.453125
vt 0.1875 0.40625
vt 0.630326328125 0.78125
vt 0.63435703125 0.828125
vt 0.543501796875 0.828125
vt 0.53947109375 0.78125
vt 0.3125 0.369265078125
vt 0.3125 0.46012031249999996
vt 0.265625 0.456089609375
vt 0.265625 0.365234375
vt 0.0703125 0.291015625
vt 0.0703125 0.3828125
vt 0.0625 0.3828125
vt 0.0625 0.291015625
vt 0.724609375 0.5390625
vt 0.724609375 0.546875
vt 0.6328125 0.546875
vt 0.6328125 0.5390625
vt 0.595703125 0.34156296875000003
vt 0.595703125 0.34937546875000003
vt 0.53125 0.3515625
vt 0.53125 0.34375023437499996
vt 0.1875 0.296875
vt 0.1875 0.34375
vt 0.1796875 0.34375
vt 0.1796875 0.296875
vt 0.5703059375 0.8593359375
vt 0.535838046875 0.9140625
vt 0.4453190625 0.9062456249999999
vt 0.4453190625 0.8594040625
vt 0.446244765625 0.419921875
vt 0.45411171875 0.510436640625
vt 0.39940390625 0.544934375
vt 0.39940390625 0.419947421875
vt 0.0078125 0.283203125
vt 0.0078125 0.375
vt 0 0.375
vt 0 0.283203125
vt 0.65625 0.3654625
vt 0.65625 0.373275
vt 0.53125 0.37109375
vt 0.53125 0.36328125
vt 0.22396296875 0.8125
vt 0.2243734375 0.8203125
vt 0.21158390625 0.8203125
vt 0.2111734375 0.8125
vt 0.1015625 0.924710390625
vt 0.1015625 0.9375
vt 0.09375 0.937089140625
vt 0.09375 0.92429953125
vt 0.708972265625 0.728515625
vt 0.710008671875 0.7421875
vt 0.619152734375 0.7421875
vt 0.618116328125 0.728515625
vt 0.146484375 0.29791140625
vt 0.146484375 0.388767421875
vt 0.1328125 0.387731015625
vt 0.1328125 0.296875
vt 0.203125 0.26783515625
vt 0.203125 0.35869132812500004
vt 0.1953125 0.35843437499999997
vt 0.1953125 0.267578125
vt 0.72265625 0.484375
vt 0.72265625 0.4921875
vt 0.6328125 0.48919765625
vt 0.6328125 0.48138515625
vt 0.0078125 0.62288359375
vt 0.0078125 0.63069609375
vt 0 0.6328125
vt 0 0.625
vt 0.140625 0.7265625
vt 0.1328125 0.7244453125
vt 0.1328125 0.7166328125
vt 0.140625 0.71875
vt 0.34375 0.8966165625
vt 0.3359375 0.8984375
vt 0.3359375 0.807581484375
vt 0.34375 0.805761328125
vt 0.603919609375 0.5703125
vt 0.694775625 0.5703125
vt 0.692954609375 0.578125
vt 0.602099375 0.578125
vt 0.0234375 0.27633125000000003
vt 0.0234375 0.3671875
vt 0.015625 0.366930390625
vt 0.015625 0.276074140625
vt 0.72265625 0.4140625
vt 0.72265625 0.421875
vt 0.6328125 0.4188859375
vt 0.6328125 0.4110734375
vt 0.0703125 0.625
vt 0.0625 0.62288359375
vt 0.0625 0.61507109375
vt 0.0703125 0.6171875
vt 0.359375 0.8338203125
vt 0.359375 0.8416328125
vt 0.3515625 0.84375
vt 0.3515625 0.8359375
vt 0.603919609375 0.640625
vt 0.694775625 0.640625
vt 0.6929546875 0.6484375
vt 0.602099375 0.6484375
vt 0.453125 0.40335515624999996
vt 0.4453125 0.405176171875
vt 0.4453125 0.314320234375
vt 0.453125 0.3125
vt 0.72265625 0.4609375
vt 0.72265625 0.46875
vt 0.6328125 0.46576015625
vt 0.6328125 0.45794765625
vt 0.0390625 0.26851875000000003
vt 0.0390625 0.359375
vt 0.03125 0.35911796875
vt 0.03125 0.26826179687499996
vt 0.28125 0.28662226562500004
vt 0.28125 0.351298359375
vt 0.2734375 0.3515625
vt 0.2734375 0.28688562500000003
vt 0.6796875 0.296875
vt 0.6796875 0.3046875
vt 0.6328125 0.3046875
vt 0.6328125 0.296875
vt 0.516558046875 0.42186250000000003
vt 0.52442421875 0.5123772656250001
vt 0.46971640625 0.546875
vt 0.46971640625 0.42188804687500003
vt 0.5624934375 0.716796875
vt 0.528025546875 0.7715234375
vt 0.4375065625 0.763705859375
vt 0.4375065625 0.716865
vt 0.732421875 0.9375
vt 0.732421875 0.9453125
vt 0.640625 0.9453125
vt 0.640625 0.9375
vt 0.0546875 0.326308203125
vt 0.0546875 0.45130773437500005
vt 0.046875 0.45117140624999996
vt 0.046875 0.326171875
vt 0.265625 0.28515625
vt 0.265625 0.34983234375000005
vt 0.2578125 0.35009648437499996
vt 0.2578125 0.2854196875
vt 0.712890625 0.81640625
vt 0.712890625 0.82421875
vt 0.6484375 0.82640578125
vt 0.6484375 0.8185935156249999
vt 0.62075625 0.7734375
vt 0.555025 0.7734375
vt 0.58629453125 0.71875
vt 0.58948671875 0.71875
vt 0.20669375 0.8984375
vt 0.1409625 0.8984375
vt 0.17223203125 0.84375
vt 0.17542421875 0.84375
vt 0.73828125 0.9765625
vt 0.73828125 0.984375
vt 0.671875 0.984375
vt 0.671875 0.9765625
vt 0.05859375 0.9765625
vt 0.0546875 0.9765625
vt 0.0546875 0.96875
vt 0.05859375 0.96875
vt 0.770943046875 0.84375
vt 0.547284296875 0.84375
vt 0.547416796875 0.8359375
vt 0.771075078125 0.8359375
vt 0.464787890625 0.19140625
vt 0.4726 0.19140625
vt 0.46880640625 0.4140625
vt 0.46099375 0.4140625
vt 0.28125 0.470703125
vt 0.34765625 0.470703125
vt 0.34765625 0.6953125
vt 0.28125 0.6953125
vt 0.203125 0.6953125
vt 0.203125 0.470703125
vt 0.26953125 0.470703125
vt 0.26953125 0.6953125
vt 0.59765625 0.3046875
vt 0.59765625 0.3125
vt 0.53125 0.3125
vt 0.53125 0.3046875
vt 0.67578125 0.3203125
vt 0.609375 0.3203125
vt 0.609375 0.3125
vt 0.67578125 0.3125
vt 0.110828828125 0.7734375
vt 0.102361171875 0.7734375
vt 0.104014375 0.765625
vt 0.112482578125 0.765625
vt 0.2578125 0.858719296875
vt 0.265625 0.85706609375
vt 0.265625 0.86553375
vt 0.2578125 0.8671875
vt 0.6875 0.3359375
vt 0.75390625 0.3359375
vt 0.75390625 0.34375
vt 0.6875 0.34375
vt 0.6875 0.359375
vt 0.6875 0.3515625
vt 0.75390625 0.3515625
vt 0.75390625 0.359375
vt 0.75390625 0.3046875
vt 0.75390625 0.3125
vt 0.6875 0.3125
vt 0.6875 0.3046875
vt 0.75390625 0.328125
vt 0.6875 0.328125
vt 0.6875 0.3203125
vt 0.75390625 0.3203125
vt 0.7590321875 0.5859375
vt 0.70388125 0.5859375
vt 0.7038584375 0.578125
vt 0.759009375 0.578125
vt 0.360271015625 0.25
vt 0.36808375 0.25
vt 0.368244609375 0.3046875
vt 0.360431875 0.3046875
vt 0.109375 0.3984375
vt 0.17578125 0.3984375
vt 0.17578125 0.453125
vt 0.109375 0.453125
vt 0.5625 0.953125
vt 0.5625 0.8984375
vt 0.62890625 0.8984375
vt 0.62890625 0.953125
vt 0.59765625 0.3203125
vt 0.59765625 0.328125
vt 0.53125 0.328125
vt 0.53125 0.3203125
vt 0.74609375 0.8984375
vt 0.6796875 0.8984375
vt 0.6796875 0.890625
vt 0.74609375 0.890625
vt 0.8021928125 0.5078125
vt 0.57853453125 0.5078125
vt 0.578666015625 0.5
vt 0.80232484375 0.5
vt 0.488225390625 0.18359375
vt 0.4960375 0.18359375
vt 0.49224390625 0.40625
vt 0.48443125 0.40625
vt 0.19603078125 0.796875
vt 0.199451640625 0.70703125
vt 0.42310984375 0.70703125
vt 0.419689765625 0.796875
vt 0.1015625 0.693876015625
vt 0.1015625 0.47021781250000005
vt 0.19140625 0.466796875
vt 0.19140625 0.690455859375
vt 0.2421875 0.267578125
vt 0.25 0.26819546875
vt 0.25 0.357705234375
vt 0.2421875 0.357087890625
vt 0.731587421875 0.9296875
vt 0.642077578125 0.9296875
vt 0.641459453125 0.921875
vt 0.730969296875 0.921875
vt 0.51164734375 0.18359375
vt 0.51945953125 0.18359375
vt 0.515696953125 0.40625
vt 0.50788421875 0.40625
vt 0.786568046875 0.5625
vt 0.562909296875 0.5625
vt 0.563041796875 0.5546875
vt 0.786700078125 0.5546875
vt 0 0.8671875
vt 0 0.6435292968749999
vt 0.08984375 0.640108359375
vt 0.08984375 0.86376734375
vt 0.11009328125 1
vt 0.113514140625 0.91015625
vt 0.33717234375 0.91015625
vt 0.333752265625 1
vt 0.73158703125 0.9140625
vt 0.6420771875 0.9140625
vt 0.64145984375 0.90625
vt 0.730969609375 0.90625
vt 0.2265625 0.26924710937499996
vt 0.234375 0.269865234375
vt 0.234375 0.359375
vt 0.2265625 0.358756875
vt 0.407146015625 0.25
vt 0.41495875 0.25
vt 0.415119609375 0.3046875
vt 0.407306875 0.3046875
vt 0.5871571875 0.296875
vt 0.53200625 0.296875
vt 0.5319834375 0.2890625
vt 0.587134375 0.2890625
vt 0.5 0.7025000781249999
vt 0.5 0.647348359375
vt 0.58984375 0.647973984375
vt 0.58984375 0.703125
vt 0.203125 0.460544765625
vt 0.203125 0.37109375
vt 0.2578125 0.37147898437500004
vt 0.2578125 0.46092999999999995
vt 0.7315578125 0.703125
vt 0.6421071875 0.703125
vt 0.6414890625 0.6953125
vt 0.730939765625 0.6953125
vt 0.296875 0.26930539062500003
vt 0.3046875 0.26992429687499997
vt 0.3046875 0.359375
vt 0.296875 0.35875609374999995
vt 0.7590321875 0.6484375
vt 0.70388125 0.6484375
vt 0.7038584375 0.640625
vt 0.759009375 0.640625
vt 0.430583515625 0.25
vt 0.43839625 0.25
vt 0.438557109375 0.3046875
vt 0.430744375 0.3046875
vt 0.2734375 0.898051796875
vt 0.2734375 0.80860078125
vt 0.328125 0.808986484375
vt 0.328125 0.8984375
vt 0.53125 0.490697890625
vt 0.53125 0.435546875
vt 0.62109375 0.43617171875000005
vt 0.62109375 0.49132273437499996
vt 0.328125 0.267578125
vt 0.3359375 0.26819625
vt 0.3359375 0.35764687500000003
vt 0.328125 0.35702882812500003
vt 0.731558203125 0.796875
vt 0.6421075 0.796875
vt 0.641488671875 0.7890625
vt 0.730939375 0.7890625
vt 0.17277125 0.2578125
vt 0.18058390625 0.2578125
vt 0.180744375 0.2890625
vt 0.172932421875 0.2890625
vt 0.751228046875 0.75
vt 0.71951390625 0.75
vt 0.719475078125 0.7421875
vt 0.75118890625 0.7421875
vt 0.578125 0.8899853125
vt 0.578125 0.85827109375
vt 0.66796875 0.85891078125
vt 0.66796875 0.890625
vt 0.40625 0.40585710937499997
vt 0.40625 0.31640625
vt 0.4375 0.31663304687500005
vt 0.4375 0.40608390625
vt 0.7315578125 0.6875
vt 0.6421071875 0.6875
vt 0.6414890625 0.6796875
vt 0.730939765625 0.6796875
vt 0.3125 0.26930546875000005
vt 0.3203125 0.26992351562500005
vt 0.3203125 0.359375
vt 0.3125 0.35875609374999995
vt 0.751228046875 0.734375
vt 0.71951390625 0.734375
vt 0.719475078125 0.7265625
vt 0.75118890625 0.7265625
vt 0.0633978125 0.25
vt 0.071210234375 0.25
vt 0.0713678125 0.28125
vt 0.06355609375 0.28125
vt 0.515625 0.6015625
vt 0.58203125 0.6015625
vt 0.58203125 0.6328125
vt 0.515625 0.6328125
vt 0.453125 0.953125
vt 0.453125 0.921875
vt 0.51953125 0.921875
vt 0.51953125 0.953125
vt 0.74609375 0.875
vt 0.74609375 0.8828125
vt 0.6796875 0.8828125
vt 0.6796875 0.875
vt 0.74609375 0.8671875
vt 0.6796875 0.8671875
vt 0.6796875 0.859375
vt 0.74609375 0.859375
vt 0.751228359375 0.96875
vt 0.719514296875 0.96875
vt 0.719474765625 0.9609375
vt 0.751188515625 0.9609375
vt 0.5321478125 0.25
vt 0.539960234375 0.25
vt 0.5401178125 0.28125
vt 0.53230609375 0.28125
vt 0.3203125 0.46071070312499995
vt 0.3203125 0.37125984375
vt 0.3515625 0.37148664062500003
vt 0.3515625 0.4609375
vt 0.53125 0.42038609375
vt 0.53125 0.388671875
vt 0.62109375 0.3893115625
vt 0.62109375 0.42102578125
vt 0.34375 0.267578125
vt 0.3515625 0.26819625
vt 0.3515625 0.35764687500000003
vt 0.34375 0.35702882812500003
vt 0.731558203125 0.71875
vt 0.64210671875 0.71875
vt 0.641488671875 0.7109375
vt 0.730939375 0.7109375
vt 0.4375 0.7890625
vt 0.4296875 0.787858046875
vt 0.4296875 0.7800459375
vt 0.4375 0.781250234375
vt 0.40662453125 0.9765625
vt 0.414436640625 0.9765625
vt 0.41564109375 0.984375
vt 0.40782890625 0.984375
vt 0.671875 0.9921875
vt 0.73828125 0.9921875
vt 0.73828125 1
vt 0.671875 1
vt 0.6640625 0.375
vt 0.6640625 0.3671875
vt 0.73046875 0.3671875
vt 0.73046875 0.375
vt 0.73046875 0.59375
vt 0.73046875 0.6015625
vt 0.6640625 0.6015625
vt 0.6640625 0.59375
vt 0.67578125 0.3359375
vt 0.609375 0.3359375
vt 0.609375 0.328125
vt 0.67578125 0.328125
vt 0 0.9453125
vt 0 0.9222115625
vt 0.012343671875 0.922425703125
vt 0.018891875 0.944835625
vt 0.360167109375 0.6796875
vt 0.360167109375 0.6796875
vt 0.372254765625 0.6796875
vt 0.3690284375 0.6734965625
vt 0.53125 0.953125
vt 0.53125 0.929687109375
vt 0.547098671875 0.934236171875
vt 0.543600078125 0.95010921875
vt 0.1718796875 0.7734375
vt 0.1718796875 0.75033671875
vt 0.1874953125 0.750866796875
vt 0.18673390625 0.77327703125
vt 0.476890859375 0.7017457031250001
vt 0.476890859375 0.674298046875
vt 0.48232375 0.671875
vt 0.48828125 0.6931603125
vt 0.758298984375 0.78125
vt 0.703147890625 0.78125
vt 0.703125 0.7734375
vt 0.75827640625 0.7734375
vt 0.609375 0.25
vt 0.617187890625 0.25
vt 0.61734671875 0.3046875
vt 0.60953390625 0.3046875
vt 0 0.9140625
vt 0 0.884765625
vt 0.0546875 0.884765625
vt 0.0546875 0.9140625
vt 0.6015625 0.7109375
vt 0.6015625 0.65625
vt 0.630859375 0.65625
vt 0.630859375 0.7109375
vt 0.55583640625 0.251953125
vt 0.5636490625 0.251953125
vt 0.56330421875 0.28125
vt 0.5554915625 0.28125
vt 0.421303125 1
vt 0.391107890625 1
vt 0.391196171875 0.9921875
vt 0.421392109375 0.9921875
vt 0.281437421875 0.2734375
vt 0.2578125 0.2734375
vt 0.257895625 0.265625
vt 0.281521328125 0.265625
vt 0.125 0.25684890625
vt 0.1328125 0.25604421875000005
vt 0.1328125 0.28825882812500003
vt 0.125 0.2890625
vt 0.234375 0.8366127343750001
vt 0.24231328125 0.807479375
vt 0.265625 0.81116203125
vt 0.265625 0.84375
vt 0.15295859375 0.7402593749999999
vt 0.149275390625 0.7169232812499999
vt 0.17840859375 0.708984375
vt 0.185546875 0.7402593749999999
vt 0.579272421875 0.251953125
vt 0.58708484375 0.251953125
vt 0.586743515625 0.28125
vt 0.57893078125 0.28125
vt 0.74365890625 0.3984375
vt 0.7109375 0.3984375
vt 0.711751328125 0.390625
vt 0.7444721875 0.390625
vt 0 0.398875
vt 0.037109375 0.37109375
vt 0.037109375 0.46806398437499996
vt 0.02537125 0.44782046875000003
vt 0.359375 0.650390703125
vt 0.359375 0.603515625
vt 0.5078125 0.603515625
vt 0.4453125 0.6953125
vt 0.20904046875 0.8471346875
vt 0.1015625 0.721680078125
vt 0.107660625 0.716796875
vt 0.215138671875 0.8422507031249999
vt 0.08912859375 0.166015625
vt 0.09694140625 0.166015625
vt 0.093749140625 0.390625
vt 0.0859375 0.390625
vt 0.364372421875 0.59375
vt 0.35951125 0.560546875
vt 0.524709140625 0.560546875
vt 0.587890625 0.586341796875
vt 0.360220703125 0.48355703125000005
vt 0.360220703125 0.318359375
vt 0.392578125 0.32322070312499995
vt 0.385168671875 0.5467381250000001
vt 0.046875 0.278888984375
vt 0.0546875 0.27734375
vt 0.0546875 0.31006484375
vt 0.046875 0.3116090625
vt 0.25472328125 0.89748703125
vt 0.20904046875 0.8471346875
vt 0.215138125 0.8422510937500001
vt 0.2608209375 0.8926034375
vt 0.36759984375 0.84375
vt 0.463919296875 0.788474140625
vt 0.52012390625 0.81581109375
vt 0.53279078125 0.84375
vt 0.656495390625 0.78125
vt 0.6328125 0.76171875
vt 0.687500078125 0.76171875
vt 0.688288203125 0.7675790625
vt 0.42854515625 0.8671875
vt 0.42854515625 0.85546875
vt 0.42887671875 0.85546875
vt 0.42268578125 0.86396125
vt 0.64102828125 0.670389453125
vt 0.674811015625 0.662109375
vt 0.698411171875 0.662109375
vt 0.708984375 0.671875
vt 0.358064296875 0.8203125
vt 0.353515234375 0.8046875
vt 0.376953125 0.8046875
vt 0.37393734375 0.816813984375
vt 0.0392375 1
vt 0.0392375 0.98437546875
vt 0.062325 0.98515921875
vt 0.061660625 1
vt 0.6875 0.29091750000000005
vt 0.689923046875 0.28515625
vt 0.717370703125 0.28515625
vt 0.7087853125 0.296875
vt 0.001927265625 0.5070243750000001
vt 0.001927265625 0.45233679687499995
vt 0.021484375 0.4760196875
vt 0.0078134375 0.5078125
vt 0.15625 0.340989296875
vt 0.15625 0.317389140625
vt 0.16376828125 0.28360640625
vt 0.165253828125 0.3515625
vt 0.154058125 0.818359375
vt 0.16015625 0.823242578125
vt 0.05267828125 0.9486971875
vt 0.046580078125 0.9438132031249999
vt 0.8182478125 0.6328125
vt 0.59458921875 0.6328125
vt 0.594700703125 0.625
vt 0.818359375 0.625
vt 0.0625 0.561818515625
vt 0.0625 0.39662062499999995
vt 0.0948575 0.40148179687499996
vt 0.087449296875 0.625
vt 0.434548828125 1
vt 0.4296875 0.966796875
vt 0.59488515625 0.966796875
vt 0.65806625 0.992590546875
vt 0.52579953125 0.7890625
vt 0.4930784375 0.7890625
vt 0.494623671875 0.78125
vt 0.52734375 0.78125
vt 0.046580078125 0.9438132031249999
vt 0.052677734375 0.948696796875
vt 0.006994921875 0.999049140625
vt 0.000897265625 0.994165546875
vt 0.728515234375 0.8046875
vt 0.736328125 0.8046875
vt 0.73607671875 0.828125
vt 0.728264140625 0.828125
vt 0.665211953125 0.2890625
vt 0.63299734375 0.2890625
vt 0.63380203125 0.28125
vt 0.666015625 0.28125
vt 0.15993265625 0.390625
vt 0.15625 0.36728882812499997
vt 0.185383359375 0.359350546875
vt 0.192520625 0.390625
vt 0.1015625 0.812336328125
vt 0.10950140625 0.783203125
vt 0.1328125 0.786886328125
vt 0.1328125 0.819474609375
vt 0.460365625 0.546875
vt 0.430170390625 0.546875
vt 0.430258671875 0.5390625
vt 0.460454609375 0.5390625
vt 0.109375 0.256341640625
vt 0.1171875 0.2555278125
vt 0.1171875 0.28824921875
vt 0.109375 0.2890625
vt 0.384604375 0.2578125
vt 0.392416484375 0.2578125
vt 0.392578125 0.3125
vt 0.384765234375 0.3125
vt 0.759765625 0.765625
vt 0.70461421875 0.765625
vt 0.70459171875 0.7578125
vt 0.759743125 0.7578125
vt 0.0703125 1
vt 0.0703125 0.9453125
vt 0.099609375 0.9453125
vt 0.099609375 1
vt 0.6015625 0.6171875
vt 0.6015625 0.587890625
vt 0.65625 0.587890625
vt 0.65625 0.6171875
vt 0.749427890625 0.671875
vt 0.719232890625 0.671875
vt 0.719322109375 0.6640625
vt 0.749517109375 0.6640625
vt 0.141772421875 0.244140625
vt 0.14958484375 0.244140625
vt 0.149243515625 0.2734375
vt 0.14143078125 0.2734375
vt 0.027336953125 0.6201456249999999
vt 0 0.563941015625
vt 0.0546875 0.467621640625
vt 0.0546875 0.6328125
vt 0.35253890625 1
vt 0.35253890625 0.8515625
vt 0.3994140625 0.8515625
vt 0.44433609375 0.93749984375
vt 0.620407734375 0.545266171875
vt 0.5234375 0.545266171875
vt 0.55121875 0.5078125
vt 0.60016421875 0.5331837500000001
vn 1 0 0
vn -1 0 0
vn -0.02877873652210004 0.9423292480613369 0.33344770590355977
vn 0.028778736522100036 -0.9423292480613369 -0.33344770590355977
vn -0.07948547497564722 -0.3814726312700256 0.9209564000862467
vn 0.07948547497564722 0.3814726312700256 -0.9209564000862467
vn 1 0 0
vn -1 0 0
vn 0 0.9427197165496846 0.3335858750434172
vn 0 -0.9427197165496846 -0.3335858750434172
vn 0 -0.3826834323650897 0.9238795325112867
vn 0 0.3826834323650897 -0.9238795325112867
vn -1 0 0
vn 1 0 0
vn -2.657924396815202e-7 0.9999999999999282 2.703934915415651e-7
vn 2.657924396847141e-7 -0.9999999999999283 -2.7039349170809857e-7
vn 0.08598774746261643 -0.000003337587263729792 0.996296194550178
vn -0.0859877474626164 0.0000033375872638963253 -0.996296194550178
vn -0.8460327643611615 -0.0000017859858618130002 0.5331309047731354
vn 1 0 0
vn 0.0032627185606100896 0.999279740722982 0.03780680425802064
vn -0.003262718560610134 -0.9992797407229821 -0.03780680425802047
vn 0.08598774746261643 -0.000003337587263729792 0.996296194550178
vn 1.2691946714717518e-7 0.0000033499949927962022 -0.9999999999943808
vn -1 0 0
vn 1 0 0
vn 0.028778736522100036 0.9423292480613369 0.33344770590355977
vn -0.02877873652210004 -0.9423292480613369 -0.3334477059035598
vn 0.07948547497564722 -0.3814726312700256 0.9209564000862467
vn -0.07948547497564722 0.3814726312700256 -0.9209564000862467
vn -0.981088654377761 0.07407178864749449 -0.17882511674201468
vn 0.9810886543777608 -0.07407178864749484 0.17882511674201548
vn 0.055707108419354445 0.7617662984920771 0.6454524185044427
vn -0.05570710841935443 -0.761766298492077 -0.6454524185044427
vn 0.07948547497564722 -0.3814726312700256 0.9209564000862467
vn -0.07948547497564722 0.3814726312700256 -0.9209564000862467
vn 0.981088654377761 0.0740717886474945 -0.1788251167420147
vn -0.9810886543777608 -0.07407178864749484 0.1788251167420155
vn -0.05570710841935443 0.761766298492077 0.6454524185044427
vn 0.055707108419354445 -0.7617662984920771 -0.6454524185044427
vn -0.07948547497564722 -0.3814726312700256 0.9209564000862467
vn 0.07948547497564722 0.3814726312700256 -0.9209564000862467
vn 0.8460327643611614 -0.0000017859858620905555 0.5331309047731354
vn -1 0 0
vn -0.003262718560610128 0.9992797407229821 0.03780680425802053
vn 0.0032627185606101524 -0.9992797407229821 -0.03780680425802053
vn -0.08598774746261642 -0.000003337587263729792 0.996296194550178
vn -1.269194671454402e-7 0.0000033499949927962022 -0.9999999999943808
vn 0.8460327643611614 0.0000017859858620905555 -0.5331309047731354
vn -0.8460327643611615 0.0000017859858618130002 -0.5331309047731354
vn 0 -0.9992052804193582 -0.03985984924798453
vn 0 -0.9992052804193581 -0.03985984924798442
vn 0 -0.0000033499949932958017 0.9999999999943888
vn 0 -0.0000033499949928517134 0.9999999999943889
vn 1 0 0
vn -1 0 0
vn 0 0.4378778865030147 0.8990344579111822
vn 0 -0.43787788650301485 -0.8990344579111822
vn 0 -0.906306961960772 0.4226200311171205
vn 0 0.9063069619607715 -0.4226200311171212
vn 1 0 0
vn -1 0 0
vn 0 0.33744601759962445 0.9413448811175179
vn 0 -0.337439586016071 -0.941347186636951
vn 0 -0.9914451613332563 0.13052391378162692
vn 0 0.9914445087008382 -0.1305288710092671
vn 1 0 0
vn -1 0 0
vn 0 -0.0029090777917784587 0.9999957686242485
vn 0 0.0029090777917784587 -0.9999957686242485
vn 0 -0.9999999999943888 -0.0000033499949929072237
vn 0 0.9999999999943888 0.0000033499949929072237
vn 1 0 0
vn -1 0 0
vn 0.07852705783642593 0.43652550442712357 0.8962583250225351
vn -0.07852639807261146 -0.4365257615430032 -0.8962582575993612
vn 0.03700241207238317 -0.9056891546495934 0.4223244921277129
vn -0.037001658156090265 0.9056863267363168 -0.42233062268390803
vn -1 0 0
vn 1 0 0
vn -0.0785258137171368 0.4365259892713785 0.8962581978820088
vn 0.07852646354185407 -0.4365259668580237 -0.8962581518637794
vn -0.037002893503938435 -0.9056862852800182 0.4223306033524189
vn 0.03700165815609027 0.9056863267363169 -0.422330622683908
vn -1 0 0
vn 1 0 0
vn -0.07913773462044484 -0.002900723618484036 0.9968594709193636
vn 0.07913773462044482 0.00290072361848398 -0.9968594709193634
vn 0.006779793483563311 -0.9999770169304385 -0.0000033499179998286444
vn -0.006780938153264112 0.9999770091689808 0.000003349917973738404
vn 1 0 0
vn -1 0 0
vn 0.07913773462044482 -0.00290072361848398 0.9968594709193634
vn -0.07913773462044484 0.002900723618484036 -0.9968594709193636
vn -0.006779793483563312 -0.9999770169304385 -0.000003349917999717623
vn 0.006780938153264102 0.9999770091689808 0.000003349917973627381
vn -1 0 0
vn 1 0 0
vn -0.07912261265701338 -0.0050451634271421195 0.9968521246866668
vn 0.07912261928155388 0.005044235172093959 -0.9968521288584156
vn 0.006779793483563311 -0.9999770169304385 -0.0000033499179998286444
vn -0.00677986931508713 0.9999770164045743 -0.000005888650595975431
vn 1 0 0
vn -1 0 0
vn 0 -0.005061961473069755 0.9999871881909514
vn 0 0.005061030305609394 -0.9999871929041122
vn 0 -0.9999999999943889 -0.0000033499949961268713
vn 0 0.9999999999826612 -0.000005888785941321474
vn 1 0 0
vn -1 0 0
vn 0.07912261265701338 -0.0050451634271421195 0.9968521246866668
vn -0.07912261928155385 0.005044235172093959 -0.9968521288584156
vn -0.006779793483563312 -0.9999770169304385 -0.000003349917999717623
vn 0.0067798693150871205 0.9999770164045743 -0.000005888650595975431
vn 1 0 0
vn -1 0 0
vn 0 0.7697054721891585 0.6383991588983062
vn 0 -0.7697008793935334 -0.6384046963022918
vn 0 -0.49999410240661457 0.8660288087347927
vn 0 0.5000038189589229 -0.8660231988962495
vn -0.3162721590946714 -0.029920398465458797 0.9481965466807307
vn 0 0 0
vn -0.6620644030288189 0.6625034965723011 0.3503710080351522
vn -0.9999763114838294 0.006865551765950831 -0.0004905814351702379
vn -0.9957786696093093 -0.04471714842381488 -0.08015745622184446
vn 0.9238800972757303 2.5264124153823175e-8 -0.38268206890026407
vn -0.9238800972757311 -2.5264123737489548e-8 0.38268206890026274
vn 0.37211510982247764 -0.002909373544277838 0.9281820298774294
vn -0.3721151103618918 0.0029088741922963517 -0.9281820312262519
vn 0.000001616926495029722 -0.9999999999951659 -0.0000026559231678380257
vn -0.000005055070244800823 0.9999999999697 -0.000005919980436752681
vn 0.9183346105044313 -0.10941029643676414 -0.38038261025353703
vn -0.923030792171436 0.042867833334432344 0.38233036181891583
vn 0.37208975156585217 0.01202355120041454 0.9281188776208539
vn -0.37209063166573525 -0.012023447025244164 -0.9281185261313479
vn 0.000005055070244772097 -0.9999999999697 0.000005919980436641659
vn 0.24220368497853098 0.9650238729561919 -0.10033095039643777
vn 0.9980254070296376 -0.029097704401725138 0.055665164347876245
vn 1 0 0
vn 0.8432062440996219 -0.2080444471496546 -0.49570226741624235
vn -0.8433584748845127 0.23529440363913276 0.48309732607061084
vn 0.3616382856667268 0.41959998194724557 0.8325584697124295
vn -0.36163669699925144 -0.419600201356027 -0.8325590492003877
vn -0.10475106416886477 -0.8710897875470484 0.47982267202241347
vn 0.7772771218519562 0.14248600137508047 -0.6128115658648098
vn 0.9986000006078921 0.04372419494294402 0.029769675216725605
vn 0.9835135311590455 0.17342003596654573 -0.051250611239549576
vn 0 0 0
vn 0.6235535195203115 0.40853120822411215 0.6665457675214657
vn 0.662064403028819 0.6625034965723011 0.35037100803515214
vn 0.9999763114838294 0.0068655517659508315 -0.0004905814351702374
vn 0.9957786696093092 -0.04471714842381485 -0.08015745622184442
vn -0.9835135311590455 0.17342003596654576 -0.051250611239549576
vn -0.6235535195203109 0.40853120822411215 0.6665457675214661
vn -0.8432062440996216 -0.20804444714965453 -0.49570226741624235
vn 0.8433584748845124 0.23529440363913287 0.4830973260706111
vn -0.3616382856667268 0.41959998194724557 0.8325584697124295
vn 0.3616366969992518 -0.4196002013560269 -0.8325590492003876
vn 0.1047510641688648 -0.8710897875470485 0.47982267202241347
vn -0.7772771218519563 0.14248600137508058 -0.6128115658648097
vn -0.9183346105044313 -0.10941029643676412 -0.380382610253537
vn 0.923030792171436 0.042867833334432344 0.38233036181891566
vn -0.3720897515658521 0.012023551200414487 0.928118877620854
vn 0.37209063166573514 -0.01202344702524422 -0.9281185261313479
vn -0.000005055070244800823 -0.9999999999697 0.000005919980436752681
vn -0.24220368497853104 0.9650238729561917 -0.10033095039643766
vn -0.9238800972757304 2.5264124153823182e-8 -0.38268206890026424
vn 0.923880097275731 -2.526412373748954e-8 0.38268206890026263
vn -0.37211510982247764 -0.002909373544277783 0.9281820298774296
vn 0.37211511036189177 0.0029088741922963517 -0.9281820312262519
vn -0.0000016169264950009957 -0.999999999995166 -0.000002655923167727004
vn 0.000005055070244772097 0.9999999999697 -0.000005919980436641659
vn -0.9986000006078921 0.04372419494294402 0.029769675216725605
vn -1 0 0
vn -0.9980254070296376 -0.029097704401725134 0.05566516434787623
usemtl m_48d8ce63-9662-56cb-60c2-d97a22d963f0
f 2/1/1 1/2/1 3/3/1 4/4/1
f 7/5/2 5/6/2 6/7/2 8/8/2
f 5/9/3 1/10/3 2/11/3 6/12/3
f 4/13/4 3/14/4 7/15/4 8/16/4
f 3/17/5 1/18/5 5/19/5 7/20/5
f 6/21/6 2/22/6 4/23/6 8/24/6
f 10/25/7 9/26/7 11/27/7 12/28/7
f 15/29/8 13/30/8 14/31/8 16/32/8
f 13/33/9 9/34/9 10/35/9 14/36/9
f 12/37/10 11/38/10 15/39/10 16/40/10
f 11/41/11 9/42/11 13/43/11 15/44/11
f 14/45/12 10/46/12 12/47/12 16/48/12
f 19/49/13 17/50/13 18/51/13 20/52/13
f 22/53/14 21/54/14 23/55/14 24/56/14
f 18/57/15 17/58/15 21/59/15 22/60/15
f 23/61/16 19/62/16 20/63/16 24/64/16
f 21/65/17 17/66/17 19/67/17 23/68/17
f 20/69/18 18/70/18 22/71/18 24/72/18
f 27/73/19 25/74/19 26/75/19 28/76/19
f 30/77/20 29/78/20 31/79/20 32/80/20
f 26/81/21 25/82/21 29/83/21 30/84/21
f 31/85/22 27/86/22 28/87/22 32/88/22
f 29/89/23 25/90/23 27/91/23 31/92/23
f 28/93/24 26/94/24 30/95/24 32/96/24
f 35/97/25 33/98/25 34/99/25 36/100/25
f 38/101/26 37/102/26 39/103/26 40/104/26
f 34/105/27 33/106/27 37/107/27 38/108/27
f 39/109/28 35/110/28 36/111/28 40/112/28
f 37/113/29 33/114/29 35/115/29 39/116/29
f 36/117/30 34/118/30 38/119/30 40/120/30
f 43/121/31 41/122/31 42/123/31 44/124/31
f 46/125/32 45/126/32 47/127/32 48/128/32
f 42/129/33 41/130/33 45/131/33 46/132/33
f 47/133/34 43/134/34 44/135/34 48/136/34
f 45/137/35 41/138/35 43/139/35 47/140/35
f 44/141/36 42/142/36 46/143/36 48/144/36
f 50/145/37 49/146/37 51/147/37 52/148/37
f 55/149/38 53/150/38 54/151/38 56/152/38
f 53/153/39 49/154/39 50/155/39 54/156/39
f 52/157/40 51/158/40 55/159/40 56/160/40
f 51/161/41 49/162/41 53/163/41 55/164/41
f 54/165/42 50/166/42 52/167/42 56/168/42
f 58/169/43 57/170/43 59/171/43 60/172/43
f 63/173/44 61/174/44 62/175/44 64/176/44
f 61/177/45 57/178/45 58/179/45 62/180/45
f 60/181/46 59/182/46 63/183/46 64/184/46
f 59/185/47 57/186/47 61/187/47 63/188/47
f 62/189/48 58/190/48 60/191/48 64/192/48
f 66/193/49 65/194/49 67/195/49 68/196/49
f 71/197/50 69/198/50 70/199/50 72/200/50
f 65/201/51 69/202/51 66/203/51 70/204/51
f 67/205/52 71/206/52 68/207/52 72/208/52
f 67/209/53 65/210/53 69/211/53 71/212/53
f 70/213/54 66/214/54 68/215/54 72/216/54
f 74/217/55 73/218/55 75/219/55 76/220/55
f 79/221/56 77/222/56 78/223/56 80/224/56
f 77/225/57 73/226/57 74/227/57 78/228/57
f 76/229/58 75/230/58 79/231/58 80/232/58
f 75/233/59 73/234/59 77/235/59 79/236/59
f 78/237/60 74/238/60 76/239/60 80/240/60
f 82/241/61 81/242/61 83/243/61 84/244/61
f 87/245/62 85/246/62 86/247/62 88/248/62
f 85/249/63 81/250/63 82/251/63 86/252/63
f 84/253/64 83/254/64 87/255/64 88/256/64
f 83/257/65 81/258/65 85/259/65 87/260/65
f 86/261/66 82/262/66 84/263/66 88/264/66
f 90/265/67 89/266/67 91/267/67 92/268/67
f 95/269/68 93/270/68 94/271/68 96/272/68
f 93/273/69 89/274/69 90/275/69 94/276/69
f 92/277/70 91/278/70 95/279/70 96/280/70
f 91/281/71 89/282/71 93/283/71 95/284/71
f 94/285/72 90/286/72 92/287/72 96/288/72
f 98/289/73 97/290/73 99/291/73 100/292/73
f 103/293/74 101/294/74 102/295/74 104/296/74
f 101/297/75 97/298/75 98/299/75 102/300/75
f 100/301/76 99/302/76 103/303/76 104/304/76
f 99/305/77 97/306/77 101/307/77 103/308/77
f 102/309/78 98/310/78 100/311/78 104/312/78
f 107/313/79 105/314/79 106/315/79 108/316/79
f 110/317/80 109/318/80 111/319/80 112/320/80
f 106/321/81 105/322/81 109/323/81 110/324/81
f 111/325/82 107/326/82 108/327/82 112/328/82
f 109/329/83 105/330/83 107/331/83 111/332/83
f 108/333/84 106/334/84 110/335/84 112/336/84
f 115/337/85 113/338/85 114/339/85 116/340/85
f 118/341/86 117/342/86 119/343/86 120/344/86
f 114/345/87 113/346/87 117/347/87 118/348/87
f 119/349/88 115/350/88 116/351/88 120/352/88
f 117/353/89 113/354/89 115/355/89 119/356/89
f 116/357/90 114/358/90 118/359/90 120/360/90
f 122/361/91 121/362/91 123/363/91 124/364/91
f 127/365/92 125/366/92 126/367/92 128/368/92
f 125/369/93 121/370/93 122/371/93 126/372/93
f 124/373/94 123/374/94 127/375/94 128/376/94
f 123/377/95 121/378/95 125/379/95 127/380/95
f 126/381/96 122/382/96 124/383/96 128/384/96
f 131/385/97 129/386/97 130/387/97 132/388/97
f 134/389/98 133/390/98 135/391/98 136/392/98
f 130/393/99 129/394/99 133/395/99 134/396/99
f 135/397/100 131/398/100 132/399/100 136/400/100
f 133/401/101 129/402/101 131/403/101 135/404/101
f 132/405/102 130/406/102 134/407/102 136/408/102
f 138/409/103 137/410/103 139/411/103 140/412/103
f 143/413/104 141/414/104 142/415/104 144/416/104
f 141/417/105 137/418/105 138/419/105 142/420/105
f 140/421/106 139/422/106 143/423/106 144/424/106
f 139/425/107 137/426/107 141/427/107 143/428/107
f 142/429/108 138/430/108 140/431/108 144/432/108
f 146/433/109 145/434/109 147/435/109 148/436/109
f 151/437/110 149/438/110 150/439/110 152/440/110
f 149/441/111 145/442/111 146/443/111 150/444/111
f 148/445/112 147/446/112 151/447/112 152/448/112
f 147/449/113 145/450/113 149/451/113 151/452/113
f 150/453/114 146/454/114 148/455/114 152/456/114
f 154/457/115 153/458/115 155/459/115 156/460/115
f 159/461/116 157/462/116 158/463/116 160/464/116
f 157/465/117 153/466/117 154/467/117 158/468/117
f 156/469/118 155/470/118 159/471/118 160/472/118
f 155/473/119 153/474/119 157/475/119 159/476/119
f 158/477/120 154/478/120 156/479/120 160/480/120
f 164/481/121 162/482/121 161/483/121 163/484/121
f 166/485/122 165/486/122 168/487/122 167/488/122
f 172/489/123 170/490/123 169/491/123 171/492/123
f 176/493/124 174/494/124 173/495/124 175/496/124
f 180/497/125 178/498/125 177/499/125 179/500/125
f 182/501/126 181/502/126 183/503/126 184/504/126
f 187/505/127 185/506/127 186/507/127 188/508/127
f 185/509/128 181/510/128 182/511/128 186/512/128
f 184/513/129 183/514/129 187/515/129 188/516/129
f 183/517/130 181/518/130 185/519/130 187/520/130
f 186/521/131 182/522/131 184/523/131 188/524/131
f 190/525/132 189/526/132 191/527/132 192/528/132
f 195/529/133 193/530/133 194/531/133 196/532/133
f 193/533/134 189/534/134 190/535/134 194/536/134
f 192/537/135 191/538/135 195/539/135 196/540/135
f 191/541/136 189/542/136 193/543/136 195/544/136
f 194/545/137 190/546/137 192/547/137 196/548/137
f 197/549/138 198/550/138 200/551/138 199/552/138
f 201/553/139 202/554/139 204/555/139 203/556/139
f 206/557/140 205/558/140 207/559/140 208/560/140
f 211/561/141 209/562/141 210/563/141 212/564/141
f 209/565/142 205/566/142 206/567/142 210/568/142
f 208/569/143 207/570/143 211/571/143 212/572/143
f 207/573/144 205/574/144 209/575/144 211/576/144
f 210/577/145 206/578/145 208/579/145 212/580/145
f 213/581/146 214/582/146 216/583/146 215/584/146
f 217/585/147 218/586/147 220/587/147 219/588/147
f 224/589/148 221/590/148 222/591/148 223/592/148
f 225/593/149 226/594/149 228/595/149 227/596/149
f 229/597/150 230/598/150 232/599/150 231/600/150
f 233/601/151 234/602/151 236/603/151 235/604/151
f 237/605/152 238/606/152 240/607/152 239/608/152
f 244/609/153 242/610/153 241/611/153 243/612/153
f 248/613/154 246/614/154 245/615/154 247/616/154
f 251/617/155 249/618/155 250/619/155 252/620/155
f 254/621/156 253/622/156 255/623/156 256/624/156
f 250/625/157 249/626/157 253/627/157 254/628/157
f 255/629/158 251/630/158 252/631/158 256/632/158
f 253/633/159 249/634/159 251/635/159 255/636/159
f 252/637/160 250/638/160 254/639/160 256/640/160
f 259/641/161 257/642/161 258/643/161 260/644/161
f 262/645/162 261/646/162 263/647/162 264/648/162
f 258/649/163 257/650/163 261/651/163 262/652/163
f 263/653/164 259/654/164 260/655/164 264/656/164
f 261/657/165 257/658/165 259/659/165 263/660/165
f 260/661/166 258/662/166 262/663/166 264/664/166
f 267/665/167 265/666/167 266/667/167 268/668/167
f 270/669/168 269/670/168 271/671/168 272/672/168
f 266/673/169 265/674/169 269/675/169 270/676/169
f 271/677/170 267/678/170 268/679/170 272/680/170
f 269/681/171 265/682/171 267/683/171 271/684/171
f 268/685/172 266/686/172 270/687/172 272/688/172
f 276/689/173 274/690/173 273/691/173 275/692/173
f 280/693/174 278/694/174 277/695/174 279/696/174
f 284/697/175 282/698/175 281/699/175 283/700/175
o tete
v -0.2629225 2.4634805460956666 7.458955312136635
v -0.2629225 2.4976116695849293 7.362500139815168
v -0.2629225 2.405738075313711 7.4350375976138166
v -0.2629225 2.439869198802974 7.33858242529235
v -0.9870775 2.463480755470169 7.39645536723701
v -0.9870775 2.497611878959432 7.300000194915543
v -0.9870775 2.405738284688214 7.3725376527141915
v -0.9870775 2.4398694081774766 7.276082480392725
v 0.2629225 2.4634805460956666 7.458955312136635
v 0.2629225 2.4976116695849293 7.362500139815168
v 0.2629225 2.405738075313711 7.4350375976138166
v 0.2629225 2.439869198802974 7.33858242529235
v -0.2629225 2.4634805460956666 7.458955312136635
v -0.2629225 2.4976116695849293 7.362500139815168
v -0.2629225 2.405738075313711 7.4350375976138166
v -0.2629225 2.439869198802974 7.33858242529235
v 0.2629225 2.4976116695849293 7.362500139815168
v 0.2629225 2.4976117709825285 6.987499992063127
v 0.2629225 2.4351117246853042 7.3624999304406655
v 0.2629225 2.435111826082904 6.987499782688625
v 0.9870775 2.497611878959432 7.300000194915543
v 0.9870775 2.497611980357031 6.925000047163502
v 0.9870775 2.435111934059807 7.2999999855410405
v 0.9870775 2.435112035457406 6.9249998377890005
v 0.2629225 2.4976116695849293 7.362500139815168
v 0.01277 2.5150642299432686 6.92499997872834
v 0.2629225 2.4351117246853042 7.3624999304406655
v -0.01277 2.4525642850436435 6.924999769353837
v 0.9870775 2.497611878959432 7.300000194915543
v 0.9870775 2.497611980357031 6.925000047163502
v 0.9870775 2.435111934059807 7.2999999855410405
v 0.9870775 2.435112035457406 6.9249998377890005
v 0.2629225 2.4634805460956666 7.458955312136635
v 0.2629225 2.4976116695849293 7.362500139815168
v 0.2629225 2.405738075313711 7.4350375976138166
v 0.2629225 2.439869198802974 7.33858242529235
v 0.9870775 2.463480755470169 7.39645536723701
v 0.9870775 2.497611878959432 7.300000194915543
v 0.9870775 2.405738284688214 7.3725376527141915
v 0.9870775 2.4398694081774766 7.276082480392725
v 0.252111875 2.4268666623855584 7.503099025547779
v 0.2629225 2.463480207848104 7.4589544955347815
v 0.252111875 2.369124191603603 7.47918131102496
v 0.2629225 2.405737737066149 7.435036781011964
v 0.976266875 2.426866871760061 7.440599080648154
v 0.9870775 2.4634804172226064 7.3964545506351564
v 0.976266875 2.3691244009781056 7.416681366125335
v 0.9870775 2.405737946440651 7.372536836112339
v -0.252111875 2.4268666623855584 7.503099025547779
v -0.2629225 2.463480207848104 7.4589544955347815
v -0.252111875 2.369124191603603 7.47918131102496
v -0.2629225 2.405737737066149 7.435036781011964
v -0.976266875 2.426866871760061 7.440599080648154
v -0.9870775 2.4634804172226064 7.3964545506351564
v -0.976266875 2.3691244009781056 7.416681366125335
v -0.9870775 2.405737946440651 7.372536836112339
v -0.2629225 2.4976116695849293 7.362500139815168
v -0.2629225 2.4351117246853042 7.3624999304406655
v 0.01277 2.4525642850436435 6.924999769353837
v -0.9870775 2.497611878959432 7.300000194915543
v -0.9870775 2.497611980357031 6.925000047163502
v -0.9870775 2.435111934059807 7.2999999855410405
v -0.9870775 2.435112035457406 6.9249998377890005
v 0.2629225 2.4976116695849293 7.362500139815168
v -0.01277 2.5150642299432686 6.92499997872834
v 0.2629225 2.4351117246853042 7.3624999304406655
v -0.01277 2.4525642850436435 6.924999769353837
v -0.2629225 2.4976116695849293 7.362500139815168
v -0.2629225 2.4351117246853042 7.3624999304406655
v 0.01277 2.4525642850436435 6.924999769353837
v 0.2629225 0.8182511580610594 8.286581310821328
v 0.2629225 2.426866423208413 7.503099602972486
v 0.2629225 0.7918373579574101 8.229937022422362
v 0.2629225 2.400452623104764 7.446455314573521
v -0.2629225 0.8182511580610594 8.286581310821328
v -0.2629225 2.426866423208413 7.503099602972486
v -0.2629225 0.7918373579574101 8.229937022422362
v -0.2629225 2.400452623104764 7.446455314573521
v 0.2629225 0.7544808786594639 8.246941316519543
v 0.2629225 0.8182513674355618 8.224081365921702
v 0.2629225 0.7463231015766822 8.184975747286837
v 0.2629225 0.8100933511756352 8.162116374113705
v -0.2629225 0.7544808786594639 8.246941316519543
v -0.2629225 0.8182513674355618 8.224081365921702
v -0.2629225 0.7463231015766822 8.184975747286837
v -0.2629225 0.8100933511756352 8.162116374113705
v 0.2629225 0.1257717524363473 8.3081576944427
v 0.2629225 0.5669805954089411 8.309441210720367
v 0.2629225 0.12577196181084993 8.245657749543074
v 0.2629225 0.5669808047834437 8.246941265820743
v -0.2629225 0.1257717524363473 8.3081576944427
v -0.2629225 0.5669805954089411 8.309441210720367
v -0.2629225 0.12577196181084993 8.245657749543074
v -0.2629225 0.5669808047834437 8.246941265820743
v 1.2004225 0.0007718295448024826 7.901907732916549
v 1.2004225 0.002055555196973202 7.398198945044331
v 1.2004225 -0.061728115354822144 7.901907523542047
v 1.2004225 -0.06044438970265276 7.398198735669828
v -1.2004225 0.0007718295448024826 7.901907732916549
v -1.2004225 0.002055555196973202 7.398198945044331
v -1.2004225 -0.061728115354822144 7.901907523542047
v -1.2004225 -0.06044438970265276 7.398198735669828
v 1.1637675 0.0007721468962085254 8.15190799086934
v 1.2004225 0.0007718295448024826 7.901907732916549
v 1.1637675 -0.061728037180561746 8.151908358919545
v 1.2004225 -0.061728115354822144 7.901907523542047
v -0.0129225 0.0007718086486456777 8.151907174267487
v -0.0129225 0.0007718295448024826 7.901907732916549
v -0.0129225 -0.06172837542812459 8.151907542317693
v -0.0129225 -0.061728115354822144 7.901907523542047
v 0.2629225 -0.06172837542812459 8.151907542317693
v 0.2629225 0.1294805027572754 8.309440899948266
v 0.2629225 0.0007718086486456777 8.151907174267487
v 0.2629225 0.12948071213177803 8.24694095504864
v -0.2629225 -0.06172837542812459 8.151907542317693
v -0.2629225 0.1294805027572754 8.309440899948266
v -0.2629225 0.0007718086486456777 8.151907174267487
v -0.2629225 0.12948071213177803 8.24694095504864
v 1.2004225 -0.061728115354822144 7.901907523542047
v 1.2188125 0.06250007019155213 7.793750233503364
v 1.2004225 0.0007718295448024826 7.901907732916549
v 1.15779375 0.06249984753266524 7.780222944751879
v 1.1637675 -0.061728037180561746 8.151908358919545
v 1.199991875 0.12093548790813546 8.161721385867123
v 1.1637675 0.0007721468962085254 8.15190799086934
v 1.13897375 0.12093584267395663 8.148194336292784
v -0.2629225 -0.06172837542812459 8.151907542317693
v -0.2629225 0.1294805027572754 8.309440899948266
v -0.2629225 0.0007718086486456777 8.151907174267487
v -0.2629225 0.12948071213177803 8.24694095504864
v -0.7887675 -0.06172837542812459 8.151907542317693
v -0.9762675 0.12093549925606517 8.25151326502822
v -0.7887675 0.0007718086486456777 8.151907174267487
v -0.9762675 0.1209357086305678 8.189013320128597
v 0.2629225 -0.06172837542812459 8.151907542317693
v 0.2629225 0.1294805027572754 8.309440899948266
v 0.2629225 0.0007718086486456777 8.151907174267487
v 0.2629225 0.12948071213177803 8.24694095504864
v 0.7887675 -0.06172837542812459 8.151907542317693
v 0.9762675 0.12093549925606517 8.25151326502822
v 0.7887675 0.0007718086486456777 8.151907174267487
v 0.9762675 0.1209357086305678 8.189013320128597
v 0.7887675 -0.06172837542812459 8.151907542317693
v 0.9762675 0.12093549925606517 8.25151326502822
v 0.7887675 0.0007718086486456777 8.151907174267487
v 0.9762675 0.1209357086305678 8.189013320128597
v 1.1637675 -0.06172837542812459 8.151907542317693
v 1.1999925 0.12093548790813546 8.161721385867123
v 1.1637675 0.0007718086486456777 8.151907174267487
v 1.1999925 0.12093569728263809 8.099221440967499
v 0.9762675 0.818251606612707 8.224080788496995
v 0.9762675 2.426866632582916 7.440599658072861
v 0.9762675 0.7918383839337655 8.167436739275175
v 0.9762675 2.4004528324792664 7.383955369673896
v 0.2629225 0.818251735485767 8.286581549998473
v 0.2629225 2.4268672398102664 7.5030992647249235
v 0.2629225 0.7918379353821179 8.229937261599508
v 0.2629225 2.400453439706617 7.446454976325959
v 1.2188125 0.7499997943173264 8.153125149274048
v 1.1719375 1.9375000486655352 7.5749996383865295
v 1.18523125 0.7277230231183553 8.105351792779764
v 1.13835625 1.915223277466564 7.527226281892245
v 0.9762675 0.8182513674355618 8.224081365921702
v 0.9762675 2.426866055158208 7.440599418895716
v 0.94268625 0.7959740188118829 8.176307770250272
v 0.94268625 2.404588706534529 7.392825823224287
v -0.9762675 0.8182513674355618 8.224081365921702
v -0.9762675 2.426866055158208 7.440599418895716
v -0.9762675 0.7918375673319127 8.167437077522738
v -0.9762675 2.4004522550545584 7.3839551304967515
v -0.2629225 0.8182511580610594 8.286581310821328
v -0.2629225 2.4268666623855584 7.503099025547779
v -0.2629225 0.7918379353821179 8.229937261599508
v -0.2629225 2.400452862281909 7.446454737148814
v -0.9762675 0.12093549925606517 8.25151326502822
v -0.9762675 0.5621435256268059 8.25279711955345
v -0.9762675 0.1209357086305678 8.189013320128597
v -0.9762675 0.5621437350013085 8.190297174653827
v -0.2629225 0.1257717524363473 8.3081576944427
v -0.2629225 0.5669805954089411 8.309441210720367
v -0.2629225 0.12577196181084993 8.245657749543074
v -0.2629225 0.5669808047834437 8.246941265820743
v 1.199991875 0.12093548790813546 8.161721385867123
v 1.200483125 0.5621441269071732 8.162907402358151
v 1.176074375 0.12093560259412683 8.103979191961644
v 1.176565625 0.5621436641684563 8.105164969275526
v 0.97577625 0.12093488662776863 8.251611103062423
v 0.9762675 0.5621435256268059 8.25279711955345
v 0.95185875 0.12093500131375956 8.193868909156944
v 0.95235 0.5621436403127971 8.195054925647971
v 1.200483125 0.5621441269071732 8.162907402358151
v 1.2188125 0.7500003717420345 8.153125388451194
v 1.176565625 0.5621436641684563 8.105164969275526
v 1.194895 0.7499999090033178 8.095382955368569
v 0.9762675 0.5621435256268059 8.25279711955345
v 0.9762675 0.8182519448602699 8.224081605098847
v 0.95235 0.5621436403127971 8.195054925647971
v 0.95235 0.818252059546261 8.166339411193366
v 0.9762675 0.12093549925606517 8.25151326502822
v 0.9762675 0.5621435256268059 8.25279711955345
v 0.9762675 0.1209357086305678 8.189013320128597
v 0.9762675 0.5621437350013085 8.190297174653827
v 0.2629225 0.1257717524363473 8.3081576944427
v 0.2629225 0.5669805954089411 8.309441210720367
v 0.2629225 0.12577196181084993 8.245657749543074
v 0.2629225 0.5669808047834437 8.246941265820743
v -0.9762675 0.5584354630346704 8.189012814298845
v -0.9762675 0.8121439929540988 8.190296857302421
v -0.9762675 0.558435672409173 8.12651286939922
v -0.9762675 0.8121436249038936 8.127796673225651
v -0.2629225 0.5632717162149528 8.245657243713323
v -0.2629225 0.816980823559089 8.246941525894044
v -0.2629225 0.5632719255894554 8.183157298813699
v -0.2629225 0.8169804555088835 8.184441341817275
v 0.2629225 0.5632717162149528 8.245657243713323
v 0.2629225 0.816980823559089 8.246941525894044
v 0.2629225 0.5632719255894554 8.183157298813699
v 0.2629225 0.8169804555088835 8.184441341817275
v -0.2629225 0.5632717162149528 8.245657243713323
v -0.2629225 0.816980823559089 8.246941525894044
v -0.2629225 0.5632719255894554 8.183157298813699
v -0.2629225 0.8169804555088835 8.184441341817275
v 0.9762675 0.5584354630346704 8.189012814298845
v 0.9762675 0.8121439929540988 8.190296857302421
v 0.9762675 0.558435672409173 8.12651286939922
v 0.9762675 0.8121436249038936 8.127796673225651
v 0.2629225 0.5632717162149528 8.245657243713323
v 0.2629225 0.816980823559089 8.246941525894044
v 0.2629225 0.5632719255894554 8.183157298813699
v 0.2629225 0.8169804555088835 8.184441341817275
v -0.9606425 0.18343557864558413 8.282762869427827
v -0.9606425 0.4371435311403047 8.28404667325426
v -0.9606425 0.18343578802008675 8.220262924528203
v -0.9606425 0.4371437405148071 8.221546728354634
v -0.2629225 0.18827183182586626 8.339407298842307
v -0.2629225 0.44198036174529465 8.340691341845883
v -0.2629225 0.1882720412003689 8.276907353942683
v -0.2629225 0.44198057111979727 8.278191396946257
v 0.2629225 0.18827183182586626 8.339407298842307
v 0.2629225 0.44198036174529465 8.340691341845883
v 0.2629225 0.1882720412003689 8.276907353942683
v 0.2629225 0.44198057111979727 8.278191396946257
v -0.2629225 0.18827183182586626 8.339407298842307
v -0.2629225 0.44198036174529465 8.340691341845883
v -0.2629225 0.1882720412003689 8.276907353942683
v -0.2629225 0.44198057111979727 8.278191396946257
v 0.9606425 0.18343557864558413 8.282762869427827
v 0.9606425 0.4371435311403047 8.28404667325426
v 0.9606425 0.18343578802008675 8.220262924528203
v 0.9606425 0.4371437405148071 8.221546728354634
v 0.2629225 0.18827183182586626 8.339407298842307
v 0.2629225 0.44198036174529465 8.340691341845883
v 0.2629225 0.1882720412003689 8.276907353942683
v 0.2629225 0.44198057111979727 8.278191396946257
v 1.190590625 0.17859843310056034 8.185107582904942
v 1.1909225 0.4323069190673172 8.186347635519589
v 1.174414375 0.17859867464088097 8.124737257982911
v 1.17474625 0.4323071606076381 8.125977310597557
v 0.96031 0.1834350451735478 8.282806620639612
v 0.9606425 0.4371435311403047 8.28404667325426
v 0.94413375 0.18343528671386844 8.222436295717582
v 0.94446625 0.43714377268062554 8.223676348332228
v 0.2629225 2.4268666623855584 7.503099025547779
v 0.2629225 2.463479968670959 7.45895507295949
v 0.2629225 2.372739629828307 7.471849260197669
v 0.2629225 2.4093537527155604 7.427704969361818
v -0.2629225 2.4268666623855584 7.503099025547779
v -0.2629225 2.463479968670959 7.45895507295949
v -0.2629225 2.372739629828307 7.471849260197669
v -0.2629225 2.4093537527155604 7.427704969361818
v 1.2188125 0.06250007019155213 7.793750233503364
v 1.2188125 0.06250017158915089 7.4187500857513236
v 1.2188125 0.7499997943173264 8.153125149274048
v 1.2188125 1.2500002214973354 7.4187497827167705
v 1.2004225 -0.061728115354822144 7.901907523542047
v 1.21875 -0.06249967149803615 7.424999824812652
v 1.2188125 0.06250007019155213 7.793750233503364
v 1.21875 0.06250021830121355 7.425000243561657
v 1.1999925 0.12093548790813546 8.161721385867123
v 1.2188125 0.06250007019155213 7.793750233503364
v 1.20048375 0.5621441269071732 8.162907402358151
v 1.2188125 0.7499997943173264 8.153125149274048
v 1.2188125 0.7499997943173264 8.153125149274048
v 1.2188125 1.2500002214973354 7.4187497827167705
v 1.1719375 1.93749980948839 7.5750002158112375
v 1.196940625 1.7495235740803516 7.418749713565965
v 1.1719375 1.93749980948839 7.5750002158112375
v 1.196940625 1.7495235740803516 7.418749713565965
v 1.1250625 2.187499856421852 7.465624755708343
v 1.120969375 2.1803778345984646 7.4187498891994625
v 1.121030625 2.180388508456661 7.418750251485539
v 1.120969375 2.1803776759227618 7.293749760223068
v 1.0625625 2.3593751011038426 7.4187497953887975
v 1.119704375 2.3650731265138676 7.299999778511411
v 1.027280625 2.180388245093707 7.325000094958956
v 1.120969375 2.1803776759227618 7.293749760223068
v 0.9688125 2.3593748377408885 7.324999638862216
v 1.119704375 2.3650731265138676 7.299999778511411
v -1.027280625 2.180388245093707 7.325000094958956
v -1.120969375 2.1803776759227618 7.293749760223068
v -0.9688125 2.3593748377408885 7.324999638862216
v -1.119704375 2.3650731265138676 7.299999778511411
v 1.1250625 2.187499856421852 7.465624755708343
v 1.120969375 2.1803778345984646 7.4187498891994625
v 1.0625625 2.3593751011038426 7.4187497953887975
v 1.119704375 2.3650731265138676 7.299999778511411
v 1.0625625 2.3593751011038426 7.4187497953887975
v 1.119704375 2.3650731265138676 7.299999778511411
v 0.9870775 2.463480755470169 7.39645536723701
v 0.9870775 2.497611878959432 7.300000194915543
v 1.0625625 2.3593751011038426 7.4187497953887975
v 1.0625625 2.3593751011038426 7.4187497953887975
v 0.976266875 2.426866871760061 7.440599080648154
v 0.9870775 2.463480755470169 7.39645536723701
v 1.1719375 1.93749980948839 7.5750002158112375
v 1.1250625 2.187499856421852 7.465624755708343
v 0.9762675 2.426866632582916 7.440599658072861
v 1.0625625 2.3593751011038426 7.4187497953887975
v -1.0625625 2.3593751011038426 7.4187497953887975
v -1.0625625 2.3593751011038426 7.4187497953887975
v -0.976266875 2.426866871760061 7.440599080648154
v -0.9870775 2.463480755470169 7.39645536723701
v -1.0625625 2.3593751011038426 7.4187497953887975
v -1.119704375 2.3650731265138676 7.299999778511411
v -0.9870775 2.463480755470169 7.39645536723701
v -0.9870775 2.497611878959432 7.300000194915543
v -1.121030625 2.180388508456661 7.418750251485539
v -1.120969375 2.1803776759227618 7.293749760223068
v -1.0625625 2.3593751011038426 7.4187497953887975
v -1.119704375 2.3650731265138676 7.299999778511411
v -1.1250625 2.187499856421852 7.465624755708343
v -1.120969375 2.1803778345984646 7.4187498891994625
v -1.0625625 2.3593751011038426 7.4187497953887975
v -1.119704375 2.3650731265138676 7.299999778511411
v -1.1719375 1.93749980948839 7.5750002158112375
v -1.196940625 1.7495235740803516 7.418749713565965
v -1.1250625 2.187499856421852 7.465624755708343
v -1.120969375 2.1803778345984646 7.4187498891994625
v -1.1719375 1.93749980948839 7.5750002158112375
v -1.1250625 2.187499856421852 7.465624755708343
v -0.9762675 2.426866632582916 7.440599658072861
v -1.0625625 2.3593751011038426 7.4187497953887975
v -1.2188125 0.7499997943173264 8.153125149274048
v -1.1719375 1.9375000486655352 7.5749996383865295
v -1.18523125 0.7277230231183553 8.105351792779764
v -1.13835625 1.915223277466564 7.527226281892245
v -0.9762675 0.8182513674355618 8.224081365921702
v -0.9762675 2.426866055158208 7.440599418895716
v -0.94268625 0.7959740188118829 8.176307770250272
v -0.94268625 2.404588706534529 7.392825823224287
v -1.200483125 0.5621441269071732 8.162907402358151
v -1.2188125 0.7500003717420345 8.153125388451194
v -1.176565625 0.5621436641684563 8.105164969275526
v -1.194895 0.7499999090033178 8.095382955368569
v -0.9762675 0.5621435256268059 8.25279711955345
v -0.9762675 0.8182519448602699 8.224081605098847
v -0.95235 0.5621436403127971 8.195054925647971
v -0.95235 0.818252059546261 8.166339411193366
v -1.190590625 0.17859843310056034 8.185107582904942
v -1.1909225 0.4323069190673172 8.186347635519589
v -1.174414375 0.17859867464088097 8.124737257982911
v -1.17474625 0.4323071606076381 8.125977310597557
v -0.96031 0.1834350451735478 8.282806620639612
v -0.9606425 0.4371435311403047 8.28404667325426
v -0.94413375 0.18343528671386844 8.222436295717582
v -0.94446625 0.43714377268062554 8.223676348332228
v -1.199991875 0.12093548790813546 8.161721385867123
v -1.200483125 0.5621441269071732 8.162907402358151
v -1.176074375 0.12093560259412683 8.103979191961644
v -1.176565625 0.5621436641684563 8.105164969275526
v -0.97577625 0.12093488662776863 8.251611103062423
v -0.9762675 0.5621435256268059 8.25279711955345
v -0.95185875 0.12093500131375956 8.193868909156944
v -0.95235 0.5621436403127971 8.195054925647971
v -0.7887675 -0.06172837542812459 8.151907542317693
v -0.9762675 0.12093549925606517 8.25151326502822
v -0.7887675 0.0007718086486456777 8.151907174267487
v -0.9762675 0.1209357086305678 8.189013320128597
v -1.1637675 -0.06172837542812459 8.151907542317693
v -1.1999925 0.12093548790813546 8.161721385867123
v -1.1637675 0.0007718086486456777 8.151907174267487
v -1.1999925 0.12093569728263809 8.099221440967499
v -1.2188125 0.7499997943173264 8.153125149274048
v -1.2188125 1.2500002214973354 7.4187497827167705
v -1.1719375 1.93749980948839 7.5750002158112375
v -1.196940625 1.7495235740803516 7.418749713565965
v -1.2188125 0.06250007019155213 7.793750233503364
v -1.2188125 0.06250017158915089 7.4187500857513236
v -1.2188125 0.7499997943173264 8.153125149274048
v -1.2188125 1.2500002214973354 7.4187497827167705
v -1.1999925 0.12093548790813546 8.161721385867123
v -1.2188125 0.06250007019155213 7.793750233503364
v -1.20048375 0.5621441269071732 8.162907402358151
v -1.2188125 0.7499997943173264 8.153125149274048
v -1.2004225 -0.061728115354822144 7.901907523542047
v -1.2188125 0.06250007019155213 7.793750233503364
v -1.2004225 0.0007718295448024826 7.901907732916549
v -1.15779375 0.06249984753266524 7.780222944751879
v -1.1637675 -0.061728037180561746 8.151908358919545
v -1.199991875 0.12093548790813546 8.161721385867123
v -1.1637675 0.0007721468962085254 8.15190799086934
v -1.13897375 0.12093584267395663 8.148194336292784
v -1.1637675 0.0007721468962085254 8.15190799086934
v -1.2004225 0.0007718295448024826 7.901907732916549
v -1.1637675 -0.061728037180561746 8.151908358919545
v -1.2004225 -0.061728115354822144 7.901907523542047
v 0.0129225 0.0007718086486456777 8.151907174267487
v 0.0129225 0.0007718295448024826 7.901907732916549
v 0.0129225 -0.06172837542812459 8.151907542317693
v 0.0129225 -0.061728115354822144 7.901907523542047
v -1.2004225 -0.061728115354822144 7.901907523542047
v -1.21875 -0.06249967149803615 7.424999824812652
v -1.2188125 0.06250007019155213 7.793750233503364
v -1.21875 0.06250021830121355 7.425000243561657
v 0.844755 0.7500001503022995 8.226144827549827
v 0.839308125 0.7499998959043155 8.163882816833414
v 0.844755 0.6250000213259042 8.226144986225531
v 0.839308125 0.6250000061050653 8.163882398084409
v 0.59570625 0.7500001558358109 8.24793338483377
v 0.590259375 0.7499999014378269 8.185671374117355
v 0.59570625 0.6250000268594156 8.247933543509472
v 0.590259375 0.6249997724614318 8.185671532793059
v 0.564575 0.7500001338846198 8.250657621610399
v 0.559128125 0.750000118663781 8.188395033469277
v 0.564575 0.6250002440853699 8.250657202861394
v 0.559128125 0.6249999896873861 8.18839519214498
v 0.315526875 0.7500001394181313 8.272446178894342
v 0.310079375 0.7499998850201473 8.210184168177927
v 0.315526875 0.6250000104417364 8.272446337570043
v 0.310079375 0.6249999952208973 8.210183749428921
v 0.282088125 0.7500000189116212 8.284821254303878
v 0.282088125 0.7500002282861233 8.222321309404252
v 0.282088125 0.6249998899352258 8.28482141297958
v 0.282088125 0.6250000993097284 8.222321468079956
v 0.032088125 0.7500000189116212 8.284821254303878
v 0.032088125 0.7500002282861233 8.222321309404252
v 0.032088125 0.6249998899352258 8.28482141297958
v 0.032088125 0.6250000993097284 8.222321468079956
v -0.282088125 0.7500000189116212 8.284821254303878
v -0.282088125 0.7500002282861233 8.222321309404252
v -0.282088125 0.6249998899352258 8.28482141297958
v -0.282088125 0.6250000993097284 8.222321468079956
v -0.032088125 0.7500000189116212 8.284821254303878
v -0.032088125 0.7500002282861233 8.222321309404252
v -0.032088125 0.6249998899352258 8.28482141297958
v -0.032088125 0.6250000993097284 8.222321468079956
v -0.844755 0.7500001503022995 8.226144827549827
v -0.839308125 0.7499998959043155 8.163882816833414
v -0.844755 0.6250000213259042 8.226144986225531
v -0.839308125 0.6250000061050653 8.163882398084409
v -0.59570625 0.7500001558358109 8.24793338483377
v -0.590259375 0.7499999014378269 8.185671374117355
v -0.59570625 0.6250000268594156 8.247933543509472
v -0.590259375 0.6249997724614318 8.185671532793059
v -0.564575 0.7500001338846198 8.250657621610399
v -0.559128125 0.750000118663781 8.188395033469277
v -0.564575 0.6250002440853699 8.250657202861394
v -0.559128125 0.6249999896873861 8.18839519214498
v -0.315526875 0.7500001394181313 8.272446178894342
v -0.310079375 0.7499998850201473 8.210184168177927
v -0.315526875 0.6250000104417364 8.272446337570043
v -0.310079375 0.6249999952208973 8.210183749428921
v 0.2629225 2.5038618273952626 7.3625000931031055
v 0.01848 2.5213143877536015 6.924999932016277
v 0.2629225 2.4413618824956376 7.362499883728604
v 0.01848 2.4588144428539764 6.9249997226417745
v -0.2629225 2.5038618273952626 7.3625000931031055
v -0.2629225 2.4413618824956376 7.362499883728604
v -0.01223 2.4588144428539764 6.9249997226417745
v -0.01223 2.5213143877536015 6.924999932016277
vt 0.65625 0.8075229649407709
vt 0.65625 0.8203125
vt 0.6484375 0.8199020844991087
vt 0.6484375 0.8071125494398796
vt 0.2708377798578348 0.3828125
vt 0.27124867126673985 0.390625
vt 0.2584590951421652 0.390625
vt 0.25804820373326015 0.3828125
vt 0.091796875 0.5341440027968258
vt 0.091796875 0.625
vt 0.078125 0.6239635929259881
vt 0.078125 0.5331075957228139
vt 0.8183472950645811 0.986328125
vt 0.819383702138593 1
vt 0.7285277049354189 1
vt 0.727491297861407 0.986328125
vt 0.84765625 0.7421875
vt 0.84765625 0.75
vt 0.7578125 0.7470109375
vt 0.7578125 0.7391984375
vt 0.453125 0.15133204224037
vt 0.453125 0.2421875
vt 0.4453125 0.2419304086279146
vt 0.4453125 0.15107495086828449
vt 0.265625 0.3153354649407709
vt 0.265625 0.328125
vt 0.2578125 0.32771458449910873
vt 0.2578125 0.31492504943987965
vt 0.5130254972791689 0.3671875
vt 0.5134359127800602 0.375
vt 0.5006463777208311 0.375
vt 0.5002359622199398 0.3671875
vt 0.82421875 0.3203125
vt 0.7578125 0.3203125
vt 0.7578125 0.306640625
vt 0.82421875 0.306640625
vt 0.63671875 0.806640625
vt 0.63671875 0.8203125
vt 0.5703125 0.8203125
vt 0.5703125 0.806640625
vt 0.84765625 0.53125
vt 0.84765625 0.5390625
vt 0.78125 0.5390625
vt 0.78125 0.53125
vt 0.84765625 0.484375
vt 0.78125 0.484375
vt 0.78125 0.4765625
vt 0.84765625 0.4765625
vt 0.6328125 0.65625
vt 0.6328125 0.6640625
vt 0.5859375 0.6640625
vt 0.5859375 0.65625
vt 0.171875 0.3359375
vt 0.171875 0.3828125
vt 0.1640625 0.3828125
vt 0.1640625 0.3359375
vt 0.14595134181194674 0.3359375
vt 0.14998204862607012 0.3828125
vt 0.059126783188053256 0.3828125
vt 0.055096076373929895 0.3359375
vt 0.046875 0.2989525818141233
vt 0.046875 0.38980784725214024
vt 0 0.3857771404380168
vt 0 0.294921875
vt 0.6796875 0.158203125
vt 0.6796875 0.25
vt 0.671875 0.25
vt 0.671875 0.158203125
vt 0.849609375 0.2890625
vt 0.849609375 0.296875
vt 0.7578125 0.296875
vt 0.7578125 0.2890625
vt 0.845703125 0.5525055759517168
vt 0.845703125 0.5603187937703025
vt 0.7828347780612323 0.5625
vt 0.78125 0.5546871032456647
vt 0.71875 0.1171875
vt 0.71875 0.1640625
vt 0.7109375 0.1640625
vt 0.7109375 0.1171875
vt 0.6458582742311552 0.8749602560950386
vt 0.6145821196073337 0.9296875
vt 0.5240636007688448 0.9218689719680164
vt 0.5240636007688448 0.8750273461275638
vt 0.5634330252945836 0.443359375
vt 0.5712992049873429 0.533874100309891
vt 0.5165914200126571 0.5683718590117067
vt 0.5165914200126571 0.4433849009689328
vt 0.1328125 0.150390625
vt 0.1328125 0.2421875
vt 0.125 0.2421875
vt 0.125 0.150390625
vt 0.8671872443052135 0.451171875
vt 0.8641354695105331 0.45904028575997624
vt 0.7423276565370148 0.45904028575997624
vt 0.7421877556947865 0.4512290384841344
vt 0.013025497279168907 0.2734375
vt 0.013435912780060177 0.28125
vt 0.0006463777208310928 0.28125
vt 0.00023596221993982258 0.2734375
vt 0.3515625 0.36221042387542535
vt 0.3515625 0.375
vt 0.34375 0.37458910859109495
vt 0.34375 0.3617995324665203
vt 0.7792847950645811 0.267578125
vt 0.780321202138593 0.28125
vt 0.6894652049354189 0.28125
vt 0.688428797861407 0.267578125
vt 0.357421875 0.38384890707401187
vt 0.357421875 0.47470490427718615
vt 0.34375 0.47366849720317417
vt 0.34375 0.3828125
vt 0.421875 0.1513312871190562
vt 0.421875 0.2421875
vt 0.4140625 0.24193047794239064
vt 0.4140625 0.15107426506144683
vt 0.83203125 0.25
vt 0.83203125 0.2578125
vt 0.7421875 0.25482265625
vt 0.7421875 0.24701015625
vt 0.671875 0.29475859375
vt 0.671875 0.30257109375
vt 0.6640625 0.3046875
vt 0.6640625 0.296875
vt 0.0078125 0.1171875
vt 0 0.11507109375000002
vt 0 0.10725859375000002
vt 0.0078125 0.109375
vt 0.1171875 0.24817904800111656
vt 0.109375 0.25
vt 0.109375 0.15914396957399846
vt 0.1171875 0.15732379440669852
vt 0.7601696440559621 0.71875
vt 0.8510255915138835 0.71875
vt 0.8492045791117451 0.7265625
vt 0.7583494084861165 0.7265625
vt 0.1484375 0.15133126141349518
vt 0.1484375 0.2421875
vt 0.140625 0.24193041083738143
vt 0.140625 0.1510741722508766
vt 0.83984375 0.703125
vt 0.83984375 0.7109375
vt 0.75 0.70794765625
vt 0.75 0.70013515625
vt 0.8203125 0.125
vt 0.8125 0.12288359375000002
vt 0.8125 0.11507109375000002
vt 0.8203125 0.1171875
vt 0.0234375 0.10725859375000002
vt 0.0234375 0.11507109375000002
vt 0.015625 0.1171875
vt 0.015625 0.109375
vt 0.41641957237064925 0.890625
vt 0.5072756027966507 0.890625
vt 0.5054546507977673 0.8984375
vt 0.41459939720334926 0.8984375
vt 0.6640625 0.24710517062562842
vt 0.65625 0.2489261830277668
vt 0.65625 0.15807023556984556
vt 0.6640625 0.15625
vt 0.83984375 0.6796875
vt 0.83984375 0.6875
vt 0.75 0.68451015625
vt 0.75 0.67669765625
vt 0.4375 0.1513312871190562
vt 0.4375 0.2421875
vt 0.4296875 0.24193047794239064
vt 0.4296875 0.15107426506144683
vt 0.203125 0.16162220204027677
vt 0.203125 0.22629903933045625
vt 0.1953125 0.2265625
vt 0.1953125 0.16188566270982052
vt 0.21875 0.140625
vt 0.21875 0.1484375
vt 0.171875 0.1484375
vt 0.171875 0.140625
vt 0.5634330252945836 0.5781125159882933
vt 0.5712992049873429 0.6686272412981842
vt 0.5165914200126571 0.703125
vt 0.5165914200126571 0.5781380419572261
vt 0.6249934697422936 0.943359375
vt 0.5905255287407644 0.9980859511344545
vt 0.5000065302577064 0.9902690978987889
vt 0.5000065302577064 0.9434274856617737
vt 0.857421875 0.8984375
vt 0.857421875 0.90625
vt 0.765625 0.90625
vt 0.765625 0.8984375
vt 0.734375 0.13099570366848123
vt 0.734375 0.25599520534961684
vt 0.7265625 0.2558588766811356
vt 0.7265625 0.130859375
vt 0.21875 0.16015625
vt 0.21875 0.22483308729017948
vt 0.2109375 0.22509654795972323
vt 0.2109375 0.16041971066954375
vt 0.845703125 0.49609375
vt 0.845703125 0.5039059850736332
vt 0.78125 0.5060871538039439
vt 0.78125 0.4982749187303107
vt 0.20669375 0.8984375
vt 0.1409625 0.8984375
vt 0.17223203125 0.84375
vt 0.17542421875 0.84375
vt 0.69106875 0.3671875
vt 0.6253375 0.3671875
vt 0.65660703125 0.3125
vt 0.65979921875 0.3125
vt 0.85546875 0.2734375
vt 0.85546875 0.28125
vt 0.7890625 0.28125
vt 0.7890625 0.2734375
vt 0.14453125 0.8046875
vt 0.140625 0.8046875
vt 0.140625 0.796875
vt 0.14453125 0.796875
vt 0.8959430766299498 0.78125
vt 0.6722843114791965 0.78125
vt 0.6724168163639762 0.7734375
vt 0.8960750635208035 0.7734375
vt 0.6054129017139445 0.13671875
vt 0.6132250079540215 0.13671875
vt 0.6094314242525849 0.359375
vt 0.6016187420459785 0.359375
vt 0 0.400390625
vt 0.06640625 0.400390625
vt 0.06640625 0.625
vt 0 0.625
vt 0.203125 0.625
vt 0.203125 0.400390625
vt 0.26953125 0.400390625
vt 0.26953125 0.625
vt 0.32421875 0.171875
vt 0.32421875 0.1796875
vt 0.2578125 0.1796875
vt 0.2578125 0.171875
vt 0.83984375 0.1875
vt 0.7734375 0.1875
vt 0.7734375 0.1796875
vt 0.83984375 0.1796875
vt 0.8764540860299497 0.125
vt 0.8679859203660107 0.125
vt 0.8696396639700503 0.1171875
vt 0.8781078296339893 0.1171875
vt 0.625 0.31965683435582726
vt 0.6328125 0.3180036124389132
vt 0.6328125 0.32647125312098657
vt 0.625 0.328125
vt 0.4921875 0.171875
vt 0.55859375 0.171875
vt 0.55859375 0.1796875
vt 0.4921875 0.1796875
vt 0.828125 1
vt 0.828125 0.9921875
vt 0.89453125 0.9921875
vt 0.89453125 1
vt 0.89453125 0.9765625
vt 0.89453125 0.984375
vt 0.828125 0.984375
vt 0.828125 0.9765625
vt 0.83984375 0.171875
vt 0.7734375 0.171875
vt 0.7734375 0.1640625
vt 0.83984375 0.1640625
vt 0.8996572025453035 0.265625
vt 0.8445062122408005 0.265625
vt 0.8444834224546965 0.2578125
vt 0.8996344127591995 0.2578125
vt 0.6258960256260352 0.125
vt 0.6337087228891698 0.125
vt 0.6338695993739648 0.1796875
vt 0.6260569021108302 0.1796875
vt 0.1796875 0.3359375
vt 0.24609375 0.3359375
vt 0.24609375 0.390625
vt 0.1796875 0.390625
vt 0.625 0.4296875
vt 0.625 0.375
vt 0.69140625 0.375
vt 0.69140625 0.4296875
vt 0.86328125 0.640625
vt 0.86328125 0.6484375
vt 0.796875 0.6484375
vt 0.796875 0.640625
vt 0.86328125 0.359375
vt 0.796875 0.359375
vt 0.796875 0.3515625
vt 0.86328125 0.3515625
vt 0.0078125 0.147953879567445
vt 0.0078125 0.21091753802029067
vt 0 0.2109375
vt 0 0.14797384154715432
vt 0.3203125 0.1560889262520705
vt 0.3203125 0.1639016235152051
vt 0.2578125 0.1640625
vt 0.2578125 0.1562498027368655
vt 0.55859375 0.8671875
vt 0.2578125 0.8671875
vt 0.2578125 0.8046875
vt 0.55859375 0.8046875
vt 0.50390625 0.6328125
vt 0.50390625 0.6953125
vt 0.203125 0.6953125
vt 0.203125 0.6328125
vt 0.93359375 0.7578125
vt 0.93359375 0.765625
vt 0.6328125 0.765625
vt 0.6328125 0.7578125
vt 0.88671875 0.5234375
vt 0.5859375 0.5234375
vt 0.5859375 0.515625
vt 0.88671875 0.515625
vt 0.2265625 0.1015625
vt 0.2265625 0.1328125
vt 0.21875 0.1328125
vt 0.21875 0.1015625
vt 0.671875 0.7109375
vt 0.671875 0.71875
vt 0.640625 0.71875
vt 0.640625 0.7109375
vt 0.73046875 0.5078125
vt 0.58270625 0.5078125
vt 0.578125 0.4765625
vt 0.73046875 0.4765625
vt 0.730130859375 0.4375
vt 0.725549609375 0.46875
vt 0.578462890625 0.46875
vt 0.578462890625 0.4375
vt 0.880859375 0.84375
vt 0.880859375 0.8515625
vt 0.734375 0.8515625
vt 0.734375 0.84375
vt 0.86328125 0.953125
vt 0.7109375 0.953125
vt 0.7109375 0.9453125
vt 0.86328125 0.9453125
vt 0.594641619126533 0.125
vt 0.594641619126533 0.09403211974409698
vt 0.5996095143671896 0.1000619004534804
vt 0.600670880873467 0.12003308014701042
vt 0.8811708405814319 0.3505011334937227
vt 0.8751410598720485 0.345703125
vt 0.9061089401279515 0.345703125
vt 0.9011420202749619 0.3515625
vt 0.6796875 0.71875
vt 0.74609375 0.71875
vt 0.74609375 0.75
vt 0.6796875 0.75
vt 0.03125 0.2890625
vt 0.03125 0.26953125
vt 0.09765625 0.26953125
vt 0.09765625 0.2890625
vt 0.2578125 0.1953125
vt 0.2578125 0.1875
vt 0.32421875 0.1875
vt 0.32421875 0.1953125
vt 0.86328125 0.34375
vt 0.796875 0.34375
vt 0.796875 0.3359375
vt 0.86328125 0.3359375
vt 0.5759109548551511 0.6981599281495643
vt 0.5609791531423922 0.703125
vt 0.5551959664033486 0.697265625
vt 0.576171875 0.697265625
vt 0.23421523447827947 0.8298656935182208
vt 0.2265625 0.828125
vt 0.24987253801615203 0.828125
vt 0.248302385967077 0.8359375
vt 0.7427024735546425 0.6322566792038884
vt 0.7427024735546425 0.6006723554041347
vt 0.7582337388183371 0.586961933111743
vt 0.765625 0.6328125
vt 0.5859375 0.5446549255292578
vt 0.6002138842850561 0.533203125
vt 0.6317983405250575 0.533203125
vt 0.631788456775621 0.546875
vt 0 0.1328125
vt 0 0.125
vt 0.03125 0.125
vt 0.03125 0.1328125
vt 0.5546875 0.1640625
vt 0.5546875 0.11743049791157989
vt 0.5625 0.11614764382502518
vt 0.5625 0.16277965035050934
vt 0.610266619126533 0.125
vt 0.610266619126533 0.09403211974409698
vt 0.6152345143671896 0.1000619004534804
vt 0.616295880873467 0.12003308014701042
vt 0.33990765062426975 0.8828122781218493
vt 0.33990765062426975 0.875
vt 0.36644781812573024 0.897832027501289
vt 0.36278284372647923 0.8978321071910522
vt 0.6875 0.7890625
vt 0.75390625 0.7890625
vt 0.75390625 0.8203125
vt 0.6640625 0.814884375
vt 0.27734375 0.3046875
vt 0.2578125 0.30353207699467233
vt 0.26160997312602996 0.23791139641338144
vt 0.27734375 0.2153703467564858
vt 0.27417718187426976 0.8828125
vt 0.27417718187426976 0.875
vt 0.33990765062426975 0.875
vt 0.33990765062426975 0.8828125
vt 0.75 0.14490758156976202
vt 0.75 0.234375
vt 0.7421875 0.23374263829060926
vt 0.7421875 0.14427521986037128
vt 0.8811708405814319 0.2333136334937227
vt 0.8751410598720485 0.228515625
vt 0.9061089401279515 0.228515625
vt 0.9011420202749619 0.234375
vt 0.37573968187426976 0.897832027501289
vt 0.40227984937573025 0.875
vt 0.40227984937573025 0.8828122781218493
vt 0.37940465627352077 0.8978321071910522
vt 0.055025390625000004 0.328125
vt 0.055025390625000004 0.296875
vt 0.120755859375 0.296875
vt 0.144193359375 0.322696875
vt 0.7181168480351385 0.33539415863502775
vt 0.7837375286164294 0.3315966855089979
vt 0.7848929516217571 0.3515625
vt 0.6955757983782429 0.3515625
vt 0.40227984937573025 0.875
vt 0.46801031812573024 0.875
vt 0.46801031812573024 0.8828125
vt 0.40227984937573025 0.8828125
vt 0.8559409658604237 0.796875
vt 0.8565733275698144 0.8046875
vt 0.7671059091395763 0.8046875
vt 0.7664735474301856 0.796875
vt 0.8800948719813066 0.6015625
vt 0.875 0.595703125
vt 0.9100097410848066 0.595703125
vt 0.9072314510446089 0.5980303899404755
vt 0.8828125 0.5076850380161521
vt 0.8828125 0.484375
vt 0.8843850206334573 0.4920277344782795
vt 0.8848137930065635 0.5072735280380999
vt 0.13202772560359224 0.8108069628018091
vt 0.10160129518051186 0.828125
vt 0.11164909578036825 0.783203125
vt 0.13277370481948814 0.783203125
vt 0.41925625 0.263671875
vt 0.46613125 0.263671875
vt 0.44269375 0.27939218750000006
vt 0.414728125 0.27608046875000003
vt 0.41925625 0.255859375
vt 0.46613125 0.255859375
vt 0.46613125 0.263671875
vt 0.41925625 0.263671875
vt 0.8817760865669538 0.2109375
vt 0.8846860602055955 0.21875
vt 0.8545520384330463 0.21875
vt 0.8516420647944045 0.2109375
vt 0.919380307420264 0.921875
vt 0.6957220602626721 0.921875
vt 0.6958534827417759 0.9140625
vt 0.9195123147373279 0.9140625
vt 0.2382254017139445 0.10546875
vt 0.24603750795402152 0.10546875
vt 0.24224392425258492 0.328125
vt 0.23443124204597848 0.328125
vt 0.11009305859403719 1
vt 0.1135142716173304 0.91015625
vt 0.3371725664059628 0.91015625
vt 0.33375213158002254 1
vt 0.1015625 0.6938760026046963
vt 0.1015625 0.4702177768106691
vt 0.19140625 0.466796875
vt 0.19140625 0.6904558789916202
vt 0.4765625 0.142578125
vt 0.484375 0.143195465044603
vt 0.484375 0.2327052463963727
vt 0.4765625 0.23208712590311886
vt 0.8565873884225117 0.890625
vt 0.7670776070707421 0.890625
vt 0.7664594865774883 0.8828125
vt 0.8559692679292579 0.8828125
vt 0.20906804367566162 0.847111679714407
vt 0.1015625 0.721681436971859
vt 0.10765954895857205 0.716796875
vt 0.2151658723554086 0.8422271665938718
vt 0.37037970794530356 0.095703125
vt 0.3781924760657027 0.095703125
vt 0.3750002681203991 0.3203125
vt 0.3671875 0.3203125
vt 0.43468490936510945 0.796875
vt 0.42982372258709706 0.763671875
vt 0.5950216553684707 0.763671875
vt 0.658203125 0.789466781002436
vt 0.36803246433607667 0.4991824897566177
vt 0.36803246433607667 0.333984375
vt 0.400390625 0.3388456273976346
vt 0.3929800552122834 0.5623637651062837
vt 0.6484375 0.11482551892936232
vt 0.65625 0.11328125
vt 0.65625 0.14600130312068893
vt 0.6484375 0.14754661725675144
vt 0.2547508561756616 0.8974640234644071
vt 0.20906804367566162 0.847111679714407
vt 0.2151656999256616 0.8422273047144071
vt 0.2608492936756616 0.8925796484644071
vt 0.39446782332458163 0.10546875
vt 0.40228050554901895 0.10546875
vt 0.39850092667541837 0.328125
vt 0.39068824445098105 0.328125
vt 0.9115680766299498 0.96875
vt 0.6879093114791965 0.96875
vt 0.6880418163639762 0.9609375
vt 0.9117000635208035 0.9609375
vt 0 0.8671875
vt 0 0.6435292742059728
vt 0.08984375 0.6401083723953037
vt 0.08984375 0.8637673763869238
vt 0.1960307486976518 0.796875
vt 0.19945165050832106 0.70703125
vt 0.4231098763023482 0.70703125
vt 0.41968975268927194 0.796875
vt 0.8565869642447825 0.8203125
vt 0.7670772182656762 0.8203125
vt 0.7664599107552175 0.8125
vt 0.8559696921035846 0.8125
vt 0.4609375 0.1520595981549766
vt 0.46875 0.15267771864823043
vt 0.46875 0.2421875
vt 0.4609375 0.24156937950674617
vt 0.7743360733010394 0.1015625
vt 0.7821484716206901 0.1015625
vt 0.7823045516989606 0.15625
vt 0.7744918544691695 0.15625
vt 0.8996572025453035 0.25
vt 0.8445062122408005 0.25
vt 0.8444834224546965 0.2421875
vt 0.8996344127591995 0.2421875
vt 0.078125 0.45250010776581107
vt 0.078125 0.3973483247657047
vt 0.16796875 0.39797399783730003
vt 0.16796875 0.453125
vt 0.578125 0.6480447286314549
vt 0.578125 0.55859375
vt 0.6328125 0.5589790019294547
vt 0.6328125 0.6484299805609095
vt 0.8565582613125422 0.390625
vt 0.7671075668313697 0.390625
vt 0.7664886136874578 0.3828125
vt 0.8559400858507868 0.3828125
vt 0.0703125 0.13649370463606358
vt 0.078125 0.1371118055188275
vt 0.078125 0.2265625
vt 0.0703125 0.22594439911723607
vt 0.5473616656996281 0.2265625
vt 0.4922102874566982 0.2265625
vt 0.4921875 0.21875
vt 0.54733887824293 0.21875
vt 0.5703125 0.125
vt 0.5781246248738064 0.125
vt 0.5782862274770917 0.1796875
vt 0.5704733729588756 0.1796875
vt 0 0.9140625
vt 0 0.884765625
vt 0.0546875 0.884765625
vt 0.0546875 0.9140625
vt 0.2890625 0.3046875
vt 0.2890625 0.25
vt 0.318359375 0.25
vt 0.318359375 0.3046875
vt 0.2589611895197899 0.095703125
vt 0.26677388678292446 0.095703125
vt 0.26642871370155974 0.125
vt 0.25861673821707554 0.125
vt 0.9056778540958412 0.6328125
vt 0.8754829125150018 0.6328125
vt 0.8755714207577995 0.625
vt 0.9057670874849982 0.625
vt 0.898624955886719 0.3671875
vt 0.875 0.3671875
vt 0.8750835738064318 0.359375
vt 0.8987088224816024 0.359375
vt 0.125 0.10841037586854607
vt 0.1328125 0.10760663254000624
vt 0.1328125 0.1398205605652172
vt 0.125 0.140625
vt 0 0.250674927138236
vt 0.007938255689747792 0.22154232933218065
vt 0.03125 0.22522524783130293
vt 0.03125 0.2578125
vt 0.11389609104363457 0.28713439886701864
vt 0.11021288960110837 0.26379830225285605
vt 0.13934610460640023 0.255859375
vt 0.146484375 0.28713439886701864
vt 0.28239780509949985 0.095703125
vt 0.29021020341915066 0.095703125
vt 0.2898681188106405 0.125
vt 0.28205542158084934 0.125
vt 0.44678281787223584 0.296875
vt 0.4140625 0.296875
vt 0.41487578965981675 0.2890625
vt 0.4475966940010838 0.2890625
vt 0.8918447235718703 0.3125
vt 0.8366930106188677 0.3125
vt 0.8366709014281297 0.3046875
vt 0.8918218917318337 0.3046875
vt 0.5321460256260352 0.109375
vt 0.5399587228891698 0.109375
vt 0.5401195993739648 0.1640625
vt 0.5323069021108302 0.1640625
vt 0.28125 0.46836426677824805
vt 0.28125 0.3789132573020355
vt 0.3359375 0.3792990213719514
vt 0.3359375 0.46875
vt 0.5234375 0.42819787716270585
vt 0.5234375 0.373046875
vt 0.61328125 0.3736717260590561
vt 0.61328125 0.42882272822176193
vt 0.7578125 0.142578125
vt 0.765625 0.1431970781439118
vt 0.765625 0.2326477726250843
vt 0.7578125 0.23202959716332894
vt 0.8643703351819682 0.6171875
vt 0.7749196407007957 0.6171875
vt 0.7743015398180318 0.609375
vt 0.8637522342992043 0.609375
vt 0.4383962370269474 0.109375
vt 0.44620893429008196 0.109375
vt 0.4463693879730526 0.140625
vt 0.43855741248856833 0.140625
vt 0.8996658492783599 0.90625
vt 0.8679513307702049 0.90625
vt 0.8679122757216401 0.8984375
vt 0.8996260709382601 0.8984375
vt 0.640625 0.6634228073143578
vt 0.640625 0.6317086080372041
vt 0.73046875 0.6323483007228463
vt 0.73046875 0.6640625
vt 0.328125 0.35116960532055086
vt 0.328125 0.26171875
vt 0.359375 0.26194554874033504
vt 0.359375 0.3513964040608859
vt 0.8643703351819682 0.6328125
vt 0.7749196407007957 0.6328125
vt 0.7743015398180318 0.625
vt 0.8637522342992043 0.625
vt 0.0390625 0.1364928523749157
vt 0.046875 0.1371118055188275
vt 0.046875 0.2265625
vt 0.0390625 0.22594432453824465
vt 0.8996654512617744 0.3984375
vt 0.8679516560437797 0.3984375
vt 0.8679126737382256 0.390625
vt 0.8996264689562203 0.390625
vt 0.8602724905916354 0.4765625
vt 0.8680848889112861 0.4765625
vt 0.8682431344083646 0.5078125
vt 0.8604307360887139 0.5078125
vt 0.6796875 0.2890625
vt 0.74609375 0.2890625
vt 0.74609375 0.3203125
vt 0.6796875 0.3203125
vt 0.4609375 0.3125
vt 0.4609375 0.28125
vt 0.52734375 0.28125
vt 0.52734375 0.3125
vt 0.35546875 0.203125
vt 0.35546875 0.2109375
vt 0.2890625 0.2109375
vt 0.2890625 0.203125
vt 0.55859375 0.1953125
vt 0.4921875 0.1953125
vt 0.4921875 0.1875
vt 0.55859375 0.1875
vt 0.8918533714735015 0.546875
vt 0.8601392809425087 0.546875
vt 0.8600997535264985 0.5390625
vt 0.8918135487362454 0.5390625
vt 0.49308484113656514 0.109375
vt 0.5008972394562159 0.109375
vt 0.5010557838634349 0.140625
vt 0.4932430866336437 0.140625
vt 0.5625 0.35914820125966496
vt 0.5625 0.2696973459391141
vt 0.59375 0.26992414467944914
vt 0.59375 0.359375
vt 0.640625 0.6156985742771537
vt 0.640625 0.583984375
vt 0.73046875 0.5846240676856422
vt 0.73046875 0.6163382669627959
vt 0.0546875 0.134765625
vt 0.0625 0.13538372588276393
vt 0.0625 0.22483442036393642
vt 0.0546875 0.2242163194811725
vt 0.8565582613125422 0.375
vt 0.7671075668313696 0.375
vt 0.7664886136874578 0.3671875
vt 0.8559400858507868 0.3671875
vt 0.4149583761376222 0.109375
vt 0.4227710734007568 0.109375
vt 0.4229322488623778 0.140625
vt 0.4151195515992432 0.140625
vt 0.8996658129061671 0.890625
vt 0.8679520176881723 0.890625
vt 0.8679123120938329 0.8828125
vt 0.8996261073118277 0.8828125
vt 0.4609375 0.35873492904562365
vt 0.4609375 0.32702077081887493
vt 0.548828125 0.3276608417732514
vt 0.548828125 0.359375
vt 0.15625 0.3277383427253311
vt 0.15625 0.240234375
vt 0.1875 0.24046710572741647
vt 0.1875 0.3279711049524353
vt 0.8624273952367257 0.6015625
vt 0.7749238176033924 0.6015625
vt 0.7742913547632743 0.59375
vt 0.8617949323966076 0.59375
vt 0.15625 0.13842645952654853
vt 0.1640625 0.1390589223666665
vt 0.1640625 0.2265625
vt 0.15625 0.22593081468110465
vt 0.20435331290616712 0.1328125
vt 0.17263951768817234 0.1328125
vt 0.17259981209383288 0.125
vt 0.20431360731182766 0.125
vt 0.32120813016309036 0.109375
vt 0.3290201056532958 0.109375
vt 0.32918249483690964 0.140625
vt 0.32136979757949674 0.140625
vt 0.703125 0.3984375
vt 0.76953125 0.3984375
vt 0.76953125 0.4296875
vt 0.703125 0.4296875
vt 0.6875 0.90625
vt 0.6875 0.875
vt 0.75390625 0.875
vt 0.75390625 0.90625
vt 0.83984375 0.1953125
vt 0.83984375 0.203125
vt 0.7734375 0.203125
vt 0.7734375 0.1953125
vt 0.55859375 0.2109375
vt 0.4921875 0.2109375
vt 0.4921875 0.203125
vt 0.55859375 0.203125
vt 0.8996658129061671 0.8203125
vt 0.8679520176881723 0.8203125
vt 0.8679123120938329 0.8125
vt 0.8996261073118277 0.8125
vt 0.34464563016309036 0.109375
vt 0.3524576056532958 0.109375
vt 0.35261999483690964 0.140625
vt 0.34480729757949674 0.140625
vt 0.1953125 0.3278930183876101
vt 0.1953125 0.240389050662279
vt 0.2265625 0.2406210322746689
vt 0.2265625 0.328125
vt 0.640625 0.5688227266226616
vt 0.640625 0.537109375
vt 0.728515625 0.5377515292037831
vt 0.728515625 0.5694656616513017
vt 0.0859375 0.13671875
vt 0.09375 0.1373512128401181
vt 0.09375 0.22485479047345147
vt 0.0859375 0.22422232763333338
vt 0.8624273952367257 0.234375
vt 0.7749238176033924 0.234375
vt 0.7742913547632743 0.2265625
vt 0.8617957099178304 0.2265625
vt 0.8911286111799332 0.296875
vt 0.8594145033569192 0.296875
vt 0.859375 0.2890625
vt 0.8910888212778443 0.2890625
vt 0.859375 0.40625
vt 0.8671869707633242 0.40625
vt 0.8673455544748987 0.4375
vt 0.8595335837115745 0.4375
vt 0.5625 0.25717667647108544
vt 0.5625 0.22590211805453242
vt 0.59375 0.2265380809856138
vt 0.59375 0.2578125
vt 0.7421875 0.5766353590340837
vt 0.7421875 0.544921875
vt 0.7734375 0.5455481271581053
vt 0.7734375 0.5772625065070859
vt 0.3046875 0.107421875
vt 0.3125 0.10850753763844878
vt 0.3125 0.13978165677798815
vt 0.3046875 0.1386966989276064
vt 0.2905939533889941 0.140625
vt 0.2593198342494547 0.140625
vt 0.2582341716110059 0.1328125
vt 0.28950829075054524 0.1328125
vt 0.890625 0.5859375
vt 0.8828125 0.5847329679806842
vt 0.8828125 0.5769200676003187
vt 0.890625 0.5781252722414135
vt 0.8831865963001593 0.5546875
vt 0.8909994966805248 0.5546875
vt 0.8922040286998407 0.5625
vt 0.8843918009412541 0.5625
vt 0.78125 0.3984375
vt 0.84765625 0.3984375
vt 0.84765625 0.40625
vt 0.78125 0.40625
vt 0.7734375 0.21875
vt 0.7734375 0.2109375
vt 0.83984375 0.2109375
vt 0.83984375 0.21875
vt 0.84765625 0.4296875
vt 0.84765625 0.4375
vt 0.78125 0.4375
vt 0.78125 0.4296875
vt 0.84765625 0.421875
vt 0.78125 0.421875
vt 0.78125 0.4140625
vt 0.84765625 0.4140625
vt 0.35156251802140803 0.9550781962098766
vt 0.35156251802140803 0.908203125
vt 0.49999998197859197 0.908203125
vt 0.4375000230891832 1
vt 0.6259764008617532 0.25
vt 0.6259764008617532 0.19034265218299118
vt 0.6416017241382468 0.19036795639050985
vt 0.6415270145530725 0.23642709819319607
vt 0.4140625 0.33637501242918755
vt 0.451171875 0.30859375
vt 0.451171875 0.4055639990574842
vt 0.4394337241735453 0.38532046450076796
vt 0.320724863814157 0.625
vt 0.417044844894569 0.5697236317679257
vt 0.47324947238116516 0.597060612244174
vt 0.485915761185843 0.625
vt 0.06274538656490955 0.2578125
vt 0.0390625 0.23828125
vt 0.0937500959429962 0.23828125
vt 0.09453819016305313 0.2441415274105051
vt 0.33611248598409516 0.1953125
vt 0.33611248598409516 0.17968722920156532
vt 0.35920001401590484 0.180470584297035
vt 0.35853488276992335 0.1953125
vt 0.6565900678371116 0.8836891731198494
vt 0.6565900678371116 0.8713436103079489
vt 0.6796875 0.8717442516277077
vt 0.6788830187103808 0.890625
vt 0.5703125 0.2109375
vt 0.5703125 0.18783659339471004
vt 0.5826562060039562 0.18805070371785182
vt 0.5892043608527356 0.2104605904026572
vt 0.8515625 0.6893550246202291
vt 0.853985565031561 0.68359375
vt 0.8814331671234688 0.68359375
vt 0.8728477889755407 0.6953125
vt 0.8346263126775689 0.15625
vt 0.8300775684961902 0.140625
vt 0.853515625 0.140625
vt 0.8504994075029751 0.1527519685265779
vt 0.2019826596928484 0.10546875
vt 0.2019826596928484 0.10546875
vt 0.2023142153071516 0.1171875
vt 0.1961232846928484 0.11396123503884348
vt 0.7816531124217025 0.5844520988175956
vt 0.8154368228736371 0.576171875
vt 0.8390362522914779 0.576171875
vt 0.849609375 0.5859375
vt 0.1726671344810689 0.1171875
vt 0.1726671344810689 0.1171875
vt 0.1847547405189311 0.1171875
vt 0.18152847555777457 0.1109965693856968
vt 0.796875 0.15625
vt 0.796875 0.1328119434961902
vt 0.8127230339100401 0.13736068767756893
vt 0.809225002436618 0.15323378250297515
vt 0.04687935779563976 1
vt 0.04687935779563976 0.9768991862518829
vt 0.06249564220436024 0.9774290435820838
vt 0.06173396148922217 0.9998384996638972
vt 0.10189088760263058 0.14705816712346875
vt 0.10189088760263058 0.11961056503156098
vt 0.1073237746202291 0.1171875
vt 0.11328125 0.13847278897554072
vt 0.41598974061657057 0.4445244057799431
vt 0.41598974061657057 0.3898368098369469
vt 0.435546875 0.4135196964018564
vt 0.42187590241050515 0.4453125
vt 0.171875 0.21598937729147794
vt 0.171875 0.19238994787363706
vt 0.17939354270412808 0.15860623742170255
vt 0.1808789438865324 0.2265625
vt 0.15405920104142795 0.818359375
vt 0.16015625 0.823243936971859
vt 0.052650706324338395 0.948674179714407
vt 0.0465528776445914 0.9437896665938718
vt 0.9276228658604506 0.9375
vt 0.7039642440691982 0.9375
vt 0.7040757532087476 0.9296875
vt 0.927734375 0.9296875
vt 0.4765625 0.5461935303684707
vt 0.4765625 0.3809955975870971
vt 0.5089199804257204 0.3858567843651095
vt 0.5015117614281566 0.609375
vt 0.4423612523976345 0.75
vt 0.4375 0.716796875
vt 0.6026981147566177 0.716796875
vt 0.6658793901062837 0.7425894302122836
vt 0.5101734358639375 0.8828125
vt 0.47745338274324856 0.8828125
vt 0.478997651672611 0.875
vt 0.51171875 0.875
vt 0.0465528776445914 0.9437896665938718
vt 0.0526505338945914 0.9486740415938717
vt 0.006967721394591397 0.9990263853438718
vt 0.0008692838945913994 0.9941420103438717
vt 0.8769537498687395 0.4453125
vt 0.884765625 0.4453125
vt 0.8845128780657419 0.46875
vt 0.8767002755325514 0.46875
vt 0.8917736855652172 0.75
vt 0.8595597575400062 0.75
vt 0.8603635008685461 0.7421875
vt 0.892578125 0.7421875
vt 0.4802454184991223 0.2734375
vt 0.4765625 0.25010135872984607
vt 0.5056950978060554 0.24216310304009825
vt 0.5128326706678193 0.2734375
vt 0.5234375 0.26546134000529187
vt 0.531376427252856 0.236328125
vt 0.5546875 0.2400113264425262
vt 0.5546875 0.2725996103988917
vt 0.9056778540958412 0.6171875
vt 0.8754829125150018 0.6171875
vt 0.8755714207577995 0.609375
vt 0.9057670874849982 0.609375
vt 0.6640625 0.11571659565873293
vt 0.671875 0.11490330599891618
vt 0.671875 0.14762362387115202
vt 0.6640625 0.1484375
vt 0.8611672885122488 0.5546875
vt 0.8689802748252378 0.5546875
vt 0.869140625 0.5859375
vt 0.8613283640324847 0.5859375
vt 0.900390625 0.8046875
vt 0.8686765171769859 0.8046875
vt 0.868637454078466 0.796875
vt 0.9003515619014801 0.796875
vt 0.7421875 0.5071861256233721
vt 0.7421875 0.47547187023638604
vt 0.7734375 0.47609901596615867
vt 0.7734375 0.5078125
vt 0.6875 0.25588379402383354
vt 0.6875 0.224609375
vt 0.71875 0.2252444191810684
vt 0.71875 0.25651820887244914
vt 0.8921564533889941 0.734375
vt 0.8608823342494547 0.734375
vt 0.8597966716110059 0.7265625
vt 0.8910714955386123 0.7265625
vt 0.140625 0.10826521822201185
vt 0.1484375 0.10935088086046063
vt 0.1484375 0.140625
vt 0.140625 0.13953933736155122
vt 0.6892926271673179 0.109375
vt 0.6971047520411242 0.109375
vt 0.697265625 0.1640625
vt 0.6894535001261936 0.1640625
vt 0.892578125 0.328125
vt 0.8374270238548776 0.328125
vt 0.8374041329299353 0.3203125
vt 0.8925555111680279 0.3203125
vt 0.0703125 1
vt 0.0703125 0.9453125
vt 0.099609375 0.9453125
vt 0.099609375 1
vt 0.703125 0.390625
vt 0.703125 0.361328125
vt 0.7578125 0.361328125
vt 0.7578125 0.390625
vt 0.905678033709955 0.953125
vt 0.8754823669813568 0.953125
vt 0.8755716755835588 0.9453125
vt 0.9057676330186432 0.9453125
vt 0.8761478050994999 0.642578125
vt 0.8839602034191507 0.642578125
vt 0.8836181188106405 0.671875
vt 0.8758054215808493 0.671875
vt 0.15814017199935515 0.125
vt 0.15814017199935515 0.08999025891519341
vt 0.1640625 0.09508513089650006
vt 0.16053038994047553 0.1222217099598022
vt 0.6721610989942005 0.26550531846919734
vt 0.670798120587302 0.2578125
vt 0.6794014010057995 0.27947678947265864
vt 0.6773895241175039 0.27983297137351526
vt 0.14132271383147452 0.7119699715480171
vt 0.18735565967806103 0.703125
vt 0.16924652438580015 0.7330873313454589
vt 0.14076934032193897 0.7330873313454589
vt 0.6487235989942005 0.2812256309691974
vt 0.6252860989942005 0.26550531846919734
vt 0.6721610989942005 0.26550531846919734
vt 0.6766892239942005 0.27791391221919737
vt 0.8515625 0.7109375
vt 0.8515625 0.703125
vt 0.8984375 0.703125
vt 0.8984375 0.7109375
vt 0.859375 0.1729909782274507
vt 0.859375 0.203125
vt 0.8515625 0.20021502636135824
vt 0.8515625 0.17008100458880893
vt 0.44139948047624833 0.5576462111953222
vt 0.4140625 0.501441583708726
vt 0.46875 0.405121602628314
vt 0.46875 0.5703125
vt 0.2822264097496126 0.625
vt 0.2822264097496126 0.4765625
vt 0.32910157257470546 0.4765625
vt 0.37402359025038745 0.5624998126408374
vt 0.7141577490574842 0.9983911729997298
vt 0.6171875 0.9983911729997298
vt 0.6449687624291875 0.9609375
vt 0.693914214500768 0.9863087241735453
vt 0.4609375 0.36964909140334856
vt 0.4661900493874052 0.3754322781423922
vt 0.46122497753696945 0.3903640798551511
vt 0.4609375 0.390625
vt 0.0017406935182207872 0.9530926964621275
vt 0.00016817288476358994 0.96875
vt 0.00016817288476358994 0.945439961983848
vt 0.0078125 0.967179847950925
vt 0.7421875 0.6566712388183371
vt 0.7558979222923916 0.640625
vt 0.7874822460921453 0.640625
vt 0.788038066888257 0.6640625
vt 0.07883060598968616 0.5224233405250575
vt 0.07883060598968616 0.49083888428505607
vt 0.08957680052925776 0.4765625
vt 0.091796875 0.522413456775621
vt 0.515625 0.140625
vt 0.515625 0.109375
vt 0.5234375 0.109375
vt 0.5234375 0.140625
vt 0.2738941344125126 0.8984375
vt 0.27517698849906735 0.890625
vt 0.3218089905874874 0.890625
vt 0.3205261409379967 0.8984375
vt 0.8984375 0.375
vt 0.8984375 0.3828125
vt 0.8671875 0.3828125
vt 0.8671875 0.375
vt 0.46875 0.109375
vt 0.46875 0.140625
vt 0.4609375 0.140625
vt 0.4609375 0.109375
vt 0.737943359375 0.671875
vt 0.733362109375 0.703125
vt 0.586275390625 0.703125
vt 0.586275390625 0.671875
vt 0.72265625 0.859375
vt 0.57489375 0.859375
vt 0.5703125 0.828125
vt 0.72265625 0.828125
vt 0.880859375 0.8359375
vt 0.734375 0.8359375
vt 0.734375 0.828125
vt 0.880859375 0.828125
vt 0.88671875 0.859375
vt 0.88671875 0.8671875
vt 0.734375 0.8671875
vt 0.734375 0.859375
vt 0.2895073027053446 0.2421875
vt 0.2895073027053446 0.22656215623425036
vt 0.3491645722946554 0.22665876735089596
vt 0.33556650509865277 0.2421875
vt 0.09375 0.4609375
vt 0.09375 0.46875
vt 0.078125 0.46875
vt 0.078125 0.4609375
vt 0.4140625 0.5390625
vt 0.4140625 0.5546875
vt 0.40625 0.5546875
vt 0.40625 0.5390625
vt 0.8984375 0.140625
vt 0.8671875 0.140625
vt 0.8671875 0.1328125
vt 0.8984375 0.1328125
vt 0.4765625 0.1015625
vt 0.484375 0.1015625
vt 0.484375 0.1328125
vt 0.4765625 0.1328125
vt 0.1796875 0.421875
vt 0.1953125 0.421875
vt 0.1953125 0.453125
vt 0.1796875 0.453125
vt 0.71875 0.2109375
vt 0.6875 0.2109375
vt 0.6875 0.1953125
vt 0.71875 0.1953125
vt 0.1171875 0.765625
vt 0.1171875 0.7734375
vt 0.1015625 0.7734375
vt 0.1015625 0.765625
vt 0.1875 0.3984375
vt 0.1875 0.4140625
vt 0.1796875 0.4140625
vt 0.1796875 0.3984375
vt 0.8984375 0.15625
vt 0.8671875 0.15625
vt 0.8671875 0.1484375
vt 0.8984375 0.1484375
vt 0.078125 0.09375
vt 0.0859375 0.09375
vt 0.0859375 0.125
vt 0.078125 0.125
vt 0.4765625 0.96875
vt 0.4921875 0.96875
vt 0.4921875 1
vt 0.4765625 1
vt 0.5234375 0.1640625
vt 0.4921875 0.1640625
vt 0.4921875 0.1484375
vt 0.5234375 0.1484375
vt 0.1015625 0.9296875
vt 0.1015625 0.9375
vt 0.0859375 0.9375
vt 0.0859375 0.9296875
vt 0.0703125 0.8828125
vt 0.0703125 0.8984375
vt 0.0625 0.8984375
vt 0.0625 0.8828125
vt 0.8984375 0.1875
vt 0.8671875 0.1875
vt 0.8671875 0.1796875
vt 0.8984375 0.1796875
vt 0.8984375 0.2734375
vt 0.8984375 0.28125
vt 0.8671875 0.28125
vt 0.8671875 0.2734375
vt 0.375 0.984375
vt 0.375 1
vt 0.34375 1
vt 0.34375 0.984375
vt 0.03125 0.9375
vt 0 0.9375
vt 0 0.921875
vt 0.03125 0.921875
vt 0.1328125 0.8828125
vt 0.1328125 0.8984375
vt 0.125 0.8984375
vt 0.125 0.8828125
vt 0.1171875 0.8359375
vt 0.1171875 0.84375
vt 0.1015625 0.84375
vt 0.1015625 0.8359375
vt 0.859375 0.125
vt 0.859375 0.1328125
vt 0.828125 0.1328125
vt 0.828125 0.125
vt 0.8984375 0.203125
vt 0.8671875 0.203125
vt 0.8671875 0.1953125
vt 0.8984375 0.1953125
vt 0.65625 0.3046875
vt 0.625 0.3046875
vt 0.625 0.2890625
vt 0.65625 0.2890625
vt 0.2421875 0.8046875
vt 0.2421875 0.8203125
vt 0.2109375 0.8203125
vt 0.2109375 0.8046875
vt 0.515625 0.9140625
vt 0.515625 0.9296875
vt 0.5078125 0.9296875
vt 0.5078125 0.9140625
vt 0.3984375 0.9921875
vt 0.3984375 1
vt 0.3828125 1
vt 0.3828125 0.9921875
vt 0.7578125 0.1015625
vt 0.765625 0.1015625
vt 0.765625 0.1328125
vt 0.7578125 0.1328125
vt 0.8984375 0.171875
vt 0.8671875 0.171875
vt 0.8671875 0.1640625
vt 0.8984375 0.1640625
vt 0.359375 0.1640625
vt 0.328125 0.1640625
vt 0.328125 0.1484375
vt 0.359375 0.1484375
vt 0.171875 0.7421875
vt 0.1875 0.7421875
vt 0.1875 0.7734375
vt 0.171875 0.7734375
vt 0.1328125 0.703125
vt 0.1328125 0.71875
vt 0.125 0.71875
vt 0.125 0.703125
vt 0.421875 0.453125
vt 0.421875 0.4609375
vt 0.40625 0.4609375
vt 0.40625 0.453125
vt 0.7421875 0.1015625
vt 0.75 0.1015625
vt 0.75 0.1328125
vt 0.7421875 0.1328125
vt 0.0703125 0.125
vt 0.0390625 0.125
vt 0.0390625 0.1171875
vt 0.0703125 0.1171875
vt 0.71875 0.1875
vt 0.6875 0.1875
vt 0.6875 0.171875
vt 0.71875 0.171875
vt 0.5390625 0.28125
vt 0.5546875 0.28125
vt 0.5546875 0.3125
vt 0.5390625 0.3125
vt 0.0234375 0.146484375
vt 0.0234375 0.209167555436375
vt 0.015625 0.2094391211875376
vt 0.015625 0.14675668424589183
vt 0.015625 0.14675668424589183
vt 0.0234375 0.146484375
vt 0.0234375 0.209167555436375
vt 0.015625 0.2094391211875376
vt 0.66832578125 0.8984375
vt 0.69888125 0.953125
vt 0.63315 0.953125
vt 0.66448671875 0.8984375
vt 0.29332578125 0.3125
vt 0.32388125 0.3671875
vt 0.25815 0.3671875
vt 0.28948671875 0.3125
vt 0.86328125 0.65625
vt 0.86328125 0.6640625
vt 0.796875 0.6640625
vt 0.796875 0.65625
vt 0.03515625 1
vt 0.03125 1
vt 0.03125 0.9921875
vt 0.03515625 0.9921875
vn 1 0 0
vn -1 0 0
vn -0.02877873652210004 0.9423292480613369 0.33344770590355977
vn 0.028778736522100036 -0.9423292480613369 -0.33344770590355977
vn -0.07948547497564722 -0.3814726312700256 0.9209564000862467
vn 0.07948547497564722 0.3814726312700256 -0.9209564000862467
vn 1 0 0
vn -1 0 0
vn 0 0.9427197165496846 0.3335858750434172
vn 0 -0.9427197165496846 -0.3335858750434172
vn 0 -0.3826834323650897 0.9238795325112867
vn 0 0.3826834323650897 -0.9238795325112867
vn -1 0 0
vn 1 0 0
vn -2.657924396815202e-7 0.9999999999999282 2.703934915415651e-7
vn 2.657924396847141e-7 -0.9999999999999283 -2.7039349170809857e-7
vn 0.08598774746261643 -0.000003337587263729792 0.996296194550178
vn -0.0859877474626164 0.0000033375872638963253 -0.996296194550178
vn -0.86811286902245 -0.0000016628264517815072 0.4963668468329101
vn 1 0 0
vn 0.0032783615704010676 0.9992728157338906 0.037988051814693946
vn -0.003262718560610134 -0.9992797407229821 -0.03780680425802047
vn 0.08598774746261643 -0.000003337587263729792 0.996296194550178
vn 1.293000246590661e-7 0.000003297157784187821 -0.999999999994556
vn -1 0 0
vn 1 0 0
vn 0.028778736522100036 0.9423292480613369 0.33344770590355977
vn -0.02877873652210004 -0.9423292480613369 -0.3334477059035598
vn 0.07948547497564722 -0.3814726312700256 0.9209564000862467
vn -0.07948547497564722 0.3814726312700256 -0.9209564000862467
vn -0.981088654377761 0.07407178864749449 -0.17882511674201468
vn 0.9810886543777608 -0.07407178864749484 0.17882511674201548
vn 0.055707108419354445 0.7617662984920771 0.6454524185044427
vn -0.05570710841935443 -0.761766298492077 -0.6454524185044427
vn 0.07948547497564722 -0.3814726312700256 0.9209564000862467
vn -0.07948547497564722 0.3814726312700256 -0.9209564000862467
vn 0.981088654377761 0.0740717886474945 -0.1788251167420147
vn -0.9810886543777608 -0.07407178864749484 0.1788251167420155
vn -0.05570710841935443 0.761766298492077 0.6454524185044427
vn 0.055707108419354445 -0.7617662984920771 -0.6454524185044427
vn -0.07948547497564722 -0.3814726312700256 0.9209564000862467
vn 0.07948547497564722 0.3814726312700256 -0.9209564000862467
vn 0.8460327643611614 -0.0000017859858620905555 0.5331309047731354
vn -1 0 0
vn -0.003262718560610128 0.9992797407229821 0.03780680425802053
vn 0.0032627185606101524 -0.9992797407229821 -0.03780680425802053
vn -0.08598774746261642 -0.000003337587263729792 0.996296194550178
vn -1.269194671454402e-7 0.0000033499949927962022 -0.9999999999943808
vn 0.8460327643611614 0.0000017859858620905555 -0.5331309047731354
vn -0.8460327643611615 0.0000017859858618130002 -0.5331309047731354
vn 0 -0.9992052804193582 -0.03985984924798453
vn 0 -0.9992052804193581 -0.03985984924798442
vn 0 -0.0000033499949932958017 0.9999999999943888
vn 0 -0.0000033499949928517134 0.9999999999943889
vn 1 0 0
vn -1 0 0
vn 0 0.4378778865030147 0.8990344579111822
vn 0 -0.43787788650301485 -0.8990344579111822
vn 0 -0.906306961960772 0.4226200311171205
vn 0 0.9063069619607715 -0.4226200311171212
vn 1 0 0
vn -1 0 0
vn 0 0.33744601759962445 0.9413448811175179
vn 0 -0.337439586016071 -0.941347186636951
vn 0 -0.9914451613332563 0.13052391378162692
vn 0 0.9914445087008382 -0.1305288710092671
vn 1 0 0
vn -1 0 0
vn 0 -0.0029090777917784587 0.9999957686242485
vn 0 0.0029090777917784587 -0.9999957686242485
vn 0 -0.9999999999943888 -0.0000033499949929072237
vn 0 0.9999999999943888 0.0000033499949929072237
vn 1 0 0
vn -1 0 0
vn 0 0.9999967524692466 0.002548538985500726
vn 0 -0.9999967524692466 -0.0025485389854998934
vn 0 -0.000003349994991574956 0.9999999999943888
vn 0 0.0000033499949942950033 -0.9999999999943888
vn 0.9894215641700421 8.542793460478151e-7 0.14506884005387832
vn -1 0 0
vn -2.8745590730204314e-7 0.9999999999990986 -0.0000013115510550387732
vn 2.8745657141276954e-7 -0.9999999999998959 3.548427391919518e-7
vn -6.939838401520138e-7 0.000005888785942709253 0.9999999999824204
vn 0 0.000003349994991574956 -0.9999999999943888
vn 1 0 0
vn -1 0 0
vn 0 -0.635868922837149 0.7717970672203439
vn 0 0.5939912788905956 -0.804471479048148
vn 0 -0.000005888785941321474 -0.9999999999826612
vn 0 0.9999999999943888 0.0000033499949929072237
vn 0.9858510421555555 -5.615387341159629e-7 0.1676237533301595
vn -0.26149824844348335 0.000005683879455542495 0.9652039504833596
vn 0.9892204802261634 -0.0201623838551993 0.1450390284661144
vn -0.7104623234063044 -0.6959831349933934 -0.10416699489225881
vn -0.9894216122632432 4.859787887806499e-7 -0.1450685120423056
vn 0.03436547726536794 0.9873115983319544 -0.15503167989648184
vn 1 0 0
vn -0.46914576127775787 -0.0000052005090423468125 -0.8831207474904368
vn 0 -0.635868922837149 0.7717970672203439
vn 0 0.5939912788905956 -0.804471479048148
vn 0 -0.000005888785941265963 -0.9999999999826612
vn -0.011978193603772166 0.9999282588599894 0.0000033497546605421044
vn -1 0 0
vn 0.4691457612777579 -0.0000052005090423468125 -0.8831207474904368
vn 0 -0.635868922837149 0.7717970672203439
vn 0 0.5939912788905956 -0.804471479048148
vn 0 -0.000005888785941265963 -0.9999999999826612
vn 0.011978193603772164 0.9999282588599893 0.0000033497546604310813
vn -0.46914576127775787 0.0000052005090423468125 0.8831207474904368
vn 0.2615143154546863 -0.000005683853819826723 -0.9651995973786772
vn 0 -0.4787442654445556 0.8779543999001047
vn 0 0.29504915576674395 -0.9554820750183292
vn 0 -0.000005888785941321474 -0.9999999999826612
vn 0.0000013952409218190945 0.9999999999934155 0.0000033499949929072245
vn 1 0 0
vn -1 0 0
vn 0.07852705783642593 0.43652550442712357 0.8962583250225351
vn -0.07852639807261146 -0.4365257615430032 -0.8962582575993612
vn 0.03700241207238317 -0.9056891546495934 0.4223244921277129
vn -0.037001658156090265 0.9056863267363168 -0.42233062268390803
vn 0.8432062440996201 -0.2080444471496557 -0.49570226741624446
vn -0.8433584748845127 0.23529440363913276 0.48309732607061084
vn 0.3616382856667265 0.41959998194724546 0.8325584697124295
vn -0.36163669699925144 -0.419600201356027 -0.8325590492003877
vn -0.10475106416886455 -0.8710897875470482 0.4798226720224138
vn 0.7772771218519545 0.14248600137507952 -0.6128115658648119
vn -1 0 0
vn 1 0 0
vn -0.0785258137171368 0.4365259892713785 0.8962581978820088
vn 0.07852646354185407 -0.4365259668580237 -0.8962581518637794
vn -0.037002893503938435 -0.9056862852800182 0.4223306033524189
vn 0.03700165815609027 0.9056863267363169 -0.422330622683908
vn -1 0 0
vn 1 0 0
vn -0.07913773462044484 -0.002900723618484036 0.9968594709193636
vn 0.07913773462044482 0.00290072361848398 -0.9968594709193634
vn 0.006779793483563311 -0.9999770169304385 -0.0000033499179998286444
vn -0.006780938153264112 0.9999770091689808 0.000003349917973738404
vn 0.9238800972757303 2.526412373748954e-8 -0.3826820689002641
vn -0.9238800972757304 -2.5264123931778577e-8 0.3826820689002643
vn 0.37211510982247786 -0.002909373544278005 0.9281820298774294
vn -0.3721151103618918 0.0029088741922963517 -0.9281820312262519
vn 0.000001616926495029723 -0.999999999995166 -0.000002655923167838026
vn -0.000005055070244800812 0.9999999999697 -0.000005919980436641659
vn 0.9183346105044299 -0.10941029643676414 -0.38038261025354
vn -0.9230307921714366 0.04286783333443215 0.3823303618189142
vn 0.37208975156585183 0.012023551200414598 0.9281188776208541
vn -0.3720906316657354 -0.01202344702524422 -0.9281185261313478
vn 0.000005055070244772086 -0.9999999999697 0.000005919980436641659
vn 0.24220368497853056 0.965023872956192 -0.10033095039643844
vn 1 0 0
vn -1 0 0
vn 0.07913773462044482 -0.00290072361848398 0.9968594709193634
vn -0.07913773462044484 0.002900723618484036 -0.9968594709193636
vn -0.006779793483563312 -0.9999770169304385 -0.000003349917999717623
vn 0.006780938153264102 0.9999770091689808 0.000003349917973627381
vn -1 0 0
vn 1 0 0
vn -0.07912261265701338 -0.0050451634271421195 0.9968521246866668
vn 0.07912261928155388 0.005044235172093959 -0.9968521288584156
vn 0.006779793483563311 -0.9999770169304385 -0.0000033499179998286444
vn -0.00677986931508713 0.9999770164045743 -0.000005888650595975431
vn 1 0 0
vn -1 0 0
vn 0 -0.005061961473069755 0.9999871881909514
vn 0 0.005061030305609394 -0.9999871929041122
vn 0 -0.9999999999943889 -0.0000033499949961268713
vn 0 0.9999999999826612 -0.000005888785941321474
vn 1 0 0
vn -1 0 0
vn 0.07912261265701338 -0.0050451634271421195 0.9968521246866668
vn -0.07912261928155385 0.005044235172093959 -0.9968521288584156
vn -0.006779793483563312 -0.9999770169304385 -0.000003349917999717623
vn 0.0067798693150871205 0.9999770164045743 -0.000005888650595975431
vn -1 0 0
vn 1 0 0
vn -0.08088305475339669 -0.005043520216609366 0.9967108378850829
vn 0.08088305475339658 0.005043520216608977 -0.9967108378850829
vn 0.0069316154738561005 -0.9999759760592756 -0.0000033499145161708377
vn -0.006932443003364467 0.9999759703226789 0.0000033499144936333103
vn 1 0 0
vn -1 0 0
vn 0 -0.005061030305609394 0.9999871929041122
vn 0 0.005061030305609727 -0.9999871929041122
vn 0 -0.9999999999943888 -0.0000033499949929072237
vn 0 0.9999999999943889 0.0000033499949961268713
vn 1 0 0
vn -1 0 0
vn 0.0808830547533967 -0.0050435202166093105 0.9967108378850829
vn -0.08088305475339656 0.005043520216608977 -0.9967108378850829
vn -0.00693161547385609 -0.9999759760592756 -0.0000033499145161708377
vn 0.006932443003364466 0.9999759703226789 0.000003349914493522288
vn 0.9659255455274579 0.0000015135186178377724 -0.2588200929124168
vn -0.9659255455258221 8.659975883063e-7 0.25882009292149893
vn 0.3904700818361355 -0.005010404557768189 0.9206019829638915
vn -0.3904700818361356 0.005010404557768467 -0.9206019829638916
vn -0.018857123469400317 -0.9998094412379481 0.005048772714447648
vn 0.018857169407481972 0.9998094403093639 -0.005048785023573366
vn 1 0 0
vn -1 0 0
vn 0 0.7697054721891585 0.6383991588983062
vn 0 -0.7697008793935334 -0.6384046963022918
vn 0 -0.49999410240661457 0.8660288087347927
vn 0 0.5000038189589229 -0.8660231988962495
vn 1 0 0
vn 0.9992623895147201 -1.2864490686430308e-7 0.03840152212237504
vn 0.9980254070296376 -0.02909770440172548 0.0556651643478769
vn 0.9986000006078921 0.04372419494294402 0.029769675216725605
vn 0.9835135311590453 0.1734200359665462 -0.05125061123955017
vn 0.9999763114838294 0.0068655517659508315 -0.0004905814351702374
vn 0.3162721590946714 -0.029920398465458797 0.9481965466807307
vn -0.3162721590946714 -0.029920398465458797 0.9481965466807307
vn 0.9957786696093088 -0.04471714842381761 -0.0801574562218487
vn 0.6620644030288195 0.6625034965723011 0.3503710080351512
vn 0 0 0
vn 0.6235535195203115 0.40853120822411215 0.6665457675214657
vn 0 0 0
vn -0.6620644030288195 0.6625034965723011 0.35037100803515125
vn -0.9999763114838294 0.006865551765950831 -0.0004905814351702379
vn -0.9957786696093088 -0.04471714842381762 -0.08015745622184874
vn -0.9835135311590453 0.1734200359665462 -0.05125061123955017
vn -0.6235535195203109 0.40853120822411215 0.6665457675214661
vn -0.8432062440996201 -0.2080444471496558 -0.4957022674162447
vn 0.8433584748845124 0.23529440363913287 0.4830973260706111
vn -0.36163828566672646 0.41959998194724546 0.8325584697124295
vn 0.3616366969992518 -0.4196002013560269 -0.8325590492003876
vn 0.10475106416886455 -0.8710897875470484 0.47982267202241397
vn -0.7772771218519547 0.14248600137507966 -0.6128115658648117
vn -0.9183346105044299 -0.10941029643676416 -0.38038261025354
vn 0.9230307921714366 0.042867833334432115 0.38233036181891417
vn -0.37208975156585183 0.012023551200414543 0.9281188776208541
vn 0.3720906316657353 -0.01202344702524422 -0.9281185261313478
vn -0.000005055070244800812 -0.9999999999697 0.000005919980436641659
vn -0.24220368497853062 0.965023872956192 -0.10033095039643838
vn -0.965925545527458 0.000001513518617823895 -0.2588200929124168
vn 0.965925545525822 8.659975883340554e-7 0.2588200929214989
vn -0.3904700818361356 -0.005010404557768189 0.9206019829638915
vn 0.3904700818361356 0.005010404557768467 -0.9206019829638916
vn 0.018857123469400317 -0.9998094412379481 0.005048772714447814
vn -0.018857169407481965 0.9998094403093639 -0.005048785023573255
vn -0.9238800972757304 2.5264123737489548e-8 -0.38268206890026424
vn 0.9238800972757304 -2.526412393177857e-8 0.3826820689002642
vn -0.3721151098224778 -0.002909373544278005 0.9281820298774294
vn 0.37211511036189177 0.0029088741922963517 -0.9281820312262519
vn -0.0000016169264950009961 -0.999999999995166 -0.000002655923167782515
vn 0.000005055070244772086 0.9999999999697 -0.000005919980436641659
vn 0.4691457612777579 0.0000052005090423468125 0.8831207474904368
vn -0.2615143154546863 -0.000005683853819826723 -0.9651995973786772
vn 0 -0.4787442654445556 0.8779543999001047
vn 0 0.2950491557667439 -0.9554820750183292
vn 0 -0.000005888785941321474 -0.9999999999826612
vn -0.0000013952409218190943 0.9999999999934155 0.000003349994992962735
vn -0.9986000006078921 0.04372419494294402 0.029769675216725605
vn -1 0 0
vn -0.9980254070296376 -0.029097704401725474 0.05566516434787688
vn -0.9858510421555554 -5.615387341229017e-7 0.1676237533301595
vn 0.26149824844348335 0.000005683879455542495 0.9652039504833596
vn -0.9892204802261634 -0.02016238385519927 0.14503902846611438
vn 0.7104623234063046 -0.6959831349933933 -0.10416699489225884
vn 0.9894216122632432 4.859787887875888e-7 -0.1450685120423056
vn -0.034365477265367775 0.9873115983319544 -0.15503167989648184
vn -0.9894215641700421 8.542793460408762e-7 0.14506884005387827
vn 1 0 0
vn 2.8745590730882454e-7 0.9999999999990986 -0.0000013115510550387732
vn -2.874565714151023e-7 -0.9999999999998959 3.548427391919518e-7
vn 6.939838401532746e-7 0.000005888785942709253 0.9999999999824204
vn 0 0.000003349994991574956 -0.9999999999943888
vn -0.9992623895147201 -1.2864490686083363e-7 0.038401522122375034
vn 0.9961951774944 -1.1062891976804101e-7 -0.08715026297658944
vn -0.9961951774944003 1.1062891970212155e-7 0.08715026297658768
vn -3.3270094734771396e-7 0.9999999999917157 -0.000004056820532449823
vn -8.249941593211688e-10 -0.9999999999999702 2.445342048851274e-7
vn 0.08715421442055293 0.0000012645740167793742 0.9961948318010576
vn -0.08715421442003586 0.0000033372477001303302 -0.9961948317963154
vn 0.996195247663767 2.9195025758391174e-7 -0.08714946088210102
vn -0.9961943092563884 1.1064151742012918e-7 0.08716018704187697
vn 8.249961029422204e-10 0.9999999999999701 -2.445342064394396e-7
vn 0.0000012857816055979126 -0.9999999999912794 0.000003973442060822841
vn 0.08715443147698229 -0.0000033372476349047284 0.9961948128066052
vn -0.08715650657295755 -0.0000012645737606509222 -0.9961946312645933
vn 1 0 0
vn -1 0 0
vn 0 0.9999999999943889 0.0000033499949915194458
vn 0 -0.9999999999943889 -0.0000033499949929627357
vn 0 0.0000012694043130534462 0.9999999999991944
vn 0 -0.0000012694043114436229 -0.9999999999991944
vn -1 0 0
vn 1 0 0
vn 0 0.9999999999943889 0.0000033499949915194458
vn 0 -0.9999999999943889 -0.0000033499949929627357
vn 0 0.0000012694043130534462 0.9999999999991944
vn 0 -0.0000012694043114436229 -0.9999999999991944
vn -0.9961951774944 -1.1062891976804101e-7 -0.08715026297658944
vn 0.9961951774944003 1.1062891970906044e-7 0.08715026297658769
vn 3.3270094734771396e-7 0.9999999999917157 -0.000004056820532449823
vn 8.249941662600187e-10 -0.9999999999999702 2.445342048851274e-7
vn -0.08715421442055295 0.000001264574016723863 0.9961948318010576
vn 0.08715421442003586 0.0000033372477001303302 -0.9961948317963154
vn -0.996195247663767 2.9195025759085063e-7 -0.08714946088210102
vn 0.9961943092563884 1.1064151741319028e-7 0.08716018704187697
vn -8.249961029422204e-10 0.9999999999999701 -2.445342064394396e-7
vn -0.0000012857816056048515 -0.9999999999912794 0.00000397344206076733
vn -0.08715443147698229 -0.0000033372476349047284 0.9961948128066052
vn 0.08715650657295756 -0.000001264573760595411 -0.9961946312645933
vn 0.8729799467234245 0.0000016339804908560578 -0.48775609951706134
vn -0.8676510280481169 0.0000016655294244327656 -0.49717370558414675
vn 0 -0.9992052804193581 -0.03985984924798447
vn 0 -0.9992052804193581 -0.03985984924798447
vn 0 -0.000003349994993129269 0.9999999999943889
vn 0 0.0000033499949944615368 -0.9999999999943889
usemtl m_a5771b08-a662-8166-dd9a-b3fb485f4486
f 286/701/176 285/702/176 287/703/176 288/704/176
f 291/705/177 289/706/177 290/707/177 292/708/177
f 289/709/178 285/710/178 286/711/178 290/712/178
f 288/713/179 287/714/179 291/715/179 292/716/179
f 287/717/180 285/718/180 289/719/180 291/720/180
f 290/721/181 286/722/181 288/723/181 292/724/181
f 294/725/182 293/726/182 295/727/182 296/728/182
f 299/729/183 297/730/183 298/731/183 300/732/183
f 297/733/184 293/734/184 294/735/184 298/736/184
f 296/737/185 295/738/185 299/739/185 300/740/185
f 295/741/186 293/742/186 297/743/186 299/744/186
f 298/745/187 294/746/187 296/747/187 300/748/187
f 303/749/188 301/750/188 302/751/188 304/752/188
f 306/753/189 305/754/189 307/755/189 308/756/189
f 302/757/190 301/758/190 305/759/190 306/760/190
f 307/761/191 303/762/191 304/763/191 308/764/191
f 305/765/192 301/766/192 303/767/192 307/768/192
f 304/769/193 302/770/193 306/771/193 308/772/193
f 311/773/194 309/774/194 310/775/194 312/776/194
f 314/777/195 313/778/195 315/779/195 316/780/195
f 310/781/196 309/782/196 313/783/196 314/784/196
f 315/785/197 311/786/197 312/787/197 316/788/197
f 313/789/198 309/790/198 311/791/198 315/792/198
f 312/793/199 310/794/199 314/795/199 316/796/199
f 319/797/200 317/798/200 318/799/200 320/800/200
f 322/801/201 321/802/201 323/803/201 324/804/201
f 318/805/202 317/806/202 321/807/202 322/808/202
f 323/809/203 319/810/203 320/811/203 324/812/203
f 321/813/204 317/814/204 319/815/204 323/816/204
f 320/817/205 318/818/205 322/819/205 324/820/205
f 327/821/206 325/822/206 326/823/206 328/824/206
f 330/825/207 329/826/207 331/827/207 332/828/207
f 326/829/208 325/830/208 329/831/208 330/832/208
f 331/833/209 327/834/209 328/835/209 332/836/209
f 329/837/210 325/838/210 327/839/210 331/840/210
f 328/841/211 326/842/211 330/843/211 332/844/211
f 334/845/212 333/846/212 335/847/212 336/848/212
f 339/849/213 337/850/213 338/851/213 340/852/213
f 337/853/214 333/854/214 334/855/214 338/856/214
f 336/857/215 335/858/215 339/859/215 340/860/215
f 335/861/216 333/862/216 337/863/216 339/864/216
f 338/865/217 334/866/217 336/867/217 340/868/217
f 310/869/218 341/870/218 342/871/218 343/872/218
f 346/873/219 344/874/219 345/875/219 347/876/219
f 344/877/220 341/878/220 310/879/220 345/880/220
f 343/881/221 342/882/221 346/883/221 347/884/221
f 342/885/222 341/886/222 344/887/222 346/888/222
f 345/889/223 310/890/223 343/891/223 347/892/223
f 349/893/224 348/894/224 350/895/224 351/896/224
f 353/897/225 352/898/225 310/899/225 354/900/225
f 348/901/226 352/902/226 349/903/226 310/904/226
f 350/905/227 353/906/227 351/907/227 354/908/227
f 350/909/228 348/910/228 352/911/228 353/912/228
f 310/913/229 349/914/229 351/915/229 354/916/229
f 356/917/230 355/918/230 357/919/230 358/920/230
f 361/921/231 359/922/231 360/923/231 362/924/231
f 359/925/232 355/926/232 356/927/232 360/928/232
f 358/929/233 357/930/233 361/931/233 362/932/233
f 357/933/234 355/934/234 359/935/234 361/936/234
f 360/937/235 356/938/235 358/939/235 362/940/235
f 364/941/236 363/942/236 365/943/236 366/944/236
f 369/945/237 367/946/237 368/947/237 370/948/237
f 367/949/238 363/950/238 364/951/238 368/952/238
f 366/953/239 365/954/239 369/955/239 370/956/239
f 365/957/240 363/958/240 367/959/240 369/960/240
f 368/961/241 364/962/241 366/963/241 370/964/241
f 372/965/242 371/966/242 373/967/242 374/968/242
f 377/969/243 375/970/243 376/971/243 378/972/243
f 375/973/244 371/974/244 372/975/244 376/976/244
f 374/977/245 373/978/245 377/979/245 378/980/245
f 373/981/246 371/982/246 375/983/246 377/984/246
f 376/985/247 372/986/247 374/987/247 378/988/247
f 380/989/248 379/990/248 381/991/248 382/992/248
f 385/993/249 383/994/249 384/995/249 386/996/249
f 383/997/250 379/998/250 380/999/250 384/1000/250
f 382/1001/251 381/1002/251 385/1003/251 386/1004/251
f 381/1005/252 379/1006/252 383/1007/252 385/1008/252
f 384/1009/253 380/1010/253 382/1011/253 386/1012/253
f 388/1013/254 387/1014/254 389/1015/254 390/1016/254
f 393/1017/255 391/1018/255 392/1019/255 394/1020/255
f 391/1021/256 387/1022/256 388/1023/256 392/1024/256
f 390/1025/257 389/1026/257 393/1027/257 394/1028/257
f 389/1029/258 387/1030/258 391/1031/258 393/1032/258
f 392/1033/259 388/1034/259 390/1035/259 394/1036/259
f 396/1037/260 395/1038/260 397/1039/260 398/1040/260
f 401/1041/261 399/1042/261 400/1043/261 402/1044/261
f 399/1045/262 395/1046/262 396/1047/262 400/1048/262
f 398/1049/263 397/1050/263 401/1051/263 402/1052/263
f 397/1053/264 395/1054/264 399/1055/264 401/1056/264
f 400/1057/265 396/1058/265 398/1059/265 402/1060/265
f 404/1061/266 405/1062/266 403/1063/266 406/1064/266
f 409/1065/267 407/1066/267 408/1067/267 410/1068/267
f 407/1069/268 403/1070/268 404/1071/268 408/1072/268
f 406/1073/269 405/1074/269 409/1075/269 410/1076/269
f 405/1077/270 403/1078/270 407/1079/270 409/1080/270
f 408/1081/271 404/1082/271 406/1083/271 410/1084/271
f 412/1085/272 411/1086/272 413/1087/272 414/1088/272
f 417/1089/273 415/1090/273 416/1091/273 418/1092/273
f 415/1093/274 411/1094/274 412/1095/274 416/1096/274
f 414/1097/275 413/1098/275 417/1099/275 418/1100/275
f 413/1101/276 411/1102/276 415/1103/276 417/1104/276
f 416/1105/277 412/1106/277 414/1107/277 418/1108/277
f 421/1109/278 419/1110/278 420/1111/278 422/1112/278
f 424/1113/279 423/1114/279 425/1115/279 426/1116/279
f 420/1117/280 419/1118/280 423/1119/280 424/1120/280
f 425/1121/281 421/1122/281 422/1123/281 426/1124/281
f 423/1125/282 419/1126/282 421/1127/282 425/1128/282
f 422/1129/283 420/1130/283 424/1131/283 426/1132/283
f 429/1133/284 427/1134/284 428/1135/284 430/1136/284
f 432/1137/285 431/1138/285 433/1139/285 434/1140/285
f 428/1141/286 427/1142/286 431/1143/286 432/1144/286
f 433/1145/287 429/1146/287 430/1147/287 434/1148/287
f 431/1149/288 427/1150/288 429/1151/288 433/1152/288
f 430/1153/289 428/1154/289 432/1155/289 434/1156/289
f 436/1157/290 435/1158/290 437/1159/290 438/1160/290
f 441/1161/291 439/1162/291 440/1163/291 442/1164/291
f 439/1165/292 435/1166/292 436/1167/292 440/1168/292
f 438/1169/293 437/1170/293 441/1171/293 442/1172/293
f 437/1173/294 435/1174/294 439/1175/294 441/1176/294
f 440/1177/295 436/1178/295 438/1179/295 442/1180/295
f 444/1181/296 443/1182/296 445/1183/296 446/1184/296
f 449/1185/297 447/1186/297 448/1187/297 450/1188/297
f 447/1189/298 443/1190/298 444/1191/298 448/1192/298
f 446/1193/299 445/1194/299 449/1195/299 450/1196/299
f 445/1197/300 443/1198/300 447/1199/300 449/1200/300
f 448/1201/301 444/1202/301 446/1203/301 450/1204/301
f 453/1205/302 451/1206/302 452/1207/302 454/1208/302
f 456/1209/303 455/1210/303 457/1211/303 458/1212/303
f 452/1213/304 451/1214/304 455/1215/304 456/1216/304
f 457/1217/305 453/1218/305 454/1219/305 458/1220/305
f 455/1221/306 451/1222/306 453/1223/306 457/1224/306
f 454/1225/307 452/1226/307 456/1227/307 458/1228/307
f 461/1229/308 459/1230/308 460/1231/308 462/1232/308
f 464/1233/309 463/1234/309 465/1235/309 466/1236/309
f 460/1237/310 459/1238/310 463/1239/310 464/1240/310
f 465/1241/311 461/1242/311 462/1243/311 466/1244/311
f 463/1245/312 459/1246/312 461/1247/312 465/1248/312
f 462/1249/313 460/1250/313 464/1251/313 466/1252/313
f 468/1253/314 467/1254/314 469/1255/314 470/1256/314
f 473/1257/315 471/1258/315 472/1259/315 474/1260/315
f 471/1261/316 467/1262/316 468/1263/316 472/1264/316
f 470/1265/317 469/1266/317 473/1267/317 474/1268/317
f 469/1269/318 467/1270/318 471/1271/318 473/1272/318
f 472/1273/319 468/1274/319 470/1275/319 474/1276/319
f 476/1277/320 475/1278/320 477/1279/320 478/1280/320
f 481/1281/321 479/1282/321 480/1283/321 482/1284/321
f 479/1285/322 475/1286/322 476/1287/322 480/1288/322
f 478/1289/323 477/1290/323 481/1291/323 482/1292/323
f 477/1293/324 475/1294/324 479/1295/324 481/1296/324
f 480/1297/325 476/1298/325 478/1299/325 482/1300/325
f 484/1301/326 483/1302/326 485/1303/326 486/1304/326
f 489/1305/327 487/1306/327 488/1307/327 490/1308/327
f 487/1309/328 483/1310/328 484/1311/328 488/1312/328
f 486/1313/329 485/1314/329 489/1315/329 490/1316/329
f 485/1317/330 483/1318/330 487/1319/330 489/1320/330
f 488/1321/331 484/1322/331 486/1323/331 490/1324/331
f 493/1325/332 491/1326/332 492/1327/332 494/1328/332
f 496/1329/333 495/1330/333 497/1331/333 498/1332/333
f 492/1333/334 491/1334/334 495/1335/334 496/1336/334
f 497/1337/335 493/1338/335 494/1339/335 498/1340/335
f 495/1341/336 491/1342/336 493/1343/336 497/1344/336
f 494/1345/337 492/1346/337 496/1347/337 498/1348/337
f 500/1349/338 499/1350/338 501/1351/338 502/1352/338
f 505/1353/339 503/1354/339 504/1355/339 506/1356/339
f 503/1357/340 499/1358/340 500/1359/340 504/1360/340
f 502/1361/341 501/1362/341 505/1363/341 506/1364/341
f 501/1365/342 499/1366/342 503/1367/342 505/1368/342
f 504/1369/343 500/1370/343 502/1371/343 506/1372/343
f 508/1373/344 507/1374/344 509/1375/344 510/1376/344
f 513/1377/345 511/1378/345 512/1379/345 514/1380/345
f 511/1381/346 507/1382/346 508/1383/346 512/1384/346
f 510/1385/347 509/1386/347 513/1387/347 514/1388/347
f 509/1389/348 507/1390/348 511/1391/348 513/1392/348
f 512/1393/349 508/1394/349 510/1395/349 514/1396/349
f 517/1397/350 515/1398/350 516/1399/350 518/1400/350
f 520/1401/351 519/1402/351 521/1403/351 522/1404/351
f 516/1405/352 515/1406/352 519/1407/352 520/1408/352
f 521/1409/353 517/1410/353 518/1411/353 522/1412/353
f 519/1413/354 515/1414/354 517/1415/354 521/1416/354
f 518/1417/355 516/1418/355 520/1419/355 522/1420/355
f 524/1421/356 523/1422/356 525/1423/356 526/1424/356
f 529/1425/357 527/1426/357 528/1427/357 530/1428/357
f 527/1429/358 523/1430/358 524/1431/358 528/1432/358
f 526/1433/359 525/1434/359 529/1435/359 530/1436/359
f 525/1437/360 523/1438/360 527/1439/360 529/1440/360
f 528/1441/361 524/1442/361 526/1443/361 530/1444/361
f 532/1445/362 531/1446/362 533/1447/362 534/1448/362
f 537/1449/363 535/1450/363 536/1451/363 538/1452/363
f 535/1453/364 531/1454/364 532/1455/364 536/1456/364
f 534/1457/365 533/1458/365 537/1459/365 538/1460/365
f 533/1461/366 531/1462/366 535/1463/366 537/1464/366
f 536/1465/367 532/1466/367 534/1467/367 538/1468/367
f 540/1469/368 539/1470/368 541/1471/368 542/1472/368
f 545/1473/369 543/1474/369 544/1475/369 546/1476/369
f 543/1477/370 539/1478/370 540/1479/370 544/1480/370
f 542/1481/371 541/1482/371 545/1483/371 546/1484/371
f 541/1485/372 539/1486/372 543/1487/372 545/1488/372
f 544/1489/373 540/1490/373 542/1491/373 546/1492/373
f 548/1493/374 547/1494/374 549/1495/374 550/1496/374
f 553/1497/375 551/1498/375 552/1499/375 554/1500/375
f 551/1501/376 547/1502/376 548/1503/376 552/1504/376
f 550/1505/377 549/1506/377 553/1507/377 554/1508/377
f 549/1509/378 547/1510/378 551/1511/378 553/1512/378
f 552/1513/379 548/1514/379 550/1515/379 554/1516/379
f 555/1517/380 556/1518/380 558/1519/380 557/1520/380
f 559/1521/381 560/1522/381 562/1523/381 561/1524/381
f 563/1525/382 564/1526/382 566/1527/382 565/1528/382
f 567/1529/383 568/1530/383 570/1531/383 569/1532/383
f 571/1533/384 572/1534/384 574/1535/384 573/1536/384
f 575/1537/385 576/1538/385 578/1539/385 577/1540/385
f 579/1541/386 580/1542/386 582/1543/386 581/1544/386
f 586/1545/387 584/1546/387 583/1547/387 585/1548/387
f 587/1549/388 588/1550/388 590/1551/388 589/1552/388
f 591/1553/389 592/1554/389 594/1555/389 593/1556/389
f 595/1557/390 596/1558/390 598/1559/390 597/1560/390
f 599/1561/391 600/1562/391 602/1563/391 601/1564/391
f 604/1565/392 603/1566/392 606/1567/392 605/1568/392
f 610/1569/393 608/1570/393 607/1571/393 609/1572/393
f 614/1573/394 612/1574/394 611/1575/394 613/1576/394
f 618/1577/395 616/1578/395 615/1579/395 617/1580/395
f 622/1581/396 620/1582/396 619/1583/396 621/1584/396
f 626/1585/397 624/1586/397 623/1587/397 625/1588/397
f 629/1589/398 627/1590/398 628/1591/398 630/1592/398
f 632/1593/399 631/1594/399 633/1595/399 634/1596/399
f 628/1597/400 627/1598/400 631/1599/400 632/1600/400
f 633/1601/401 629/1602/401 630/1603/401 634/1604/401
f 631/1605/402 627/1606/402 629/1607/402 633/1608/402
f 630/1609/403 628/1610/403 632/1611/403 634/1612/403
f 637/1613/404 635/1614/404 636/1615/404 638/1616/404
f 640/1617/405 639/1618/405 641/1619/405 642/1620/405
f 636/1621/406 635/1622/406 639/1623/406 640/1624/406
f 641/1625/407 637/1626/407 638/1627/407 642/1628/407
f 639/1629/408 635/1630/408 637/1631/408 641/1632/408
f 638/1633/409 636/1634/409 640/1635/409 642/1636/409
f 645/1637/410 643/1638/410 644/1639/410 646/1640/410
f 648/1641/411 647/1642/411 649/1643/411 650/1644/411
f 644/1645/412 643/1646/412 647/1647/412 648/1648/412
f 649/1649/413 645/1650/413 646/1651/413 650/1652/413
f 647/1653/414 643/1654/414 645/1655/414 649/1656/414
f 646/1657/415 644/1658/415 648/1659/415 650/1660/415
f 653/1661/416 651/1662/416 652/1663/416 654/1664/416
f 656/1665/417 655/1666/417 657/1667/417 658/1668/417
f 652/1669/418 651/1670/418 655/1671/418 656/1672/418
f 657/1673/419 653/1674/419 654/1675/419 658/1676/419
f 655/1677/420 651/1678/420 653/1679/420 657/1680/420
f 654/1681/421 652/1682/421 656/1683/421 658/1684/421
f 660/1685/422 659/1686/422 661/1687/422 662/1688/422
f 665/1689/423 663/1690/423 664/1691/423 666/1692/423
f 663/1693/424 659/1694/424 660/1695/424 664/1696/424
f 662/1697/425 661/1698/425 665/1699/425 666/1700/425
f 661/1701/426 659/1702/426 663/1703/426 665/1704/426
f 664/1705/427 660/1706/427 662/1707/427 666/1708/427
f 670/1709/428 668/1710/428 667/1711/428 669/1712/428
f 674/1713/429 672/1714/429 671/1715/429 673/1716/429
f 678/1717/430 676/1718/430 675/1719/430 677/1720/430
f 679/1721/431 681/1722/431 680/1723/431 682/1724/431
f 685/1725/432 684/1726/432 683/1727/432 686/1728/432
f 680/1729/433 679/1730/433 683/1731/433 684/1732/433
f 685/1733/434 681/1734/434 682/1735/434 686/1736/434
f 683/1737/435 679/1738/435 681/1739/435 685/1740/435
f 682/1741/436 680/1742/436 684/1743/436 686/1744/436
f 689/1745/437 687/1746/437 688/1747/437 690/1748/437
f 692/1749/438 691/1750/438 693/1751/438 694/1752/438
f 688/1753/439 687/1754/439 691/1755/439 692/1756/439
f 693/1757/440 689/1758/440 690/1759/440 694/1760/440
f 691/1761/441 687/1762/441 689/1763/441 693/1764/441
f 690/1765/442 688/1766/442 692/1767/442 694/1768/442
f 698/1769/443 696/1770/443 695/1771/443 697/1772/443
f 700/1773/444 699/1774/444 701/1775/444 702/1776/444
f 705/1777/445 703/1778/445 704/1779/445 706/1780/445
f 703/1781/446 699/1782/446 700/1783/446 704/1784/446
f 702/1785/447 701/1786/447 705/1787/447 706/1788/447
f 701/1789/448 699/1790/448 703/1791/448 705/1792/448
f 704/1793/449 700/1794/449 702/1795/449 706/1796/449
f 708/1797/450 707/1798/450 709/1799/450 710/1800/450
f 713/1801/451 711/1802/451 712/1803/451 714/1804/451
f 711/1805/452 707/1806/452 708/1807/452 712/1808/452
f 710/1809/453 709/1810/453 713/1811/453 714/1812/453
f 709/1813/454 707/1814/454 711/1815/454 713/1816/454
f 712/1817/455 708/1818/455 710/1819/455 714/1820/455
f 716/1821/456 715/1822/456 717/1823/456 718/1824/456
f 721/1825/457 719/1826/457 720/1827/457 722/1828/457
f 719/1829/458 715/1830/458 716/1831/458 720/1832/458
f 718/1833/459 717/1834/459 721/1835/459 722/1836/459
f 717/1837/460 715/1838/460 719/1839/460 721/1840/460
f 720/1841/461 716/1842/461 718/1843/461 722/1844/461
f 725/1845/462 723/1846/462 724/1847/462 726/1848/462
f 728/1849/463 727/1850/463 729/1851/463 730/1852/463
f 724/1853/464 723/1854/464 727/1855/464 728/1856/464
f 729/1857/465 725/1858/465 726/1859/465 730/1860/465
f 727/1861/466 723/1862/466 725/1863/466 729/1864/466
f 726/1865/467 724/1866/467 728/1867/467 730/1868/467
f 733/1869/468 731/1870/468 732/1871/468 734/1872/468
f 736/1873/469 735/1874/469 737/1875/469 738/1876/469
f 732/1877/470 731/1878/470 735/1879/470 736/1880/470
f 737/1881/471 733/1882/471 734/1883/471 738/1884/471
f 735/1885/472 731/1886/472 733/1887/472 737/1888/472
f 734/1889/473 732/1890/473 736/1891/473 738/1892/473
f 741/1893/474 739/1894/474 740/1895/474 742/1896/474
f 744/1897/475 743/1898/475 745/1899/475 746/1900/475
f 740/1901/476 739/1902/476 743/1903/476 744/1904/476
f 745/1905/477 741/1906/477 742/1907/477 746/1908/477
f 743/1909/478 739/1910/478 741/1911/478 745/1912/478
f 742/1913/479 740/1914/479 744/1915/479 746/1916/479
f 748/1917/480 747/1918/480 749/1919/480 750/1920/480
f 752/1921/481 751/1922/481 754/1923/481 753/1924/481
f 748/1925/482 747/1926/482 751/1927/482 754/1928/482
f 750/1929/483 749/1930/483 752/1931/483 753/1932/483
f 749/1933/484 747/1934/484 751/1935/484 752/1936/484
f 754/1937/485 748/1938/485 750/1939/485 753/1940/485
o fix_mp05
v 0.9762675 2.426866632582916 7.440599658072861
v 0.9870775 2.463480755470169 7.39645536723701
v 1.0625625 2.3593751011038426 7.4187497953887975
v -0.9762674999999998 2.426866632582916 7.440599658072861
v -0.9870775 2.463480755470169 7.39645536723701
v -1.0625625 2.3593751011038426 7.4187497953887975
v 0.26292249999999995 2.4976118273952626 7.3625000931031055
v 0.018480000000000052 2.5150643877536014 6.924999932016277
v -0.26292249999999995 2.4976118273952626 7.3625000931031055
v -0.012229999999999963 2.5150643877536014 6.924999932016277
vt 0.062499999999999986 0.5
vt 0.012735591261194341 0.4695037670450991
vt 0.0625 0.36948633931652985
vt 0.5375181325643041 0.950237007878225
vt 0.5680076902966356 0.9999999999999998
vt 0.4375 1
vt 0.528546875 0.5625
vt 0.2841031250000001 1
vt 0.25339687499999997 1
vt 0.0027031250000000284 0.5625
vn 0.5819419128495655 0.5502001155384697 0.5988517704160549
vn -0.5819419128495648 0.5502001155384695 0.5988517704160559
vn 0 0.9992052804193582 0.03985984924798414
usemtl m_3b67a5c5-379c-8ed4-42e4-d7afb8ccb88a
f 756/1941/486 755/1942/486 757/1943/486
f 758/1944/487 759/1945/487 760/1946/487
f 761/1947/488 762/1948/488 764/1949/488 763/1950/488