# Made in Blockbench 4.12.6
mtllib mi2n_ratp_obj.mtl

o car1_glass
v 0.40625 2.3391362320173004 -10.897056739668097
v 0.40625 1.4152566995060136 -11.279740172033186
v -1.109375 2.3391362320173004 -10.897056739668097
v -1.109375 1.4152566995060136 -11.279740172033186
v 1.109375 2.3391362320173004 -10.897056739668097
v 1.109375 1.4152566995060136 -11.279740172033186
v 0.46875 2.3391362320173004 -10.897056739668097
v 0.46875 1.4152566995060136 -11.279740172033186
v -1.376846875 2.412046226105737 -10.068237023627763
v -1.376336875 2.409173198590723 -10.581512232508885
v -1.428125 2.062500051962262 -10.584699005845646
v -1.428125 2.0625002439583495 -10.06737566264464
v -1.428125 0.5625002015399567 -10.070790788393637
v -1.428125 2.0625000003637384 -10.068250471741692
v -1.428125 2.0625000085099594 -10.58446698601624
v -1.428125 0.5624999150626171 -10.584022728212954
v 1.376846875 2.412046226105737 -10.068237023627763
v 1.376336875 2.409173198590723 -10.581512232508885
v 1.428125 2.062500051962262 -10.584699005845646
v 1.428125 2.0625002439583495 -10.06737566264464
v 1.428125 0.5625002015399567 -10.070790788393637
v 1.428125 2.0625000003637384 -10.068250471741692
v 1.428125 2.0625000085099594 -10.58446698601624
v 1.428125 0.5624999150626171 -10.584022728212954
vt 0.30859375 0.7265625
vt 0.30859375 0.7890625
vt 0.21484375 0.7890625
vt 0.21484375 0.7265625
vt 0.11328125 0.65625
vt 0.11328125 0.71875
vt 0.07421875 0.71875
vt 0.07421875 0.65625
vt 0.0875980859375 0.704567578125
vt 0.08747984375 0.6884766015625
vt 0.1071171875 0.6884766015625
vt 0.1070821484375 0.7046952734375
vt 0.08261140625 0.7109375
vt 0.08262828125 0.6630859375
vt 0.102083359375 0.6630859375
vt 0.1021796875 0.7109375
vt 0.1071171875 0.6884766015625
vt 0.08747984375 0.6884766015625
vt 0.0875980859375 0.704567578125
vt 0.1070821484375 0.7046952734375
vt 0.102083359375 0.6630859375
vt 0.08262828125 0.6630859375
vt 0.08261140625 0.7109375
vt 0.1021796875 0.7109375
vn 0 0.38268343236508984 -0.9238795325112866
vn 0 0.38268343236508984 -0.9238795325112866
vn -0.9890252549804563 0.14774655668014888 -5.483371508935299e-8
vn -1 0 0
vn 0.9890252549804563 0.14774655668014888 -5.483371509629188e-8
vn 1 0 0
usemtl m_0b768edf-d2c8-78c2-bb77-9115218969b8
f 1/1/1 2/2/1 4/3/1 3/4/1
f 5/5/2 6/6/2 8/7/2 7/8/2
f 10/9/3 11/10/3 12/11/3 9/12/3
f 15/13/4 16/14/4 13/15/4 14/16/4
f 20/17/5 19/18/5 18/19/5 17/20/5
f 21/21/6 24/22/6 23/23/6 22/24/6
o car1_interior
v 1.15625 2.863417347137234 -10.440425152862767
v 1.2689475 2.867986582768914 -9.62499977745842
v -1.15625 2.863417347137234 -10.440425152862767
v -1.2689475 2.867986582768914 -9.62499977745842
v -1.15625 1.4152569140245874 -10.842240790980712
v -1.15625 1.4152573559663257 -11.279740572811239
v -1.15625 2.863417347137234 -10.440426036746242
v -1.15625 2.4546216812054995 -10.849221702677978
v -1.156250625 2.341566797378965 -10.896050733145533
v -1.15625 2.346718070279909 -10.583791494690077
v 1.15625 1.1027568173217899 -10.779740064533373
v 1.15625 1.4152569140245874 -10.842239907097236
v 0.40625 1.1027568173217899 -10.779740064533373
v 0.40625 1.4152569140245874 -10.842239907097236
v 0.40625 1.1027568173217899 -10.779740064533373
v 0.40625 1.4152569140245874 -10.842239907097236
v -0.03125 1.10275681732179 -11.029740318672305
v -0.03125 1.4152569140245874 -11.09224016123617
v -0.03125 1.10275681732179 -11.029740318672305
v -0.03125 1.4152569140245874 -11.09224016123617
v -0.71875 1.10275681732179 -11.029740318672305
v -0.71875 1.4152569140245874 -11.09224016123617
v -0.71875 1.10275681732179 -11.029740318672305
v -0.71875 1.4152569140245874 -11.09224016123617
v -1.15625 1.1027568173217899 -10.779740064533373
v -1.15625 1.4152569140245874 -10.842239907097236
v -0.71875 1.4152569140245874 -11.09224016123617
v -1.15625 1.4152569140245874 -10.842239907097236
v -1.15625 1.4152569140245874 -11.09224016123617
v 1.15625 1.4152569140245874 -11.09224016123617
v 1.15625 1.4152569140245876 -11.2797401308695
v -1.15625 1.4152569140245874 -11.09224016123617
v -1.15625 1.4152569140245876 -11.2797401308695
v 1.15625 1.4152569140245874 -10.842239907097236
v 1.15625 1.4152569140245874 -11.09224016123617
v 0.40625 1.4152569140245874 -10.842239907097236
v 0.40625 1.4152569140245874 -11.09224016123617
v 0.40625 1.4152569140245874 -10.842239907097236
v 0.40625 1.4152569140245874 -11.09224016123617
v -0.03125 1.4152569140245874 -11.09224016123617
v -0.25 1.1687497673847158 -10.834375111923489
v -0.25 1.1687497673847156 -11.015625141494608
v -0.25 1.0937500446964263 -10.796875029608476
v -0.25 1.0937500446964261 -11.01562469955287
v -0.5625 1.1687497673847158 -10.834375111923489
v -0.5625 1.1687497673847156 -11.015625141494608
v -0.5625 1.0937500446964263 -10.796875029608476
v -0.5625 1.0937500446964261 -11.01562469955287
v 0.40625 1.1027568173217899 -10.779740064533373
v -0.03125 1.10275681732179 -11.029740318672305
v -1.15625 1.1027568173217899 -10.779740064533373
v -0.71875 1.10275681732179 -11.029740318672305
v 1.15625 1.10275681732179 -10.71723978002777
v 1.15625 1.1027568173217899 -10.779740064533373
v -1.15625 1.10275681732179 -10.71723978002777
v -1.15625 1.1027568173217899 -10.779740064533373
v -0.02788625 1.1027568173217899 -10.779740064533373
v 0.1011475 1.10275681732179 -10.71723978002777
v -0.71632875 1.1027568173217899 -10.779740064533373
v -0.841775 1.10275681732179 -10.71723978002777
v 1.15625 0.30588194638013366 -10.71723978002777
v 1.15625 1.10275681732179 -10.71723978002777
v 0.1011475 0.30588194638013366 -10.71723978002777
v 0.1011475 1.10275681732179 -10.71723978002777
v 0.1011475 0.30588194638013366 -10.71723978002777
v 0.1011475 1.10275681732179 -10.71723978002777
v -0.02788625 0.3058819463801341 -10.779740064533373
v -0.02788625 1.1027568173217899 -10.779740064533373
v -0.02788625 0.3058819463801341 -10.779740064533373
v -0.02788625 1.1027568173217899 -10.779740064533373
v -0.71632875 0.3058819463801341 -10.779740064533373
v -0.71632875 1.1027568173217899 -10.779740064533373
v -0.71632875 0.3058819463801341 -10.779740064533373
v -0.71632875 1.1027568173217899 -10.779740064533373
v -0.841775 0.30588194638013366 -10.71723978002777
v -0.841775 1.10275681732179 -10.71723978002777
v -0.841775 0.30588194638013366 -10.71723978002777
v -0.841775 1.10275681732179 -10.71723978002777
v -1.15625 0.30588194638013366 -10.71723978002777
v -1.15625 1.10275681732179 -10.71723978002777
v 1.15625 2.339136117818636 -10.897056592541771
v 1.15625 1.4152569140245876 -11.2797401308695
v 1.109375 2.339136117818636 -10.897056592541771
v 1.109375 1.4152569140245876 -11.2797401308695
v 0.46875 2.339136117818636 -10.897056592541771
v 0.46875 1.4152569140245876 -11.2797401308695
v 0.40625 2.339136117818636 -10.897056592541771
v 0.40625 1.4152569140245876 -11.2797401308695
v -1.109375 2.339136117818636 -10.897056592541771
v -1.109375 1.4152569140245876 -11.2797401308695
v -1.15625 2.339136117818636 -10.897056592541771
v -1.15625 1.4152569140245876 -11.2797401308695
v 1.15625 2.339136117818636 -10.897056592541771
v 1.15625 2.863417347137234 -10.440425152862767
v -1.15625 2.339136117818636 -10.897056592541771
v -1.15625 2.863417347137234 -10.440425152862767
v -0.9101 2.407305630942402 -10.62941755974614
v 0.420475625 2.402665242690865 -10.633459558884097
v -0.5625 1.2327743089455134 -10.886729739944279
v -0.5625 1.2447001067519627 -10.948081417872192
v -0.5625 1.11007051114795 -10.910580893615439
v -0.5625 1.1219963089543994 -10.971932571543352
v -0.625 1.2327743089455134 -10.886729739944279
v -0.625 1.2447001067519627 -10.948081417872192
v -0.625 1.11007051114795 -10.910580893615439
v -0.625 1.1219963089543994 -10.971932571543352
v -0.1875 1.2327743089455134 -10.886729739944279
v -0.1875 1.2447001067519627 -10.948081417872192
v -0.1875 1.11007051114795 -10.910580893615439
v -0.1875 1.1219963089543994 -10.971932571543352
v -0.25 1.2327743089455134 -10.886729739944279
v -0.25 1.2447001067519627 -10.948081417872192
v -0.25 1.11007051114795 -10.910580893615439
v -0.25 1.1219963089543994 -10.971932571543352
v 1.15625 1.4152569140245874 -10.842240790980712
v 1.15625 1.4152573559663257 -11.279740572811239
v 1.15625 2.863417347137234 -10.440426036746242
v 1.15625 2.4546216812054995 -10.849221702677978
v -1.415625 0.5624998361074969 -10.071027267070054
v -1.415625 0.4773739023708776 -10.068190001110544
v -1.415625 0.47643875365275834 -10.585255647668872
v -1.415625 0.5624998361074969 -10.583108694704494
v -1.37431875 0.31248543983293997 -9.625000219400157
v -1.268885625 2.868041383544456 -9.62499977745842
v -1.278565625 0.4572337334757317 -10.088620083785976
v -1.223658125 2.396346801659225 -10.098105921255595
v -1.37431875 0.31248543983293997 -9.625000219400157
v -1.156250625 0.30588194638013366 -10.717240663911246
v -1.268885625 2.868041383544456 -9.62499977745842
v -1.156250625 2.8634177890789725 -10.440425594804505
v -1.208299375 0.307457910618703 -10.45654188417296
v -1.156250625 1.1027577012052663 -10.717240663911246
v -1.2053275 0.4534140310321102 -10.455621319532202
v -1.278565625 0.4572337334757317 -10.088620083785976
v -1.223658125 2.396346801659225 -10.098105921255595
v -1.166368125 2.3853278682996475 -10.44355807784516
v -1.156250625 2.3833285238758424 -10.518854343439811
v -1.188358125 0.6121630389423958 -10.556423810607727
v -1.18813 0.45233348348210933 -10.557563578350653
v -1.198798125 0.4526415168736633 -10.504132380255506
v -1.16219875 1.8457749002743729 -10.556338515852248
v -1.186553125 0.7018140141368703 -10.555701235865703
v -1.156250625 2.1249985518545316 -10.55652103779014
v -1.156250625 1.1027577012052663 -10.717240663911246
v -1.156250625 1.102757259263528 -10.779740506475111
v -1.156250625 2.8634177890789725 -10.440425594804505
v -1.15625 1.4152573559663257 -10.842240349038974
v -1.156250625 2.1249985518545316 -10.55652103779014
v -1.156250625 2.3833285238758424 -10.518854343439811
v -1.156250625 2.346718070279909 -10.583791494690077
v -1.156250625 2.1249985518545316 -10.55652103779014
v -1.18813 0.45233348348210933 -10.557563578350653
v -1.156250625 2.346718070279909 -10.583791494690077
v -1.415625 0.47643875365275834 -10.585255647668872
v -1.363836875 2.409173718669949 -10.581511517262488
v -1.415625 0.5624998361074969 -10.583108694704494
v -1.43125 2.0625000351158818 -10.58446678166611
v -1.156250625 2.1249985518545316 -10.55652103779014
v -1.43125 1.872627280289932 -10.584410655065353
v -1.16219875 1.8457749002743729 -10.556338515852248
v -1.43125 0.6209537020577591 -10.58403942400523
v -1.188358125 0.6121630389423958 -10.556423810607727
v -1.43549875 0.7059399822050936 -10.582496163455291
v -1.186553125 0.7018140141368703 -10.555701235865703
v -1.18813 0.45233348348210933 -10.557563578350653
v -1.278565625 0.4572337334757317 -10.088620083785976
v -1.415625 0.47643875365275834 -10.585255647668872
v -1.415625 0.4773739023708776 -10.068190001110544
v -1.198798125 0.4526415168736633 -10.504132380255506
v -1.2053275 0.4534140310321102 -10.455621319532202
v -1.278565625 0.4572337334757317 -10.088620083785976
v -1.223658125 2.396346801659225 -10.098105921255595
v -1.415625 0.4773739023708776 -10.068190001110544
v -1.364346875 2.4120463399685192 -10.068236846934798
v -1.415625 2.062500035115882 -10.067375502486964
v -1.415625 0.5624998361074964 -10.070790386298357
v -1.156250625 2.346718070279909 -10.583791494690077
v -1.223658125 2.396346801659225 -10.098105921255595
v -1.363836875 2.409173718669949 -10.581511517262488
v -1.364346875 2.4120463399685192 -10.068236846934798
v -1.156250625 2.3833285238758424 -10.518854343439811
v -1.166368125 2.3853278682996475 -10.44355807784516
v -1.364346875 2.4120463399685192 -10.068236846934798
v -1.363836875 2.409173718669949 -10.581511517262488
v -1.415625 2.062500035115882 -10.584698359136949
v -1.415625 2.062500035115882 -10.067375502486964
v -1.415625 0.5624998361074964 -10.070790386298357
v -1.415625 2.062500035115882 -10.068249663245206
v -1.415625 2.0625000351158818 -10.58446678166611
v -1.415625 0.5624998361074969 -10.584022630219177
v 1.364346875 2.4120463399685192 -10.068236846934798
v 1.363836875 2.409173718669949 -10.581511517262488
v 1.415625 2.062500035115882 -10.584698359136949
v 1.415625 2.062500035115882 -10.067375502486964
v 1.415625 0.5624998361074964 -10.070790386298357
v 1.415625 2.062500035115882 -10.068249663245206
v 1.415625 2.0625000351158818 -10.58446678166611
v 1.415625 0.5624998361074969 -10.584022630219177
v 1.415625 0.5624998361074969 -10.071027267070054
v 1.415625 0.4773739023708776 -10.068190001110544
v 1.415625 0.47643875365275834 -10.585255647668872
v 1.415625 0.5624998361074969 -10.583108694704494
v 1.37431875 0.31248543983293997 -9.625000219400157
v 1.268885625 2.868041383544456 -9.62499977745842
v 1.278565625 0.4572337334757317 -10.088620083785976
v 1.223658125 2.396346801659225 -10.098105921255595
v 1.37431875 0.31248543983293997 -9.625000219400157
v 1.156250625 0.30588194638013366 -10.717240663911246
v 1.268885625 2.868041383544456 -9.62499977745842
v 1.156250625 2.8634177890789725 -10.440425594804505
v 1.208299375 0.307457910618703 -10.45654188417296
v 1.156250625 1.1027577012052663 -10.717240663911246
v 1.2053275 0.4534140310321102 -10.455621319532202
v 1.278565625 0.4572337334757317 -10.088620083785976
v 1.223658125 2.396346801659225 -10.098105921255595
v 1.166368125 2.3853278682996475 -10.44355807784516
v 1.156250625 2.3833285238758424 -10.518854343439811
v 1.188358125 0.6121630389423958 -10.556423810607727
v 1.18813 0.45233348348210933 -10.557563578350653
v 1.198798125 0.4526415168736633 -10.504132380255506
v 1.16219875 1.8457749002743729 -10.556338515852248
v 1.186553125 0.7018140141368703 -10.555701235865703
v 1.156250625 2.1249985518545316 -10.55652103779014
v 1.156250625 1.1027577012052663 -10.717240663911246
v 1.156250625 1.102757259263528 -10.779740506475111
v 1.156250625 2.8634177890789725 -10.440425594804505
v 1.15625 1.4152573559663257 -10.842240349038974
v 1.156250625 2.1249985518545316 -10.55652103779014
v 1.156250625 2.3833285238758424 -10.518854343439811
v 1.156250625 2.346718070279909 -10.583791494690077
v 1.156250625 2.1249985518545316 -10.55652103779014
v 1.18813 0.45233348348210933 -10.557563578350653
v 1.156250625 2.346718070279909 -10.583791494690077
v 1.415625 0.47643875365275834 -10.585255647668872
v 1.363836875 2.409173718669949 -10.581511517262488
v 1.415625 0.5624998361074969 -10.583108694704494
v 1.43125 2.0625000351158818 -10.58446678166611
v 1.156250625 2.1249985518545316 -10.55652103779014
v 1.43125 1.872627280289932 -10.584410655065353
v 1.16219875 1.8457749002743729 -10.556338515852248
v 1.43125 0.6209537020577591 -10.58403942400523
v 1.188358125 0.6121630389423958 -10.556423810607727
v 1.43549875 0.7059399822050936 -10.582496163455291
v 1.186553125 0.7018140141368703 -10.555701235865703
v 1.18813 0.45233348348210933 -10.557563578350653
v 1.278565625 0.4572337334757317 -10.088620083785976
v 1.415625 0.47643875365275834 -10.585255647668872
v 1.415625 0.4773739023708776 -10.068190001110544
v 1.198798125 0.4526415168736633 -10.504132380255506
v 1.2053275 0.4534140310321102 -10.455621319532202
v 1.278565625 0.4572337334757317 -10.088620083785976
v 1.223658125 2.396346801659225 -10.098105921255595
v 1.415625 0.4773739023708776 -10.068190001110544
v 1.364346875 2.4120463399685192 -10.068236846934798
v 1.415625 2.062500035115882 -10.067375502486964
v 1.415625 0.5624998361074964 -10.070790386298357
v 1.156250625 2.346718070279909 -10.583791494690077
v 1.223658125 2.396346801659225 -10.098105921255595
v 1.363836875 2.409173718669949 -10.581511517262488
v 1.364346875 2.4120463399685192 -10.068236846934798
v 1.156250625 2.3833285238758424 -10.518854343439811
v 1.166368125 2.3853278682996475 -10.44355807784516
v -0.1875 1.2016704494080703 -9.88117351573885
v -0.1875 0.7844191121985591 -10.01273250014556
v -0.1875 1.1828764350476084 -9.821566181851775
v -0.1875 0.7656250978380974 -9.953125166258486
v -0.625 1.2016704494080703 -9.88117351573885
v -0.625 0.7844191121985591 -10.01273250014556
v -0.625 1.1828764350476084 -9.821566181851775
v -0.625 0.7656250978380974 -9.953125166258486
v -0.625 1.143922806355518 -9.924762229381617
v -0.625 0.7746194960947903 -9.989880576744563
v -0.625 1.1330691592060427 -9.863211677671496
v -0.625 0.7637662908870533 -9.92833046697618
v -0.6875 1.143922806355518 -9.924762229381617
v -0.6875 0.7746194960947903 -9.989880576744563
v -0.6875 1.1330691592060427 -9.863211677671496
v -0.6875 0.7637662908870533 -9.92833046697618
v -0.1875 1.3168298597921115 -9.861410765088161
v -0.1875 1.1937291983136071 -9.883116733561897
v -0.1875 1.3059766545843745 -9.79986065531978
v -0.1875 1.182875551164132 -9.821566181851777
v -0.625 1.3168298597921115 -9.861410765088161
v -0.625 1.1937291983136071 -9.883116733561897
v -0.625 1.3059766545843745 -9.79986065531978
v -0.625 1.182875551164132 -9.821566181851777
v -0.25 1.4335846798512049 -9.856848158582556
v -0.25 1.308703435109325 -9.86230083574898
v -0.25 1.4308578993262542 -9.794407978153354
v -0.25 1.3059770965261128 -9.79986021337804
v -0.5625 1.4335846798512049 -9.856848158582556
v -0.5625 1.308703435109325 -9.86230083574898
v -0.5625 1.4308578993262542 -9.794407978153354
v -0.5625 1.3059770965261128 -9.79986021337804
v -0.1875 0.8281244984602232 -9.953125166258486
v -0.1875 0.8281249404019615 -10.390624948089012
v -0.1875 0.7656250978380974 -9.953125166258486
v -0.1875 0.7656250978380976 -10.390624506147274
v -0.625 0.8281244984602232 -9.953125166258486
v -0.625 0.8281249404019615 -10.390624948089012
v -0.625 0.7656250978380974 -9.953125166258486
v -0.625 0.7656250978380976 -10.390624506147274
v -0.1875 0.7823720380670243 -9.953125166258486
v -0.1875 0.7823724800087626 -10.390624948089012
v -0.1875 0.71987219550316 -9.953124724316748
v -0.1875 0.71987219550316 -10.390624948089012
v -0.625 0.7823720380670243 -9.953125166258486
v -0.625 0.7823724800087626 -10.390624948089012
v -0.625 0.71987219550316 -9.953124724316748
v -0.625 0.71987219550316 -10.390624948089012
v -0.28125 0.7198717535614221 -10.031249858977882
v -0.28125 0.7198717535614219 -10.218749828611212
v -0.28125 0.4073716568586243 -10.03125030091962
v -0.28125 0.4073716568586243 -10.21875027055295
v -0.53125 0.7198717535614221 -10.031249858977882
v -0.53125 0.7198717535614219 -10.218749828611212
v -0.53125 0.4073716568586243 -10.03125030091962
v -0.53125 0.4073716568586243 -10.21875027055295
v -0.25 0.4073716568586243 -9.99999971672508
v -0.25 0.4073716568586243 -10.249999970864014
v -0.25 0.2823719717308957 -9.99999971672508
v -0.25 0.2823719717308957 -10.249999970864014
v -0.5625 0.4073716568586243 -9.99999971672508
v -0.5625 0.4073716568586243 -10.249999970864014
v -0.5625 0.2823719717308957 -9.99999971672508
v -0.5625 0.2823719717308957 -10.249999970864014
v -0.1875 0.8281253823436998 -10.390624506147274
v -0.1875 0.773998567952561 -10.421874648400076
v -0.1875 0.7968752400908987 -10.336498575639611
v -0.1875 0.7427484256997596 -10.367748717892413
v -0.625 0.8281253823436998 -10.390624506147274
v -0.625 0.773998567952561 -10.421874648400076
v -0.625 0.7968752400908987 -10.336498575639611
v -0.625 0.7427484256997596 -10.367748717892413
v -0.1875 0.773998567952561 -10.421874648400076
v -0.1875 0.7198713116196835 -10.390624948089012
v -0.1875 0.805248268263624 -10.367748275950674
v -0.1875 0.7511214538724849 -10.336498133697873
v -0.625 0.773998567952561 -10.421874648400076
v -0.625 0.7198713116196835 -10.390624948089012
v -0.625 0.805248268263624 -10.367748275950674
v -0.625 0.7511214538724849 -10.336498133697873
v -0.125 1.143922806355518 -9.924762229381617
v -0.125 0.7746194960947903 -9.989880576744563
v -0.125 1.1330691592060427 -9.863211677671496
v -0.125 0.7637662908870533 -9.92833046697618
v -0.1875 1.143922806355518 -9.924762229381617
v -0.1875 0.7746194960947903 -9.989880576744563
v -0.1875 1.1330691592060427 -9.863211677671496
v -0.1875 0.7637662908870533 -9.92833046697618
v 1.375 0.3125000239103013 -10.87500016426961
v -1.375 0.3125000239103013 -10.87500016426961
v 1.375 0.3125000239103013 -10.87500016426961
v -1.375 0.3125000239103013 -10.87500016426961
v 1.375 0.31250002391030174 -9.624999777458418
v -1.375 0.31250002391030174 -9.624999777458418
v 1.375 0.31250002391030174 -9.624999777458418
v -1.375 0.31250002391030174 -9.624999777458418
vt 0.29248046875 0.83984375
vt 0.29952421875 0.890625
vt 0.14090546875 0.890625
vt 0.14794921875 0.83984375
vt 0.02734375 0.8794079296875
vt 0 0.88671875
vt 0.007628515625 0.8245201953125
vt 0.02705375 0.8189919531250001
vt 0.02705375 0.8189919531250001
vt 0.007628515625 0.8245201953125
vt 0.0085595703125 0.8169289453124999
vt 0.02734375 0.7854782421875
vt 0.40234375 0.76953125
vt 0.40234375 0.7890625
vt 0.35546875 0.7890625
vt 0.35546875 0.76953125
vt 0.4123375 0.953125
vt 0.41039921875 0.97265625
vt 0.37890625 0.97265625
vt 0.380844140625 0.953125
vt 0.11328125 0.6328125
vt 0.11328125 0.65234375
vt 0.0703125 0.65234375
vt 0.0703125 0.6328125
vt 0.415054296875 0.9296875
vt 0.4169921875 0.94921875
vt 0.385498828125 0.94921875
vt 0.3835609375 0.9296875
vt 0.1796875 0.59375
vt 0.15234375 0.59375
vt 0.15234375 0.578125
vt 0.44921875 0.87109375
vt 0.44921875 0.8828125
vt 0.3046875 0.8828125
vt 0.3046875 0.87109375
vt 0.41796875 0.65625
vt 0.41796875 0.671875
vt 0.37109375 0.671875
vt 0.37109375 0.65625
vt 0.43359375 0.91015625
vt 0.43359375 0.92578125
vt 0.40625 0.92578125
vt 0.2734375 0.96875
vt 0.2734375 0.97265625
vt 0.26015625 0.97265625
vt 0.2578125 0.96875
vt 0.146484375 0.609375
vt 0.144140625 0.61328125
vt 0.1328125 0.61328125
vt 0.1328125 0.609375
vt 0.10546875 0.5546875
vt 0.10546875 0.56640625
vt 0.0859375 0.56640625
vt 0.0859375 0.5546875
vt 0.10546875 0.546875
vt 0.10546875 0.55078125
vt 0.0859375 0.55078125
vt 0.0859375 0.546875
vt 0.27734375 0.58984375
vt 0.27734375 0.59375
vt 0.2578125 0.59375
vt 0.2578125 0.58984375
vt 0.21484375 0.6640625
vt 0.1875 0.6796875
vt 0.14453125 0.6796875
vt 0.1171875 0.6640625
vt 0.42212734375 0.90234375
vt 0.48828125 0.90234375
vt 0.48828125 0.90625
vt 0.4140625 0.90625
vt 0.4731923828125 0.9375
vt 0.4810326171875 0.94140625
vt 0.4535376953125 0.94140625
vt 0.4535376953125 0.9375
vt 0.35546875 0.671875
vt 0.35546875 0.72265625
vt 0.2890625 0.72265625
vt 0.2890625 0.671875
vt 0.3125 0.5859375
vt 0.26171875 0.5859375
vt 0.26171875 0.578125
vt 0.3125 0.578125
vt 0.04296875 0.73046875
vt 0.04296875 0.78125
vt 0 0.78125
vt 0 0.73046875
vt 0.39453125 0.578125
vt 0.4453125 0.578125
vt 0.4453125 0.5859375
vt 0.39453125 0.5859375
vt 0.2109375 0.609375
vt 0.2109375 0.66015625
vt 0.19140625 0.66015625
vt 0.19140625 0.609375
vt 0.31640625 0.515625
vt 0.3203125 0.515625
vt 0.3203125 0.578125
vt 0.31640625 0.578125
vt 0.19921875 0.515625
vt 0.203125 0.515625
vt 0.203125 0.578125
vt 0.19921875 0.578125
vt 0.20703125 0.515625
vt 0.2109375 0.515625
vt 0.2109375 0.578125
vt 0.20703125 0.578125
vt 0.21484375 0.8359375
vt 0.21484375 0.79296875
vt 0.2608296484375 0.83201140625
vt 0.2608296484375 0.83201140625
vt 0.21484375 0.79296875
vt 0.359375 0.79296875
vt 0.343990625 0.83163109375
vt 0.359375 0.79296875
vt 0.359375 0.8359375
vt 0.343990625 0.83163109375
vt 0.359375 0.8359375
vt 0.21484375 0.8359375
vt 0.2608296484375 0.83201140625
vt 0.343990625 0.83163109375
vt 0.046875 0.62109375
vt 0.046875 0.62890625
vt 0.04296875 0.62890625
vt 0.04296875 0.62109375
vt 0.46875 0.72265625
vt 0.46875 0.73046875
vt 0.46484375 0.73046875
vt 0.46484375 0.72265625
vt 0.07421875 0.515625
vt 0.07421875 0.51953125
vt 0.0703125 0.51953125
vt 0.0703125 0.515625
vt 0.484375 0.88671875
vt 0.484375 0.890625
vt 0.48046875 0.890625
vt 0.48046875 0.88671875
vt 0.3515625 0.52734375
vt 0.3515625 0.53515625
vt 0.34765625 0.53515625
vt 0.34765625 0.52734375
vt 0.07421875 0.5234375
vt 0.07421875 0.53125
vt 0.0703125 0.53125
vt 0.0703125 0.5234375
vt 0.265625 0.9765625
vt 0.265625 0.984375
vt 0.26171875 0.984375
vt 0.26171875 0.9765625
vt 0.30859375 0.90625
vt 0.30859375 0.9140625
vt 0.3046875 0.9140625
vt 0.3046875 0.90625
vt 0.484375 0.98046875
vt 0.484375 0.984375
vt 0.48046875 0.984375
vt 0.48046875 0.98046875
vt 0.484375 0.9453125
vt 0.484375 0.94921875
vt 0.48046875 0.94921875
vt 0.48046875 0.9453125
vt 0.31640625 0.734375
vt 0.31640625 0.7421875
vt 0.3125 0.7421875
vt 0.3125 0.734375
vt 0.34765625 0.6328125
vt 0.34765625 0.640625
vt 0.34375 0.640625
vt 0.34375 0.6328125
vt 0.0085595703125 0.8169289453124999
vt 0 0.88671875
vt 0.02734375 0.8794079296875
vt 0.02734375 0.7854782421875
vt 0.3149840234375 0.994621171875
vt 0.315118203125 1
vt 0.3471232421875 1
vt 0.347300625 0.994679609375
vt 0.1712216796875 0.9253046484375
vt 0.140625 0.89557328125
vt 0.30078125 0.89523015625
vt 0.291538203125 0.9247631640625
vt 0.291538203125 0.9247631640625
vt 0.30078125 0.89523015625
vt 0.30078125 0.948228203125
vt 0.2916384375 0.9481540625
vt 0.1406745703125 0.9469299609375
vt 0.140625 0.89557328125
vt 0.1712216796875 0.9253046484375
vt 0.1717969140625 0.9471823046875
vt 0.1721490625 0.9504515234375
vt 0.1406745703125 0.9469299609375
vt 0.1717969140625 0.9471823046875
vt 0.30078125 0.948228203125
vt 0.30078125 0.96484375
vt 0.2918321875 0.953665546875
vt 0.2918330859375 0.9502601953125001
vt 0.2918321875 0.953665546875
vt 0.30078125 0.96484375
vt 0.25176421875 0.9593594140625
vt 0.28200125 0.9524929296875
vt 0.276385 0.952440546875
vt 0.25176421875 0.9593594140625
vt 0.2047502734375 0.9522003125
vt 0.25176421875 0.9593594140625
vt 0.276385 0.952440546875
vt 0.28200125 0.9524929296875
vt 0.2916384375 0.9481540625
vt 0.30078125 0.948228203125
vt 0.2918330859375 0.9502601953125001
vt 0.25176421875 0.9593594140625
vt 0.18726546875 0.9521428515625
vt 0.2047502734375 0.9522003125
vt 0.03125 0.62823765625
vt 0.0267229296875 0.62890625
vt 0.01953125 0.6103318359375001
vt 0.03125 0.569905703125
vt 0.387379453125 0.5779638671875
vt 0.384490234375 0.57883375
vt 0.383216171875 0.5466953125
vt 0.383216171875 0.640625
vt 0.384490234375 0.57883375
vt 0.389978203125 0.5974821484375
vt 0.291538203125 0.9247631640625
vt 0.30078125 0.89523015625
vt 0.2998572265625 0.9244526171875
vt 0.142965546875 0.8954908984375
vt 0.140625 0.89557328125
vt 0.1992102734375 0.9251152734375
vt 0.2049603515625 0.925077421875
vt 0.1589837109375 0.8958778125
vt 0.142965546875 0.8954908984375
vt 0.2049603515625 0.925077421875
vt 0.216972578125 0.9249983203125
vt 0.2387733984375 0.897758828125
vt 0.2961591796875 0.9244769921875
vt 0.2998572265625 0.9244526171875
vt 0.30078125 0.89523015625
vt 0.2387733984375 0.897758828125
vt 0.23177734375 0.89759390625
vt 0.28676234375 0.924538828125
vt 0.2961591796875 0.9244769921875
vt 0.28676234375 0.924538828125
vt 0.23177734375 0.89759390625
vt 0.1589837109375 0.8958778125
vt 0.216972578125 0.9249983203125
vt 0.276536796875 0.895282109375
vt 0.30078125 0.89523015625
vt 0.291538203125 0.9247631640625
vt 0.1712216796875 0.9253046484375
vt 0.140625 0.89557328125
vt 0.2498011328125 0.895339375
vt 0.291538203125 0.9247631640625
vt 0.2498011328125 0.895339375
vt 0.276536796875 0.895282109375
vt 0.291538203125 0.9247631640625
vt 0.1712216796875 0.9253046484375
vt 0.140625 0.89557328125
vt 0.1992102734375 0.9251152734375
vt 0.2998572265625 0.9244526171875
vt 0.1992102734375 0.9251152734375
vt 0.140625 0.89557328125
vt 0.30078125 0.89523015625
vt 0.30078125 0.89523015625
vt 0.291538203125 0.9247631640625
vt 0.2998572265625 0.9244526171875
vt 0.30078125 0.89523015625
vt 0.282559375 0.8952691796875
vt 0.291538203125 0.9247631640625
vt 0.282559375 0.8952691796875
vt 0.2624273828125 0.89531234375
vt 0.291538203125 0.9247631640625
vt 0.2624273828125 0.89531234375
vt 0.140625 0.89557328125
vt 0.1712216796875 0.9253046484375
vt 0.291538203125 0.9247631640625
vt 0.0426640625 0.4453125390625
vt 0.01033140625 0.445312578125
vt 0.01052609375 0.46721675781250005
vt 0.04260640625 0.46739058593750005
vt 0.1830755859375 0.7421875
vt 0.15099859375 0.7421875
vt 0.15097078125 0.8359375
vt 0.183234375 0.8359375
vt 0.01052609375 0.46721675781250005
vt 0.01033140625 0.445312578125
vt 0.0426640625 0.4453125390625
vt 0.04260640625 0.46739058593750005
vt 0.15097078125 0.8359375
vt 0.15099859375 0.7421875
vt 0.1830755859375 0.7421875
vt 0.183234375 0.8359375
vt 0.3471232421875 1
vt 0.315118203125 1
vt 0.3149840234375 0.994621171875
vt 0.347300625 0.994679609375
vt 0.30078125 0.89523015625
vt 0.140625 0.89557328125
vt 0.1712216796875 0.9253046484375
vt 0.291538203125 0.9247631640625
vt 0.30078125 0.948228203125
vt 0.30078125 0.89523015625
vt 0.291538203125 0.9247631640625
vt 0.2916384375 0.9481540625
vt 0.1712216796875 0.9253046484375
vt 0.140625 0.89557328125
vt 0.1406745703125 0.9469299609375
vt 0.1717969140625 0.9471823046875
vt 0.1406745703125 0.9469299609375
vt 0.1721490625 0.9504515234375
vt 0.1717969140625 0.9471823046875
vt 0.2918321875 0.953665546875
vt 0.30078125 0.96484375
vt 0.30078125 0.948228203125
vt 0.2918330859375 0.9502601953125001
vt 0.25176421875 0.9593594140625
vt 0.30078125 0.96484375
vt 0.2918321875 0.953665546875
vt 0.28200125 0.9524929296875
vt 0.25176421875 0.9593594140625
vt 0.276385 0.952440546875
vt 0.2047502734375 0.9522003125
vt 0.276385 0.952440546875
vt 0.25176421875 0.9593594140625
vt 0.28200125 0.9524929296875
vt 0.30078125 0.948228203125
vt 0.2916384375 0.9481540625
vt 0.2918330859375 0.9502601953125001
vt 0.18726546875 0.9521428515625
vt 0.25176421875 0.9593594140625
vt 0.2047502734375 0.9522003125
vt 0.01953125 0.6103318359375001
vt 0.0267229296875 0.62890625
vt 0.03125 0.62823765625
vt 0.03125 0.569905703125
vt 0.384490234375 0.57883375
vt 0.387379453125 0.5779638671875
vt 0.383216171875 0.5466953125
vt 0.384490234375 0.57883375
vt 0.383216171875 0.640625
vt 0.389978203125 0.5974821484375
vt 0.30078125 0.89523015625
vt 0.291538203125 0.9247631640625
vt 0.2998572265625 0.9244526171875
vt 0.1992102734375 0.9251152734375
vt 0.140625 0.89557328125
vt 0.142965546875 0.8954908984375
vt 0.2049603515625 0.925077421875
vt 0.2049603515625 0.925077421875
vt 0.142965546875 0.8954908984375
vt 0.1589837109375 0.8958778125
vt 0.216972578125 0.9249983203125
vt 0.2998572265625 0.9244526171875
vt 0.2961591796875 0.9244769921875
vt 0.2387733984375 0.897758828125
vt 0.30078125 0.89523015625
vt 0.28676234375 0.924538828125
vt 0.23177734375 0.89759390625
vt 0.2387733984375 0.897758828125
vt 0.2961591796875 0.9244769921875
vt 0.1589837109375 0.8958778125
vt 0.23177734375 0.89759390625
vt 0.28676234375 0.924538828125
vt 0.216972578125 0.9249983203125
vt 0.30078125 0.89523015625
vt 0.276536796875 0.895282109375
vt 0.291538203125 0.9247631640625
vt 0.2498011328125 0.895339375
vt 0.140625 0.89557328125
vt 0.1712216796875 0.9253046484375
vt 0.291538203125 0.9247631640625
vt 0.276536796875 0.895282109375
vt 0.2498011328125 0.895339375
vt 0.291538203125 0.9247631640625
vt 0.140625 0.89557328125
vt 0.1712216796875 0.9253046484375
vt 0.1992102734375 0.9251152734375
vt 0.140625 0.89557328125
vt 0.1992102734375 0.9251152734375
vt 0.2998572265625 0.9244526171875
vt 0.30078125 0.89523015625
vt 0.291538203125 0.9247631640625
vt 0.30078125 0.89523015625
vt 0.2998572265625 0.9244526171875
vt 0.282559375 0.8952691796875
vt 0.30078125 0.89523015625
vt 0.291538203125 0.9247631640625
vt 0.2624273828125 0.89531234375
vt 0.282559375 0.8952691796875
vt 0.291538203125 0.9247631640625
vt 0.1712216796875 0.9253046484375
vt 0.140625 0.89557328125
vt 0.2624273828125 0.89531234375
vt 0.291538203125 0.9247631640625
vt 0.02734375 0.96875
vt 0.02734375 0.97265625
vt 0 0.97265625
vt 0 0.96875
vt 0.08203125 0.96875
vt 0.08203125 0.97265625
vt 0.0546875 0.97265625
vt 0.0546875 0.96875
vt 0.02734375 1
vt 0.02734375 0.97265625
vt 0.0546875 0.97265625
vt 0.0546875 1
vt 0.0546875 0.97265625
vt 0.0546875 1
vt 0.08203125 1
vt 0.08203125 0.97265625
vt 0.109375 0.96875
vt 0.109375 0.97265625
vt 0.08203125 0.97265625
vt 0.08203125 0.96875
vt 0.0546875 0.96875
vt 0.0546875 0.97265625
vt 0.02734375 0.97265625
vt 0.02734375 0.96875
vt 0.08203125 0.91015625
vt 0.08203125 0.9140625
vt 0.05859375 0.9140625
vt 0.05859375 0.91015625
vt 0.109375 0.91015625
vt 0.109375 0.9140625
vt 0.0859375 0.9140625
vt 0.0859375 0.91015625
vt 0.08203125 0.9375
vt 0.08203125 0.9140625
vt 0.0859375 0.9140625
vt 0.0859375 0.9375
vt 0.0859375 0.9140625
vt 0.0859375 0.9375
vt 0.08984375 0.9375
vt 0.08984375 0.9140625
vt 0.11328125 0.91015625
vt 0.11328125 0.9140625
vt 0.109375 0.9140625
vt 0.109375 0.91015625
vt 0.0859375 0.91015625
vt 0.0859375 0.9140625
vt 0.08203125 0.9140625
vt 0.08203125 0.91015625
vt 0.08203125 0.953125
vt 0.08203125 0.95703125
vt 0.07421875 0.95703125
vt 0.07421875 0.953125
vt 0.1171875 0.953125
vt 0.1171875 0.95703125
vt 0.109375 0.95703125
vt 0.109375 0.953125
vt 0.08203125 0.96484375
vt 0.08203125 0.95703125
vt 0.109375 0.95703125
vt 0.109375 0.96484375
vt 0.109375 0.95703125
vt 0.109375 0.96484375
vt 0.13671875 0.96484375
vt 0.13671875 0.95703125
vt 0.14453125 0.953125
vt 0.14453125 0.95703125
vt 0.1171875 0.95703125
vt 0.1171875 0.953125
vt 0.109375 0.953125
vt 0.109375 0.95703125
vt 0.08203125 0.95703125
vt 0.08203125 0.953125
vt 0.0078125 0.890625
vt 0.0078125 0.89453125
vt 0 0.89453125
vt 0 0.890625
vt 0.03515625 0.890625
vt 0.03515625 0.89453125
vt 0.02734375 0.89453125
vt 0.02734375 0.890625
vt 0.0078125 0.90234375
vt 0.0078125 0.89453125
vt 0.02734375 0.89453125
vt 0.02734375 0.90234375
vt 0.02734375 0.89453125
vt 0.02734375 0.90234375
vt 0.046875 0.90234375
vt 0.046875 0.89453125
vt 0.0546875 0.890625
vt 0.0546875 0.89453125
vt 0.03515625 0.89453125
vt 0.03515625 0.890625
vt 0.02734375 0.890625
vt 0.02734375 0.89453125
vt 0.0078125 0.89453125
vt 0.0078125 0.890625
vt 0.02734375 0.96875
vt 0.02734375 0.97265625
vt 0 0.97265625
vt 0 0.96875
vt 0.08203125 0.96875
vt 0.08203125 0.97265625
vt 0.0546875 0.97265625
vt 0.0546875 0.96875
vt 0.02734375 1
vt 0.02734375 0.97265625
vt 0.0546875 0.97265625
vt 0.0546875 1
vt 0.0546875 0.97265625
vt 0.0546875 1
vt 0.08203125 1
vt 0.08203125 0.97265625
vt 0.109375 0.96875
vt 0.109375 0.97265625
vt 0.08203125 0.97265625
vt 0.08203125 0.96875
vt 0.0546875 0.96875
vt 0.0546875 0.97265625
vt 0.02734375 0.97265625
vt 0.02734375 0.96875
vt 0.02734375 0.96875
vt 0.02734375 0.97265625
vt 0 0.97265625
vt 0 0.96875
vt 0.08203125 0.96875
vt 0.08203125 0.97265625
vt 0.0546875 0.97265625
vt 0.0546875 0.96875
vt 0.02734375 1
vt 0.02734375 0.97265625
vt 0.0546875 0.97265625
vt 0.0546875 1
vt 0.0546875 0.97265625
vt 0.0546875 1
vt 0.08203125 1
vt 0.08203125 0.97265625
vt 0.109375 0.96875
vt 0.109375 0.97265625
vt 0.08203125 0.97265625
vt 0.08203125 0.96875
vt 0.0546875 0.96875
vt 0.0546875 0.97265625
vt 0.02734375 0.97265625
vt 0.02734375 0.96875
vt 0.01171875 0.90625
vt 0.01171875 0.92578125
vt 0 0.92578125
vt 0 0.90625
vt 0.0390625 0.90625
vt 0.0390625 0.92578125
vt 0.02734375 0.92578125
vt 0.02734375 0.90625
vt 0.01171875 0.9375
vt 0.01171875 0.92578125
vt 0.02734375 0.92578125
vt 0.02734375 0.9375
vt 0.02734375 0.92578125
vt 0.02734375 0.9375
vt 0.04296875 0.9375
vt 0.04296875 0.92578125
vt 0.0546875 0.90625
vt 0.0546875 0.92578125
vt 0.0390625 0.92578125
vt 0.0390625 0.90625
vt 0.02734375 0.90625
vt 0.02734375 0.92578125
vt 0.01171875 0.92578125
vt 0.01171875 0.90625
vt 0.015625 0.94140625
vt 0.015625 0.94921875
vt 0 0.94921875
vt 0 0.94140625
vt 0.05078125 0.94140625
vt 0.05078125 0.94921875
vt 0.03515625 0.94921875
vt 0.03515625 0.94140625
vt 0.015625 0.96484375
vt 0.015625 0.94921875
vt 0.03515625 0.94921875
vt 0.03515625 0.96484375
vt 0.03515625 0.94921875
vt 0.03515625 0.96484375
vt 0.0546875 0.96484375
vt 0.0546875 0.94921875
vt 0.0703125 0.94140625
vt 0.0703125 0.94921875
vt 0.05078125 0.94921875
vt 0.05078125 0.94140625
vt 0.03515625 0.94140625
vt 0.03515625 0.94921875
vt 0.015625 0.94921875
vt 0.015625 0.94140625
vt 0.078125 0.94140625
vt 0.078125 0.9453125
vt 0.07421875 0.9453125
vt 0.07421875 0.94140625
vt 0.109375 0.94140625
vt 0.109375 0.9453125
vt 0.10546875 0.9453125
vt 0.10546875 0.94140625
vt 0.078125 0.94921875
vt 0.078125 0.9453125
vt 0.10546875 0.9453125
vt 0.10546875 0.94921875
vt 0.10546875 0.9453125
vt 0.10546875 0.94921875
vt 0.1328125 0.94921875
vt 0.1328125 0.9453125
vt 0.13671875 0.94140625
vt 0.13671875 0.9453125
vt 0.109375 0.9453125
vt 0.109375 0.94140625
vt 0.10546875 0.94140625
vt 0.10546875 0.9453125
vt 0.078125 0.9453125
vt 0.078125 0.94140625
vt 0.0625 0.8984375
vt 0.0625 0.90234375
vt 0.05859375 0.90234375
vt 0.05859375 0.8984375
vt 0.09375 0.8984375
vt 0.09375 0.90234375
vt 0.08984375 0.90234375
vt 0.08984375 0.8984375
vt 0.0625 0.90625
vt 0.0625 0.90234375
vt 0.08984375 0.90234375
vt 0.08984375 0.90625
vt 0.08984375 0.90234375
vt 0.08984375 0.90625
vt 0.1171875 0.90625
vt 0.1171875 0.90234375
vt 0.12109375 0.8984375
vt 0.12109375 0.90234375
vt 0.09375 0.90234375
vt 0.09375 0.8984375
vt 0.08984375 0.8984375
vt 0.08984375 0.90234375
vt 0.0625 0.90234375
vt 0.0625 0.8984375
vt 0.08203125 0.91015625
vt 0.08203125 0.9140625
vt 0.05859375 0.9140625
vt 0.05859375 0.91015625
vt 0.109375 0.91015625
vt 0.109375 0.9140625
vt 0.0859375 0.9140625
vt 0.0859375 0.91015625
vt 0.08203125 0.9375
vt 0.08203125 0.9140625
vt 0.0859375 0.9140625
vt 0.0859375 0.9375
vt 0.0859375 0.9140625
vt 0.0859375 0.9375
vt 0.08984375 0.9375
vt 0.08984375 0.9140625
vt 0.11328125 0.91015625
vt 0.11328125 0.9140625
vt 0.109375 0.9140625
vt 0.109375 0.91015625
vt 0.0859375 0.91015625
vt 0.0859375 0.9140625
vt 0.08203125 0.9140625
vt 0.08203125 0.91015625
vt 0 0.828125
vt 0 1
vt 0 1
vt 0 0.828125
vt 0 1
vt 0 0.828125
vt 0 0.828125
vt 0 1
vt 0.05859375 0.89453125
vt 0.13671875 0.89453125
vt 0.13671875 0.72265625
vt 0.05859375 0.72265625
vt 0 1
vt 0.078125 1
vt 0.078125 1
vt 0 1
vt 0.078125 1
vt 0 1
vt 0 1
vt 0.078125 1
vn 0 -0.9999843007667387 0.005603411465970432
vn 0.9999999999997725 6.747202506230545e-7 6.815707179706507e-13
vn 0.9999999999869563 -0.000004731551306863484 -0.000001923486686615341
vn 0 0.19611560177268872 0.9805807823638684
vn -0.48882413538711456 0.17108778955416115 0.8554413673236237
vn 0 0.19611560177268927 0.9805807823638684
vn 0.48882413538711467 0.17108778955416157 0.8554413673236239
vn 0 1 -1.1102230246251565e-16
vn 0 1 5.551115123125783e-16
vn 0 1 -2.220446049250313e-16
vn 0 1 -1.1102230246251565e-16
vn 1 0 0
vn -1 0 0
vn 0 1 -5.551115123125783e-16
vn 0 0.4472157036891341 0.8944261369022222
vn 0 -0.000005892578296362583 -0.9999999999826389
vn 0 1 4.440892098500626e-16
vn 0 1 -1.27675647831893e-15
vn 0 1 -1.27675647831893e-15
vn 0 1.1102230246251565e-16 1
vn -0.43592597846318165 5.551115123125783e-17 0.8999825227752579
vn 0 1.1102230246251565e-16 1
vn 0.44594116506899795 1.6653345369377353e-16 0.8950622756528761
vn 0 0 1
vn 0 -0.3826836390289994 0.9238794469082655
vn 0 -0.3826836390289994 0.9238794469082654
vn 0 -0.3826836390289994 0.9238794469082655
vn 0.20874514558718466 -0.642311434185527 0.7374696507032114
vn 0 -0.3864130401660618 0.9223258439345725
vn -0.5378708745624242 -0.5536836437534418 0.6357116838137904
vn 0 -0.9721643733782712 0.2342998743790391
vn 1 0 0
vn -1 0 0
vn 0 0.9816264651412241 0.19081269070568957
vn 0 -0.9816264651412245 -0.19081269070568818
vn 0 -0.19080862168056806 0.9816272560867296
vn 0 0.19080862168056856 -0.9816272560867296
vn 1 0 0
vn -1 0 0
vn 0 0.9816264651412241 0.19081269070568957
vn 0 -0.9816264651412245 -0.19081269070568818
vn 0 -0.19080862168056806 0.9816272560867296
vn 0 0.19080862168056856 -0.9816272560867296
vn -1 0 0
vn 1 0 0
vn 0.9899547769316517 -0.04084202727678265 0.1353568189568835
vn 0.9804011937860301 -0.02119759062011549 0.19586771396743574
vn 0.9896683250264064 -0.042461353451558895 0.13694392977598188
vn 0.990779706726611 -0.02184329445809652 0.13371029588609815
vn 0.9806464505166195 -0.0000020308328281259946 0.19578697373684306
vn 0.9806468081371096 1.3877787807814457e-17 0.19578518251006458
vn 0.990800262966267 -0.02101918294971824 0.13369006266025374
vn 0.9908023011476207 -0.021025845391798408 0.13367390869627382
vn 0.9908000398809098 -0.021017316686799604 0.13369200937705428
vn 0.9908003771769894 -0.021019004802601413 0.1336892442309556
vn 0.999999999998 -0.0000019999965526011966 1.4142146873026478e-11
vn 1 0 0
vn 0.999999999998575 2.0608349623455272e-7 0.000001675539713478393
vn -0.12338077094782053 -0.024748541879789136 0.9920507522476589
vn 0.047575534599846904 0.12193715643103648 0.9913969428987826
vn -0.10173378380719297 0.002817452898475181 0.9948076694474346
vn -0.1134739686206926 -0.014514211016247058 0.9934349481088562
vn -0.1071096750119156 -0.005856852006895785 0.9942299607250886
vn -0.10696873730235579 0.0028311961806964936 0.9942583535319812
vn 0.10355896745862955 0.9945110550506231 0.014943280797713902
vn 0.1481687428868977 0.9887741961313414 0.01927725852231788
vn 0.10950020782404227 0.9939861746191021 -0.0010904827258647054
vn -0.20464890621640888 0.02761074305682948 -0.9784459474351547
vn -0.1618770959087634 0.0022465569867042845 -0.9868083698478903
vn -0.1517010155952447 -0.030179886822960633 -0.9879655744502056
vn -0.24862928878179488 -0.8437440319133908 0.47568843308450753
vn -0.12632706153850243 -0.9919444422509227 0.009364668203054094
vn -0.10799800918185828 -0.9940553662484695 0.013797059301779158
vn 0.9890252884917089 -0.14774633235343734 2.775557561562892e-17
vn 1 0 0
vn -0.9890252884917089 -0.14774633235343734 1.387778780781446e-17
vn -1 0 0
vn -1 0 0
vn -0.9899547769316517 -0.040842027276782635 0.13535681895688348
vn -0.9804011937860302 -0.021197590620115506 0.19586771396743574
vn -0.9896683250264064 -0.04246135345155887 0.13694392977598185
vn -0.990779706726611 -0.02184329445809652 0.13371029588609815
vn -0.9806464505166195 -0.0000020308328281398724 0.19578697373684306
vn -0.9806468081371096 1.3877787807814457e-17 0.19578518251006458
vn -0.9908002629662671 -0.021019182949718235 0.13369006266025382
vn -0.9908023011476207 -0.02102584539179833 0.13367390869627377
vn -0.9908000398809098 -0.021017316686799625 0.1336920093770543
vn -0.9908003771769894 -0.02101900480260142 0.13368924423095563
vn -0.999999999998 -0.0000019999965526011974 1.4142146872602962e-11
vn -1 0 0
vn -0.999999999998575 2.0608349623455314e-7 0.0000016755397134783926
vn 0.12338077094782056 -0.02474854187978915 0.992050752247659
vn -0.047575534599846855 0.12193715643103636 0.9913969428987826
vn 0.10173378380719292 0.00281745289847507 0.9948076694474346
vn 0.1134739686206926 -0.014514211016247058 0.9934349481088562
vn 0.10710967501191566 -0.005856852006895842 0.9942299607250887
vn 0.10696873730235587 0.0028311961806965487 0.9942583535319811
vn -0.10355896745862951 0.9945110550506231 0.014943280797713732
vn -0.14816874288689777 0.9887741961313414 0.019277258522317875
vn -0.10950020782404225 0.9939861746191023 -0.0010904827258647056
vn 0.20464890621640883 0.02761074305682959 -0.9784459474351546
vn 0.16187709590876317 0.0022465569867043396 -0.9868083698478902
vn 0.15170101559524468 -0.030179886822960633 -0.9879655744502056
vn 0.24862928878179488 -0.8437440319133908 0.47568843308450753
vn 0.1263270615385024 -0.9919444422509227 0.009364668203054094
vn 0.10799800918185808 -0.9940553662484694 0.01379705930177938
vn 1 0 0
vn -1 0 0
vn 0 0.30070609706834733 -0.9537168569265837
vn 0 -0.3007060970683472 0.9537168569265837
vn 0 0.9537174363250833 0.30070425944690343
vn 0 -0.9537174363250838 -0.30070425944690277
vn 1 0 0
vn -1 0 0
vn 0 0.173648720001808 -0.9848076573837827
vn 0 -0.1736500645138621 0.9848074203083219
vn 0 0.984806045042592 0.1736578637654182
vn 0 -0.984807041078333 -0.17365221519617519
vn 1 0 0
vn -1 0 0
vn 0 0.1736481816395571 -0.9848077523117269
vn 0 -0.1736441481031618 0.9848084635245207
vn 0 0.984807041078333 0.17365221519617563
vn 0 -0.9848060450425922 -0.1736578637654175
vn 1 0 0
vn -1 0 0
vn 0 0.043621337798865116 -0.9990481364221833
vn 0 -0.04361796306383071 0.9990482837671875
vn 0 0.9990478147826305 0.043628703602685226
vn 0 -0.9990481364221834 -0.0436213377988654
vn 1 0 0
vn -1 0 0
vn 0 0.99999999999949 0.0000010101530484862844
vn 0 -1 1.1102230246251565e-16
vn 0 1.3877787807814457e-15 1
vn 0 -0.000007071085623533426 -0.999999999975
vn 1 0 0
vn -1 0 0
vn 0 0.99999999999949 0.0000010101530482087286
vn 0 -1 -1.1102230246251565e-16
vn 0 0.000007071085623533426 0.999999999975
vn 0 -2.220446049250313e-16 -1
vn 1 0 0
vn -1 0 0
vn 0 1 -1.1102230246251565e-16
vn 0 -1 4.996003610813203e-16
vn 0 -0.0000014142131249950118 0.9999999999990001
vn 0 0.0000014142131242733669 -0.9999999999990001
vn 1 0 0
vn -1 0 0
vn 0 1 -7.771561172376094e-16
vn 0 -1 -1.1102230246251565e-15
vn 0 1.3877787807814453e-15 1
vn 0 -2.220446049250313e-16 -1
vn 1 0 0
vn -1 0 0
vn 0 0.5000001367238112 -0.866025324846895
vn 0 -0.5000001367238112 0.866025324846895
vn 0 0.8660217892612306 0.500006260485583
vn 0 -0.8660217892612306 -0.500006260485583
vn 1 0 0
vn -1 0 0
vn 0 -0.49999177159530017 -0.8660301544039868
vn 0 0.5000001367238114 0.8660253248468951
vn 0 0.8660266189457743 -0.499997895272921
vn 0 -0.8660253248468951 0.5000001367238114
vn 1 0 0
vn -1 0 0
vn 0 0.173648720001808 -0.9848076573837827
vn 0 -0.1736500645138621 0.9848074203083219
vn 0 0.984806045042592 0.1736578637654182
vn 0 -0.984807041078333 -0.17365221519617519
vn 0 0 0
vn 0 0 0
vn 0 1 -2.220446049250313e-16
vn 0 0 0
vn 0 0 0
usemtl m_0b768edf-d2c8-78c2-bb77-9115218969b8
f 25/25/7 26/26/7 28/27/7 27/28/7
f 29/29/8 30/30/8 33/31/8 34/32/8
f 34/33/9 33/34/9 32/35/9 31/36/9
f 35/37/10 36/38/10 38/39/10 37/40/10
f 39/41/11 40/42/11 42/43/11 41/44/11
f 43/45/12 44/46/12 46/47/12 45/48/12
f 47/49/13 48/50/13 50/51/13 49/52/13
f 51/53/14 53/54/14 52/55/14
f 54/56/15 55/57/15 57/58/15 56/59/15
f 58/60/16 59/61/16 61/62/16 60/63/16
f 62/64/17 63/65/17 64/66/17
f 68/67/18 66/68/18 65/69/18 67/70/18
f 71/71/19 69/72/19 70/73/19 72/74/19
f 65/75/20 66/76/20 70/77/20 69/78/20
f 67/79/21 65/80/21 69/81/21 71/82/21
f 72/83/22 70/84/22 66/85/22 68/86/22
f 73/87/23 74/88/23 76/89/23 75/90/23
f 82/91/24 77/92/24 78/93/24 81/94/24
f 84/95/25 83/96/25 80/97/25 79/98/25
f 85/99/26 86/100/26 88/101/26 87/102/26
f 89/103/27 90/104/27 92/105/27 91/106/27
f 93/107/28 94/108/28 96/109/28 95/110/28
f 97/111/29 98/112/29 100/113/29 99/114/29
f 101/115/30 102/116/30 104/117/30 103/118/30
f 108/119/31 106/120/31 105/121/31 107/122/31
f 112/123/32 110/124/32 109/125/32 111/126/32
f 116/127/33 114/128/33 113/129/33 115/130/33
f 117/131/34 118/132/34 122/133/34
f 122/134/35 118/135/35 120/136/35 121/137/35
f 120/138/36 119/139/36 121/140/36
f 119/141/37 117/142/37 122/143/37 121/144/37
f 126/145/38 124/146/38 123/147/38 125/148/38
f 129/149/39 127/150/39 128/151/39 130/152/39
f 123/153/40 124/154/40 128/155/40 127/156/40
f 126/157/41 125/158/41 129/159/41 130/160/41
f 125/161/42 123/162/42 127/163/42 129/164/42
f 130/165/43 128/166/43 124/167/43 126/168/43
f 134/169/44 132/170/44 131/171/44 133/172/44
f 137/173/45 135/174/45 136/175/45 138/176/45
f 131/177/46 132/178/46 136/179/46 135/180/46
f 134/181/47 133/182/47 137/183/47 138/184/47
f 133/185/48 131/186/48 135/187/48 137/188/48
f 138/189/49 136/190/49 132/191/49 134/192/49
f 142/193/50 140/194/50 139/195/50 141/196/50
f 145/197/51 146/198/51 143/199/51 144/200/51
f 150/201/52 148/202/52 147/203/52 149/204/52
f 158/205/53 151/206/53 155/207/53 157/208/53
f 154/209/54 153/210/54 159/211/54 160/212/54
f 161/213/55 154/214/55 160/215/55
f 155/216/56 152/217/56 163/218/56 164/219/56
f 163/220/57 152/221/57 156/222/57 162/223/57
f 166/224/58 156/225/58 165/226/58
f 156/227/59 166/228/59 162/229/59
f 157/230/60 155/231/60 164/232/60
f 156/233/61 167/234/61 165/235/61
f 168/236/62 169/237/62 171/238/62 172/239/62
f 173/240/63 174/241/63 170/242/63
f 171/243/64 174/244/64 175/245/64
f 178/246/65 176/247/65 180/248/65
f 182/249/66 177/250/66 179/251/66 181/252/66
f 184/253/67 182/254/67 181/255/67 183/256/67
f 186/257/68 185/258/68 180/259/68 176/260/68
f 186/261/69 188/262/69 187/263/69 185/264/69
f 187/265/70 188/266/70 184/267/70 183/268/70
f 193/269/71 189/270/71 191/271/71
f 192/272/72 190/273/72 194/274/72 191/275/72
f 194/276/73 193/277/73 191/278/73
f 198/279/74 196/280/74 199/281/74
f 200/282/75 199/283/75 196/284/75 195/285/75
f 195/286/76 197/287/76 200/288/76
f 201/289/77 205/290/77 203/291/77
f 205/292/78 206/293/78 203/294/78
f 206/295/79 202/296/79 204/297/79 203/298/79
f 210/299/80 209/300/80 208/301/80 207/302/80
f 211/303/81 214/304/81 213/305/81 212/306/81
f 216/307/82 217/308/82 218/309/82 215/310/82
f 221/311/83 222/312/83 219/313/83 220/314/83
f 223/315/84 226/316/84 225/317/84 224/318/84
f 227/319/85 228/320/85 230/321/85 229/322/85
f 235/323/86 231/324/86 238/325/86 237/326/86
f 239/327/87 233/328/87 234/329/87 240/330/87
f 234/331/88 241/332/88 240/333/88
f 243/334/89 232/335/89 235/336/89 244/337/89
f 236/338/90 232/339/90 243/340/90 242/341/90
f 236/342/91 246/343/91 245/344/91
f 246/345/92 236/346/92 242/347/92
f 235/348/93 237/349/93 244/350/93
f 247/351/94 236/352/94 245/353/94
f 251/354/95 249/355/95 248/356/95 252/357/95
f 254/358/96 253/359/96 250/360/96
f 254/361/97 251/362/97 255/363/97
f 256/364/98 258/365/98 260/366/98
f 259/367/99 257/368/99 262/369/99 261/370/99
f 261/371/100 262/372/100 264/373/100 263/374/100
f 260/375/101 265/376/101 266/377/101 256/378/101
f 267/379/102 268/380/102 266/381/102 265/382/102
f 264/383/103 268/384/103 267/385/103 263/386/103
f 269/387/104 273/388/104 271/389/104
f 274/390/105 270/391/105 272/392/105 271/393/105
f 273/394/106 274/395/106 271/396/106
f 276/397/107 278/398/107 279/399/107
f 276/400/108 279/401/108 280/402/108 275/403/108
f 277/404/109 275/405/109 280/406/109
f 285/407/110 281/408/110 283/409/110
f 286/410/111 285/411/111 283/412/111
f 284/413/112 282/414/112 286/415/112 283/416/112
f 290/417/113 288/418/113 287/419/113 289/420/113
f 293/421/114 291/422/114 292/423/114 294/424/114
f 287/425/115 288/426/115 292/427/115 291/428/115
f 290/429/116 289/430/116 293/431/116 294/432/116
f 289/433/117 287/434/117 291/435/117 293/436/117
f 294/437/118 292/438/118 288/439/118 290/440/118
f 298/441/119 296/442/119 295/443/119 297/444/119
f 301/445/120 299/446/120 300/447/120 302/448/120
f 295/449/121 296/450/121 300/451/121 299/452/121
f 298/453/122 297/454/122 301/455/122 302/456/122
f 297/457/123 295/458/123 299/459/123 301/460/123
f 302/461/124 300/462/124 296/463/124 298/464/124
f 306/465/125 304/466/125 303/467/125 305/468/125
f 309/469/126 307/470/126 308/471/126 310/472/126
f 303/473/127 304/474/127 308/475/127 307/476/127
f 306/477/128 305/478/128 309/479/128 310/480/128
f 305/481/129 303/482/129 307/483/129 309/484/129
f 310/485/130 308/486/130 304/487/130 306/488/130
f 314/489/131 312/490/131 311/491/131 313/492/131
f 317/493/132 315/494/132 316/495/132 318/496/132
f 311/497/133 312/498/133 316/499/133 315/500/133
f 314/501/134 313/502/134 317/503/134 318/504/134
f 313/505/135 311/506/135 315/507/135 317/508/135
f 318/509/136 316/510/136 312/511/136 314/512/136
f 322/513/137 320/514/137 319/515/137 321/516/137
f 325/517/138 323/518/138 324/519/138 326/520/138
f 319/521/139 320/522/139 324/523/139 323/524/139
f 322/525/140 321/526/140 325/527/140 326/528/140
f 321/529/141 319/530/141 323/531/141 325/532/141
f 326/533/142 324/534/142 320/535/142 322/536/142
f 330/537/143 328/538/143 327/539/143 329/540/143
f 333/541/144 331/542/144 332/543/144 334/544/144
f 327/545/145 328/546/145 332/547/145 331/548/145
f 330/549/146 329/550/146 333/551/146 334/552/146
f 329/553/147 327/554/147 331/555/147 333/556/147
f 334/557/148 332/558/148 328/559/148 330/560/148
f 338/561/149 336/562/149 335/563/149 337/564/149
f 341/565/150 339/566/150 340/567/150 342/568/150
f 335/569/151 336/570/151 340/571/151 339/572/151
f 338/573/152 337/574/152 341/575/152 342/576/152
f 337/577/153 335/578/153 339/579/153 341/580/153
f 342/581/154 340/582/154 336/583/154 338/584/154
f 346/585/155 344/586/155 343/587/155 345/588/155
f 349/589/156 347/590/156 348/591/156 350/592/156
f 343/593/157 344/594/157 348/595/157 347/596/157
f 346/597/158 345/598/158 349/599/158 350/600/158
f 345/601/159 343/602/159 347/603/159 349/604/159
f 350/605/160 348/606/160 344/607/160 346/608/160
f 354/609/161 352/610/161 351/611/161 353/612/161
f 357/613/162 355/614/162 356/615/162 358/616/162
f 351/617/163 352/618/163 356/619/163 355/620/163
f 354/621/164 353/622/164 357/623/164 358/624/164
f 353/625/165 351/626/165 355/627/165 357/628/165
f 358/629/166 356/630/166 352/631/166 354/632/166
f 362/633/167 360/634/167 359/635/167 361/636/167
f 365/637/168 363/638/168 364/639/168 366/640/168
f 359/641/169 360/642/169 364/643/169 363/644/169
f 362/645/170 361/646/170 365/647/170 366/648/170
f 361/649/171 359/650/171 363/651/171 365/652/171
f 366/653/172 364/654/172 360/655/172 362/656/172
f 370/657/173 368/658/173 367/659/173 369/660/173
f 373/661/174 371/662/174 372/663/174 374/664/174
f 367/665/175 368/666/175 372/667/175 371/668/175
f 370/669/176 369/670/176 373/671/176 374/672/176
f 369/673/177 367/674/177 371/675/177 373/676/177
f 374/677/178 372/678/178 368/679/178 370/680/178
f 375/681/179 376/682/179 378/683/179 377/684/179
f 380/685/180 379/686/180 381/687/180 382/688/180
f 381/689/181 377/690/181 378/691/181 382/692/181
f 379/693/182 375/694/182 377/695/182 381/696/182
f 376/697/183 380/698/183 382/699/183 378/700/183
o car1_lights_red
v -0.865605 0.6705224999999999 -11.55763875
v -0.8919775 0.6968949999999999 -11.55763875
v -0.8125 0.7499999999999999 -11.55763875
v -0.831148125 0.6562499999999999 -11.55763875
v -0.793851875 0.6562499999999999 -11.55763875
v -0.759395 0.6705224999999999 -11.55763875
v -0.71875 0.7313518749999999 -11.55763875
v -0.7330225 0.6968949999999999 -11.55763875
v -0.7330225 0.8031049999999998 -11.55763875
v -0.71875 0.7686481249999999 -11.55763875
v -0.759395 0.8294774999999999 -11.55763875
v -0.793851875 0.8437499999999999 -11.55763875
v -0.831148125 0.8437499999999999 -11.55763875
v -0.865605 0.8294774999999999 -11.55763875
v -0.8919775 0.8031049999999998 -11.55763875
v -0.90625 0.7686481249999999 -11.55763875
v -0.90625 0.7313518749999999 -11.55763875
v 0.865605 0.6705224999999999 -11.55763875
v 0.8919775000000001 0.6968949999999999 -11.55763875
v 0.8125 0.7499999999999999 -11.55763875
v 0.831148125 0.6562499999999999 -11.55763875
v 0.793851875 0.6562499999999999 -11.55763875
v 0.759395 0.6705224999999999 -11.55763875
v 0.71875 0.7313518749999999 -11.55763875
v 0.7330225 0.6968949999999999 -11.55763875
v 0.7330225 0.8031049999999998 -11.55763875
v 0.71875 0.7686481249999999 -11.55763875
v 0.759395 0.8294774999999999 -11.55763875
v 0.793851875 0.8437499999999999 -11.55763875
v 0.831148125 0.8437499999999999 -11.55763875
v 0.865605 0.8294774999999999 -11.55763875
v 0.8919775000000001 0.8031049999999998 -11.55763875
v 0.90625 0.7686481249999999 -11.55763875
v 0.90625 0.7313518749999999 -11.55763875
vt 0.4322954296875 0.5147632421875
vt 0.4300092578125 0.5143083984375
vt 0.4322954296875 0.5087890625
vt 0.4908890625 0.948356875
vt 0.488603125 0.947902265625
vt 0.4908890625 0.9423828125
vt 0.4869829296875 0.6119646484375
vt 0.4846967578125 0.6124194921875
vt 0.4846967578125 0.6064453125
vt 0.3251044921875 0.5188880078125
vt 0.324649609375 0.5166015625
vt 0.330623828125 0.5166015625
vt 0.1805730859375 0.5149815625
vt 0.1801184375 0.5126953125
vt 0.1860925 0.5126953125
vt 0.4887121875 0.9641999609375
vt 0.4891668359375 0.9619140625
vt 0.49468625 0.9641999609375
vt 0.4461982421875 0.5149815234374999
vt 0.445743359375 0.5126953125
vt 0.451717578125 0.5126953125
vt 0.3792278515625 0.51315015625
vt 0.3815143359375 0.5126953125
vt 0.3815143359375 0.5186694921875
vt 0.48469671875 0.7865874609375
vt 0.48698296875 0.7861328125
vt 0.48698296875 0.792106875
vt 0.058915625 0.5048828125
vt 0.0612015625 0.5053374609375
vt 0.058915625 0.510856875
vt 0.4378217578125 0.5092439453125
vt 0.4401079296875 0.5087890625
vt 0.4401079296875 0.5147632421875
vt 0.4864189453125 0.6181640625
vt 0.486873828125 0.6204505078125
vt 0.480899609375 0.6204505078125
vt 0.49468625 0.9345703125
vt 0.4942316015625 0.9368562109375
vt 0.4887121875 0.9345703125
vt 0.1192314453125 0.5126953125
vt 0.119686328125 0.5149815234374999
vt 0.113712109375 0.5149815234374999
vt 0.4830768359375 0.6744646484375
vt 0.4807903515625 0.6749194921875
vt 0.4807903515625 0.6689453125
vt 0.2207941015625 0.5126953125
vt 0.22124875 0.5149815625
vt 0.2152746875 0.5149815625
vt 0.4300092578125 0.5143083984375
vt 0.4322954296875 0.5147632421875
vt 0.4322954296875 0.5087890625
vt 0.488603125 0.947902265625
vt 0.4908890625 0.948356875
vt 0.4908890625 0.9423828125
vt 0.4846967578125 0.6124194921875
vt 0.4869829296875 0.6119646484375
vt 0.4846967578125 0.6064453125
vt 0.324649609375 0.5166015625
vt 0.3251044921875 0.5188880078125
vt 0.330623828125 0.5166015625
vt 0.1801184375 0.5126953125
vt 0.1805730859375 0.5149815625
vt 0.1860925 0.5126953125
vt 0.4891668359375 0.9619140625
vt 0.4887121875 0.9641999609375
vt 0.49468625 0.9641999609375
vt 0.445743359375 0.5126953125
vt 0.4461982421875 0.5149815234374999
vt 0.451717578125 0.5126953125
vt 0.3815143359375 0.5126953125
vt 0.3792278515625 0.51315015625
vt 0.3815143359375 0.5186694921875
vt 0.48698296875 0.7861328125
vt 0.48469671875 0.7865874609375
vt 0.48698296875 0.792106875
vt 0.0612015625 0.5053374609375
vt 0.058915625 0.5048828125
vt 0.058915625 0.510856875
vt 0.4401079296875 0.5087890625
vt 0.4378217578125 0.5092439453125
vt 0.4401079296875 0.5147632421875
vt 0.486873828125 0.6204505078125
vt 0.4864189453125 0.6181640625
vt 0.480899609375 0.6204505078125
vt 0.4942316015625 0.9368562109375
vt 0.49468625 0.9345703125
vt 0.4887121875 0.9345703125
vt 0.119686328125 0.5149815234374999
vt 0.1192314453125 0.5126953125
vt 0.113712109375 0.5149815234374999
vt 0.4807903515625 0.6749194921875
vt 0.4830768359375 0.6744646484375
vt 0.4807903515625 0.6689453125
vt 0.22124875 0.5149815625
vt 0.2207941015625 0.5126953125
vt 0.2152746875 0.5149815625
vn -1.2246467991473532e-16 2.220446049250313e-16 -1
vn -1.2246467991473532e-16 2.220446049250313e-16 -1
vn -1.2246467991473532e-16 2.220446049250313e-16 -1
vn -1.2246467991473532e-16 2.220446049250313e-16 -1
vn -1.2246467991473532e-16 2.220446049250313e-16 -1
vn -1.2246467991473532e-16 2.220446049250313e-16 -1
vn -1.2246467991473532e-16 2.220446049250313e-16 -1
vn -1.2246467991473532e-16 2.220446049250313e-16 -1
vn -1.2246467991473532e-16 2.220446049250313e-16 -1
vn -1.2246467991473532e-16 2.220446049250313e-16 -1
vn -1.2246467991473532e-16 2.220446049250313e-16 -1
vn -1.2246467991473532e-16 2.220446049250313e-16 -1
vn -1.2246467991473532e-16 2.220446049250313e-16 -1
vn -1.2246467991473532e-16 2.220446049250313e-16 -1
vn -1.2246467991473532e-16 2.220446049250313e-16 -1
vn -1.2246467991473532e-16 2.220446049250313e-16 -1
vn -1.2246467991473532e-16 2.220446049250313e-16 -1
vn -1.2246467991473532e-16 2.220446049250313e-16 -1
vn -1.2246467991473532e-16 2.220446049250313e-16 -1
vn -1.2246467991473532e-16 2.220446049250313e-16 -1
vn -1.2246467991473532e-16 2.220446049250313e-16 -1
vn -1.2246467991473532e-16 2.220446049250313e-16 -1
vn -1.2246467991473532e-16 2.220446049250313e-16 -1
vn -1.2246467991473532e-16 2.220446049250313e-16 -1
vn -1.2246467991473532e-16 2.220446049250313e-16 -1
vn -1.2246467991473532e-16 2.220446049250313e-16 -1
vn -1.2246467991473532e-16 2.220446049250313e-16 -1
vn -1.2246467991473532e-16 2.220446049250313e-16 -1
vn -1.2246467991473532e-16 2.220446049250313e-16 -1
vn -1.2246467991473532e-16 2.220446049250313e-16 -1
vn -1.2246467991473532e-16 2.220446049250313e-16 -1
vn -1.2246467991473532e-16 2.220446049250313e-16 -1
usemtl m_0b768edf-d2c8-78c2-bb77-9115218969b8
f 394/701/184 393/702/184 385/703/184
f 393/704/185 391/705/185 385/706/185
f 391/707/186 392/708/186 385/709/186
f 392/710/187 389/711/187 385/712/187
f 389/713/188 390/714/188 385/715/188
f 390/716/189 388/717/189 385/718/189
f 388/719/190 387/720/190 385/721/190
f 387/722/191 386/723/191 385/724/191
f 386/725/192 383/726/192 385/727/192
f 383/728/193 384/729/193 385/730/193
f 384/731/194 399/732/194 385/733/194
f 399/734/195 398/735/195 385/736/195
f 397/737/196 396/738/196 385/739/196
f 396/740/197 395/741/197 385/742/197
f 395/743/198 394/744/198 385/745/198
f 398/746/199 397/747/199 385/748/199
f 410/749/200 411/750/200 402/751/200
f 408/752/201 410/753/201 402/754/201
f 409/755/202 408/756/202 402/757/202
f 406/758/203 409/759/203 402/760/203
f 407/761/204 406/762/204 402/763/204
f 405/764/205 407/765/205 402/766/205
f 404/767/206 405/768/206 402/769/206
f 403/770/207 404/771/207 402/772/207
f 400/773/208 403/774/208 402/775/208
f 401/776/209 400/777/209 402/778/209
f 416/779/210 401/780/210 402/781/210
f 415/782/211 416/783/211 402/784/211
f 413/785/212 414/786/212 402/787/212
f 412/788/213 413/789/213 402/790/213
f 411/791/214 412/792/214 402/793/214
f 414/794/215 415/795/215 402/796/215
o car1_lights_yellow
v -0.9673975 0.8187299999999998 -11.53263875
v -0.953125 0.7842731249999999 -11.53263875
v -1.046875 0.7656249999999999 -11.53263875
v -0.953125 0.7469768749999999 -11.53263875
v -0.9673975 0.7125199999999999 -11.53263875
v -0.99377 0.6861474999999999 -11.53263875
v -1.028226875 0.6718749999999999 -11.53263875
v -1.065523125 0.6718749999999999 -11.53263875
v -1.09998 0.6861474999999999 -11.53263875
v -1.1263525 0.7125199999999999 -11.53263875
v -1.140625 0.7469768749999999 -11.53263875
v -1.140625 0.7842731249999999 -11.53263875
v -1.1263525 0.8187299999999998 -11.53263875
v -1.09998 0.8451024999999999 -11.53263875
v -1.065523125 0.8593749999999999 -11.53263875
v -1.028226875 0.8593749999999999 -11.53263875
v -0.99377 0.8451024999999999 -11.53263875
v 0.9673974999999999 0.8187299999999998 -11.53263875
v 0.953125 0.7842731249999999 -11.53263875
v 1.046875 0.7656249999999999 -11.53263875
v 0.953125 0.7469768749999999 -11.53263875
v 0.9673974999999999 0.7125199999999999 -11.53263875
v 0.99377 0.6861474999999999 -11.53263875
v 1.028226875 0.6718749999999999 -11.53263875
v 1.065523125 0.6718749999999999 -11.53263875
v 1.09998 0.6861474999999999 -11.53263875
v 1.1263525 0.7125199999999999 -11.53263875
v 1.140625 0.7469768749999999 -11.53263875
v 1.140625 0.7842731249999999 -11.53263875
v 1.1263525 0.8187299999999998 -11.53263875
v 1.09998 0.8451024999999999 -11.53263875
v 1.065523125 0.8593749999999999 -11.53263875
v 1.028226875 0.8593749999999999 -11.53263875
v 0.99377 0.8451024999999999 -11.53263875
vt 0.4596391796875 0.5147632421875
vt 0.4573530078125 0.5143083984375
vt 0.4596391796875 0.5087890625
vt 0.4908890625 0.975700625
vt 0.488603125 0.975246015625
vt 0.4908890625 0.9697265625
vt 0.4127641796875 0.5143083984375
vt 0.4104780078125 0.5147632421875
vt 0.4104780078125 0.5087890625
vt 0.4852607421875 0.8977942578125
vt 0.484805859375 0.8955078125
vt 0.490780078125 0.8955078125
vt 0.1688543359375 0.5149815625
vt 0.1683996875 0.5126953125
vt 0.17437375 0.5126953125
vt 0.0316809375 0.5110749609375
vt 0.0321355859375 0.5087890625
vt 0.037655 0.5110749609375
vt 0.4188544921875 0.5149815234374999
vt 0.418399609375 0.5126953125
vt 0.424373828125 0.5126953125
vt 0.2268841015625 0.51315015625
vt 0.2291705859375 0.5126953125
vt 0.2291705859375 0.5186694921875
vt 0.48469671875 0.8764312109375
vt 0.48698296875 0.8759765625
vt 0.48698296875 0.881950625
vt 0.051103125 0.5048828125
vt 0.0533890625 0.5053374609375
vt 0.051103125 0.510856875
vt 0.1253217578125 0.5092439453125
vt 0.1276079296875 0.5087890625
vt 0.1276079296875 0.5147632421875
vt 0.4864189453125 0.7314453125
vt 0.486873828125 0.7337317578125
vt 0.480899609375 0.7337317578125
vt 0.4903253515625 0.8408203125
vt 0.49078 0.8431065625
vt 0.4848059375 0.8431065625
vt 0.07281125 0.5087890625
vt 0.0723566015625 0.5110749609375
vt 0.0668371875 0.5087890625
vt 0.4903251953125 0.5556640625
vt 0.490780078125 0.5579502734374999
vt 0.484805859375 0.5579502734374999
vt 0.4830768359375 0.7252458984375
vt 0.4807903515625 0.7257007421875
vt 0.4807903515625 0.7197265625
vt 0.4573530078125 0.5143083984375
vt 0.4596391796875 0.5147632421875
vt 0.4596391796875 0.5087890625
vt 0.488603125 0.975246015625
vt 0.4908890625 0.975700625
vt 0.4908890625 0.9697265625
vt 0.4104780078125 0.5147632421875
vt 0.4127641796875 0.5143083984375
vt 0.4104780078125 0.5087890625
vt 0.484805859375 0.8955078125
vt 0.4852607421875 0.8977942578125
vt 0.490780078125 0.8955078125
vt 0.1683996875 0.5126953125
vt 0.1688543359375 0.5149815625
vt 0.17437375 0.5126953125
vt 0.0321355859375 0.5087890625
vt 0.0316809375 0.5110749609375
vt 0.037655 0.5110749609375
vt 0.418399609375 0.5126953125
vt 0.4188544921875 0.5149815234374999
vt 0.424373828125 0.5126953125
vt 0.2291705859375 0.5126953125
vt 0.2268841015625 0.51315015625
vt 0.2291705859375 0.5186694921875
vt 0.48698296875 0.8759765625
vt 0.48469671875 0.8764312109375
vt 0.48698296875 0.881950625
vt 0.0533890625 0.5053374609375
vt 0.051103125 0.5048828125
vt 0.051103125 0.510856875
vt 0.1276079296875 0.5087890625
vt 0.1253217578125 0.5092439453125
vt 0.1276079296875 0.5147632421875
vt 0.486873828125 0.7337317578125
vt 0.4864189453125 0.7314453125
vt 0.480899609375 0.7337317578125
vt 0.49078 0.8431065625
vt 0.4903253515625 0.8408203125
vt 0.4848059375 0.8431065625
vt 0.0723566015625 0.5110749609375
vt 0.07281125 0.5087890625
vt 0.0668371875 0.5087890625
vt 0.490780078125 0.5579502734374999
vt 0.4903251953125 0.5556640625
vt 0.484805859375 0.5579502734374999
vt 0.4807903515625 0.7257007421875
vt 0.4830768359375 0.7252458984375
vt 0.4807903515625 0.7197265625
vn -1.2246467991473532e-16 2.220446049250313e-16 -1
vn -1.2246467991473532e-16 2.220446049250313e-16 -1
vn -1.2246467991473532e-16 2.220446049250313e-16 -1
vn -1.2246467991473532e-16 2.220446049250313e-16 -1
vn -1.2246467991473532e-16 2.220446049250313e-16 -1
vn -1.2246467991473532e-16 2.220446049250313e-16 -1
vn -1.2246467991473532e-16 2.220446049250313e-16 -1
vn -1.2246467991473532e-16 2.220446049250313e-16 -1
vn -1.2246467991473532e-16 2.220446049250313e-16 -1
vn -1.2246467991473532e-16 2.220446049250313e-16 -1
vn -1.2246467991473532e-16 2.220446049250313e-16 -1
vn -1.2246467991473532e-16 2.220446049250313e-16 -1
vn -1.2246467991473532e-16 2.220446049250313e-16 -1
vn -1.2246467991473532e-16 2.220446049250313e-16 -1
vn -1.2246467991473532e-16 2.220446049250313e-16 -1
vn -1.2246467991473532e-16 2.220446049250313e-16 -1
vn -1.2246467991473532e-16 2.220446049250313e-16 -1
vn -1.2246467991473532e-16 2.220446049250313e-16 -1
vn -1.2246467991473532e-16 2.220446049250313e-16 -1
vn -1.2246467991473532e-16 2.220446049250313e-16 -1
vn -1.2246467991473532e-16 2.220446049250313e-16 -1
vn -1.2246467991473532e-16 2.220446049250313e-16 -1
vn -1.2246467991473532e-16 2.220446049250313e-16 -1
vn -1.2246467991473532e-16 2.220446049250313e-16 -1
vn -1.2246467991473532e-16 2.220446049250313e-16 -1
vn -1.2246467991473532e-16 2.220446049250313e-16 -1
vn -1.2246467991473532e-16 2.220446049250313e-16 -1
vn -1.2246467991473532e-16 2.220446049250313e-16 -1
vn -1.2246467991473532e-16 2.220446049250313e-16 -1
vn -1.2246467991473532e-16 2.220446049250313e-16 -1
vn -1.2246467991473532e-16 2.220446049250313e-16 -1
vn -1.2246467991473532e-16 2.220446049250313e-16 -1
usemtl m_0b768edf-d2c8-78c2-bb77-9115218969b8
f 432/797/216 433/798/216 419/799/216
f 433/800/217 417/801/217 419/802/217
f 417/803/218 418/804/218 419/805/218
f 418/806/219 420/807/219 419/808/219
f 420/809/220 421/810/220 419/811/220
f 421/812/221 422/813/221 419/814/221
f 422/815/222 423/816/222 419/817/222
f 423/818/223 424/819/223 419/820/223
f 424/821/224 425/822/224 419/823/224
f 425/824/225 426/825/225 419/826/225
f 426/827/226 427/828/226 419/829/226
f 427/830/227 428/831/227 419/832/227
f 428/833/228 429/834/228 419/835/228
f 429/836/229 430/837/229 419/838/229
f 430/839/230 431/840/230 419/841/230
f 431/842/231 432/843/231 419/844/231
f 450/845/232 449/846/232 436/847/232
f 434/848/233 450/849/233 436/850/233
f 435/851/234 434/852/234 436/853/234
f 437/854/235 435/855/235 436/856/235
f 438/857/236 437/858/236 436/859/236
f 439/860/237 438/861/237 436/862/237
f 440/863/238 439/864/238 436/865/238
f 441/866/239 440/867/239 436/868/239
f 442/869/240 441/870/240 436/871/240
f 443/872/241 442/873/241 436/874/241
f 444/875/242 443/876/242 436/877/242
f 445/878/243 444/879/243 436/880/243
f 446/881/244 445/882/244 436/883/244
f 447/884/245 446/885/245 436/886/245
f 448/887/246 447/888/246 436/889/246
f 449/890/247 448/891/247 436/892/247
o car1_exterior
v -0.709865 0.45640375 -11.626245625
v -0.710421875 -0.078125 -11.39189375
v -0.578125 -0.125 -11.140625
v -0.578125 0.3779125 -11.202033125
v -1.217304375 3.0168025 -9.0625
v -1.2934 2.917633125 -9.0625
v -1.217304375 3.0011775 -9.625
v -1.2934 2.917633125 -9.625
v -1.054925 3.1105525 -9.0625
v -1.217304375 3.0168025 -9.0625
v -1.054925 3.094928125 -9.625
v -1.217304375 3.0011775 -9.625
v -0.6927025 3.20761 -9.0625
v -1.054925 3.110553125 -9.0625
v -0.6927025 3.191985 -9.625
v -1.054925 3.094928125 -9.625
v -0.194605625 3.251188125 -9.0625
v -0.692703125 3.20761 -9.0625
v -0.194605625 3.235500625 -9.625
v -0.6927025 3.191985 -9.625
v -1.027519375 0.666854375 -11.601745625
v -0.86860875 0.66651625 -11.616759375
v -0.83251 0.65148 -11.62530375
v -0.328125 0.5625 -11.703125
v -0.714453125 0.729978125 -11.60943375
v -0.730095 0.69353375 -11.62047375
v -0.328125 0.5625 -11.703125
v -0.730095 0.69353375 -11.62047375
v -0.76465625 0.663066875 -11.62768875
v -0.328125 0.5625 -11.703125
v -0.76465625 0.663066875 -11.62768875
v -0.793845 0.6513325 -11.62897875
v -0.328125 0.5625 -11.703125
v -0.793845 0.6513325 -11.62897875
v -0.82115125 0.636063125 -11.631659375
v -0.83251 0.65148 -11.62530375
v -1.027519375 0.666854375 -11.601745625
v -0.82115125 0.636063125 -11.631659375
v -0.793845 0.6513325 -11.62897875
v -0.83251 0.65148 -11.62530375
v -0.82115125 0.636063125 -11.631659375
v -0.328125 0.5625 -11.703125
v -1.328125 0.5625 -11.609375
v -1.16463125 1.062685 -11.453055625
v -0.328125 1.0654125 -11.514533125
v -1.027519375 0.666854375 -11.601745625
v -0.96393125 0.708975625 -11.5932525
v -0.94841 0.74512125 -11.58230375
v -0.948634375 0.7836675 -11.569055
v -0.963649375 0.820225 -11.555101875
v -0.98957 0.846753125 -11.543568125
v -1.02518125 0.861058125 -11.535320625
v -1.064585 0.86120375 -11.53157625
v -1.1008925 0.84623125 -11.533310625
v -1.128666875 0.8188375 -11.5401075
v -1.143690625 0.783425 -11.55085125
v -1.144205625 0.744876875 -11.564031875
v -1.129924375 0.709049375 -11.577665625
v -1.103021875 0.68203625 -11.5894575
v -1.066430625 0.66700125 -11.5980475
v -1.027519375 0.666854375 -11.601745625
v -0.89443375 0.692965 -11.6052625
v -0.86860875 0.66651625 -11.616759375
v -0.909888125 0.727919375 -11.591818125
v -0.7303975 0.805795625 -11.581833125
v -0.7303975 0.805795625 -11.581833125
v -0.75519875 0.831009375 -11.570525
v -0.791848125 0.84616875 -11.562101875
v -0.791848125 0.84616875 -11.562101875
v -0.714453125 0.729978125 -11.60943375
v -0.714545 0.768715 -11.596131875
v -0.8298725 0.845901875 -11.558831875
v -0.86600125 0.831285 -11.560460625
v -0.89444 0.803058125 -11.56748125
v -0.89839625 0.793763125 -11.5703
v -0.908393125 0.769324375 -11.577749375
v -0.909888125 0.727919375 -11.591818125
v -0.98957 0.846753125 -11.543568125
v -0.82115125 0.636063125 -11.631659375
v -0.836090625 0.5625 -11.655503125
v -0.990945 0.6826025 -11.59977
v -1.328125 2.0625 -11.046875
v -1.328125 0.5625 -11.609375
v -1.16329125 2.0625 -11.078125
v -1.16463125 1.062685 -11.453055625
v -1.4375 2.0625 -10.75
v -1.4375 0.5625 -10.75
v -1.328125 2.0625 -11.046875
v -1.328125 0.5625 -11.609375
v -1.421875 2.0625 -10.834253125
v -1.421875 0.5625 -11.115503125
v -1.390625 0.5625 -11.35945
v -1.390625 2.0625 -10.92195
v -1.33129125 2.773469375 -10.6875
v -1.4375 2.0625 -10.75
v -1.31462125 2.763610625 -10.73125
v -1.328125 2.0625 -11.046875
v -1.390625 2.0625 -10.92195
v -1.421875 2.0625 -10.834253125
v -1.31462125 2.763610625 -10.73125
v -1.328125 2.0625 -11.046875
v -1.16329125 2.0625 -11.078125
v -1.162950625 2.76392 -10.762980625
v -1.162961875 2.741514375 -10.7730475
v -1.05476875 2.81284875 -10.75
v -1.05476875 2.76909875 -10.75
v -1.162950625 2.76392 -10.762980625
v -1.162961875 2.741514375 -10.7730475
v -0.194605625 3.235500625 -9.625
v -0.6927025 3.191985 -9.625
v -0.194449375 2.95342125 -10.75
v -0.692546875 2.897405625 -10.75
v -1.054925 3.094928125 -9.625
v -1.217304375 3.0011775 -9.625
v -1.2934 2.91763375 -9.625
v -1.3314475 2.86804875 -9.625
v -1.33129125 2.773469375 -10.6875
v -1.3313975 2.837884375 -9.963864375
v -1.29335 2.90316375 -9.963085
v -1.217256875 2.987839375 -9.950369375
v -1.05487625 3.080936875 -9.95770375
v -0.692651875 3.17703125 -9.968520625
v -0.1945575 3.2220225 -9.951945
v -1.331345625 2.806553125 -10.31584
v -1.29329875 2.864539375 -10.31235875
v -1.217205 2.936461875 -10.303120625
v -1.054826875 3.012853125 -10.291263125
v -0.194511875 3.1750475 -10.264615
v -0.6926075 3.10593625 -10.27186625
v -0.19445875 3.02261375 -10.62680125
v -0.692555 2.95999125 -10.630293125
v -1.293249375 2.82728 -10.649285
v -0.6927025 3.191985 -9.625
v -1.054925 3.094928125 -9.625
v -0.692546875 2.897405625 -10.75
v -1.05476875 2.81284875 -10.75
v -1.217304375 3.0011775 -9.625
v -1.2934 2.917633125 -9.625
v -1.29335 2.90316375 -9.963085
v -1.217256875 2.987839375 -9.950369375
v -1.05487625 3.080936875 -9.95770375
v -0.692651875 3.17703125 -9.968520625
v -0.6926075 3.10593625 -10.27186625
v -1.054826875 3.012853125 -10.291263125
v -1.217205 2.936461875 -10.303120625
v -1.29329875 2.864539375 -10.31235875
v -0.692555 2.95999125 -10.630293125
v -1.05477625 2.9030275 -10.63493875
v -1.217155 2.86781625 -10.642423125
v -1.293249375 2.82728 -10.649285
v -1.05476875 2.81284875 -10.75
v -1.162950625 2.76392 -10.762980625
v -1.05477625 2.9030275 -10.63493875
v -1.217155 2.86781625 -10.642423125
v -1.162950625 2.76392 -10.762980625
v -1.33129125 2.773469375 -10.6875
v -1.217155 2.86781625 -10.642423125
v -1.293249375 2.82728 -10.649285
v -1.31462125 2.763610625 -10.73125
v -1.217205 2.936461875 -10.303120625
v -1.054826875 3.012853125 -10.291263125
v -1.05477625 2.9030275 -10.63493875
v -1.217155 2.86781625 -10.642423125
v -0.692546875 2.897405625 -10.75
v -0.692546875 2.834905625 -10.75
v -1.05476875 2.81284875 -10.75
v -1.05476875 2.76909875 -10.75
v -0.194449375 2.95342125 -10.75
v -0.194449375 2.89092125 -10.75
v -0.692546875 2.897405625 -10.75
v -0.692546875 2.834905625 -10.75
v -1.4375 0.5625 -9.625
v -1.4375 -0.1875 -9.625
v -1.4375 0.5625 -10.75
v -1.4375 -0.1875 -10.75
v -1.4375 0.5625 -10.75
v -1.4375 -0.1875 -10.75
v -1.328125 0.5625 -11.609375
v -1.328125 -0.078125 -11.328125
v -1.421875 0.5625 -11.115503125
v -1.421875 -0.15326375 -10.93096375
v -1.390625 -0.113454375 -11.14138375
v -1.390625 0.5625 -11.35945
v -0.709865 0.45640375 -11.626245625
v -1.328125 0.5625 -11.609375
v -1.328125 -0.078125 -11.328125
v -0.328125 0.5625 -11.703125
v -0.710421875 -0.078125 -11.39189375
v -0.328125 0.456013125 -11.656375
v -1.328125 -0.078125 -11.328125
v -1.421875 -0.15326375 -10.93096375
v -0.578125 -0.125 -11.140625
v -0.710421875 -0.078125 -11.39189375
v -1.390625 -0.113454375 -11.14138375
v -1.02518125 0.861058125 -11.535320625
v -0.98957 0.846753125 -11.543568125
v -0.963649375 0.820225 -11.555101875
v -0.948634375 0.7836675 -11.569055
v -0.94841 0.74512125 -11.58230375
v -0.96393125 0.708975625 -11.5932525
v -0.990945 0.6826025 -11.59977
v -1.027519375 0.666854375 -11.601745625
v -1.066430625 0.66700125 -11.5980475
v -1.103021875 0.68203625 -11.5894575
v -1.129924375 0.709049375 -11.577665625
v -1.144205625 0.744876875 -11.564031875
v -1.143690625 0.783425 -11.55085125
v -1.128666875 0.8188375 -11.5401075
v -1.1008925 0.84623125 -11.533310625
v -1.064585 0.86120375 -11.53157625
v -0.962099375 0.822270625 -11.52013875
v -0.946875 0.78551625 -11.52013875
v -0.946875 0.74573375 -11.52013875
v -0.962099375 0.708979375 -11.52013875
v -0.990229375 0.680849375 -11.52013875
v -1.02698375 0.665625 -11.52013875
v -1.06676625 0.665625 -11.52013875
v -1.103520625 0.680849375 -11.52013875
v -1.131650625 0.708979375 -11.52013875
v -1.146875 0.74573375 -11.52013875
v -1.146875 0.78551625 -11.52013875
v -1.131650625 0.822270625 -11.52013875
v -1.103520625 0.850400625 -11.52013875
v -1.06676625 0.865625 -11.52013875
v -1.02698375 0.865625 -11.52013875
v -0.990229375 0.850400625 -11.52013875
v -0.791848125 0.84616875 -11.562101875
v -0.75519875 0.831009375 -11.570525
v -0.7303975 0.805795625 -11.581833125
v -0.714545 0.768715 -11.596131875
v -0.714453125 0.729978125 -11.60943375
v -0.730095 0.69353375 -11.62047375
v -0.76465625 0.663066875 -11.62768875
v -0.793845 0.6513325 -11.62897875
v -0.83251 0.65148 -11.62530375
v -0.86860875 0.66651625 -11.616759375
v -0.89443375 0.692965 -11.6052625
v -0.909888125 0.727919375 -11.591818125
v -0.908393125 0.769324375 -11.577749375
v -0.89444 0.803058125 -11.56748125
v -0.86600125 0.831285 -11.560460625
v -0.8298725 0.845901875 -11.558831875
v -0.869145625 0.665224375 -11.54513875
v -0.897275625 0.693354375 -11.54513875
v -0.83239125 0.65 -11.54513875
v -0.79260875 0.65 -11.54513875
v -0.755854375 0.665224375 -11.54513875
v -0.7125 0.73010875 -11.54513875
v -0.727724375 0.693354375 -11.54513875
v -0.727724375 0.806645625 -11.54513875
v -0.7125 0.76989125 -11.54513875
v -0.755854375 0.834775625 -11.54513875
v -0.79260875 0.85 -11.54513875
v -0.83239125 0.85 -11.54513875
v -0.869145625 0.834775625 -11.54513875
v -0.897275625 0.806645625 -11.54513875
v -0.9125 0.76989125 -11.54513875
v -0.9125 0.73010875 -11.54513875
v -0.89839625 0.793763125 -11.5703
v -0.962099375 0.822270625 -11.52013875
v -0.946875 0.78551625 -11.52013875
v -1.046875 0.765625 -11.52013875
v -0.946875 0.74573375 -11.52013875
v -0.962099375 0.708979375 -11.52013875
v -0.990229375 0.680849375 -11.52013875
v -1.02698375 0.665625 -11.52013875
v -1.06676625 0.665625 -11.52013875
v -1.103520625 0.680849375 -11.52013875
v -1.131650625 0.708979375 -11.52013875
v -1.146875 0.74573375 -11.52013875
v -1.146875 0.78551625 -11.52013875
v -1.131650625 0.822270625 -11.52013875
v -1.103520625 0.850400625 -11.52013875
v -1.06676625 0.865625 -11.52013875
v -1.02698375 0.865625 -11.52013875
v -0.990229375 0.850400625 -11.52013875
v -0.869145625 0.665224375 -11.54513875
v -0.897275625 0.693354375 -11.54513875
v -0.8125 0.75 -11.54513875
v -0.83239125 0.65 -11.54513875
v -0.79260875 0.65 -11.54513875
v -0.755854375 0.665224375 -11.54513875
v -0.7125 0.73010875 -11.54513875
v -0.727724375 0.693354375 -11.54513875
v -0.727724375 0.806645625 -11.54513875
v -0.7125 0.76989125 -11.54513875
v -0.755854375 0.834775625 -11.54513875
v -0.79260875 0.85 -11.54513875
v -0.83239125 0.85 -11.54513875
v -0.869145625 0.834775625 -11.54513875
v -0.897275625 0.806645625 -11.54513875
v -0.9125 0.76989125 -11.54513875
v -0.9125 0.73010875 -11.54513875
v -1.05476875 2.76909875 -10.75
v -1.05476875 2.76909875 -10.6875
v -1.162961875 2.741514375 -10.7730475
v -1.15625 2.737559375 -10.732024375
v -0.692546875 2.834905625 -10.75
v -0.692546875 2.834905625 -10.6875
v -1.05476875 2.76909875 -10.75
v -1.05476875 2.76909875 -10.6875
v -0.194449375 2.89092125 -10.75
v -0.194449375 2.89092125 -10.6625
v -0.692546875 2.834905625 -10.75
v -0.692546875 2.834905625 -10.6625
v 0.709865 0.45640375 -11.626245625
v 0.710421875 -0.078125 -11.39189375
v 0.578125 -0.125 -11.140625
v 0.578125 0.3779125 -11.202033125
v 1.217304375 3.0168025 -9.0625
v 1.2934 2.917633125 -9.0625
v 1.217304375 3.0011775 -9.625
v 1.2934 2.917633125 -9.625
v 1.054925 3.110553125 -9.0625
v 1.054925 3.094928125 -9.625
v 0.692703125 3.20761 -9.0625
v 0.6927025 3.191985 -9.625
v 0.194605625 3.251188125 -9.0625
v 0.194605625 3.235500625 -9.625
v 1.027519375 0.666854375 -11.601745625
v 0.86860875 0.66651625 -11.616759375
v 0.83251 0.65148 -11.62530375
v 0.328125 0.5625 -11.703125
v 0.714453125 0.729978125 -11.60943375
v 0.730095 0.69353375 -11.62047375
v 0.76465625 0.663066875 -11.62768875
v 0.793845 0.6513325 -11.62897875
v 0.82115125 0.636063125 -11.631659375
v 1.328125 0.5625 -11.609375
v 1.16463125 1.062685 -11.453055625
v 0.328125 1.0654125 -11.514533125
v 0.96393125 0.708975625 -11.5932525
v 0.94841 0.74512125 -11.58230375
v 0.948634375 0.7836675 -11.569055
v 0.963649375 0.820225 -11.555101875
v 0.98957 0.846753125 -11.543568125
v 1.02518125 0.861058125 -11.535320625
v 1.064585 0.86120375 -11.53157625
v 1.1008925 0.84623125 -11.533310625
v 1.128666875 0.8188375 -11.5401075
v 1.143690625 0.783425 -11.55085125
v 1.144205625 0.744876875 -11.564031875
v 1.129924375 0.709049375 -11.577665625
v 1.103021875 0.68203625 -11.5894575
v 1.066430625 0.66700125 -11.5980475
v 0.89443375 0.692965 -11.6052625
v 0.909888125 0.727919375 -11.591818125
v 0.7303975 0.805795625 -11.581833125
v 0.75519875 0.831009375 -11.570525
v 0.791848125 0.84616875 -11.562101875
v 0.714545 0.768715 -11.596131875
v 0.8298725 0.845901875 -11.558831875
v 0.86600125 0.831285 -11.560460625
v 0.89444 0.803058125 -11.56748125
v 0.89839625 0.793763125 -11.5703
v 0.908393125 0.769324375 -11.577749375
v 0.836090625 0.5625 -11.655503125
v 0.990945 0.6826025 -11.59977
v 1.328125 2.0625 -11.046875
v 1.16329125 2.0625 -11.078125
v 1.4375 2.0625 -10.75
v 1.4375 0.5625 -10.75
v 1.421875 2.0625 -10.834253125
v 1.421875 0.5625 -11.115503125
v 1.390625 0.5625 -11.35945
v 1.390625 2.0625 -10.92195
v 1.33129125 2.773469375 -10.6875
v 1.31462125 2.763610625 -10.73125
v 1.162950625 2.76392 -10.762980625
v 1.162961875 2.741514375 -10.7730475
v 1.05476875 2.81284875 -10.75
v 1.05476875 2.76909875 -10.75
v 0.194449375 2.95342125 -10.75
v 0.692546875 2.897405625 -10.75
v 1.3314475 2.86804875 -9.625
v 1.3313975 2.837884375 -9.963864375
v 1.29335 2.90316375 -9.963085
v 1.217256875 2.987839375 -9.950369375
v 1.05487625 3.080936875 -9.95770375
v 0.692651875 3.17703125 -9.968520625
v 0.1945575 3.2220225 -9.951945
v 1.331345625 2.806553125 -10.31584
v 1.29329875 2.864539375 -10.31235875
v 1.217205 2.936461875 -10.303120625
v 1.054826875 3.012853125 -10.291263125
v 0.194511875 3.1750475 -10.264615
v 0.6926075 3.10593625 -10.27186625
v 0.19445875 3.02261375 -10.62680125
v 0.692555 2.95999125 -10.630293125
v 1.293249375 2.82728 -10.649285
v 1.05477625 2.9030275 -10.63493875
v 1.217155 2.86781625 -10.642423125
v 1.31462125 2.763610625 -10.73125
v 0.692546875 2.834905625 -10.75
v 0.194449375 2.89092125 -10.75
v 1.4375 2.0625 -9.625
v 1.4375 0.5625 -9.625
v 1.4375 -0.1875 -9.625
v 1.4375 -0.1875 -10.75
v 1.328125 -0.078125 -11.328125
v 1.421875 -0.15326375 -10.93096375
v 1.390625 -0.113454375 -11.14138375
v 0.328125 0.456013125 -11.656375
v 0.484375 0.25 -11.0625
v 0.671875 0.25 -11.54375
v 0.484375 -0.125 -11.0625
v 0.671875 -0.125 -11.54375
v 1.171875 0.25 -11.0625
v 1.171875 0.25 -11.49375
v 1.171875 -0.125 -11.0625
v 1.171875 -0.125 -11.49375
v 0.640625 -0.078125 -11.765625
v 0.640625 -0.078125 -11.796875
v 0.640625 -0.109375 -11.765625
v 0.640625 -0.109375 -11.796875
v 1.203125 -0.078125 -11.765625
v 1.203125 -0.078125 -11.796875
v 1.203125 -0.109375 -11.765625
v 1.203125 -0.109375 -11.796875
v 0.921875 0.073223125 -11.671875
v 0.921875 0.073223125 -11.171875
v 0.870098125 -0.051776875 -11.671875
v 0.870098125 -0.051776875 -11.171875
v 0.796875 0.021446875 -11.671875
v 0.796875 0.021446875 -11.171875
v 0.796875 0.125 -11.671875
v 0.796875 0.125 -11.171875
v 0.870098125 0.198223125 -11.671875
v 0.870098125 0.198223125 -11.171875
v 0.973651875 0.198223125 -11.671875
v 0.973651875 0.198223125 -11.171875
v 1.046875 0.125 -11.671875
v 1.046875 0.125 -11.171875
v 1.046875 0.021446875 -11.671875
v 1.046875 0.021446875 -11.171875
v 0.973651875 -0.051776875 -11.671875
v 0.973651875 -0.051776875 -11.171875
v 0.640625 0.25 -11.671875
v 0.640625 0.25 -11.765625
v 0.640625 -0.109375 -11.671875
v 1.203125 0.25 -11.671875
v 1.203125 0.25 -11.765625
v 1.203125 -0.109375 -11.671875
v 0.640625 0.03125 -11.765625
v 0.640625 0.03125 -11.796875
v 0.640625 0 -11.765625
v 0.640625 0 -11.796875
v 1.203125 0.03125 -11.765625
v 1.203125 0.03125 -11.796875
v 1.203125 0 -11.765625
v 1.203125 0 -11.796875
v 0.640625 0.140625 -11.765625
v 0.640625 0.140625 -11.796875
v 0.640625 0.109375 -11.765625
v 0.640625 0.109375 -11.796875
v 1.203125 0.140625 -11.765625
v 1.203125 0.140625 -11.796875
v 1.203125 0.109375 -11.765625
v 1.203125 0.109375 -11.796875
v 0.640625 0.25 -11.796875
v 0.640625 0.21875 -11.765625
v 0.640625 0.21875 -11.796875
v 1.203125 0.25 -11.796875
v 1.203125 0.21875 -11.765625
v 1.203125 0.21875 -11.796875
v 0.962099375 0.822270625 -11.52013875
v 0.946875 0.78551625 -11.52013875
v 0.946875 0.74573375 -11.52013875
v 0.962099375 0.708979375 -11.52013875
v 0.990229375 0.680849375 -11.52013875
v 1.02698375 0.665625 -11.52013875
v 1.06676625 0.665625 -11.52013875
v 1.103520625 0.680849375 -11.52013875
v 1.131650625 0.708979375 -11.52013875
v 1.146875 0.74573375 -11.52013875
v 1.146875 0.78551625 -11.52013875
v 1.131650625 0.822270625 -11.52013875
v 1.103520625 0.850400625 -11.52013875
v 1.06676625 0.865625 -11.52013875
v 1.02698375 0.865625 -11.52013875
v 0.990229375 0.850400625 -11.52013875
v 0.869145625 0.665224375 -11.54513875
v 0.897275625 0.693354375 -11.54513875
v 0.83239125 0.65 -11.54513875
v 0.79260875 0.65 -11.54513875
v 0.755854375 0.665224375 -11.54513875
v 0.7125 0.73010875 -11.54513875
v 0.727724375 0.693354375 -11.54513875
v 0.727724375 0.806645625 -11.54513875
v 0.7125 0.76989125 -11.54513875
v 0.755854375 0.834775625 -11.54513875
v 0.79260875 0.85 -11.54513875
v 0.83239125 0.85 -11.54513875
v 0.869145625 0.834775625 -11.54513875
v 0.897275625 0.806645625 -11.54513875
v 0.9125 0.76989125 -11.54513875
v 0.9125 0.73010875 -11.54513875
v 1.046875 0.765625 -11.52013875
v 0.8125 0.75 -11.54513875
v 1.05476875 2.76909875 -10.6875
v 1.15625 2.737559375 -10.732024375
v 0.692546875 2.834905625 -10.6875
v 0.194449375 2.89092125 -10.6625
v 0.692546875 2.834905625 -10.6625
v -0.328125 0.5625 -11.703125
v -0.328125 0.456013125 -11.656375
v 0.328125 0.456013125 -11.656375
v 0.328125 0.5625 -11.703125
v -0.578125 0.3779125 -11.202033125
v -0.578125 -0.125 -11.140625
v 0.578125 -0.125 -11.140625
v 0.578125 0.3779125 -11.202033125
v -0.709865 0.45640375 -11.626245625
v -0.578125 0.3779125 -11.202033125
v 0.578125 0.3779125 -11.202033125
v 0.709865 0.45640375 -11.626245625
v -0.328125 0.456013125 -11.656375
v 0.328125 0.456013125 -11.656375
v 1.15625 1.126544375 -11.39932875
v 1.16463125 1.062685 -11.453055625
v -1.15625 1.126544375 -11.39932875
v -1.16463125 1.062685 -11.453055625
v -0.328125 1.0654125 -11.514533125
v 0.328125 1.0654125 -11.514533125
v 1.15625 1.126544375 -11.39932875
v 1.16463125 1.062684375 -11.453055625
v 1.15625 2.737559375 -10.732024375
v 1.16296125 2.74151375 -10.773046875
v 1.15625 1.53074125 -11.231904375
v 1.16329125 2.0625 -11.078125
v 1.15625 2.45462125 -10.84922125
v -1.15625 1.126544375 -11.39932875
v -1.16463125 1.062684375 -11.453055625
v -1.15625 2.737559375 -10.732024375
v -1.16296125 2.74151375 -10.773046875
v -1.15625 1.53074125 -11.231904375
v -1.16329125 2.0625 -11.078125
v -1.15625 2.45462125 -10.84922125
v -1.109375 2.33913625 -10.897056875
v -1.109375 1.415256875 -11.27974
v -1.15625 2.33913625 -10.897056875
v -1.15625 1.415256875 -11.27974
v 0.46875 2.33913625 -10.897056875
v 0.46875 1.415256875 -11.27974
v 0.40625 2.33913625 -10.897056875
v 0.40625 1.415256875 -11.27974
v 1.15625 2.33913625 -10.897056875
v 1.15625 1.415256875 -11.27974
v 1.109375 2.33913625 -10.897056875
v 1.109375 1.415256875 -11.27974
v 1.15625 1.415256875 -11.27974
v 1.15625 1.126544375 -11.39932875
v -1.15625 1.415256875 -11.27974
v -1.15625 1.126544375 -11.39932875
v 0.194605625 3.235500625 -9.625
v -0.194605625 3.235500625 -9.625
v 0.194449375 2.95342125 -10.75
v -0.194449375 2.95342125 -10.75
v -0.1945575 3.2220225 -9.951945
v 0.1945575 3.2220225 -9.951945
v 0.194511875 3.1750475 -10.264615
v -0.194511875 3.1750475 -10.264615
v 0.19445875 3.02261375 -10.62680125
v -0.19445875 3.02261375 -10.62680125
v 0.19445 2.95342125 -10.75
v 0.19445 2.89092125 -10.75
v -0.194449375 2.95342125 -10.75
v -0.194449375 2.89092125 -10.75
v 0.19445 2.89092125 -10.75
v 0.19445 2.89092125 -10.6625
v -0.194449375 2.89092125 -10.75
v -0.194449375 2.89092125 -10.6625
v 0.194605625 3.2511875 -9.0625
v -0.194605 3.251125 -9.0625
v 0.194605625 3.235500625 -9.625
v -0.194605625 3.2355 -9.625
v -0.578125 -0.125 -11.140625
v -1.421875 -0.15326375 -10.93096375
v 1.421875 -0.15326375 -10.93096375
v 0.578125 -0.125 -11.140625
v -1.421875 -0.15326375 -10.93096375
v -1.4375 -0.187499375 -10.75
v 1.4375 -0.187499375 -10.75
v 1.421875 -0.15326375 -10.93096375
v 0.2625 0.375 -11.578125
v 0.2625 0.375 -11.796875
v 0.2625 0.15625 -11.578125
v 0.2625 0.15625 -11.796875
v -0.2625 0.375 -11.578125
v -0.2625 0.375 -11.796875
v -0.2625 0.15625 -11.578125
v -0.2625 0.15625 -11.796875
v 0.25 0.25 -11.796875
v 0.25 0.25 -11.890625
v 0.25 -0.09375 -11.796875
v 0.25 -0.09375 -11.890625
v -0.25 0.25 -11.796875
v -0.25 0.25 -11.890625
v -0.25 -0.09375 -11.796875
v -0.25 -0.09375 -11.890625
v 0.23125 0.25 -11.578125
v 0.23125 0.25 -11.796875
v 0.23125 -0.09375 -11.578125
v 0.23125 -0.09375 -11.796875
v -0.23125 0.25 -11.578125
v -0.23125 0.25 -11.796875
v -0.23125 -0.09375 -11.578125
v -0.23125 -0.09375 -11.796875
v 0 0.078125 -11.625
v 0 0.078125 -11.125
v 0.051776875 -0.046875 -11.625
v 0.051776875 -0.046875 -11.125
v 0.125 0.026348125 -11.625
v 0.125 0.026348125 -11.125
v 0.125 0.129901875 -11.625
v 0.125 0.129901875 -11.125
v 0.051776875 0.203125 -11.625
v 0.051776875 0.203125 -11.125
v -0.051776875 0.203125 -11.625
v -0.051776875 0.203125 -11.125
v -0.125 0.129901875 -11.625
v -0.125 0.129901875 -11.125
v -0.125 0.026348125 -11.625
v -0.125 0.026348125 -11.125
v -0.051776875 -0.046875 -11.625
v -0.051776875 -0.046875 -11.125
v -0.109375 0.078125 -11.89201375
v -0.109375 0.078125 -11.76701375
v -0.090726875 0.171875 -11.89201375
v -0.05627 0.1576025 -11.89201375
v -0.0298975 0.13123 -11.89201375
v -0.015625 0.096773125 -11.89201375
v -0.015625 0.059476875 -11.89201375
v -0.0298975 0.02502 -11.89201375
v -0.05627 -0.0013525 -11.89201375
v -0.090726875 -0.015625 -11.89201375
v -0.128023125 -0.015625 -11.89201375
v -0.16248 -0.0013525 -11.89201375
v -0.1888525 0.02502 -11.89201375
v -0.203125 0.059476875 -11.89201375
v -0.203125 0.096773125 -11.89201375
v -0.1888525 0.13123 -11.89201375
v -0.16248 0.1576025 -11.89201375
v -0.128023125 0.171875 -11.89201375
v 0.109375 0.078125 -11.890625
v 0.109375 0.078125 -12.015625
v 0.128023125 0.171875 -11.890625
v 0.16248 0.1576025 -11.890625
v 0.1888525 0.13123 -11.890625
v 0.203125 0.096773125 -11.890625
v 0.203125 0.059476875 -11.890625
v 0.1888525 0.02502 -11.890625
v 0.16248 -0.0013525 -11.890625
v 0.128023125 -0.015625 -11.890625
v 0.090726875 -0.015625 -11.890625
v 0.05627 -0.0013525 -11.890625
v 0.0298975 0.02502 -11.890625
v 0.015625 0.059476875 -11.890625
v 0.015625 0.096773125 -11.890625
v 0.0298975 0.13123 -11.890625
v 0.05627 0.1576025 -11.890625
v 0.090726875 0.171875 -11.890625
v -0.484375 0.25 -11.0625
v -0.671875 0.25 -11.54375
v -0.484375 -0.125 -11.0625
v -0.671875 -0.125 -11.54375
v -1.171875 0.25 -11.0625
v -1.171875 0.25 -11.49375
v -1.171875 -0.125 -11.0625
v -1.171875 -0.125 -11.49375
v -0.640625 -0.078125 -11.765625
v -0.640625 -0.078125 -11.796875
v -0.640625 -0.109375 -11.765625
v -0.640625 -0.109375 -11.796875
v -1.203125 -0.078125 -11.765625
v -1.203125 -0.078125 -11.796875
v -1.203125 -0.109375 -11.765625
v -1.203125 -0.109375 -11.796875
v -0.921875 0.073223125 -11.671875
v -0.921875 0.073223125 -11.171875
v -0.870098125 -0.051776875 -11.671875
v -0.870098125 -0.051776875 -11.171875
v -0.796875 0.021446875 -11.671875
v -0.796875 0.021446875 -11.171875
v -0.796875 0.125 -11.671875
v -0.796875 0.125 -11.171875
v -0.870098125 0.198223125 -11.671875
v -0.870098125 0.198223125 -11.171875
v -0.973651875 0.198223125 -11.671875
v -0.973651875 0.198223125 -11.171875
v -1.046875 0.125 -11.671875
v -1.046875 0.125 -11.171875
v -1.046875 0.021446875 -11.671875
v -1.046875 0.021446875 -11.171875
v -0.973651875 -0.051776875 -11.671875
v -0.973651875 -0.051776875 -11.171875
v -0.640625 0.25 -11.671875
v -0.640625 0.25 -11.765625
v -0.640625 -0.109375 -11.671875
v -0.640625 -0.109375 -11.765625
v -1.203125 0.25 -11.671875
v -1.203125 0.25 -11.765625
v -1.203125 -0.109375 -11.671875
v -1.203125 -0.109375 -11.765625
v -0.640625 0.03125 -11.765625
v -0.640625 0.03125 -11.796875
v -0.640625 0 -11.765625
v -0.640625 0 -11.796875
v -1.203125 0.03125 -11.765625
v -1.203125 0.03125 -11.796875
v -1.203125 0 -11.765625
v -1.203125 0 -11.796875
v -0.640625 0.140625 -11.765625
v -0.640625 0.140625 -11.796875
v -0.640625 0.109375 -11.765625
v -0.640625 0.109375 -11.796875
v -1.203125 0.140625 -11.765625
v -1.203125 0.140625 -11.796875
v -1.203125 0.109375 -11.765625
v -1.203125 0.109375 -11.796875
v -0.640625 0.25 -11.765625
v -0.640625 0.25 -11.796875
v -0.640625 0.21875 -11.765625
v -0.640625 0.21875 -11.796875
v -1.203125 0.25 -11.765625
v -1.203125 0.25 -11.796875
v -1.203125 0.21875 -11.765625
v -1.203125 0.21875 -11.796875
v -0.328125 1.0654125 -11.514533125
v -0.328125 0.5625 -11.703125
v 0.328125 0.5625 -11.703125
v 0.328125 1.0654125 -11.514533125
v -1.4375 2.0625 -9.625
v -1.4375 0.5625 -9.625
v -1.4375 2.0625 -10.75
v -1.4375 0.5625 -10.75
v -1.3314475 2.86804875 -9.625
v -1.4375 2.0625 -9.625
v -1.33129125 2.773469375 -10.6875
v -1.4375 2.0625 -10.75
v 1.15625 2.910786875 -10.66027125
v 1.15625 2.33913625 -10.897056875
v -1.15625 2.910786875 -10.66027125
v -1.15625 2.33913625 -10.897056875
v -0.453125 1.0216625 -11.533283125
v -0.453125 0.68125 -11.665625
v 0.453125 0.68125 -11.665625
v 0.453125 1.0216625 -11.533283125
v 1.45 2.0625 -9.046875
v 1.45 1.1875 -9.046875
v 1.45 2.0625 -9.953125
v 1.45 1.1875 -9.953125
v 1.429605 2.217413125 -9.046875625
v 1.45 2.0625 -9.046875625
v 1.429605 2.217413125 -9.953125625
v 1.45 2.0625 -9.953125625
v -0.875 2.4217025 -10.6368
v -0.875 2.422999375 -10.862319375
v -0.875 2.759196875 -10.723061875
v -0.875 2.759451875 -10.63429875
v 0.375 2.41965875 -10.863703125
v 0.375 2.42109875 -10.636804375
v 0.375 2.7600725 -10.722699375
v 0.375 2.761320625 -10.634285
v 0.375 2.425 -10.6375
v 0.375 2.425 -10.8625
v -0.875 2.425 -10.6375
v -0.875 2.425 -10.8625
v 0.375 2.753125 -10.6375
v 0.375 2.753125 -10.728125
v -0.875 2.753125 -10.6375
v -0.875 2.753125 -10.728125
v 0.375 2.41875 -10.64375
v 0.375 2.759375 -10.64375
v -0.875 2.41875 -10.64375
v -0.875 2.759375 -10.64375
v -0.0673125 1.22398 -11.36885375
v -0.065545 1.18710375 -11.38336
v -0.06863125 1.21008 -11.33197
v -0.06686375 1.173205 -11.346476875
v -0.004963125 1.2275675 -11.367109375
v -0.00319625 1.190691875 -11.381615
v -0.006281875 1.213668125 -11.330225
v -0.004514375 1.176793125 -11.344731875
v -0.0673125 1.22398 -11.36885375
v -0.065544375 1.18710375 -11.38336
v -0.004963125 1.2275675 -11.367109375
v -0.003195625 1.190691875 -11.381615
v 0.7704375 1.22398 -11.36885375
v 0.768670625 1.187104375 -11.38336
v 0.77175625 1.210080625 -11.33197
v 0.76998875 1.173205 -11.34647625
v 0.708088125 1.2275675 -11.36710875
v 0.70632125 1.190691875 -11.381615
v 0.7094075 1.213668125 -11.330225
v 0.707639375 1.176793125 -11.344731875
v 0.7704375 1.22398 -11.36885375
v 0.76867 1.187104375 -11.38336
v 0.708088125 1.2275675 -11.36710875
v 0.706320625 1.190691875 -11.381615
v 0.31083 2.207485 -10.97963125
v 0.297495 1.80009375 -11.14013125
v 0.32953625 2.207980625 -10.97933625
v 0.334908125 1.801085 -11.139540625
v 0.281905625 1.79968 -11.140376875
v 0.280406875 1.7626675 -11.154954375
v 0.344261875 1.801333125 -11.13939375
v 0.342763125 1.764320625 -11.15397125
v 0.32307125 1.4307075 -11.28546375
v 0.33341 1.764071875 -11.15411875
v 0.304364375 1.43021125 -11.285758125
v 0.29599625 1.763080625 -11.154709375
v 0.33341 1.764071875 -11.15411875
v -0.020550625 1.226670625 -11.367545
v 0.342763125 1.764320625 -11.15397125
v -0.004963125 1.2275675 -11.367109375
v 0.280406875 1.7626675 -11.154954375
v -0.0673125 1.22398 -11.36885375
v 0.29599625 1.763080625 -11.154709375
v -0.051725 1.224876875 -11.3684175
v 0.517295 2.207485 -10.97963125
v 0.53063 1.80009375 -11.140131875
v 0.49858875 2.207980625 -10.97933625
v 0.49321625 1.801085625 -11.139540625
v 0.546219375 1.79968 -11.140376875
v 0.5477175 1.7626675 -11.154954375
v 0.483863125 1.801333125 -11.139393125
v 0.48536125 1.764320625 -11.15397125
v 0.505053125 1.430706875 -11.28546375
v 0.494715 1.7640725 -11.15411875
v 0.52376125 1.43021125 -11.285758125
v 0.532129375 1.76308 -11.154709375
v 0.494715 1.7640725 -11.15411875
v 0.723675 1.22667 -11.367545625
v 0.48536125 1.764320625 -11.15397125
v 0.708088125 1.227568125 -11.367109375
v 0.5477175 1.7626675 -11.154954375
v 0.770436875 1.22398 -11.368854375
v 0.532129375 1.76308 -11.154709375
v 0.75485 1.224876875 -11.3684175
v 0.31083 2.207485 -10.97963125
v 0.297495 1.80009375 -11.14013125
v 0.32953625 2.207980625 -10.97933625
v 0.334908125 1.801085 -11.139540625
v 0.281905625 1.79968 -11.140376875
v 0.280406875 1.7626675 -11.154954375
v 0.344261875 1.801333125 -11.13939375
v 0.342763125 1.764320625 -11.15397125
v 0.32307125 1.4307075 -11.28546375
v 0.33341 1.764071875 -11.15411875
v 0.304364375 1.43021125 -11.285758125
v 0.29599625 1.763080625 -11.154709375
v 0.33341 1.764071875 -11.15411875
v -0.020550625 1.226670625 -11.367545
v 0.342763125 1.764320625 -11.15397125
v -0.004963125 1.2275675 -11.367109375
v 0.280406875 1.7626675 -11.154954375
v -0.0673125 1.22398 -11.36885375
v 0.29599625 1.763080625 -11.154709375
v -0.051725 1.224876875 -11.3684175
v 0.517295 2.207485 -10.97963125
v 0.53063 1.80009375 -11.140131875
v 0.49858875 2.207980625 -10.97933625
v 0.49321625 1.801085625 -11.139540625
v 0.546219375 1.79968 -11.140376875
v 0.5477175 1.7626675 -11.154954375
v 0.483863125 1.801333125 -11.139393125
v 0.48536125 1.764320625 -11.15397125
v 0.505053125 1.430706875 -11.28546375
v 0.494715 1.7640725 -11.15411875
v 0.52376125 1.43021125 -11.285758125
v 0.532129375 1.76308 -11.154709375
v 0.494715 1.7640725 -11.15411875
v 0.723675 1.22667 -11.367545625
v 0.48536125 1.764320625 -11.15397125
v 0.708088125 1.227568125 -11.367109375
v 0.5477175 1.7626675 -11.154954375
v 0.770436875 1.22398 -11.368854375
v 0.532129375 1.76308 -11.154709375
v 0.75485 1.224876875 -11.3684175
v -1.45 2.0625 -9.046875
v -1.45 1.1875 -9.046875
v -1.45 2.0625 -9.953125
v -1.45 1.1875 -9.953125
v -1.429605 2.217413125 -9.046875625
v -1.45 2.0625 -9.046875625
v -1.429605 2.217413125 -9.953125625
v -1.45 2.0625 -9.953125625
v -1.45 1.875 -9.078125
v -1.45 1.03125 -9.078125
v -1.45 1.875 -9.953125
v -1.45 1.03125 -9.953125
v 1.45 1.03125 -9.953125
v 1.45 1.875 -9.078125
v 1.45 1.03125 -9.078125
v 1.45 1.875 -9.953125
v 1.375 0.25 -10.875
v -1.375 0.25 -10.875
v 1.375 0.25 -10.875
v -1.375 0.25 -10.875
v 1.375 0.25 -9.625
v -1.375 0.25 -9.625
v 1.375 0.25 -9.625
v -1.375 0.25 -9.625
vt 0.265625 0.6407375
vt 0.27460609375 0.625
vt 0.3110836328125 0.625
vt 0.295952890625 0.6484375
vt 0.453125 0.67578125
vt 0.453125 0.68359375
vt 0.41796875 0.682819921875
vt 0.417978828125 0.67578125
vt 0.44140625 0.77734375
vt 0.44140625 0.7890625
vt 0.40625 0.7885734375
vt 0.40625 0.7768546875
vt 0.25 0.6171877343750001
vt 0.25 0.640625
vt 0.21484375 0.640372890625
vt 0.21484375 0.616935625
vt 0.1875 0.6289061328125001
vt 0.1875 0.66015625
vt 0.15234375 0.6600701953125
vt 0.15234375 0.6288207031249999
vt 0.26056375 0.51171875
vt 0.2581936328125 0.5109184765625
vt 0.2705078125 0.5109184765625
vt 0.48046875 0.8958641796875
vt 0.48046875 0.8984375
vt 0.4535596484375 0.8967737890625
vt 0.482421875 0.9311441796875
vt 0.4808425 0.93359375
vt 0.4540296875 0.9311441796875
vt 0.4912109375 0.545761171875
vt 0.48958890625 0.546875
vt 0.4612185546875 0.545761171875
vt 0.4931640625 0.79952484375
vt 0.491656328125 0.80078125
vt 0.4616903125 0.79952484375
vt 0.48877921875 0.850671171875
vt 0.501953125 0.850671171875
vt 0.48967125 0.8515625
vt 0.2248421875 0.5067941406250001
vt 0.2255859375 0.5078125
vt 0.22315859375 0.507802734375
vt 0.1759898046875 0.56868390625
vt 0.18359375 0.5516278515624999
vt 0.18359375 0.5859375
vt 0.17578125 0.5711712109375
vt 0.46903296875 0.95703125
vt 0.4711858203125 0.955854765625
vt 0.4873046875 0.95703125
vt 0.4652837890625 0.96484375
vt 0.466693203125 0.9628106640625
vt 0.4814453125 0.96484375
vt 0.430622421875 0.5390625
vt 0.4303441015625 0.53662125
vt 0.4453125 0.53662125
vt 0.4666073046875 0.8515625
vt 0.4651074609375 0.84959375
vt 0.4814453125 0.84959375
vt 0.080078125 0.53125
vt 0.0784978125 0.529253203125
vt 0.080078125 0.5128951562499999
vt 0.4248046875 0.5390625
vt 0.422485078125 0.5379868359375
vt 0.4248046875 0.52262828125
vt 0.1162109375 0.5384290234375
vt 0.11379890625 0.5390625
vt 0.11379890625 0.5230846874999999
vt 0.341796875 0.53340359375
vt 0.339971875 0.53515625
vt 0.339971875 0.5175303515625
vt 0.2822265625 0.52505546875
vt 0.281371015625 0.52734375
vt 0.281371015625 0.5074503515625
vt 0.49310671875 0.8257919921875
vt 0.494140625 0.828125
vt 0.4892349609375 0.828125
vt 0.1142349609375 0.5068991406250001
vt 0.119140625 0.5068991406250001
vt 0.1165966015625 0.5078125
vt 0.2955932421875 1
vt 0.2620239453125 1
vt 0.2789233984375 0.9747963281250001
vt 0.2806470703125 0.9732424609375
vt 0.344769765625 0.61189390625
vt 0.359375 0.58820203125
vt 0.359375 0.640625
vt 0.34375 0.614213828125
vt 0.480135703125 0.5720195703125
vt 0.4814453125 0.57421875
vt 0.453265078125 0.57421875
vt 0.4860760546875 0.5961440234375
vt 0.48828125 0.59765625
vt 0.457936484375 0.59765625
vt 0.4497466015625 0.5390625
vt 0.451781171875 0.5378168359375
vt 0.4775390625 0.5390625
vt 0.430266328125 0.546875
vt 0.431592109375 0.5448289453124999
vt 0.4560546875 0.546875
vt 0.176140703125 0.5078125
vt 0.17620921875 0.507160859375
vt 0.1806640625 0.5078125
vt 0.491119921875 0.6615164062500001
vt 0.4912109375 0.6640625
vt 0.48865625 0.663115234375
vt 0.4886671875 0.66038046875
vt 0.38972828125 0.5098879296875001
vt 0.3916015625 0.51171875
vt 0.3870996484375 0.51171875
vt 0.3870062109375 0.5100066796875
vt 0.492312265625 0.95703125
vt 0.4967530859375 0.9561716796874999
vt 0.4990234375 0.95703125
vt 0.45416 0.6498088671875
vt 0.4606984765625 0.6482946093749999
vt 0.478515625 0.65234375
vt 0.45396796875 0.65234375
vt 0.4343471875 0.890625
vt 0.4658203125 0.8855034765625001
vt 0.4658203125 0.8904259765625
vt 0.12243359375 0.5703125
vt 0.1533203125 0.5703125
vt 0.134658984375 0.578125
vt 0.12164296875 0.57609140625
vt 0.0320159765625 0.78515625
vt 0.0419921875 0.78515625
vt 0.039730078125 0.7883646484375
vt 0.0336937109375 0.7890625
vt 0.341796875 0.5074708984375
vt 0.3402512109375 0.51171875
vt 0.3402512109375 0.5056421875
vt 0.3456623828125 0.738198828125
vt 0.3129607421875 0.7265625
vt 0.4130859375 0.7265625
vt 0.41240015625 0.73828125
vt 0.03125 0.79296875
vt 0.0546875 0.79296875
vt 0.0546875 0.88671875
vt 0.048812109375 0.88671875
vt 0.365234375 0.6623560546875
vt 0.3636996484375 0.66796875
vt 0.2660431640625 0.66796875
vt 0.27031234375 0.6535672265625
vt 0.251953125 0.9682736328125
vt 0.249211640625 0.9765625
vt 0.1490866015625 0.9765625
vt 0.1545712890625 0.9618219921875
vt 0.466796875 0.98046875
vt 0.418734375 0.98046875
vt 0.4218704296875 0.9723209765625
vt 0.0458984375 0.7265625
vt 0.0002391015625 0.7265625
vt 0.0014666796875 0.7208747265625
vt 0.4268908203125 0.6275389453125
vt 0.4716796875 0.6328125
vt 0.4259554296875 0.6328125
vt 0.4951171875 0.57921984375
vt 0.49409859375 0.58203125
vt 0.4493929296875 0.57921984375
vt 0.18810375 0.73828125
vt 0.1415785546875 0.73828125
vt 0.142374375 0.7278259375
vt 0.1904296875 0.7286303515625
vt 0.4912109375 0.7406951562499999
vt 0.4816422265625 0.7421875
vt 0.4812823828125 0.7406951562499999
vt 0.03515625 0.854815
vt 0.03125 0.8536909765625
vt 0.0325201953125 0.8466796875
vt 0.03515625 0.8473753515625
vt 0.06640625 0.609375
vt 0.06640625 0.61328125
vt 0.0469394921875 0.6125665234375
vt 0.046875 0.607882109375
vt 0.44921875 0.5625001171874999
vt 0.44921875 0.57421875
vt 0.4296875 0.5737841796875001
vt 0.430147109375 0.562085859375
vt 0.2894910546875 0.58984375
vt 0.3109816015625 0.58984375
vt 0.3110948828125 0.6210896875
vt 0.2906433984375 0.62109375
vt 0.1440348828125 0.5499910156250001
vt 0.14453125 0.5546875
vt 0.1225684765625 0.5546875
vt 0.121954140625 0.55039796875
vt 0.2375679296875 0.5703454296875
vt 0.23828125 0.58203125
vt 0.217003828125 0.58203125
vt 0.2153244140625 0.570971328125
vt 0.13671875 0.687475234375
vt 0.13671875 0.71875
vt 0.1171875 0.7178414453124999
vt 0.1175455078125 0.6864502734375
vt 0.38671875 0.8045050390625
vt 0.38671875 0.8359375
vt 0.36328125 0.83430484375
vt 0.363652421875 0.8029315625
vt 0.08203125 0.5506543749999999
vt 0.08203125 0.58203125
vt 0.07421875 0.5814388671874999
vt 0.0746089453125 0.5501148437500001
vt 0.476924453125 0.874609921875
vt 0.4775390625 0.87890625
vt 0.4563527734375 0.87890625
vt 0.453609375 0.875024609375
vt 0.28515625 0.6726246874999999
vt 0.28515625 0.6796875
vt 0.266420703125 0.6790730078125
vt 0.265625 0.6719580078125
vt 0.3954427734375 0.58984375
vt 0.416255234375 0.58984375
vt 0.416506953125 0.61328125
vt 0.395016484375 0.613273203125
vt 0.13671875 0.9140682812500001
vt 0.13671875 0.9375
vt 0.1189870703125 0.936910859375
vt 0.1171875 0.91358203125
vt 0.4564596484375 0.7195723828125
vt 0.4580078125 0.7265625
vt 0.4357284765625 0.7265625
vt 0.4345101171875 0.720127734375
vt 0.41758515625 0.6174550390625
vt 0.4208984375 0.640625
vt 0.3967110546875 0.640625
vt 0.3951028125 0.6178258984375
vt 0.0390625 0.86380015625
vt 0.0390625 0.88671875
vt 0.0317715625 0.8860172265625
vt 0.03125 0.8628338671875
vt 0.4555744921875 0.7084378515625
vt 0.45703125 0.71484375
vt 0.435395234375 0.71484375
vt 0.434472890625 0.70970625
vt 0.2060546875 0.7280562890625
vt 0.20418234375 0.73828125
vt 0.1955928125 0.735166953125
vt 0.1955928125 0.72776078125
vt 0.0943698828125 0.59309453125
vt 0.1002365234375 0.596168359375
vt 0.1005859375 0.6015625
vt 0.0903729296875 0.6015625
vt 0.488494296875 0.91796875
vt 0.4907692578125 0.916028125
vt 0.4951171875 0.91796875
vt 0.44413109375 0.930374921875
vt 0.4462890625 0.94140625
vt 0.423739140625 0.94140625
vt 0.4226251171875 0.9313033984375
vt 0.0546875 0.75
vt 0.05078125 0.7491120312499999
vt 0.0519224609375 0.7261307031249999
vt 0.0546875 0.7267523046875
vt 0.3359375 0.55859375
vt 0.33203125 0.5581572265625
vt 0.33203125 0.52683015625
vt 0.3359375 0.5272666796875001
vt 0.375 0.953125
vt 0.375 1
vt 0.3046875 1
vt 0.3046875 0.953125
vt 0.054459765625 0.61932734375
vt 0.06640625 0.6171875
vt 0.06640625 0.6640625
vt 0.04296875 0.6640625
vt 0.37890625 0.6360405078125
vt 0.36328125 0.639847109375
vt 0.365908046875 0.5955339453124999
vt 0.37890625 0.58984375
vt 0.015625 0.6234768749999999
vt 0 0.628274296875
vt 0.0042808203125 0.5847566015625
vt 0.015625 0.5791015625
vt 0.3127458984375 0.7812793359375
vt 0.3127458984375 0.7467542968750001
vt 0.3515230859375 0.7451171875
vt 0.3515625 0.788845078125
vt 0.407718359375 0.890774609375
vt 0.4462890625 0.897881640625
vt 0.383515234375 0.897881640625
vt 0.383787890625 0.890625
vt 0.0352490625 0.6285853515625
vt 0.0352490625 0.57421875
vt 0.04775875 0.5793640234374999
vt 0.2465773046875 0.5595703125
vt 0.2563523828125 0.5673676171875
vt 0.2465773046875 0.6049282031250001
vt 0.368184609375 0.6946574999999999
vt 0.359860703125 0.6787109375
vt 0.410647109375 0.6787109375
vt 0.40149796875 0.5087890625
vt 0.401589765625 0.5112737890625
vt 0.3993990625 0.5112737890625
vt 0.3984375 0.508837421875
vt 0.4921875 0.77095078125
vt 0.4921875 0.7734375
vt 0.489108203125 0.7733218749999999
vt 0.48828125 0.7709125
vt 0.1492351171875 0.5092327734375
vt 0.1492811328125 0.51171875
vt 0.1453945703125 0.51171875
vt 0.1446641796875 0.509273671875
vt 0.488502734375 0.66796875
vt 0.490989453125 0.66796875
vt 0.4909086328125 0.6714672265625
vt 0.488549140625 0.671875
vt 0.4765625 0.51953125
vt 0.48046875 0.51953125
vt 0.48046875 0.523314765625
vt 0.4765625 0.5234375
vt 0.13281890625 0.51171875
vt 0.13281890625 0.50923203125
vt 0.13768890625 0.5092455078125
vt 0.1371522265625 0.51171875
vt 0.324440234375 0.5078125
vt 0.326926953125 0.5078125
vt 0.326893359375 0.51171875
vt 0.324461328125 0.5114875
vt 0.4885560546875 0.8125
vt 0.4885560546875 0.8100137109375
vt 0.4928892578125 0.8100441796875
vt 0.4921522265625 0.8124270703125
vt 0.347811015625 0.51171875
vt 0.347811015625 0.509232265625
vt 0.351407734375 0.5091951171875
vt 0.3505567578125 0.5116051953125
vt 0.4884625 0.57421875
vt 0.4884625 0.57173203125
vt 0.4912109375 0.5716785156249999
vt 0.490390625 0.574087890625
vt 0.0966796875 0.5077929296875
vt 0.0941933984375 0.5077929296875
vt 0.094148515625 0.505859375
vt 0.096552734375 0.50652328125
vt 0.493306640625 0.8747941406249999
vt 0.49276875 0.8723664062500001
vt 0.494013671875 0.8720703125
vt 0.494140625 0.874539453125
vt 0.4945078125 0.909657421875
vt 0.492913671875 0.90774921875
vt 0.493620703125 0.9072265625
vt 0.4951171875 0.9091746093749999
vt 0.217495703125 0.506847265625
vt 0.215008984375 0.506847265625
vt 0.2151453125 0.506080859375
vt 0.217608203125 0.505859375
vt 0.4902265625 0.508627734375
vt 0.48903359375 0.510809375
vt 0.48828125 0.5101550781249999
vt 0.488996484375 0.5078125
vt 0.4921875 0.6845921875000001
vt 0.4921875 0.68707875
vt 0.489001875 0.686888515625
vt 0.48828125 0.6845703125
vt 0.4884841015625 0.8203125
vt 0.4884841015625 0.81782578125
vt 0.4929612109375 0.8178600390624999
vt 0.4922430859375 0.82017015625
vt 0.488705390625 0.890625
vt 0.488705390625 0.8881384765625
vt 0.493716484375 0.8881807421875
vt 0.4931823828125 0.890625
vt 0.4885064453125 0.67578125
vt 0.4909931640625 0.67578125
vt 0.4909158203125 0.6796875
vt 0.4884990234375 0.6794578124999999
vt 0.2072727734375 0.5078125
vt 0.209759140625 0.5078125
vt 0.209198828125 0.51163796875
vt 0.207233046875 0.51171875
vt 0.1994634765625 0.5078125
vt 0.2019499609375 0.5078125
vt 0.2018955078125 0.511028359375
vt 0.1994172265625 0.51171875
vt 0.086889296875 0.5078125
vt 0.0893759375 0.5078125
vt 0.0892791015625 0.5112637890625
vt 0.0864053125 0.51171875
vt 0.23828125 0.5088080078125
vt 0.23828125 0.5112944140625
vt 0.23526359375 0.5113092578125
vt 0.234375 0.5087890625
vt 0.3203125 0.50923203125
vt 0.3203125 0.51171875
vt 0.31723671875 0.511644921875
vt 0.31640625 0.50922421875
vt 0.490578125 0.563594140625
vt 0.4903640625 0.566071484375
vt 0.48879453125 0.565739453125
vt 0.48828125 0.5634765625
vt 0.490236328125 0.5164015625
vt 0.489208203125 0.518665625
vt 0.48828125 0.518095703125
vt 0.488835546875 0.515625
vt 0.4948720703125 0.7921
vt 0.4923853515625 0.7921
vt 0.4925427734375 0.791206640625
vt 0.4949193359375 0.791015625
vt 0.080276953125 0.507421484375
vt 0.0788921875 0.50535625
vt 0.079775 0.5048828125
vt 0.0810546875 0.5069574218749999
vt 0.4951171875 0.8666593359375
vt 0.4926309375 0.8666593359375
vt 0.492597890625 0.865234375
vt 0.495101953125 0.8656625390625
vt 0.4911506640625 0.58984375
vt 0.4886666796875 0.5897275390625
vt 0.4886666796875 0.5868024609375
vt 0.4912109375 0.5877951171875
vt 0.3320822265625 0.51171875
vt 0.3321248046875 0.5092328125000001
vt 0.3358865234375 0.5092062500000001
vt 0.3350041015625 0.5115796875
vt 0.492601171875 0.8823640625
vt 0.49244375 0.8798828125
vt 0.494140625 0.88149453125
vt 0.168844140625 0.5058980468750001
vt 0.1708984375 0.505859375
vt 0.170519921875 0.507531640625
vt 0.494140625 0.7333984375
vt 0.49401796875 0.7340421875
vt 0.492614453125 0.734290625
vt 0.4792465234375 0.61328125
vt 0.4768081640625 0.6127961328125
vt 0.4792465234375 0.6069087890625
vt 0.2995591796875 0.52734375
vt 0.2971205078125 0.5268586328125
vt 0.2995591796875 0.5209714062499999
vt 0.0573715625 0.5234375
vt 0.054933125 0.52295265625
vt 0.0573715625 0.5170651562499999
vt 0.1179044140625 0.6796875
vt 0.11741921875 0.67724859375
vt 0.12379171875 0.67724859375
vt 0.477279140625 0.8125
vt 0.476794296875 0.8100615625
vt 0.483166640625 0.8100615625
vt 0.379138046875 0.52734375
vt 0.3796231640625 0.5249050390625001
vt 0.385510390625 0.52734375
vt 0.215075546875 0.5234375
vt 0.215560390625 0.5209990625
vt 0.221447890625 0.5234375
vt 0.472901640625 0.720675234375
vt 0.475340546875 0.7201900390625
vt 0.475340546875 0.7265625
vt 0.476808125 0.9198937890625
vt 0.4792465625 0.91940890625
vt 0.4792465625 0.92578125
vt 0.0275892578125 0.5170651562499999
vt 0.0300279296875 0.5175502734374999
vt 0.0275892578125 0.5234375
vt 0.1525894140625 0.51755015625
vt 0.1550277734375 0.5170650390625
vt 0.1550277734375 0.5234375
vt 0.2600252734375 0.63818609375
vt 0.26051046875 0.640625
vt 0.25413796875 0.640625
vt 0.482681796875 0.8178740625
vt 0.483166640625 0.8203125
vt 0.476794296875 0.8203125
vt 0.049572890625 0.5209987890625001
vt 0.0490877734375 0.5234375
vt 0.043200546875 0.5209987890625001
vt 0.483166640625 0.9116240625
vt 0.482681796875 0.9140625
vt 0.476794296875 0.9116240625
vt 0.475340546875 0.9838898046875
vt 0.472901640625 0.984375
vt 0.472901640625 0.9780025390625
vt 0.4792465234375 0.6953125
vt 0.4768081640625 0.6948273828125
vt 0.4792465234375 0.6889400390625
vt 0.4753404296875 0.671875
vt 0.4729017578125 0.6713898828125
vt 0.4753404296875 0.6655026562499999
vt 0.3503403125 0.5234375
vt 0.347901875 0.52295265625
vt 0.3503403125 0.5170651562499999
vt 0.3014981640625 0.8515625
vt 0.30101296875 0.84912359375
vt 0.30738546875 0.84912359375
vt 0.477279140625 0.68359375
vt 0.476794296875 0.6811553125
vt 0.483166640625 0.6811553125
vt 0.008044296875 0.5234375
vt 0.0085294140625 0.5209987890625001
vt 0.014416640625 0.5234375
vt 0.476794296875 0.71484375
vt 0.477279140625 0.7124053125
vt 0.483166640625 0.71484375
vt 0.289307890625 0.521456484375
vt 0.291746796875 0.5209712890625
vt 0.291746796875 0.52734375
vt 0.476808125 0.6269250390625001
vt 0.4792465625 0.6264401562499999
vt 0.4792465625 0.6328125
vt 0.4143080078125 0.5209714062499999
vt 0.4167466796875 0.5214565234374999
vt 0.4143080078125 0.52734375
vt 0.4768081640625 0.70114390625
vt 0.4792465234375 0.7006587890625
vt 0.4792465234375 0.70703125
vt 0.2131502734375 0.67724859375
vt 0.21363546875 0.6796875
vt 0.20726296875 0.6796875
vt 0.408947890625 0.5249050390625001
vt 0.4084627734375 0.52734375
vt 0.402575546875 0.5249050390625001
vt 0.483166640625 0.8256865625
vt 0.482681796875 0.828125
vt 0.476794296875 0.8256865625
vt 0.475340546875 0.8901398046875
vt 0.472901640625 0.890625
vt 0.472901640625 0.8842525390625
vt 0.482681796875 0.7670928125
vt 0.483166640625 0.76953125
vt 0.476794296875 0.76953125
vt 0.01156703125 0.7989766796875
vt 0.00796421875 0.8004861328125
vt 0.00796421875 0.79328453125
vt 0.0102027734375 0.7919921875
vt 0.3671875 0.55859375
vt 0.36328125 0.55859375
vt 0.36328125 0.53515625
vt 0.3671875 0.53515625
vt 0.00390625 0.81640625
vt 0 0.81640625
vt 0 0.78515625
vt 0.00390625 0.78515625
vt 0.3110836328125 0.625
vt 0.27460609375 0.625
vt 0.265625 0.6407375
vt 0.295952890625 0.6484375
vt 0.41796875 0.682819921875
vt 0.453125 0.68359375
vt 0.453125 0.67578125
vt 0.417978828125 0.67578125
vt 0.40625 0.7885734375
vt 0.44140625 0.7890625
vt 0.44140625 0.77734375
vt 0.40625 0.7768546875
vt 0.21484375 0.640372890625
vt 0.25 0.640625
vt 0.25 0.6171877343750001
vt 0.21484375 0.616935625
vt 0.15234375 0.6600701953125
vt 0.1875 0.66015625
vt 0.1875 0.6289061328125001
vt 0.15234375 0.6288207031249999
vt 0.2581936328125 0.5109184765625
vt 0.26056375 0.51171875
vt 0.2705078125 0.5109184765625
vt 0.48046875 0.8984375
vt 0.48046875 0.8958641796875
vt 0.4535596484375 0.8967737890625
vt 0.4808425 0.93359375
vt 0.482421875 0.9311441796875
vt 0.4540296875 0.9311441796875
vt 0.48958890625 0.546875
vt 0.4912109375 0.545761171875
vt 0.4612185546875 0.545761171875
vt 0.491656328125 0.80078125
vt 0.4931640625 0.79952484375
vt 0.4616903125 0.79952484375
vt 0.501953125 0.850671171875
vt 0.48877921875 0.850671171875
vt 0.48967125 0.8515625
vt 0.2255859375 0.5078125
vt 0.2248421875 0.5067941406250001
vt 0.22315859375 0.507802734375
vt 0.18359375 0.5859375
vt 0.18359375 0.5516278515624999
vt 0.1759898046875 0.56868390625
vt 0.17578125 0.5711712109375
vt 0.4711858203125 0.955854765625
vt 0.46903296875 0.95703125
vt 0.4873046875 0.95703125
vt 0.466693203125 0.9628106640625
vt 0.4652837890625 0.96484375
vt 0.4814453125 0.96484375
vt 0.4303441015625 0.53662125
vt 0.430622421875 0.5390625
vt 0.4453125 0.53662125
vt 0.4651074609375 0.84959375
vt 0.4666073046875 0.8515625
vt 0.4814453125 0.84959375
vt 0.0784978125 0.529253203125
vt 0.080078125 0.53125
vt 0.080078125 0.5128951562499999
vt 0.422485078125 0.5379868359375
vt 0.4248046875 0.5390625
vt 0.4248046875 0.52262828125
vt 0.11379890625 0.5390625
vt 0.1162109375 0.5384290234375
vt 0.11379890625 0.5230846874999999
vt 0.339971875 0.53515625
vt 0.341796875 0.53340359375
vt 0.339971875 0.5175303515625
vt 0.281371015625 0.52734375
vt 0.2822265625 0.52505546875
vt 0.281371015625 0.5074503515625
vt 0.494140625 0.828125
vt 0.49310671875 0.8257919921875
vt 0.4892349609375 0.828125
vt 0.119140625 0.5068991406250001
vt 0.1142349609375 0.5068991406250001
vt 0.1165966015625 0.5078125
vt 0.2789233984375 0.9747963281250001
vt 0.2620239453125 1
vt 0.2955932421875 1
vt 0.2806470703125 0.9732424609375
vt 0.359375 0.640625
vt 0.359375 0.58820203125
vt 0.344769765625 0.61189390625
vt 0.34375 0.614213828125
vt 0.4814453125 0.57421875
vt 0.480135703125 0.5720195703125
vt 0.453265078125 0.57421875
vt 0.48828125 0.59765625
vt 0.4860760546875 0.5961440234375
vt 0.457936484375 0.59765625
vt 0.451781171875 0.5378168359375
vt 0.4497466015625 0.5390625
vt 0.4775390625 0.5390625
vt 0.431592109375 0.5448289453124999
vt 0.430266328125 0.546875
vt 0.4560546875 0.546875
vt 0.17620921875 0.507160859375
vt 0.176140703125 0.5078125
vt 0.1806640625 0.5078125
vt 0.48865625 0.663115234375
vt 0.4912109375 0.6640625
vt 0.491119921875 0.6615164062500001
vt 0.4886671875 0.66038046875
vt 0.3870996484375 0.51171875
vt 0.3916015625 0.51171875
vt 0.38972828125 0.5098879296875001
vt 0.3870062109375 0.5100066796875
vt 0.4967530859375 0.9561716796874999
vt 0.492312265625 0.95703125
vt 0.4990234375 0.95703125
vt 0.478515625 0.65234375
vt 0.4606984765625 0.6482946093749999
vt 0.45416 0.6498088671875
vt 0.45396796875 0.65234375
vt 0.4658203125 0.8855034765625001
vt 0.4343471875 0.890625
vt 0.4658203125 0.8904259765625
vt 0.134658984375 0.578125
vt 0.1533203125 0.5703125
vt 0.12243359375 0.5703125
vt 0.12164296875 0.57609140625
vt 0.039730078125 0.7883646484375
vt 0.0419921875 0.78515625
vt 0.0320159765625 0.78515625
vt 0.0336937109375 0.7890625
vt 0.3402512109375 0.51171875
vt 0.341796875 0.5074708984375
vt 0.3402512109375 0.5056421875
vt 0.4130859375 0.7265625
vt 0.3129607421875 0.7265625
vt 0.3456623828125 0.738198828125
vt 0.41240015625 0.73828125
vt 0.0546875 0.88671875
vt 0.0546875 0.79296875
vt 0.03125 0.79296875
vt 0.048812109375 0.88671875
vt 0.2660431640625 0.66796875
vt 0.3636996484375 0.66796875
vt 0.365234375 0.6623560546875
vt 0.27031234375 0.6535672265625
vt 0.1490866015625 0.9765625
vt 0.249211640625 0.9765625
vt 0.251953125 0.9682736328125
vt 0.1545712890625 0.9618219921875
vt 0.418734375 0.98046875
vt 0.466796875 0.98046875
vt 0.4218704296875 0.9723209765625
vt 0.0002391015625 0.7265625
vt 0.0458984375 0.7265625
vt 0.0014666796875 0.7208747265625
vt 0.4716796875 0.6328125
vt 0.4268908203125 0.6275389453125
vt 0.4259554296875 0.6328125
vt 0.49409859375 0.58203125
vt 0.4951171875 0.57921984375
vt 0.4493929296875 0.57921984375
vt 0.142374375 0.7278259375
vt 0.1415785546875 0.73828125
vt 0.18810375 0.73828125
vt 0.1904296875 0.7286303515625
vt 0.4816422265625 0.7421875
vt 0.4912109375 0.7406951562499999
vt 0.4812823828125 0.7406951562499999
vt 0.0325201953125 0.8466796875
vt 0.03125 0.8536909765625
vt 0.03515625 0.854815
vt 0.03515625 0.8473753515625
vt 0.0469394921875 0.6125665234375
vt 0.06640625 0.61328125
vt 0.06640625 0.609375
vt 0.046875 0.607882109375
vt 0.4296875 0.5737841796875001
vt 0.44921875 0.57421875
vt 0.44921875 0.5625001171874999
vt 0.430147109375 0.562085859375
vt 0.3110948828125 0.6210896875
vt 0.3109816015625 0.58984375
vt 0.2894910546875 0.58984375
vt 0.2906433984375 0.62109375
vt 0.1225684765625 0.5546875
vt 0.14453125 0.5546875
vt 0.1440348828125 0.5499910156250001
vt 0.121954140625 0.55039796875
vt 0.217003828125 0.58203125
vt 0.23828125 0.58203125
vt 0.2375679296875 0.5703454296875
vt 0.2153244140625 0.570971328125
vt 0.1171875 0.7178414453124999
vt 0.13671875 0.71875
vt 0.13671875 0.687475234375
vt 0.1175455078125 0.6864502734375
vt 0.36328125 0.83430484375
vt 0.38671875 0.8359375
vt 0.38671875 0.8045050390625
vt 0.363652421875 0.8029315625
vt 0.07421875 0.5814388671874999
vt 0.08203125 0.58203125
vt 0.08203125 0.5506543749999999
vt 0.0746089453125 0.5501148437500001
vt 0.4563527734375 0.87890625
vt 0.4775390625 0.87890625
vt 0.476924453125 0.874609921875
vt 0.453609375 0.875024609375
vt 0.266420703125 0.6790730078125
vt 0.28515625 0.6796875
vt 0.28515625 0.6726246874999999
vt 0.265625 0.6719580078125
vt 0.416506953125 0.61328125
vt 0.416255234375 0.58984375
vt 0.3954427734375 0.58984375
vt 0.395016484375 0.613273203125
vt 0.1189870703125 0.936910859375
vt 0.13671875 0.9375
vt 0.13671875 0.9140682812500001
vt 0.1171875 0.91358203125
vt 0.4357284765625 0.7265625
vt 0.4580078125 0.7265625
vt 0.4564596484375 0.7195723828125
vt 0.4345101171875 0.720127734375
vt 0.3967110546875 0.640625
vt 0.4208984375 0.640625
vt 0.41758515625 0.6174550390625
vt 0.3951028125 0.6178258984375
vt 0.0317715625 0.8860172265625
vt 0.0390625 0.88671875
vt 0.0390625 0.86380015625
vt 0.03125 0.8628338671875
vt 0.435395234375 0.71484375
vt 0.45703125 0.71484375
vt 0.4555744921875 0.7084378515625
vt 0.434472890625 0.70970625
vt 0.1955928125 0.735166953125
vt 0.20418234375 0.73828125
vt 0.2060546875 0.7280562890625
vt 0.1955928125 0.72776078125
vt 0.1005859375 0.6015625
vt 0.1002365234375 0.596168359375
vt 0.0943698828125 0.59309453125
vt 0.0903729296875 0.6015625
vt 0.4907692578125 0.916028125
vt 0.488494296875 0.91796875
vt 0.4951171875 0.91796875
vt 0.423739140625 0.94140625
vt 0.4462890625 0.94140625
vt 0.44413109375 0.930374921875
vt 0.4226251171875 0.9313033984375
vt 0.0519224609375 0.7261307031249999
vt 0.05078125 0.7491120312499999
vt 0.0546875 0.75
vt 0.0546875 0.7267523046875
vt 0.33203125 0.52683015625
vt 0.33203125 0.5581572265625
vt 0.3359375 0.55859375
vt 0.3359375 0.5272666796875001
vt 0.0038971484375 0.712890703125
vt 0.0703125 0.71875
vt 0.0703125 0.66796875
vt 0 0.66796875
vt 0.140625 0.8359375
vt 0.2109375 0.8359375
vt 0.2109375 0.7421875
vt 0.140625 0.7421875
vt 0.3046875 1
vt 0.375 1
vt 0.375 0.953125
vt 0.3046875 0.953125
vt 0.06640625 0.6640625
vt 0.06640625 0.6171875
vt 0.054459765625 0.61932734375
vt 0.04296875 0.6640625
vt 0.365908046875 0.5955339453124999
vt 0.36328125 0.639847109375
vt 0.37890625 0.6360405078125
vt 0.37890625 0.58984375
vt 0.0042808203125 0.5847566015625
vt 0 0.628274296875
vt 0.015625 0.6234768749999999
vt 0.015625 0.5791015625
vt 0.3515230859375 0.7451171875
vt 0.3127458984375 0.7467542968750001
vt 0.3127458984375 0.7812793359375
vt 0.3515625 0.788845078125
vt 0.383515234375 0.897881640625
vt 0.4462890625 0.897881640625
vt 0.407718359375 0.890774609375
vt 0.383787890625 0.890625
vt 0.0352490625 0.57421875
vt 0.0352490625 0.6285853515625
vt 0.04775875 0.5793640234374999
vt 0.2563523828125 0.5673676171875
vt 0.2465773046875 0.5595703125
vt 0.2465773046875 0.6049282031250001
vt 0.359860703125 0.6787109375
vt 0.368184609375 0.6946574999999999
vt 0.410647109375 0.6787109375
vt 0.37890625 0.9765625
vt 0.37890625 1
vt 0.41015625 1
vt 0.41015625 0.9765625
vt 0.390625 0.8359375
vt 0.41796875 0.8359375
vt 0.41796875 0.8125
vt 0.390625 0.8125
vt 0.03125 0.6640625
vt 0.04296875 0.6328125
vt 0 0.6328125
vt 0 0.6609375
vt 0.1484375 0.6601560546875
vt 0.1484375 0.6171875
vt 0.1171875 0.62890609375
vt 0.120312109375 0.6601560546875
vt 0.0703125 0.60546875
vt 0.0703125 0.62890625
vt 0.1015625 0.62890625
vt 0.1015625 0.60546875
vt 0.4765625 0.52734375
vt 0.4765625 0.53125
vt 0.48046875 0.53125
vt 0.48046875 0.52734375
vt 0.28125 0.59375
vt 0.28515625 0.59375
vt 0.28515625 0.58984375
vt 0.28125 0.58984375
vt 0.484375 0.58984375
vt 0.484375 0.5859375
vt 0.44921875 0.5859375
vt 0.44921875 0.58984375
vt 0.03125 0.5625
vt 0.03125 0.52734375
vt 0.02734375 0.52734375
vt 0.02734375 0.5625
vt 0.4375 0.92578125
vt 0.47265625 0.92578125
vt 0.47265625 0.921875
vt 0.4375 0.921875
vt 0.4375 0.9140625
vt 0.4375 0.91796875
vt 0.47265625 0.91796875
vt 0.47265625 0.9140625
vt 0.4596744140625 0.736208203125
vt 0.4571976171875 0.7421875
vt 0.4656539453125 0.7421875
vt 0.421875 0.6015625
vt 0.453125 0.6015625
vt 0.453125 0.59375
vt 0.421875 0.59375
vt 0.4634388671875 0.6790437109375
vt 0.4574595703125 0.68152046875
vt 0.4634388671875 0.6875
vt 0.2540726171875 0.62683296875
vt 0.2565496484375 0.6328125
vt 0.2625289453125 0.62683296875
vt 0.11328125 0.9765625
vt 0.14453125 0.9765625
vt 0.14453125 0.96875
vt 0.11328125 0.96875
vt 0.2508101171875 0.5546875
vt 0.248333359375 0.548707890625
vt 0.2423539453125 0.5546875
vt 0.137146953125 0.54296875
vt 0.143126484375 0.5404918750000001
vt 0.137146953125 0.5345126171875
vt 0.42578125 0.81640625
vt 0.45703125 0.81640625
vt 0.45703125 0.80859375
vt 0.42578125 0.80859375
vt 0.2508101171875 0.54296875
vt 0.248333203125 0.53698921875
vt 0.2423539453125 0.54296875
vt 0.0082408203125 0.5390625
vt 0.0142201171875 0.5365858984375
vt 0.0082408203125 0.5306063671875
vt 0.1640625 0.546875
vt 0.1640625 0.578125
vt 0.171875 0.578125
vt 0.171875 0.546875
vt 0.4670834765625 0.8125
vt 0.4695601171875 0.8065207421875
vt 0.4611039453125 0.8065207421875
vt 0.4617476171875 0.56640625
vt 0.459270703125 0.56042671875
vt 0.4532914453125 0.56640625
vt 0.453125 0.6640625
vt 0.421875 0.6640625
vt 0.421875 0.671875
vt 0.453125 0.671875
vt 0.176209453125 0.546875
vt 0.182188984375 0.5443981250000001
vt 0.176209453125 0.5384188671875
vt 0.1336226171875 0.90625
vt 0.131145859375 0.900270390625
vt 0.1251664453125 0.90625
vt 0.453125 0.8203125
vt 0.421875 0.8203125
vt 0.421875 0.828125
vt 0.453125 0.828125
vt 0.2933969140625 0.9818982421875
vt 0.2993765234375 0.984375
vt 0.2993765234375 0.9759188671875
vt 0.46343890625 0.607301640625
vt 0.45745953125 0.6048251171875
vt 0.45745953125 0.61328125
vt 0.453125 0.60546875
vt 0.421875 0.60546875
vt 0.421875 0.61328125
vt 0.453125 0.61328125
vt 0.4571976953125 0.665895625
vt 0.45967421875 0.671875
vt 0.4656538671875 0.665895625
vt 0.4635805859375 0.7635519921875
vt 0.4611039453125 0.76953125
vt 0.4695601171875 0.76953125
vt 0.1953125 0.578125
vt 0.1953125 0.546875
vt 0.1875 0.546875
vt 0.1875 0.578125
vt 0.2604555859375 0.5330832421875
vt 0.2579789453125 0.5390625
vt 0.2664351171875 0.5390625
vt 0.109375 0.54296875
vt 0.109375 0.56640625
vt 0.1171875 0.56640625
vt 0.1171875 0.54296875
vt 0.03515625 0.5703125
vt 0.04296875 0.5703125
vt 0.04296875 0.546875
vt 0.03515625 0.546875
vt 0.453125 0.73828125
vt 0.453125 0.73046875
vt 0.41796875 0.73046875
vt 0.41796875 0.73828125
vt 0.0546875 0.7890625
vt 0.0546875 0.75390625
vt 0.046875 0.75390625
vt 0.046875 0.7890625
vt 0.35546875 0.765625
vt 0.390625 0.765625
vt 0.390625 0.7421875
vt 0.35546875 0.7421875
vt 0.359375 0.69921875
vt 0.359375 0.72265625
vt 0.39453125 0.72265625
vt 0.39453125 0.69921875
vt 0.39453125 0.69140625
vt 0.39453125 0.6953125
vt 0.3984375 0.6953125
vt 0.3984375 0.69140625
vt 0.2890625 0.97265625
vt 0.29296875 0.97265625
vt 0.29296875 0.96875
vt 0.2890625 0.96875
vt 0.47265625 0.703125
vt 0.47265625 0.69921875
vt 0.4375 0.69921875
vt 0.4375 0.703125
vt 0.4375 0.6953125
vt 0.47265625 0.6953125
vt 0.47265625 0.69140625
vt 0.4375 0.69140625
vt 0.4453125 1
vt 0.48046875 1
vt 0.48046875 0.99609375
vt 0.4453125 0.99609375
vt 0.4453125 0.98828125
vt 0.4453125 0.9921875
vt 0.48046875 0.9921875
vt 0.48046875 0.98828125
vt 0.3203125 0.73828125
vt 0.3203125 0.7421875
vt 0.32421875 0.7421875
vt 0.32421875 0.73828125
vt 0.4765625 0.55859375
vt 0.48046875 0.55859375
vt 0.48046875 0.5546875
vt 0.4765625 0.5546875
vt 0.48046875 0.79296875
vt 0.48046875 0.7890625
vt 0.4453125 0.7890625
vt 0.4453125 0.79296875
vt 0.328125 0.55859375
vt 0.328125 0.5234375
vt 0.32421875 0.5234375
vt 0.32421875 0.55859375
vt 0.4453125 0.78515625
vt 0.48046875 0.78515625
vt 0.48046875 0.78125
vt 0.4453125 0.78125
vt 0.4453125 0.7734375
vt 0.4453125 0.77734375
vt 0.48046875 0.77734375
vt 0.48046875 0.7734375
vt 0.1171875 0.58984375
vt 0.1171875 0.59375
vt 0.12109375 0.59375
vt 0.12109375 0.58984375
vt 0.30859375 0.64453125
vt 0.3125 0.64453125
vt 0.3125 0.640625
vt 0.30859375 0.640625
vt 0.48046875 0.7578125
vt 0.48046875 0.75390625
vt 0.4453125 0.75390625
vt 0.4453125 0.7578125
vt 0.4453125 0.75
vt 0.48046875 0.75
vt 0.48046875 0.74609375
vt 0.4453125 0.74609375
vt 0.4296875 0.5546875
vt 0.46484375 0.5546875
vt 0.46484375 0.55078125
vt 0.4296875 0.55078125
vt 0.44921875 0.96875
vt 0.44921875 0.97265625
vt 0.484375 0.97265625
vt 0.484375 0.96875
vt 0.3993990625 0.5112737890625
vt 0.401589765625 0.5112737890625
vt 0.40149796875 0.5087890625
vt 0.3984375 0.508837421875
vt 0.489108203125 0.7733218749999999
vt 0.4921875 0.7734375
vt 0.4921875 0.77095078125
vt 0.48828125 0.7709125
vt 0.1453945703125 0.51171875
vt 0.1492811328125 0.51171875
vt 0.1492351171875 0.5092327734375
vt 0.1446641796875 0.509273671875
vt 0.4909086328125 0.6714672265625
vt 0.490989453125 0.66796875
vt 0.488502734375 0.66796875
vt 0.488549140625 0.671875
vt 0.48046875 0.523314765625
vt 0.48046875 0.51953125
vt 0.4765625 0.51953125
vt 0.4765625 0.5234375
vt 0.13768890625 0.5092455078125
vt 0.13281890625 0.50923203125
vt 0.13281890625 0.51171875
vt 0.1371522265625 0.51171875
vt 0.326893359375 0.51171875
vt 0.326926953125 0.5078125
vt 0.324440234375 0.5078125
vt 0.324461328125 0.5114875
vt 0.4928892578125 0.8100441796875
vt 0.4885560546875 0.8100137109375
vt 0.4885560546875 0.8125
vt 0.4921522265625 0.8124270703125
vt 0.351407734375 0.5091951171875
vt 0.347811015625 0.509232265625
vt 0.347811015625 0.51171875
vt 0.3505567578125 0.5116051953125
vt 0.4912109375 0.5716785156249999
vt 0.4884625 0.57173203125
vt 0.4884625 0.57421875
vt 0.490390625 0.574087890625
vt 0.094148515625 0.505859375
vt 0.0941933984375 0.5077929296875
vt 0.0966796875 0.5077929296875
vt 0.096552734375 0.50652328125
vt 0.494013671875 0.8720703125
vt 0.49276875 0.8723664062500001
vt 0.493306640625 0.8747941406249999
vt 0.494140625 0.874539453125
vt 0.493620703125 0.9072265625
vt 0.492913671875 0.90774921875
vt 0.4945078125 0.909657421875
vt 0.4951171875 0.9091746093749999
vt 0.2151453125 0.506080859375
vt 0.215008984375 0.506847265625
vt 0.217495703125 0.506847265625
vt 0.217608203125 0.505859375
vt 0.48828125 0.5101550781249999
vt 0.48903359375 0.510809375
vt 0.4902265625 0.508627734375
vt 0.488996484375 0.5078125
vt 0.489001875 0.686888515625
vt 0.4921875 0.68707875
vt 0.4921875 0.6845921875000001
vt 0.48828125 0.6845703125
vt 0.4929612109375 0.8178600390624999
vt 0.4884841015625 0.81782578125
vt 0.4884841015625 0.8203125
vt 0.4922430859375 0.82017015625
vt 0.493716484375 0.8881807421875
vt 0.488705390625 0.8881384765625
vt 0.488705390625 0.890625
vt 0.4931823828125 0.890625
vt 0.4909158203125 0.6796875
vt 0.4909931640625 0.67578125
vt 0.4885064453125 0.67578125
vt 0.4884990234375 0.6794578124999999
vt 0.209198828125 0.51163796875
vt 0.209759140625 0.5078125
vt 0.2072727734375 0.5078125
vt 0.207233046875 0.51171875
vt 0.2018955078125 0.511028359375
vt 0.2019499609375 0.5078125
vt 0.1994634765625 0.5078125
vt 0.1994172265625 0.51171875
vt 0.0892791015625 0.5112637890625
vt 0.0893759375 0.5078125
vt 0.086889296875 0.5078125
vt 0.0864053125 0.51171875
vt 0.23526359375 0.5113092578125
vt 0.23828125 0.5112944140625
vt 0.23828125 0.5088080078125
vt 0.234375 0.5087890625
vt 0.31723671875 0.511644921875
vt 0.3203125 0.51171875
vt 0.3203125 0.50923203125
vt 0.31640625 0.50922421875
vt 0.48879453125 0.565739453125
vt 0.4903640625 0.566071484375
vt 0.490578125 0.563594140625
vt 0.48828125 0.5634765625
vt 0.48828125 0.518095703125
vt 0.489208203125 0.518665625
vt 0.490236328125 0.5164015625
vt 0.488835546875 0.515625
vt 0.4925427734375 0.791206640625
vt 0.4923853515625 0.7921
vt 0.4948720703125 0.7921
vt 0.4949193359375 0.791015625
vt 0.079775 0.5048828125
vt 0.0788921875 0.50535625
vt 0.080276953125 0.507421484375
vt 0.0810546875 0.5069574218749999
vt 0.492597890625 0.865234375
vt 0.4926309375 0.8666593359375
vt 0.4951171875 0.8666593359375
vt 0.495101953125 0.8656625390625
vt 0.4886666796875 0.5868024609375
vt 0.4886666796875 0.5897275390625
vt 0.4911506640625 0.58984375
vt 0.4912109375 0.5877951171875
vt 0.3358865234375 0.5092062500000001
vt 0.3321248046875 0.5092328125000001
vt 0.3320822265625 0.51171875
vt 0.3350041015625 0.5115796875
vt 0.49244375 0.8798828125
vt 0.492601171875 0.8823640625
vt 0.494140625 0.88149453125
vt 0.1708984375 0.505859375
vt 0.168844140625 0.5058980468750001
vt 0.170519921875 0.507531640625
vt 0.49401796875 0.7340421875
vt 0.494140625 0.7333984375
vt 0.492614453125 0.734290625
vt 0.4768081640625 0.6127961328125
vt 0.4792465234375 0.61328125
vt 0.4792465234375 0.6069087890625
vt 0.2971205078125 0.5268586328125
vt 0.2995591796875 0.52734375
vt 0.2995591796875 0.5209714062499999
vt 0.054933125 0.52295265625
vt 0.0573715625 0.5234375
vt 0.0573715625 0.5170651562499999
vt 0.11741921875 0.67724859375
vt 0.1179044140625 0.6796875
vt 0.12379171875 0.67724859375
vt 0.476794296875 0.8100615625
vt 0.477279140625 0.8125
vt 0.483166640625 0.8100615625
vt 0.3796231640625 0.5249050390625001
vt 0.379138046875 0.52734375
vt 0.385510390625 0.52734375
vt 0.215560390625 0.5209990625
vt 0.215075546875 0.5234375
vt 0.221447890625 0.5234375
vt 0.475340546875 0.7201900390625
vt 0.472901640625 0.720675234375
vt 0.475340546875 0.7265625
vt 0.4792465625 0.91940890625
vt 0.476808125 0.9198937890625
vt 0.4792465625 0.92578125
vt 0.0300279296875 0.5175502734374999
vt 0.0275892578125 0.5170651562499999
vt 0.0275892578125 0.5234375
vt 0.1550277734375 0.5170650390625
vt 0.1525894140625 0.51755015625
vt 0.1550277734375 0.5234375
vt 0.26051046875 0.640625
vt 0.2600252734375 0.63818609375
vt 0.25413796875 0.640625
vt 0.483166640625 0.8203125
vt 0.482681796875 0.8178740625
vt 0.476794296875 0.8203125
vt 0.0490877734375 0.5234375
vt 0.049572890625 0.5209987890625001
vt 0.043200546875 0.5209987890625001
vt 0.482681796875 0.9140625
vt 0.483166640625 0.9116240625
vt 0.476794296875 0.9116240625
vt 0.472901640625 0.984375
vt 0.475340546875 0.9838898046875
vt 0.472901640625 0.9780025390625
vt 0.4768081640625 0.6948273828125
vt 0.4792465234375 0.6953125
vt 0.4792465234375 0.6889400390625
vt 0.4729017578125 0.6713898828125
vt 0.4753404296875 0.671875
vt 0.4753404296875 0.6655026562499999
vt 0.347901875 0.52295265625
vt 0.3503403125 0.5234375
vt 0.3503403125 0.5170651562499999
vt 0.30101296875 0.84912359375
vt 0.3014981640625 0.8515625
vt 0.30738546875 0.84912359375
vt 0.476794296875 0.6811553125
vt 0.477279140625 0.68359375
vt 0.483166640625 0.6811553125
vt 0.0085294140625 0.5209987890625001
vt 0.008044296875 0.5234375
vt 0.014416640625 0.5234375
vt 0.477279140625 0.7124053125
vt 0.476794296875 0.71484375
vt 0.483166640625 0.71484375
vt 0.291746796875 0.5209712890625
vt 0.289307890625 0.521456484375
vt 0.291746796875 0.52734375
vt 0.4792465625 0.6264401562499999
vt 0.476808125 0.6269250390625001
vt 0.4792465625 0.6328125
vt 0.4167466796875 0.5214565234374999
vt 0.4143080078125 0.5209714062499999
vt 0.4143080078125 0.52734375
vt 0.4792465234375 0.7006587890625
vt 0.4768081640625 0.70114390625
vt 0.4792465234375 0.70703125
vt 0.21363546875 0.6796875
vt 0.2131502734375 0.67724859375
vt 0.20726296875 0.6796875
vt 0.4084627734375 0.52734375
vt 0.408947890625 0.5249050390625001
vt 0.402575546875 0.5249050390625001
vt 0.482681796875 0.828125
vt 0.483166640625 0.8256865625
vt 0.476794296875 0.8256865625
vt 0.472901640625 0.890625
vt 0.475340546875 0.8901398046875
vt 0.472901640625 0.8842525390625
vt 0.483166640625 0.76953125
vt 0.482681796875 0.7670928125
vt 0.476794296875 0.76953125
vt 0.00796421875 0.79328453125
vt 0.00796421875 0.8004861328125
vt 0.01156703125 0.7989766796875
vt 0.0102027734375 0.7919921875
vt 0.36328125 0.53515625
vt 0.36328125 0.55859375
vt 0.3671875 0.55859375
vt 0.3671875 0.53515625
vt 0 0.78515625
vt 0 0.81640625
vt 0.00390625 0.81640625
vt 0.00390625 0.78515625
vt 0.41796875 0.95703125
vt 0.4609375 0.95703125
vt 0.4609375 0.96484375
vt 0.41796875 0.96484375
vt 0.3046875 0.91796875
vt 0.37890625 0.91796875
vt 0.37890625 0.94921875
vt 0.3046875 0.94921875
vt 0.1056759765625 0.591796875
vt 0.1257693359375 0.6115723046875
vt 0.1056759765625 0.6245737499999999
vt 0.3046875 0.88671875
vt 0.376953125 0.88671875
vt 0.361328125 0.9140625
vt 0.3203125 0.9140625
vt 0.40799 0.9052734375
vt 0.3949885546875 0.9253667578125
vt 0.375213125 0.9052734375
vt 0.3440625 0.59375
vt 0.3440625 0.541327265625
vt 0.349296875 0.54161640625
vt 0.4223199609375 0.953125
vt 0.4220308203125 0.947890625
vt 0.4744535546875 0.947890625
vt 0.3046875 0.65234375
vt 0.3564453125 0.64453125
vt 0.3974609375 0.64453125
vt 0.44921875 0.65234375
vt 0.48857421875 0.834277734375
vt 0.4836015625 0.8359375
vt 0.4562578125 0.8359375
vt 0.421875 0.8321562499999999
vt 0.2348100390625 0.56558046875
vt 0.2348100390625 0.5190556640624999
vt 0.2378462109375 0.5472739453125
vt 0.2372848046875 0.56640625
vt 0.48828125 0.640625
vt 0.42578125 0.640625
vt 0.4538984375 0.6367609375000001
vt 0.3115234375 0.5419714453125
vt 0.3106541796875 0.5693013671875
vt 0.3088371484375 0.57421875
vt 0.3088371484375 0.5074858203125
vt 0.4542500390625 0.62109375
vt 0.42603171875 0.6171875
vt 0.4725565625 0.6171875
vt 0.47338234375 0.62053234375
vt 0.484375 0.66015625
vt 0.421875 0.66015625
vt 0.4562578125 0.6562921875000001
vt 0.0234375 0.515625
vt 0.0234375 0.578125
vt 0.01953125 0.578125
vt 0.01953125 0.515625
vt 0.359375 0.51953125
vt 0.359375 0.58203125
vt 0.35546875 0.58203125
vt 0.35546875 0.51953125
vt 0.00390625 0.515625
vt 0.00390625 0.578125
vt 0 0.578125
vt 0 0.515625
vt 0.2578125 0.98046875
vt 0.2578125 1
vt 0.11328125 1
vt 0.11328125 0.98046875
vt 0.125 0.58203125
vt 0.1484375 0.58203125
vt 0.1484375 0.6015625
vt 0.125 0.6015625
vt 0.31640625 0.58203125
vt 0.33984375 0.58203125
vt 0.33984375 0.6015625
vt 0.31640625 0.6015625
vt 0.1875 0.60546875
vt 0.1875 0.58203125
vt 0.2109375 0.58203125
vt 0.2109375 0.60546875
vt 0.14453125 0.55859375
vt 0.14453125 0.56640625
vt 0.12109375 0.56640625
vt 0.12109375 0.55859375
vt 0.375 0.55859375
vt 0.37109375 0.55859375
vt 0.37109375 0.53515625
vt 0.375 0.53515625
vt 0.36328125 0.796875
vt 0.36328125 0.79296875
vt 0.38671875 0.79296875
vt 0.38671875 0.796875
vt 0.31640625 0.60546875
vt 0.33984375 0.60546875
vt 0.33984375 0.640625
vt 0.31640625 0.640625
vt 0.30078125 0.83984375
vt 0.478515625 0.83984375
vt 0.42578125 0.8515625
vt 0.353515625 0.8515625
vt 0.30078125 0.85546875
vt 0.48046875 0.85546875
vt 0.4794921875 0.8671875
vt 0.3017578125 0.8671875
vt 0.33984375 0.578125
vt 0.32421875 0.578125
vt 0.32421875 0.5625
vt 0.33984375 0.5625
vt 0.44140625 0.7421875
vt 0.44140625 0.7578125
vt 0.42578125 0.7578125
vt 0.42578125 0.7421875
vt 0.390625 0.79296875
vt 0.421875 0.79296875
vt 0.421875 0.80859375
vt 0.390625 0.80859375
vt 0.0859375 0.5859375
vt 0.0859375 0.6015625
vt 0.0546875 0.6015625
vt 0.0546875 0.5859375
vt 0.4296875 0.70703125
vt 0.4296875 0.72265625
vt 0.3984375 0.72265625
vt 0.3984375 0.70703125
vt 0.43359375 0.703125
vt 0.40234375 0.703125
vt 0.40234375 0.6875
vt 0.43359375 0.6875
vt 0.15625 0.56640625
vt 0.1484375 0.56640625
vt 0.1484375 0.54296875
vt 0.15625 0.54296875
vt 0.22265625 0.54296875
vt 0.22265625 0.56640625
vt 0.21484375 0.56640625
vt 0.21484375 0.54296875
vt 0.42578125 0.796875
vt 0.45703125 0.796875
vt 0.45703125 0.8046875
vt 0.42578125 0.8046875
vt 0.45703125 0.76171875
vt 0.45703125 0.76953125
vt 0.42578125 0.76953125
vt 0.42578125 0.76171875
vt 0.18359375 0.59765625
vt 0.18359375 0.62109375
vt 0.15234375 0.62109375
vt 0.15234375 0.59765625
vt 0.28515625 0.62109375
vt 0.25390625 0.62109375
vt 0.25390625 0.59765625
vt 0.28515625 0.59765625
vt 0.37890625 0.5859375
vt 0.36328125 0.5859375
vt 0.36328125 0.5625
vt 0.37890625 0.5625
vt 0.0703125 0.55859375
vt 0.0703125 0.58203125
vt 0.0546875 0.58203125
vt 0.0546875 0.55859375
vt 0.4140625 0.984375
vt 0.44140625 0.984375
vt 0.44140625 1
vt 0.4140625 1
vt 0.1171875 0.5703125
vt 0.1171875 0.5859375
vt 0.08984375 0.5859375
vt 0.08984375 0.5703125
vt 0.2421875 0.5859375
vt 0.2421875 0.609375
vt 0.21484375 0.609375
vt 0.21484375 0.5859375
vt 0.421875 0.765625
vt 0.39453125 0.765625
vt 0.39453125 0.7421875
vt 0.421875 0.7421875
vt 0.0789351171875 0.5361328125
vt 0.076458203125 0.54211234375
vt 0.0704789453125 0.5361328125
vt 0.39453125 0.54296875
vt 0.40234375 0.54296875
vt 0.40234375 0.57421875
vt 0.39453125 0.57421875
vt 0.086365703125 0.5369894921875
vt 0.092345234375 0.5345126171875
vt 0.092345234375 0.54296875
vt 0.2795834765625 0.5322265625
vt 0.2820601171875 0.5382058203125
vt 0.2736039453125 0.5382058203125
vt 0.0078125 0.54296875
vt 0.015625 0.54296875
vt 0.015625 0.57421875
vt 0.0078125 0.57421875
vt 0.4670834765625 0.7088644921875
vt 0.4695601171875 0.71484375
vt 0.4611039453125 0.71484375
vt 0.035584453125 0.5341796875
vt 0.041563984375 0.5366565624999999
vt 0.035584453125 0.5426358203125
vt 0.40625 0.54296875
vt 0.4140625 0.54296875
vt 0.4140625 0.57421875
vt 0.40625 0.57421875
vt 0.1062788671875 0.53698921875
vt 0.103801953125 0.54296875
vt 0.0978226953125 0.53698921875
vt 0.1488658203125 0.5327500390625
vt 0.1548451171875 0.5302734375
vt 0.1548451171875 0.5387295703125
vt 0.26171875 0.54296875
vt 0.26953125 0.54296875
vt 0.26953125 0.57421875
vt 0.26171875 0.57421875
vt 0.2212513671875 0.5365858984375
vt 0.2152720703125 0.5390625
vt 0.2152720703125 0.5306063671875
vt 0.1212601953125 0.54211234375
vt 0.123737109375 0.5361328125
vt 0.1297163671875 0.54211234375
vt 0.41796875 0.54296875
vt 0.42578125 0.54296875
vt 0.42578125 0.57421875
vt 0.41796875 0.57421875
vt 0.463438984375 0.828125
vt 0.457459453125 0.8256481250000001
vt 0.463438984375 0.8196688671875
vt 0.2917055859375 0.5382058203125
vt 0.2892289453125 0.5322265625
vt 0.2976851171875 0.5322265625
vt 0.28515625 0.54296875
vt 0.29296875 0.54296875
vt 0.29296875 0.57421875
vt 0.28515625 0.57421875
vt 0.3815493359375 0.5390625
vt 0.3790726953125 0.5330832421875
vt 0.3875288671875 0.5330832421875
vt 0.193907734375 0.5426358203125
vt 0.187928203125 0.5401589453125
vt 0.193907734375 0.5341796875
vt 0.296875 0.54296875
vt 0.3046875 0.54296875
vt 0.3046875 0.57421875
vt 0.296875 0.57421875
vt 0.1603226953125 0.54296875
vt 0.162799609375 0.53698921875
vt 0.1687788671875 0.54296875
vt 0.4009388671875 0.53625296875
vt 0.3949595703125 0.5387295703125
vt 0.3949595703125 0.5302734375
vt 0.2734375 0.54296875
vt 0.28125 0.54296875
vt 0.28125 0.57421875
vt 0.2734375 0.57421875
vt 0.4064164453125 0.5390625
vt 0.4088930859375 0.5330832421875
vt 0.4148726171875 0.5390625
vt 0.4869829296875 0.7061694921875
vt 0.4846967578125 0.7057146484375
vt 0.4869829296875 0.7001953125
vt 0.13671875 0.5177851171875
vt 0.1390335546875 0.5175087890625
vt 0.1390335546875 0.52734375
vt 0.0182328125 0.510856875
vt 0.015946875 0.510402265625
vt 0.0182328125 0.5048828125
vt 0.265625 0.5177851171875
vt 0.2679398046875 0.5175087890625
vt 0.2679398046875 0.52734375
vt 0.29948296875 0.514763125
vt 0.29719671875 0.5143084765625
vt 0.29948296875 0.5087890625
vt 0.03515625 0.5177851171875
vt 0.0374710546875 0.5175087890625
vt 0.0374710546875 0.52734375
vt 0.4852607421875 0.9251380078125
vt 0.484805859375 0.9228515625
vt 0.490780078125 0.9228515625
vt 0.445619921875 0.5216913671875
vt 0.447934765625 0.5214150390625
vt 0.447934765625 0.53125
vt 0.484805859375 0.6946690234374999
vt 0.4852607421875 0.6923828125
vt 0.490780078125 0.6946690234374999
vt 0.4615523828125 0.5216913671875
vt 0.4638671875 0.5214150390625
vt 0.4638671875 0.53125
vt 0.4887121875 0.9837312109375
vt 0.4891668359375 0.9814453125
vt 0.49468625 0.9837312109375
vt 0.2584273828125 0.5177851171875
vt 0.2607421875 0.5175087890625
vt 0.2607421875 0.52734375
vt 0.4852607421875 0.6321690234374999
vt 0.484805859375 0.6298828125
vt 0.490780078125 0.6298828125
vt 0.1451461328125 0.5177851171875
vt 0.1474609375 0.5175087890625
vt 0.1474609375 0.52734375
vt 0.398868359375 0.5188880078125
vt 0.3993232421875 0.5166015625
vt 0.404842578125 0.5188880078125
vt 0.469057421875 0.5568476171875
vt 0.471372265625 0.5565712890625
vt 0.471372265625 0.56640625
vt 0.4846967578125 0.6455078125
vt 0.4869829296875 0.6459626953125
vt 0.4846967578125 0.6514819921875
vt 0.0859375 0.5177851171875
vt 0.0882523046875 0.5175087890625
vt 0.0882523046875 0.52734375
vt 0.023759375 0.5048828125
vt 0.0260453125 0.5053374609375
vt 0.023759375 0.510856875
vt 0.47265625 0.7326288671875
vt 0.4749710546875 0.7323525390625
vt 0.4749710546875 0.7421875
vt 0.16047796875 0.5087890625
vt 0.16276421875 0.5092437109375
vt 0.16047796875 0.514763125
vt 0.0625 0.5177851171875
vt 0.0648148046875 0.5175087890625
vt 0.0648148046875 0.52734375
vt 0.0997001953125 0.5126953125
vt 0.100155078125 0.5149817578125
vt 0.094180859375 0.5149817578125
vt 0.453432421875 0.5216913671875
vt 0.455747265625 0.5214150390625
vt 0.455747265625 0.53125
vt 0.361873828125 0.5126953125
vt 0.3614189453125 0.5149815234374999
vt 0.355899609375 0.5126953125
vt 0.4693648828125 0.5216913671875
vt 0.4716796875 0.5214150390625
vt 0.4716796875 0.53125
vt 0.47124875 0.5126953125
vt 0.4707941015625 0.5149812109375
vt 0.4652746875 0.5126953125
vt 0.2740523828125 0.5177851171875
vt 0.2763671875 0.5175087890625
vt 0.2763671875 0.52734375
vt 0.3735925 0.5126953125
vt 0.3731378515625 0.5149815625
vt 0.3676184375 0.5126953125
vt 0.1920211328125 0.5177851171875
vt 0.1943359375 0.5175087890625
vt 0.1943359375 0.52734375
vt 0.1080768359375 0.5143083984375
vt 0.1057903515625 0.5147632421875
vt 0.1057903515625 0.5087890625
vt 0.437807421875 0.5216913671875
vt 0.440122265625 0.5214150390625
vt 0.440122265625 0.53125
vt 0.49078 0.7783203125
vt 0.4903253515625 0.7806065625
vt 0.4848059375 0.7783203125
vt 0.2428023828125 0.5216913671875
vt 0.2451171875 0.5214150390625
vt 0.2451171875 0.53125
vt 0.49078 0.5361328125
vt 0.4903253515625 0.5384187109375
vt 0.4848059375 0.5361328125
vt 0.4303023828125 0.5216913671875
vt 0.4326171875 0.5214150390625
vt 0.4326171875 0.53125
vt 0.490780078125 0.7587890625
vt 0.4903251953125 0.7610752734375
vt 0.484805859375 0.7587890625
vt 0.4693648828125 0.8185663671875
vt 0.4716796875 0.8182900390625
vt 0.4716796875 0.828125
vt 0.4903251953125 0.9970703125
vt 0.490780078125 0.9993567578125
vt 0.484805859375 0.9993567578125
vt 0.121401171875 0.5216913671875
vt 0.123716015625 0.5214150390625
vt 0.123716015625 0.53125
vt 0.48469671875 0.8642578125
vt 0.48698296875 0.8647124609375
vt 0.48469671875 0.870231875
vt 0.16015625 0.5216913671875
vt 0.1624710546875 0.5214150390625
vt 0.1624710546875 0.53125
vt 0.484696875 0.5244140625
vt 0.4869828125 0.5248687109375
vt 0.484696875 0.530388125
vt 0.36328125 0.5216913671875
vt 0.3655960546875 0.5214150390625
vt 0.3655960546875 0.53125
vt 0.2425092578125 0.5087890625
vt 0.2447954296875 0.5092439453125
vt 0.2425092578125 0.5147632421875
vt 0.25 0.5216913671875
vt 0.2523148046875 0.5214150390625
vt 0.2523148046875 0.53125
vt 0.0081341015625 0.50924390625
vt 0.0104205859375 0.5087890625
vt 0.0104205859375 0.5147632421875
vt 0.097963671875 0.5216913671875
vt 0.100278515625 0.5214150390625
vt 0.100278515625 0.53125
vt 0.4848059375 0.8587315625
vt 0.4852605859375 0.8564453125
vt 0.49078 0.8587315625
vt 0.1842086328125 0.5216913671875
vt 0.1865234375 0.5214150390625
vt 0.1865234375 0.53125
vt 0.4769934375 0.5149812109375
vt 0.4774480859375 0.5126953125
vt 0.4829675 0.5149812109375
vt 0.3717086328125 0.5216913671875
vt 0.3740234375 0.5214150390625
vt 0.3740234375 0.53125
vt 0.484805859375 0.7532627734375
vt 0.4852607421875 0.7509765625
vt 0.490780078125 0.7532627734375
vt 0.1763961328125 0.5216913671875
vt 0.1787109375 0.5214150390625
vt 0.1787109375 0.53125
vt 0.4852607421875 0.9915442578125
vt 0.484805859375 0.9892578125
vt 0.490780078125 0.9892578125
vt 0.129213671875 0.5216913671875
vt 0.131528515625 0.5214150390625
vt 0.131528515625 0.53125
vt 0.25260796875 0.514763125
vt 0.25032171875 0.5143084765625
vt 0.25260796875 0.5087890625
vt 0.16796875 0.5216913671875
vt 0.1702835546875 0.5214150390625
vt 0.1702835546875 0.53125
vt 0.0026078125 0.510856875
vt 0.000321875 0.510402265625
vt 0.0026078125 0.5048828125
vt 0.46875 0.6037226171875
vt 0.4710648046875 0.6034462890625
vt 0.4710648046875 0.61328125
vt 0.2916704296875 0.5147632421875
vt 0.2893842578125 0.5143083984375
vt 0.2916704296875 0.5087890625
vt 0.46875 0.6779413671875
vt 0.4710648046875 0.6776650390625
vt 0.4710648046875 0.6875
vt 0.0455768359375 0.5143083984375
vt 0.0432903515625 0.5147632421875
vt 0.0432903515625 0.5087890625
vt 0.105776171875 0.5216913671875
vt 0.108091015625 0.5214150390625
vt 0.108091015625 0.53125
vt 0.41015625 1
vt 0.37890625 1
vt 0.37890625 0.9765625
vt 0.41015625 0.9765625
vt 0.41796875 0.8125
vt 0.41796875 0.8359375
vt 0.390625 0.8359375
vt 0.390625 0.8125
vt 0 0.6328125
vt 0.04296875 0.6328125
vt 0.03125 0.6640625
vt 0 0.6609375
vt 0.1171875 0.62890609375
vt 0.1484375 0.6171875
vt 0.1484375 0.6601560546875
vt 0.120312109375 0.6601560546875
vt 0.1015625 0.62890625
vt 0.0703125 0.62890625
vt 0.0703125 0.60546875
vt 0.1015625 0.60546875
vt 0.48046875 0.53125
vt 0.4765625 0.53125
vt 0.4765625 0.52734375
vt 0.48046875 0.52734375
vt 0.28515625 0.58984375
vt 0.28515625 0.59375
vt 0.28125 0.59375
vt 0.28125 0.58984375
vt 0.44921875 0.5859375
vt 0.484375 0.5859375
vt 0.484375 0.58984375
vt 0.44921875 0.58984375
vt 0.02734375 0.52734375
vt 0.03125 0.52734375
vt 0.03125 0.5625
vt 0.02734375 0.5625
vt 0.47265625 0.921875
vt 0.47265625 0.92578125
vt 0.4375 0.92578125
vt 0.4375 0.921875
vt 0.47265625 0.91796875
vt 0.4375 0.91796875
vt 0.4375 0.9140625
vt 0.47265625 0.9140625
vt 0.4571976171875 0.7421875
vt 0.4596744140625 0.736208203125
vt 0.4656539453125 0.7421875
vt 0.453125 0.59375
vt 0.453125 0.6015625
vt 0.421875 0.6015625
vt 0.421875 0.59375
vt 0.4574595703125 0.68152046875
vt 0.4634388671875 0.6790437109375
vt 0.4634388671875 0.6875
vt 0.2565496484375 0.6328125
vt 0.2540726171875 0.62683296875
vt 0.2625289453125 0.62683296875
vt 0.14453125 0.96875
vt 0.14453125 0.9765625
vt 0.11328125 0.9765625
vt 0.11328125 0.96875
vt 0.248333359375 0.548707890625
vt 0.2508101171875 0.5546875
vt 0.2423539453125 0.5546875
vt 0.143126484375 0.5404918750000001
vt 0.137146953125 0.54296875
vt 0.137146953125 0.5345126171875
vt 0.45703125 0.80859375
vt 0.45703125 0.81640625
vt 0.42578125 0.81640625
vt 0.42578125 0.80859375
vt 0.248333203125 0.53698921875
vt 0.2508101171875 0.54296875
vt 0.2423539453125 0.54296875
vt 0.0142201171875 0.5365858984375
vt 0.0082408203125 0.5390625
vt 0.0082408203125 0.5306063671875
vt 0.171875 0.578125
vt 0.1640625 0.578125
vt 0.1640625 0.546875
vt 0.171875 0.546875
vt 0.4695601171875 0.8065207421875
vt 0.4670834765625 0.8125
vt 0.4611039453125 0.8065207421875
vt 0.459270703125 0.56042671875
vt 0.4617476171875 0.56640625
vt 0.4532914453125 0.56640625
vt 0.421875 0.671875
vt 0.421875 0.6640625
vt 0.453125 0.6640625
vt 0.453125 0.671875
vt 0.182188984375 0.5443981250000001
vt 0.176209453125 0.546875
vt 0.176209453125 0.5384188671875
vt 0.131145859375 0.900270390625
vt 0.1336226171875 0.90625
vt 0.1251664453125 0.90625
vt 0.421875 0.828125
vt 0.421875 0.8203125
vt 0.453125 0.8203125
vt 0.453125 0.828125
vt 0.2993765234375 0.984375
vt 0.2933969140625 0.9818982421875
vt 0.2993765234375 0.9759188671875
vt 0.45745953125 0.6048251171875
vt 0.46343890625 0.607301640625
vt 0.45745953125 0.61328125
vt 0.421875 0.61328125
vt 0.421875 0.60546875
vt 0.453125 0.60546875
vt 0.453125 0.61328125
vt 0.45967421875 0.671875
vt 0.4571976953125 0.665895625
vt 0.4656538671875 0.665895625
vt 0.4611039453125 0.76953125
vt 0.4635805859375 0.7635519921875
vt 0.4695601171875 0.76953125
vt 0.1875 0.546875
vt 0.1953125 0.546875
vt 0.1953125 0.578125
vt 0.1875 0.578125
vt 0.2579789453125 0.5390625
vt 0.2604555859375 0.5330832421875
vt 0.2664351171875 0.5390625
vt 0.1171875 0.56640625
vt 0.109375 0.56640625
vt 0.109375 0.54296875
vt 0.1171875 0.54296875
vt 0.04296875 0.546875
vt 0.04296875 0.5703125
vt 0.03515625 0.5703125
vt 0.03515625 0.546875
vt 0.41796875 0.73046875
vt 0.453125 0.73046875
vt 0.453125 0.73828125
vt 0.41796875 0.73828125
vt 0.046875 0.75390625
vt 0.0546875 0.75390625
vt 0.0546875 0.7890625
vt 0.046875 0.7890625
vt 0.390625 0.7421875
vt 0.390625 0.765625
vt 0.35546875 0.765625
vt 0.35546875 0.7421875
vt 0.39453125 0.72265625
vt 0.359375 0.72265625
vt 0.359375 0.69921875
vt 0.39453125 0.69921875
vt 0.3984375 0.6953125
vt 0.39453125 0.6953125
vt 0.39453125 0.69140625
vt 0.3984375 0.69140625
vt 0.29296875 0.96875
vt 0.29296875 0.97265625
vt 0.2890625 0.97265625
vt 0.2890625 0.96875
vt 0.4375 0.69921875
vt 0.47265625 0.69921875
vt 0.47265625 0.703125
vt 0.4375 0.703125
vt 0.47265625 0.69140625
vt 0.47265625 0.6953125
vt 0.4375 0.6953125
vt 0.4375 0.69140625
vt 0.48046875 0.99609375
vt 0.48046875 1
vt 0.4453125 1
vt 0.4453125 0.99609375
vt 0.48046875 0.9921875
vt 0.4453125 0.9921875
vt 0.4453125 0.98828125
vt 0.48046875 0.98828125
vt 0.32421875 0.7421875
vt 0.3203125 0.7421875
vt 0.3203125 0.73828125
vt 0.32421875 0.73828125
vt 0.48046875 0.5546875
vt 0.48046875 0.55859375
vt 0.4765625 0.55859375
vt 0.4765625 0.5546875
vt 0.4453125 0.7890625
vt 0.48046875 0.7890625
vt 0.48046875 0.79296875
vt 0.4453125 0.79296875
vt 0.32421875 0.5234375
vt 0.328125 0.5234375
vt 0.328125 0.55859375
vt 0.32421875 0.55859375
vt 0.48046875 0.78125
vt 0.48046875 0.78515625
vt 0.4453125 0.78515625
vt 0.4453125 0.78125
vt 0.48046875 0.77734375
vt 0.4453125 0.77734375
vt 0.4453125 0.7734375
vt 0.48046875 0.7734375
vt 0.12109375 0.59375
vt 0.1171875 0.59375
vt 0.1171875 0.58984375
vt 0.12109375 0.58984375
vt 0.3125 0.640625
vt 0.3125 0.64453125
vt 0.30859375 0.64453125
vt 0.30859375 0.640625
vt 0.4453125 0.75390625
vt 0.48046875 0.75390625
vt 0.48046875 0.7578125
vt 0.4453125 0.7578125
vt 0.48046875 0.74609375
vt 0.48046875 0.75
vt 0.4453125 0.75
vt 0.4453125 0.74609375
vt 0.46484375 0.55078125
vt 0.46484375 0.5546875
vt 0.4296875 0.5546875
vt 0.4296875 0.55078125
vt 0.484375 0.97265625
vt 0.44921875 0.97265625
vt 0.44921875 0.96875
vt 0.484375 0.96875
vt 0.21875 0.64453125
vt 0.26171875 0.64453125
vt 0.26171875 0.6796875
vt 0.21875 0.6796875
vt 0.2109375 0.7421875
vt 0.2109375 0.8359375
vt 0.140625 0.8359375
vt 0.140625 0.7421875
vt 0.0703125 0.66796875
vt 0.0703125 0.71875
vt 0.0038971484375 0.712890703125
vt 0 0.66796875
vt 0.28515625 0.68359375
vt 0.28515625 0.72265625
vt 0.140625 0.72265625
vt 0.140625 0.68359375
vt 0.5830078125 0.654296875
vt 0.845703125 0.654296875
vt 0.845703125 0.7568359375
vt 0.5830078125 0.7568359375
vt 0.3447265625 0.406982421875
vt 0.2880859375 0.406982421875
vt 0.2880859375 0.352294921875
vt 0.3447265625 0.352294921875
vt 0.3447265625 0.4167753515625
vt 0.2880859375 0.4167753515625
vt 0.2880859375 0.4070097265625
vt 0.3447265625 0.4070097265625
vt 0.1257384375 0.47533820312499997
vt 0.1255966796875 0.4921875
vt 0.088839375 0.4921875
vt 0.0888114453125 0.48557937500000004
vt 0.08874359375 0.4921875
vt 0.125961875 0.4921875
vt 0.125804453125 0.47531988281250004
vt 0.0886071484375 0.48563601562500003
vt 0.2138671875 0.4560546875
vt 0.2138671875 0.490234375
vt 0.1640625 0.490234375
vt 0.1640625 0.4560546875
vt 0.1630859375 0.494140625
vt 0.2255859375 0.494140625
vt 0.2255859375 0.431640625
vt 0.1630859375 0.431640625
vt 0.173828125 0.4892578125
vt 0.236328125 0.4892578125
vt 0.236328125 0.4267578125
vt 0.173828125 0.4267578125
vt 0.490966171875 0.7265625
vt 0.488486875 0.7265625
vt 0.488526328125 0.72265625
vt 0.4910053125 0.72265625
vt 0.4921875 0.7158203125
vt 0.4921875 0.7182992968749999
vt 0.48828125 0.7183384374999999
vt 0.48828125 0.7158594140625
vt 0.39453125 0.5194648828124999
vt 0.39453125 0.5233698046874999
vt 0.390625 0.5234375
vt 0.390625 0.519532578125
vt 0.48092234375 0.56640625
vt 0.4770177734375 0.56640625
vt 0.477085078125 0.5625
vt 0.4809900390625 0.5625
vt 0.1953125 0.5091651171875
vt 0.1953125 0.5116442578125
vt 0.19140625 0.51171875
vt 0.19140625 0.509239609375
vt 0.488526328125 0.72265625
vt 0.488486875 0.7265625
vt 0.490966171875 0.7265625
vt 0.4910053125 0.72265625
vt 0.48828125 0.7183384374999999
vt 0.4921875 0.7182992968749999
vt 0.4921875 0.7158203125
vt 0.48828125 0.7158594140625
vt 0.390625 0.5234375
vt 0.39453125 0.5233698046874999
vt 0.39453125 0.5194648828124999
vt 0.390625 0.519532578125
vt 0.477085078125 0.5625
vt 0.4770177734375 0.56640625
vt 0.48092234375 0.56640625
vt 0.4809900390625 0.5625
vt 0.19140625 0.51171875
vt 0.1953125 0.5116442578125
vt 0.1953125 0.5091651171875
vt 0.19140625 0.509239609375
vt 0.05523109375 0.52734375
vt 0.057570703125 0.52734375
vt 0.0559037890625 0.5546875
vt 0.054733984375 0.5546875
vt 0.1490141796875 0.953125
vt 0.15291328125 0.953125
vt 0.1527436328125 0.95703125
vt 0.14884453125 0.95703125
vt 0.0650553515625 0.5546875
vt 0.06271609375 0.5546875
vt 0.06404375 0.53125
vt 0.06521359375 0.53125
vt 0.2265625 0.5242744140625
vt 0.23046875 0.5237130078125001
vt 0.23046875 0.5660860937500001
vt 0.22687171875 0.56640625
vt 0.0468916015625 0.528096328125
vt 0.05078125 0.5275414843749999
vt 0.05078125 0.5697857421875
vt 0.046875 0.5703125
vt 0.0559037890625 0.5546875
vt 0.057570703125 0.52734375
vt 0.05523109375 0.52734375
vt 0.054733984375 0.5546875
vt 0.1527436328125 0.95703125
vt 0.15291328125 0.953125
vt 0.1490141796875 0.953125
vt 0.14884453125 0.95703125
vt 0.06404375 0.53125
vt 0.06271609375 0.5546875
vt 0.0650553515625 0.5546875
vt 0.06521359375 0.53125
vt 0.23046875 0.5660860937500001
vt 0.23046875 0.5237130078125001
vt 0.2265625 0.5242744140625
vt 0.22687171875 0.56640625
vt 0.05078125 0.5697857421875
vt 0.05078125 0.5275414843749999
vt 0.0468916015625 0.528096328125
vt 0.046875 0.5703125
vt 0.0559037890625 0.5546875
vt 0.057570703125 0.52734375
vt 0.05523109375 0.52734375
vt 0.054733984375 0.5546875
vt 0.1527436328125 0.95703125
vt 0.15291328125 0.953125
vt 0.1490141796875 0.953125
vt 0.14884453125 0.95703125
vt 0.06404375 0.53125
vt 0.06271609375 0.5546875
vt 0.0650553515625 0.5546875
vt 0.06521359375 0.53125
vt 0.23046875 0.5660860937500001
vt 0.23046875 0.5237130078125001
vt 0.2265625 0.5242744140625
vt 0.22687171875 0.56640625
vt 0.05078125 0.5697857421875
vt 0.05078125 0.5275414843749999
vt 0.0468916015625 0.528096328125
vt 0.046875 0.5703125
vt 0.05523109375 0.52734375
vt 0.057570703125 0.52734375
vt 0.0559037890625 0.5546875
vt 0.054733984375 0.5546875
vt 0.1490141796875 0.953125
vt 0.15291328125 0.953125
vt 0.1527436328125 0.95703125
vt 0.14884453125 0.95703125
vt 0.0650553515625 0.5546875
vt 0.06271609375 0.5546875
vt 0.06404375 0.53125
vt 0.06521359375 0.53125
vt 0.2265625 0.5242744140625
vt 0.23046875 0.5237130078125001
vt 0.23046875 0.5660860937500001
vt 0.22687171875 0.56640625
vt 0.0468916015625 0.528096328125
vt 0.05078125 0.5275414843749999
vt 0.05078125 0.5697857421875
vt 0.046875 0.5703125
vt 0.3447265625 0.351318359375
vt 0.3447265625 0.406005859375
vt 0.2880859375 0.406005859375
vt 0.2880859375 0.351318359375
vt 0.3447265625 0.4070097265625
vt 0.3447265625 0.4167753515625
vt 0.2880859375 0.4167753515625
vt 0.2880859375 0.4070097265625
vt 0.630859375 0.781982421875
vt 0.630859375 0.836669921875
vt 0.57421875 0.836669921875
vt 0.57421875 0.781982421875
vt 0.630859375 0.836669921875
vt 0.57421875 0.836669921875
vt 0.57421875 0.781982421875
vt 0.630859375 0.781982421875
vt 0 1
vt 0 0.828125
vt 0 1
vt 0 0.828125
vt 0 0.828125
vt 0 1
vt 0 0.828125
vt 0 1
vt 0.13671875 0.72265625
vt 0.13671875 0.89453125
vt 0.05859375 0.89453125
vt 0.05859375 0.72265625
vt 0.078125 1
vt 0 1
vt 0.078125 1
vt 0 1
vt 0 1
vt 0.078125 1
vt 0 1
vt 0.078125 1
vn 0.8473293346853177 -0.213980554861738 -0.4860507388357718
vn -0.7932388251775224 0.6086758555869636 -0.016907662655193435
vn -0.49985629484744637 0.8657744293028712 -0.024048327731269113
vn -0.2587250573187318 0.9655785545808523 -0.02682162651613479
vn -0.08712260224121379 0.9958104064790015 -0.027772045780692686
vn -0.08832610754580648 0.32332964341391734 -0.9421552103637892
vn -0.0883282725842817 0.32331632865253546 -0.942159576658287
vn -0.08832845235564342 0.32331586656234923 -0.9421597183776719
vn -0.08833300023198654 0.3232999124052709 -0.9421647667519519
vn -0.08832187650280017 0.3233459220514462 -0.9421500203384409
vn -0.08832626683339559 0.323328304299052 -0.9421556549882697
vn -0.08831564994185355 0.3233355164825971 -0.9421541751519654
vn -0.08832465706989204 0.3233170521849134 -0.9421596673175646
vn -0.08832559532619852 0.3233185603429424 -0.9421590618085887
vn -0.08833470719251175 0.3233127266114346 -0.942160209474107
vn -0.08832385486596817 0.3233178294454762 -0.9421594757918011
vn -0.08832407086353201 0.3233177663600794 -0.9421594771916394
vn -0.08833916187905913 0.3233278219149326 -0.9421546115443319
vn -0.08832920986284423 0.32331878845442147 -0.9421586446652023
vn -0.08832454320767458 0.323313001399943 -0.9421610680732442
vn -0.08832811673661291 0.3233193140697653 -0.9421585667727168
vn -0.08832284733586655 0.3233066431868829 -0.9421634089210401
vn -0.08833166012387428 0.3233166593446677 -0.9421591455852693
vn -0.08831693979622827 0.32333042181018223 -0.9421558026553141
vn -0.06978815525918025 0.3502668356378312 -0.9340464427627682
vn -0.0697881165383784 0.35026671249461333 -0.9340464918344491
vn -0.08832697405100982 0.32331889873772385 -0.942158816428535
vn -0.08671683470429854 0.32594420401045154 -0.9414035088371301
vn -0.08317295873211945 0.3303194752639023 -0.9401974809565944
vn -0.08833069327923665 0.3233127185819588 -0.9421605885558749
vn -0.08832833947912344 0.3233100929335568 -0.9421617102451977
vn -0.08832055468893941 0.32331626644494843 -0.9421603215331971
vn -0.08832209709277815 0.32332323258513657 -0.9421577863796657
vn -0.08832394864177198 0.3233245212337155 -0.9421571705746947
vn -0.08832812985779714 0.32331667686649 -0.9421594705440443
vn -0.08832763950795144 0.3233165617097015 -0.9421595560324008
vn -0.08832720161009322 0.3233188501118545 -0.9421588117817922
vn -0.08832614257107343 0.32332862071339485 -0.9421555580508393
vn -0.08833307261900804 0.3233117042829501 -0.9421607135490947
vn -0.17616973249783016 0.3456318024308128 -0.9216848064821674
vn -0.999087499502481 0 -0.04271028374853502
vn -0.9374986713249003 0.09743687861944927 -0.334069298123826
vn -0.8819910362551784 0.1654726028595626 -0.441260274292167
vn -0.8736796607404463 0.2136015259901789 -0.43710209162520086
vn -0.9248407758590931 0.18989617299062994 -0.3295587698603448
vn -0.9704414093704801 0.1607911412581991 -0.1799713306944252
vn -0.9011682029827226 0.19475145982396777 -0.3872566833888395
vn -0.17039730573109382 0.40390472648880904 -0.8987912605936847
vn -0.18823322019698602 0.402587139217194 -0.8958190945448689
vn 0.2083470790872477 0 -0.9780549548137938
vn -0.7930849222693953 0.6085489277008098 -0.026163116464629124
vn -0.499670804388645 0.8654473815227938 -0.036468027872979474
vn -0.08695050711856174 0.9952695353777157 -0.04333775791214005
vn -0.8623289500867478 0.5032666812805849 -0.0557801878368436
vn -0.49571017299552006 0.8509284940112044 -0.17375880544184055
vn -0.08408077859989783 0.985398198484495 -0.14805679009605383
vn -0.12133460840735191 0.914879023916572 -0.3850640003948628
vn -0.10559126206889242 0.8670206328423204 -0.48695554992257806
vn -0.8328541908731026 0.5501254241754272 -0.0609583006728047
vn -0.7390121024077769 0.6731223713778927 -0.02770172639818707
vn -0.2586045111814411 0.9651286686432025 -0.04062462011646815
vn -0.2562518315187141 0.9411001110399796 -0.22060276481459398
vn -0.7328288630623537 0.6732935425876072 -0.09817159962315088
vn -0.21281738039966328 0.9049377734376296 -0.36850561570425294
vn -0.13224946393001175 0.8784026872048467 -0.45925896659894266
vn -0.6699073788036877 0.7276820948700856 -0.14731894864495948
vn -0.14082223984875378 0.7792228057210672 -0.6107216352874427
vn -0.3687190058596127 0.7782113276762032 -0.5083634764559118
vn -0.6010317072381223 0.6994822134279083 -0.3866335732866744
vn -0.39183143236176615 0.8763601297738871 -0.2801089994199088
vn 0 0 -1
vn 0 0 -1
vn -1 0 0
vn -0.9962931344059488 0 -0.08602319649704951
vn -0.9910623205568156 -0.04095687375325663 -0.12695672989211446
vn -0.9646691064367436 -0.1059100895870068 -0.24123964850373772
vn -0.09413144626447718 -0.39966621633990446 -0.9118147763338246
vn -0.08709006308766548 -0.3597879779138759 -0.9289606729350984
vn -0.013780231915636888 -0.9821009987085948 -0.18785029556519717
vn -0.01984845830397116 -0.9811424329770924 -0.19226431003893418
vn -0.013821284408282297 -0.9842332133782317 -0.17633477756944596
vn -0.9220294374720963 -0.3819224763613639 0.06322134516833025
vn -0.9993538112206678 0 0.03594384507431216
vn -0.9237101718998723 0.3826186691602857 0.019038706330018106
vn -0.7069962876528395 0.7069962876528395 0.01767762682621775
vn -0.3825798864866242 0.9236165435616834 0.02377206164914629
vn 0.3826262666296366 0.9237285135551204 0.017965893529516858
vn 0 0.9998865482102204 0.015062891762561821
vn 0.7070022732665739 0.7070022732665739 0.01719218403209769
vn 0.9235107769487476 0.38253607590413796 0.028177925604701955
vn 0.9981558614969284 0 0.060703180800718556
vn 0.9170946434653627 -0.37987838897023946 0.12095381151710377
vn 0.6895300423174558 -0.6895300423174558 0.2215776195453308
vn 0.359048906960249 -0.8668085336676996 0.34601567648229925
vn 0 -0.9327373703825395 0.3605565113707771
vn -0.37274787777110263 -0.8998803090473897 0.22643862083556704
vn -0.7042487833860347 -0.7042487833860347 0.08981816185260225
vn 0.7069915549677587 0.7069915549677587 0.018052213397290188
vn 0.38263601474298636 0.9237520472511542 0.016487432210826627
vn 0 0.9998737243440523 0.015891361375100225
vn -0.3826349484539402 0.9237494730379295 0.016655548138627088
vn -0.9235338519718967 0.3825456340262785 0.02727750262365525
vn -0.7069043277097429 0.7069043277097429 0.023927869325809554
vn -0.9212092870451917 -0.38158275414718923 0.07594768725336964
vn -0.9991968255080146 0 0.040071235253063296
vn -0.7044674955245926 -0.7044674955245926 0.0863197283279797
vn -0.37585794873228745 -0.9073885788045362 0.18808713254723525
vn 0 -0.958015026961548 0.2867179940566417
vn 0.36764162631512376 -0.8875529011336077 0.27764992758811863
vn 0.6929344054555006 -0.6929344054555006 0.19920798044271246
vn 0.9984382683521862 0 0.0558661282879707
vn 0.9230948659614304 0.3823637975063244 0.041155738265662274
vn 0.913004884727055 -0.37818433157729975 0.15296630940821002
vn 0.9052693701200615 -0.4072170218997063 0.12108536078965633
vn 0.8838309239945465 -0.43120003239641524 0.18140956383905593
vn 0 0 -1
vn 0 0 -1
vn 0 0 -1
vn 0 0 -1
vn 0 0 -1
vn 0 0 -1
vn 0 0 -1
vn 0 0 -1
vn 0 0 -1
vn 0 0 -1
vn 0 0 -1
vn 0 0 -1
vn 0 0 -1
vn 0 0 -1
vn 0 0 -1
vn 0 0 -1
vn 0 0 -1
vn 0 0 -1
vn 0 0 -1
vn 0 0 -1
vn 0 0 -1
vn 0 0 -1
vn 0 0 -1
vn 0 0 -1
vn 0 0 -1
vn 0 0 -1
vn 0 0 -1
vn 0 0 -1
vn 0 0 -1
vn 0 0 -1
vn 0 0 -1
vn 0 0 -1
vn 0.29678710622555 -0.954943670369234 0
vn 0.1787496362765402 -0.983894591676875 0
vn 0.11175469317678964 -0.9937358243280565 0
vn -0.8473293346853179 -0.213980554861738 -0.4860507388357718
vn 0.7932388251775224 0.6086758555869636 -0.016907662655193435
vn 0.4998587830376565 0.8657729671446479 -0.02404924908735133
vn 0.2587254718611793 0.9655784356112459 -0.026821910684170003
vn 0.08712260224121379 0.9958104064790015 -0.02777204578069268
vn 0.08832610754580648 0.3233296434139173 -0.9421552103637892
vn 0.08832827258428173 0.3233163286525355 -0.942159576658287
vn 0.08832845235564342 0.32331586656234923 -0.9421597183776719
vn 0.08833300023198652 0.3232999124052709 -0.9421647667519519
vn 0.08832187650280018 0.32334592205144613 -0.9421500203384409
vn 0.08832626683339558 0.32332830429905196 -0.9421556549882696
vn 0.08831564994185354 0.3233355164825971 -0.9421541751519654
vn 0.0883246570698921 0.3233170521849134 -0.9421596673175646
vn 0.08832559532619852 0.3233185603429424 -0.9421590618085887
vn 0.08833470719251178 0.3233127266114346 -0.942160209474107
vn 0.08832385486596815 0.32331782944547627 -0.9421594757918011
vn 0.08832407086353201 0.32331776636007936 -0.9421594771916393
vn 0.08833916187905912 0.32332782191493264 -0.9421546115443321
vn 0.08832920986284426 0.32331878845442147 -0.9421586446652023
vn 0.08832454320767459 0.323313001399943 -0.9421610680732442
vn 0.0883281167366129 0.3233193140697653 -0.9421585667727169
vn 0.08832284733586655 0.3233066431868829 -0.9421634089210401
vn 0.08833166012387428 0.32331665934466775 -0.9421591455852693
vn 0.08831693979622823 0.32333042181018223 -0.9421558026553141
vn 0.06978815525918024 0.3502668356378312 -0.9340464427627682
vn 0.06978811653837838 0.35026671249461333 -0.9340464918344491
vn 0.08832697405100982 0.3233188987377238 -0.942158816428535
vn 0.08671683470429851 0.3259442040104516 -0.9414035088371301
vn 0.08317295873211945 0.33031947526390243 -0.9401974809565944
vn 0.08833069327923665 0.32331271858195876 -0.9421605885558749
vn 0.08832833947912343 0.3233100929335568 -0.9421617102451977
vn 0.08832055468893941 0.32331626644494843 -0.9421603215331971
vn 0.08832209709277815 0.32332323258513657 -0.9421577863796657
vn 0.08832394864177197 0.32332452123371563 -0.9421571705746947
vn 0.08832812985779714 0.32331667686648996 -0.9421594705440444
vn 0.08832763950795144 0.3233165617097015 -0.9421595560324008
vn 0.08832720161009323 0.32331885011185446 -0.9421588117817922
vn 0.08832614257107342 0.3233286207133948 -0.9421555580508393
vn 0.08833307261900804 0.3233117042829501 -0.9421607135490947
vn 0.17616973249783016 0.3456318024308128 -0.9216848064821674
vn 0.999087499502481 0 -0.04271028374853502
vn 0.9374986713249003 0.09743687861944927 -0.334069298123826
vn 0.8819910362551784 0.1654726028595626 -0.441260274292167
vn 0.8736796607404466 0.2136015259901789 -0.4371020916252009
vn 0.9248407758590931 0.18989617299063 -0.32955876986034494
vn 0.9704414093704803 0.16079114125819916 -0.17997133069442514
vn 0.9011682029827226 0.1947514598239678 -0.3872566833888395
vn 0.1703973057310937 0.40390472648880904 -0.8987912605936847
vn 0.18823322019698602 0.40258713921719397 -0.8958190945448689
vn -0.20834707908724764 0 -0.9780549548137938
vn 0.7930812367221844 0.6085537702993534 -0.026162198180816706
vn 0.4996708043886449 0.8654473815227938 -0.036468027872979474
vn 0.08695050711856174 0.9952695353777157 -0.04333775791214004
vn 0.8623289500867478 0.503266681280585 -0.05578018783684362
vn 0.49571017299552006 0.8509284940112044 -0.17375880544184052
vn 0.08408077859989782 0.985398198484495 -0.1480567900960538
vn 0.12133460840735191 0.914879023916572 -0.3850640003948628
vn 0.10559126206889247 0.8670206328423207 -0.4869555499225781
vn 0.8328541908731026 0.5501254241754272 -0.060958300672804715
vn 0.7390121024077769 0.6731223713778927 -0.02770172639818707
vn 0.2586045111814411 0.9651286686432025 -0.04062462011646811
vn 0.2562518315187141 0.9411001110399794 -0.22060276481459395
vn 0.7328288630623536 0.6732935425876072 -0.09817159962315086
vn 0.21281738039966325 0.9049377734376297 -0.3685056157042529
vn 0.13224946393001175 0.8784026872048467 -0.45925896659894266
vn 0.6699073788036877 0.7276820948700856 -0.1473189486449595
vn 0.14082223984875378 0.7792228057210672 -0.6107216352874427
vn 0.3687190058596126 0.7782113276762029 -0.508363476455912
vn 0.6010317072381224 0.6994822134279082 -0.38663357328667447
vn 0.39183143236176615 0.8763601297738871 -0.28010899941990874
vn 0 0 -1
vn 0 0 -1
vn 0.9913762571869085 0.13051715431910824 -0.011763890279967161
vn 1 0 0
vn 1 0 0
vn 0.9962931344059488 0 -0.08602319649704951
vn 0.9910623205568156 -0.04095687375325662 -0.12695672989211443
vn 0.9646691064367436 -0.1059100895870068 -0.24123964850373772
vn 0.09413144626447713 -0.39966621633990446 -0.9118147763338246
vn 0.08709006308766548 -0.35978797791387596 -0.9289606729350984
vn 0.013780231915636883 -0.9821009987085948 -0.18785029556519714
vn 0.019848458303971157 -0.9811424329770924 -0.19226431003893416
vn 0.013821284408282297 -0.9842332133782317 -0.17633477756944596
vn -0.9317773919853203 0 -0.36303015272155387
vn 1 0 0
vn 0 1 0
vn 0 -1 0
vn 0.09950371902099683 0 -0.9950371902099895
vn -1 0 0
vn 1 0 0
vn 0 1 0
vn 0 -1 0
vn 0 0 1
vn 0 0 -1
vn 0 0 -1
vn -0.7071097989415883 -0.7071037634186278 0
vn 0 0 1
vn 0 0 -1
vn -1 0 0
vn 0 0 1
vn 0 0 -1
vn -0.7071067811865478 0.7071067811865474 0
vn 0 0 1
vn 0 0 -1
vn 0 1 0
vn 0 0 1
vn 0 0 -1
vn 0.7071067811865478 0.7071067811865474 0
vn 0 0 1
vn 0 0 -1
vn 1 0 0
vn 0 0 1
vn 0 0 -1
vn 0.7071097989415883 -0.7071037634186278 0
vn 0 0 1
vn 0 0 -1
vn 0 -1 0
vn 0 0 1
vn -1 0 0
vn 1 0 0
vn 0 1 0
vn 0 -1 0
vn 0 0 1
vn 0 0 -1
vn -1 0 0
vn 1 0 0
vn 0 1 0
vn 0 -1 0
vn 0 0 1
vn 0 0 -1
vn -1 0 0
vn 1 0 0
vn 0 1 0
vn 0 -1 0
vn 0 0 1
vn 0 0 -1
vn -1 0 0
vn 1 0 0
vn 0 1 0
vn 0 -1 0
vn 0 0 1
vn 0 0 -1
vn 0.9220294374720963 -0.3819224763613639 0.06322134516833022
vn 0.9993538112206678 0 0.035943845074312156
vn 0.923710171899872 0.38261866916028564 0.01903870633001809
vn 0.7069962876528395 0.7069962876528395 0.017677626826217763
vn 0.3825798864866242 0.9236165435616834 0.02377206164914628
vn -0.3826262666296366 0.9237285135551204 0.017965893529516854
vn 0 0.9998865482102204 0.015062891762561821
vn -0.707002273266574 0.7070022732665739 0.017192184032097702
vn -0.9235107769487476 0.38253607590413796 0.02817792560470193
vn -0.9981558614969284 0 0.06070318080071856
vn -0.9170946434653627 -0.3798783889702394 0.12095381151710374
vn -0.6895300423174558 -0.6895300423174558 0.2215776195453308
vn -0.35904890696024905 -0.8668085336676996 0.34601567648229925
vn 0 -0.9327373703825395 0.3605565113707771
vn 0.37274787777110263 -0.8998803090473897 0.2264386208355669
vn 0.7042487833860347 -0.7042487833860347 0.08981816185260227
vn -0.7069915549677587 0.7069915549677589 0.018052213397290198
vn -0.38263601474298636 0.9237520472511542 0.016487432210826616
vn 0 0.9998737243440523 0.015891361375100225
vn 0.3826349484539402 0.9237494730379295 0.016655548138627085
vn 0.9235338519718967 0.3825456340262785 0.02727750262365526
vn 0.7069043277097428 0.7069043277097429 0.023927869325809537
vn 0.9212092870451918 -0.38158275414718923 0.07594768725336964
vn 0.9991968255080146 0 0.040071235253063296
vn 0.7044674955245926 -0.7044674955245926 0.08631972832797975
vn 0.37585794873228745 -0.9073885788045362 0.18808713254723525
vn 0 -0.958015026961548 0.28671799405664167
vn -0.3676416263151237 -0.8875529011336076 0.27764992758811846
vn -0.6929344054555006 -0.6929344054555006 0.1992079804427124
vn -0.9984382683521862 0 0.0558661282879707
vn -0.9230948659614304 0.3823637975063244 0.04115573826566229
vn -0.913004884727055 -0.37818433157729975 0.15296630940821
vn -0.9052693701200615 -0.4072170218997064 0.12108536078965633
vn -0.8838309239945468 -0.4312000323964153 0.18140956383905596
vn 0 0 -1
vn 0 0 -1
vn 0 0 -1
vn 0 0 -1
vn 0 0 -1
vn 0 0 -1
vn 0 0 -1
vn 0 0 -1
vn 0 0 -1
vn 0 0 -1
vn 0 0 -1
vn 0 0 -1
vn 0 0 -1
vn 0 0 -1
vn 0 0 -1
vn 0 0 -1
vn 0 0 -1
vn 0 0 -1
vn 0 0 -1
vn 0 0 -1
vn 0 0 -1
vn 0 0 -1
vn 0 0 -1
vn 0 0 -1
vn 0 0 -1
vn 0 0 -1
vn 0 0 -1
vn 0 0 -1
vn 0 0 -1
vn 0 0 -1
vn 0 0 -1
vn 0 0 -1
vn -0.29678710622555 -0.954943670369234 0
vn -0.1787496362765402 -0.983894591676875 0
vn -0.11175469317678964 -0.9937358243280565 0
vn 0 -0.40198764432902245 -0.9156450916194568
vn 0 -0.12120477245210852 -0.9926275248726648
vn -0.015009316335409561 -0.9840224459173191 -0.17741067147733983
vn 0 -0.9855450464264928 -0.16941358110907784
vn 0.015009316335409561 -0.9840224459173191 -0.17741067147733983
vn -0.0579762535027621 0.6471506557916585 -0.7601544466345047
vn 0.0579762535027621 0.6471506557916585 -0.7601544466345045
vn 0 0.883339423568071 -0.46873389334507065
vn -0.9488907822190916 0.12077700077044763 -0.2915805197617559
vn -0.9900341395455204 0.05731481626340156 -0.12863675357786966
vn -0.9934930842512055 0.04358470729722008 -0.10522292922572879
vn 0.9488907822190917 0.12077700077044767 -0.29158051976175614
vn 0.9900341395455204 0.05731481626340155 -0.12863675357786966
vn 0.9934930842512055 0.04358470729722006 -0.10522292922572873
vn 0 0.38268322570116065 -0.923879618114262
vn 0 0.3826832257011606 -0.923879618114262
vn 0 0.38268322570116065 -0.923879618114262
vn 0 0.38268375158934254 -0.9238794002842072
vn 0 0.9991513542379433 -0.04118945647230591
vn 0 0.9889017598584857 -0.14857088997778084
vn 0 0.921695182192281 -0.38791492768845337
vn 0 0.8718983094497395 -0.4896869795886822
vn 0 0 -1
vn 0 -1 0
vn -0.00016051902323465682 0.9996113497231346 -0.02787693918522346
vn 0 -0.9910355697938462 -0.1335982761991586
vn 0 -0.9825709995420359 -0.18588768345149945
vn 1 0 0
vn -1 0 0
vn 0 1 0
vn 0 -1 0
vn 0 0 1
vn 0 0 -1
vn 1 0 0
vn -1 0 0
vn 0 1 0
vn 0 -1 0
vn 0 0 1
vn 0 0 -1
vn 1 0 0
vn -1 0 0
vn 0 1 0
vn 0 -1 0
vn 0 0 1
vn 0 0 -1
vn 0 0 -1
vn 0.7071067811865476 -0.7071067811865476 0
vn 0 0 1
vn 0 0 -1
vn 1 0 0
vn 0 0 1
vn 0 0 -1
vn 0.7071067811865476 0.7071067811865476 0
vn 0 0 1
vn 0 0 -1
vn 0 1 0
vn 0 0 1
vn 0 0 -1
vn -0.7071067811865476 0.7071067811865476 0
vn 0 0 1
vn 0 0 -1
vn -1 0 0
vn 0 0 1
vn 0 0 -1
vn -0.7071067811865476 -0.7071067811865476 0
vn 0 0 1
vn 0 0 -1
vn 0 -1 0
vn 0 0 1
vn 0 0 -1
vn 0.30614661198558013 0.7391035586519978 0.6000001512980672
vn 0 0 -1
vn 0.5656854579309638 0.5656854579309639 0.5999999378090562
vn 0 0 -1
vn 0.7391035586519978 0.30614661198558013 0.6000001512980672
vn 0 0 -1
vn 0.8 0 0.6
vn 0 0 -1
vn 0.7391035586519978 -0.30614661198558024 0.6000001512980673
vn 0 0 -1
vn 0.5656854579309639 -0.5656854579309639 0.5999999378090562
vn 0 0 -1
vn 0.30614661198558024 -0.7391035586519978 0.6000001512980672
vn 0 0 -1
vn 0 -0.8 0.6000000000000001
vn 0 0 -1
vn -0.30614661198557996 -0.7391035586519978 0.6000001512980672
vn 0 0 -1
vn -0.565685457930964 -0.5656854579309639 0.5999999378090562
vn 0 0 -1
vn -0.7391035586519978 -0.30614661198558013 0.6000001512980672
vn 0 0 -1
vn -0.8 0 0.6
vn 0 0 -1
vn -0.7391035586519978 0.30614661198557996 0.6000001512980672
vn 0 0 -1
vn -0.5656854579309639 0.5656854579309639 0.5999999378090562
vn 0 0 -1
vn -0.30614661198557985 0.739103558651998 0.6000001512980672
vn 0 0 -1
vn 0 0.8 0.6000000000000001
vn 0 0 1
vn 0.30614661198557985 0.739103558651998 -0.6000001512980672
vn 0 0 1
vn 0.5656854579309639 0.5656854579309639 -0.5999999378090562
vn 0 0 1
vn 0.7391035586519978 0.30614661198557996 -0.6000001512980672
vn 0 0 1
vn 0.8 0 -0.6
vn 0 0 1
vn 0.7391035586519978 -0.30614661198558013 -0.6000001512980672
vn 0 0 1
vn 0.565685457930964 -0.5656854579309639 -0.5999999378090562
vn 0 0 1
vn 0.30614661198557996 -0.7391035586519978 -0.6000001512980672
vn 0 0 1
vn 0 -0.8 -0.6000000000000001
vn 0 0 1
vn -0.30614661198558024 -0.7391035586519978 -0.6000001512980672
vn 0 0 1
vn -0.5656854579309639 -0.5656854579309639 -0.5999999378090562
vn 0 0 1
vn -0.7391035586519978 -0.30614661198558024 -0.6000001512980673
vn 0 0 1
vn -0.8 0 -0.6
vn 0 0 1
vn -0.7391035586519978 0.30614661198558013 -0.6000001512980672
vn 0 0 1
vn -0.5656854579309638 0.5656854579309639 -0.5999999378090562
vn 0 0 1
vn -0.30614661198558013 0.7391035586519978 -0.6000001512980672
vn 0 0 1
vn 0 0.8 -0.6000000000000001
vn 0.9317773919853203 0 -0.36303015272155387
vn -1 0 0
vn 0 1 0
vn 0 -1 0
vn -0.09950371902099683 0 -0.9950371902099895
vn 1 0 0
vn -1 0 0
vn 0 1 0
vn 0 -1 0
vn 0 0 1
vn 0 0 -1
vn 0 0 -1
vn 0.7071097989415883 -0.7071037634186278 0
vn 0 0 1
vn 0 0 -1
vn 1 0 0
vn 0 0 1
vn 0 0 -1
vn 0.7071067811865478 0.7071067811865474 0
vn 0 0 1
vn 0 0 -1
vn 0 1 0
vn 0 0 1
vn 0 0 -1
vn -0.7071067811865478 0.7071067811865474 0
vn 0 0 1
vn 0 0 -1
vn -1 0 0
vn 0 0 1
vn 0 0 -1
vn -0.7071097989415883 -0.7071037634186278 0
vn 0 0 1
vn 0 0 -1
vn 0 -1 0
vn 0 0 1
vn 1 0 0
vn -1 0 0
vn 0 1 0
vn 0 -1 0
vn 0 0 1
vn 0 0 -1
vn 1 0 0
vn -1 0 0
vn 0 1 0
vn 0 -1 0
vn 0 0 1
vn 0 0 -1
vn 1 0 0
vn -1 0 0
vn 0 1 0
vn 0 -1 0
vn 0 0 1
vn 0 0 -1
vn 1 0 0
vn -1 0 0
vn 0 1 0
vn 0 -1 0
vn 0 0 1
vn 0 0 -1
vn 0 0.351122931502402 -0.9363293688511322
vn -1 0 0
vn -0.9913762571869085 0.13051715431910824 -0.011763890279967158
vn 0 0.3826836850663635 -0.9238794278389515
vn 0 0.3623493105044005 -0.9320423687670993
vn 1 0 0
vn 0.9914446127526179 0.13052808067159935 0
vn 1 0 0
vn -1 0 0
vn 0 1 0
vn 0 -1 0
vn 0 0 -1
vn -0.9984702380441861 -0.02944833089668068 -0.046797217303876384
vn 0.9984709111745295 0.029435110334186255 0.046791172435825555
vn -0.06356683047327547 0.9346111915215086 0.3499445366716388
vn 0.06358014842859529 -0.9346186477359812 -0.3499222028250901
vn 0.004958014961348117 0.3662723792094426 -0.9304944719426858
vn 0.9984714372919964 -0.0294399599888764 -0.04677689245672897
vn -0.9984704011694282 0.02942833654461738 0.0468063136422622
vn 0.06357023443788204 0.9346162250686318 0.3499304747117252
vn -0.0635701847765911 -0.9346191248570069 -0.3499227386995492
vn -0.004966953199526954 0.36627803668946557 -0.9304921972885235
vn 0.004980741681517845 0.36640362654707137 -0.9304426767219228
vn 0.00496003437328684 0.3662768872245529 -0.9304926866687927
vn 0.004979673677642184 0.3664337352677638 -0.9304308252136634
vn 0.004928642089484945 0.3662920109050474 -0.930486900087417
vn 0.004967451449109701 0.3662700414346631 -0.9304953418333436
vn -0.004990048751214191 0.3664045815346551 -0.9304422507839349
vn -0.004960031998174336 0.36627695982594777 -0.930492658102813
vn -0.004967376257796655 0.36643290647234733 -0.9304312173542659
vn -0.004867156212102935 0.3673061693306338 -0.9300873554468221
vn -0.004935760198261069 0.36727901158984844 -0.9300977184773916
vn -0.004980741681517961 -0.3664036265470713 0.9304426767219228
vn -0.004960034373286847 -0.36627688722455287 0.9304926866687927
vn -0.004979673677642299 -0.3664337352677638 0.9304308252136634
vn -0.00492864208948434 -0.36629201090504787 0.9304869000874166
vn -0.004967451449108864 -0.3662700414346633 0.9304953418333437
vn 0.004990048751214319 -0.3664045815346551 0.930442250783935
vn 0.004960031998174329 -0.36627695982594777 0.930492658102813
vn 0.004967376257796957 -0.3664329064723473 0.930431217354266
vn 0.00486715621210363 -0.36730616933063376 0.9300873554468221
vn 0.004935760198260672 -0.36727901158984855 0.9300977184773918
vn -1 0 0
vn -0.9914446127526179 0.13052808067159935 0
vn -1 0 0
vn 1 0 0
vn 0 0 0
vn 0 0 0
vn 0 -1 0
vn 0 0 0
vn 0 0 0
usemtl m_0b768edf-d2c8-78c2-bb77-9115218969b8
f 453/893/248 452/894/248 451/895/248 454/896/248
f 456/897/249 455/898/249 457/899/249 458/900/249
f 460/901/250 459/902/250 461/903/250 462/904/250
f 464/905/251 463/906/251 465/907/251 466/908/251
f 468/909/252 467/910/252 469/911/252 470/912/252
f 472/913/253 473/914/253 471/915/253
f 476/916/254 475/917/254 474/918/254
f 479/919/255 478/920/255 477/921/255
f 482/922/256 481/923/256 480/924/256
f 485/925/257 484/926/257 483/927/257
f 488/928/258 487/929/258 486/930/258
f 491/931/259 490/932/259 489/933/259
f 506/934/260 493/935/260 494/936/260 505/937/260
f 501/938/261 502/939/261 494/940/261
f 502/941/262 503/942/262 494/943/262
f 503/944/263 504/945/263 494/946/263
f 504/947/264 505/948/264 494/949/264
f 506/950/265 507/951/265 493/952/265
f 507/953/266 508/954/266 493/955/266
f 508/956/267 509/957/267 493/958/267
f 509/959/268 510/960/268 493/961/268
f 510/962/269 511/963/269 493/964/269
f 497/965/270 498/966/270 512/967/270
f 512/968/271 498/969/271 514/970/271
f 495/971/272 492/972/272 516/973/272 517/974/272
f 518/975/273 494/976/273 495/977/273 517/978/273
f 520/979/274 521/980/274 492/981/274
f 521/982/275 515/983/275 492/984/275
f 519/985/276 522/986/276 494/987/276
f 522/988/277 523/989/277 494/990/277
f 524/991/278 525/992/278 500/993/278
f 498/994/279 499/995/279 526/996/279 527/997/279
f 499/998/280 500/999/280 525/1000/280 526/1001/280
f 524/1002/281 500/1003/281 528/1004/281
f 524/1005/282 528/1006/282 494/1007/282 523/1008/282
f 492/1009/283 530/1010/283 529/1011/283
f 530/1012/284 493/1013/284 511/1014/284 529/1015/284
f 513/1016/285 496/1017/285 531/1018/285 512/1019/285
f 497/1020/286 512/1021/286 531/1022/286
f 535/1023/287 533/1024/287 532/1025/287 534/1026/287
f 541/1027/288 537/1028/288 536/1029/288 540/1030/288
f 540/1031/289 543/1032/289 542/1033/289 541/1034/289
f 543/1035/290 538/1036/290 539/1037/290 542/1038/290
f 546/1039/291 547/1040/291 548/1041/291
f 546/1042/292 548/1043/292 549/1044/292
f 545/1045/293 544/1046/293 549/1047/293
f 544/1048/294 546/1049/294 549/1050/294
f 554/1051/295 552/1052/295 551/1053/295 550/1054/295
f 550/1055/296 553/1056/296 554/1057/296
f 555/1058/297 556/1059/297 558/1060/297 557/1061/297
f 566/1062/298 565/1063/298 569/1064/298 568/1065/298
f 564/1066/299 563/1067/299 571/1068/299 570/1069/299
f 572/1070/300 560/1071/300 559/1072/300 573/1073/300
f 568/1074/301 569/1075/301 575/1076/301 574/1077/301
f 570/1078/302 571/1079/302 577/1080/302 576/1081/302
f 572/1082/303 573/1083/303 578/1084/303 579/1085/303
f 579/1086/304 578/1087/304 580/1088/304 581/1089/304
f 581/1090/305 580/1091/305 561/1092/305 562/1093/305
f 574/1094/306 575/1095/306 582/1096/306 567/1097/306
f 588/1098/307 587/1099/307 590/1100/307 589/1101/307
f 591/1102/308 584/1103/308 583/1104/308 592/1105/308
f 591/1106/309 592/1107/309 593/1108/309 594/1109/309
f 589/1110/310 590/1111/310 595/1112/310 596/1113/310
f 594/1114/311 593/1115/311 597/1116/311 598/1117/311
f 598/1118/312 597/1119/312 585/1120/312 586/1121/312
f 596/1122/313 595/1123/313 599/1124/313 600/1125/313
f 604/1126/314 603/1127/314 601/1128/314 602/1129/314
f 609/1130/315 608/1131/315 607/1132/315 605/1133/315
f 609/1134/316 606/1135/316 608/1136/316
f 610/1137/317 611/1138/317 612/1139/317 613/1140/317
f 614/1141/318 615/1142/318 617/1143/318 616/1144/318
f 618/1145/319 619/1146/319 621/1147/319 620/1148/319
f 623/1149/320 622/1150/320 624/1151/320 625/1152/320
f 631/1153/321 627/1154/321 626/1155/321 630/1156/321
f 630/1157/322 633/1158/322 632/1159/322 631/1160/322
f 633/1161/323 628/1162/323 629/1163/323 632/1164/323
f 634/1165/324 638/1166/324 636/1167/324 635/1168/324
f 634/1169/325 635/1170/325 637/1171/325 639/1172/325
f 642/1173/326 641/1174/326 644/1175/326
f 644/1176/327 640/1177/327 643/1178/327
f 643/1179/328 642/1180/328 644/1181/328
f 662/1182/329 661/1183/329 647/1184/329 648/1185/329
f 663/1186/330 662/1187/330 648/1188/330 649/1189/330
f 664/1190/331 663/1191/331 649/1192/331 650/1193/331
f 665/1194/332 664/1195/332 650/1196/332 651/1197/332
f 666/1198/333 665/1199/333 651/1200/333 652/1201/333
f 668/1202/334 667/1203/334 653/1204/334 654/1205/334
f 667/1206/335 666/1207/335 652/1208/335 653/1209/335
f 669/1210/336 668/1211/336 654/1212/336 655/1213/336
f 670/1214/337 669/1215/337 655/1216/337 656/1217/337
f 671/1218/338 670/1219/338 656/1220/338 657/1221/338
f 672/1222/339 671/1223/339 657/1224/339 658/1225/339
f 673/1226/340 672/1227/340 658/1228/340 659/1229/340
f 674/1230/341 673/1231/341 659/1232/341 660/1233/341
f 675/1234/342 674/1235/342 660/1236/342 645/1237/342
f 676/1238/343 675/1239/343 645/1240/343 646/1241/343
f 661/1242/344 676/1243/344 646/1244/344 647/1245/344
f 694/1246/345 693/1247/345 686/1248/345 687/1249/345
f 693/1250/346 695/1251/346 685/1252/346 686/1253/346
f 695/1254/347 696/1255/347 684/1256/347 685/1257/347
f 696/1258/348 697/1259/348 683/1260/348 684/1261/348
f 699/1262/349 698/1263/349 681/1264/349 682/1265/349
f 697/1266/350 699/1267/350 682/1268/350 683/1269/350
f 701/1270/351 700/1271/351 679/1272/351 680/1273/351
f 698/1274/352 701/1275/352 680/1276/352 681/1277/352
f 700/1278/353 702/1279/353 678/1280/353 679/1281/353
f 702/1282/354 703/1283/354 677/1284/354 678/1285/354
f 703/1286/355 704/1287/355 692/1288/355 677/1289/355
f 704/1290/356 705/1291/356 691/1292/356 692/1293/356
f 705/1294/357 706/1295/357 690/1296/357 691/1297/357
f 707/1298/358 708/1299/358 688/1300/358 689/1301/358
f 708/1302/359 694/1303/359 687/1304/359 688/1305/359
f 706/1306/360 707/1307/360 709/1308/360
f 707/1309/361 689/1310/361 709/1311/361
f 709/1312/362 690/1313/362 706/1314/362
f 725/1315/363 726/1316/363 712/1317/363
f 726/1318/364 710/1319/364 712/1320/364
f 710/1321/365 711/1322/365 712/1323/365
f 711/1324/366 713/1325/366 712/1326/366
f 713/1327/367 714/1328/367 712/1329/367
f 714/1330/368 715/1331/368 712/1332/368
f 715/1333/369 716/1334/369 712/1335/369
f 716/1336/370 717/1337/370 712/1338/370
f 717/1339/371 718/1340/371 712/1341/371
f 718/1342/372 719/1343/372 712/1344/372
f 719/1345/373 720/1346/373 712/1347/373
f 720/1348/374 721/1349/374 712/1350/374
f 721/1351/375 722/1352/375 712/1353/375
f 722/1354/376 723/1355/376 712/1356/376
f 723/1357/377 724/1358/377 712/1359/377
f 724/1360/378 725/1361/378 712/1362/378
f 738/1363/379 737/1364/379 729/1365/379
f 737/1366/380 735/1367/380 729/1368/380
f 735/1369/381 736/1370/381 729/1371/381
f 736/1372/382 733/1373/382 729/1374/382
f 733/1375/383 734/1376/383 729/1377/383
f 734/1378/384 732/1379/384 729/1380/384
f 732/1381/385 731/1382/385 729/1383/385
f 731/1384/386 730/1385/386 729/1386/386
f 730/1387/387 727/1388/387 729/1389/387
f 727/1390/388 728/1391/388 729/1392/388
f 728/1393/389 743/1394/389 729/1395/389
f 743/1396/390 742/1397/390 729/1398/390
f 741/1399/391 740/1400/391 729/1401/391
f 740/1402/392 739/1403/392 729/1404/392
f 739/1405/393 738/1406/393 729/1407/393
f 742/1408/394 741/1409/394 729/1410/394
f 744/1411/395 745/1412/395 747/1413/395 746/1414/395
f 748/1415/396 749/1416/396 751/1417/396 750/1418/396
f 752/1419/397 753/1420/397 755/1421/397 754/1422/397
f 756/1423/398 757/1424/398 758/1425/398 759/1426/398
f 762/1427/399 760/1428/399 761/1429/399 763/1430/399
f 765/1431/400 764/1432/400 760/1433/400 762/1434/400
f 767/1435/401 766/1436/401 764/1437/401 765/1438/401
f 769/1439/402 768/1440/402 766/1441/402 767/1442/402
f 772/1443/403 771/1444/403 770/1445/403
f 774/1446/404 775/1447/404 773/1448/404
f 775/1449/405 776/1450/405 773/1451/405
f 776/1452/406 777/1453/406 773/1454/406
f 777/1455/407 778/1456/407 773/1457/407
f 770/1458/408 778/1459/408 772/1460/408
f 772/1461/409 778/1462/409 777/1463/409
f 780/1464/410 779/1465/410 791/1466/410 790/1467/410
f 787/1468/411 786/1469/411 780/1470/411
f 788/1471/412 787/1472/412 780/1473/412
f 789/1474/413 788/1475/413 780/1476/413
f 790/1477/414 789/1478/414 780/1479/414
f 792/1480/415 791/1481/415 779/1482/415
f 793/1483/416 792/1484/416 779/1485/416
f 794/1486/417 793/1487/417 779/1488/417
f 795/1489/418 794/1490/418 779/1491/418
f 770/1492/419 795/1493/419 779/1494/419
f 783/1495/420 782/1496/420 796/1497/420
f 783/1498/421 796/1499/421 797/1500/421
f 798/1501/422 773/1502/422 781/1503/422 799/1504/422
f 781/1505/423 780/1506/423 800/1507/423 799/1508/423
f 801/1509/424 774/1510/424 773/1511/424
f 798/1512/425 801/1513/425 773/1514/425
f 802/1515/426 800/1516/426 780/1517/426
f 803/1518/427 802/1519/427 780/1520/427
f 805/1521/428 804/1522/428 785/1523/428
f 806/1524/429 784/1525/429 783/1526/429 797/1527/429
f 805/1528/430 785/1529/430 784/1530/430 806/1531/430
f 785/1532/431 804/1533/431 786/1534/431
f 780/1535/432 786/1536/432 804/1537/432 803/1538/432
f 807/1539/433 773/1540/433 778/1541/433
f 770/1542/434 779/1543/434 807/1544/434 778/1545/434
f 808/1546/435 770/1547/435 771/1548/435 796/1549/435
f 796/1550/436 782/1551/436 808/1552/436
f 809/1553/437 779/1554/437 780/1555/437 810/1556/437
f 811/1557/438 812/1558/438 814/1559/438 813/1560/438
f 815/1561/439 816/1562/439 813/1563/439 814/1564/439
f 779/1565/440 809/1566/440 816/1567/440 815/1568/440
f 809/1569/441 818/1570/441 816/1571/441
f 816/1572/442 818/1573/442 813/1574/442
f 817/1575/443 811/1576/443 813/1577/443
f 818/1578/444 817/1579/444 813/1580/444
f 809/1581/445 810/1582/445 820/1583/445 818/1584/445
f 819/1585/446 818/1586/446 820/1587/446
f 820/1588/447 822/1589/447 821/1590/447 819/1591/447
f 827/1592/448 763/1593/448 825/1594/448 826/1595/448
f 829/1596/449 765/1597/449 762/1598/449 828/1599/449
f 769/1600/450 767/1601/450 830/1602/450 831/1603/450
f 833/1604/451 827/1605/451 826/1606/451 832/1607/451
f 835/1608/452 829/1609/452 828/1610/452 834/1611/452
f 836/1612/453 831/1613/453 830/1614/453 837/1615/453
f 838/1616/454 836/1617/454 837/1618/454 839/1619/454
f 823/1620/455 838/1621/455 839/1622/455 824/1623/455
f 840/1624/456 833/1625/456 832/1626/456 817/1627/456
f 828/1628/457 762/1629/457 763/1630/457 827/1631/457
f 767/1632/458 765/1633/458 829/1634/458 830/1635/458
f 837/1636/459 830/1637/459 829/1638/459 835/1639/459
f 834/1640/460 828/1641/460 827/1642/460 833/1643/460
f 839/1644/461 837/1645/461 835/1646/461 841/1647/461
f 824/1648/462 839/1649/462 841/1650/462 821/1651/462
f 842/1652/463 834/1653/463 833/1654/463 840/1655/463
f 821/1656/464 841/1657/464 842/1658/464 819/1659/464
f 842/1660/465 840/1661/465 843/1662/465 819/1663/465
f 817/1664/466 843/1665/466 840/1666/466
f 841/1667/467 835/1668/467 834/1669/467 842/1670/467
f 822/1671/468 844/1672/468 824/1673/468 821/1674/468
f 844/1675/469 845/1676/469 823/1677/469 824/1678/469
f 817/1679/470 825/1680/470 846/1681/470 811/1682/470
f 811/1683/471 846/1684/471 847/1685/471 812/1686/471
f 812/1687/472 847/1688/472 848/1689/472 849/1690/472
f 812/1691/473 849/1692/473 851/1693/473 814/1694/473
f 852/1695/474 815/1696/474 814/1697/474 851/1698/474
f 850/1699/475 779/1700/475 815/1701/475 852/1702/475
f 850/1703/476 757/1704/476 756/1705/476 779/1706/476
f 773/1707/477 779/1708/477 756/1709/477 853/1710/477
f 851/1711/478 758/1712/478 852/1713/478
f 850/1714/479 852/1715/479 757/1716/479
f 758/1717/480 757/1718/480 852/1719/480
f 856/1720/481 854/1721/481 855/1722/481 857/1723/481
f 859/1724/482 858/1725/482 860/1726/482 861/1727/482
f 855/1728/483 854/1729/483 858/1730/483 859/1731/483
f 860/1732/484 856/1733/484 857/1734/484 861/1735/484
f 857/1736/485 855/1737/485 859/1738/485 861/1739/485
f 864/1740/486 862/1741/486 863/1742/486 865/1743/486
f 867/1744/487 866/1745/487 868/1746/487 869/1747/487
f 863/1748/488 862/1749/488 866/1750/488 867/1751/488
f 868/1752/489 864/1753/489 865/1754/489 869/1755/489
f 866/1756/490 862/1757/490 864/1758/490 868/1759/490
f 865/1760/491 863/1761/491 867/1762/491 869/1763/491
f 872/1764/492 874/1765/492 870/1766/492
f 875/1767/493 874/1768/493 872/1769/493 873/1770/493
f 875/1771/494 873/1772/494 871/1773/494
f 874/1774/495 876/1775/495 870/1776/495
f 877/1777/496 876/1778/496 874/1779/496 875/1780/496
f 877/1781/497 875/1782/497 871/1783/497
f 876/1784/498 878/1785/498 870/1786/498
f 879/1787/499 878/1788/499 876/1789/499 877/1790/499
f 879/1791/500 877/1792/500 871/1793/500
f 878/1794/501 880/1795/501 870/1796/501
f 881/1797/502 880/1798/502 878/1799/502 879/1800/502
f 881/1801/503 879/1802/503 871/1803/503
f 880/1804/504 882/1805/504 870/1806/504
f 883/1807/505 882/1808/505 880/1809/505 881/1810/505
f 883/1811/506 881/1812/506 871/1813/506
f 882/1814/507 884/1815/507 870/1816/507
f 885/1817/508 884/1818/508 882/1819/508 883/1820/508
f 885/1821/509 883/1822/509 871/1823/509
f 884/1824/510 886/1825/510 870/1826/510
f 887/1827/511 886/1828/511 884/1829/511 885/1830/511
f 887/1831/512 885/1832/512 871/1833/512
f 886/1834/513 872/1835/513 870/1836/513
f 873/1837/514 872/1838/514 886/1839/514 887/1840/514
f 873/1841/515 887/1842/515 871/1843/515
f 890/1844/516 888/1845/516 889/1846/516 864/1847/516
f 892/1848/517 891/1849/517 893/1850/517 868/1851/517
f 889/1852/518 888/1853/518 891/1854/518 892/1855/518
f 893/1856/519 890/1857/519 864/1858/519 868/1859/519
f 891/1860/520 888/1861/520 890/1862/520 893/1863/520
f 864/1864/521 889/1865/521 892/1866/521 868/1867/521
f 896/1868/522 894/1869/522 895/1870/522 897/1871/522
f 899/1872/523 898/1873/523 900/1874/523 901/1875/523
f 895/1876/524 894/1877/524 898/1878/524 899/1879/524
f 900/1880/525 896/1881/525 897/1882/525 901/1883/525
f 898/1884/526 894/1885/526 896/1886/526 900/1887/526
f 897/1888/527 895/1889/527 899/1890/527 901/1891/527
f 904/1892/528 902/1893/528 903/1894/528 905/1895/528
f 907/1896/529 906/1897/529 908/1898/529 909/1899/529
f 903/1900/530 902/1901/530 906/1902/530 907/1903/530
f 908/1904/531 904/1905/531 905/1906/531 909/1907/531
f 906/1908/532 902/1909/532 904/1910/532 908/1911/532
f 905/1912/533 903/1913/533 907/1914/533 909/1915/533
f 911/1916/534 889/1917/534 910/1918/534 912/1919/534
f 913/1920/535 892/1921/535 914/1922/535 915/1923/535
f 910/1924/536 889/1925/536 892/1926/536 913/1927/536
f 914/1928/537 911/1929/537 912/1930/537 915/1931/537
f 892/1932/538 889/1933/538 911/1934/538 914/1935/538
f 912/1936/539 910/1937/539 913/1938/539 915/1939/539
f 785/1940/540 916/1941/540 917/1942/540 784/1943/540
f 784/1944/541 917/1945/541 918/1946/541 783/1947/541
f 783/1948/542 918/1949/542 919/1950/542 782/1951/542
f 782/1952/543 919/1953/543 920/1954/543 808/1955/543
f 808/1956/544 920/1957/544 921/1958/544 770/1959/544
f 795/1960/545 922/1961/545 923/1962/545 794/1963/545
f 770/1964/546 921/1965/546 922/1966/546 795/1967/546
f 794/1968/547 923/1969/547 924/1970/547 793/1971/547
f 793/1972/548 924/1973/548 925/1974/548 792/1975/548
f 792/1976/549 925/1977/549 926/1978/549 791/1979/549
f 791/1980/550 926/1981/550 927/1982/550 790/1983/550
f 790/1984/551 927/1985/551 928/1986/551 789/1987/551
f 789/1988/552 928/1989/552 929/1990/552 788/1991/552
f 788/1992/553 929/1993/553 930/1994/553 787/1995/553
f 787/1996/554 930/1997/554 931/1998/554 786/1999/554
f 786/2000/555 931/2001/555 916/2002/555 785/2003/555
f 771/2004/556 932/2005/556 933/2006/556 796/2007/556
f 772/2008/557 934/2009/557 932/2010/557 771/2011/557
f 777/2012/558 935/2013/558 934/2014/558 772/2015/558
f 776/2016/559 936/2017/559 935/2018/559 777/2019/559
f 774/2020/560 937/2021/560 938/2022/560 775/2023/560
f 775/2024/561 938/2025/561 936/2026/561 776/2027/561
f 798/2028/562 939/2029/562 940/2030/562 801/2031/562
f 801/2032/563 940/2033/563 937/2034/563 774/2035/563
f 799/2036/564 941/2037/564 939/2038/564 798/2039/564
f 800/2040/565 942/2041/565 941/2042/565 799/2043/565
f 802/2044/566 943/2045/566 942/2046/566 800/2047/566
f 803/2048/567 944/2049/567 943/2050/567 802/2051/567
f 804/2052/568 945/2053/568 944/2054/568 803/2055/568
f 797/2056/569 947/2057/569 946/2058/569 806/2059/569
f 796/2060/570 933/2061/570 947/2062/570 797/2063/570
f 946/2064/571 945/2065/571 805/2066/571
f 806/2067/572 946/2068/572 805/2069/572
f 804/2070/573 805/2071/573 945/2072/573
f 931/2073/574 930/2074/574 948/2075/574
f 916/2076/575 931/2077/575 948/2078/575
f 917/2079/576 916/2080/576 948/2081/576
f 918/2082/577 917/2083/577 948/2084/577
f 919/2085/578 918/2086/578 948/2087/578
f 920/2088/579 919/2089/579 948/2090/579
f 921/2091/580 920/2092/580 948/2093/580
f 922/2094/581 921/2095/581 948/2096/581
f 923/2097/582 922/2098/582 948/2099/582
f 924/2100/583 923/2101/583 948/2102/583
f 925/2103/584 924/2104/584 948/2105/584
f 926/2106/585 925/2107/585 948/2108/585
f 927/2109/586 926/2110/586 948/2111/586
f 928/2112/587 927/2113/587 948/2114/587
f 929/2115/588 928/2116/588 948/2117/588
f 930/2118/589 929/2119/589 948/2120/589
f 941/2121/590 942/2122/590 949/2123/590
f 939/2124/591 941/2125/591 949/2126/591
f 940/2127/592 939/2128/592 949/2129/592
f 937/2130/593 940/2131/593 949/2132/593
f 938/2133/594 937/2134/594 949/2135/594
f 936/2136/595 938/2137/595 949/2138/595
f 935/2139/596 936/2140/596 949/2141/596
f 934/2142/597 935/2143/597 949/2144/597
f 932/2145/598 934/2146/598 949/2147/598
f 933/2148/599 932/2149/599 949/2150/599
f 947/2151/600 933/2152/600 949/2153/600
f 946/2154/601 947/2155/601 949/2156/601
f 944/2157/602 945/2158/602 949/2159/602
f 943/2160/603 944/2161/603 949/2162/603
f 942/2163/604 943/2164/604 949/2165/604
f 945/2166/605 946/2167/605 949/2168/605
f 951/2169/606 950/2170/606 822/2171/606 820/2172/606
f 950/2173/607 952/2174/607 844/2175/607 822/2176/607
f 954/2177/608 953/2178/608 845/2179/608 844/2180/608
f 957/2181/609 956/2182/609 955/2183/609 958/2184/609
f 961/2185/610 960/2186/610 959/2187/610 962/2188/610
f 964/2189/611 963/2190/611 967/2191/611
f 965/2192/612 964/2193/612 967/2194/612 968/2195/612
f 968/2196/613 966/2197/613 965/2198/613
f 973/2199/614 972/2200/614 971/2201/614
f 969/2202/615 970/2203/615 974/2204/615
f 969/2205/616 974/2206/616 973/2207/616 971/2208/616
f 976/2209/617 975/2210/617 979/2211/617 980/2212/617
f 978/2213/618 980/2214/618 981/2215/618 977/2216/618
f 979/2217/619 981/2218/619 980/2219/619
f 986/2220/620 982/2221/620 983/2222/620 987/2223/620
f 988/2224/621 987/2225/621 985/2226/621 984/2227/621
f 988/2228/622 986/2229/622 987/2230/622
f 989/2231/623 990/2232/623 992/2233/623 991/2234/623
f 993/2235/624 994/2236/624 996/2237/624 995/2238/624
f 997/2239/625 998/2240/625 1000/2241/625 999/2242/625
f 1001/2243/626 1002/2244/626 1004/2245/626 1003/2246/626
f 1006/2247/627 1005/2248/627 1010/2249/627 1009/2250/627
f 1009/2251/628 1010/2252/628 1011/2253/628 1012/2254/628
f 1014/2255/629 1012/2256/629 1011/2257/629 1013/2258/629
f 1013/2259/630 1007/2260/630 1008/2261/630 1014/2262/630
f 1015/2263/631 1016/2264/631 1018/2265/631 1017/2266/631
f 1019/2267/632 1020/2268/632 1022/2269/632 1021/2270/632
f 1024/2271/633 1023/2272/633 1025/2273/633 1026/2274/633
f 1029/2275/634 1028/2276/634 1027/2277/634 1030/2278/634
f 1033/2279/635 1032/2280/635 1031/2281/635 1034/2282/635
f 1036/2283/636 1035/2284/636 1037/2285/636 1038/2286/636
f 1041/2287/637 1039/2288/637 1040/2289/637 1042/2290/637
f 1039/2291/638 1035/2292/638 1036/2293/638 1040/2294/638
f 1038/2295/639 1037/2296/639 1041/2297/639 1042/2298/639
f 1037/2299/640 1035/2300/640 1039/2301/640 1041/2302/640
f 1040/2303/641 1036/2304/641 1038/2305/641 1042/2306/641
f 1044/2307/642 1043/2308/642 1045/2309/642 1046/2310/642
f 1049/2311/643 1047/2312/643 1048/2313/643 1050/2314/643
f 1047/2315/644 1043/2316/644 1044/2317/644 1048/2318/644
f 1046/2319/645 1045/2320/645 1049/2321/645 1050/2322/645
f 1045/2323/646 1043/2324/646 1047/2325/646 1049/2326/646
f 1048/2327/647 1044/2328/647 1046/2329/647 1050/2330/647
f 1052/2331/648 1051/2332/648 1053/2333/648 1054/2334/648
f 1057/2335/649 1055/2336/649 1056/2337/649 1058/2338/649
f 1055/2339/650 1051/2340/650 1052/2341/650 1056/2342/650
f 1054/2343/651 1053/2344/651 1057/2345/651 1058/2346/651
f 1053/2347/652 1051/2348/652 1055/2349/652 1057/2350/652
f 1056/2351/653 1052/2352/653 1054/2353/653 1058/2354/653
f 1063/2355/654 1061/2356/654 1059/2357/654
f 1061/2358/655 1063/2359/655 1064/2360/655 1062/2361/655
f 1062/2362/656 1064/2363/656 1060/2364/656
f 1065/2365/657 1063/2366/657 1059/2367/657
f 1063/2368/658 1065/2369/658 1066/2370/658 1064/2371/658
f 1064/2372/659 1066/2373/659 1060/2374/659
f 1067/2375/660 1065/2376/660 1059/2377/660
f 1065/2378/661 1067/2379/661 1068/2380/661 1066/2381/661
f 1066/2382/662 1068/2383/662 1060/2384/662
f 1069/2385/663 1067/2386/663 1059/2387/663
f 1067/2388/664 1069/2389/664 1070/2390/664 1068/2391/664
f 1068/2392/665 1070/2393/665 1060/2394/665
f 1071/2395/666 1069/2396/666 1059/2397/666
f 1069/2398/667 1071/2399/667 1072/2400/667 1070/2401/667
f 1070/2402/668 1072/2403/668 1060/2404/668
f 1073/2405/669 1071/2406/669 1059/2407/669
f 1071/2408/670 1073/2409/670 1074/2410/670 1072/2411/670
f 1072/2412/671 1074/2413/671 1060/2414/671
f 1075/2415/672 1073/2416/672 1059/2417/672
f 1073/2418/673 1075/2419/673 1076/2420/673 1074/2421/673
f 1074/2422/674 1076/2423/674 1060/2424/674
f 1061/2425/675 1075/2426/675 1059/2427/675
f 1075/2428/676 1061/2429/676 1062/2430/676 1076/2431/676
f 1076/2432/677 1062/2433/677 1060/2434/677
f 1079/2435/678 1080/2436/678 1077/2437/678
f 1080/2438/679 1079/2439/679 1078/2440/679
f 1080/2441/680 1081/2442/680 1077/2443/680
f 1081/2444/681 1080/2445/681 1078/2446/681
f 1081/2447/682 1082/2448/682 1077/2449/682
f 1082/2450/683 1081/2451/683 1078/2452/683
f 1082/2453/684 1083/2454/684 1077/2455/684
f 1083/2456/685 1082/2457/685 1078/2458/685
f 1083/2459/686 1084/2460/686 1077/2461/686
f 1084/2462/687 1083/2463/687 1078/2464/687
f 1084/2465/688 1085/2466/688 1077/2467/688
f 1085/2468/689 1084/2469/689 1078/2470/689
f 1085/2471/690 1086/2472/690 1077/2473/690
f 1086/2474/691 1085/2475/691 1078/2476/691
f 1086/2477/692 1087/2478/692 1077/2479/692
f 1087/2480/693 1086/2481/693 1078/2482/693
f 1087/2483/694 1088/2484/694 1077/2485/694
f 1088/2486/695 1087/2487/695 1078/2488/695
f 1088/2489/696 1089/2490/696 1077/2491/696
f 1089/2492/697 1088/2493/697 1078/2494/697
f 1089/2495/698 1090/2496/698 1077/2497/698
f 1090/2498/699 1089/2499/699 1078/2500/699
f 1090/2501/700 1091/2502/700 1077/2503/700
f 1091/2504/701 1090/2505/701 1078/2506/701
f 1091/2507/702 1092/2508/702 1077/2509/702
f 1092/2510/703 1091/2511/703 1078/2512/703
f 1092/2513/704 1093/2514/704 1077/2515/704
f 1093/2516/705 1092/2517/705 1078/2518/705
f 1093/2519/706 1094/2520/706 1077/2521/706
f 1094/2522/707 1093/2523/707 1078/2524/707
f 1094/2525/708 1079/2526/708 1077/2527/708
f 1079/2528/709 1094/2529/709 1078/2530/709
f 1098/2531/710 1097/2532/710 1095/2533/710
f 1097/2534/711 1098/2535/711 1096/2536/711
f 1099/2537/712 1098/2538/712 1095/2539/712
f 1098/2540/713 1099/2541/713 1096/2542/713
f 1100/2543/714 1099/2544/714 1095/2545/714
f 1099/2546/715 1100/2547/715 1096/2548/715
f 1101/2549/716 1100/2550/716 1095/2551/716
f 1100/2552/717 1101/2553/717 1096/2554/717
f 1102/2555/718 1101/2556/718 1095/2557/718
f 1101/2558/719 1102/2559/719 1096/2560/719
f 1103/2561/720 1102/2562/720 1095/2563/720
f 1102/2564/721 1103/2565/721 1096/2566/721
f 1104/2567/722 1103/2568/722 1095/2569/722
f 1103/2570/723 1104/2571/723 1096/2572/723
f 1105/2573/724 1104/2574/724 1095/2575/724
f 1104/2576/725 1105/2577/725 1096/2578/725
f 1106/2579/726 1105/2580/726 1095/2581/726
f 1105/2582/727 1106/2583/727 1096/2584/727
f 1107/2585/728 1106/2586/728 1095/2587/728
f 1106/2588/729 1107/2589/729 1096/2590/729
f 1108/2591/730 1107/2592/730 1095/2593/730
f 1107/2594/731 1108/2595/731 1096/2596/731
f 1109/2597/732 1108/2598/732 1095/2599/732
f 1108/2600/733 1109/2601/733 1096/2602/733
f 1110/2603/734 1109/2604/734 1095/2605/734
f 1109/2606/735 1110/2607/735 1096/2608/735
f 1111/2609/736 1110/2610/736 1095/2611/736
f 1110/2612/737 1111/2613/737 1096/2614/737
f 1112/2615/738 1111/2616/738 1095/2617/738
f 1111/2618/739 1112/2619/739 1096/2620/739
f 1097/2621/740 1112/2622/740 1095/2623/740
f 1112/2624/741 1097/2625/741 1096/2626/741
f 1114/2627/742 1113/2628/742 1115/2629/742 1116/2630/742
f 1119/2631/743 1117/2632/743 1118/2633/743 1120/2634/743
f 1117/2635/744 1113/2636/744 1114/2637/744 1118/2638/744
f 1116/2639/745 1115/2640/745 1119/2641/745 1120/2642/745
f 1118/2643/746 1114/2644/746 1116/2645/746 1120/2646/746
f 1122/2647/747 1121/2648/747 1123/2649/747 1124/2650/747
f 1127/2651/748 1125/2652/748 1126/2653/748 1128/2654/748
f 1125/2655/749 1121/2656/749 1122/2657/749 1126/2658/749
f 1124/2659/750 1123/2660/750 1127/2661/750 1128/2662/750
f 1123/2663/751 1121/2664/751 1125/2665/751 1127/2666/751
f 1126/2667/752 1122/2668/752 1124/2669/752 1128/2670/752
f 1133/2671/753 1131/2672/753 1129/2673/753
f 1131/2674/754 1133/2675/754 1134/2676/754 1132/2677/754
f 1132/2678/755 1134/2679/755 1130/2680/755
f 1135/2681/756 1133/2682/756 1129/2683/756
f 1133/2684/757 1135/2685/757 1136/2686/757 1134/2687/757
f 1134/2688/758 1136/2689/758 1130/2690/758
f 1137/2691/759 1135/2692/759 1129/2693/759
f 1135/2694/760 1137/2695/760 1138/2696/760 1136/2697/760
f 1136/2698/761 1138/2699/761 1130/2700/761
f 1139/2701/762 1137/2702/762 1129/2703/762
f 1137/2704/763 1139/2705/763 1140/2706/763 1138/2707/763
f 1138/2708/764 1140/2709/764 1130/2710/764
f 1141/2711/765 1139/2712/765 1129/2713/765
f 1139/2714/766 1141/2715/766 1142/2716/766 1140/2717/766
f 1140/2718/767 1142/2719/767 1130/2720/767
f 1143/2721/768 1141/2722/768 1129/2723/768
f 1141/2724/769 1143/2725/769 1144/2726/769 1142/2727/769
f 1142/2728/770 1144/2729/770 1130/2730/770
f 1145/2731/771 1143/2732/771 1129/2733/771
f 1143/2734/772 1145/2735/772 1146/2736/772 1144/2737/772
f 1144/2738/773 1146/2739/773 1130/2740/773
f 1131/2741/774 1145/2742/774 1129/2743/774
f 1145/2744/775 1131/2745/775 1132/2746/775 1146/2747/775
f 1146/2748/776 1132/2749/776 1130/2750/776
f 1148/2751/777 1147/2752/777 1149/2753/777 1150/2754/777
f 1153/2755/778 1151/2756/778 1152/2757/778 1154/2758/778
f 1151/2759/779 1147/2760/779 1148/2761/779 1152/2762/779
f 1150/2763/780 1149/2764/780 1153/2765/780 1154/2766/780
f 1149/2767/781 1147/2768/781 1151/2769/781 1153/2770/781
f 1152/2771/782 1148/2772/782 1150/2773/782 1154/2774/782
f 1156/2775/783 1155/2776/783 1157/2777/783 1158/2778/783
f 1161/2779/784 1159/2780/784 1160/2781/784 1162/2782/784
f 1159/2783/785 1155/2784/785 1156/2785/785 1160/2786/785
f 1158/2787/786 1157/2788/786 1161/2789/786 1162/2790/786
f 1157/2791/787 1155/2792/787 1159/2793/787 1161/2794/787
f 1160/2795/788 1156/2796/788 1158/2797/788 1162/2798/788
f 1164/2799/789 1163/2800/789 1165/2801/789 1166/2802/789
f 1169/2803/790 1167/2804/790 1168/2805/790 1170/2806/790
f 1167/2807/791 1163/2808/791 1164/2809/791 1168/2810/791
f 1166/2811/792 1165/2812/792 1169/2813/792 1170/2814/792
f 1165/2815/793 1163/2816/793 1167/2817/793 1169/2818/793
f 1168/2819/794 1164/2820/794 1166/2821/794 1170/2822/794
f 1172/2823/795 1171/2824/795 1173/2825/795 1174/2826/795
f 1177/2827/796 1175/2828/796 1176/2829/796 1178/2830/796
f 1175/2831/797 1171/2832/797 1172/2833/797 1176/2834/797
f 1174/2835/798 1173/2836/798 1177/2837/798 1178/2838/798
f 1173/2839/799 1171/2840/799 1175/2841/799 1177/2842/799
f 1176/2843/800 1172/2844/800 1174/2845/800 1178/2846/800
f 1181/2847/801 1180/2848/801 1179/2849/801 1182/2850/801
f 1184/2851/802 1183/2852/802 1185/2853/802 1186/2854/802
f 1188/2855/803 1187/2856/803 1189/2857/803 1190/2858/803
f 1191/2859/804 1192/2860/804 1194/2861/804 1193/2862/804
f 1197/2863/805 1196/2864/805 1195/2865/805 1198/2866/805
f 1201/2867/806 1199/2868/806 1200/2869/806 1202/2870/806
f 1205/2871/807 1203/2872/807 1204/2873/807 1206/2874/807
f 1207/2875/808 1208/2876/808 1209/2877/808 1210/2878/808
f 1213/2879/809 1211/2880/809 1212/2881/809 1214/2882/809
f 1215/2883/810 1216/2884/810 1218/2885/810 1217/2886/810
f 1222/2887/811 1220/2888/811 1219/2889/811 1221/2890/811
f 1226/2891/812 1224/2892/812 1223/2893/812 1225/2894/812
f 1227/2895/813 1228/2896/813 1230/2897/813 1229/2898/813
f 1232/2899/814 1231/2900/814 1233/2901/814 1234/2902/814
f 1231/2903/815 1227/2904/815 1229/2905/815 1233/2906/815
f 1228/2907/816 1232/2908/816 1234/2909/816 1230/2910/816
f 1236/2911/817 1235/2912/817 1237/2913/817 1238/2914/817
f 1242/2915/818 1240/2916/818 1239/2917/818 1241/2918/818
f 1245/2919/819 1243/2920/819 1244/2921/819 1246/2922/819
f 1241/2923/820 1239/2924/820 1243/2925/820 1245/2926/820
f 1246/2927/821 1244/2928/821 1240/2929/821 1242/2930/821
f 1249/2931/822 1247/2932/822 1248/2933/822 1250/2934/822
f 1254/2935/823 1252/2936/823 1251/2937/823 1253/2938/823
f 1258/2939/824 1256/2940/824 1255/2941/824 1257/2942/824
f 1262/2943/825 1260/2944/825 1259/2945/825 1261/2946/825
f 1266/2947/826 1264/2948/826 1263/2949/826 1265/2950/826
f 1270/2951/827 1268/2952/827 1267/2953/827 1269/2954/827
f 1271/2955/828 1272/2956/828 1274/2957/828 1273/2958/828
f 1275/2959/829 1276/2960/829 1278/2961/829 1277/2962/829
f 1279/2963/830 1280/2964/830 1282/2965/830 1281/2966/830
f 1283/2967/831 1284/2968/831 1286/2969/831 1285/2970/831
f 1287/2971/832 1288/2972/832 1290/2973/832 1289/2974/832
f 1291/2975/833 1292/2976/833 1294/2977/833 1293/2978/833
f 1295/2979/834 1296/2980/834 1298/2981/834 1297/2982/834
f 1299/2983/835 1300/2984/835 1302/2985/835 1301/2986/835
f 1303/2987/836 1304/2988/836 1306/2989/836 1305/2990/836
f 1307/2991/837 1308/2992/837 1310/2993/837 1309/2994/837
f 1314/2995/838 1312/2996/838 1311/2997/838 1313/2998/838
f 1318/2999/839 1316/3000/839 1315/3001/839 1317/3002/839
f 1322/3003/840 1320/3004/840 1319/3005/840 1321/3006/840
f 1326/3007/841 1324/3008/841 1323/3009/841 1325/3010/841
f 1330/3011/842 1328/3012/842 1327/3013/842 1329/3014/842
f 1332/3015/843 1331/3016/843 1333/3017/843 1334/3018/843
f 1336/3019/844 1335/3020/844 1337/3021/844 1338/3022/844
f 1340/3023/845 1339/3024/845 1341/3025/845 1342/3026/845
f 1346/3027/846 1344/3028/846 1345/3029/846 1343/3030/846
f 1348/3031/847 1347/3032/847 1350/3033/847 1349/3034/847
f 1351/3035/848 1352/3036/848 1353/3037/848 1354/3038/848
f 1350/3039/849 1349/3040/849 1353/3041/849 1354/3042/849
f 1347/3043/850 1351/3044/850 1349/3045/850 1353/3046/850
f 1352/3047/851 1348/3048/851 1354/3049/851 1350/3050/851
o internal_signs
v -1.0735384365773337 2.868361386671688 1.3124999999999996
v -1.1306436456736062 2.434604259820646 1.3124999999999993
v -1.073538436577335 2.8683613866716886 -1.3124999999999996
v -1.1306436456736075 2.4346042598206465 -1.3124999999999998
v 1.0735382606882642 2.868361643167564 1.3124999999999993
v 1.1306438903740983 2.4346045103691547 1.3124999999999991
v 1.0735382606882633 2.8683616431675643 -1.3124999999999998
v 1.1306438903740974 2.434604510369155 -1.3125
v -1.0735384365773373 2.86836138667169 -6.437499999999998
v -1.1306436456736098 2.434604259820648 -6.437499999999998
v -1.0735384365773384 2.8683613866716904 -9.062499999999996
v -1.1306436456736109 2.4346042598206483 -9.062499999999996
v 1.073538260688261 2.8683616431675656 -6.437499999999999
v 1.1306438903740952 2.4346045103691565 -6.437499999999999
v 1.0735382606882597 2.868361643167566 -9.062499999999996
v 1.1306438903740939 2.434604510369157 -9.062499999999996
v -1.0735384365773304 2.8683613866716864 9.062499999999996
v -1.1306436456736029 2.4346042598206443 9.062499999999996
v -1.0735384365773315 2.868361386671687 6.437499999999998
v -1.130643645673604 2.434604259820645 6.437499999999998
v 1.0735382606882677 2.868361643167562 9.062499999999996
v 1.1306438903741018 2.434604510369153 9.062499999999996
v 1.0735382606882664 2.8683616431675625 6.437499999999997
v 1.1306438903741005 2.4346045103691534 6.437499999999997
vt 0 1
vt 0 0
vt 1 0
vt 1 1
vt 0 0
vt 1 0
vt 1 1
vt 0 1
vt 0 1
vt 0 0
vt 1 0
vt 1 1
vt 0 0
vt 1 0
vt 1 1
vt 0 1
vt 0 1
vt 0 0
vt 1 0
vt 1 1
vt 0 0
vt 1 0
vt 1 1
vt 0 1
vn 0.9914448613738105 -0.1305261922200515 -4.692726018812705e-16
vn -0.9914447371974507 -0.1305271354296791 4.113070637335399e-16
vn 0.9914448613738105 -0.1305261922200515 -4.692726018812705e-16
vn -0.9914447371974507 -0.1305271354296791 4.113070637335399e-16
vn 0.9914448613738105 -0.1305261922200515 -4.692726018812705e-16
vn -0.9914447371974507 -0.1305271354296791 4.113070637335399e-16
usemtl m_adc44355-70cf-f0c7-8fb8-14a027379e6d
f 1355/3051/852 1356/3052/852 1358/3053/852 1357/3054/852
f 1362/3055/853 1360/3056/853 1359/3057/853 1361/3058/853
f 1363/3059/854 1364/3060/854 1366/3061/854 1365/3062/854
f 1370/3063/855 1368/3064/855 1367/3065/855 1369/3066/855
f 1371/3067/856 1372/3068/856 1374/3069/856 1373/3070/856
f 1378/3071/857 1376/3072/857 1375/3073/857 1377/3074/857