# Made in Blockbench 4.12.6
mtllib tgv_atlantique_carmillon_obj.mtl

o car1_glass
v 1.30109125 2.35291125 -7.214404375
v 1.4132156249999999 1.800501875 -7.2153687500000006
v 1.309360625 2.35291125 -6.895435
v 1.41293125 1.800501875 -6.893960625
v 1.14942125 2.3419443749999997 -7.6492325
v 1.169043125 1.772180625 -8.384755
v 1.27011125 2.342944375 -7.38382875
v 1.381808125 1.793460625 -7.822568125
v 1.02920875 1.766299375 -8.52092875
v 1.0073362499999998 2.3454525 -7.76834
v 0.1082774999999998 1.763133125 -8.92103
v 0.10625687500000014 2.3425868750000003 -8.07543375
v 1.2969225 2.354735 -7.304889375
v 1.411733125 1.802285 -7.31274125
v 1.412895 1.805858125 -7.7288625
v -1.3010912499999998 2.35291125 -7.214404375
v -1.4132156250000003 1.800501875 -7.2153687500000006
v -1.309360625 2.35291125 -6.895435
v -1.4129312499999997 1.800501875 -6.893960625
v -1.1494212499999996 2.3419443749999997 -7.6492325
v -1.169043125 1.772180625 -8.384755
v -1.2701112500000002 2.342944375 -7.38382875
v -1.381808125 1.793460625 -7.822568125
v -1.0292087500000004 1.766299375 -8.52092875
v -1.0073362499999998 2.3454525 -7.76834
v -0.10827750000000025 1.763133125 -8.92103
v -0.10625687500000014 2.3425868750000003 -8.07543375
v -1.2969225 2.354735 -7.304889375
v -1.4117331250000005 1.802285 -7.31274125
v -1.4128949999999998 1.805858125 -7.7288625
vt 0.01827690476190476 0.8869047619047619
vt 0 0.8216080952380952
vt 0.03571428571428571 0.7784722619047619
vt 0.03571428571428571 0.8670917261904763
vt 0.48283107142857146 0.7857142857142857
vt 0.5365141666666666 0.7857142857142857
vt 0.5364093452380952 0.8152649404761905
vt 0.48288869047619043 0.8154761904761905
vt 0.08928571428571429 0.7916666666666666
vt 0.08928571428571429 0.7012010119047619
vt 0.1806135119047619 0.6728472023809524
vt 0.17727244047619048 0.7703044642857143
vt 0.46252392857142854 0.4817302976190476
vt 0.4228927380952381 0.5357142857142857
vt 0.4228927380952381 0.4819708928571428
vt 0.03571428571428571 0.7784722619047619
vt 0 0.8216080952380952
vt 0.01827690476190476 0.8869047619047619
vt 0.03571428571428571 0.8670917261904763
vt 0.5364093452380952 0.8152649404761905
vt 0.5365141666666666 0.7857142857142857
vt 0.48283107142857146 0.7857142857142857
vt 0.48288869047619043 0.8154761904761905
vt 0.1806135119047619 0.6728472023809524
vt 0.08928571428571429 0.7012010119047619
vt 0.08928571428571429 0.7916666666666666
vt 0.17727244047619048 0.7703044642857143
vt 0.4228927380952381 0.5357142857142857
vt 0.46252392857142854 0.4817302976190476
vt 0.4228927380952381 0.4819708928571428
vn 0.836178623237207 0.4358268940027539 -0.3329567967545364
vn 0.9796915042700965 0.19889559544131521 -0.025398790818471358
vn 0.2517735973154734 0.7704957972628547 -0.5856161559375767
vn 0.9790833454056387 0.20341024781139647 0.004480383310523769
vn -0.836178623237207 0.4358268940027537 -0.33295679675453643
vn -0.9796915042700961 0.19889559544131635 -0.025398790818472045
vn -0.2517735973154733 0.7704957972628547 -0.5856161559375764
vn -0.9790833454056385 0.20341024781139724 0.004480383310522221
usemtl m_174921bd-8d65-9278-7639-917192b6ef1e
f 7/1/1 8/2/1 6/3/1 5/4/1
f 2/5/2 1/6/2 3/7/2 4/8/2
f 10/9/3 9/10/3 11/11/3 12/12/3
f 15/13/4 13/14/4 14/15/4
f 21/16/5 23/17/5 22/18/5 20/19/5
f 18/20/6 16/21/6 17/22/6 19/23/6
f 26/24/7 24/25/7 25/26/7 27/27/7
f 28/28/8 30/29/8 29/30/8
o car1_light_red
v -0.5625 0.8625 -10.528125000000001
v -0.533193125 0.753125 -10.528125000000001
v -0.482431875 0.782431875 -10.528125000000001
v -0.453125 0.833193125 -10.528125000000001
v -0.453125 0.891806875 -10.528125000000001
v -0.482431875 0.942568125 -10.528125000000001
v -0.533193125 0.971875 -10.528125000000001
v -0.591806875 0.971875 -10.528125000000001
v -0.642568125 0.942568125 -10.528125000000001
v -0.671875 0.891806875 -10.528125000000001
v -0.671875 0.833193125 -10.528125000000001
v -0.642568125 0.782431875 -10.528125000000001
v -0.591806875 0.753125 -10.528125000000001
v 0.5625 0.8625 -10.528125000000001
v 0.5331931249999999 0.753125 -10.528125000000001
v 0.48243187500000007 0.782431875 -10.528125000000001
v 0.453125 0.833193125 -10.528125000000001
v 0.453125 0.891806875 -10.528125000000001
v 0.48243187500000007 0.942568125 -10.528125000000001
v 0.5331931249999999 0.971875 -10.528125000000001
v 0.5918068750000001 0.971875 -10.528125000000001
v 0.6425681249999999 0.942568125 -10.528125000000001
v 0.671875 0.891806875 -10.528125000000001
v 0.671875 0.833193125 -10.528125000000001
v 0.6425681249999999 0.782431875 -10.528125000000001
v 0.5918068750000001 0.753125 -10.528125000000001
vt 0.4518206547619047 0.11904761904761907
vt 0.4503757142857143 0.12443970238095237
vt 0.44103648809523815 0.11904761904761907
vt 0.8863444642857142 0.7678571428571428
vt 0.8848997023809524 0.7732492857142858
vt 0.8755602976190476 0.7678571428571428
vt 0.8908520833333333 0.5
vt 0.8922968452380952 0.5053919642857143
vt 0.8815126785714286 0.5053919642857143
vt 0.47647059523809526 0.11309523809523814
vt 0.4818627380952381 0.11454017857142862
vt 0.47647059523809526 0.12387946428571417
vt 0.7026610714285715 0.11454017857142862
vt 0.7080532142857143 0.11309523809523814
vt 0.7080532142857143 0.12387946428571417
vt 0.881232619047619 0.3645400000000001
vt 0.8866245238095238 0.36309523809523814
vt 0.8866245238095238 0.3738793452380952
vt 0.8755602976190476 0.5172968452380953
vt 0.8770052380952381 0.5119047619047619
vt 0.8863444642857142 0.5172968452380953
vt 0.8770052380952381 0.3446777976190476
vt 0.8755602976190476 0.3392857142857143
vt 0.8863444642857142 0.3392857142857143
vt 0.4640054761904762 0.11792696428571436
vt 0.4586135714285714 0.11648226190476185
vt 0.4640054761904762 0.1071428571428571
vt 0.49376749999999997 0.12387946428571417
vt 0.4883753571428572 0.12243452380952369
vt 0.49376749999999997 0.11309523809523814
vt 0.5354341666666667 0.1238793452380953
vt 0.5300420238095238 0.12243464285714278
vt 0.5354341666666667 0.11309523809523814
vt 0.8866245238095238 0.33076797619047615
vt 0.881232619047619 0.33221267857142855
vt 0.881232619047619 0.3214285714285714
vt 0.8866246428571429 0.8262602976190476
vt 0.8812325 0.8248155952380952
vt 0.8866246428571429 0.8154761904761905
vt 0.07710083333333333 0.12243464285714278
vt 0.07170869047619048 0.1238793452380953
vt 0.07170869047619048 0.11309523809523814
vt 0.8829574404761905 0.6482491071428571
vt 0.8815126785714286 0.6428571428571428
vt 0.8922968452380952 0.6428571428571428
vt 0.10175077380952381 0.12443976190476191
vt 0.1031955357142857 0.11904761904761907
vt 0.11253494047619048 0.12443976190476191
vt 0.8710526785714285 0.2851540476190476
vt 0.8696079166666667 0.27976190476190477
vt 0.8803920833333333 0.27976190476190477
vt 0.8815126785714286 0.7851538690476191
vt 0.8829574404761905 0.7797619047619048
vt 0.8922968452380952 0.7851538690476191
vt 0.14908964285714285 0.10858779761904758
vt 0.15448178571428572 0.1071428571428571
vt 0.15448178571428572 0.11792708333333324
vt 0.6907563095238095 0.11904761904761907
vt 0.6961484523809524 0.12049255952380955
vt 0.6907563095238095 0.1298318452380952
vt 0.024089761904761905 0.10119047619047616
vt 0.029481666666666666 0.102635238095238
vt 0.024089761904761905 0.11197458333333343
vt 0.8789471428571428 0.29166666666666663
vt 0.8803920833333333 0.2970587499999999
vt 0.8696079166666667 0.2970587499999999
vt 0.8922968452380952 0.9702380952380952
vt 0.8908519047619047 0.9756301785714285
vt 0.8815126785714286 0.9702380952380952
vt 0.8922968452380952 0.7261904761904762
vt 0.8908520833333333 0.7315824404761905
vt 0.8815126785714286 0.7261904761904762
vn 0 -2.220446049250313e-16 -1
vn 0 -2.220446049250313e-16 -1
vn 0 -2.220446049250313e-16 -1
vn 0 -2.220446049250313e-16 -1
vn 0 -2.220446049250313e-16 -1
vn 0 -2.220446049250313e-16 -1
vn 0 -2.220446049250313e-16 -1
vn 0 -2.220446049250313e-16 -1
vn 0 -2.220446049250313e-16 -1
vn 0 -2.220446049250313e-16 -1
vn 0 -2.220446049250313e-16 -1
vn 0 -2.220446049250313e-16 -1
vn 0 -2.220446049250313e-16 -1
vn 0 -2.220446049250313e-16 -1
vn 0 -2.220446049250313e-16 -1
vn 0 -2.220446049250313e-16 -1
vn 0 -2.220446049250313e-16 -1
vn 0 -2.220446049250313e-16 -1
vn 0 -2.220446049250313e-16 -1
vn 0 -2.220446049250313e-16 -1
vn 0 -2.220446049250313e-16 -1
vn 0 -2.220446049250313e-16 -1
vn 0 -2.220446049250313e-16 -1
vn 0 -2.220446049250313e-16 -1
usemtl m_174921bd-8d65-9278-7639-917192b6ef1e
f 33/31/9 32/32/9 31/33/9
f 34/34/10 33/35/10 31/36/10
f 35/37/11 34/38/11 31/39/11
f 36/40/12 35/41/12 31/42/12
f 37/43/13 36/44/13 31/45/13
f 38/46/14 37/47/14 31/48/14
f 39/49/15 38/50/15 31/51/15
f 40/52/16 39/53/16 31/54/16
f 41/55/17 40/56/17 31/57/17
f 42/58/18 41/59/18 31/60/18
f 43/61/19 42/62/19 31/63/19
f 32/64/20 43/65/20 31/66/20
f 45/67/21 46/68/21 44/69/21
f 46/70/22 47/71/22 44/72/22
f 47/73/23 48/74/23 44/75/23
f 48/76/24 49/77/24 44/78/24
f 49/79/25 50/80/25 44/81/25
f 50/82/26 51/83/26 44/84/26
f 51/85/27 52/86/27 44/87/27
f 52/88/28 53/89/28 44/90/28
f 53/91/29 54/92/29 44/93/29
f 54/94/30 55/95/30 44/96/30
f 55/97/31 56/98/31 44/99/31
f 56/100/32 45/101/32 44/102/32
o car1_exterior
v -1.0372218750000002 -0.028302500000000008 -10.50861125
v 0.09797000000000011 0.839086875 -10.95094875
v 0.1119993749999999 1.09646 -10.519535625
v 0.11862937499999981 1.2077718750000002 -10.3230975
v 0.12438312500000004 1.316564375 -10.12593875
v 0.13014687499999988 1.420636875 -9.92733625
v 0.1354668750000001 1.521489375 -9.716564375
v 0.13869312500000008 1.590410625 -9.548631875
v 0.07221749999999982 1.659470625 -9.380648125
v -0.1119993749999999 1.09646 -10.519535625
v -0.11862937499999981 1.2077718750000002 -10.3230975
v -0.12438312500000004 1.316564375 -10.12593875
v -0.13014687499999988 1.420636875 -9.92733625
v -0.1354668750000001 1.521489375 -9.716564375
v -0.13869312500000008 1.590410625 -9.548631875
v -0.09797000000000011 0.839086875 -10.95094875
v -0.10538250000000016 0.98135625 -10.720254375
v 0.10538250000000016 0.98135625 -10.720254375
v 0.07116875 -0.024456250000000013 -11.36286625
v 0.07460125000000017 1.712010625 -9.214103125000001
v -0.07221749999999982 1.659470625 -9.380648125
v -0.07460125000000017 1.712010625 -9.214103125000001
v -0.14544500000000005 1.733405625 -9.061119375
v 0.14500562500000003 1.733404375 -9.061119375
v 0.0931112500000002 0.7103725 -11.139005
v -0.0931112500000002 0.7103725 -11.139005
v -0.7361599999999999 1.7352075 -8.830265625
v -0.4208068749999998 1.733451875 -8.97217625
v -0.6925643749999999 1.67750125 -9.157076875
v -0.8904568749999999 -0.020351249999999987 -10.87500125
v -1.0915749999999997 0.5021575 -10.713119375
v -0.0005131249999998921 1.734169375 -8.899756875
v 0.0015125000000000277 1.73306625 -9.061244375000001
v -1.0075225000000003 1.73162125 -8.686231875
v -0.5956475000000001 1.730493125 -8.637935625
v -0.7361599999999999 1.7352075 -8.830265625
v -0.4392775000000002 1.7342525 -8.963578125
v -0.35726499999999994 1.729635 -8.72259125
v -0.14500562500000003 1.733404375 -9.061119375
v -1.4135987500000002 1.739531875 -7.883746875
v -1.0650500000000003 1.738378125 -8.38644375
v -1.4385731249999996 1.7613325 -7.821748125
v -1.2374368750000002 1.7359125 -8.458555624999999
v -0.808939375 1.73427875 -8.548303125
v -1.0075225000000003 1.73136375 -8.686231875
v -0.5956475000000001 1.730205 -8.637935625
v -1.440245 1.630410625 -8.3757925
v -1.4283318749999996 1.648315 -8.382289375
v -1.4385731249999996 1.7613325 -7.821748125
v -1.4358456249999998 1.762485 -7.73445
v -0.11862937499999981 1.2077718750000002 -10.3230975
v -0.3505531249999998 1.1866824999999999 -10.322841875
v -0.1119993749999999 1.09646 -10.519535625
v -0.330723125 1.0753412500000001 -10.519291875
v 0.11862937499999981 1.2077718750000002 -10.3230975
v 0.12438312500000004 1.316564375 -10.12593875
v 0.13014687499999988 1.420636875 -9.92733625
v 0.1354668750000001 1.521489375 -9.716564375
v 0.13869312500000008 1.590410625 -9.548631875
v 0.3505531249999998 1.1866824999999999 -10.322841875
v 0.3690668750000001 1.2953999999999999 -10.125671875
v 0.3867099999999999 1.399605625 -9.92706
v 0.4030287499999998 1.5013225 -9.71628125
v 0.413728125 1.572159375 -9.545485
v 0.42486749999999995 1.642995625 -9.374690000000001
v 0.42986000000000013 1.700958125 -9.185979374999999
v 0.4392775000000002 1.7342525 -8.963578125
v 0.6925643749999999 1.67750125 -9.157076875
v 0.6942124999999999 1.60962375 -9.368646250000001
v 0.6773612500000001 1.53656125 -9.5423025
v 0.660948125 1.463499375 -9.71595875
v 0.6336312500000001 1.3611275 -9.92674625
v 0.60498875 1.25689625 -10.125366249999999
v 0.573715 1.14815 -10.322547499999999
v 0.330723125 1.0753412500000001 -10.519291875
v 0.54112625 1.036673125 -10.5190075
v 0.5211225000000002 0.9723825 -10.631883125
v 0.7652181250000001 0.975049375 -10.518650625
v 0.7797468749999998 1.09593125 -10.32223125
v 0.8220225000000001 1.2039675 -10.12503875
v 0.8612268749999998 1.30759125 -9.927123125
v 0.8977849999999998 1.4091456249999998 -9.716325625
v 0.9207981250000001 1.4825325 -9.544096249999999
v 0.943370625 1.555919375 -9.371865625
v 0.9487468749999999 1.6306375 -9.160309375
v 0.9687531250000001 1.6751175 -9.000165625000001
v 0.7361599999999999 1.7352075 -8.830265625
v 1.0249237500000001 1.6988725 -8.885719375
v 1.0075224999999999 1.73162125 -8.686231875
v 1.237436875 1.7359125 -8.458555624999999
v 1.243930625 1.0242925 -10.123481875
v 1.302523125 1.115258125 -9.926229375
v 1.351886875 1.20147625 -9.729688750000001
v 1.37890625 1.262628125 -9.581745
v 1.405926875 1.323466875 -9.433085
v 1.423109375 1.39754875 -9.237964375
v 1.427890625 1.466374375 -9.041405000000001
v 1.4336575 1.52878125 -8.845546875
v 1.427579375 1.62882125 -8.48239125
v 1.428331875 1.648315 -8.382289375
v 1.438573125 1.7613325 -7.821748125
v 1.17918875 0.9277525 -10.32000875
v 1.00415375 0.935415 -10.437501875
v 1.019676875 0.8967993750000001 -10.483169375
v 1.1104975 0.827106875 -10.517243125
v 1.038293125 0.7228893750000001 -10.71304
v 0.9334425 0.7808181249999999 -10.706846875
v 0.9603593749999999 0.62066625 -10.90384
v 0.9207462500000001 0.7637987500000001 -10.739005
v 0.8869212499999999 0.7531181250000001 -10.776205
v 0.8126056250000002 0.752286875 -10.82419625
v 0.785965 0.6972725 -10.917786875
v 0.6226212499999999 0.7502893749999999 -10.93023
v 0.30474250000000014 0.9616675 -10.718600625
v 0.3302243749999998 0.97049875 -10.697140625
v 0.88615625 0.976359375 -10.45058875
v 0.970244375 0.95967 -10.42008375
v 0.7361599999999999 1.7352075 -8.830265625
v 0.4208068749999998 1.733451875 -8.97217625
v 0.6925643749999999 1.67750125 -9.157076875
v 0.07221749999999982 1.659470625 -9.380648125
v 0.07460125000000017 1.712010625 -9.214103125000001
v 0.14544500000000005 1.733405625 -9.061119375
v 0.8904568749999999 -0.020351249999999987 -10.87500125
v 1.091575 0.5021575 -10.713119375
v 0.0005131249999998921 1.734169375 -8.899756875
v -0.0015125000000000277 1.73306625 -9.061244375000001
v 1.0075224999999999 1.73162125 -8.686231875
v 0.5956475000000001 1.730493125 -8.637935625
v 0.7361599999999999 1.7352075 -8.830265625
v 0.4392775000000002 1.7342525 -8.963578125
v 0.35726499999999994 1.729635 -8.72259125
v 0.14500562500000003 1.733404375 -9.061119375
v 1.41359875 1.739531875 -7.883746875
v 1.06505 1.738378125 -8.38644375
v 1.438573125 1.7613325 -7.821748125
v 1.237436875 1.7359125 -8.458555624999999
v 0.808939375 1.73427875 -8.548303125
v 1.0075224999999999 1.73136375 -8.686231875
v 0.5956475000000001 1.730205 -8.637935625
v 1.440245 1.630410625 -8.3757925
v 1.428331875 1.648315 -8.382289375
v 1.438573125 1.7613325 -7.821748125
v 1.435845625 1.762485 -7.73445
v 0.970244375 0.95967 -10.42008375
v 1.0003043749999998 1.00306875 -10.321004375000001
v 0.3505531249999998 1.1866824999999999 -10.322841875
v 0.573715 1.14815 -10.322547499999999
v 0.330723125 1.0753412500000001 -10.519291875
v 0.54112625 1.036673125 -10.5190075
v 0.11862937499999981 1.2077718750000002 -10.3230975
v 0.3505531249999998 1.1866824999999999 -10.322841875
v 0.1119993749999999 1.09646 -10.519535625
v 0.330723125 1.0753412500000001 -10.519291875
v -1.1875 2.4375 -6
v 1.1875 2.4375 -6
v -0.3505531249999998 1.1866824999999999 -10.322841875
v -0.573715 1.14815 -10.322547499999999
v -0.330723125 1.0753412500000001 -10.519291875
v -0.54112625 1.036673125 -10.5190075
v -0.11862937499999981 1.2077718750000002 -10.3230975
v -0.12438312500000004 1.316564375 -10.12593875
v -0.13014687499999988 1.420636875 -9.92733625
v -0.1354668750000001 1.521489375 -9.716564375
v -0.13869312500000008 1.590410625 -9.548631875
v -0.3505531249999998 1.1866824999999999 -10.322841875
v -0.3690668750000001 1.2953999999999999 -10.125671875
v -0.3867099999999999 1.399605625 -9.92706
v -0.4030287499999998 1.5013225 -9.71628125
v -0.413728125 1.572159375 -9.545485
v -0.42486749999999995 1.642995625 -9.374690000000001
v -0.42986000000000013 1.700958125 -9.185979374999999
v -0.4392775000000002 1.7342525 -8.963578125
v -0.6925643749999999 1.67750125 -9.157076875
v -0.6942124999999999 1.60962375 -9.368646250000001
v -0.6773612500000001 1.53656125 -9.5423025
v -0.660948125 1.463499375 -9.71595875
v -0.6336312500000001 1.3611275 -9.92674625
v -0.60498875 1.25689625 -10.125366249999999
v -0.573715 1.14815 -10.322547499999999
v -0.330723125 1.0753412500000001 -10.519291875
v -0.54112625 1.036673125 -10.5190075
v -0.5211225000000002 0.9723825 -10.631883125
v -0.7652181250000001 0.975049375 -10.518650625
v -0.7797468749999998 1.09593125 -10.32223125
v -0.8220225000000001 1.2039675 -10.12503875
v -0.8612268749999998 1.30759125 -9.927123125
v -0.8977849999999998 1.4091456249999998 -9.716325625
v -0.9207981250000001 1.4825325 -9.544096249999999
v -0.943370625 1.555919375 -9.371865625
v -0.9487468750000003 1.6306375 -9.160309375
v -0.9687531250000001 1.6751175 -9.000165625000001
v -0.7361599999999999 1.7352075 -8.830265625
v -1.0249237500000001 1.6988725 -8.885719375
v -1.0075225000000003 1.73162125 -8.686231875
v -1.2374368750000002 1.7359125 -8.458555624999999
v -1.243930625 1.0242925 -10.123481875
v -1.3025231249999996 1.115258125 -9.926229375
v -1.351886875 1.20147625 -9.729688750000001
v -1.37890625 1.262628125 -9.581745
v -1.4059268749999996 1.323466875 -9.433085
v -1.4231093750000001 1.39754875 -9.237964375
v -1.4278906249999999 1.466374375 -9.041405000000001
v -1.4336574999999998 1.52878125 -8.845546875
v -1.4275793749999997 1.62882125 -8.48239125
v -1.4283318749999996 1.648315 -8.382289375
v -1.4385731249999996 1.7613325 -7.821748125
v -1.1791887499999998 0.9277525 -10.32000875
v -1.0041537500000004 0.935415 -10.437501875
v -1.019676875 0.8967993750000001 -10.483169375
v -1.1104975000000001 0.827106875 -10.517243125
v -1.038293125 0.7228893750000001 -10.71304
v -0.9334425 0.7808181249999999 -10.706846875
v -0.9603593750000003 0.62066625 -10.90384
v -0.9207462500000001 0.7637987500000001 -10.739005
v -0.8869212499999999 0.7531181250000001 -10.776205
v -0.8126056250000002 0.752286875 -10.82419625
v -0.785965 0.6972725 -10.917786875
v -0.6226212499999999 0.7502893749999999 -10.93023
v -0.30474250000000014 0.9616675 -10.718600625
v -0.3302243749999998 0.97049875 -10.697140625
v -0.88615625 0.976359375 -10.45058875
v -0.970244375 0.95967 -10.42008375
v -0.07221749999999982 1.659470625 -9.380648125
v -0.07460125000000017 1.712010625 -9.214103125000001
v -0.14544500000000005 1.733405625 -9.061119375
v -0.970244375 0.95967 -10.42008375
v -1.0003043749999998 1.00306875 -10.321004375000001
v -1.0037193750000002 0.935483125 -10.382938750000001
v -1.00376625 0.9353281250000001 -10.43764
v -0.9637962499999997 0.963001875 -10.38304625
v -0.9701456249999998 0.9596512500000001 -10.421476875
v -1.0197487499999998 0.897005625 -10.382821875000001
v -1.01983375 0.89672375 -10.48265125
v -1.0037193750000002 0.935483125 -10.382938750000001
v -1.00376625 0.9353281250000001 -10.43764
v -0.9637962499999997 0.963001875 -10.38304625
v -0.9701456249999998 0.9596512500000001 -10.421476875
v -0.8858125000000001 0.976450625 -10.38314875
v -0.885869375 0.976261875 -10.450158125
v -0.7303493749999999 0.97502625 -10.383278749999999
v -0.7652181250000001 0.975049375 -10.518650625
v -0.520851875 0.97312125 -10.383453124999999
v -0.5210643749999999 0.97242 -10.63166
v -0.3299556250000002 0.971376875 -10.383611875
v -0.3302243749999998 0.97049375 -10.69677625
v -0.3042856249999999 0.962548125 -10.383610000000001
v -0.3045724999999999 0.961603125 -10.718655625
v -0.9203800000000002 0.76488125 -10.382553125000001
v -0.9206850000000002 0.7638756250000001 -10.738794375
v -0.9296531250000002 0.7773456249999999 -10.382579374999999
v -0.9334425 0.7808181249999999 -10.706846875
v -0.9680762500000002 0.828509375 -10.382683125
v -0.9682768749999999 0.82784875 -10.616530625
v -1.0038493749999997 0.875756875 -10.38277875
v -1.0039718750000004 0.875355 -10.52500125
v -1.0197487499999998 0.897005625 -10.382821875000001
v -1.01983375 0.89672375 -10.48265125
v -0.2875143750000002 0.93525375 -10.383551875
v -0.2881231249999998 0.9341999999999999 -10.7671875
v -0.2878599999999998 0.777050625 -10.383128750000001
v -0.2886812499999998 0.775315625 -11.0142825
v -0.2878599999999998 0.777050625 -10.383128750000001
v -0.28840125000000016 0.7752693749999999 -11.0142425
v -0.30517812499999986 0.75682625 -10.383059375
v -0.3054674999999998 0.755023125 -11.03996875
v -0.30517812499999986 0.75682625 -10.383059375
v -0.3057400000000001 0.75497375 -11.03947375
v -0.3304412499999998 0.7490631249999999 -10.383016875
v -0.3310081249999999 0.747196875 -11.0442175
v -0.46154375000000014 0.750313125 -10.382908125
v -0.46207312499999986 0.74857125 -11.0003475
v -0.62187875 0.7517493749999999 -10.38277375
v -0.6223475 0.75020625 -10.929785625
v -0.81188875 0.75349125 -10.382615625
v -0.8122668750000002 0.752245 -10.8243275
v -0.8862975 0.754255625 -10.38255375
v -0.8866343749999999 0.75314625 -10.77571875
v -0.9203800000000002 0.76488125 -10.382553125000001
v -0.9206850000000002 0.7638756250000001 -10.738794375
v -0.46154375000000014 0.750313125 -10.382908125
v -0.62187875 0.7517493749999999 -10.38277375
v -0.534833125 0.8591737500000001 -10.383040000000001
v -0.81188875 0.75349125 -10.382615625
v -0.8862975 0.754255625 -10.38255375
v -0.9203800000000002 0.76488125 -10.382553125000001
v -0.9296531250000002 0.7773456249999999 -10.382579374999999
v -0.9680762500000002 0.828509375 -10.382683125
v -1.0038493749999997 0.875756875 -10.38277875
v -1.0197487499999998 0.897005625 -10.382821875000001
v -1.0037193750000002 0.935483125 -10.382938750000001
v -0.9637962499999997 0.963001875 -10.38304625
v -0.8858125000000001 0.976450625 -10.38314875
v -0.7303493749999999 0.97502625 -10.383278749999999
v -0.520851875 0.97312125 -10.383453124999999
v -0.3299556250000002 0.971376875 -10.383611875
v -0.3042856249999999 0.962548125 -10.383610000000001
v -0.2875143750000002 0.93525375 -10.383551875
v -0.2875956249999998 0.897925 -10.3834525
v -0.2877606250000002 0.82255625 -10.38325
v -0.2878599999999998 0.777050625 -10.383128750000001
v -0.30517812499999986 0.75682625 -10.383059375
v -0.3304412499999998 0.7490631249999999 -10.383016875
v -0.46154375000000014 0.750313125 -10.382908125
v -0.534833125 0.8591737500000001 -10.383040000000001
v -0.3304412499999998 0.7490631249999999 -10.383016875
v -0.2878425 0.934171875 -10.767144375
v -0.2875143750000002 0.93525375 -10.383551875
v -0.3045724999999999 0.961603125 -10.718655625
v -0.3042856249999999 0.962548125 -10.383610000000001
v 1.0037193750000002 0.935483125 -10.382938750000001
v 1.00376625 0.9353281250000001 -10.43764
v 0.9637962500000001 0.963001875 -10.38304625
v 0.9701456249999998 0.9596512500000001 -10.421476875
v 1.0197487500000002 0.897005625 -10.382821875000001
v 1.01983375 0.89672375 -10.48265125
v 1.0037193750000002 0.935483125 -10.382938750000001
v 1.00376625 0.9353281250000001 -10.43764
v 0.9637962500000001 0.963001875 -10.38304625
v 0.9701456249999998 0.9596512500000001 -10.421476875
v 0.8858125000000001 0.976450625 -10.38314875
v 0.885869375 0.976261875 -10.450158125
v 0.7303493749999999 0.97502625 -10.383278749999999
v 0.7652181250000001 0.975049375 -10.518650625
v 0.520851875 0.97312125 -10.383453124999999
v 0.5210643749999999 0.97242 -10.63166
v 0.3299556250000002 0.971376875 -10.383611875
v 0.3302243749999998 0.97049375 -10.69677625
v 0.3042856249999999 0.962548125 -10.383610000000001
v 0.3045724999999999 0.961603125 -10.718655625
v 0.9203800000000002 0.76488125 -10.382553125000001
v 0.9206850000000002 0.7638756250000001 -10.738794375
v 0.9296531250000002 0.7773456249999999 -10.382579374999999
v 0.9334425 0.7808181249999999 -10.706846875
v 0.9680762500000002 0.828509375 -10.382683125
v 0.9682768749999999 0.82784875 -10.616530625
v 1.0038493750000002 0.875756875 -10.38277875
v 1.003971875 0.875355 -10.52500125
v 1.0197487500000002 0.897005625 -10.382821875000001
v 1.01983375 0.89672375 -10.48265125
v 0.2875143750000002 0.93525375 -10.383551875
v 0.2881231249999998 0.9341999999999999 -10.7671875
v 0.2878599999999998 0.777050625 -10.383128750000001
v 0.2886812499999998 0.775315625 -11.0142825
v 0.2878599999999998 0.777050625 -10.383128750000001
v 0.28840125000000016 0.7752693749999999 -11.0142425
v 0.30517812499999986 0.75682625 -10.383059375
v 0.3054674999999998 0.755023125 -11.03996875
v 0.30517812499999986 0.75682625 -10.383059375
v 0.3057400000000001 0.75497375 -11.03947375
v 0.3304412499999998 0.7490631249999999 -10.383016875
v 0.3310081249999999 0.747196875 -11.0442175
v 0.46154375000000014 0.750313125 -10.382908125
v 0.46207312499999986 0.74857125 -11.0003475
v 0.62187875 0.7517493749999999 -10.38277375
v 0.6223475 0.75020625 -10.929785625
v 0.81188875 0.75349125 -10.382615625
v 0.8122668750000002 0.752245 -10.8243275
v 0.8862975 0.754255625 -10.38255375
v 0.8866343749999999 0.75314625 -10.77571875
v 0.9203800000000002 0.76488125 -10.382553125000001
v 0.9206850000000002 0.7638756250000001 -10.738794375
v 0.46154375000000014 0.750313125 -10.382908125
v 0.62187875 0.7517493749999999 -10.38277375
v 0.534833125 0.8591737500000001 -10.383040000000001
v 0.81188875 0.75349125 -10.382615625
v 0.8862975 0.754255625 -10.38255375
v 0.9203800000000002 0.76488125 -10.382553125000001
v 0.9296531250000002 0.7773456249999999 -10.382579374999999
v 0.9680762500000002 0.828509375 -10.382683125
v 1.0038493750000002 0.875756875 -10.38277875
v 1.0197487500000002 0.897005625 -10.382821875000001
v 1.0037193750000002 0.935483125 -10.382938750000001
v 0.9637962500000001 0.963001875 -10.38304625
v 0.8858125000000001 0.976450625 -10.38314875
v 0.7303493749999999 0.97502625 -10.383278749999999
v 0.520851875 0.97312125 -10.383453124999999
v 0.3299556250000002 0.971376875 -10.383611875
v 0.3042856249999999 0.962548125 -10.383610000000001
v 0.2875143750000002 0.93525375 -10.383551875
v 0.2875956249999998 0.897925 -10.3834525
v 0.2877606250000002 0.82255625 -10.38325
v 0.2878599999999998 0.777050625 -10.383128750000001
v 0.30517812499999986 0.75682625 -10.383059375
v 0.3304412499999998 0.7490631249999999 -10.383016875
v 0.46154375000000014 0.750313125 -10.382908125
v 0.534833125 0.8591737500000001 -10.383040000000001
v 0.3304412499999998 0.7490631249999999 -10.383016875
v 0.2878425 0.934171875 -10.767144375
v 0.2875143750000002 0.93525375 -10.383551875
v 0.3045724999999999 0.961603125 -10.718655625
v 0.3042856249999999 0.962548125 -10.383610000000001
v 1.109870625 2.4460474999999997 -7.633181875
v 1.127559375 2.417791875 -7.663135
v 1.1399475 2.446221875 -7.59440375
v 1.156311875 2.4179775 -7.61935
v 1.292443125 2.448079375 -7.303381875
v 1.299548125 2.4191656249999998 -7.3040125
v 1.314215625 2.450981875 -6.58901625
v 1.318116875 2.427055625 -6.59375
v 1.109870625 2.4460474999999997 -7.633181875
v 0.035545625000000136 2.442923125 -8.004813125
v 0.035646874999999856 2.41428625 -8.047656875000001
v 1.127559375 2.417791875 -7.663135
v 1.090818125 2.4176425 -7.6877825
v 1.0790825 2.4459581249999998 -7.643831875
v 1.318116875 2.427055625 -6.59375
v 1.318116875 2.427055625 -4.46875
v 1.314215625 2.450981875 -6.58901625
v 0.035545625000000136 2.442923125 -8.004813125
v -0.035545625000000136 2.442923125 -8.004813125
v 0.035646874999999856 2.41428625 -8.047656875000001
v -0.035646874999999856 2.41428625 -8.047656875000001
v 1.295334375 2.3576268750000002 -7.394788125
v 1.1750875 2.3566275 -7.66019125
v 1.27011125 2.342944375 -7.38382875
v 1.14942125 2.3419443749999997 -7.6492325
v 1.381808125 1.793460625 -7.822568125
v 1.169043125 1.772180625 -8.384755
v 1.407473125 1.808144375 -7.8335275
v 1.194709375 1.78686375 -8.395713125
v 0.10625687500000014 2.3425868750000003 -8.07543375
v 1.0073362499999998 2.3454525 -7.76834
v 0.1124218749999999 2.3642531250000003 -8.091214375
v 1.0135025 2.36711875 -7.784120625
v 0.1144418749999998 1.784916875 -8.93612875
v 1.0349306249999999 1.788081875 -8.536026249999999
v 0.1082774999999998 1.763133125 -8.92103
v 1.02920875 1.766299375 -8.52092875
v 1.309360625 2.35291125 -6.895435
v 1.30109125 2.35291125 -7.214404375
v 1.41293125 1.800501875 -6.893960625
v 1.413215625 1.800501875 -7.21536875
v 1.32481 2.3556356249999997 -6.895435
v 1.316540625 2.3556356249999997 -7.214404375
v 1.428380625 1.80322625 -6.893960625
v 1.428665 1.80322625 -7.21536875
v 1.411733125 1.802285 -7.31274125
v 1.412895 1.805858125 -7.7288625
v 1.4271825 1.805009375 -7.31274125
v 1.428344375 1.8085825 -7.7288625
v 1.438573125 1.76139375 -7.821748125
v 1.299548125 2.4191656249999998 -7.3040125
v 1.301410625 2.4243337499999997 -7.25948
v 1.318116875 2.427055625 -6.59375
v 1.4364475 1.75933125 -7.26372625
v 1.4375 1.750000625 -6.59375
v 1.4364475 1.75933125 -7.26372625
v 1.301410625 2.4243337499999997 -7.25948
v 1.436636875 1.759515 -7.313388125
v 1.316540625 2.3556356249999997 -7.214404375
v 1.32481 2.3556356249999997 -6.895435
v 1.428380625 1.80322625 -6.893960625
v 1.428665 1.80322625 -7.21536875
v 1.4271825 1.805009375 -7.31274125
v 1.42849875 1.8090575 -7.784231875
v 1.312371875 2.357459375 -7.304889375
v 1.312648125 2.357185625 -7.3527975
v 1.428344375 1.8085825 -7.7288625
v 1.27011125 2.342944375 -7.38382875
v 1.381808125 1.793460625 -7.822568125
v 1.295334375 2.3576268750000002 -7.394788125
v 1.407473125 1.808144375 -7.8335275
v 1.1750875 2.3566275 -7.66019125
v 1.194709375 1.78686375 -8.395713125
v 1.14942125 2.3419443749999997 -7.6492325
v 1.169043125 1.772180625 -8.384755
v 0.03801312499999998 1.729401875 -9.037256875
v 0.035646874999999856 2.41428625 -8.047656875000001
v 0.1144418749999998 1.784916875 -8.93612875
v 0.1124218749999999 2.3642531250000003 -8.091214375
v 1.090818125 2.4176425 -7.6877825
v 1.0135025 2.36711875 -7.784120625
v 1.116565625 1.733109375 -8.56864375
v 1.0349306249999999 1.788081875 -8.536026249999999
v 1.15197625 1.73326375 -8.5412625
v 1.127559375 2.417791875 -7.663135
v 1.15197625 1.73326375 -8.5412625
v 1.17984125 1.7334525 -8.495426250000001
v 1.127559375 2.417791875 -7.663135
v 1.156311875 2.4179775 -7.61935
v 1.194709375 1.78686375 -8.395713125
v 1.1750875 2.3566275 -7.66019125
v 1.299548125 2.4191656249999998 -7.3040125
v 1.295334375 2.3576268750000002 -7.394788125
v 1.194709375 1.78686375 -8.395713125
v 1.17984125 1.7334525 -8.495426250000001
v 1.407473125 1.808144375 -7.8335275
v 1.438573125 1.761393125 -7.821748125
v 1.295334375 2.3576268750000002 -7.394788125
v 1.299548125 2.4191656249999998 -7.3040125
v 1.0073362499999998 2.3454525 -7.76834
v 1.02920875 1.766299375 -8.52092875
v 1.0135025 2.36711875 -7.784120625
v 1.0349306249999999 1.788081875 -8.536026249999999
v 0.1124218749999999 2.3642531250000003 -8.091214375
v 0.1144418749999998 1.784916875 -8.93612875
v 0.10625687500000014 2.3425868750000003 -8.07543375
v 0.1082774999999998 1.763133125 -8.92103
v 1.30109125 2.35291125 -7.214404375
v 1.413215625 1.800501875 -7.21536875
v 1.316540625 2.3556356249999997 -7.214404375
v 1.428665 1.80322625 -7.21536875
v 1.2969225 2.354735 -7.304889375
v 1.2969225 2.354735 -7.304889375
v 1.411733125 1.802285 -7.31274125
v 1.412895 1.805858125 -7.7288625
v 1.312371875 2.357459375 -7.304889375
v 1.312371875 2.357459375 -7.304889375
v 1.4271825 1.805009375 -7.31274125
v 1.428344375 1.8085825 -7.7288625
v 0.03801312499999998 1.729401875 -9.037256875
v -0.03801312499999998 1.729401875 -9.037256875
v 0.035646874999999856 2.41428625 -8.047656875000001
v -0.035646874999999856 2.41428625 -8.047656875000001
v 1.4375 1.74931 -6.59375
v 1.4375625 0.4375 -6.59375
v 1.43744875 1.7622775 -7.549164375
v 1.458351875 0.505581875 -7.546156875
v 1.392881875 0.06962499999999999 -7.544381875
v 1.444956875 0.65956375 -8.393165
v 1.391605 0.08146062500000001 -8.395016250000001
v 1.44371 0.659113125 -8.477579375000001
v 1.382271875 -0.012905 -8.479438125
v 1.371816875 -0.013847500000000013 -8.840751874999999
v 1.37087375 -0.028492499999999976 -8.488706875
v 1.3617325 -0.028368125000000022 -8.84501375
v 1.0052937499999999 -0.536569375 -9.02927
v 0.99832125 -0.514296875 -9.165256875
v 1.440245 1.630410625 -8.3757925
v 1.439936875 1.610593125 -8.479469375
v 1.4354525 0.65593 -8.841720625
v 1.35421625 -0.014381874999999988 -9.03751125
v 1.34501 -0.028373749999999975 -9.041058125
v 1.317635625 -0.028281875000000012 -9.23639125
v 0.985189375 -0.49183374999999996 -9.303398125000001
v 0.965459375 -0.46897187500000004 -9.443690625
v 1.446891875 1.51139875 -8.841196875
v 1.43321375 0.651973125 -9.039170625
v 1.326405625 -0.014927499999999982 -9.234989375
v 1.2858625 -0.028305625 -9.431728750000001
v 0.94571125 -0.45147375 -9.55034625
v 1.441125 1.449096875 -9.037054375
v 1.43359 0.64538375 -9.236059375
v 1.293755 -0.015586875 -9.431755625000001
v 1.261528125 -0.028280000000000027 -9.578412499999999
v 0.9259656249999999 -0.434083125 -9.657715625
v 1.42104625 0.636155 -9.43318625
v 1.268981875 -0.015983124999999987 -9.579155
v 1.23719375 -0.028256249999999983 -9.72581375
v 0.8952374999999999 -0.410316875 -9.803028125
v 1.41829125 1.303861875 -9.434453125000001
v 1.402288125 0.625806875 -9.580709375
v 1.24420875 -0.016486875000000012 -9.727269374999999
v 1.1975 -0.028298125000000007 -9.921156875000001
v 0.8557112500000001 -0.38636812499999995 -9.95121
v 1.391269375 1.243445 -9.582398125000001
v 1.38008625 0.615561875 -9.728790625
v 1.204518125 -0.017163749999999978 -9.924042499999999
v 1.152876875 -0.028233750000000002 -10.117215625
v 0.8047456249999998 -0.36223562499999995 -10.0994025
v 1.364688125 1.182714375 -9.730342499999999
v 1.3484475 0.59599375 -9.92622625
v 1.1590175 -0.017732499999999984 -10.120815
v 1.098394375 -0.028266875000000025 -10.312555
v 0.7515731250000002 -0.339966875 -10.236145
v 1.3161975 1.097979375 -9.922595000000001
v 1.296394375 0.5736806249999999 -10.12294625
v 1.1049775 -0.018400625000000004 -10.318299374999999
v 1.043806875 -0.019068750000000023 -10.51506875
v 1.0372218750000002 -0.028302500000000008 -10.50861125
v 0.9657331249999999 -0.01973562499999998 -10.708265
v 0.9591456250000001 -0.028336874999999984 -10.7003775
v 0.8904568749999999 -0.020351249999999987 -10.87500125
v 0.8847462500000001 -0.028523750000000014 -10.86496875
v 0.8153199999999998 -0.020963125000000027 -10.993101875
v 0.8104874999999998 -0.028501249999999978 -10.982354375
v 0.6698418749999999 -0.304763125 -10.45307
v 0.7076312499999999 -0.321391875 -10.350693125
v 1.376545625 -0.028635624999999998 -8.432185624999999
v 1.0064825000000002 -0.5819875000000001 -8.758018125
v 1.4363425 1.3802725 -9.233615
v 0.8806568750000001 0.5201375 -11.075708125
v 0.8982712500000001 0.508041875 -11.073853125
v 0.925236875 0.44641125 -11.06365
v 1.0121518749999998 0.47542 -10.898399375
v 1.091575 0.5021575 -10.713119375
v 0.974479375 0.602851875 -10.904495625
v 1.0515349999999999 0.70423125 -10.71441
v 0.9603593749999999 0.62066625 -10.90384
v 1.123299375 0.808240625 -10.5178975
v 1.038293125 0.7228893750000001 -10.71304
v 1.1104975 0.827106875 -10.517243125
v 1.193303125 0.910790625 -10.31637375
v 1.17918875 0.9277525 -10.32000875
v 1.257604375 1.007119375 -10.119847499999999
v 1.243930625 1.0242925 -10.123481875
v 1.302523125 1.115258125 -9.926229375
v 1.364688125 1.182714375 -9.730342499999999
v 1.351886875 1.20147625 -9.729688750000001
v 1.391269375 1.243445 -9.582398125000001
v 1.37890625 1.262628125 -9.581745
v 1.41829125 1.303861875 -9.434453125000001
v 1.405926875 1.323466875 -9.433085
v 1.4363425 1.3802725 -9.233615
v 1.423109375 1.39754875 -9.237964375
v 1.441125 1.449096875 -9.037054375
v 1.427890625 1.466374375 -9.041405000000001
v 1.446891875 1.51139875 -8.841196875
v 1.4336575 1.52878125 -8.845546875
v 1.427579375 1.62882125 -8.48239125
v 1.428331875 1.648315 -8.382289375
v 1.16439375 0.526811875 -10.51710875
v 1.23281375 0.550513125 -10.320383750000001
v 1.43657875 1.759566875 -7.301214375
v 1.43770875 1.36078375 -7.307660625
v 1.43657875 1.759566875 -7.301214375
v 1.43770875 1.36078375 -7.307660625
v 1.0145775000000001 -0.5606618750000001 -8.966058125
v 1.0052937499999999 -0.536569375 -9.02927
v 1.00805625 -0.5450956250000001 -9.073449375
v 0.99832125 -0.514296875 -9.165256875
v 0.9944968749999998 -0.529448125 -9.207995
v 0.985189375 -0.49183374999999996 -9.303398125000001
v 0.97477875 -0.51350375 -9.344691874999999
v 0.965459375 -0.46897187500000004 -9.443690625
v 0.9546012500000001 -0.501353125 -9.449188125
v 0.94571125 -0.45147375 -9.55034625
v 0.9348624999999999 -0.48920062499999994 -9.552967500000001
v 0.9259656249999999 -0.434083125 -9.657715625
v 0.9037081250000001 -0.472668125 -9.69468375
v 0.8952374999999999 -0.410316875 -9.803028125
v 0.8641937500000001 -0.45594999999999997 -9.838553125
v 0.8557112500000001 -0.38636812499999995 -9.95121
v 0.8123612499999999 -0.439263125 -9.98315
v 0.8047456249999998 -0.36223562499999995 -10.0994025
v 0.7515731250000002 -0.339966875 -10.236145
v 0.75876125 -0.4238075 -10.1162975
v 0.8186606250000001 -0.5020275 -10.017087499999999
v 0.8709212499999999 -0.512835 -9.872506875
v 0.910420625 -0.5235675 -9.7279375
v 0.9420031249999998 -0.5342225 -9.586236249999999
v 0.9621706250000002 -0.5419631250000001 -9.481753125000001
v 0.9823387499999998 -0.54980875 -9.37727
v 1.002485 -0.560084375 -9.24058625
v 1.0155925 -0.570170625 -9.106056875
v 1.0225412500000002 -0.5801700000000001 -8.972963125
v 0.8308343749999998 -0.620623125 -10.057536875
v 0.8835062499999999 -0.6200818749999999 -9.908693125
v 0.9238581250000002 -0.6195706249999999 -9.760576875
v 0.955853125 -0.6190850000000001 -9.614613125
v 0.9760006250000002 -0.618735625 -9.507289375
v 0.9965875 -0.6183825000000001 -9.39925
v 1.0167068750000001 -0.6179406249999999 -9.25902
v 1.0302275 -0.6175174999999999 -9.120225625
v 1.0371506250000002 -0.6171156250000001 -8.9835825
v 0.7763925 -0.6211368749999999 -10.194934374999999
v 0.7650731249999998 -0.492135 -10.150220000000001
v 0.730731875 -0.6215668750000001 -10.310149375
v 0.7198306250000002 -0.48373937499999997 -10.262596875
v 0.6916606249999999 -0.6219481250000001 -10.41319625
v 0.6816193749999999 -0.47634 -10.362087500000001
v 0.6543481249999998 -0.62231875 -10.514095625
v 0.6447275000000001 -0.46914374999999997 -10.460145625
v 0.60823625 -0.622711875 -10.61571875
v 0.599034375 -0.46238187500000005 -10.55606375
v 0.5045293750000002 -0.6233850000000001 -10.7696125
v 0.49705125000000017 -0.45397 -10.690665
v 0.410015 -0.62388 -10.867699375
v 0.40383250000000004 -0.44948437500000005 -10.773025
v 0.2996500000000002 -0.6243762500000001 -10.953638125
v 0.29520750000000007 -0.44605249999999996 -10.84466625
v 0.7143887499999999 -0.41079125000000005 -10.228685625
v 0.67616875 -0.39919375 -10.328186875
v 0.6392674999999999 -0.38790187499999995 -10.425540625
v 0.7076312499999999 -0.321391875 -10.350693125
v 0.6698418749999999 -0.304763125 -10.45307
v 0.6333725000000001 -0.28854562500000003 -10.553298125
v 0.5944443750000001 -0.377458125 -10.51932125
v 0.49288374999999984 -0.36429687499999996 -10.645350625
v 0.40053312499999993 -0.35705937499999996 -10.720564375
v 0.29277750000000013 -0.35161312499999997 -10.78577125
v 0.5885387500000001 -0.27337750000000005 -10.647091875
v 0.4882806249999998 -0.254421875 -10.76669625
v 0.39679687500000016 -0.24391062500000005 -10.835479375
v 1.0064825000000002 -0.5819875000000001 -8.758018125
v 0.8847462500000001 -0.028523750000000014 -10.86496875
v 0.8104874999999998 -0.028501249999999978 -10.982354375
v 0.6698418749999999 -0.304763125 -10.45307
v 0.6333725000000001 -0.28854562500000003 -10.553298125
v 0.5885387500000001 -0.27337750000000005 -10.647091875
v 0.4882806249999998 -0.254421875 -10.76669625
v 0.39679687500000016 -0.24391062500000005 -10.835479375
v 0.2899099999999999 -0.23582000000000003 -10.894254375
v 0.176420625 -0.23159062500000005 -10.93943125
v 0.06204125000000005 -0.23077187499999996 -10.965285625
v 0.39679687500000016 -0.24391062500000005 -10.835479375
v 0.2899099999999999 -0.23582000000000003 -10.894254375
v 0.40053312499999993 -0.35705937499999996 -10.720564375
v 0.29277750000000013 -0.35161312499999997 -10.78577125
v 0.176420625 -0.23159062500000005 -10.93943125
v 0.17841312500000006 -0.34875812500000003 -10.833806875
v 0.1799693750000002 -0.44436624999999996 -10.8969925
v 0.06339249999999996 -0.44418625 -10.9242775
v 0.06271562500000005 -0.34826 -10.860376875
v 0.29520750000000007 -0.44605249999999996 -10.84466625
v 0.7515731250000002 -0.339966875 -10.236145
v 0.1799693750000002 -0.44436624999999996 -10.8969925
v 0.06339249999999996 -0.44418625 -10.9242775
v 0.06477062499999997 -0.6251724999999999 -11.043975625
v 0.1831037499999999 -0.6248175 -11.014544375
v 0.29520750000000007 -0.44605249999999996 -10.84466625
v 0.1799693750000002 -0.44436624999999996 -10.8969925
v 0.1831037499999999 -0.6248175 -11.014544375
v 0.2996500000000002 -0.6243762500000001 -10.953638125
v 1.0285175 -0.6100243750000001 -8.758003125
v 1.03732375 -0.6164775 -8.757619375
v 1.02105875 -0.59826625 -8.758075
v 1.02105875 -0.59826625 -8.758075
v 0.06204125000000005 -0.23077187499999996 -10.965285625
v 0.06271562500000005 -0.34826 -10.860376875
v 0.17841312500000006 -0.34875812500000003 -10.833806875
v 0.176420625 -0.23159062500000005 -10.93943125
v 0.7024431249999998 -0.069943125 -10.995229375
v 0.5463637499999998 -0.11291062500000004 -11.01717875
v 0.4310681249999999 -0.136953125 -11.0320275
v 0.3099850000000002 -0.1482325 -11.062306875
v 0.1869274999999999 -0.15579187500000002 -11.087258125
v 0.06529312500000017 -0.15912187499999997 -11.10380875
v -0.06204125000000005 -0.23077187499999996 -10.965285625
v 0.06204125000000005 -0.23077187499999996 -10.965285625
v 0.06339249999999996 -0.44418625 -10.9242775
v 0.06477062499999997 -0.6251724999999999 -11.043975625
v -0.06339249999999996 -0.44418625 -10.9242775
v -0.06477062499999997 -0.6251724999999999 -11.043975625
v 0.06271562500000005 -0.34826 -10.860376875
v -0.06271562500000005 -0.34826 -10.860376875
v -0.06204125000000005 -0.23077187499999996 -10.965285625
v -0.06271562500000005 -0.34826 -10.860376875
v 0.06271562500000005 -0.34826 -10.860376875
v 0.06204125000000005 -0.23077187499999996 -10.965285625
v -0.06529312500000017 -0.15912187499999997 -11.10380875
v 0.06529312500000017 -0.15912187499999997 -11.10380875
v -1.2953343750000004 2.3576268750000002 -7.394788125
v -1.1750875 2.3566275 -7.66019125
v -1.2701112500000002 2.342944375 -7.38382875
v -1.1494212499999996 2.3419443749999997 -7.6492325
v -1.381808125 1.793460625 -7.822568125
v -1.169043125 1.772180625 -8.384755
v -1.407473125 1.808144375 -7.8335275
v -1.1947093750000004 1.78686375 -8.395713125
v -0.10625687500000014 2.3425868750000003 -8.07543375
v -1.0073362499999998 2.3454525 -7.76834
v -0.1124218749999999 2.3642531250000003 -8.091214375
v -1.0135025000000004 2.36711875 -7.784120625
v -0.1144418749999998 1.784916875 -8.93612875
v -1.0349306250000003 1.788081875 -8.536026249999999
v -0.1082774999999998 1.763133125 -8.92103
v -1.0292087499999996 1.766299375 -8.52092875
v -1.309360625 2.35291125 -6.895435
v -1.3010912499999998 2.35291125 -7.214404375
v -1.4129312499999997 1.800501875 -6.893960625
v -1.4132156250000003 1.800501875 -7.21536875
v -1.3248100000000003 2.3556356249999997 -6.895435
v -1.316540625 2.3556356249999997 -7.214404375
v -1.428380625 1.80322625 -6.893960625
v -1.4286649999999996 1.80322625 -7.21536875
v -1.4117331249999996 1.802285 -7.31274125
v -1.4128949999999998 1.805858125 -7.7288625
v -1.4271824999999998 1.805009375 -7.31274125
v -1.428344375 1.8085825 -7.7288625
v -1.4385731249999996 1.76139375 -7.821748125
v -1.2995481250000003 2.4191656249999998 -7.3040125
v -1.301410625 2.4243337499999997 -7.25948
v -1.3181168750000003 2.427055625 -6.59375
v -1.4364474999999999 1.75933125 -7.26372625
v -1.4375 1.750000625 -6.59375
v -1.4364474999999999 1.75933125 -7.26372625
v -1.301410625 2.4243337499999997 -7.25948
v -1.4366368749999996 1.759515 -7.313388125
v -1.316540625 2.3556356249999997 -7.214404375
v -1.3248100000000003 2.3556356249999997 -6.895435
v -1.428380625 1.80322625 -6.893960625
v -1.4286649999999996 1.80322625 -7.21536875
v -1.4271824999999998 1.805009375 -7.31274125
v -1.4284987500000002 1.8090575 -7.784231875
v -1.3123718750000002 2.357459375 -7.304889375
v -1.312648125 2.357185625 -7.3527975
v -1.428344375 1.8085825 -7.7288625
v -1.2701112500000002 2.342944375 -7.38382875
v -1.381808125 1.793460625 -7.822568125
v -1.2953343750000004 2.3576268750000002 -7.394788125
v -1.407473125 1.808144375 -7.8335275
v -1.1750875 2.3566275 -7.66019125
v -1.1947093750000004 1.78686375 -8.395713125
v -1.1494212499999996 2.3419443749999997 -7.6492325
v -1.169043125 1.772180625 -8.384755
v -0.03801312499999998 1.729401875 -9.037256875
v -0.035646874999999856 2.41428625 -8.047656875000001
v -0.1144418749999998 1.784916875 -8.93612875
v -0.1124218749999999 2.3642531250000003 -8.091214375
v -1.0908181250000002 2.4176425 -7.6877825
v -1.0135025000000004 2.36711875 -7.784120625
v -1.1165656249999998 1.733109375 -8.56864375
v -1.0349306250000003 1.788081875 -8.536026249999999
v -1.1519762499999997 1.73326375 -8.5412625
v -1.1275593749999997 2.417791875 -7.663135
v -1.1519762499999997 1.73326375 -8.5412625
v -1.17984125 1.7334525 -8.495426250000001
v -1.1275593749999997 2.417791875 -7.663135
v -1.156311875 2.4179775 -7.61935
v -1.1947093750000004 1.78686375 -8.395713125
v -1.1750875 2.3566275 -7.66019125
v -1.2995481250000003 2.4191656249999998 -7.3040125
v -1.2953343750000004 2.3576268750000002 -7.394788125
v -1.1947093750000004 1.78686375 -8.395713125
v -1.17984125 1.7334525 -8.495426250000001
v -1.407473125 1.808144375 -7.8335275
v -1.4385731249999996 1.761393125 -7.821748125
v -1.2953343750000004 2.3576268750000002 -7.394788125
v -1.2995481250000003 2.4191656249999998 -7.3040125
v -1.0073362499999998 2.3454525 -7.76834
v -1.0292087499999996 1.766299375 -8.52092875
v -1.0135025000000004 2.36711875 -7.784120625
v -1.0349306250000003 1.788081875 -8.536026249999999
v -0.1124218749999999 2.3642531250000003 -8.091214375
v -0.1144418749999998 1.784916875 -8.93612875
v -0.10625687500000014 2.3425868750000003 -8.07543375
v -0.1082774999999998 1.763133125 -8.92103
v -1.3010912499999998 2.35291125 -7.214404375
v -1.4132156250000003 1.800501875 -7.21536875
v -1.316540625 2.3556356249999997 -7.214404375
v -1.4286649999999996 1.80322625 -7.21536875
v -1.2969225 2.354735 -7.304889375
v -1.2969225 2.354735 -7.304889375
v -1.4117331249999996 1.802285 -7.31274125
v -1.4128949999999998 1.805858125 -7.7288625
v -1.3123718750000002 2.357459375 -7.304889375
v -1.3123718750000002 2.357459375 -7.304889375
v -1.4271824999999998 1.805009375 -7.31274125
v -1.428344375 1.8085825 -7.7288625
v -1.109870625 2.4460474999999997 -7.633181875
v -1.1275593749999997 2.417791875 -7.663135
v -1.1399475 2.446221875 -7.59440375
v -1.156311875 2.4179775 -7.61935
v -1.2924431250000001 2.448079375 -7.303381875
v -1.2995481250000003 2.4191656249999998 -7.3040125
v -1.314215625 2.450981875 -6.58901625
v -1.3181168750000003 2.427055625 -6.59375
v -1.109870625 2.4460474999999997 -7.633181875
v -0.035545625000000136 2.442923125 -8.004813125
v -0.035646874999999856 2.41428625 -8.047656875000001
v -1.1275593749999997 2.417791875 -7.663135
v -1.0908181250000002 2.4176425 -7.6877825
v -1.0790825000000002 2.4459581249999998 -7.643831875
v -1.3181168750000003 2.427055625 -4.46875
v -1.314215625 2.450981875 -6.58901625
v -1.4375 1.74931 -6.59375
v -1.4375625000000003 0.4375 -6.59375
v -1.4374487499999997 1.7622775 -7.549164375
v -1.458351875 0.505581875 -7.546156875
v -1.3928818749999996 0.06962499999999999 -7.544381875
v -1.444956875 0.65956375 -8.393165
v -1.3916050000000002 0.08146062500000001 -8.395016250000001
v -1.4437100000000003 0.659113125 -8.477579375000001
v -1.3822718749999998 -0.012905 -8.479438125
v -1.3718168750000004 -0.013847500000000013 -8.840751874999999
v -1.3708737500000003 -0.028492499999999976 -8.488706875
v -1.3617324999999996 -0.028368125000000022 -8.84501375
v -1.0052937499999999 -0.536569375 -9.02927
v -0.99832125 -0.514296875 -9.165256875
v -1.440245 1.630410625 -8.3757925
v -1.439936875 1.610593125 -8.479469375
v -1.4354525000000002 0.65593 -8.841720625
v -1.3542162500000003 -0.014381874999999988 -9.03751125
v -1.3450100000000003 -0.028373749999999975 -9.041058125
v -1.3176356250000003 -0.028281875000000012 -9.23639125
v -0.985189375 -0.49183374999999996 -9.303398125000001
v -0.965459375 -0.46897187500000004 -9.443690625
v -1.4468918750000004 1.51139875 -8.841196875
v -1.4332137500000002 0.651973125 -9.039170625
v -1.3264056249999996 -0.014927499999999982 -9.234989375
v -1.2858625000000004 -0.028305625 -9.431728750000001
v -0.9457112499999996 -0.45147375 -9.55034625
v -1.4411250000000004 1.449096875 -9.037054375
v -1.4335899999999997 0.64538375 -9.236059375
v -1.293755 -0.015586875 -9.431755625000001
v -1.261528125 -0.028280000000000027 -9.578412499999999
v -0.9259656249999999 -0.434083125 -9.657715625
v -1.4210462499999998 0.636155 -9.43318625
v -1.2689818749999997 -0.015983124999999987 -9.579155
v -1.2371937500000003 -0.028256249999999983 -9.72581375
v -0.8952374999999999 -0.410316875 -9.803028125
v -1.4182912500000002 1.303861875 -9.434453125000001
v -1.402288125 0.625806875 -9.580709375
v -1.2442087500000003 -0.016486875000000012 -9.727269374999999
v -1.1974999999999998 -0.028298125000000007 -9.921156875000001
v -0.8557112500000001 -0.38636812499999995 -9.95121
v -1.3912693750000003 1.243445 -9.582398125000001
v -1.3800862499999997 0.615561875 -9.728790625
v -1.2045181249999999 -0.017163749999999978 -9.924042499999999
v -1.1528768749999996 -0.028233750000000002 -10.117215625
v -0.8047456249999998 -0.36223562499999995 -10.0994025
v -1.3646881249999998 1.182714375 -9.730342499999999
v -1.3484474999999998 0.59599375 -9.92622625
v -1.1590175 -0.017732499999999984 -10.120815
v -1.0983943749999998 -0.028266875000000025 -10.312555
v -0.7515731250000002 -0.339966875 -10.236145
v -1.3161975000000004 1.097979375 -9.922595000000001
v -1.2963943750000002 0.5736806249999999 -10.12294625
v -1.1049775000000004 -0.018400625000000004 -10.318299374999999
v -1.0438068749999996 -0.019068750000000023 -10.51506875
v -0.9657331249999999 -0.01973562499999998 -10.708265
v -0.9591456249999997 -0.028336874999999984 -10.7003775
v -0.8904568749999999 -0.020351249999999987 -10.87500125
v -0.8847462500000001 -0.028523750000000014 -10.86496875
v -0.8153199999999998 -0.020963125000000027 -10.993101875
v -0.8104874999999998 -0.028501249999999978 -10.982354375
v -0.6698418749999999 -0.304763125 -10.45307
v -0.7076312499999999 -0.321391875 -10.350693125
v -1.3765456250000003 -0.028635624999999998 -8.432185624999999
v -1.0064824999999997 -0.5819875000000001 -8.758018125
v -1.4363425000000003 1.3802725 -9.233615
v -0.8806568750000001 0.5201375 -11.075708125
v -0.8982712500000001 0.508041875 -11.073853125
v -0.925236875 0.44641125 -11.06365
v -1.0121518749999998 0.47542 -10.898399375
v -1.0915749999999997 0.5021575 -10.713119375
v -0.9744793749999996 0.602851875 -10.904495625
v -1.0515350000000003 0.70423125 -10.71441
v -0.9603593750000003 0.62066625 -10.90384
v -1.1232993750000002 0.808240625 -10.5178975
v -1.038293125 0.7228893750000001 -10.71304
v -1.1104975000000001 0.827106875 -10.517243125
v -1.193303125 0.910790625 -10.31637375
v -1.1791887499999998 0.9277525 -10.32000875
v -1.2576043749999997 1.007119375 -10.119847499999999
v -1.243930625 1.0242925 -10.123481875
v -1.3025231249999996 1.115258125 -9.926229375
v -1.3646881249999998 1.182714375 -9.730342499999999
v -1.351886875 1.20147625 -9.729688750000001
v -1.3912693750000003 1.243445 -9.582398125000001
v -1.37890625 1.262628125 -9.581745
v -1.4182912500000002 1.303861875 -9.434453125000001
v -1.4059268749999996 1.323466875 -9.433085
v -1.4363425000000003 1.3802725 -9.233615
v -1.4231093750000001 1.39754875 -9.237964375
v -1.4411250000000004 1.449096875 -9.037054375
v -1.4278906249999999 1.466374375 -9.041405000000001
v -1.4468918750000004 1.51139875 -8.841196875
v -1.4336574999999998 1.52878125 -8.845546875
v -1.4275793749999997 1.62882125 -8.48239125
v -1.4283318749999996 1.648315 -8.382289375
v -1.1643937500000003 0.526811875 -10.51710875
v -1.23281375 0.550513125 -10.320383750000001
v -1.4365787499999998 1.759566875 -7.301214375
v -1.4377087499999996 1.36078375 -7.307660625
v -1.4365787499999998 1.759566875 -7.301214375
v -1.4377087499999996 1.36078375 -7.307660625
v -1.0915749999999997 0.5021575 -10.713119375
v -0.8904568749999999 -0.020351249999999987 -10.87500125
v -0.9657331249999999 -0.01973562499999998 -10.708265
v -1.0121518749999998 0.47542 -10.898399375
v -1.3718168750000004 -0.013847500000000013 -8.840751874999999
v -1.4354525000000002 0.65593 -8.841720625
v -1.3542162500000003 -0.014381874999999988 -9.03751125
v -1.4332137500000002 0.651973125 -9.039170625
v -1.3264056249999996 -0.014927499999999982 -9.234989375
v -1.4335899999999997 0.64538375 -9.236059375
v -1.293755 -0.015586875 -9.431755625000001
v -1.4210462499999998 0.636155 -9.43318625
v -1.2689818749999997 -0.015983124999999987 -9.579155
v -1.402288125 0.625806875 -9.580709375
v -1.2442087500000003 -0.016486875000000012 -9.727269374999999
v -1.3800862499999997 0.615561875 -9.728790625
v -1.2045181249999999 -0.017163749999999978 -9.924042499999999
v -1.3484474999999998 0.59599375 -9.92622625
v -1.1590175 -0.017732499999999984 -10.120815
v -1.2963943750000002 0.5736806249999999 -10.12294625
v -1.1049775000000004 -0.018400625000000004 -10.318299374999999
v -1.0438068749999996 -0.019068750000000023 -10.51506875
v -0.9657331249999999 -0.01973562499999998 -10.708265
v -0.925236875 0.44641125 -11.06365
v -1.0121518749999998 0.47542 -10.898399375
v -0.8153199999999998 -0.020963125000000027 -10.993101875
v -0.8904568749999999 -0.020351249999999987 -10.87500125
v -1.0915749999999997 0.5021575 -10.713119375
v -1.1643937500000003 0.526811875 -10.51710875
v -1.23281375 0.550513125 -10.320383750000001
v -1.3928818749999996 0.06962499999999999 -7.544381875
v -1.437561875 0.43748875 -6.59375
v -1.4375625000000003 0.4375 -6.59375
v -1.458351875 0.505581875 -7.546156875
v -1.3928818749999996 0.06962499999999999 -7.544381875
v -1.3724437500000004 0.06818625 -6.59375
v -1.0145774999999997 -0.5606618750000001 -8.966058125
v -1.0052937499999999 -0.536569375 -9.02927
v -1.00805625 -0.5450956250000001 -9.073449375
v -0.99832125 -0.514296875 -9.165256875
v -0.9944968750000003 -0.529448125 -9.207995
v -0.985189375 -0.49183374999999996 -9.303398125000001
v -0.9747787499999996 -0.51350375 -9.344691874999999
v -0.965459375 -0.46897187500000004 -9.443690625
v -0.9546012499999996 -0.501353125 -9.449188125
v -0.9457112499999996 -0.45147375 -9.55034625
v -0.9348624999999999 -0.48920062499999994 -9.552967500000001
v -0.9259656249999999 -0.434083125 -9.657715625
v -0.9037081250000001 -0.472668125 -9.69468375
v -0.8952374999999999 -0.410316875 -9.803028125
v -0.8641937500000001 -0.45594999999999997 -9.838553125
v -0.8557112500000001 -0.38636812499999995 -9.95121
v -0.8123612499999999 -0.439263125 -9.98315
v -0.8047456249999998 -0.36223562499999995 -10.0994025
v -0.7515731250000002 -0.339966875 -10.236145
v -0.75876125 -0.4238075 -10.1162975
v -0.8186606250000001 -0.5020275 -10.017087499999999
v -0.8709212499999999 -0.512835 -9.872506875
v -0.910420625 -0.5235675 -9.7279375
v -0.9420031250000003 -0.5342225 -9.586236249999999
v -0.9621706249999997 -0.5419631250000001 -9.481753125000001
v -0.9823387500000003 -0.54980875 -9.37727
v -1.002485 -0.560084375 -9.24058625
v -1.0155925000000003 -0.570170625 -9.106056875
v -1.0225412499999997 -0.5801700000000001 -8.972963125
v -0.8308343749999998 -0.620623125 -10.057536875
v -0.8835062499999999 -0.6200818749999999 -9.908693125
v -0.9238581250000002 -0.6195706249999999 -9.760576875
v -0.955853125 -0.6190850000000001 -9.614613125
v -0.9760006250000002 -0.618735625 -9.507289375
v -0.9965875000000004 -0.6183825000000001 -9.39925
v -1.0167068749999997 -0.6179406249999999 -9.25902
v -1.0302274999999996 -0.6175174999999999 -9.120225625
v -1.0371506249999998 -0.6171156250000001 -8.9835825
v -0.7763925 -0.6211368749999999 -10.194934374999999
v -0.7650731249999998 -0.492135 -10.150220000000001
v -0.730731875 -0.6215668750000001 -10.310149375
v -0.7198306250000002 -0.48373937499999997 -10.262596875
v -0.6916606249999999 -0.6219481250000001 -10.41319625
v -0.6816193749999999 -0.47634 -10.362087500000001
v -0.6543481249999998 -0.62231875 -10.514095625
v -0.6447275000000001 -0.46914374999999997 -10.460145625
v -0.60823625 -0.622711875 -10.61571875
v -0.599034375 -0.46238187500000005 -10.55606375
v -0.5045293750000002 -0.6233850000000001 -10.7696125
v -0.49705125000000017 -0.45397 -10.690665
v -0.410015 -0.62388 -10.867699375
v -0.40383250000000004 -0.44948437500000005 -10.773025
v -0.2996500000000002 -0.6243762500000001 -10.953638125
v -0.29520750000000007 -0.44605249999999996 -10.84466625
v -0.7143887499999999 -0.41079125000000005 -10.228685625
v -0.67616875 -0.39919375 -10.328186875
v -0.6392674999999999 -0.38790187499999995 -10.425540625
v -0.7076312499999999 -0.321391875 -10.350693125
v -0.6698418749999999 -0.304763125 -10.45307
v -0.6333725000000001 -0.28854562500000003 -10.553298125
v -0.5944443750000001 -0.377458125 -10.51932125
v -0.49288374999999984 -0.36429687499999996 -10.645350625
v -0.40053312499999993 -0.35705937499999996 -10.720564375
v -0.29277750000000013 -0.35161312499999997 -10.78577125
v -0.5885387500000001 -0.27337750000000005 -10.647091875
v -0.4882806249999998 -0.254421875 -10.76669625
v -0.39679687500000016 -0.24391062500000005 -10.835479375
v -1.0064824999999997 -0.5819875000000001 -8.758018125
v -0.8847462500000001 -0.028523750000000014 -10.86496875
v -0.8104874999999998 -0.028501249999999978 -10.982354375
v -0.6698418749999999 -0.304763125 -10.45307
v -0.6333725000000001 -0.28854562500000003 -10.553298125
v -0.5885387500000001 -0.27337750000000005 -10.647091875
v -0.4882806249999998 -0.254421875 -10.76669625
v -0.39679687500000016 -0.24391062500000005 -10.835479375
v -0.2899099999999999 -0.23582000000000003 -10.894254375
v -0.176420625 -0.23159062500000005 -10.93943125
v -0.06204125000000005 -0.23077187499999996 -10.965285625
v -0.39679687500000016 -0.24391062500000005 -10.835479375
v -0.2899099999999999 -0.23582000000000003 -10.894254375
v -0.40053312499999993 -0.35705937499999996 -10.720564375
v -0.29277750000000013 -0.35161312499999997 -10.78577125
v -0.176420625 -0.23159062500000005 -10.93943125
v -0.17841312500000006 -0.34875812500000003 -10.833806875
v -0.1799693750000002 -0.44436624999999996 -10.8969925
v -0.06339249999999996 -0.44418625 -10.9242775
v -0.06271562500000005 -0.34826 -10.860376875
v -0.29520750000000007 -0.44605249999999996 -10.84466625
v -0.7515731250000002 -0.339966875 -10.236145
v -0.1799693750000002 -0.44436624999999996 -10.8969925
v -0.06339249999999996 -0.44418625 -10.9242775
v -0.06477062499999997 -0.6251724999999999 -11.043975625
v -0.1831037499999999 -0.6248175 -11.014544375
v -0.29520750000000007 -0.44605249999999996 -10.84466625
v -0.1799693750000002 -0.44436624999999996 -10.8969925
v -0.1831037499999999 -0.6248175 -11.014544375
v -0.2996500000000002 -0.6243762500000001 -10.953638125
v -1.0285175000000004 -0.6100243750000001 -8.758003125
v -1.0373237499999997 -0.6164775 -8.757619375
v -1.02105875 -0.59826625 -8.758075
v -1.02105875 -0.59826625 -8.758075
v -0.06204125000000005 -0.23077187499999996 -10.965285625
v -0.06271562500000005 -0.34826 -10.860376875
v -0.17841312500000006 -0.34875812500000003 -10.833806875
v -0.176420625 -0.23159062500000005 -10.93943125
v -0.7024431249999998 -0.069943125 -10.995229375
v -0.5463637499999998 -0.11291062500000004 -11.01717875
v -0.4310681249999999 -0.136953125 -11.0320275
v -0.3099850000000002 -0.1482325 -11.062306875
v -0.1869274999999999 -0.15579187500000002 -11.087258125
v -0.06529312500000017 -0.15912187499999997 -11.10380875
v 1.392881875 0.06962499999999999 -7.544381875
v 1.437561875 0.43748875 -6.59375
v 1.4375625 0.4375 -6.59375
v 1.458351875 0.505581875 -7.546156875
v 1.392881875 0.06962499999999999 -7.544381875
v 1.37244375 0.06818625 -6.59375
v 1.091575 0.5021575 -10.713119375
v 0.8904568749999999 -0.020351249999999987 -10.87500125
v 0.9657331249999999 -0.01973562499999998 -10.708265
v 1.0121518749999998 0.47542 -10.898399375
v 1.371816875 -0.013847500000000013 -8.840751874999999
v 1.4354525 0.65593 -8.841720625
v 1.35421625 -0.014381874999999988 -9.03751125
v 1.43321375 0.651973125 -9.039170625
v 1.326405625 -0.014927499999999982 -9.234989375
v 1.43359 0.64538375 -9.236059375
v 1.293755 -0.015586875 -9.431755625000001
v 1.42104625 0.636155 -9.43318625
v 1.268981875 -0.015983124999999987 -9.579155
v 1.402288125 0.625806875 -9.580709375
v 1.24420875 -0.016486875000000012 -9.727269374999999
v 1.38008625 0.615561875 -9.728790625
v 1.204518125 -0.017163749999999978 -9.924042499999999
v 1.3484475 0.59599375 -9.92622625
v 1.1590175 -0.017732499999999984 -10.120815
v 1.296394375 0.5736806249999999 -10.12294625
v 1.1049775 -0.018400625000000004 -10.318299374999999
v 1.043806875 -0.019068750000000023 -10.51506875
v 0.9657331249999999 -0.01973562499999998 -10.708265
v 0.925236875 0.44641125 -11.06365
v 1.0121518749999998 0.47542 -10.898399375
v 0.8153199999999998 -0.020963125000000027 -10.993101875
v 0.8904568749999999 -0.020351249999999987 -10.87500125
v 1.091575 0.5021575 -10.713119375
v 1.16439375 0.526811875 -10.51710875
v 1.23281375 0.550513125 -10.320383750000001
v -1.4375625000000003 0.4375 -6.59375
v -1.4374487499999997 1.7622775 -7.549164375
v -1.458351875 0.505581875 -7.546156875
v -1.444956875 0.65956375 -8.393165
v -1.4358456249999998 1.762485 -7.73445
v -1.440245 1.630410625 -8.3757925
v -1.4377087499999996 1.36078375 -7.307660625
v -1.4377087499999996 1.36078375 -7.307660625
v 1.4375625 0.4375 -6.59375
v 1.43744875 1.7622775 -7.549164375
v 1.458351875 0.505581875 -7.546156875
v 1.444956875 0.65956375 -8.393165
v 1.435845625 1.762485 -7.73445
v 1.440245 1.630410625 -8.3757925
v 1.43770875 1.36078375 -7.307660625
v 1.43770875 1.36078375 -7.307660625
v -0.9603593750000003 0.62066625 -10.90384
v -0.785965 0.6972725 -10.917786875
v -0.6226212499999999 0.7502893749999999 -10.93023
v -0.4620868749999998 0.7485675 -11.00047
v -0.3310081249999999 0.747196875 -11.0442175
v -0.3054674999999998 0.755023125 -11.03996875
v -0.2886812499999998 0.775315625 -11.0142825
v -0.8806568750000001 0.5201375 -11.075708125
v -0.29259187499999983 0.692616875 -11.13293125
v -0.27730187500000003 0.694751875 -11.1331575
v -0.7506893749999999 0.58667375 -11.087625625
v -0.5983225000000001 0.634991875 -11.103028125
v -0.44611 0.668736875 -11.119755625
v -0.3461106250000001 0.684394375 -11.12923875
v 0.9603593749999999 0.62066625 -10.90384
v 0.785965 0.6972725 -10.917786875
v 0.6226212499999999 0.7502893749999999 -10.93023
v 0.4620868749999998 0.7485675 -11.00047
v 0.3310081249999999 0.747196875 -11.0442175
v 0.3054674999999998 0.755023125 -11.03996875
v 0.2886812499999998 0.775315625 -11.0142825
v 0.8806568750000001 0.5201375 -11.075708125
v 0.29259187499999983 0.692616875 -11.13293125
v 0.27730187500000003 0.694751875 -11.1331575
v 0.7506893749999999 0.58667375 -11.087625625
v 0.5983225000000001 0.634991875 -11.103028125
v 0.44611 0.668736875 -11.119755625
v 0.3461106250000001 0.684394375 -11.12923875
v -0.2886812499999998 0.775315625 -11.0142825
v -0.09797000000000011 0.839086875 -10.95094875
v -0.2881231249999998 0.9341999999999999 -10.7671875
v -0.10538250000000016 0.98135625 -10.720254375
v -0.30474250000000014 0.9616675 -10.718600625
v -0.2886812499999998 0.775315625 -11.0142825
v -0.09797000000000011 0.839086875 -10.95094875
v -0.27730187500000003 0.694751875 -11.1331575
v -0.0931112500000002 0.7103725 -11.139005
v 0.2886812499999998 0.775315625 -11.0142825
v 0.09797000000000011 0.839086875 -10.95094875
v 0.2881231249999998 0.9341999999999999 -10.7671875
v 0.10538250000000016 0.98135625 -10.720254375
v 0.30474250000000014 0.9616675 -10.718600625
v 0.2886812499999998 0.775315625 -11.0142825
v 0.09797000000000011 0.839086875 -10.95094875
v 0.27730187500000003 0.694751875 -11.1331575
v 0.0931112500000002 0.7103725 -11.139005
v -0.1119993749999999 1.09646 -10.519535625
v -0.330723125 1.0753412500000001 -10.519291875
v -0.10538250000000016 0.98135625 -10.720254375
v -0.30474250000000014 0.9616675 -10.718600625
v 0.1119993749999999 1.09646 -10.519535625
v 0.330723125 1.0753412500000001 -10.519291875
v 0.10538250000000016 0.98135625 -10.720254375
v 0.30474250000000014 0.9616675 -10.718600625
v 0.1354668750000001 1.521489375 -9.716564375
v 0.13869312500000008 1.590410625 -9.548631875
v -0.1354668750000001 1.521489375 -9.716564375
v -0.13869312500000008 1.590410625 -9.548631875
v 0.8125 0.8625 -10.40625
v 0.7831931249999999 0.753125 -10.40625
v 0.7831931249999999 0.753125 -10.375
v 0.7324318750000001 0.782431875 -10.40625
v 0.7324318750000001 0.782431875 -10.375
v 0.703125 0.833193125 -10.40625
v 0.703125 0.833193125 -10.375
v 0.703125 0.891806875 -10.40625
v 0.703125 0.891806875 -10.375
v 0.7324318750000001 0.942568125 -10.40625
v 0.7324318750000001 0.942568125 -10.375
v 0.7831931249999999 0.971875 -10.40625
v 0.7831931249999999 0.971875 -10.375
v 0.8418068750000001 0.971875 -10.40625
v 0.8418068750000001 0.971875 -10.375
v 0.8925681249999999 0.942568125 -10.40625
v 0.8925681249999999 0.942568125 -10.375
v 0.921875 0.891806875 -10.40625
v 0.921875 0.891806875 -10.375
v 0.921875 0.833193125 -10.40625
v 0.921875 0.833193125 -10.375
v 0.8925681249999999 0.782431875 -10.40625
v 0.8925681249999999 0.782431875 -10.375
v 0.8418068750000001 0.753125 -10.40625
v 0.8418068750000001 0.753125 -10.375
v 0.5625 0.8625 -10.51875
v 0.5331931249999999 0.753125 -10.51875
v 0.5331931249999999 0.753125 -10.375
v 0.48243187500000007 0.782431875 -10.51875
v 0.48243187500000007 0.782431875 -10.375
v 0.453125 0.833193125 -10.51875
v 0.453125 0.833193125 -10.375
v 0.453125 0.891806875 -10.51875
v 0.453125 0.891806875 -10.375
v 0.48243187500000007 0.942568125 -10.51875
v 0.48243187500000007 0.942568125 -10.375
v 0.5331931249999999 0.971875 -10.51875
v 0.5331931249999999 0.971875 -10.375
v 0.5918068750000001 0.971875 -10.51875
v 0.5918068750000001 0.971875 -10.375
v 0.6425681249999999 0.942568125 -10.51875
v 0.6425681249999999 0.942568125 -10.375
v 0.671875 0.891806875 -10.51875
v 0.671875 0.891806875 -10.375
v 0.671875 0.833193125 -10.51875
v 0.671875 0.833193125 -10.375
v 0.6425681249999999 0.782431875 -10.51875
v 0.6425681249999999 0.782431875 -10.375
v 0.5918068750000001 0.753125 -10.51875
v 0.5918068750000001 0.753125 -10.375
v -0.8125 0.8625 -10.40625
v -0.7831931249999999 0.753125 -10.40625
v -0.7831931249999999 0.753125 -10.375
v -0.7324318750000001 0.782431875 -10.40625
v -0.7324318750000001 0.782431875 -10.375
v -0.703125 0.833193125 -10.40625
v -0.703125 0.833193125 -10.375
v -0.703125 0.891806875 -10.40625
v -0.703125 0.891806875 -10.375
v -0.7324318750000001 0.942568125 -10.40625
v -0.7324318750000001 0.942568125 -10.375
v -0.7831931249999999 0.971875 -10.40625
v -0.7831931249999999 0.971875 -10.375
v -0.8418068750000001 0.971875 -10.40625
v -0.8418068750000001 0.971875 -10.375
v -0.8925681249999999 0.942568125 -10.40625
v -0.8925681249999999 0.942568125 -10.375
v -0.921875 0.891806875 -10.40625
v -0.921875 0.891806875 -10.375
v -0.921875 0.833193125 -10.40625
v -0.921875 0.833193125 -10.375
v -0.8925681249999999 0.782431875 -10.40625
v -0.8925681249999999 0.782431875 -10.375
v -0.8418068750000001 0.753125 -10.40625
v -0.8418068750000001 0.753125 -10.375
v -0.5625 0.8625 -10.51875
v -0.5331931249999999 0.753125 -10.51875
v -0.5331931249999999 0.753125 -10.375
v -0.48243187500000007 0.782431875 -10.51875
v -0.48243187500000007 0.782431875 -10.375
v -0.453125 0.833193125 -10.51875
v -0.453125 0.833193125 -10.375
v -0.453125 0.891806875 -10.51875
v -0.453125 0.891806875 -10.375
v -0.48243187500000007 0.942568125 -10.51875
v -0.48243187500000007 0.942568125 -10.375
v -0.5331931249999999 0.971875 -10.51875
v -0.5331931249999999 0.971875 -10.375
v -0.5918068750000001 0.971875 -10.51875
v -0.5918068750000001 0.971875 -10.375
v -0.6425681249999999 0.942568125 -10.51875
v -0.6425681249999999 0.942568125 -10.375
v -0.671875 0.891806875 -10.51875
v -0.671875 0.891806875 -10.375
v -0.671875 0.833193125 -10.51875
v -0.671875 0.833193125 -10.375
v -0.6425681249999999 0.782431875 -10.51875
v -0.6425681249999999 0.782431875 -10.375
v -0.5918068750000001 0.753125 -10.51875
v -0.5918068750000001 0.753125 -10.375
v -1.3181168750000003 2.427055625 -6.59375
v 0 2.6625 -7.2375
v 0.03728062500000018 2.51936625 -7.88946
v 0.0686618750000001 2.53125 -7.2375
v 0.2375768749999998 2.56837125 -7.7475475
v 0.187588125 2.566418125 -7.2375
v 0.2663312499999999 2.597125625 -7.69459125
v 0.2562500000000001 2.627331875 -7.2375
v 0.23722375000000007 2.75949125 -7.352255625
v 0.2562500000000001 2.697668125 -7.2375
v 0.2105068750000001 2.76905 -7.34192625
v 0.187588125 2.758581875 -7.2375
v 0.115539375 2.802113125 -7.320185625
v 0.0686618750000001 2.79375 -7.2375
v -0.115539375 2.802113125 -7.320185625
v -0.0686618750000001 2.79375 -7.2375
v -0.2105068750000001 2.76905 -7.34192625
v -0.187588125 2.758581875 -7.2375
v -0.23722375000000007 2.75949125 -7.352255625
v -0.2562500000000001 2.697668125 -7.2375
v -0.2562500000000001 2.627331875 -7.2375
v -0.2375768749999998 2.56837125 -7.7475475
v -0.187588125 2.566418125 -7.2375
v -0.03728062500000018 2.51936625 -7.88946
v -0.0686618750000001 2.53125 -7.2375
v -0.2663312499999999 2.597125625 -7.69459125
v -0.12096062499999993 2.521511875 -7.857666875
v 0.12096062499999993 2.521511875 -7.857666875
v 0.2636212499999999 2.67416375 -7.545604375
v 0.26270499999999997 2.727794375 -7.4165725
v -0.2636212499999999 2.67416375 -7.545604375
v -0.26270499999999997 2.727794375 -7.4165725
v -0.03964999999999996 2.802113125 -7.319143125
v 0.03964999999999996 2.802113125 -7.319143125
v -0.0009756250000001465 3.19292375 -3.78125
v -0.03964999999999996 3.11682 -5.400198125
v -1.195455 3.122705 -4.78029875
v -1.187880625 3.165661875 -3.78125
v -0.03964999999999996 3.11682 -5.400198125
v -1.195455 3.122705 -4.78029875
v -1.2561175000000002 2.77867 -6.80909375
v -1.2430637500000001 2.852704375 -6.570664375
v -1.2266199999999996 2.945958125 -6.143535
v -0.03964999999999996 2.842654375 -7.19056375
v -0.03964999999999996 2.937346875 -6.763434375
v -0.03964999999999996 2.802113125 -7.319143125
v -0.03964999999999996 2.802113125 -7.319143125
v -0.2105068750000001 2.76905 -7.34192625
v -1.187880625 3.16566125 -3.8125
v -1.2430637500000001 2.852704375 -6.570664375
v -1.3181168750000003 2.427055625 -3.8125
v -1.314215625 2.450981875 -6.58901625
v -1.195455 3.122705 -4.78029875
v -1.3181168750000003 2.427055625 -4.46875
v -1.2266199999999996 2.945958125 -6.143535
v -1.2430637500000001 2.852704375 -6.570664375
v -1.2414812499999996 2.6844525 -7.04631375
v -1.314215625 2.450981875 -6.58901625
v -1.2924431250000001 2.448079375 -7.303381875
v -1.2561175000000002 2.77867 -6.80909375
v -1.2561175000000002 2.77867 -6.80909375
v -0.035545625000000136 2.442923125 -8.004813125
v -1.0790825000000002 2.4459581249999998 -7.643831875
v -1.2414812499999996 2.6844525 -7.04631375
v -0.2636212499999999 2.67416375 -7.545604375
v -0.2663312499999999 2.597125625 -7.69459125
v -0.2375768749999998 2.56837125 -7.7475475
v -0.12096062499999993 2.521511875 -7.857666875
v -0.03728062500000018 2.51936625 -7.88946
v -0.26270499999999997 2.727794375 -7.4165725
v -1.2414812499999996 2.6844525 -7.04631375
v -1.0790825000000002 2.4459581249999998 -7.643831875
v -1.2924431250000001 2.448079375 -7.303381875
v -1.1399475 2.446221875 -7.59440375
v -1.109870625 2.4460474999999997 -7.633181875
v -1.2561175000000002 2.77867 -6.80909375
v -0.2105068750000001 2.76905 -7.34192625
v -0.23722375000000007 2.75949125 -7.352255625
v -0.26270499999999997 2.727794375 -7.4165725
v -0.115539375 2.802113125 -7.320185625
v 0.03728062500000018 2.51936625 -7.88946
v 0.035545625000000136 2.442923125 -8.004813125
v -0.03728062500000018 2.51936625 -7.88946
v -0.035545625000000136 2.442923125 -8.004813125
v -0.5634756250000001 3.19292375 -3.78125
v -1.187880625 3.16566125 -3.8125
v 0.0009756250000001465 3.19292375 -3.78125
v 0.03964999999999996 2.802113125 -7.319143125
v -0.0009756250000001465 3.19292375 -3.78125
v -0.03964999999999996 2.802113125 -7.319143125
v 0.03964999999999996 3.11682 -5.400198125
v -0.03964999999999996 3.11682 -5.400198125
v 0.03964999999999996 2.937346875 -6.763434375
v -0.03964999999999996 2.937346875 -6.763434375
v 0.03964999999999996 2.842654375 -7.19056375
v -0.03964999999999996 2.842654375 -7.19056375
v 0.0009756250000001465 3.19292375 -3.78125
v 0.03964999999999996 3.11682 -5.400198125
v 1.195455 3.122705 -4.78029875
v 1.187880625 3.165661875 -3.78125
v 0.03964999999999996 3.11682 -5.400198125
v 1.195455 3.122705 -4.78029875
v 1.2561175 2.77867 -6.80909375
v 1.24306375 2.852704375 -6.570664375
v 1.22662 2.945958125 -6.143535
v 0.03964999999999996 2.842654375 -7.19056375
v 0.03964999999999996 2.937346875 -6.763434375
v 0.03964999999999996 2.802113125 -7.319143125
v 0.03964999999999996 2.802113125 -7.319143125
v 0.2105068750000001 2.76905 -7.34192625
v 1.187880625 3.16566125 -3.8125
v 1.24306375 2.852704375 -6.570664375
v 1.318116875 2.427055625 -3.8125
v 1.314215625 2.450981875 -6.58901625
v 1.195455 3.122705 -4.78029875
v 1.318116875 2.427055625 -4.46875
v 1.22662 2.945958125 -6.143535
v 1.24306375 2.852704375 -6.570664375
v 1.24148125 2.6844525 -7.04631375
v 1.314215625 2.450981875 -6.58901625
v 1.292443125 2.448079375 -7.303381875
v 1.2561175 2.77867 -6.80909375
v 1.2561175 2.77867 -6.80909375
v 0.035545625000000136 2.442923125 -8.004813125
v 1.0790825 2.4459581249999998 -7.643831875
v 1.24148125 2.6844525 -7.04631375
v 0.2636212499999999 2.67416375 -7.545604375
v 0.2663312499999999 2.597125625 -7.69459125
v 0.2375768749999998 2.56837125 -7.7475475
v 0.12096062499999993 2.521511875 -7.857666875
v 0.03728062500000018 2.51936625 -7.88946
v 0.26270499999999997 2.727794375 -7.4165725
v 1.24148125 2.6844525 -7.04631375
v 1.0790825 2.4459581249999998 -7.643831875
v 1.292443125 2.448079375 -7.303381875
v 1.1399475 2.446221875 -7.59440375
v 1.109870625 2.4460474999999997 -7.633181875
v 1.2561175 2.77867 -6.80909375
v 0.2105068750000001 2.76905 -7.34192625
v 0.23722375000000007 2.75949125 -7.352255625
v 0.26270499999999997 2.727794375 -7.4165725
v 0.115539375 2.802113125 -7.320185625
v 0.5634756250000001 3.19292375 -3.78125
v 1.187880625 3.16566125 -3.8125
v 1.24306375 2.852704375 -6.570664375
v 1.22662 2.945958125 -6.143535
v 0.03964999999999996 2.842654375 -7.19056375
v 0.03964999999999996 2.937346875 -6.763434375
v -1.44996 0.709113125 -8.29007875
v -1.4461868750000004 1.1293431250000001 -8.291968749999999
v -1.4417024999999999 0.70593 -8.98547
v -1.4468918750000004 1.1363987500000001 -8.98494625
v 1.44996 0.709113125 -8.29007875
v 1.446186875 1.1293431250000001 -8.291968749999999
v 1.4417025 0.70593 -8.98547
v 1.446891875 1.1363987500000001 -8.98494625
v 0.1119993749999999 1.10271 -10.519535625
v -0.1119993749999999 1.10271 -10.519535625
v -0.10538250000000016 0.98760625 -10.720254375
v 0.10538250000000016 0.98760625 -10.720254375
v -0.1119993749999999 1.10271 -10.519535625
v -0.330723125 1.08159125 -10.519291875
v -0.10538250000000016 0.98760625 -10.720254375
v -0.30474250000000014 0.9679175 -10.718600625
v 0.1119993749999999 1.10271 -10.519535625
v 0.330723125 1.08159125 -10.519291875
v 0.10538250000000016 0.98760625 -10.720254375
v 0.30474250000000014 0.9679175 -10.718600625
vt 0.7979554166666667 0.40476190476190477
vt 0.7979554166666667 0.3881282142857143
vt 0.811710119047619 0.38794065476190476
vt 0.812163630952381 0.4045681547619048
vt 0.3219910714285714 0.5654761904761905
vt 0.31566011904761904 0.5476190476190477
vt 0.3420779761904762 0.5476190476190477
vt 0.3357470238095238 0.5654761904761905
vt 0.7103113095238095 0.8988095238095238
vt 0.7108184523809524 0.9226190476190477
vt 0.685014880952381 0.9226190476190477
vt 0.6855214285714285 0.8988095238095238
vt 0.6018758928571428 0.27976190476190477
vt 0.6024247023809524 0.3035714285714286
vt 0.5776348214285714 0.3035714285714286
vt 0.5781842261904762 0.27976190476190477
vt 0.7315363095238095 0.40476190476190477
vt 0.7320839285714286 0.4285714285714286
vt 0.7083922619047619 0.4285714285714286
vt 0.7089398809523809 0.40476190476190477
vt 0.7428095238095238 0.6964285714285714
vt 0.7434410714285714 0.7202380952380952
vt 0.7208446428571429 0.7202380952380952
vt 0.7214761904761905 0.6964285714285714
vt 0.7445242261904762 0.8986577976190476
vt 0.7451545833333333 0.8766215476190476
vt 0.7652272023809523 0.8766215476190476
vt 0.7658575595238096 0.8986578571428572
vt 0.7630505952380953 0.5592261904761905
vt 0.7637565476190477 0.5830357142857143
vt 0.7436839285714286 0.5830357142857143
vt 0.744389880952381 0.5592261904761905
vt 0.6372107142857143 0.22023809523809523
vt 0.6439160714285714 0.20833333333333337
vt 0.6581255952380952 0.20833333333333337
vt 0.6648726190476191 0.22023809523809523
vt 0.762202380952381 0.5236132142857144
vt 0.7626648809523809 0.5019096428571428
vt 0.7804005952380952 0.5019096428571428
vt 0.7808630357142857 0.5236132142857144
vt 0.6466758928571428 0.6547619047619048
vt 0.6137407738095239 0.6547619047619048
vt 0.6300889880952381 0.6275391071428571
vt 0.28632339285714287 0.33333333333333337
vt 0.28632339285714287 0.2938379166666666
vt 0.30296232142857143 0.30926386904761904
vt 0.6839970238095239 0.9761904761904762
vt 0.6732733333333334 0.9561950595238096
vt 0.7076790476190477 0.9561950595238096
vt 0.3342955357142857 0.2851129166666667
vt 0.31004970238095236 0.30952380952380953
vt 0.31004970238095236 0.28543125
vt 0.3342965476190476 0.3392857142857143
vt 0.3100486904761905 0.3392857142857143
vt 0.3340606547619048 0.30976095238095236
vt 0.6552672023809524 1
vt 0.6552672023809524 0.9619441666666667
vt 0.6750899404761904 0.9942908333333333
vt 0.6334646428571429 0.9550438690476191
vt 0.6195115476190476 0.9702380952380952
vt 0.6195115476190476 0.9548569047619048
vt 0.8102430357142858 0.1594052380952381
vt 0.8125 0.10119047619047616
vt 0.8125 0.165708511904762
vt 0.6007114880952381 0.5654761904761905
vt 0.5361932738095239 0.5654761904761905
vt 0.539512619047619 0.5479907738095238
vt 0.7837168452380953 0.6726190476190477
vt 0.7566820833333333 0.6625274999999999
vt 0.7983774404761904 0.6625274999999999
vt 0.7031393452380952 0.8511904761904762
vt 0.6614439880952381 0.8511904761904762
vt 0.6772610714285714 0.8344525595238095
vt 0.775476130952381 0.7559523809523809
vt 0.7562943452380952 0.7451031547619047
vt 0.7957889880952381 0.7451031547619047
vt 0.9002976190476191 0.5416666666666667
vt 0.8458295238095237 0.5416666666666667
vt 0.8461192261904762 0.5395469642857142
vt 0.851258630952381 0.6934523809523809
vt 0.9136223214285715 0.6934523809523809
vt 0.9054550595238094 0.695035119047619
vt 0.75 0.6206775595238094
vt 0.75 0.6428571428571428
vt 0.7262480357142858 0.6425465476190476
vt 0.7261904761904762 0.6216189285714286
vt 0.23250244047619045 0.6954574404761904
vt 0.24964041666666667 0.6661434523809524
vt 0.24964041666666667 0.7083333333333333
vt 0.7385577380952381 0.6611671428571428
vt 0.7510718452380952 0.6785714285714286
vt 0.7202380952380952 0.6785714285714286
vt 0.4626067857142857 0.8680286904761905
vt 0.4626067857142857 0.8805460119047619
vt 0.44047619047619047 0.8809523809523809
vt 0.3362583928571429 0.6725169642857143
vt 0.36157886904761904 0.6845238095238095
vt 0.3333616071428572 0.6845238095238095
vt 0.7335970238095237 0.9285801190476191
vt 0.7554514880952381 0.9464285714285714
vt 0.7261904761904762 0.9464285714285714
vt 0.125 0.2103768452380953
vt 0.13511684523809522 0.22684172619047616
vt 0.125 0.25595238095238093
vt 0.1275875 0.9906384523809524
vt 0.1462815476190476 1
vt 0.125 1
vt 0.27976190476190477 0.41271357142857146
vt 0.29728505952380957 0.4006379166666667
vt 0.29728505952380957 0.4642857142857143
vt 0.35649315476190474 0.13538392857142845
vt 0.35119047619047616 0.15476190476190477
vt 0.35119047619047616 0.13283166666666668
vt 0.4930935714285714 0.18338035714285705
vt 0.48214285714285715 0.20238095238095233
vt 0.48214285714285715 0.18030095238095234
vt 0.8511904761904762 0.27380952380952384
vt 0.8511904761904762 0.25267910714285713
vt 0.8552655952380952 0.27109654761904756
vt 0.8297757738095238 0.20238095238095233
vt 0.8214285714285714 0.1957733928571428
vt 0.8297757738095238 0.1816590476190476
vt 0.4843260714285715 0.08515065476190475
vt 0.4843260714285715 0.1071428571428571
vt 0.48214285714285715 0.08760238095238093
vt 0.2973339285714286 0.9303721428571429
vt 0.2973339285714286 0.9523809523809523
vt 0.2857142857142857 0.9366711904761905
vt 0.839076607142857 0.7137488095238095
vt 0.8575078571428572 0.7202380952380952
vt 0.8333333333333334 0.7202380952380952
vt 0.6467958928571429 0.967064880952381
vt 0.6467958928571429 1
vt 0.6195731547619048 0.9834130952380953
vt 0.7741248214285713 0.5892857142857143
vt 0.7741248214285713 0.5470958333333333
vt 0.7824227976190476 0.5609914285714286
vt 0.5535714285714286 0.8568967857142857
vt 0.5553747619047619 0.8333333333333334
vt 0.5990486904761905 0.8333333333333334
vt 0.5994160714285715 0.8571428571428572
vt 0.5476190476190477 0.7916666666666666
vt 0.5476190476190477 0.7706930952380953
vt 0.593406369047619 0.7683667857142857
vt 0.5951848214285714 0.7908510119047619
vt 0.6071428571428571 0.8711048214285715
vt 0.6071428571428571 0.8556433333333333
vt 0.6546946428571429 0.8570548214285714
vt 0.6555145833333333 0.875
vt 0.6150576785714286 0.7023809523809523
vt 0.6130952380952381 0.6869930357142857
vt 0.6615686904761905 0.6846982738095237
vt 0.6647044047619047 0.7023809523809523
vt 0.5872101785714285 0.49287261904761903
vt 0.5833333333333334 0.47619047619047616
vt 0.6329801190476191 0.47619047619047616
vt 0.6380651190476191 0.49404761904761907
vt 0.6063673214285714 0.8035714285714286
vt 0.6011904761904762 0.7857142857142857
vt 0.6520676785714286 0.7857142857142857
vt 0.6544408928571429 0.8001798809523809
vt 0.6546010714285715 0.8339617857142857
vt 0.6495629166666667 0.8452380952380952
vt 0.6072266666666667 0.8452380952380952
vt 0.6071428571428571 0.8257177380952381
vt 0.3630952380952381 0.5245727380952381
vt 0.3630952380952381 0.4886938095238096
vt 0.4054132142857143 0.48993559523809527
vt 0.3832992857142857 0.5297619047619048
vt 0.6787813095238094 0.29166666666666663
vt 0.6796202380952381 0.2678571428571429
vt 0.7017992261904762 0.2678571428571429
vt 0.7021710714285715 0.2916168452380953
vt 0.09523809523809523 0.24054333333333333
vt 0.09523809523809523 0.26190476190476186
vt 0.07142857142857142 0.2616260714285714
vt 0.07255565476190476 0.24022922619047615
vt 0 0.2735863095238096
vt 0.0010373214285714287 0.2512673809523809
vt 0.023809523809523808 0.2515508333333334
vt 0.023809523809523808 0.27380952380952384
vt 0.18452380952380953 0.2678571428571429
vt 0.18452380952380953 0.29156404761904764
vt 0.16071428571428573 0.29166666666666663
vt 0.16191220238095239 0.2678571428571429
vt 0.7559523809523809 0.5909841666666666
vt 0.7559523809523809 0.6126355952380953
vt 0.7321428571428571 0.6130952380952381
vt 0.7331739880952381 0.5913308333333334
vt 0.47023809523809523 0.27976190476190477
vt 0.4715548214285714 0.25595238095238093
vt 0.4928305357142857 0.25595238095238093
vt 0.49250452380952375 0.2797336309523809
vt 0.07142857142857142 0.29166666666666663
vt 0.07254607142857143 0.2678571428571429
vt 0.0953125 0.2678571428571429
vt 0.09522863095238095 0.2915854166666667
vt 0.6904761904761905 0.6428571428571428
vt 0.6915709523809523 0.6190476190476191
vt 0.7153709523809524 0.6190476190476191
vt 0.7153017261904762 0.6427576190476191
vt 0.7083333333333334 0.33333333333333337
vt 0.7094755357142857 0.30952380952380953
vt 0.7317432142857143 0.30952380952380953
vt 0.7314754761904761 0.33327363095238094
vt 0 0.24404761904761907
vt 0 0.2260839880952381
vt 0.02313190476190476 0.22537809523809516
vt 0.023738630952380952 0.2433772023809524
vt 0.6011904761904762 0.22597494047619038
vt 0.6011904761904762 0.24361386904761906
vt 0.5773809523809523 0.24404761904761907
vt 0.5778890476190476 0.22604464285714287
vt 0.7857142857142857 0.5957224999999999
vt 0.7857142857142857 0.6130136904761905
vt 0.7619047619047619 0.6130952380952381
vt 0.7626054761904761 0.5954704166666667
vt 0.7120906547619048 0.7208085714285715
vt 0.7184503571428571 0.7380952380952381
vt 0.6848234523809524 0.7380952380952381
vt 0.6858425595238095 0.7204880952380952
vt 0.30952380952380953 0.22554809523809516
vt 0.30952380952380953 0.24318988095238103
vt 0.2857142857142857 0.24404761904761907
vt 0.28622273809523807 0.22604095238095245
vt 0.4583333333333333 0.22603297619047624
vt 0.4583333333333333 0.24404761904761907
vt 0.43452380952380953 0.2439041666666666
vt 0.43505154761904763 0.22595374999999995
vt 0.7023809523809523 0.546143869047619
vt 0.7023809523809523 0.5627771428571429
vt 0.6666666666666666 0.5654761904761905
vt 0.6668928571428572 0.5466707738095238
vt 0.7619047619047619 0.8000143452380952
vt 0.7619047619047619 0.8188216071428571
vt 0.7388126190476191 0.8214285714285714
vt 0.7380952380952381 0.8002798214285715
vt 0.7385497619047618 0.9550869642857143
vt 0.7401169642857143 0.9761904761904762
vt 0.7153119642857143 0.9761904761904762
vt 0.7142857142857143 0.9548531547619048
vt 0.6309523809523809 0.55112375
vt 0.6309523809523809 0.5351804166666667
vt 0.6557158928571428 0.5337451785714286
vt 0.6548421428571428 0.5654761904761905
vt 0.6011904761904762 0.25167589285714287
vt 0.6011904761904762 0.27341107142857146
vt 0.5792722619047619 0.27380952380952384
vt 0.5773809523809523 0.2518856547619047
vt 0.6729606547619047 0.6976464880952381
vt 0.7124560119047619 0.6976464880952381
vt 0.6883863690476191 0.7142857142857143
vt 0.16708559523809524 0.2989276190476191
vt 0.18708107142857142 0.3096513095238096
vt 0.16708559523809524 0.33333333333333337
vt 0.7211226190476191 0.43972148809523814
vt 0.6970321428571429 0.4642857142857143
vt 0.6970321428571429 0.4400377976190476
vt 0.6784528571428572 0.8745616666666667
vt 0.6784528571428572 0.8988095238095238
vt 0.6489280952380952 0.898573630952381
vt 0.6431744642857142 0.6230339880952381
vt 0.6812302976190476 0.6230339880952381
vt 0.6755207738095238 0.6428571428571428
vt 0.4742077380952381 0.18268077380952386
vt 0.4588279761904762 0.1964285714285714
vt 0.4588279761904762 0.18247404761904762
vt 0.8392857142857143 0.6838051785714285
vt 0.8975004166666667 0.6815476190476191
vt 0.9038043452380953 0.6838051785714285
vt 0.35100458333333334 0.405719880952381
vt 0.35100458333333334 0.47023809523809523
vt 0.3335192261904762 0.4090392857142857
vt 0.029924464285714287 0.19639982142857149
vt 0.04001601190476191 0.22343464285714298
vt 0.029924464285714287 0.23809523809523814
vt 0.6720594642857143 0.3035433333333333
vt 0.6720594642857143 0.34523809523809523
vt 0.655321488095238 0.31936035714285715
vt 0.7564801785714286 0.3236
vt 0.7673293452380952 0.34278232142857146
vt 0.7564801785714286 0.36309523809523814
vt 0.430691130952381 0.10029398809523804
vt 0.430691130952381 0.15476190476190477
vt 0.42857142857142855 0.10058369047619042
vt 0.5661729761904761 0.14867261904761908
vt 0.5661729761904761 0.08630952380952384
vt 0.5677555952380953 0.14050595238095231
vt 0.8061158928571428 0.5714285714285714
vt 0.7916666666666666 0.5595238095238095
vt 0.8117576190476191 0.5595238095238095
vt 0.8135968452380953 0.563788988095238
vt 0.17893660714285714 0.19235267857142857
vt 0.1584702380952381 0.20238095238095233
vt 0.15476190476190477 0.19235267857142857
vt 0.5861727976190476 0.6130952380952381
vt 0.6089646428571429 0.6130952380952381
vt 0.6091502976190476 0.6369047619047619
vt 0.5654761904761905 0.6367485119047619
vt 0.7083333333333334 0.22093529761904762
vt 0.7216901785714286 0.20815666666666655
vt 0.7216901785714286 0.23809523809523814
vt 0.7686378571428572 0.8089364880952381
vt 0.7864949404761904 0.8018432738095238
vt 0.7882308333333332 0.8214285714285714
vt 0.7678571428571429 0.8214285714285714
vt 0.606207619047619 0.2142857142857143
vt 0.5952380952380952 0.21127386904761902
vt 0.5952380952380952 0.18905857142857152
vt 0.6066608333333333 0.1889277380952381
vt 0.8090339880952381 0.8983672619047619
vt 0.7976190476190477 0.8988095238095238
vt 0.7976190476190477 0.8768994047619048
vt 0.8090084523809524 0.8946975595238096
vt 0.30952380952380953 0.18947184523809513
vt 0.32459625000000003 0.19965380952380962
vt 0.31793886904761903 0.20796130952380953
vt 0.30952380952380953 0.20833333333333337
vt 0.7321428571428571 0.24618809523809526
vt 0.7321428571428571 0.26777666666666666
vt 0.7083333333333334 0.2678571428571429
vt 0.7095285119047618 0.24615529761904764
vt 0.7559523809523809 0.5022974404761904
vt 0.7559523809523809 0.5238095238095238
vt 0.7321428571428571 0.5234892261904762
vt 0.7333955357142857 0.5019376785714286
vt 0.16666666666666666 0.240255
vt 0.16666666666666666 0.2618229166666667
vt 0.14296625 0.26190476190476186
vt 0.14285714285714285 0.24153172619047625
vt 0.6433395833333334 0.5059523809523809
vt 0.6726535714285714 0.48881440476190474
vt 0.6855294642857143 0.5059523809523809
vt 0.23214285714285715 0.2857142857142857
vt 0.2147379761904762 0.2732003571428572
vt 0.23214285714285715 0.2548805357142857
vt 0.8046531547619047 0.7142857142857143
vt 0.7921358333333334 0.7142857142857143
vt 0.8050595238095238 0.6921551190476191
vt 0.554366130952381 0.22619047619047616
vt 0.5423600595238095 0.20087017857142864
vt 0.554366130952381 0.1979736904761905
vt 0.11904761904761904 0.27380952380952384
vt 0.1011992261904762 0.25195500000000004
vt 0.11904761904761904 0.24454910714285716
vt 0.7610679761904762 0.6964285714285714
vt 0.7446035714285715 0.6863115476190476
vt 0.7901785714285714 0.6863115476190476
vt 0.8139880952380952 0.1964285714285714
vt 0.8046261904761904 0.17773482142857144
vt 0.8139880952380952 0.17514785714285708
vt 0.5479593452380952 0.8154761904761905
vt 0.560034761904762 0.7979529166666667
vt 0.6116071428571429 0.8154761904761905
vt 0.8675595238095238 0.5839834523809524
vt 0.8481808333333334 0.5892857142857143
vt 0.8456292857142857 0.5839834523809524
vt 0.8199404761904762 0.8104778571428571
vt 0.8009398809523809 0.8214285714285714
vt 0.7978604761904762 0.8104778571428571
vt 0.8523816666666667 0.15663964285714282
vt 0.8735119047619048 0.15663964285714282
vt 0.8707991666666667 0.1607142857142857
vt 0.8356543452380952 0.2654623214285714
vt 0.8422619047619048 0.27380952380952384
vt 0.82154 0.27380952380952384
vt 0.9151785714285714 0.7738095238095238
vt 0.8931866071428571 0.7738095238095238
vt 0.8956382142857142 0.77162625
vt 0.8199404761904762 0.9583333333333334
vt 0.7979314285714286 0.9583333333333334
vt 0.8042301785714285 0.9467135714285714
vt 0.7574404761904762 0.16666666666666663
vt 0.7509507738095238 0.14823559523809526
vt 0.7574404761904762 0.14249190476190476
vt 0.7683395833333334 0.41432125
vt 0.8105294642857143 0.41432125
vt 0.7822357142857144 0.42261904761904767
vt 0.58405875 0.5472510714285714
vt 0.58405875 0.5035775595238094
vt 0.6054095238095238 0.5017739880952381
vt 0.6056547619047619 0.5476190476190477
vt 0.5540816071428571 0.5041744047619048
vt 0.5564070238095239 0.45833333333333337
vt 0.5773809523809523 0.45833333333333337
vt 0.5765658928571428 0.5059523809523809
vt 0.5430998214285714 0.3796000595238096
vt 0.5430998214285714 0.3320273214285715
vt 0.5585553571428571 0.3324863690476191
vt 0.5610119047619048 0.38095238095238093
vt 0.2857142857142857 0.38972178571428573
vt 0.2880092261904762 0.34124750000000004
vt 0.30357142857142855 0.34321041666666674
vt 0.30357142857142855 0.3928571428571429
vt 0.17271315476190474 0.4592008333333334
vt 0.17271315476190474 0.4095545833333334
vt 0.19227708333333332 0.41343077380952387
vt 0.19345238095238096 0.4642857142857143
vt 0.48828845238095236 0.4321505952380952
vt 0.48828845238095236 0.3812733928571428
vt 0.5074404761904762 0.38645047619047623
vt 0.5040494047619047 0.43452380952380953
vt 0.5 0.32762565476190475
vt 0.5 0.3699619047619047
vt 0.4903869047619048 0.375
vt 0.48214285714285715 0.32754261904761905
vt 0.08454220238095238 0.49404761904761907
vt 0.08454220238095238 0.45171142857142854
vt 0.12040613095238095 0.4527634523809524
vt 0.125 0.4731113690476191
vt 0.25636315476190474 0.2615324404761905
vt 0.25636315476190474 0.2393527976190476
vt 0.2778630357142857 0.23851440476190477
vt 0.27781261904761906 0.26190476190476186
vt 0.27976190476190477 0.2731027380952381
vt 0.27976190476190477 0.29761904761904767
vt 0.2560005357142857 0.29737684523809527
vt 0.25595238095238093 0.2739865476190476
vt 0.7031209523809524 0.5235515476190475
vt 0.7031209523809524 0.4990352380952381
vt 0.7254504761904762 0.4982555357142857
vt 0.7253780357142857 0.5238095238095238
vt 0.7440476190476191 0.7628519047619048
vt 0.7440476190476191 0.7856182142857143
vt 0.7203344642857142 0.7857142857142857
vt 0.7202380952380952 0.7641470833333334
vt 0.7559523809523809 0.44254238095238096
vt 0.7559523809523809 0.4638184523809523
vt 0.7322327380952381 0.4642857142857143
vt 0.7321428571428571 0.4440440476190476
vt 0.7388551190476191 0.27380952380952384
vt 0.7388551190476191 0.2525338690476191
vt 0.7604166666666666 0.2512168452380953
vt 0.7603883928571429 0.27348327380952375
vt 0.17343357142857144 0.26190476190476186
vt 0.17343357142857144 0.23913857142857142
vt 0.1949404761904762 0.23802107142857143
vt 0.19486 0.2618205952380952
vt 0.6501773214285714 0.29166666666666663
vt 0.6501773214285714 0.2678666666666667
vt 0.6726190476190477 0.2667719047619047
vt 0.6725195238095237 0.29159750000000006
vt 0.43580779761904764 0.27380952380952384
vt 0.43580779761904764 0.25154178571428576
vt 0.4583333333333333 0.25039934523809515
vt 0.4582744642857143 0.27354125000000007
vt 0.7572879166666666 0.24399029761904756
vt 0.7572879166666666 0.2208479166666667
vt 0.7752431547619048 0.22029958333333344
vt 0.7752976190476191 0.24404761904761907
vt 0.48214285714285715 0.22436083333333334
vt 0.48214285714285715 0.24969863095238098
vt 0.46464041666666667 0.25
vt 0.4642857142857143 0.22517660714285714
vt 0.7678571428571429 0.7653591666666667
vt 0.7678571428571429 0.791612380952381
vt 0.7503313095238096 0.7916666666666666
vt 0.75 0.7661145833333334
vt 0.7023809523809523 0.38899154761904753
vt 0.7023809523809523 0.42261904761904767
vt 0.6848444047619048 0.41625880952380945
vt 0.6845238095238095 0.3900113095238096
vt 0.6666666666666666 0.22951202380952385
vt 0.6666666666666666 0.2553669047619047
vt 0.6491578571428571 0.25595238095238093
vt 0.6488095238095238 0.23061761904761913
vt 0.3333333333333333 0.21977119047619043
vt 0.3333333333333333 0.24404761904761907
vt 0.31547619047619047 0.243941130952381
vt 0.31553732142857144 0.2201928571428572
vt 0.4955292857142857 0.28757958333333333
vt 0.49283023809523807 0.3214285714285714
vt 0.4761969047619048 0.3214285714285714
vt 0.476723869047619 0.2878057738095239
vt 0.7306547619047619 0.27843666666666667
vt 0.7280477976190476 0.3035714285714286
vt 0.7092405357142857 0.3035714285714286
vt 0.7095060119047619 0.2777192857142857
vt 0.7023809523809523 0.30257595238095236
vt 0.7023809523809523 0.32738095238095233
vt 0.6788051785714286 0.3258132142857143
vt 0.6785714285714286 0.30154916666666665
vt 0.6379119642857143 0.36904761904761907
vt 0.6393467261904762 0.34523809523809523
vt 0.6552900595238095 0.34523809523809523
vt 0.6696428571428571 0.3681730357142857
vt 0.05357142857142857 0.24718702380952384
vt 0.05357142857142857 0.26742958333333333
vt 0.029987261904761905 0.2678571428571429
vt 0.02976190476190476 0.24572761904761908
vt 0.00037553571428571426 0.7124458333333333
vt 0.00037553571428571426 0.6923554761904762
vt 0.011904761904761904 0.7068047619047619
vt 0.00426577380952381 0.7142857142857143
vt 0.12946428571428573 0.18191392857142863
vt 0.11943547619047619 0.20238095238095233
vt 0.11943547619047619 0.1782057142857143
vt 0.6116071428571429 1
vt 0.5898179761904763 1
vt 0.5896234523809524 0.9772094642857143
vt 0.6110792857142857 0.9563292261904762
vt 0.7632162499999999 0.4464285714285714
vt 0.7759950595238094 0.433071369047619
vt 0.7931547619047619 0.4464285714285714
vt 0.7916666666666666 0.8988095238095238
vt 0.7738095238095238 0.8970736309523809
vt 0.7809022023809524 0.8792163095238095
vt 0.7916666666666666 0.8784358333333333
vt 0.44798654761904766 0.20238095238095233
vt 0.4702022023809524 0.20238095238095233
vt 0.4732142857142857 0.21383202380952382
vt 0.4478554761904762 0.2142857142857143
vt 0.7920775595238095 0.47023809523809523
vt 0.8139880952380952 0.47023809523809523
vt 0.8135460714285714 0.4821428571428571
vt 0.8098760119047619 0.48211696428571427
vt 0.7927830357142857 0.7314381547619048
vt 0.7844757738095238 0.7380952380952381
vt 0.7742933333333333 0.7202380952380952
vt 0.7931547619047619 0.7202380952380952
vt 0.14935863095238094 0.15625
vt 0.1646294642857143 0.15625
vt 0.15643107142857143 0.16655488095238102
vt 0.7748795833333333 0.19044309523809522
vt 0.7682751785714286 0.17905077380952383
vt 0.7748795833333333 0.16220238095238093
vt 0.6811077976190476 0.14207511904761905
vt 0.6790112500000001 0.11391232142857144
vt 0.6811077976190476 0.1071428571428571
vt 0.7684682142857142 0.10112678571428568
vt 0.770222261904762 0.0982142857142857
vt 0.770222261904762 0.1360155357142856
vt 0.3764150595238095 0.10685321428571426
vt 0.37507303571428574 0.06907636904761905
vt 0.3764150595238095 0.06845238095238093
vt 0.743631130952381 0.1961264285714286
vt 0.7385117261904762 0.15806827380952393
vt 0.743631130952381 0.15476190476190477
vt 0.8513733928571429 0.5491071428571428
vt 0.8549375 0.5534839285714286
vt 0.8102410714285714 0.5534839285714286
vt 0.8518384523809523 0.6120189285714286
vt 0.8964944047619048 0.6101190476190477
vt 0.8981615476190477 0.6120189285714286
vt 0.8220768452380953 0.39434523809523814
vt 0.8683993452380951 0.39434523809523814
vt 0.8671622023809523 0.3981172023809524
vt 0.8849729761904761 0.6681547619047619
vt 0.8816409523809524 0.6713523809523809
vt 0.8397294047619048 0.6681547619047619
vt 0.8398464880952381 0.1919642857142857
vt 0.8818797023809524 0.1919642857142857
vt 0.8749626785714286 0.19495642857142859
vt 0.8276163095238095 0.30952380952380953
vt 0.862859880952381 0.30952380952380953
vt 0.8487741666666667 0.31408749999999996
vt 0.8255544047619048 0.7693452380952381
vt 0.8082967261904761 0.7793604166666667
vt 0.8039098809523809 0.7693452380952381
vt 0.00002511904761904762 0.16815476190476186
vt 0.008903452380952382 0.1745351190476191
vt 0.00002511904761904762 0.19040107142857143
vt 0.7029854761904762 0.08184523809523814
vt 0.704752619047619 0.10402125000000007
vt 0.7029854761904762 0.10590803571428575
vt 0.8243938095238096 0.14144029761904753
vt 0.8214395238095238 0.14220297619047617
vt 0.8214395238095238 0.11755952380952384
vt 0.27773934523809524 0.11755952380952384
vt 0.27773934523809524 0.14220297619047617
vt 0.2743439880952381 0.1411504166666666
vt 0.07869333333333334 0.1473214285714286
vt 0.07869333333333334 0.17115529761904757
vt 0.07160428571428572 0.17002857142857142
vt 0.8528038690476191 0.7079845833333334
vt 0.8514455357142856 0.7038690476190477
vt 0.8762330357142858 0.7038690476190477
vt 0.8881379166666666 0.27318154761904756
vt 0.8633501785714286 0.27318154761904756
vt 0.8643075595238094 0.27083333333333337
vt 0.9174785714285715 0.43320226190476185
vt 0.8935333333333333 0.43320226190476185
vt 0.8954299404761905 0.43154761904761907
vt 0.7135351785714286 0.5833333333333333
vt 0.7245972619047618 0.5891505357142857
vt 0.7024860714285714 0.5891505357142857
vt 0.4642857142857143 0.37571958333333333
vt 0.48214285714285715 0.38242714285714285
vt 0.48214285714285715 0.43452380952380953
vt 0.4642857142857143 0.43452380952380953
vt 0.017857142857142856 0.3928571428571429
vt 0 0.3928571428571429
vt 0 0.3407604761904762
vt 0.017857142857142856 0.3507889285714286
vt 0.023809523809523808 0.2822660714285714
vt 0.03571428571428571 0.2864336904761904
vt 0.03571428571428571 0.34523809523809523
vt 0.023809523809523808 0.34523809523809523
vt 0.5476190476190477 0.43452380952380953
vt 0.5416666666666666 0.43452380952380953
vt 0.5416666666666666 0.39245571428571424
vt 0.5476190476190477 0.3970791071428571
vt 0.31547619047619047 0.38690476190476186
vt 0.30952380952380953 0.38690476190476186
vt 0.30952380952380953 0.3494602380952381
vt 0.31547619047619047 0.3529770238095238
vt 0.8157626785714285 0.8809523809523809
vt 0.8156578571428571 0.875
vt 0.8465445238095238 0.875
vt 0.8380303571428571 0.8805666071428572
vt 0.2619047619047619 0.5833333333333333
vt 0.25595238095238093 0.5833333333333333
vt 0.25595238095238093 0.5610623809523809
vt 0.2619047619047619 0.5697880357142857
vt 0.8928571428571429 0.8367683333333333
vt 0.8928571428571429 0.8392857142857143
vt 0.8278363095238096 0.8392764285714286
vt 0.8273809523809523 0.8367591666666667
vt 0.34769416666666664 0.9761697619047619
vt 0.34523809523809523 0.9702380952380952
vt 0.4107142857142857 0.9702380952380952
vt 0.4107142857142857 0.9761904761904762
vt 0.5830986904761905 0.9226190476190477
vt 0.5595238095238095 0.9047619047619048
vt 0.6190476190476191 0.9047619047619048
vt 0.6190476190476191 0.9226190476190477
vt 0.6831952380952381 0.6666666666666667
vt 0.6785714285714286 0.6607142857142857
vt 0.7142857142857143 0.6607142857142857
vt 0.7142857142857143 0.6666666666666667
vt 0.15089333333333332 0.7916666666666666
vt 0.1488095238095238 0.7857142857142857
vt 0.17857142857142858 0.7857142857142857
vt 0.17857142857142858 0.7916666666666666
vt 0.7264242857142857 0.3571428571428571
vt 0.7202380952380952 0.3392857142857143
vt 0.75 0.3392857142857143
vt 0.75 0.3571428571428571
vt 0.2786005357142857 0.5952380952380952
vt 0.26785714285714285 0.5714285714285714
vt 0.2916666666666667 0.5714285714285714
vt 0.2916666666666667 0.5919278571428571
vt 0.8279424999999999 0.4225450595238096
vt 0.8214285714285714 0.41104797619047617
vt 0.8333333333333334 0.40773809523809523
vt 0.8333333333333334 0.4225450595238096
vt 0.8928571428571429 0.4059936904761905
vt 0.8988095238095238 0.40327380952380953
vt 0.8988095238095238 0.4096554166666666
vt 0.8935069047619048 0.4096554166666666
vt 0.8630952380952381 0.6369047619047619
vt 0.8571428571428571 0.6369047619047619
vt 0.8571428571428571 0.6233594642857143
vt 0.8630952380952381 0.6273975595238095
vt 0.8928571428571429 0.7193292261904762
vt 0.8869047619047619 0.7193292261904762
vt 0.8869047619047619 0.7098214285714286
vt 0.8928571428571429 0.7141196428571428
vt 0.9043891666666666 0.6309523809523809
vt 0.9028445238095237 0.636233511904762
vt 0.8991822619047619 0.6369047619047619
vt 0.8991822619047619 0.6309523809523809
vt 0.7460066071428572 0.13690476190476186
vt 0.7445268452380953 0.13690476190476186
vt 0.7445268452380953 0.10297654761904762
vt 0.7465445833333333 0.10602315476190483
vt 0.1646294642857143 0.15625
vt 0.14935863095238094 0.15625
vt 0.15643107142857143 0.16655488095238102
vt 0.7682751785714286 0.17905077380952383
vt 0.7748795833333333 0.19044309523809522
vt 0.7748795833333333 0.16220238095238093
vt 0.6790112500000001 0.11391232142857144
vt 0.6811077976190476 0.14207511904761905
vt 0.6811077976190476 0.1071428571428571
vt 0.770222261904762 0.0982142857142857
vt 0.7684682142857142 0.10112678571428568
vt 0.770222261904762 0.1360155357142856
vt 0.37507303571428574 0.06907636904761905
vt 0.3764150595238095 0.10685321428571426
vt 0.3764150595238095 0.06845238095238093
vt 0.7385117261904762 0.15806827380952393
vt 0.743631130952381 0.1961264285714286
vt 0.743631130952381 0.15476190476190477
vt 0.8549375 0.5534839285714286
vt 0.8513733928571429 0.5491071428571428
vt 0.8102410714285714 0.5534839285714286
vt 0.8964944047619048 0.6101190476190477
vt 0.8518384523809523 0.6120189285714286
vt 0.8981615476190477 0.6120189285714286
vt 0.8683993452380951 0.39434523809523814
vt 0.8220768452380953 0.39434523809523814
vt 0.8671622023809523 0.3981172023809524
vt 0.8816409523809524 0.6713523809523809
vt 0.8849729761904761 0.6681547619047619
vt 0.8397294047619048 0.6681547619047619
vt 0.8818797023809524 0.1919642857142857
vt 0.8398464880952381 0.1919642857142857
vt 0.8749626785714286 0.19495642857142859
vt 0.862859880952381 0.30952380952380953
vt 0.8276163095238095 0.30952380952380953
vt 0.8487741666666667 0.31408749999999996
vt 0.8082967261904761 0.7793604166666667
vt 0.8255544047619048 0.7693452380952381
vt 0.8039098809523809 0.7693452380952381
vt 0.008903452380952382 0.1745351190476191
vt 0.00002511904761904762 0.16815476190476186
vt 0.00002511904761904762 0.19040107142857143
vt 0.704752619047619 0.10402125000000007
vt 0.7029854761904762 0.08184523809523814
vt 0.7029854761904762 0.10590803571428575
vt 0.8214395238095238 0.14220297619047617
vt 0.8243938095238096 0.14144029761904753
vt 0.8214395238095238 0.11755952380952384
vt 0.27773934523809524 0.14220297619047617
vt 0.27773934523809524 0.11755952380952384
vt 0.2743439880952381 0.1411504166666666
vt 0.07869333333333334 0.17115529761904757
vt 0.07869333333333334 0.1473214285714286
vt 0.07160428571428572 0.17002857142857142
vt 0.8514455357142856 0.7038690476190477
vt 0.8528038690476191 0.7079845833333334
vt 0.8762330357142858 0.7038690476190477
vt 0.8633501785714286 0.27318154761904756
vt 0.8881379166666666 0.27318154761904756
vt 0.8643075595238094 0.27083333333333337
vt 0.8935333333333333 0.43320226190476185
vt 0.9174785714285715 0.43320226190476185
vt 0.8954299404761905 0.43154761904761907
vt 0.7245972619047618 0.5891505357142857
vt 0.7135351785714286 0.5833333333333333
vt 0.7024860714285714 0.5891505357142857
vt 0.48214285714285715 0.43452380952380953
vt 0.48214285714285715 0.38242714285714285
vt 0.4642857142857143 0.37571958333333333
vt 0.4642857142857143 0.43452380952380953
vt 0 0.3407604761904762
vt 0 0.3928571428571429
vt 0.017857142857142856 0.3928571428571429
vt 0.017857142857142856 0.3507889285714286
vt 0.03571428571428571 0.34523809523809523
vt 0.03571428571428571 0.2864336904761904
vt 0.023809523809523808 0.2822660714285714
vt 0.023809523809523808 0.34523809523809523
vt 0.5416666666666666 0.39245571428571424
vt 0.5416666666666666 0.43452380952380953
vt 0.5476190476190477 0.43452380952380953
vt 0.5476190476190477 0.3970791071428571
vt 0.30952380952380953 0.3494602380952381
vt 0.30952380952380953 0.38690476190476186
vt 0.31547619047619047 0.38690476190476186
vt 0.31547619047619047 0.3529770238095238
vt 0.8465445238095238 0.875
vt 0.8156578571428571 0.875
vt 0.8157626785714285 0.8809523809523809
vt 0.8380303571428571 0.8805666071428572
vt 0.25595238095238093 0.5610623809523809
vt 0.25595238095238093 0.5833333333333333
vt 0.2619047619047619 0.5833333333333333
vt 0.2619047619047619 0.5697880357142857
vt 0.8278363095238096 0.8392764285714286
vt 0.8928571428571429 0.8392857142857143
vt 0.8928571428571429 0.8367683333333333
vt 0.8273809523809523 0.8367591666666667
vt 0.4107142857142857 0.9702380952380952
vt 0.34523809523809523 0.9702380952380952
vt 0.34769416666666664 0.9761697619047619
vt 0.4107142857142857 0.9761904761904762
vt 0.6190476190476191 0.9047619047619048
vt 0.5595238095238095 0.9047619047619048
vt 0.5830986904761905 0.9226190476190477
vt 0.6190476190476191 0.9226190476190477
vt 0.7142857142857143 0.6607142857142857
vt 0.6785714285714286 0.6607142857142857
vt 0.6831952380952381 0.6666666666666667
vt 0.7142857142857143 0.6666666666666667
vt 0.17857142857142858 0.7857142857142857
vt 0.1488095238095238 0.7857142857142857
vt 0.15089333333333332 0.7916666666666666
vt 0.17857142857142858 0.7916666666666666
vt 0.75 0.3392857142857143
vt 0.7202380952380952 0.3392857142857143
vt 0.7264242857142857 0.3571428571428571
vt 0.75 0.3571428571428571
vt 0.2916666666666667 0.5714285714285714
vt 0.26785714285714285 0.5714285714285714
vt 0.2786005357142857 0.5952380952380952
vt 0.2916666666666667 0.5919278571428571
vt 0.8333333333333334 0.40773809523809523
vt 0.8214285714285714 0.41104797619047617
vt 0.8279424999999999 0.4225450595238096
vt 0.8333333333333334 0.4225450595238096
vt 0.8988095238095238 0.4096554166666666
vt 0.8988095238095238 0.40327380952380953
vt 0.8928571428571429 0.4059936904761905
vt 0.8935069047619048 0.4096554166666666
vt 0.8571428571428571 0.6233594642857143
vt 0.8571428571428571 0.6369047619047619
vt 0.8630952380952381 0.6369047619047619
vt 0.8630952380952381 0.6273975595238095
vt 0.8869047619047619 0.7098214285714286
vt 0.8869047619047619 0.7193292261904762
vt 0.8928571428571429 0.7193292261904762
vt 0.8928571428571429 0.7141196428571428
vt 0.8991822619047619 0.6369047619047619
vt 0.9028445238095237 0.636233511904762
vt 0.9043891666666666 0.6309523809523809
vt 0.8991822619047619 0.6309523809523809
vt 0.7445268452380953 0.10297654761904762
vt 0.7445268452380953 0.13690476190476186
vt 0.7460066071428572 0.13690476190476186
vt 0.7465445833333333 0.10602315476190483
vt 0.8988095238095238 0.29043791666666663
vt 0.9014695238095237 0.29377595238095233
vt 0.8988095238095238 0.29761904761904767
vt 0.9014094047619048 0.27258065476190474
vt 0.9014094047619048 0.27976190476190477
vt 0.8988095238095238 0.2768383333333334
vt 0.5773809523809523 0.12187017857142857
vt 0.5808579761904762 0.12366428571428567
vt 0.5773809523809523 0.15476190476190477
vt 0.7230743452380952 0.11591803571428572
vt 0.7230743452380952 0.14880952380952384
vt 0.7202380952380952 0.14878119047619043
vt 0.5000723214285715 0.12229934523809527
vt 0.502903869047619 0.12246845238095239
vt 0.5000723214285715 0.19047619047619047
vt 0.40739422619047616 0.09849023809523805
vt 0.40739422619047616 0.16666666666666663
vt 0.40510577380952384 0.16612249999999995
vt 0.5059523809523809 0.197395
vt 0.5106807142857143 0.19871077380952384
vt 0.5059523809523809 0.3035714285714286
vt 0.6823446428571428 0.10117738095238105
vt 0.6792416666666666 0.10119047619047616
vt 0.6785714285714286 0.09697499999999992
vt 0.6826422619047618 0.09612857142857134
vt 0.7478138095238096 0.47556297619047627
vt 0.6428571428571429 0.4821428571428571
vt 0.6428571428571429 0.47703922619047623
vt 0.7142857142857143 0.8488815476190477
vt 0.9166666666666666 0.8488815476190477
vt 0.9162160714285713 0.8511904761904762
vt 0.8999627976190476 0.47023809523809523
vt 0.8931925595238096 0.47023809523809523
vt 0.8931824404761906 0.4642857142857143
vt 0.8999723214285714 0.4642857142857143
vt 0.625 0.31536672619047623
vt 0.625 0.22470238095238093
vt 0.6309523809523809 0.22477904761904755
vt 0.6309523809523809 0.3154439880952381
vt 0.8872560714285714 0.6011904761904762
vt 0.7916666666666666 0.6011904761904762
vt 0.7916945833333334 0.5985986904761905
vt 0.8873227380952381 0.5986092261904762
vt 0.41672779761904766 0.7857142857142857
vt 0.47401154761904757 0.7857142857142857
vt 0.4739497619047619 0.7916666666666666
vt 0.4166666666666667 0.7916666666666666
vt 0.2857142857142857 0.14235077380952377
vt 0.2857142857142857 0.11458333333333337
vt 0.2887168452380952 0.11465011904761913
vt 0.2886830357142857 0.14240000000000008
vt 0.8630952380952381 0.4457211904761904
vt 0.8630952380952381 0.4442272619047619
vt 0.8928571428571429 0.44345238095238093
vt 0.8928571428571429 0.44494630952380954
vt 0.8154761904761905 0.6904761904761905
vt 0.8452380952380952 0.6904761904761905
vt 0.8452380952380952 0.6964285714285714
vt 0.8154761904761905 0.6964285714285714
vt 0.6845538690476191 0.8690476190476191
vt 0.7380812499999999 0.8690476190476191
vt 0.7380651785714286 0.875
vt 0.6845377976190476 0.875
vt 0.14285714285714285 0.38689821428571436
vt 0.14285714285714285 0.3472658928571428
vt 0.1488095238095238 0.34727244047619044
vt 0.1488095238095238 0.38690476190476186
vt 0.7847000595238095 0.31547619047619047
vt 0.7560396428571429 0.30952380952380953
vt 0.8198532142857143 0.30952380952380953
vt 0.8153071428571428 0.31504333333333334
vt 0.5408098214285714 0.8224529166666666
vt 0.5476189285714286 0.8511904761904762
vt 0.48214297619047625 0.8511904761904762
vt 0.48728577380952376 0.822604761904762
vt 0.19642857142857142 0.16276732142857142
vt 0.19642857142857142 0.22619047619047616
vt 0.19047619047619047 0.19745583333333339
vt 0.19060279761904764 0.16706803571428575
vt 0.2619047619047619 0.1675154166666667
vt 0.2619047619047619 0.2321428571428571
vt 0.2561968452380952 0.22547142857142854
vt 0.25595238095238093 0.17178833333333343
vt 0.9041504761904762 0.4420030952380952
vt 0.9041504761904762 0.4464285714285714
vt 0.8994209523809524 0.44205523809523817
vt 0.26785714285714285 0.16751809523809535
vt 0.27380952380952384 0.17189178571428576
vt 0.27380952380952384 0.2256352380952381
vt 0.2683539285714286 0.2321428571428571
vt 0.45566023809523815 0.09844994047619049
vt 0.4523809523809524 0.10119047619047616
vt 0.4523809523809524 0.09342184523809527
vt 0.4206967857142857 0.09357535714285725
vt 0.4206967857142857 0.10119047619047616
vt 0.41710083333333337 0.096383630952381
vt 0.8404278571428572 0.2512851785714285
vt 0.8368908928571428 0.25595238095238093
vt 0.8316174999999999 0.25595238095238093
vt 0.7920126190476191 0.2515232142857142
vt 0.8217020238095238 0.5714285714285714
vt 0.8217020238095238 0.5670030952380952
vt 0.8613336904761905 0.5711844642857142
vt 0.40476190476190477 0.177080119047619
vt 0.4107142857142857 0.17389559523809528
vt 0.4107142857142857 0.24123892857142848
vt 0.40536886904761904 0.24404761904761907
vt 0.21875 0.11904761904761907
vt 0.21875 0.20767565476190475
vt 0.2157467261904762 0.20769619047619037
vt 0.5223214285714286 0.11904761904761907
vt 0.5223214285714286 0.2077471428571429
vt 0.5193205357142857 0.11916982142857147
vt 0.5298261904761905 0.26534398809523807
vt 0.5357142857142857 0.2544295833333333
vt 0.5357142857142857 0.36904761904761907
vt 0.5297619047619048 0.36290999999999995
vt 0.5178734523809524 0.22081898809523803
vt 0.5238095238095238 0.21525166666666673
vt 0.5238095238095238 0.3214285714285714
vt 0.5178571428571429 0.31148374999999995
vt 0.05953696428571428 0.22728928571428564
vt 0.06547619047619048 0.2378211309523809
vt 0.06547619047619048 0.3334102976190476
vt 0.05952380952380952 0.3392857142857143
vt 0.6369047619047619 0.2330134523809525
vt 0.6428571428571429 0.23884309523809522
vt 0.6428571428571429 0.32924946428571433
vt 0.637087619047619 0.3392857142857143
vt 0.661416011904762 0.20238095238095233
vt 0.6547619047619048 0.19432023809523813
vt 0.6547619047619048 0.16657005952380943
vt 0.6614318452380952 0.1693950595238095
vt 0.20515922619047616 0.22023809523809523
vt 0.20238095238095238 0.21354839285714278
vt 0.20238095238095238 0.12492017857142856
vt 0.20479773809523807 0.11433029761904767
vt 0.047619047619047616 0.1693163095238096
vt 0.05357142857142857 0.17887297619047615
vt 0.05357142857142857 0.23615648809523815
vt 0.04769571428571428 0.23809523809523814
vt 0.20238095238095238 0.23337696428571442
vt 0.20833333333333334 0.2299822619047619
vt 0.20833333333333334 0.33604672619047615
vt 0.20240636904761905 0.3392857142857143
vt 0.5335799404761905 0.24226482142857142
vt 0.5297619047619048 0.24404761904761907
vt 0.5297619047619048 0.13798303571428572
vt 0.5335263690476191 0.13599160714285707
vt 0.6964285714285714 0.18109404761904757
vt 0.7023809523809523 0.18430500000000005
vt 0.7023809523809523 0.2521181547619048
vt 0.6971805952380953 0.26190476190476186
vt 0.6190476190476191 0.21726190476190477
vt 0.6190476190476191 0.31482958333333333
vt 0.6130952380952381 0.31490321428571433
vt 0.6131220238095237 0.2172757738095238
vt 0.8824404761904762 0.43452380952380953
vt 0.7920339285714286 0.43452380952380953
vt 0.7919200000000001 0.43194440476190477
vt 0.8823851190476191 0.43190523809523806
vt 0.8720238095238095 0.7321428571428572
vt 0.8042103571428572 0.7321428571428572
vt 0.8041595833333333 0.7291396428571428
vt 0.8719658928571429 0.7291741071428571
vt 0.7991651785714285 0.16666666666666663
vt 0.797671011904762 0.16666666666666663
vt 0.7990491071428572 0.11309523809523814
vt 0.8005432738095237 0.11309523809523814
vt 0.7804422619047618 0.6488095238095238
vt 0.8341863690476191 0.6488095238095238
vt 0.8341404761904763 0.6547619047619048
vt 0.7803969642857143 0.6547619047619048
vt 0.4490970238095238 0.1964285714285714
vt 0.4476028571428572 0.1964285714285714
vt 0.4493986904761905 0.13095238095238093
vt 0.45089285714285715 0.13095238095238093
vt 0.24521011904761908 0.375
vt 0.2384202380952381 0.375
vt 0.23819523809523813 0.26190476190476186
vt 0.24543571428571426 0.26190476190476186
vt 0.03632041666666667 0.0803571428571429
vt 0.03720238095238095 0.0821964285714285
vt 0.03632041666666667 0.09425595238095241
vt 0.21839208333333332 0.0982142857142857
vt 0.21839208333333332 0.11211273809523803
vt 0.21428571428571427 0.10173666666666659
vt 0.570206011904762 0.22272196428571434
vt 0.5654761904761905 0.22534845238095236
vt 0.5654761904761905 0.15476190476190477
vt 0.1790855357142857 0.5347813690476191
vt 0.1790855357142857 0.47051255952380955
vt 0.21351017857142857 0.47023809523809523
vt 0.21377160714285712 0.5343126190476191
vt 0.4085130357142857 0.8438258333333333
vt 0.32783035714285713 0.8291882142857143
vt 0.32783035714285713 0.7872023809523809
vt 0.40877678571428566 0.7886250595238096
vt 0.6567425595238096 0.5972585119047619
vt 0.6585773809523809 0.6071428571428572
vt 0.566125 0.6049970238095238
vt 0.566125 0.5969570238095239
vt 0.3775320238095238 0.2964118452380953
vt 0.36949178571428576 0.29649148809523806
vt 0.36949178571428576 0.24119922619047618
vt 0.3775035119047619 0.2321428571428571
vt 0.42488910714285716 0.7261904761904762
vt 0.33427107142857143 0.7261904761904762
vt 0.3340394642857143 0.6915006547619048
vt 0.415507619047619 0.6917441666666666
vt 0.035984047619047624 0.4985380952380952
vt 0.035984047619047624 0.41705773809523816
vt 0.054789761904761904 0.41666666666666663
vt 0.05463791666666666 0.49258642857142854
vt 0.4050597619047619 0.4694544047619048
vt 0.4050597619047619 0.39353392857142855
vt 0.4238092857142857 0.3928571428571429
vt 0.4237614880952381 0.46284619047619047
vt 0.45370190476190475 0.46242928571428565
vt 0.4357142857142857 0.4697458333333333
vt 0.4357142857142857 0.4000491666666667
vt 0.45334976190476195 0.3991071428571429
vt 0.6716858928571429 0.9464285714285714
vt 0.6080940476190476 0.9464285714285714
vt 0.6071428571428571 0.93226375
vt 0.6659695833333333 0.9321124404761905
vt 0.6906844642857143 0.5892857142857143
vt 0.6318520833333333 0.5892857142857143
vt 0.6309523809523809 0.57502
vt 0.684985119047619 0.5749448214285714
vt 0.5773809523809523 0.41666666666666663
vt 0.6252889285714286 0.41666666666666663
vt 0.6331782142857143 0.43452380952380953
vt 0.5791832738095238 0.4345008928571429
vt 0.625 0.9047619047619048
vt 0.6664456547619048 0.9047619047619048
vt 0.674701011904762 0.9226190476190477
vt 0.6268081547619048 0.9222295238095238
vt 0.6369047619047619 0.45238095238095233
vt 0.671424880952381 0.45238095238095233
vt 0.680083630952381 0.47023809523809523
vt 0.63864625 0.4700963690476191
vt 0.6785714285714286 0.6726190476190477
vt 0.7056585119047619 0.6726190476190477
vt 0.7143057738095239 0.6904761904761905
vt 0.6798114285714286 0.6895605952380952
vt 0.7321428571428571 0.9821428571428571
vt 0.7517620833333334 0.9821428571428571
vt 0.7600331547619048 1
vt 0.7329805952380952 0.9993410714285714
vt 0.7619047619047619 0.4752614285714285
vt 0.7619047619047619 0.4558948214285714
vt 0.7745691666666668 0.45556011904761906
vt 0.7814579166666666 0.47619047619047616
vt 0.6377658928571429 0.1834053571428571
vt 0.6436214880952381 0.20238095238095233
vt 0.6309523809523809 0.20238095238095233
vt 0.6313716666666667 0.18439351190476183
vt 0.09064095238095238 0.3794642857142857
vt 0.0954125 0.4339565476190477
vt 0.07738095238095238 0.4392216071428572
vt 0.07738095238095238 0.38115934523809525
vt 0.6071428571428571 0.6476839880952381
vt 0.6071428571428571 0.6995855952380953
vt 0.5892857142857143 0.701775
vt 0.5943830357142857 0.6473214285714286
vt 0.14285714285714285 0.3391038095238096
vt 0.14285714285714285 0.28720238095238093
vt 0.15332113095238095 0.28722107142857145
vt 0.1568377380952381 0.3374367857142857
vt 0.15476190476190477 0.45647369047619046
vt 0.15848166666666666 0.40625
vt 0.16666666666666666 0.40776851190476193
vt 0.16666666666666666 0.4568818452380953
vt 0.32142857142857145 0.3973515476190477
vt 0.32142857142857145 0.3482142857142857
vt 0.33563464285714284 0.35005559523809526
vt 0.3403076785714286 0.39752297619047616
vt 0.15476190476190477 0.3959526785714286
vt 0.15476190476190477 0.3482142857142857
vt 0.16927827380952382 0.3510082738095238
vt 0.17366267857142856 0.39779494047619046
vt 0.5926695833333333 0.7470753571428571
vt 0.6394188095238095 0.7425595238095238
vt 0.6362878571428572 0.761617738095238
vt 0.5892857142857143 0.761617738095238
vt 0.5828744047619048 0.3928571428571429
vt 0.6307752976190476 0.3928571428571429
vt 0.6239705952380953 0.4107142857142857
vt 0.5773809523809523 0.40520660714285717
vt 0.06537928571428571 0.8869047619047619
vt 0.04176357142857143 0.8869047619047619
vt 0.04196333333333333 0.8489205357142857
vt 0.3273809523809524 0.6761896428571428
vt 0.3273809523809524 0.7141738095238095
vt 0.25797089285714286 0.7142857142857143
vt 0.25595238095238093 0.5893686904761906
vt 0.5836776785714286 0.44047619047619047
vt 0.6332950595238095 0.44047619047619047
vt 0.6246279761904762 0.45833333333333337
vt 0.5773809523809523 0.45054535714285715
vt 0.6675226785714286 0.7916666666666666
vt 0.7189994642857143 0.7916666666666666
vt 0.7098805357142857 0.8035714285714286
vt 0.6607142857142857 0.7969525
vt 0.02603095238095238 0.47172619047619047
vt 0.032002380952380956 0.5331039285714285
vt 0.0007357142857142857 0.5463202380952381
vt 0.0007357142857142857 0.47822517857142854
vt 0.26884458333333333 0.39880952380952384
vt 0.2736388690476191 0.4566786904761905
vt 0.25595238095238093 0.4628694642857143
vt 0.25595238095238093 0.4012077976190477
vt 0.8571428571428571 0.6596754166666667
vt 0.8572066666666667 0.6464470238095238
vt 0.8630952380952381 0.6458333333333333
vt 0.8630952380952381 0.659165
vt 0.5892857142857143 0.10118148809523808
vt 0.5892857142857143 0.08397904761904751
vt 0.5904676785714286 0.08333333333333337
vt 0.5904881547619047 0.10075601190476191
vt 0.17261904761904762 0.15410684523809526
vt 0.17261904761904762 0.1343877976190475
vt 0.17857142857142858 0.1339285714285714
vt 0.17857142857142858 0.1537738095238096
vt 0.5773809523809523 0.10031696428571435
vt 0.5773809523809523 0.08075684523809523
vt 0.5785578571428571 0.0803571428571429
vt 0.5785893452380952 0.09998154761904754
vt 0.3392857142857143 0.13428785714285718
vt 0.34523809523809523 0.1339285714285714
vt 0.34523809523809523 0.15342815476190474
vt 0.3392977976190476 0.15360119047619047
vt 0.4762764880952381 0.13412815476190487
vt 0.48214285714285715 0.1339285714285714
vt 0.48214285714285715 0.15316321428571433
vt 0.47619047619047616 0.15327738095238086
vt 0.6428923214285714 0.1355501785714287
vt 0.6488095238095238 0.13541666666666663
vt 0.6488095238095238 0.1545341071428571
vt 0.6428571428571429 0.1545341071428571
vt 0.8991152380952381 0.3035714285714286
vt 0.9004274404761904 0.3035714285714286
vt 0.9001790476190475 0.31547619047619047
vt 0.8988095238095238 0.315401130952381
vt 0.9107142857142857 0.5505952380952381
vt 0.9107142857142857 0.5519669047619048
vt 0.8988095238095238 0.5524989285714286
vt 0.8988816071428571 0.551075357142857
vt 0.5893684523809524 0.13541666666666663
vt 0.5952380952380952 0.13554124999999995
vt 0.5952380952380952 0.15453720238095248
vt 0.5892857142857143 0.15426470238095236
vt 0.4881529166666667 0.13541666666666663
vt 0.49404761904761907 0.1356686309523809
vt 0.49404761904761907 0.1546615476190476
vt 0.4880952380952381 0.15420113095238097
vt 0.8453217857142857 0.48065476190476186
vt 0.8511904761904762 0.48107291666666663
vt 0.8511904761904762 0.4998866666666666
vt 0.8452380952380952 0.4993932738095238
vt 0.7857142857142857 0.19465922619047626
vt 0.7858600595238094 0.1607142857142857
vt 0.7916666666666666 0.16115172619047613
vt 0.7916666666666666 0.19557696428571436
vt 0.8452380952380952 0.14028869047619053
vt 0.8452380952380952 0.1607142857142857
vt 0.8392857142857143 0.1603686904761904
vt 0.8394235119047618 0.14051369047619056
vt 0.21428571428571427 0.5435657142857143
vt 0.21428571428571427 0.5654761904761905
vt 0.20833333333333334 0.5650055952380952
vt 0.20833333333333334 0.5432160119047619
vt 0.047619047619047616 0.8170705952380952
vt 0.047619047619047616 0.8392857142857143
vt 0.041666666666666664 0.8388080357142857
vt 0.041666666666666664 0.8165572619047619
vt 0.19642857142857142 0.7100625595238095
vt 0.19642857142857142 0.7321428571428572
vt 0.19047619047619047 0.7321342261904762
vt 0.19048589285714285 0.7095908333333334
vt 0.47023809523809523 0.10711744047619054
vt 0.47023809523809523 0.08333333333333337
vt 0.47236827380952384 0.08333333333333337
vt 0.4723569642857143 0.1071428571428571
vt 0.625 0.10712095238095232
vt 0.625 0.08569815476190479
vt 0.6271189880952381 0.08571595238095242
vt 0.6271269047619048 0.1071428571428571
vt 0.6369047619047619 0.1066591071428572
vt 0.6369047619047619 0.08612422619047622
vt 0.6390307738095238 0.08616916666666663
vt 0.639013630952381 0.1071428571428571
vt 0.34523809523809523 0.2970711309523809
vt 0.34523809523809523 0.28163125
vt 0.35119047619047616 0.2821575595238095
vt 0.35119047619047616 0.29761904761904767
vt 0.4583333333333333 0.37734434523809524
vt 0.4583333333333333 0.3928571428571429
vt 0.4523809523809524 0.3922361904761905
vt 0.4523983928571429 0.3768006547619047
vt 0.6488095238095238 0.10705065476190478
vt 0.6488095238095238 0.0865138095238096
vt 0.6509127380952381 0.0871980952380953
vt 0.6509210714285715 0.1071428571428571
vt 0.18452380952380953 0.15463821428571423
vt 0.18452380952380953 0.1347985119047619
vt 0.19047619047619047 0.13492273809523814
vt 0.19047619047619047 0.15476190476190477
vt 0.8511904761904762 0.6411294642857143
vt 0.8511904761904762 0.6607142857142857
vt 0.8452380952380952 0.6606416666666667
vt 0.8452458333333333 0.6410598809523809
vt 0.6666666666666666 0.14264428571428567
vt 0.6666666666666666 0.10691619047619039
vt 0.6687876190476191 0.1069780952380952
vt 0.6687692857142857 0.1428571428571429
vt 0.7261904761904762 0.8035714285714286
vt 0.7261904761904762 0.7935185714285714
vt 0.7321428571428571 0.7935683928571429
vt 0.7321428571428571 0.8032805952380953
vt 0.3630952380952381 0.18536738095238092
vt 0.3630952380952381 0.20527517857142863
vt 0.3518348214285714 0.20833333333333337
vt 0.35119047619047616 0.18945095238095244
vt 0.6845238095238095 0.18633708333333332
vt 0.6845238095238095 0.20524470238095238
vt 0.6734194642857142 0.20833333333333337
vt 0.6726190476190477 0.19055255952380956
vt 0.18452380952380953 0.21003184523809515
vt 0.18452380952380953 0.2278467261904763
vt 0.16781190476190475 0.2321428571428571
vt 0.16666666666666666 0.21588059523809533
vt 0.4583333333333333 0.5170540476190477
vt 0.4583333333333333 0.5333696428571428
vt 0.4467086904761905 0.5357142857142857
vt 0.44642857142857145 0.5202233333333333
vt 0.4166666666666667 0.5120242261904762
vt 0.4166666666666667 0.5275181547619048
vt 0.4048089880952381 0.5297619047619048
vt 0.40476190476190477 0.5150340476190476
vt 0.1488095238095238 0.1735166071428571
vt 0.1488095238095238 0.18824464285714293
vt 0.13702482142857142 0.19047619047619047
vt 0.13690476190476192 0.1765530357142857
vt 0.8214285714285714 0.5253363095238095
vt 0.8214285714285714 0.5392605357142857
vt 0.8095490476190477 0.5416666666666667
vt 0.8095238095238095 0.5286193452380952
vt 0.7619047619047619 0.174598869047619
vt 0.7619047619047619 0.1876467261904763
vt 0.7501219642857142 0.19047619047619047
vt 0.75 0.1784877380952381
vt 0.44047619047619047 0.16360833333333336
vt 0.44047619047619047 0.1755985714285715
vt 0.4286600595238095 0.1785714285714286
vt 0.42857142857142855 0.1677265476190476
vt 0.8392857142857143 0.7778236904761905
vt 0.8392857142857143 0.7886696428571428
vt 0.8274197023809523 0.7916666666666666
vt 0.8273809523809523 0.7819270238095238
vt 0.011904761904761904 0.14801351190476186
vt 0.011904761904761904 0.15775505952380953
vt 0.00008898809523809524 0.1607142857142857
vt 0 0.15209249999999996
vt 0.6011904761904762 0.8642432142857143
vt 0.6011904761904762 0.8728669642857143
vt 0.5893252380952381 0.875
vt 0.5892857142857143 0.8671832738095238
vt 0.8571428571428571 0.7817762500000001
vt 0.8571428571428571 0.78959375
vt 0.8453530357142857 0.7916666666666666
vt 0.8452380952380952 0.7846785119047619
vt 0.515056130952381 0.75
vt 0.5131564285714285 0.7559523809523809
vt 0.5 0.7549510119047619
vt 0.5015656547619047 0.75
vt 0.8656963095238096 0.5119047619047619
vt 0.8640629761904761 0.5178571428571428
vt 0.8511904761904762 0.5168913095238095
vt 0.852417738095238 0.5119047619047619
vt 0.31205142857142854 0.13690476190476186
vt 0.3107607738095238 0.1428571428571429
vt 0.2980676190476191 0.1419082142857142
vt 0.2990239880952381 0.13690476190476186
vt 0.07142857142857142 0.20238095238095233
vt 0.07142857142857142 0.18186773809523804
vt 0.08295779761904762 0.18047380952380954
vt 0.08276285714285714 0.20113875000000003
vt 0.7916666666666666 0.5238095238095238
vt 0.7916666666666666 0.5039014285714285
vt 0.8038681547619048 0.5010780952380953
vt 0.8035036904761904 0.5215817857142857
vt 0.8612032142857143 0.29761904761904767
vt 0.8601822619047619 0.3035714285714286
vt 0.8397106547619048 0.30066577380952375
vt 0.8396896428571429 0.29761904761904767
vt 0.8597520833333334 0.17261904761904767
vt 0.8396266666666666 0.1718923809523809
vt 0.8394463095238096 0.16666666666666663
vt 0.8601190476190477 0.16666666666666663
vt 0.6666666666666666 0.6116355952380952
vt 0.6733489880952381 0.6038307738095238
vt 0.7238527380952381 0.5997023809523809
vt 0.718143988095238 0.6116355952380952
vt 0.7976190476190477 0.35119047619047616
vt 0.8010216071428571 0.3392857142857143
vt 0.8160469047619048 0.3392857142857143
vt 0.812730119047619 0.35102922619047616
vt 0.7976190476190477 0.36904761904761907
vt 0.8024279761904761 0.3571428571428571
vt 0.8175419047619047 0.3571428571428571
vt 0.8129695238095238 0.36873999999999996
vt 0.08928571428571429 0.20238095238095233
vt 0.09507619047619047 0.19047619047619047
vt 0.11043916666666667 0.19047619047619047
vt 0.10486845238095237 0.2020094642857143
vt 0.7857142857142857 0.5773809523809523
vt 0.801180238095238 0.5773809523809523
vt 0.8112718452380951 0.5892857142857143
vt 0.7963131547619048 0.5889688095238095
vt 0.3130428571428571 0.15943529761904762
vt 0.2976190476190476 0.15943529761904762
vt 0.3054301190476191 0.15327380952380953
vt 0.32113113095238094 0.15354970238095234
vt 0.39285714285714285 0.7678571428571428
vt 0.400958630952381 0.7619047619047619
vt 0.4163827976190476 0.7619047619047619
vt 0.40777869047619053 0.7676557142857143
vt 0.612658511904762 0.7323625
vt 0.6037055952380952 0.7378738095238095
vt 0.5892857142857143 0.7378738095238095
vt 0.5977365476190476 0.7321428571428572
vt 0.8488314880952381 0.3392857142857143
vt 0.8632508333333333 0.3392857142857143
vt 0.8532288690476191 0.34495607142857143
vt 0.8392857142857143 0.34523809523809523
vt 0.8351113095238095 0.32621410714285715
vt 0.8228252380952382 0.3332000595238095
vt 0.8095238095238095 0.3332000595238095
vt 0.8211692261904763 0.3258928571428571
vt 0.8459419642857142 0.9226190476190477
vt 0.859243511904762 0.9226190476190477
vt 0.8459634523809524 0.928173869047619
vt 0.8333333333333334 0.9285714285714286
vt 0.8519950000000001 0.7619047619047619
vt 0.8646314880952382 0.7619047619047619
vt 0.8512124404761905 0.7675088690476191
vt 0.8392857142857143 0.7678571428571428
vt 0.8591316071428572 0.5252976190476191
vt 0.8702032738095239 0.5297482738095238
vt 0.8558776785714286 0.5297482738095238
vt 0.8452380952380952 0.5259300595238096
vt 0.8486860714285714 0.1785714285714286
vt 0.8599906547619047 0.1785714285714286
vt 0.8500572023809523 0.1842443452380952
vt 0.8392857142857143 0.18452380952380953
vt 0.8547973214285715 0.8630952380952381
vt 0.8655720833333334 0.8630952380952381
vt 0.855607380952381 0.868678869047619
vt 0.8452380952380952 0.8690476190476191
vt 0.876322380952381 0.40773809523809523
vt 0.8863373214285715 0.41045267857142864
vt 0.8726701785714285 0.41045267857142864
vt 0.8630952380952381 0.40833386904761904
vt 0.9058079166666666 0.6705417261904763
vt 0.9153922023809523 0.6726190476190477
vt 0.9020046428571428 0.6726190476190477
vt 0.8928571428571429 0.6711276785714286
vt 0.9098327380952381 0.6234469047619048
vt 0.9189709523809524 0.625
vt 0.9058302976190475 0.625
vt 0.8994814285714285 0.6235990476190476
vt 0.6792336904761905 0.14980964285714293
vt 0.6779721428571429 0.1607142857142857
vt 0.6666666666666666 0.1607142857142857
vt 0.6678308333333334 0.1498613095238096
vt 0.853086011904762 0.7452188095238095
vt 0.8511025 0.7559523809523809
vt 0.8392857142857143 0.7559523809523809
vt 0.8410373809523809 0.7454983928571428
vt 0.5466310119047619 0.49418297619047613
vt 0.5447868452380953 0.5051979761904761
vt 0.5297619047619048 0.5051979761904761
vt 0.5316304761904762 0.49404761904761907
vt 0.6748746428571428 0.16666666666666663
vt 0.6872718452380953 0.16666666666666663
vt 0.6846148214285714 0.1785714285714286
vt 0.6726190476190477 0.17817416666666663
vt 0.829631488095238 0.7976190476190477
vt 0.8414858928571428 0.7976190476190477
vt 0.8387321428571429 0.8095238095238095
vt 0.8273809523809523 0.8090827976190477
vt 0.8056914285714285 0.9880952380952381
vt 0.8217945238095238 0.9880952380952381
vt 0.8190227976190476 1
vt 0.8035714285714286 0.9993923809523809
vt 0.5238095238095238 0.9351861904761904
vt 0.5238095238095238 0.9440094047619048
vt 0.5119939880952381 0.9464285714285714
vt 0.5119047619047619 0.9380031547619048
vt 0.15846154761904763 0.14629630952380945
vt 0.1488095238095238 0.14880952380952384
vt 0.1488095238095238 0.1407673214285714
vt 0.1583819642857143 0.13787089285714282
vt 0.861027380952381 0.8960680357142857
vt 0.8511904761904762 0.8988095238095238
vt 0.8511904761904762 0.8911302380952381
vt 0.8608800595238095 0.888027738095238
vt 0.15395464285714286 0.2764731547619048
vt 0.14285714285714285 0.27976190476190477
vt 0.14285714285714285 0.27247166666666667
vt 0.15382119047619047 0.2687973809523809
vt 0.8523545238095238 0.97787375
vt 0.8392857142857143 0.9821428571428571
vt 0.8392857142857143 0.9753214880952381
vt 0.8521418452380952 0.9705880952380952
vt 0.7847502976190477 0.14829666666666663
vt 0.7825724404761905 0.15476190476190477
vt 0.7678571428571429 0.15476190476190477
vt 0.7700831547619048 0.1488261904761905
vt 0.3263676190476191 0.7202380952380952
vt 0.3238111904761905 0.7261904761904762
vt 0.30952380952380953 0.7256306547619047
vt 0.3120583928571429 0.7202380952380952
vt 0.6353442857142857 0.6137344047619048
vt 0.632956369047619 0.6190476190476191
vt 0.6190476190476191 0.6190476190476191
vt 0.6214923809523809 0.6142641666666667
vt 0.8571428571428571 0.8173414880952381
vt 0.8571428571428571 0.8227158928571429
vt 0.8452380952380952 0.8273809523809523
vt 0.8454017261904762 0.8223761309523809
vt 0.32812928571428573 0.10872642857142856
vt 0.3256780357142857 0.11309523809523814
vt 0.31547619047619047 0.11309523809523814
vt 0.3179750595238095 0.1091151785714285
vt 0.8788880952380952 0.3829560119047619
vt 0.8763360119047618 0.38690476190476186
vt 0.8630952380952381 0.38690476190476186
vt 0.8657044047619048 0.3834581547619047
vt 0.9025259523809523 0.6572983333333333
vt 0.8998695833333333 0.6607142857142857
vt 0.8869047619047619 0.6607142857142857
vt 0.8896284523809525 0.6578111904761905
vt 0.8704423214285714 0.5
vt 0.8675656547619047 0.5059523809523809
vt 0.85723625 0.5052485714285715
vt 0.8577147023809524 0.5
vt 0.8938648214285714 0.5178571428571428
vt 0.8935516666666666 0.5157993452380952
vt 0.9136904761904762 0.5157993452380952
vt 0.9196428571428571 0.45833333333333337
vt 0.8934497619047619 0.45833333333333337
vt 0.9133230952380952 0.45680220238095237
vt 0.7148160714285714 0.5457460119047619
vt 0.7546360714285714 0.5431547619047619
vt 0.7590022023809524 0.5533480357142857
vt 0.7083333333333334 0.5533480357142857
vt 0.6922660119047619 0.9857755952380952
vt 0.7201355952380952 0.9836309523809523
vt 0.7244268452380952 0.9985859523809524
vt 0.6845238095238095 0.9985859523809524
vt 0.7900631547619048 0.6320214285714285
vt 0.8115961904761905 0.6309523809523809
vt 0.8136661309523809 0.6420668452380952
vt 0.7857142857142857 0.6420668452380952
vt 0.7594017857142857 0.20216124999999996
vt 0.7797619047619048 0.2008928571428571
vt 0.7797619047619048 0.2128282142857143
vt 0.7559523809523809 0.2132795833333334
vt 0.8217210714285714 0.9390518452380953
vt 0.8035714285714286 0.9390518452380953
vt 0.8064123214285714 0.9277633928571428
vt 0.8222508333333333 0.9270833333333334
vt 0.13843863095238096 0.5363360119047619
vt 0.15328184523809524 0.5357142857142857
vt 0.15275767857142858 0.5473980952380952
vt 0.13690476190476192 0.5473980952380952
vt 0.8399446428571429 0.4107142857142857
vt 0.8520196428571428 0.4107142857142857
vt 0.8519547619047619 0.42261904761904767
vt 0.8400089285714285 0.42261904761904767
vt 0.8040994047619047 0.7857142857142857
vt 0.8164363095238096 0.7857142857142857
vt 0.8163053571428571 0.8035714285714286
vt 0.8042303571428572 0.8035714285714286
vt 0.29236755952380955 0.19047619047619047
vt 0.2805497023809524 0.19047619047619047
vt 0.28048541666666665 0.17261904761904767
vt 0.29243125000000003 0.17261904761904767
vt 0.2688672619047619 0.1607142857142857
vt 0.25643035714285717 0.1607142857142857
vt 0.256739880952381 0.14880952380952384
vt 0.2685577380952381 0.14880952380952384
vt 0.6309523809523809 0.22477904761904755
vt 0.625 0.22470238095238093
vt 0.625 0.31536672619047623
vt 0.6309523809523809 0.3154439880952381
vt 0.7916945833333334 0.5985986904761905
vt 0.7916666666666666 0.6011904761904762
vt 0.8872560714285714 0.6011904761904762
vt 0.8873227380952381 0.5986092261904762
vt 0.4739497619047619 0.7916666666666666
vt 0.47401154761904757 0.7857142857142857
vt 0.41672779761904766 0.7857142857142857
vt 0.4166666666666667 0.7916666666666666
vt 0.2887168452380952 0.11465011904761913
vt 0.2857142857142857 0.11458333333333337
vt 0.2857142857142857 0.14235077380952377
vt 0.2886830357142857 0.14240000000000008
vt 0.8928571428571429 0.44345238095238093
vt 0.8630952380952381 0.4442272619047619
vt 0.8630952380952381 0.4457211904761904
vt 0.8928571428571429 0.44494630952380954
vt 0.8452380952380952 0.6964285714285714
vt 0.8452380952380952 0.6904761904761905
vt 0.8154761904761905 0.6904761904761905
vt 0.8154761904761905 0.6964285714285714
vt 0.7380651785714286 0.875
vt 0.7380812499999999 0.8690476190476191
vt 0.6845538690476191 0.8690476190476191
vt 0.6845377976190476 0.875
vt 0.1488095238095238 0.34727244047619044
vt 0.14285714285714285 0.3472658928571428
vt 0.14285714285714285 0.38689821428571436
vt 0.1488095238095238 0.38690476190476186
vt 0.8198532142857143 0.30952380952380953
vt 0.7560396428571429 0.30952380952380953
vt 0.7847000595238095 0.31547619047619047
vt 0.8153071428571428 0.31504333333333334
vt 0.48214297619047625 0.8511904761904762
vt 0.5476189285714286 0.8511904761904762
vt 0.5408098214285714 0.8224529166666666
vt 0.48728577380952376 0.822604761904762
vt 0.19047619047619047 0.19745583333333339
vt 0.19642857142857142 0.22619047619047616
vt 0.19642857142857142 0.16276732142857142
vt 0.19060279761904764 0.16706803571428575
vt 0.2561968452380952 0.22547142857142854
vt 0.2619047619047619 0.2321428571428571
vt 0.2619047619047619 0.1675154166666667
vt 0.25595238095238093 0.17178833333333343
vt 0.9041504761904762 0.4464285714285714
vt 0.9041504761904762 0.4420030952380952
vt 0.8994209523809524 0.44205523809523817
vt 0.27380952380952384 0.2256352380952381
vt 0.27380952380952384 0.17189178571428576
vt 0.26785714285714285 0.16751809523809535
vt 0.2683539285714286 0.2321428571428571
vt 0.4523809523809524 0.10119047619047616
vt 0.45566023809523815 0.09844994047619049
vt 0.4523809523809524 0.09342184523809527
vt 0.4206967857142857 0.10119047619047616
vt 0.4206967857142857 0.09357535714285725
vt 0.41710083333333337 0.096383630952381
vt 0.8316174999999999 0.25595238095238093
vt 0.8368908928571428 0.25595238095238093
vt 0.8404278571428572 0.2512851785714285
vt 0.7920126190476191 0.2515232142857142
vt 0.8217020238095238 0.5670030952380952
vt 0.8217020238095238 0.5714285714285714
vt 0.8613336904761905 0.5711844642857142
vt 0.4107142857142857 0.24123892857142848
vt 0.4107142857142857 0.17389559523809528
vt 0.40476190476190477 0.177080119047619
vt 0.40536886904761904 0.24404761904761907
vt 0.21875 0.20767565476190475
vt 0.21875 0.11904761904761907
vt 0.2157467261904762 0.20769619047619037
vt 0.5223214285714286 0.2077471428571429
vt 0.5223214285714286 0.11904761904761907
vt 0.5193205357142857 0.11916982142857147
vt 0.5357142857142857 0.36904761904761907
vt 0.5357142857142857 0.2544295833333333
vt 0.5298261904761905 0.26534398809523807
vt 0.5297619047619048 0.36290999999999995
vt 0.5238095238095238 0.3214285714285714
vt 0.5238095238095238 0.21525166666666673
vt 0.5178734523809524 0.22081898809523803
vt 0.5178571428571429 0.31148374999999995
vt 0.06547619047619048 0.3334102976190476
vt 0.06547619047619048 0.2378211309523809
vt 0.05953696428571428 0.22728928571428564
vt 0.05952380952380952 0.3392857142857143
vt 0.6428571428571429 0.32924946428571433
vt 0.6428571428571429 0.23884309523809522
vt 0.6369047619047619 0.2330134523809525
vt 0.637087619047619 0.3392857142857143
vt 0.6547619047619048 0.16657005952380943
vt 0.6547619047619048 0.19432023809523813
vt 0.661416011904762 0.20238095238095233
vt 0.6614318452380952 0.1693950595238095
vt 0.20238095238095238 0.12492017857142856
vt 0.20238095238095238 0.21354839285714278
vt 0.20515922619047616 0.22023809523809523
vt 0.20479773809523807 0.11433029761904767
vt 0.05357142857142857 0.23615648809523815
vt 0.05357142857142857 0.17887297619047615
vt 0.047619047619047616 0.1693163095238096
vt 0.04769571428571428 0.23809523809523814
vt 0.20833333333333334 0.33604672619047615
vt 0.20833333333333334 0.2299822619047619
vt 0.20238095238095238 0.23337696428571442
vt 0.20240636904761905 0.3392857142857143
vt 0.5297619047619048 0.13798303571428572
vt 0.5297619047619048 0.24404761904761907
vt 0.5335799404761905 0.24226482142857142
vt 0.5335263690476191 0.13599160714285707
vt 0.7023809523809523 0.2521181547619048
vt 0.7023809523809523 0.18430500000000005
vt 0.6964285714285714 0.18109404761904757
vt 0.6971805952380953 0.26190476190476186
vt 0.6130952380952381 0.31490321428571433
vt 0.6190476190476191 0.31482958333333333
vt 0.6190476190476191 0.21726190476190477
vt 0.6131220238095237 0.2172757738095238
vt 0.7919200000000001 0.43194440476190477
vt 0.7920339285714286 0.43452380952380953
vt 0.8824404761904762 0.43452380952380953
vt 0.8823851190476191 0.43190523809523806
vt 0.8041595833333333 0.7291396428571428
vt 0.8042103571428572 0.7321428571428572
vt 0.8720238095238095 0.7321428571428572
vt 0.8719658928571429 0.7291741071428571
vt 0.7990491071428572 0.11309523809523814
vt 0.797671011904762 0.16666666666666663
vt 0.7991651785714285 0.16666666666666663
vt 0.8005432738095237 0.11309523809523814
vt 0.8341404761904763 0.6547619047619048
vt 0.8341863690476191 0.6488095238095238
vt 0.7804422619047618 0.6488095238095238
vt 0.7803969642857143 0.6547619047619048
vt 0.4493986904761905 0.13095238095238093
vt 0.4476028571428572 0.1964285714285714
vt 0.4490970238095238 0.1964285714285714
vt 0.45089285714285715 0.13095238095238093
vt 0.9014695238095237 0.29377595238095233
vt 0.8988095238095238 0.29043791666666663
vt 0.8988095238095238 0.29761904761904767
vt 0.9014094047619048 0.27976190476190477
vt 0.9014094047619048 0.27258065476190474
vt 0.8988095238095238 0.2768383333333334
vt 0.5808579761904762 0.12366428571428567
vt 0.5773809523809523 0.12187017857142857
vt 0.5773809523809523 0.15476190476190477
vt 0.7230743452380952 0.14880952380952384
vt 0.7230743452380952 0.11591803571428572
vt 0.7202380952380952 0.14878119047619043
vt 0.502903869047619 0.12246845238095239
vt 0.5000723214285715 0.12229934523809527
vt 0.5000723214285715 0.19047619047619047
vt 0.40739422619047616 0.16666666666666663
vt 0.40739422619047616 0.09849023809523805
vt 0.40510577380952384 0.16612249999999995
vt 0.5106807142857143 0.19871077380952384
vt 0.5059523809523809 0.197395
vt 0.5059523809523809 0.3035714285714286
vt 0.6785714285714286 0.09697499999999992
vt 0.6792416666666666 0.10119047619047616
vt 0.6823446428571428 0.10117738095238105
vt 0.6826422619047618 0.09612857142857134
vt 0.6428571428571429 0.4821428571428571
vt 0.7478138095238096 0.47556297619047627
vt 0.6428571428571429 0.47703922619047623
vt 0.03720238095238095 0.0821964285714285
vt 0.03632041666666667 0.0803571428571429
vt 0.03632041666666667 0.09425595238095241
vt 0.21839208333333332 0.11211273809523803
vt 0.21839208333333332 0.0982142857142857
vt 0.21428571428571427 0.10173666666666659
vt 0.5654761904761905 0.22534845238095236
vt 0.570206011904762 0.22272196428571434
vt 0.5654761904761905 0.15476190476190477
vt 0.21351017857142857 0.47023809523809523
vt 0.1790855357142857 0.47051255952380955
vt 0.1790855357142857 0.5347813690476191
vt 0.21377160714285712 0.5343126190476191
vt 0.32783035714285713 0.7872023809523809
vt 0.32783035714285713 0.8291882142857143
vt 0.4085130357142857 0.8438258333333333
vt 0.40877678571428566 0.7886250595238096
vt 0.566125 0.6049970238095238
vt 0.6585773809523809 0.6071428571428572
vt 0.6567425595238096 0.5972585119047619
vt 0.566125 0.5969570238095239
vt 0.36949178571428576 0.24119922619047618
vt 0.36949178571428576 0.29649148809523806
vt 0.3775320238095238 0.2964118452380953
vt 0.3775035119047619 0.2321428571428571
vt 0.3340394642857143 0.6915006547619048
vt 0.33427107142857143 0.7261904761904762
vt 0.42488910714285716 0.7261904761904762
vt 0.415507619047619 0.6917441666666666
vt 0.054789761904761904 0.41666666666666663
vt 0.035984047619047624 0.41705773809523816
vt 0.035984047619047624 0.4985380952380952
vt 0.05463791666666666 0.49258642857142854
vt 0.4238092857142857 0.3928571428571429
vt 0.4050597619047619 0.39353392857142855
vt 0.4050597619047619 0.4694544047619048
vt 0.4237614880952381 0.46284619047619047
vt 0.4357142857142857 0.4000491666666667
vt 0.4357142857142857 0.4697458333333333
vt 0.45370190476190475 0.46242928571428565
vt 0.45334976190476195 0.3991071428571429
vt 0.6071428571428571 0.93226375
vt 0.6080940476190476 0.9464285714285714
vt 0.6716858928571429 0.9464285714285714
vt 0.6659695833333333 0.9321124404761905
vt 0.6309523809523809 0.57502
vt 0.6318520833333333 0.5892857142857143
vt 0.6906844642857143 0.5892857142857143
vt 0.684985119047619 0.5749448214285714
vt 0.6331782142857143 0.43452380952380953
vt 0.6252889285714286 0.41666666666666663
vt 0.5773809523809523 0.41666666666666663
vt 0.5791832738095238 0.4345008928571429
vt 0.674701011904762 0.9226190476190477
vt 0.6664456547619048 0.9047619047619048
vt 0.625 0.9047619047619048
vt 0.6268081547619048 0.9222295238095238
vt 0.680083630952381 0.47023809523809523
vt 0.671424880952381 0.45238095238095233
vt 0.6369047619047619 0.45238095238095233
vt 0.63864625 0.4700963690476191
vt 0.7143057738095239 0.6904761904761905
vt 0.7056585119047619 0.6726190476190477
vt 0.6785714285714286 0.6726190476190477
vt 0.6798114285714286 0.6895605952380952
vt 0.7600331547619048 1
vt 0.7517620833333334 0.9821428571428571
vt 0.7321428571428571 0.9821428571428571
vt 0.7329805952380952 0.9993410714285714
vt 0.7745691666666668 0.45556011904761906
vt 0.7619047619047619 0.4558948214285714
vt 0.7619047619047619 0.4752614285714285
vt 0.7814579166666666 0.47619047619047616
vt 0.6309523809523809 0.20238095238095233
vt 0.6436214880952381 0.20238095238095233
vt 0.6377658928571429 0.1834053571428571
vt 0.6313716666666667 0.18439351190476183
vt 0.07738095238095238 0.4392216071428572
vt 0.0954125 0.4339565476190477
vt 0.09064095238095238 0.3794642857142857
vt 0.07738095238095238 0.38115934523809525
vt 0.5892857142857143 0.701775
vt 0.6071428571428571 0.6995855952380953
vt 0.6071428571428571 0.6476839880952381
vt 0.5943830357142857 0.6473214285714286
vt 0.15332113095238095 0.28722107142857145
vt 0.14285714285714285 0.28720238095238093
vt 0.14285714285714285 0.3391038095238096
vt 0.1568377380952381 0.3374367857142857
vt 0.16666666666666666 0.40776851190476193
vt 0.15848166666666666 0.40625
vt 0.15476190476190477 0.45647369047619046
vt 0.16666666666666666 0.4568818452380953
vt 0.33563464285714284 0.35005559523809526
vt 0.32142857142857145 0.3482142857142857
vt 0.32142857142857145 0.3973515476190477
vt 0.3403076785714286 0.39752297619047616
vt 0.16927827380952382 0.3510082738095238
vt 0.15476190476190477 0.3482142857142857
vt 0.15476190476190477 0.3959526785714286
vt 0.17366267857142856 0.39779494047619046
vt 0.6362878571428572 0.761617738095238
vt 0.6394188095238095 0.7425595238095238
vt 0.5926695833333333 0.7470753571428571
vt 0.5892857142857143 0.761617738095238
vt 0.6239705952380953 0.4107142857142857
vt 0.6307752976190476 0.3928571428571429
vt 0.5828744047619048 0.3928571428571429
vt 0.5773809523809523 0.40520660714285717
vt 0.04176357142857143 0.8869047619047619
vt 0.06537928571428571 0.8869047619047619
vt 0.04196333333333333 0.8489205357142857
vt 0.25797089285714286 0.7142857142857143
vt 0.3273809523809524 0.7141738095238095
vt 0.3273809523809524 0.6761896428571428
vt 0.25595238095238093 0.5893686904761906
vt 0.6246279761904762 0.45833333333333337
vt 0.6332950595238095 0.44047619047619047
vt 0.5836776785714286 0.44047619047619047
vt 0.5773809523809523 0.45054535714285715
vt 0.7098805357142857 0.8035714285714286
vt 0.7189994642857143 0.7916666666666666
vt 0.6675226785714286 0.7916666666666666
vt 0.6607142857142857 0.7969525
vt 0.0007357142857142857 0.5463202380952381
vt 0.032002380952380956 0.5331039285714285
vt 0.02603095238095238 0.47172619047619047
vt 0.0007357142857142857 0.47822517857142854
vt 0.25595238095238093 0.4628694642857143
vt 0.2736388690476191 0.4566786904761905
vt 0.26884458333333333 0.39880952380952384
vt 0.25595238095238093 0.4012077976190477
vt 0.8630952380952381 0.6458333333333333
vt 0.8572066666666667 0.6464470238095238
vt 0.8571428571428571 0.6596754166666667
vt 0.8630952380952381 0.659165
vt 0.5904676785714286 0.08333333333333337
vt 0.5892857142857143 0.08397904761904751
vt 0.5892857142857143 0.10118148809523808
vt 0.5904881547619047 0.10075601190476191
vt 0.17857142857142858 0.1339285714285714
vt 0.17261904761904762 0.1343877976190475
vt 0.17261904761904762 0.15410684523809526
vt 0.17857142857142858 0.1537738095238096
vt 0.5785578571428571 0.0803571428571429
vt 0.5773809523809523 0.08075684523809523
vt 0.5773809523809523 0.10031696428571435
vt 0.5785893452380952 0.09998154761904754
vt 0.34523809523809523 0.15342815476190474
vt 0.34523809523809523 0.1339285714285714
vt 0.3392857142857143 0.13428785714285718
vt 0.3392977976190476 0.15360119047619047
vt 0.48214285714285715 0.15316321428571433
vt 0.48214285714285715 0.1339285714285714
vt 0.4762764880952381 0.13412815476190487
vt 0.47619047619047616 0.15327738095238086
vt 0.6488095238095238 0.1545341071428571
vt 0.6488095238095238 0.13541666666666663
vt 0.6428923214285714 0.1355501785714287
vt 0.6428571428571429 0.1545341071428571
vt 0.9001790476190475 0.31547619047619047
vt 0.9004274404761904 0.3035714285714286
vt 0.8991152380952381 0.3035714285714286
vt 0.8988095238095238 0.315401130952381
vt 0.8988095238095238 0.5524989285714286
vt 0.9107142857142857 0.5519669047619048
vt 0.9107142857142857 0.5505952380952381
vt 0.8988816071428571 0.551075357142857
vt 0.5952380952380952 0.15453720238095248
vt 0.5952380952380952 0.13554124999999995
vt 0.5893684523809524 0.13541666666666663
vt 0.5892857142857143 0.15426470238095236
vt 0.49404761904761907 0.1546615476190476
vt 0.49404761904761907 0.1356686309523809
vt 0.4881529166666667 0.13541666666666663
vt 0.4880952380952381 0.15420113095238097
vt 0.8511904761904762 0.4998866666666666
vt 0.8511904761904762 0.48107291666666663
vt 0.8453217857142857 0.48065476190476186
vt 0.8452380952380952 0.4993932738095238
vt 0.7916666666666666 0.16115172619047613
vt 0.7858600595238094 0.1607142857142857
vt 0.7857142857142857 0.19465922619047626
vt 0.7916666666666666 0.19557696428571436
vt 0.8392857142857143 0.1603686904761904
vt 0.8452380952380952 0.1607142857142857
vt 0.8452380952380952 0.14028869047619053
vt 0.8394235119047618 0.14051369047619056
vt 0.20833333333333334 0.5650055952380952
vt 0.21428571428571427 0.5654761904761905
vt 0.21428571428571427 0.5435657142857143
vt 0.20833333333333334 0.5432160119047619
vt 0.041666666666666664 0.8388080357142857
vt 0.047619047619047616 0.8392857142857143
vt 0.047619047619047616 0.8170705952380952
vt 0.041666666666666664 0.8165572619047619
vt 0.19047619047619047 0.7321342261904762
vt 0.19642857142857142 0.7321428571428572
vt 0.19642857142857142 0.7100625595238095
vt 0.19048589285714285 0.7095908333333334
vt 0.47236827380952384 0.08333333333333337
vt 0.47023809523809523 0.08333333333333337
vt 0.47023809523809523 0.10711744047619054
vt 0.4723569642857143 0.1071428571428571
vt 0.6271189880952381 0.08571595238095242
vt 0.625 0.08569815476190479
vt 0.625 0.10712095238095232
vt 0.6271269047619048 0.1071428571428571
vt 0.6390307738095238 0.08616916666666663
vt 0.6369047619047619 0.08612422619047622
vt 0.6369047619047619 0.1066591071428572
vt 0.639013630952381 0.1071428571428571
vt 0.35119047619047616 0.2821575595238095
vt 0.34523809523809523 0.28163125
vt 0.34523809523809523 0.2970711309523809
vt 0.35119047619047616 0.29761904761904767
vt 0.4523809523809524 0.3922361904761905
vt 0.4583333333333333 0.3928571428571429
vt 0.4583333333333333 0.37734434523809524
vt 0.4523983928571429 0.3768006547619047
vt 0.6509127380952381 0.0871980952380953
vt 0.6488095238095238 0.0865138095238096
vt 0.6488095238095238 0.10705065476190478
vt 0.6509210714285715 0.1071428571428571
vt 0.19047619047619047 0.13492273809523814
vt 0.18452380952380953 0.1347985119047619
vt 0.18452380952380953 0.15463821428571423
vt 0.19047619047619047 0.15476190476190477
vt 0.8452380952380952 0.6606416666666667
vt 0.8511904761904762 0.6607142857142857
vt 0.8511904761904762 0.6411294642857143
vt 0.8452458333333333 0.6410598809523809
vt 0.6687876190476191 0.1069780952380952
vt 0.6666666666666666 0.10691619047619039
vt 0.6666666666666666 0.14264428571428567
vt 0.6687692857142857 0.1428571428571429
vt 0.7321428571428571 0.7935683928571429
vt 0.7261904761904762 0.7935185714285714
vt 0.7261904761904762 0.8035714285714286
vt 0.7321428571428571 0.8032805952380953
vt 0.3607317261904762 0.3742283333333334
vt 0.3560485119047619 0.4251441071428571
vt 0.37527369047619047 0.42280613095238095
vt 0.37813529761904763 0.3742283333333334
vt 0.5998382142857143 0.5891369047619047
vt 0.5994850595238095 0.5712797619047618
vt 0.5355784523809524 0.5712797619047618
vt 0.5357798809523809 0.5890842857142857
vt 0.019586130952380952 0.3983630952380952
vt 0.0005952380952380953 0.3986799404761905
vt 0.0005952380952380953 0.4625873214285714
vt 0.019152738095238094 0.46201458333333334
vt 0.12993994047619048 0.45643791666666667
vt 0.1477861904761905 0.45462184523809523
vt 0.14987958333333334 0.3946748809523809
vt 0.1320032738095238 0.39491267857142864
vt 0.5529449404761905 0.4501529761904761
vt 0.5709452976190476 0.4479995238095238
vt 0.5740799404761905 0.3902597023809524
vt 0.5562300595238096 0.3902597023809524
vt 0.5158482142857143 0.43093666666666675
vt 0.5339097023809524 0.4286561904761905
vt 0.5376429761904762 0.3755445833333333
vt 0.519806130952381 0.3755445833333333
vt 0.028038273809523808 0.40781
vt 0.046113214285714285 0.4057128571428572
vt 0.05078404761904762 0.3547960714285714
vt 0.03285190476190476 0.3547960714285714
vt 0.6699167857142857 0.731857619047619
vt 0.6673578571428571 0.7140423809523809
vt 0.6211476785714286 0.7148489880952381
vt 0.6214206547619048 0.7280847023809524
vt 0.5644883928571429 0.6995411904761905
vt 0.5825254761904761 0.6972632142857143
vt 0.5860346428571428 0.6418402976190476
vt 0.5682613095238095 0.6418402976190476
vt 0.6143102976190477 0.3221408333333333
vt 0.6121544047619047 0.3845313690476191
vt 0.6264227976190476 0.38367154761904754
vt 0.6286061904761905 0.3221408333333333
vt 0.38086089285714286 0.3665441071428571
vt 0.3819504166666667 0.3041260714285714
vt 0.3700390476190476 0.30440136904761905
vt 0.3690441071428571 0.3676330952380953
vt 0.018767142857142857 0.7825181547619048
vt 0.01933482142857143 0.7192772023809524
vt 0.0014728571428571427 0.7197339285714286
vt 0.0011920238095238095 0.7834114285714286
vt 0.05246749999999999 0.06935208333333331
vt 0.14315267857142858 0.07640005952380946
vt 0.14315267857142858 0.0357115476190476
vt 0.1961070238095238 0.029997083333333396
vt 0.19673035714285714 0.06570613095238098
vt 0.2866575 0.028889404761904713
vt 0.3518348214285714 0.20833333333333337
vt 0.3630952380952381 0.20527517857142863
vt 0.3630952380952381 0.18536738095238092
vt 0.35119047619047616 0.18945095238095244
vt 0.6734194642857142 0.20833333333333337
vt 0.6845238095238095 0.20524470238095238
vt 0.6845238095238095 0.18633708333333332
vt 0.6726190476190477 0.19055255952380956
vt 0.16781190476190475 0.2321428571428571
vt 0.18452380952380953 0.2278467261904763
vt 0.18452380952380953 0.21003184523809515
vt 0.16666666666666666 0.21588059523809533
vt 0.4467086904761905 0.5357142857142857
vt 0.4583333333333333 0.5333696428571428
vt 0.4583333333333333 0.5170540476190477
vt 0.44642857142857145 0.5202233333333333
vt 0.4048089880952381 0.5297619047619048
vt 0.4166666666666667 0.5275181547619048
vt 0.4166666666666667 0.5120242261904762
vt 0.40476190476190477 0.5150340476190476
vt 0.13702482142857142 0.19047619047619047
vt 0.1488095238095238 0.18824464285714293
vt 0.1488095238095238 0.1735166071428571
vt 0.13690476190476192 0.1765530357142857
vt 0.8095490476190477 0.5416666666666667
vt 0.8214285714285714 0.5392605357142857
vt 0.8214285714285714 0.5253363095238095
vt 0.8095238095238095 0.5286193452380952
vt 0.7501219642857142 0.19047619047619047
vt 0.7619047619047619 0.1876467261904763
vt 0.7619047619047619 0.174598869047619
vt 0.75 0.1784877380952381
vt 0.4286600595238095 0.1785714285714286
vt 0.44047619047619047 0.1755985714285715
vt 0.44047619047619047 0.16360833333333336
vt 0.42857142857142855 0.1677265476190476
vt 0.8274197023809523 0.7916666666666666
vt 0.8392857142857143 0.7886696428571428
vt 0.8392857142857143 0.7778236904761905
vt 0.8273809523809523 0.7819270238095238
vt 0.00008898809523809524 0.1607142857142857
vt 0.011904761904761904 0.15775505952380953
vt 0.011904761904761904 0.14801351190476186
vt 0 0.15209249999999996
vt 0.5893252380952381 0.875
vt 0.6011904761904762 0.8728669642857143
vt 0.6011904761904762 0.8642432142857143
vt 0.5892857142857143 0.8671832738095238
vt 0.8453530357142857 0.7916666666666666
vt 0.8571428571428571 0.78959375
vt 0.8571428571428571 0.7817762500000001
vt 0.8452380952380952 0.7846785119047619
vt 0.5 0.7549510119047619
vt 0.5131564285714285 0.7559523809523809
vt 0.515056130952381 0.75
vt 0.5015656547619047 0.75
vt 0.8511904761904762 0.5168913095238095
vt 0.8640629761904761 0.5178571428571428
vt 0.8656963095238096 0.5119047619047619
vt 0.852417738095238 0.5119047619047619
vt 0.2980676190476191 0.1419082142857142
vt 0.3107607738095238 0.1428571428571429
vt 0.31205142857142854 0.13690476190476186
vt 0.2990239880952381 0.13690476190476186
vt 0.08295779761904762 0.18047380952380954
vt 0.07142857142857142 0.18186773809523804
vt 0.07142857142857142 0.20238095238095233
vt 0.08276285714285714 0.20113875000000003
vt 0.8038681547619048 0.5010780952380953
vt 0.7916666666666666 0.5039014285714285
vt 0.7916666666666666 0.5238095238095238
vt 0.8035036904761904 0.5215817857142857
vt 0.8397106547619048 0.30066577380952375
vt 0.8601822619047619 0.3035714285714286
vt 0.8612032142857143 0.29761904761904767
vt 0.8396896428571429 0.29761904761904767
vt 0.8394463095238096 0.16666666666666663
vt 0.8396266666666666 0.1718923809523809
vt 0.8597520833333334 0.17261904761904767
vt 0.8601190476190477 0.16666666666666663
vt 0.7238527380952381 0.5997023809523809
vt 0.6733489880952381 0.6038307738095238
vt 0.6666666666666666 0.6116355952380952
vt 0.718143988095238 0.6116355952380952
vt 0.8160469047619048 0.3392857142857143
vt 0.8010216071428571 0.3392857142857143
vt 0.7976190476190477 0.35119047619047616
vt 0.812730119047619 0.35102922619047616
vt 0.8175419047619047 0.3571428571428571
vt 0.8024279761904761 0.3571428571428571
vt 0.7976190476190477 0.36904761904761907
vt 0.8129695238095238 0.36873999999999996
vt 0.11043916666666667 0.19047619047619047
vt 0.09507619047619047 0.19047619047619047
vt 0.08928571428571429 0.20238095238095233
vt 0.10486845238095237 0.2020094642857143
vt 0.8112718452380951 0.5892857142857143
vt 0.801180238095238 0.5773809523809523
vt 0.7857142857142857 0.5773809523809523
vt 0.7963131547619048 0.5889688095238095
vt 0.3054301190476191 0.15327380952380953
vt 0.2976190476190476 0.15943529761904762
vt 0.3130428571428571 0.15943529761904762
vt 0.32113113095238094 0.15354970238095234
vt 0.4163827976190476 0.7619047619047619
vt 0.400958630952381 0.7619047619047619
vt 0.39285714285714285 0.7678571428571428
vt 0.40777869047619053 0.7676557142857143
vt 0.5892857142857143 0.7378738095238095
vt 0.6037055952380952 0.7378738095238095
vt 0.612658511904762 0.7323625
vt 0.5977365476190476 0.7321428571428572
vt 0.8532288690476191 0.34495607142857143
vt 0.8632508333333333 0.3392857142857143
vt 0.8488314880952381 0.3392857142857143
vt 0.8392857142857143 0.34523809523809523
vt 0.8095238095238095 0.3332000595238095
vt 0.8228252380952382 0.3332000595238095
vt 0.8351113095238095 0.32621410714285715
vt 0.8211692261904763 0.3258928571428571
vt 0.8459634523809524 0.928173869047619
vt 0.859243511904762 0.9226190476190477
vt 0.8459419642857142 0.9226190476190477
vt 0.8333333333333334 0.9285714285714286
vt 0.8512124404761905 0.7675088690476191
vt 0.8646314880952382 0.7619047619047619
vt 0.8519950000000001 0.7619047619047619
vt 0.8392857142857143 0.7678571428571428
vt 0.8558776785714286 0.5297482738095238
vt 0.8702032738095239 0.5297482738095238
vt 0.8591316071428572 0.5252976190476191
vt 0.8452380952380952 0.5259300595238096
vt 0.8500572023809523 0.1842443452380952
vt 0.8599906547619047 0.1785714285714286
vt 0.8486860714285714 0.1785714285714286
vt 0.8392857142857143 0.18452380952380953
vt 0.855607380952381 0.868678869047619
vt 0.8655720833333334 0.8630952380952381
vt 0.8547973214285715 0.8630952380952381
vt 0.8452380952380952 0.8690476190476191
vt 0.8726701785714285 0.41045267857142864
vt 0.8863373214285715 0.41045267857142864
vt 0.876322380952381 0.40773809523809523
vt 0.8630952380952381 0.40833386904761904
vt 0.9020046428571428 0.6726190476190477
vt 0.9153922023809523 0.6726190476190477
vt 0.9058079166666666 0.6705417261904763
vt 0.8928571428571429 0.6711276785714286
vt 0.9058302976190475 0.625
vt 0.9189709523809524 0.625
vt 0.9098327380952381 0.6234469047619048
vt 0.8994814285714285 0.6235990476190476
vt 0.6666666666666666 0.1607142857142857
vt 0.6779721428571429 0.1607142857142857
vt 0.6792336904761905 0.14980964285714293
vt 0.6678308333333334 0.1498613095238096
vt 0.8392857142857143 0.7559523809523809
vt 0.8511025 0.7559523809523809
vt 0.853086011904762 0.7452188095238095
vt 0.8410373809523809 0.7454983928571428
vt 0.5297619047619048 0.5051979761904761
vt 0.5447868452380953 0.5051979761904761
vt 0.5466310119047619 0.49418297619047613
vt 0.5316304761904762 0.49404761904761907
vt 0.6846148214285714 0.1785714285714286
vt 0.6872718452380953 0.16666666666666663
vt 0.6748746428571428 0.16666666666666663
vt 0.6726190476190477 0.17817416666666663
vt 0.8387321428571429 0.8095238095238095
vt 0.8414858928571428 0.7976190476190477
vt 0.829631488095238 0.7976190476190477
vt 0.8273809523809523 0.8090827976190477
vt 0.8190227976190476 1
vt 0.8217945238095238 0.9880952380952381
vt 0.8056914285714285 0.9880952380952381
vt 0.8035714285714286 0.9993923809523809
vt 0.5119939880952381 0.9464285714285714
vt 0.5238095238095238 0.9440094047619048
vt 0.5238095238095238 0.9351861904761904
vt 0.5119047619047619 0.9380031547619048
vt 0.1488095238095238 0.1407673214285714
vt 0.1488095238095238 0.14880952380952384
vt 0.15846154761904763 0.14629630952380945
vt 0.1583819642857143 0.13787089285714282
vt 0.8511904761904762 0.8911302380952381
vt 0.8511904761904762 0.8988095238095238
vt 0.861027380952381 0.8960680357142857
vt 0.8608800595238095 0.888027738095238
vt 0.14285714285714285 0.27247166666666667
vt 0.14285714285714285 0.27976190476190477
vt 0.15395464285714286 0.2764731547619048
vt 0.15382119047619047 0.2687973809523809
vt 0.8392857142857143 0.9753214880952381
vt 0.8392857142857143 0.9821428571428571
vt 0.8523545238095238 0.97787375
vt 0.8521418452380952 0.9705880952380952
vt 0.7678571428571429 0.15476190476190477
vt 0.7825724404761905 0.15476190476190477
vt 0.7847502976190477 0.14829666666666663
vt 0.7700831547619048 0.1488261904761905
vt 0.30952380952380953 0.7256306547619047
vt 0.3238111904761905 0.7261904761904762
vt 0.3263676190476191 0.7202380952380952
vt 0.3120583928571429 0.7202380952380952
vt 0.6190476190476191 0.6190476190476191
vt 0.632956369047619 0.6190476190476191
vt 0.6353442857142857 0.6137344047619048
vt 0.6214923809523809 0.6142641666666667
vt 0.8452380952380952 0.8273809523809523
vt 0.8571428571428571 0.8227158928571429
vt 0.8571428571428571 0.8173414880952381
vt 0.8454017261904762 0.8223761309523809
vt 0.31547619047619047 0.11309523809523814
vt 0.3256780357142857 0.11309523809523814
vt 0.32812928571428573 0.10872642857142856
vt 0.3179750595238095 0.1091151785714285
vt 0.8630952380952381 0.38690476190476186
vt 0.8763360119047618 0.38690476190476186
vt 0.8788880952380952 0.3829560119047619
vt 0.8657044047619048 0.3834581547619047
vt 0.8869047619047619 0.6607142857142857
vt 0.8998695833333333 0.6607142857142857
vt 0.9025259523809523 0.6572983333333333
vt 0.8896284523809525 0.6578111904761905
vt 0.85723625 0.5052485714285715
vt 0.8675656547619047 0.5059523809523809
vt 0.8704423214285714 0.5
vt 0.8577147023809524 0.5
vt 0.8935516666666666 0.5157993452380952
vt 0.8938648214285714 0.5178571428571428
vt 0.9136904761904762 0.5157993452380952
vt 0.8934497619047619 0.45833333333333337
vt 0.9196428571428571 0.45833333333333337
vt 0.9133230952380952 0.45680220238095237
vt 0.7590022023809524 0.5533480357142857
vt 0.7546360714285714 0.5431547619047619
vt 0.7148160714285714 0.5457460119047619
vt 0.7083333333333334 0.5533480357142857
vt 0.7244268452380952 0.9985859523809524
vt 0.7201355952380952 0.9836309523809523
vt 0.6922660119047619 0.9857755952380952
vt 0.6845238095238095 0.9985859523809524
vt 0.8136661309523809 0.6420668452380952
vt 0.8115961904761905 0.6309523809523809
vt 0.7900631547619048 0.6320214285714285
vt 0.7857142857142857 0.6420668452380952
vt 0.7797619047619048 0.2128282142857143
vt 0.7797619047619048 0.2008928571428571
vt 0.7594017857142857 0.20216124999999996
vt 0.7559523809523809 0.2132795833333334
vt 0.8064123214285714 0.9277633928571428
vt 0.8035714285714286 0.9390518452380953
vt 0.8217210714285714 0.9390518452380953
vt 0.8222508333333333 0.9270833333333334
vt 0.15275767857142858 0.5473980952380952
vt 0.15328184523809524 0.5357142857142857
vt 0.13843863095238096 0.5363360119047619
vt 0.13690476190476192 0.5473980952380952
vt 0.14315267857142858 0.07640005952380946
vt 0.05246749999999999 0.06935208333333331
vt 0.14315267857142858 0.0357115476190476
vt 0.19673035714285714 0.06570613095238098
vt 0.1961070238095238 0.029997083333333396
vt 0.2866575 0.028889404761904713
vt 0.37527369047619047 0.42280613095238095
vt 0.3560485119047619 0.4251441071428571
vt 0.3607317261904762 0.3742283333333334
vt 0.37813529761904763 0.3742283333333334
vt 0.5355784523809524 0.5712797619047618
vt 0.5994850595238095 0.5712797619047618
vt 0.5998382142857143 0.5891369047619047
vt 0.5357798809523809 0.5890842857142857
vt 0.0005952380952380953 0.4625873214285714
vt 0.0005952380952380953 0.3986799404761905
vt 0.019586130952380952 0.3983630952380952
vt 0.019152738095238094 0.46201458333333334
vt 0.14987958333333334 0.3946748809523809
vt 0.1477861904761905 0.45462184523809523
vt 0.12993994047619048 0.45643791666666667
vt 0.1320032738095238 0.39491267857142864
vt 0.5740799404761905 0.3902597023809524
vt 0.5709452976190476 0.4479995238095238
vt 0.5529449404761905 0.4501529761904761
vt 0.5562300595238096 0.3902597023809524
vt 0.5376429761904762 0.3755445833333333
vt 0.5339097023809524 0.4286561904761905
vt 0.5158482142857143 0.43093666666666675
vt 0.519806130952381 0.3755445833333333
vt 0.05078404761904762 0.3547960714285714
vt 0.046113214285714285 0.4057128571428572
vt 0.028038273809523808 0.40781
vt 0.03285190476190476 0.3547960714285714
vt 0.6211476785714286 0.7148489880952381
vt 0.6673578571428571 0.7140423809523809
vt 0.6699167857142857 0.731857619047619
vt 0.6214206547619048 0.7280847023809524
vt 0.5860346428571428 0.6418402976190476
vt 0.5825254761904761 0.6972632142857143
vt 0.5644883928571429 0.6995411904761905
vt 0.5682613095238095 0.6418402976190476
vt 0.6264227976190476 0.38367154761904754
vt 0.6121544047619047 0.3845313690476191
vt 0.6143102976190477 0.3221408333333333
vt 0.6286061904761905 0.3221408333333333
vt 0.3700390476190476 0.30440136904761905
vt 0.3819504166666667 0.3041260714285714
vt 0.38086089285714286 0.3665441071428571
vt 0.3690441071428571 0.3676330952380953
vt 0.0014728571428571427 0.7197339285714286
vt 0.01933482142857143 0.7192772023809524
vt 0.018767142857142857 0.7825181547619048
vt 0.0011920238095238095 0.7834114285714286
vt 0.5953075 0.08076857142857141
vt 0.7148980357142857 0.06196571428571418
vt 0.7018704761904763 0.0009779761904761264
vt 0.6094066666666667 0
vt 0.8854532738095238 0.023809523809523836
vt 0.953562261904762 0.11165005952380946
vt 0.9761904761904762 0.030154464285714222
vt 0.744077380952381 0.042612142857142876
vt 0.8258947023809524 0.06590130952380946
vt 0.8639571428571429 0.042612142857142876
vt 0.8636666071428571 0.023809523809523836
vt 0.7018704761904763 0.0009779761904761264
vt 0.7148980357142857 0.06196571428571418
vt 0.5953075 0.08076857142857141
vt 0.6094066666666667 0
vt 0.953562261904762 0.11165005952380946
vt 0.8854532738095238 0.023809523809523836
vt 0.9761904761904762 0.030154464285714222
vt 0.8639571428571429 0.042612142857142876
vt 0.8258947023809524 0.06590130952380946
vt 0.744077380952381 0.042612142857142876
vt 0.8636666071428571 0.023809523809523836
vt 0.8999725595238095 0.5654761904761905
vt 0.8999725595238095 0.5640060714285715
vt 0.9106935714285714 0.5634838095238095
vt 0.9136904761904762 0.5652982738095238
vt 0.8035714285714286 0.24404761904761907
vt 0.7857142857142857 0.24404761904761907
vt 0.7860751785714286 0.22875803571428577
vt 0.8035714285714286 0.22764964285714284
vt 0 0.20035863095238093
vt 0.017857142857142856 0.19607178571428563
vt 0.017857142857142856 0.21426119047619052
vt 0.00039238095238095243 0.2142857142857143
vt 0.2947753571428572 0.2142857142857143
vt 0.28102136904761904 0.2142857142857143
vt 0.28216452380952384 0.19939577380952378
vt 0.3020833333333333 0.1992817857142858
vt 0.822555119047619 0.47023809523809523
vt 0.8363095238095238 0.47023809523809523
vt 0.8314145238095237 0.4821428571428571
vt 0.8215794642857143 0.47955773809523816
vt 0.3090550595238095 0.11056238095238091
vt 0.30952380952380953 0.11309523809523814
vt 0.29878958333333333 0.11309523809523814
vt 0.29922875 0.10794511904761905
vt 0.9106935714285714 0.5634838095238095
vt 0.8999725595238095 0.5640060714285715
vt 0.8999725595238095 0.5654761904761905
vt 0.9136904761904762 0.5652982738095238
vt 0.7860751785714286 0.22875803571428577
vt 0.7857142857142857 0.24404761904761907
vt 0.8035714285714286 0.24404761904761907
vt 0.8035714285714286 0.22764964285714284
vt 0.017857142857142856 0.21426119047619052
vt 0.017857142857142856 0.19607178571428563
vt 0 0.20035863095238093
vt 0.00039238095238095243 0.2142857142857143
vt 0.28216452380952384 0.19939577380952378
vt 0.28102136904761904 0.2142857142857143
vt 0.2947753571428572 0.2142857142857143
vt 0.3020833333333333 0.1992817857142858
vt 0.8314145238095237 0.4821428571428571
vt 0.8363095238095238 0.47023809523809523
vt 0.822555119047619 0.47023809523809523
vt 0.8215794642857143 0.47955773809523816
vt 0.29878958333333333 0.11309523809523814
vt 0.30952380952380953 0.11309523809523814
vt 0.3090550595238095 0.11056238095238091
vt 0.29922875 0.10794511904761905
vt 0.7142857142857143 0.15476190476190477
vt 0.7089079761904762 0.1370382142857144
vt 0.7142857142857143 0.13568196428571422
vt 0.7071133928571429 0.3395147023809524
vt 0.7127976190476191 0.3571428571428571
vt 0.6869751785714285 0.3571428571428571
vt 0.6791524404761905 0.33865630952380954
vt 0.07204125 0.23213505952380964
vt 0.07204125 0.2145213690476191
vt 0.08573755952380953 0.21373184523809519
vt 0.09375 0.2321428571428571
vt 0.7089079761904762 0.1370382142857144
vt 0.7142857142857143 0.15476190476190477
vt 0.7142857142857143 0.13568196428571422
vt 0.6869751785714285 0.3571428571428571
vt 0.7127976190476191 0.3571428571428571
vt 0.7071133928571429 0.3395147023809524
vt 0.6791524404761905 0.33865630952380954
vt 0.08573755952380953 0.21373184523809519
vt 0.07204125 0.2145213690476191
vt 0.07204125 0.23213505952380964
vt 0.09375 0.2321428571428571
vt 0.7619047619047619 0.4135957738095237
vt 0.7619047619047619 0.43452380952380953
vt 0.7380952380952381 0.4341179761904762
vt 0.7381932142857143 0.415038869047619
vt 0.7380952380952381 0.4341179761904762
vt 0.7619047619047619 0.43452380952380953
vt 0.7619047619047619 0.4135957738095237
vt 0.7381932142857143 0.415038869047619
vt 0.7501860119047619 0.9761904761904762
vt 0.7501860119047619 0.9588996428571428
vt 0.7759855357142856 0.9584413095238096
vt 0.7765997023809523 0.9757211904761904
vt 0.7562325 0.12016827380952377
vt 0.7616246428571428 0.12161297619047617
vt 0.7562325 0.13095238095238093
vt 0.4166666666666667 0.5059523809523809
vt 0.4107142857142857 0.5059523809523809
vt 0.4107142857142857 0.5
vt 0.4166666666666667 0.5
vt 0.869327738095238 0.17518440476190478
vt 0.8747198809523811 0.17373970238095227
vt 0.8747198809523811 0.18452380952380953
vt 0.39880952380952384 0.7797619047619048
vt 0.39285714285714285 0.7797619047619048
vt 0.39285714285714285 0.7738095238095238
vt 0.39880952380952384 0.7738095238095238
vt 0.8908520833333333 0.5243699404761905
vt 0.8922968452380952 0.5297619047619048
vt 0.8815126785714286 0.5297619047619048
vt 0.10119047619047619 0.9702380952380952
vt 0.09523809523809523 0.9702380952380952
vt 0.09523809523809523 0.9642857142857143
vt 0.10119047619047619 0.9642857142857143
vt 0.8803920833333333 0.35175071428571436
vt 0.8789473214285715 0.3571428571428571
vt 0.8696079166666667 0.35175071428571436
vt 0.18452380952380953 0.625
vt 0.17857142857142858 0.625
vt 0.17857142857142858 0.6190476190476191
vt 0.18452380952380953 0.6190476190476191
vt 0.8789473214285715 0.20294119047619052
vt 0.8803920833333333 0.20833333333333337
vt 0.8696079166666667 0.20833333333333337
vt 0.2857142857142857 0.4642857142857143
vt 0.27976190476190477 0.4642857142857143
vt 0.27976190476190477 0.45833333333333337
vt 0.2857142857142857 0.45833333333333337
vt 0.8922968452380952 0.13151279761904766
vt 0.8908520833333333 0.13690476190476186
vt 0.8815126785714286 0.13151279761904766
vt 0 0.7976190476190477
vt 0 0.7916666666666666
vt 0.005952380952380952 0.7916666666666666
vt 0.005952380952380952 0.7976190476190477
vt 0.2616246428571428 0.12355505952380952
vt 0.25623250000000003 0.125
vt 0.25623250000000003 0.11421577380952386
vt 0.03571428571428571 0.5416666666666667
vt 0.041666666666666664 0.5416666666666667
vt 0.041666666666666664 0.5476190476190477
vt 0.03571428571428571 0.5476190476190477
vt 0.8747198809523811 0.375
vt 0.869327738095238 0.3735550595238095
vt 0.8747198809523811 0.36421577380952375
vt 0 0.6785714285714286
vt 0.005952380952380952 0.6785714285714286
vt 0.005952380952380952 0.6845238095238095
vt 0 0.6845238095238095
vt 0.8866245238095238 0.75
vt 0.881232619047619 0.748555238095238
vt 0.8866245238095238 0.7392158928571428
vt 0.1130952380952381 0.9761904761904762
vt 0.11904761904761904 0.9761904761904762
vt 0.11904761904761904 0.9821428571428571
vt 0.1130952380952381 0.9821428571428571
vt 0.882957619047619 0.9166666666666666
vt 0.8815126785714286 0.9112745833333333
vt 0.8922968452380952 0.9112745833333333
vt 0.31547619047619047 0.7857142857142857
vt 0.32142857142857145 0.7857142857142857
vt 0.32142857142857145 0.7916666666666666
vt 0.31547619047619047 0.7916666666666666
vt 0.8696079166666667 0.4821428571428571
vt 0.8710528571428572 0.4767507738095238
vt 0.8803920833333333 0.4821428571428571
vt 0.5119047619047619 0.6369047619047619
vt 0.5178571428571429 0.6369047619047619
vt 0.5178571428571429 0.6428571428571428
vt 0.5119047619047619 0.6428571428571428
vt 0.10175077380952381 0.11309523809523814
vt 0.1031955357142857 0.10770327380952394
vt 0.11253494047619048 0.11309523809523814
vt 0.18452380952380953 0.75
vt 0.18452380952380953 0.7440476190476191
vt 0.19047619047619047 0.7440476190476191
vt 0.19047619047619047 0.75
vt 0.869327738095238 0.9356444642857142
vt 0.8747198809523811 0.9370891666666666
vt 0.869327738095238 0.9464285714285714
vt 0.875 0.9166666666666666
vt 0.8630952380952381 0.9166666666666666
vt 0.8630952380952381 0.9107142857142857
vt 0.875 0.9107142857142857
vt 0.8336134523809523 0.12161297619047617
vt 0.8390055952380953 0.12016827380952377
vt 0.8390055952380953 0.13095238095238093
vt 0.011904761904761904 0.13690476190476186
vt 0 0.13690476190476186
vt 0 0.13095238095238093
vt 0.011904761904761904 0.13095238095238093
vt 0.8908520833333333 0.571988988095238
vt 0.8922968452380952 0.5773809523809523
vt 0.8815126785714286 0.5773809523809523
vt 0.42857142857142855 0.8869047619047619
vt 0.4166666666666667 0.8869047619047619
vt 0.4166666666666667 0.8809523809523809
vt 0.42857142857142855 0.8809523809523809
vt 0.8922968452380952 0.9827030952380953
vt 0.8908520833333333 0.9880952380952381
vt 0.8815126785714286 0.9827030952380953
vt 0.7380952380952381 0.6904761904761905
vt 0.7261904761904762 0.6904761904761905
vt 0.7261904761904762 0.6845238095238095
vt 0.7380952380952381 0.6845238095238095
vt 0.8729949404761905 0.13151261904761902
vt 0.8744397023809524 0.13690476190476186
vt 0.8636555357142858 0.13690476190476186
vt 0.875 0.9761904761904762
vt 0.8630952380952381 0.9761904761904762
vt 0.8630952380952381 0.9702380952380952
vt 0.875 0.9702380952380952
vt 0.2494397023809524 0.10770327380952394
vt 0.24799494047619047 0.11309523809523814
vt 0.23865553571428572 0.10770327380952394
vt 0 0.8869047619047619
vt 0 0.875
vt 0.005952380952380952 0.875
vt 0.005952380952380952 0.8869047619047619
vt 0.023529404761904762 0.12950744047619045
vt 0.018137261904761906 0.13095238095238093
vt 0.018137261904761906 0.12016815476190479
vt 0.8630952380952381 0.9821428571428571
vt 0.875 0.9821428571428571
vt 0.875 0.9880952380952381
vt 0.8630952380952381 0.9880952380952381
vt 0.8747198809523811 0.33333333333333337
vt 0.869327738095238 0.3318883928571429
vt 0.8747198809523811 0.3225491071428571
vt 0.40476190476190477 0.47619047619047616
vt 0.4166666666666667 0.47619047619047616
vt 0.4166666666666667 0.4821428571428571
vt 0.40476190476190477 0.4821428571428571
vt 0.8866245238095238 0.125
vt 0.881232619047619 0.12355523809523816
vt 0.8866245238095238 0.11421589285714284
vt 0.11904761904761904 0.48809523809523814
vt 0.13095238095238096 0.48809523809523814
vt 0.13095238095238096 0.49404761904761907
vt 0.11904761904761904 0.49404761904761907
vt 0.882957619047619 0.8095238095238095
vt 0.8815126785714286 0.8041317261904761
vt 0.8922968452380952 0.8041317261904761
vt 0.5476190476190477 0.9166666666666666
vt 0.5595238095238095 0.9166666666666666
vt 0.5595238095238095 0.9226190476190477
vt 0.5476190476190477 0.9226190476190477
vt 0.8696079166666667 0.9285714285714286
vt 0.8710528571428572 0.9231793452380952
vt 0.8803920833333333 0.9285714285714286
vt 0.07142857142857142 0.13095238095238093
vt 0.08333333333333333 0.13095238095238093
vt 0.08333333333333333 0.13690476190476186
vt 0.07142857142857142 0.13690476190476186
vt 0.8874650595238096 0.8690476190476191
vt 0.8889098214285714 0.8636556547619048
vt 0.8982492261904762 0.8690476190476191
vt 0.023809523809523808 0.7678571428571428
vt 0.023809523809523808 0.7559523809523809
vt 0.02976190476190476 0.7559523809523809
vt 0.02976190476190476 0.7678571428571428
vt 0.15081458333333334 0.13095238095238093
vt 0.14936982142857141 0.12556023809523809
vt 0.1601539880952381 0.12556023809523809
vt 0.6964285714285714 0.48809523809523814
vt 0.6964285714285714 0.49404761904761907
vt 0.6904761904761905 0.49404761904761907
vt 0.6904761904761905 0.48809523809523814
vt 0.458893630952381 0.13095238095238093
vt 0.46033839285714284 0.12556023809523809
vt 0.4696777976190476 0.13095238095238093
vt 0.6666666666666666 0.8273809523809523
vt 0.6666666666666666 0.8333333333333334
vt 0.6607142857142857 0.8333333333333334
vt 0.6607142857142857 0.8273809523809523
vt 0.017576904761904762 0.11309523809523814
vt 0.012184999999999998 0.11165047619047619
vt 0.017576904761904762 0.10231113095238087
vt 0.5952380952380952 0.9523809523809523
vt 0.5952380952380952 0.9583333333333334
vt 0.5892857142857143 0.9583333333333334
vt 0.5892857142857143 0.9523809523809523
vt 0.005672261904761905 0.12355523809523816
vt 0.0002801190476190476 0.125
vt 0.0002801190476190476 0.11421589285714284
vt 0.6488095238095238 0.9523809523809523
vt 0.6488095238095238 0.9583333333333334
vt 0.6428571428571429 0.9583333333333334
vt 0.6428571428571429 0.9523809523809523
vt 0.8866246428571429 0.9464285714285714
vt 0.8812325 0.9449838095238096
vt 0.8866246428571429 0.9356444642857142
vt 0.7261904761904762 0.45833333333333337
vt 0.7261904761904762 0.4642857142857143
vt 0.7202380952380952 0.4642857142857143
vt 0.7202380952380952 0.45833333333333337
vt 0.1247197619047619 0.11165047619047619
vt 0.11932785714285715 0.11309523809523814
vt 0.11932785714285715 0.10231113095238087
vt 0.5952380952380952 0.9285714285714286
vt 0.6011904761904762 0.9285714285714286
vt 0.6011904761904762 0.9345238095238095
vt 0.5952380952380952 0.9345238095238095
vt 0.8803920833333333 0.8993698214285715
vt 0.8789471428571428 0.9047619047619048
vt 0.8696079166666667 0.8993698214285715
vt 0.6845238095238095 0.45833333333333337
vt 0.6845238095238095 0.45238095238095233
vt 0.6904761904761905 0.45238095238095233
vt 0.6904761904761905 0.45833333333333337
vt 0.8908519047619047 0.7922269642857143
vt 0.8922968452380952 0.7976190476190477
vt 0.8815126785714286 0.7976190476190477
vt 0.34523809523809523 0.38095238095238093
vt 0.34523809523809523 0.375
vt 0.35119047619047616 0.375
vt 0.35119047619047616 0.38095238095238093
vt 0.8908520833333333 0.7565127976190476
vt 0.8922968452380952 0.7619047619047619
vt 0.8815126785714286 0.7619047619047619
vt 0.32142857142857145 0.4107142857142857
vt 0.32142857142857145 0.40476190476190477
vt 0.3273809523809524 0.40476190476190477
vt 0.3273809523809524 0.4107142857142857
vt 0.29789916666666666 0.12016815476190479
vt 0.3032913095238095 0.12161309523809527
vt 0.29789916666666666 0.13095238095238093
vt 0.625 0.47023809523809523
vt 0.625 0.4642857142857143
vt 0.6309523809523809 0.4642857142857143
vt 0.6309523809523809 0.47023809523809523
vt 0.3098039285714286 0.12161309523809527
vt 0.3151960714285714 0.12016815476190479
vt 0.3151960714285714 0.13095238095238093
vt 0.6488095238095238 0.3035714285714286
vt 0.6488095238095238 0.29761904761904767
vt 0.6547619047619048 0.29761904761904767
vt 0.6547619047619048 0.3035714285714286
vt 0.4169469047619047 0.10970821428571431
vt 0.42233880952380953 0.1082635119047618
vt 0.42233880952380953 0.11904761904761907
vt 0.6130952380952381 0.6726190476190477
vt 0.6190476190476191 0.6726190476190477
vt 0.6190476190476191 0.6785714285714286
vt 0.6130952380952381 0.6785714285714286
vt 0.8710526785714285 1
vt 0.8696079166666667 0.9946078571428572
vt 0.8803920833333333 0.9946078571428572
vt 0.375 0.13095238095238093
vt 0.375 0.13690476190476186
vt 0.3630952380952381 0.13690476190476186
vt 0.3630952380952381 0.13095238095238093
vt 0.03032220238095238 0.125
vt 0.03176696428571429 0.11960785714285715
vt 0.04110636904761905 0.125
vt 0.875 0.75
vt 0.875 0.7559523809523809
vt 0.8630952380952381 0.7559523809523809
vt 0.8630952380952381 0.75
vt 0.8829574404761905 0.5654761904761905
vt 0.8815126785714286 0.5600842261904762
vt 0.8922968452380952 0.5600842261904762
vt 0.11904761904761904 0.13095238095238093
vt 0.11904761904761904 0.13690476190476186
vt 0.10714285714285714 0.13690476190476186
vt 0.10714285714285714 0.13095238095238093
vt 0.880672261904762 0.9628409523809524
vt 0.8752801190476189 0.9642857142857143
vt 0.8752801190476189 0.9535016071428571
vt 0.25 0.13095238095238093
vt 0.25 0.13690476190476186
vt 0.23809523809523808 0.13690476190476186
vt 0.23809523809523808 0.13095238095238093
vt 0.09495797619047619 0.13095238095238093
vt 0.08956583333333333 0.1295076190476191
vt 0.09495797619047619 0.12016827380952377
vt 0.3333333333333333 0.13095238095238093
vt 0.3333333333333333 0.13690476190476186
vt 0.32142857142857145 0.13690476190476186
vt 0.32142857142857145 0.13095238095238093
vt 0.8925769047619048 0.9033171428571428
vt 0.887185 0.9047619047619048
vt 0.887185 0.8939777976190476
vt 0.2916666666666667 0.6071428571428572
vt 0.2976190476190476 0.6071428571428572
vt 0.2976190476190476 0.6190476190476191
vt 0.2916666666666667 0.6190476190476191
vt 0.33277303571428574 0.1196079166666667
vt 0.33132809523809525 0.125
vt 0.32198886904761903 0.1196079166666667
vt 0.8630952380952381 0.7440476190476191
vt 0.8630952380952381 0.7380952380952381
vt 0.875 0.7380952380952381
vt 0.875 0.7440476190476191
vt 0.8789471428571428 0.6553222023809524
vt 0.8803920833333333 0.6607142857142857
vt 0.8696079166666667 0.6607142857142857
vt 0.8630952380952381 0.7976190476190477
vt 0.8630952380952381 0.7916666666666666
vt 0.875 0.7916666666666666
vt 0.875 0.7976190476190477
vt 0.8908520833333333 0.5481794642857143
vt 0.8922968452380952 0.5535714285714286
vt 0.8815126785714286 0.5535714285714286
vt 0.8630952380952381 0.8273809523809523
vt 0.8630952380952381 0.8214285714285714
vt 0.875 0.8214285714285714
vt 0.875 0.8273809523809523
vt 0.8633753571428571 0.2511205357142857
vt 0.8687675 0.2525654761904762
vt 0.8633753571428571 0.26190476190476186
vt 0.8630952380952381 0.7857142857142857
vt 0.8630952380952381 0.7797619047619048
vt 0.875 0.7797619047619048
vt 0.875 0.7857142857142857
vt 0.869327738095238 0.6394702380952381
vt 0.8747198809523811 0.6380252976190476
vt 0.8747198809523811 0.6488095238095238
vt 0.8630952380952381 0.5595238095238095
vt 0.8630952380952381 0.5535714285714286
vt 0.875 0.5535714285714286
vt 0.875 0.5595238095238095
vt 0.1609945238095238 0.10375583333333338
vt 0.16638642857142857 0.10231113095238087
vt 0.16638642857142857 0.11309523809523814
vt 0.4107142857142857 0.5773809523809523
vt 0.4166666666666667 0.5773809523809523
vt 0.4166666666666667 0.5892857142857143
vt 0.4107142857142857 0.5892857142857143
vt 0.9166666666666666 0.8488815476190477
vt 0.7142857142857143 0.8488815476190477
vt 0.9162160714285713 0.8511904761904762
vt 0.8277613095238094 0.22619047619047616
vt 0.836315238095238 0.21804601190476192
vt 0.8478339285714286 0.22619047619047616
vt 0.7886891071428572 0.49404761904761907
vt 0.73913125 0.49404761904761907
vt 0.7321442261904763 0.49012047619047616
vt 0.7885186904761904 0.4853099999999999
vt 0.8336653571428572 1
vt 0.8393551190476191 0.9933635714285715
vt 0.8582989285714285 1
vt 0.24513375 0.17261904761904767
vt 0.23849720238095237 0.17170821428571426
vt 0.24513375 0.14798553571428574
vt 0.46577380952380953 0.1383928571428571
vt 0.4639154761904762 0.151936130952381
vt 0.4594854761904762 0.15948648809523813
vt 0.4594854761904762 0.1394684523809524
vt 0.024895595238095238 0.16097690476190474
vt 0.018259166666666667 0.16666666666666663
vt 0.018259166666666667 0.1420331547619048
vt 0.23214285714285715 0.1339285714285714
vt 0.23214285714285715 0.139827380952381
vt 0.22626005952380954 0.15372077380952376
vt 0.2261904761904762 0.14185797619047624
vt 0.8359174404761905 0.36049375000000006
vt 0.8277730357142856 0.36904761904761907
vt 0.8277730357142856 0.34897505952380947
vt 0.6426990476190476 0.1665565476190477
vt 0.6311104761904762 0.17261904761904767
vt 0.6311104761904762 0.1585119047619047
vt 0.08928571428571429 0.1513329166666667
vt 0.09523809523809523 0.13988095238095233
vt 0.09523809523809523 0.1550503571428572
vt 0.09638488095238096 0.16057452380952375
vt 0.8478339285714286 0.23590315476190482
vt 0.83928 0.24404761904761907
vt 0.8277613095238094 0.23590315476190482
vt 0.8392857142857143 0.20238095238095233
vt 0.8604239285714286 0.20238095238095233
vt 0.8532922023809524 0.20482250000000002
vt 0.8399432738095237 0.20833333333333337
vt 0.8582989285714285 0.9397921428571429
vt 0.8526091666666666 0.9464285714285714
vt 0.8336653571428572 0.9397921428571429
vt 0.4823880952380953 0.16598244047619048
vt 0.4832989285714286 0.17261904761904767
vt 0.4586653571428571 0.17261904761904767
vt 0.11944964285714287 0.1477229166666667
vt 0.12608607142857142 0.1420331547619048
vt 0.12608607142857142 0.16666666666666663
vt 0.38375470238095233 0.7706530357142857
vt 0.31759065476190473 0.7797619047619048
vt 0.31565005952380953 0.7559523809523809
vt 0.3828469642857143 0.7559523809523809
vt 0.05357142857142857 0.41051666666666675
vt 0.05860892857142857 0.3540203571428572
vt 0.05952380952380952 0.3610231547619047
vt 0.05952380952380952 0.4107142857142857
vt 0.8218206547619047 0.1611003571428572
vt 0.8299650595238096 0.1525464880952382
vt 0.8299650595238096 0.17261904761904767
vt 0.8275390476190475 0.5336219642857143
vt 0.8391276190476191 0.5275595238095238
vt 0.8391276190476191 0.5416666666666667
vt 0.07779255952380952 0.36904761904761907
vt 0.07779255952380952 0.30185011904761905
vt 0.08107178571428572 0.3043853571428572
vt 0.08955785714285713 0.36827845238095236
vt 0.08107178571428572 0.3043853571428572
vt 0.09036220238095238 0.31156809523809526
vt 0.08955785714285713 0.36827845238095236
vt 0.1130952380952381 0.3031811904761904
vt 0.1130952380952381 0.35976125000000003
vt 0.10446005952380952 0.36649714285714285
vt 0.10446005952380952 0.36649714285714285
vt 0.10119047619047619 0.36904761904761907
vt 0.10212410714285713 0.30227029761904756
vt 0.1130952380952381 0.3031811904761904
vt 0.6941392261904762 0.884706011904762
vt 0.684890119047619 0.8809523809523809
vt 0.7344479761904762 0.8809523809523809
vt 0.7344479761904762 0.8809523809523809
vt 0.7347527380952381 0.88898375
vt 0.6912452380952381 0.8823052976190476
vt 0.6941392261904762 0.884706011904762
vt 0.7347527380952381 0.88898375
vt 0.714223869047619 0.8928571428571429
vt 0.6912452380952381 0.8823052976190476
vt 0.4054708928571429 0.3032604166666667
vt 0.4054708928571429 0.25356875
vt 0.4089752976190476 0.2633292857142857
vt 0.4089752976190476 0.2633292857142857
vt 0.4113963690476191 0.27007226190476197
vt 0.4121619047619048 0.3035714285714286
vt 0.4054708928571429 0.3032604166666667
vt 0.4113963690476191 0.27007226190476197
vt 0.4159576785714285 0.2827764285714286
vt 0.4121619047619048 0.3035714285714286
vt 0.6307675595238096 0.5
vt 0.6351550595238096 0.5059523809523809
vt 0.6277219047619047 0.5059523809523809
vt 0.6277219047619047 0.5059523809523809
vt 0.6207345238095238 0.5059523809523809
vt 0.6176889880952381 0.5
vt 0.6307675595238096 0.5
vt 0.6207345238095238 0.5059523809523809
vt 0.6133568452380952 0.5059523809523809
vt 0.6176889880952381 0.5
vt 0.28720238095238093 0.8154761904761905
vt 0.28720238095238093 0.833994880952381
vt 0.17508017857142857 0.8402372619047619
vt 0.17410714285714285 0.8154761904761905
vt 0.11988535714285715 0.8236175
vt 0.25297619047619047 0.8265594642857143
vt 0.25297619047619047 0.8474631547619047
vt 0.16982452380952381 0.8630952380952381
vt 0.25297619047619047 0.8474631547619047
vt 0.25297619047619047 0.8630952380952381
vt 0.16982452380952381 0.8630952380952381
vt 0.12834821428571427 0.8526785714285714
vt 0.12834821428571427 0.8663334523809524
vt 0.10756029761904762 0.8526785714285714
vt 0.12834821428571427 0.8663334523809524
vt 0.12834821428571427 0.8782876785714285
vt 0.10756029761904762 0.8782876785714285
vt 0.10756029761904762 0.8782876785714285
vt 0.10756029761904762 0.8526785714285714
vt 0.12834821428571427 0.8663334523809524
vt 0.10639880952380952 0.8671582738095238
vt 0.10639880952380952 0.8719590476190476
vt 0.10449755952380951 0.8674154166666667
vt 0.13690476190476192 0.8693483928571428
vt 0.10875410714285713 0.8705129166666666
vt 0.1315189880952381 0.8669294642857143
vt 0.1346470238095238 0.8675735119047618
vt 0.10875410714285713 0.8705129166666666
vt 0.1088742261904762 0.8676560119047619
vt 0.1307549404761905 0.8664632738095238
vt 0.1315189880952381 0.8669294642857143
vt 0.1088742261904762 0.8676560119047619
vt 0.13077285714285716 0.8648142857142858
vt 0.1307549404761905 0.8664632738095238
vt 0.13170238095238096 0.8604621428571428
vt 0.1316810119047619 0.8652936904761905
vt 0.1088742261904762 0.8676560119047619
vt 0.10863095238095238 0.8561392857142858
vt 0.12834821428571427 0.8526785714285714
vt 0.12834821428571427 0.8782876785714285
vt 0.12126136904761904 0.8782876785714285
vt 0.12126136904761904 0.8782876785714285
vt 0.10756029761904762 0.8782876785714285
vt 0.12834821428571427 0.8526785714285714
vt 0.10756029761904762 0.8782876785714285
vt 0.10756029761904762 0.8526785714285714
vt 0.12834821428571427 0.8526785714285714
vt 0.10863095238095238 0.8561392857142858
vt 0.13218017857142858 0.8566391666666666
vt 0.13229648809523809 0.8575179166666667
vt 0.13229648809523809 0.8575179166666667
vt 0.13170238095238096 0.8604621428571428
vt 0.10863095238095238 0.8561392857142858
vt 0.09523809523809523 0.9774648809523809
vt 0.09523809523809523 0.9896175595238095
vt 0.08929666666666666 0.9898268452380953
vt 0.10863095238095238 0.8734426785714285
vt 0.10875410714285713 0.8705129166666666
vt 0.13690476190476192 0.8693483928571428
vt 0.13514089285714284 0.8715943452380952
vt 0.13392166666666666 0.8726153571428572
vt 0.13690476190476192 0.8693483928571428
vt 0.13690476190476192 0.8693483928571428
vt 0.13392166666666666 0.8726153571428572
vt 0.13293363095238095 0.8734426785714285
vt 0.10863095238095238 0.8734426785714285
vt 0.1212797619047619 0.8589077976190476
vt 0.1212797619047619 0.8824404761904762
vt 0.10379464285714286 0.8824404761904762
vt 0.10379464285714286 0.8589077976190476
vt 0.28720238095238093 0.8154761904761905
vt 0.28720238095238093 0.8526785714285714
vt 0.23376720238095236 0.8225425595238095
vt 0.25297619047619047 0.8080357142857143
vt 0.25297619047619047 0.8265594642857143
vt 0.11988535714285715 0.8236175
vt 0.16982452380952381 0.8080357142857143
vt 0.23376720238095236 0.8225425595238095
vt 0.28720238095238093 0.8526785714285714
vt 0.17410714285714285 0.8526785714285714
vt 0.17329511904761905 0.8321450595238096
vt 0.17329511904761905 0.8321450595238096
vt 0.17480565476190474 0.8317155952380952
vt 0.23376720238095236 0.8225425595238095
vt 0.18154761904761904 0.8139880952380952
vt 0.18154761904761904 0.8299813095238096
vt 0.12053571428571429 0.8289129166666667
vt 0.12053571428571429 0.8139880952380952
vt 0.18154761904761904 0.8299813095238096
vt 0.18154761904761904 0.8449810119047619
vt 0.12053571428571429 0.8441557738095238
vt 0.12053571428571429 0.8289129166666667
vt 0.11049107142857142 0.8698624404761905
vt 0.11049107142857142 0.8752841071428572
vt 0.09523809523809523 0.8754097023809524
vt 0.09523809523809523 0.8694785714285714
vt 0.09523809523809523 0.8754097023809524
vt 0.11049107142857142 0.8752841071428572
vt 0.11049107142857142 0.8824404761904762
vt 0.09523809523809523 0.8824404761904762
vt 0.17508017857142857 0.8402372619047619
vt 0.28720238095238093 0.833994880952381
vt 0.28720238095238093 0.8154761904761905
vt 0.17410714285714285 0.8154761904761905
vt 0.25297619047619047 0.8474631547619047
vt 0.25297619047619047 0.8265594642857143
vt 0.11988535714285715 0.8236175
vt 0.16982452380952381 0.8630952380952381
vt 0.25297619047619047 0.8630952380952381
vt 0.25297619047619047 0.8474631547619047
vt 0.16982452380952381 0.8630952380952381
vt 0.12834821428571427 0.8663334523809524
vt 0.12834821428571427 0.8526785714285714
vt 0.10756029761904762 0.8526785714285714
vt 0.12834821428571427 0.8782876785714285
vt 0.12834821428571427 0.8663334523809524
vt 0.10756029761904762 0.8782876785714285
vt 0.10756029761904762 0.8526785714285714
vt 0.10756029761904762 0.8782876785714285
vt 0.12834821428571427 0.8663334523809524
vt 0.10639880952380952 0.8719590476190476
vt 0.10639880952380952 0.8671582738095238
vt 0.10449755952380951 0.8674154166666667
vt 0.1315189880952381 0.8669294642857143
vt 0.10875410714285713 0.8705129166666666
vt 0.13690476190476192 0.8693483928571428
vt 0.1346470238095238 0.8675735119047618
vt 0.1307549404761905 0.8664632738095238
vt 0.1088742261904762 0.8676560119047619
vt 0.10875410714285713 0.8705129166666666
vt 0.1315189880952381 0.8669294642857143
vt 0.13077285714285716 0.8648142857142858
vt 0.1088742261904762 0.8676560119047619
vt 0.1307549404761905 0.8664632738095238
vt 0.1088742261904762 0.8676560119047619
vt 0.1316810119047619 0.8652936904761905
vt 0.13170238095238096 0.8604621428571428
vt 0.10863095238095238 0.8561392857142858
vt 0.12834821428571427 0.8782876785714285
vt 0.12834821428571427 0.8526785714285714
vt 0.12126136904761904 0.8782876785714285
vt 0.10756029761904762 0.8782876785714285
vt 0.12126136904761904 0.8782876785714285
vt 0.12834821428571427 0.8526785714285714
vt 0.10756029761904762 0.8526785714285714
vt 0.10756029761904762 0.8782876785714285
vt 0.12834821428571427 0.8526785714285714
vt 0.13218017857142858 0.8566391666666666
vt 0.10863095238095238 0.8561392857142858
vt 0.13229648809523809 0.8575179166666667
vt 0.13170238095238096 0.8604621428571428
vt 0.13229648809523809 0.8575179166666667
vt 0.10863095238095238 0.8561392857142858
vt 0.09523809523809523 0.9896175595238095
vt 0.09523809523809523 0.9774648809523809
vt 0.08929666666666666 0.9898268452380953
vt 0.10875410714285713 0.8705129166666666
vt 0.10863095238095238 0.8734426785714285
vt 0.13690476190476192 0.8693483928571428
vt 0.13392166666666666 0.8726153571428572
vt 0.13514089285714284 0.8715943452380952
vt 0.13690476190476192 0.8693483928571428
vt 0.13293363095238095 0.8734426785714285
vt 0.13392166666666666 0.8726153571428572
vt 0.13690476190476192 0.8693483928571428
vt 0.10863095238095238 0.8734426785714285
vt 0.28720238095238093 0.8526785714285714
vt 0.28720238095238093 0.8154761904761905
vt 0.23376720238095236 0.8225425595238095
vt 0.11988535714285715 0.8236175
vt 0.25297619047619047 0.8265594642857143
vt 0.25297619047619047 0.8080357142857143
vt 0.16982452380952381 0.8080357142857143
vt 0.17410714285714285 0.8526785714285714
vt 0.28720238095238093 0.8526785714285714
vt 0.23376720238095236 0.8225425595238095
vt 0.17329511904761905 0.8321450595238096
vt 0.17480565476190474 0.8317155952380952
vt 0.17329511904761905 0.8321450595238096
vt 0.23376720238095236 0.8225425595238095
vt 0.13690476190476192 0.864752619047619
vt 0.13690476190476192 0.8693483928571428
vt 0.10875410714285713 0.8705129166666666
vt 0.17459982142857142 0.8463795833333334
vt 0.17508017857142857 0.8402372619047619
vt 0.28720238095238093 0.833994880952381
vt 0.10875410714285713 0.8705129166666666
vt 0.13690476190476192 0.8693483928571428
vt 0.13690476190476192 0.864752619047619
vt 0.28720238095238093 0.833994880952381
vt 0.17508017857142857 0.8402372619047619
vt 0.17459982142857142 0.8463795833333334
vt 0.9955357142857143 0.3298935119047619
vt 0.9954065476190476 0.4196428571428571
vt 0.9448646428571428 0.4196428571428571
vt 0.9448646428571428 0.3305235119047619
vt 0.9448646428571428 0.3298935119047619
vt 0.9954065476190476 0.3298935119047619
vt 0.9955357142857143 0.4196428571428571
vt 0.9448646428571428 0.4190128571428572
vt 0.7445242261904762 0.8986577976190476
vt 0.7451545833333333 0.8766215476190476
vt 0.7652272023809523 0.8766215476190476
vt 0.7658575595238096 0.8986578571428572
vt 0.9895833333333334 0.43591720238095233
vt 0.9895833333333334 0.45684523809523814
vt 0.9657738095238095 0.4564394047619048
vt 0.9658717857142857 0.4373602976190476
vt 0.7380952380952381 0.4341179761904762
vt 0.7619047619047619 0.43452380952380953
vt 0.7619047619047619 0.4135957738095237
vt 0.7381932142857143 0.415038869047619
vn 0 0.9536700324540911 -0.30085456486317924
vn 0 0.9248907553784843 -0.3802329425699683
vn 0 0.9020533141765257 -0.4316246267106944
vn 0 0.885753394576991 -0.46415614182658116
vn 0 0.8755490215054248 -0.4831292900879569
vn 0 0.8700280037632934 -0.4930023049313855
vn 0 0.8674838029599902 -0.49746542754454137
vn 0 0.8511579399913628 -0.5249096695524476
vn 0 0.9903630460795873 -0.13849562072484942
vn 0 0.8252166366245636 -0.5648163441668831
vn -0.07704095065219806 0.9800290239428091 -0.18332431413293335
vn -0.00014788281160578242 0.999697055079507 0.02461252112310224
vn 0.010707962088636952 0.9998034714717607 0.016684063681381645
vn 0.009280837739030323 0.9998289333054726 0.015999067976070213
vn 0.008295908951172652 0.9998321698535455 0.01633432032943968
vn -0.01042684418966332 0.9999350759356099 0.004596176007339266
vn 0.00230187244964016 0.9999742169319183 -0.006801974317963918
vn 0.6780482946448967 -0.56392345101936 0.4714242797306509
vn 0.002114170892161663 0.9992283904023697 -0.03921930768547746
vn -0.0022304345572752944 0.9995813966723658 -0.02884539110860371
vn -0.0004714401023692846 0.999790746892544 -0.020450921061874076
vn 0.0063632685111441175 0.9995210338593109 -0.030285502912605285
vn -0.8460708418259872 0.5193488824482375 -0.12017016647917357
vn -0.9915630790933793 -0.12544937773984183 0.03263608131414209
vn -0.07930382800350745 0.866137418219222 -0.4934742907432271
vn 0.042581636037076424 0.9878166417387388 -0.14968328756546687
vn 0.10443981352166407 0.9829136628361531 -0.15156865362461147
vn 0.2285044584588686 0.8279801370048541 -0.5120884739865197
vn 0.07606648531047393 0.9682082512547794 -0.23829954262371922
vn 0.09434431539507998 0.9836728240666062 -0.15325444641334662
vn 0.12983540875453992 0.9801870722250255 -0.14958632984492368
vn 0.46688895074951237 0.8673450918342824 -0.1724157746234364
vn 0.4694171151191808 0.8638578011371959 -0.18274920368525477
vn 0.3812003458341241 0.7657763468190925 -0.5179506569050275
vn 0.3869977686623723 0.7597688350418892 -0.5224787501415111
vn 0.3754520498179296 0.7426002788264529 -0.5545994808637937
vn 0.2960776885312445 0.7842337354126268 -0.5452664033247909
vn 0.12833614085991724 0.8541751995818125 -0.5038993583728345
vn 0.282677421464268 0.8074339586154327 -0.5178261077513613
vn 0.3347394987349423 0.8116984325992048 -0.47863882260288293
vn 0.07704095065219806 0.9800290239428091 -0.18332431413293332
vn 0.05071178521267463 0.9855982240659746 -0.16132097060996275
vn 0.34612182154610216 0.8086320581010379 -0.475724583410284
vn 0.35775831377122636 0.8187673372480246 -0.4490312198314815
vn 0.36894185451890626 0.8332481640862288 -0.4118002003776579
vn 0.367445854356276 0.8354383336214187 -0.40868855480947036
vn 0.38120395119088074 0.8526553737500171 -0.3572987002658695
vn 0.3767245138470705 0.8713821578900146 -0.31427977277838015
vn 0.38797949172467167 0.8458829735905012 -0.3659971434188483
vn 0.39300823433622506 0.8881761147618468 -0.23809182453514358
vn 0.07962441858910517 0.8697409695126586 -0.487042706459637
vn 0.07284382912173797 0.8825295683880703 -0.4645808191043292
vn 0.07391134469042054 0.8959006565736047 -0.4380629254765099
vn 0.14119524972771202 0.8612630559978404 -0.48814941342542867
vn 0.20624619108438896 0.8426323512359806 -0.4974266069619767
vn 0.2077965817760236 0.8490622099070244 -0.4857097325666847
vn 0.14226009438072795 0.8678843657864684 -0.475960915590982
vn 0.13828023815583765 0.8837241284441361 -0.44711323011203474
vn 0.2033817820210701 0.8678168815317434 -0.45335384730964207
vn 0.20375123963268654 0.8905551386162517 -0.40669027211421255
vn 0.12798395409008897 0.9132468713529115 -0.3867819275245227
vn 0.06557623647847517 0.9226841749736794 -0.37993903519177885
vn 0.04960243991171255 0.930502642117917 -0.3629110510392053
vn 0.12192583422944314 0.9139753995258779 -0.387018164959949
vn 0.18855207617748468 0.8985346459857626 -0.39633774048455234
vn 0.05345840293295372 0.9520865707005047 -0.3011201770848492
vn 0.11708152770583002 0.9484764080589142 -0.2944221785561155
vn 0.1679950873424721 0.9390420382486128 -0.2999628327488027
vn 0.16911143534459538 0.9439967767802602 -0.2833220920863225
vn 0.21225681307726568 0.8343900187742705 -0.5086652552240573
vn 0.00014788281160578258 0.999697055079507 0.02461252112310224
vn -0.01070796208863695 0.9998034714717607 0.016684063681381645
vn -0.009280837739030327 0.9998289333054726 0.015999067976070216
vn -0.008295908951172654 0.9998321698535455 0.01633432032943968
vn 0.01042684418966332 0.9999350759356099 0.004596176007339265
vn -0.0023018724496401597 0.9999742169319183 -0.006801974317963919
vn -0.6780482946449053 -0.5639234510193447 0.4714242797306568
vn -0.0021141708921616695 0.9992283904023697 -0.03921930768547747
vn 0.0022304345572752952 0.9995813966723658 -0.028845391108603707
vn 0.00047144010236928536 0.999790746892544 -0.02045092106187408
vn -0.006363268511144122 0.999521033859311 -0.030285502912605268
vn 0.8460708418259965 0.5193488824482233 -0.12017016647917089
vn 0.9915630790933774 -0.12544937773985643 0.03263608131414474
vn 0.3462204766553293 0.8161971154928918 -0.462551240627068
vn 0.3462207038880667 0.816196849947439 -0.46255153911226965
vn 0.33688357930746443 0.7934340311821616 -0.5069239510567797
vn 0.3379095285611611 0.7959322009201744 -0.5023037746682192
vn 0.1630085141535649 0.84973398480501 -0.5013784791760074
vn 0.3757215021087817 0.7534411109133715 -0.5395922953849005
vn 0.377870644070182 0.7430015212732008 -0.5524151660985561
vn 0.37300098337865284 0.7495884127934682 -0.5467974742117295
vn 0.14809845060500237 0.8539041141904207 -0.4989134320671981
vn 0.07930382800350746 0.8661374182192219 -0.493474290743227
vn -0.14809845060500235 0.8539041141904208 -0.4989134320671981
vn -0.042581636037076424 0.9878166417387388 -0.1496832875654669
vn -0.10443981352166407 0.9829136628361531 -0.15156865362461147
vn -0.22850445845886866 0.8279801370048541 -0.5120884739865197
vn -0.07606648531047391 0.9682082512547794 -0.23829954262371927
vn -0.09434431539507993 0.9836728240666062 -0.15325444641334687
vn -0.1298354087545403 0.9801870722250254 -0.14958632984492393
vn -0.46688895074951353 0.8673450918342818 -0.1724157746234363
vn -0.46941711511918216 0.8638578011371953 -0.18274920368525474
vn -0.38120034583412626 0.7657763468190903 -0.5179506569050287
vn -0.38699776866237207 0.75976883504189 -0.5224787501415106
vn -0.3754520498179291 0.7426002788264533 -0.5545994808637933
vn -0.29607768853124455 0.7842337354126268 -0.5452664033247909
vn -0.12833614085991737 0.8541751995818125 -0.5038993583728345
vn -0.282677421464268 0.8074339586154327 -0.5178261077513613
vn -0.33473949873494224 0.8116984325992048 -0.47863882260288293
vn -0.05071178521267463 0.9855982240659746 -0.16132097060996275
vn -0.34612182154610227 0.808632058101038 -0.47572458341028334
vn -0.3577583137712266 0.8187673372480242 -0.4490312198314821
vn -0.36894185451890626 0.8332481640862288 -0.4118002003776578
vn -0.3674458543562763 0.8354383336214192 -0.4086885548094695
vn -0.3812039511908806 0.8526553737500164 -0.35729870026587063
vn -0.37672451384707095 0.8713821578900148 -0.3142797727783794
vn -0.3879794917246718 0.8458829735905011 -0.3659971434188482
vn -0.39300823433622517 0.8881761147618469 -0.23809182453514333
vn -0.0796244185891052 0.8697409695126586 -0.48704270645963693
vn -0.07284382912173802 0.8825295683880703 -0.4645808191043292
vn -0.07391134469042053 0.8959006565736045 -0.4380629254765098
vn -0.14119524972771202 0.8612630559978404 -0.4881494134254286
vn -0.206246191084389 0.8426323512359806 -0.4974266069619767
vn -0.20779658177602361 0.8490622099070244 -0.4857097325666847
vn -0.14226009438072795 0.8678843657864684 -0.475960915590982
vn -0.13828023815583762 0.8837241284441361 -0.4471132301120347
vn -0.20338178202107007 0.8678168815317433 -0.45335384730964196
vn -0.20375123963268657 0.8905551386162518 -0.4066902721142127
vn -0.12798395409008897 0.9132468713529115 -0.3867819275245226
vn -0.06557623647847516 0.9226841749736794 -0.37993903519177885
vn -0.049602439911712544 0.930502642117917 -0.3629110510392053
vn -0.12192583422944314 0.9139753995258779 -0.387018164959949
vn -0.1885520761774847 0.8985346459857626 -0.3963377404845524
vn -0.05345840293295372 0.9520865707005047 -0.3011201770848492
vn -0.11708152770583002 0.9484764080589142 -0.2944221785561155
vn -0.16799508734247176 0.9390420382486128 -0.2999628327488027
vn -0.16911143534459513 0.9439967767802603 -0.28332209208632203
vn -0.21225681307726568 0.8343900187742705 -0.5086652552240573
vn -0.3462204766553298 0.8161971154928921 -0.46255124062706693
vn -0.3462207038880667 0.816196849947439 -0.46255153911226965
vn -0.3368835793074644 0.7934340311821616 -0.5069239510567797
vn -0.3379095285611614 0.7959322009201741 -0.5023037746682196
vn -0.16300851415356493 0.84973398480501 -0.5013784791760074
vn -0.37572150210878086 0.7534411109133715 -0.5395922953849007
vn -0.37787064407018217 0.7430015212732012 -0.5524151660985555
vn -0.37300098337865195 0.7495884127934687 -0.5467974742117295
vn -0.0008540897348478659 -0.0017864167538635188 -0.9999980396210318
vn -0.0008486087063081731 -0.001790858005509052 -0.9999980363435059
vn -0.0008499154646985783 -0.0017874322478626415 -0.9999980413629129
vn -0.0007157295211826955 -0.0022369369453749907 -0.999997241918374
vn -0.0006326426143041913 -0.0025766620187229186 -0.9999964802818878
vn -0.000645871286991516 -0.0025128346533931176 -0.9999966342504787
vn -0.0006458650916652581 -0.0025129221818505545 -0.999996634034531
vn -0.000645860393197194 -0.002512789290980719 -0.9999966343715022
vn -0.0006651757878426281 -0.002760371040873511 -0.9999959689383193
vn -0.0006890099099641245 -0.0029068214055185644 -0.9999955378173747
vn -0.0007614545208995375 -0.0032061243222407327 -0.9999945704621815
vn -0.0008685162190197258 -0.0035265312320077844 -0.999993404606774
vn -0.0008643467943686973 -0.0035194948409808502 -0.999993433008779
vn -0.0008637592519424637 -0.0035195669327990633 -0.9999934332627192
vn -0.0010318755463974364 -0.0032125991337093192 -0.9999943072036276
vn -0.0011897178250981073 -0.002860581204777949 -0.9999952008118177
vn -0.001251599425231349 -0.002659421445795736 -0.9999956804788971
vn -0.0012477396547673485 -0.0026840465830629844 -0.9999956195102527
vn -0.0012444391838023836 -0.002661776658120642 -0.9999956831487524
vn -0.0011675340782867848 -0.0024304952166057975 -0.9999963647719816
vn -0.0010301499092985407 -0.0021222221483805856 -0.9999972174782875
vn -0.0008464858443785777 -0.0017812975261983941 -0.9999980552185281
vn 0.008955514777098892 0.9999558980347247 -0.0028285580504199864
vn 0.009164504960320443 0.9999540040048108 -0.0028287317969652036
vn 0.009538713393009638 0.9999505031589835 -0.0028291657607558314
vn 0.010269713183571295 0.9999432603210736 -0.0028300405631446483
vn 0.29763162514201846 0.9546762385170565 -0.0029487838587476476
vn 0.7996218515460056 0.6004967980400825 -0.002913773111729587
vn 0.7972581477023705 0.6036337774656816 -0.0023892728385842155
vn -0.29373807679928443 0.9558828161883962 -0.0024462121736552552
vn -0.7636984960827232 0.645571488039657 -0.001435587423406162
vn -0.9999980404269196 0.0014955733020818084 0.0012970747159808383
vn -0.8520062495522647 -0.5235269688948255 0.0022053488796242153
vn -0.3252312887346636 -0.9456299128529276 0.0029456316392782417
vn -0.009128234143940657 -0.9999543386576292 0.0028277095319452763
vn -0.00945742610266903 -0.9999512637807243 0.0028332234019430233
vn -0.008851830939560018 -0.9999585972958241 0.002109213878520242
vn 0.19422749751461263 -0.9809530713654222 0.0025982663366011438
vn 0.8006721484781124 0.5990980173174072 -0.0023824982256573455
vn 0.9231020453909609 -0.3845549686215107 0.0002998391798170034
vn 0.5947866013462956 -0.8033880114585689 -0.028224136896806324
vn 0.802316246338296 0.596894475671614 -0.0023718714838061403
vn 0.0008540897348478659 -0.0017864167538635188 -0.9999980396210318
vn 0.0008486087063081731 -0.001790858005509052 -0.9999980363435059
vn 0.0008499154646985783 -0.0017874322478626406 -0.9999980413629129
vn 0.0007157295211826957 -0.0022369369453749907 -0.999997241918374
vn 0.0006326426143041901 -0.0025766620187229194 -0.9999964802818878
vn 0.0006458712869915157 -0.0025128346533931168 -0.9999966342504787
vn 0.0006458650916652575 -0.00251292218185056 -0.999996634034531
vn 0.0006458603931971934 -0.0025127892909807175 -0.9999966343715022
vn 0.0006651757878426269 -0.0027603710408735035 -0.9999959689383193
vn 0.0006890099099641262 -0.0029068214055185736 -0.9999955378173747
vn 0.0007614545208995347 -0.003206124322240725 -0.9999945704621815
vn 0.0008685162190197256 -0.0035265312320077844 -0.999993404606774
vn 0.0008643467943686971 -0.00351949484098085 -0.999993433008779
vn 0.0008637592519424638 -0.003519566932799063 -0.9999934332627192
vn 0.0010318755463974369 -0.003212599133709317 -0.9999943072036276
vn 0.0011897178250981073 -0.002860581204777949 -0.9999952008118177
vn 0.0012515994252313492 -0.0026594214457957353 -0.9999956804788971
vn 0.0012477396547673485 -0.0026840465830629844 -0.9999956195102527
vn 0.0012444391838023836 -0.002661776658120642 -0.9999956831487524
vn 0.001167534078286785 -0.0024304952166057975 -0.9999963647719816
vn 0.0010301499092985407 -0.002122222148380585 -0.9999972174782875
vn 0.0008464858443785776 -0.0017812975261983944 -0.9999980552185282
vn -0.008955514777098893 0.9999558980347247 -0.0028285580504199864
vn -0.009164504960320442 0.9999540040048109 -0.0028287317969652036
vn -0.00953871339300964 0.9999505031589835 -0.002829165760755831
vn -0.01026971318357129 0.9999432603210736 -0.002830040563144648
vn -0.29763162514201846 0.9546762385170565 -0.0029487838587476467
vn -0.7996218515460056 0.6004967980400825 -0.002913773111729585
vn -0.797258147702367 0.6036337774656865 -0.002389272838584232
vn 0.2937380767992845 0.9558828161883962 -0.0024462121736552557
vn 0.7636984960827231 0.6455714880396569 -0.0014355874234061598
vn 0.9999980404269198 0.0014955733020818088 0.0012970747159808387
vn 0.8520062495522644 -0.5235269688948255 0.002205348879624214
vn 0.3252312887346637 -0.9456299128529277 0.0029456316392782456
vn 0.009128234143940657 -0.9999543386576292 0.002827709531945277
vn 0.00945742610266903 -0.9999512637807243 0.0028332234019430233
vn 0.008851830939560018 -0.9999585972958241 0.002109213878520242
vn -0.1942274975146127 -0.9809530713654224 0.0025982663366011165
vn -0.8006721484781124 0.5990980173174073 -0.002382498225652341
vn -0.9231020453909571 -0.38455496862151967 0.00029983917982112456
vn -0.5947866013462932 -0.8033880114585707 -0.028224136896798892
vn -0.802316246338296 0.596894475671614 -0.0023718714838061425
vn 0.5178289653950691 0.7535307994298078 -0.4050240695422274
vn 0.5984689056502097 0.6964603324112675 -0.395951984901487
vn 0.648182070782253 0.6793637166032266 -0.34398392939130334
vn 0.8864621865145599 0.226631939212546 -0.4035130183879907
vn 0.9705022280333654 0.2391486535639553 -0.03055072635504546
vn 0.9857075743924417 0.16618645397001494 -0.027615942899735083
vn 0.18360126454915632 0.8174511288004199 -0.5459525873909477
vn 0.20670176617072894 0.7697019856477573 -0.6040142656856718
vn 0.17083533115261443 0.8484247024164291 -0.5009898341878508
vn 0.9869661611967694 0.16092792378115417 0
vn 0 0.8313835799755295 -0.5556989679197474
vn 0.2559559709855738 -0.615659529717737 -0.7452851027523408
vn -0.3208793029276853 0.5991958551028046 0.7334853783002505
vn -0.4476151964028339 0.883831672411651 0.13594929492747243
vn 0.4251441432229184 -0.8849598443116499 -0.18999613532688317
vn 0.17366084386868952 -0.9847952281693751 -0.0045022085294760626
vn -0.17366260188781646 0.9848051975372231 -0.00015365293709319804
vn 0.0004555907847225031 -0.0025835624243073793 -0.9999965588151974
vn -0.17365708669720836 0.9847739220160846 0.007971120178307605
vn 0.9848078483487193 0.17364545133994638 0.0008712403298204447
vn 0.9846251285276476 0.17361606486497724 -0.019256642820425624
vn 0.9796517002839116 0.19909165692705416 -0.025397997418723155
vn 0.9796515394125502 0.19909238081226938 -0.025398528089695695
vn 0.9790846463805015 0.20340385901450522 0.004486129732357983
vn 0.9790833269910468 0.20341007641601058 0.004492173257532612
vn 0.9768576237258998 0.20392675767314872 -0.06452178293805454
vn 0.9790836386529559 0.20340877102542287 0.004483346073545509
vn 0.9790813750888081 0.20341985300299398 0.004474858483695886
vn 0.9790846554109517 0.20340394331605693 0.004480332833198873
vn 0.9790826605959069 0.20341366671116132 0.004474808997161825
vn 0.5807930143846333 -0.6359769194739034 0.5081464674072778
vn 0.5807848237651536 -0.6359818606323937 0.5081496447215506
vn 0.15342530263646725 0.8127150762226089 -0.5620986402682252
vn 0.1931584126317921 0.7959104749489021 -0.5737737737960665
vn 0.2621585332094574 0.7485511453515521 -0.6090517927552183
vn 0.2825697612856535 0.7638813634847775 -0.5802065085188257
vn 0.7977839966097209 0.4812259723896539 -0.3632660984059113
vn 0.8050339057916761 0.4791841825911627 -0.3497183576540391
vn 0.8546674084565765 0.39377045715365344 -0.3383614162328827
vn 0.6991367408885196 0.5731941713446189 -0.4273830360184347
vn 0.37498086663619173 0.7361602582409856 -0.5634336019828211
vn 0.8164090447669371 0.45278940271048107 -0.35841041895545267
vn 0.9745448734923466 -0.1838080159850312 0.1283623886090972
vn -0.9769570674852429 0.15473944256651292 -0.14700541896419883
vn -0.5551943468203422 0.44681985058339335 -0.7015064207713052
vn 0.0002972127082369175 -0.0016854326531104966 0.9999985354896166
vn -0.0024174814884315205 0.013709044485556661 -0.9999031042468796
vn 0.1047446932858156 -0.593985793377421 0.7976273732102331
vn 0 0.8222790236640442 -0.569084534355052
vn 0.3264888323028556 -0.6479431743521789 0.6881676287009872
vn 0.9898110278843951 -0.1017694554295409 -0.09958467261588061
vn 0.8509538012668371 -0.5180347053864501 -0.08670451040571367
vn 0.9954476363921233 -0.09092810870147895 -0.02856715332873055
vn 0.9879864294428361 -0.1485448265665436 -0.042629212250653505
vn 0.9999802246839303 0.0049232894490496715 -0.003912986337477684
vn 0.9956720209018195 -0.09184287072979544 -0.014216676453971294
vn 0.9997345281847446 0.003919379405353309 -0.022704880979716624
vn 0.9998494409864574 -0.013363264772348267 -0.011068808142377389
vn 0.9999481783470068 -0.009930186165275037 0.002243217159770871
vn 0.9960950102120852 -0.0034374001825196207 -0.08822083036659281
vn 0.9919714618733076 0.003853104412317017 -0.12640321362734822
vn 0.9886242002989526 0.017228656954042864 -0.14941674592500087
vn 0.9606507910771225 0.06367262341535737 -0.27036245048139507
vn 0.9433823936531304 0.0867156795458514 -0.320171907365702
vn 0.9285990184955638 0.10579572840760057 -0.35568402648949676
vn 0.9135239274381207 0.13231516242802446 -0.3846644405058474
vn 0.8917352794682465 0.174025122227221 -0.41776003660652977
vn 0.8791668467431359 0.24021931823627882 -0.41153412341363527
vn 0.8360727205133254 0.2231915108482672 -0.5011665945558573
vn 0.8150430830714188 -0.567976285384237 -0.1144889164004973
vn 0.8035594669466432 -0.5807123454089573 -0.13063443255916374
vn 0.788446623680679 -0.5667830881078186 -0.23897458576489378
vn 0.7708860605246426 -0.5910402755546309 -0.23749963023361365
vn 0.7452200785607882 -0.6148248599968651 -0.25814225930615864
vn 0.7038893347309602 -0.6473442864867541 -0.2923784862211335
vn 0.6749215316837279 -0.7135059654070856 -0.18812273493172912
vn 0.6310432105889183 -0.7503802430724698 -0.19675862668795882
vn 0.9999898832245017 0.0027763830789153234 0.0035390882508107542
vn 0.99999513255572 0.0028539872265754868 -0.0012608020377455195
vn 0.5801303916871446 -0.7795679636563553 -0.23605617696134049
vn 0.5501522569009055 -0.7974578065156217 -0.2477772004324315
vn 0.8221304103137552 -0.5689009496224117 -0.021290795101525286
vn 0.8204231625906316 -0.567459839152003 -0.06996545743700414
vn 0.514157222818447 -0.7935680717398405 -0.3254106109805475
vn 0.6008044239984802 -0.7521583542645476 -0.2707246834219255
vn 0.6371847790963523 -0.725783443944758 -0.25929510173472076
vn 0.7134785877429002 -0.664412623940893 -0.222495325749496
vn 0.7550934885061302 -0.6229015013413793 -0.2045178311108804
vn 0.8185120101855988 -0.5429614902612766 -0.18769898581288
vn 0.8151824339251277 -0.5559371525033371 -0.16251609731465524
vn 0.8429572109015002 -0.5196538582585948 -0.1392228723526421
vn 0.8429315888029042 -0.5194128129556714 -0.14027354111053267
vn 0.8414513018519763 -0.5224459815815177 -0.13787640458373998
vn 0.8357600853375102 -0.536655221617911 -0.11621640532587658
vn 0.8415992971071935 -0.5350324648558896 -0.07383010672421565
vn 0.8240904596868356 -0.5660561057777553 -0.021340088211231612
vn 0.6222104819429017 0.5148784958223679 -0.5897069193252508
vn 0.6641749179212328 0.5114102335370007 -0.5452808922362437
vn 0.6985706929392153 0.49204115650241115 -0.5195137026818393
vn 0.7158149331103654 0.4887707099579263 -0.4987105118437227
vn 0.7220673005343134 0.49791675205639996 -0.4803100264627997
vn 0.7428087480656547 0.4963629481326338 -0.44928719937053085
vn 0.7539669731678167 0.5094587368838636 -0.41471146449653334
vn 0.7657208731998718 0.5348970535560953 -0.35715078950358414
vn 0.7800065016174161 0.5165769520570445 -0.3531828280622008
vn 0.8050566791843098 0.5267639015770686 -0.27277011437478943
vn 0.8006707644961264 0.5591020613232924 -0.215246862707065
vn 0.802930052315735 0.5606951174688137 -0.20229759349751164
vn 0.8043844515772858 0.576720686850463 -0.14268462923328323
vn 0.830852876710712 0.5461356527183286 -0.10686134049065417
vn 0.49868171974130987 0.46098555801498037 -0.7340360057227896
vn 0.6198296735389018 0.39125731079561704 -0.6802417897701084
vn 0.7698990231868473 0.2971612327308296 -0.5647572008021079
vn 0.8894194689730032 0.20336074985412658 -0.40936220347089763
vn 0.9254985559185167 0.17621243244987095 -0.3352634809263308
vn 0.9222100977245861 0.18313770911363875 -0.34057174744158986
vn 0.914887726583918 0.19442935324267413 -0.3538045708350104
vn 0.9135860885107524 0.20241189583791466 -0.35268949984784764
vn 0.9254655600928959 0.2038953208860599 -0.31928074668340617
vn 0.9498546146943113 0.1941630848052486 -0.24510591066482093
vn 0.9590901021383421 0.20176097415461464 -0.1985917553385485
vn 0.9619991196595598 0.21379792485321844 -0.16984740534576823
vn 0.958926217072107 0.22860193280102886 -0.16793351818922958
vn 0.9628870049774384 0.23978816066235806 -0.12389614058453008
vn 0.9626656371296736 0.26030281012133843 -0.07427865193078234
vn 0.9527421964456669 0.30257692817045717 -0.02700943632911093
vn 0.20208614052749668 0.5370322938152469 -0.8189978676444984
vn 0.40376747047458655 0.4843455708269712 -0.7761322038202315
vn 0.9320296901923472 0.36156603177513164 0.02430352374332378
vn 0.8421400390975726 0.5346408242395533 0.0704226072024461
vn 0.47275776651584955 -0.8264506780687955 -0.3057439630124757
vn 0.2841579332521493 -0.6393008042098289 -0.7145269419038957
vn 0.3796568972281857 -0.6274818887960989 -0.6797993230505214
vn 0.4636088211242809 -0.6237759208624257 -0.6292618386077352
vn 0.6041479741937799 -0.5791637845054329 -0.5473340259794712
vn 0.7619156299819105 -0.4937590225498058 -0.41914985439569097
vn 0.8320574680753212 -0.418603758384894 -0.3639385432818666
vn 0.8130294170072673 -0.4472571886127266 -0.3727521620528353
vn 0.8010674671329715 -0.4608137544567224 -0.3820230317725166
vn 0.7754744660562246 -0.5017516073060312 -0.38325536794757037
vn 0.8166960904280399 -0.45498015339010117 -0.35496557002148105
vn 0.8810676790628077 -0.3698844139165144 -0.2947969898973092
vn 0.922697579359911 -0.29853252434296895 -0.24394160971998144
vn 0.9424825340701986 -0.2560958852662805 -0.21480589033426734
vn 0.9357619843616618 -0.2766593667119716 -0.2186529291687076
vn 0.9739636557906919 -0.1578720661163994 -0.16269974781470994
vn 0.9956176775043192 0.010737960942686042 -0.09289852762933838
vn 0.9527068375073354 0.30388950011746035 0.0009238425902971502
vn 0.18985619045547725 0.5452426924333595 -0.8164955806945647
vn 0.34132525111572415 0.5221034700518657 -0.7816041450188121
vn 0.1612815113612198 -0.6592923776451383 -0.7343853449464124
vn 0.496690248697528 0.46843959076747743 -0.7306593916801357
vn 0.6161628889045383 0.4053122048675981 -0.6753260774782652
vn 0.7650440970792931 0.3184128212940392 -0.5597506630274764
vn 0.8892330406404234 0.2212839273287413 -0.4003723553635484
vn 0.9223512586219548 0.20818651589872586 -0.32546356219467254
vn 0.9188254619646988 0.22065616282722 -0.3272164852994502
vn 0.910481278931947 0.24829712627550096 -0.33071494946218316
vn 0.903564425335608 0.27039406017566486 -0.3323527967230781
vn 0.9192955460708174 0.25456332891942485 -0.30015531070400625
vn 0.9410654795200037 0.24834517495895983 -0.22960931455493966
vn 0.9527607740720305 0.24389851867721019 -0.18099839771867518
vn 0.9531353097633531 0.2624233091512449 -0.15055593012706986
vn 0.9440642932557425 0.2946695272612223 -0.1480286455493784
vn 0.9512027247354268 0.2907642651601013 -0.10329336165410903
vn 0.9486675361342713 0.31063173575962716 -0.05947966563366209
vn 0.9525207508992134 0.3041629079182148 -0.013752983426672239
vn 0.7416524843061866 0.6637488126995326 0.09689740018402268
vn 0.8287243495964454 0.5525532021591787 0.08888706975475426
vn 0.3705984649460052 -0.8496249044304961 -0.375225664835356
vn 0.2952857984194691 -0.8595403982753519 -0.41712899801431474
vn 0.2370920934476347 -0.8700817597807394 -0.43214010519907736
vn 0.19088714580564928 -0.8796389659715151 -0.4356574194372646
vn 0.1437139448838023 -0.8845109522722989 -0.4438318120147388
vn 0.08631093076138863 -0.8857281288003424 -0.4561097511377575
vn 0 0.5543985871275541 -0.8322512881281541
vn 0 0.5516355195604192 -0.8340852795483843
vn 0 -0.6660462849702088 -0.745910414377882
vn 0 -0.8882173611999693 -0.4594234639882507
vn -0.2559559709855739 -0.6156595297177365 -0.745285102752341
vn 0.32087930292768524 0.5991958551028046 0.7334853783002506
vn 0.4476151964028339 0.883831672411651 0.13594929492747246
vn -0.4251441432229132 -0.8849598443116528 -0.1899961353268819
vn -0.17366084386868713 -0.9847952281693757 -0.00450220852947612
vn 0.17366260188781404 0.9848051975372234 -0.0001536529370934364
vn -0.0004555907847224913 -0.0025835624243073798 -0.9999965588151974
vn 0.1736570866972059 0.9847739220160849 0.00797112017830752
vn -0.9848078483487197 0.1736454513399445 0.0008712403298200901
vn -0.9846251285276477 0.17361606486497688 -0.019256642820425537
vn -0.9796517002839112 0.1990916569270555 -0.025397997418723478
vn -0.9796515394125502 0.19909238081226907 -0.025398528089695865
vn -0.9790846463805026 0.20340385901450073 0.004486129732353598
vn -0.9790833269910472 0.20341007641600983 0.004492173257531963
vn -0.9768576237259001 0.20392675767314872 -0.06452178293804967
vn -0.9790836386529559 0.20340877102542293 0.004483346073540976
vn -0.9790813750888113 0.203419853002978 0.004474858483699689
vn -0.9790846554109528 0.20340394331605235 0.004480332833199359
vn -0.9790826605959073 0.20341366671115893 0.004474808997165716
vn -0.5807930143846259 -0.6359769194739073 0.508146467407281
vn -0.5807848237651474 -0.6359818606323971 0.5081496447215536
vn -0.15342530263646761 0.8127150762226089 -0.5620986402682251
vn -0.19315841263179198 0.795910474948902 -0.5737737737960664
vn -0.26215853320945726 0.7485511453515524 -0.609051792755218
vn -0.2825697612856557 0.763881363484777 -0.5802065085188253
vn -0.7977839966097185 0.48122597238965714 -0.36326609840591156
vn -0.8050339057916769 0.4791841825911619 -0.349718357654038
vn -0.85466740845658 0.3937704571536462 -0.3383614162328829
vn -0.699136740888518 0.5731941713446201 -0.42738303601843586
vn -0.37498086663619545 0.7361602582409845 -0.56343360198282
vn -0.8164090447669411 0.4527894027104776 -0.3584104189554479
vn -0.9745448734923464 -0.18380801598503133 0.1283623886090973
vn 0.976957067485236 0.154739442566538 -0.14700541896421787
vn 0.5551943468203431 0.44681985058339363 -0.7015064207713047
vn -0.0002972127082369131 -0.0016854326531104977 0.9999985354896166
vn 0.002417481488431502 0.013709044485556666 -0.9999031042468796
vn -0.10474469328581473 -0.5939857933774213 0.7976273732102329
vn -0.5178289653950706 0.7535307994298062 -0.40502406954222864
vn -0.5984689056502079 0.696460332411268 -0.3959519849014888
vn -0.6481820707822528 0.6793637166032267 -0.3439839293913037
vn -0.8864621865145595 0.22663193921254604 -0.40351301838799103
vn -0.9705022280333654 0.2391486535639553 -0.030550726355045157
vn -0.9857075743924402 0.16618645397002385 -0.02761594289973514
vn -0.1836012645491563 0.8174511288004198 -0.5459525873909477
vn -0.2067017661707304 0.7697019856477566 -0.6040142656856718
vn -0.17083533115261432 0.8484247024164293 -0.5009898341878506
vn -0.3264888323028766 -0.647943174352176 0.6881676287009799
vn -0.9898110278843953 -0.10176945542954223 -0.09958467261587672
vn -0.8509538012668358 -0.5180347053864524 -0.08670451040571024
vn -0.9954476363921233 -0.0909281087014796 -0.028567153328728688
vn -0.9879864294428361 -0.14854482656654458 -0.04262921225065366
vn -0.9999802246839303 0.0049232894490496715 -0.003912986337477686
vn -0.9956720209018195 -0.09184287072979508 -0.014216676453968784
vn -0.9997345281847446 0.003919379405353542 -0.022704880979716624
vn -0.9998494409864574 -0.013363264772348523 -0.011068808142377375
vn -0.9999481783470068 -0.00993018616527531 0.002243217159768622
vn -0.9960950102120852 -0.003437400182520224 -0.08822083036659258
vn -0.9919714618733079 0.0038531044123163603 -0.12640321362734672
vn -0.9886242002989525 0.017228656954042507 -0.1494167459250023
vn -0.9606507910771236 0.06367262341535615 -0.27036245048139146
vn -0.9433823936531287 0.08671567954585271 -0.32017190736570633
vn -0.9285990184955645 0.10579572840760063 -0.35568402648949493
vn -0.9135239274381208 0.13231516242802524 -0.38466444050584686
vn -0.8917352794682479 0.17402512222721828 -0.41776003660652783
vn -0.8791668467431354 0.24021931823628181 -0.4115341234136343
vn -0.8360727205133249 0.22319151084826994 -0.5011665945558564
vn -0.8150430830714187 -0.5679762853842373 -0.11448891640049708
vn -0.8035594669466428 -0.5807123454089579 -0.1306344325591627
vn -0.7884466236806781 -0.5667830881078186 -0.23897458576489675
vn -0.7708860605246428 -0.5910402755546318 -0.23749963023361037
vn -0.745220078560788 -0.6148248599968654 -0.25814225930615853
vn -0.7038893347309604 -0.647344286486754 -0.2923784862211336
vn -0.6749215316837285 -0.7135059654070852 -0.18812273493172857
vn -0.6310432105889188 -0.7503802430724694 -0.1967586266879581
vn -0.9999898832245017 0.0027763830789147665 0.003539088250810748
vn -0.99999513255572 0.002853987226574935 -0.0012608020377458413
vn -0.5801303916871442 -0.7795679636563554 -0.23605617696134168
vn -0.5501522569009067 -0.7974578065156213 -0.24777720043243048
vn -0.8221304103137557 -0.5689009496224107 -0.021290795101527354
vn -0.8204231625906312 -0.5674598391520039 -0.06996545743700132
vn -0.514157222818447 -0.7935680717398406 -0.32541061098054747
vn -0.6008044239984816 -0.7521583542645469 -0.27072468342192446
vn -0.6371847790963362 -0.725783443944774 -0.25929510173471565
vn -0.7134785877429171 -0.6644126239408734 -0.22249532574950043
vn -0.7550934885061072 -0.6229015013414096 -0.2045178311108723
vn -0.8185120101855837 -0.5429614902613014 -0.18769898581287556
vn -0.815182433925127 -0.5559371525033374 -0.16251609731465697
vn -0.8429572109015008 -0.5196538582585948 -0.13922287235263972
vn -0.8429315888029109 -0.5194128129556603 -0.14027354111053508
vn -0.8414513018519891 -0.5224459815814965 -0.13787640458374031
vn -0.8357600853375288 -0.5366552216178808 -0.11621640532588304
vn -0.8415992971071875 -0.5350324648558992 -0.07383010672421508
vn -0.8240904596868123 -0.5660561057777892 -0.021340088211233083
vn -0.6222104819429185 0.5148784958223496 -0.5897069193252493
vn -0.6641749179212244 0.5114102335370109 -0.5452808922362444
vn -0.6985706929392148 0.4920411565024109 -0.5195137026818402
vn -0.7158149331103613 0.48877070995793237 -0.4987105118437226
vn -0.7220673005343092 0.4979167520564058 -0.4803100264627995
vn -0.7428087480656628 0.4963629481326215 -0.4492871993705309
vn -0.7539669731677986 0.5094587368838874 -0.4147114644965367
vn -0.765720873199876 0.5348970535560891 -0.3571507895035847
vn -0.7800065016174026 0.5165769520570627 -0.3531828280622037
vn -0.8050566791842955 0.5267639015770874 -0.27277011437479515
vn -0.8006707644961264 0.5591020613232921 -0.21524686270706578
vn -0.8029300523157205 0.5606951174688323 -0.2022975934975171
vn -0.8043844515772717 0.5767206868504817 -0.14268462923328765
vn -0.8308528767107027 0.5461356527183422 -0.10686134049065674
vn -0.9073541745420105 -0.22210615374529774 -0.3568995074382381
vn -0.9930040505327816 -0.11774445293270545 -0.008899406107532187
vn -0.9834796255552777 -0.11693725253432827 -0.13817924984372296
vn -0.9648982379101569 -0.226965724166598 -0.13212853791443377
vn -0.9486980226592729 -0.22118330498140146 -0.2259424869295061
vn -0.9315356479847089 -0.20689697247748473 -0.29905681619611935
vn -0.9222138464529936 -0.22529267431275973 -0.3142687262700171
vn -0.8714286970910252 -0.26704973876888055 -0.4114565139959644
vn -0.9372766811318205 -0.21162312306537676 -0.2769983335519838
vn -0.9705306571872938 -0.2019075860100295 -0.1315430354340452
vn -0.9661176059561817 -0.2010643111473591 -0.16183298256021353
vn -0.9687279675228737 -0.1895530400848914 -0.1601117420228067
vn -0.9888579178637548 -0.14845746230888238 0.010972700805480769
vn -0.9845924698194611 -0.17361056457446702 0.020905507478850918
vn -0.4986817197413098 0.46098555801498037 -0.7340360057227896
vn -0.6198296735389018 0.39125731079561704 -0.6802417897701084
vn -0.7698990231868473 0.2971612327308296 -0.5647572008021079
vn -0.8894194689730032 0.2033607498541266 -0.40936220347089775
vn -0.9254985559185166 0.17621243244987092 -0.33526348092633074
vn -0.922210097724586 0.18313770911363875 -0.34057174744158974
vn -0.914887726583918 0.19442935324267405 -0.3538045708350104
vn -0.9135860885107524 0.20241189583791466 -0.35268949984784764
vn -0.9254655600928959 0.20389532088605997 -0.3192807466834061
vn -0.9498546146943113 0.19416308480524863 -0.24510591066482093
vn -0.9590901021383411 0.20176097415461547 -0.19859175533855125
vn -0.9619991196595625 0.21379792485321153 -0.16984740534576118
vn -0.9589262170721041 0.2286019328010363 -0.16793351818923663
vn -0.9628870049774391 0.23978816066235722 -0.12389614058452712
vn -0.9626656371296749 0.2603028101213325 -0.07427865193078607
vn -0.9527421964456727 0.3025769281704397 -0.0270094363291062
vn -0.20208614052749665 0.5370322938152469 -0.8189978676444984
vn -0.4037674704745865 0.4843455708269711 -0.7761322038202315
vn -0.9320296901923467 0.3615660317751325 0.02430352374332007
vn -0.842140039097558 0.534640824239576 0.07042260720244886
vn -0.47275776651584944 -0.8264506780687955 -0.3057439630124758
vn -0.2841579332521494 -0.639300804209829 -0.7145269419038957
vn -0.3796568972281857 -0.6274818887960989 -0.6797993230505215
vn -0.4636088211242811 -0.6237759208624256 -0.6292618386077352
vn -0.6041479741937799 -0.579163784505433 -0.5473340259794712
vn -0.7619156299819105 -0.4937590225498058 -0.41914985439569097
vn -0.8320574680753214 -0.418603758384894 -0.36393854328186664
vn -0.8130294170072673 -0.4472571886127266 -0.37275216205283523
vn -0.8010674671329715 -0.4608137544567224 -0.38202303177251656
vn -0.7754744660562246 -0.5017516073060313 -0.38325536794757037
vn -0.8166960904280399 -0.4549801533901013 -0.35496557002148105
vn -0.8810676790628077 -0.3698844139165144 -0.2947969898973092
vn -0.922697579359911 -0.2985325243429689 -0.24394160971998144
vn -0.9424825340702023 -0.25609588526627086 -0.21480589033426253
vn -0.9357619843616576 -0.2766593667119822 -0.21865292916871243
vn -0.973963655790689 -0.15787206611641416 -0.16269974781471197
vn -0.9956176775043194 0.010737960942706055 -0.09289852762933513
vn -0.9527068375073354 0.30388950011746035 0.0009238425902971532
vn -0.18985619045547736 0.5452426924333597 -0.8164955806945648
vn -0.3413252511157242 0.5221034700518659 -0.7816041450188123
vn -0.16128151136121976 -0.6592923776451384 -0.7343853449464124
vn -0.496690248697528 0.46843959076747743 -0.7306593916801357
vn -0.6161628889045383 0.4053122048675981 -0.6753260774782652
vn -0.7650440970792931 0.3184128212940392 -0.5597506630274764
vn -0.8892330406404234 0.2212839273287414 -0.4003723553635485
vn -0.9223512586219548 0.2081865158987259 -0.32546356219467254
vn -0.9188254619646987 0.22065616282722006 -0.3272164852994502
vn -0.910481278931947 0.24829712627550088 -0.33071494946218316
vn -0.903564425335608 0.2703940601756649 -0.3323527967230781
vn -0.9192955460708174 0.25456332891942485 -0.30015531070400625
vn -0.9410654795200037 0.24834517495895983 -0.22960931455493971
vn -0.9527607740720305 0.24389851867721024 -0.1809983977186752
vn -0.9531353097633524 0.26242330915125056 -0.15055593012706495
vn -0.9440642932557425 0.29466952726122236 -0.1480286455493784
vn -0.9512027247354191 0.29076426516012505 -0.10329336165411135
vn -0.9486675361342759 0.3106317357596135 -0.059479665633661014
vn -0.9525207508992107 0.30416290791822387 -0.013752983426666828
vn -0.7416524843061765 0.6637488126995438 0.09689740018402342
vn -0.828724349596455 0.5525532021591643 0.08888706975475316
vn -0.37059846494600523 -0.8496249044304962 -0.37522566483535613
vn -0.29528579841946917 -0.8595403982753518 -0.4171289980143148
vn -0.23709209344763468 -0.8700817597807394 -0.4321401051990775
vn -0.1908871458056492 -0.8796389659715153 -0.4356574194372646
vn -0.14371394488380232 -0.884510952272299 -0.44383181201473876
vn -0.08631093076138867 -0.8857281288003424 -0.4561097511377576
vn 0.9888579178637549 -0.14845746230888138 0.01097270080548107
vn 0.984592469819461 -0.17361056457446816 0.020905507478851833
vn 0.9073541745420101 -0.22210615374529802 -0.35689950743823895
vn 0.9930040505327816 -0.11774445293270579 -0.008899406107532206
vn 0.9834796255552781 -0.11693725253432863 -0.13817924984371865
vn 0.9648982379101568 -0.22696572416659794 -0.1321285379144338
vn 0.9486980226592727 -0.2211833049814011 -0.22594248692950816
vn 0.9315356479847086 -0.20689697247748315 -0.2990568161961215
vn 0.9222138464529945 -0.22529267431276032 -0.31426872627001423
vn 0.8714286970910251 -0.26704973876888055 -0.41145651399596417
vn 0.9372766811318206 -0.21162312306537753 -0.27699833355198267
vn 0.970530657187294 -0.2019075860100292 -0.1315430354340436
vn 0.9661176059561818 -0.20106431114735882 -0.16183298256021209
vn 0.9687279675228733 -0.18955304008489166 -0.1601117420228088
vn -0.9998266352182107 0.018363918815140733 0.003076685551406406
vn -0.9995770052225652 0.017690604545370258 0.02308361195973187
vn -0.9995049993756681 0.016688993290723264 0.026668965596516426
vn 0.9998266352182107 0.01836391881514051 0.0030766855514061065
vn 0.9995770052225652 0.017690604545369682 0.023083611959732058
vn 0.9995049993756681 0.016688993290723084 0.026668965596515225
vn -0.12231426667009769 0.8161118563433715 -0.5648014324563393
vn -0.30155229425690094 0.7729883211196129 -0.5581713618962209
vn -0.36375951235928977 0.7206465704077569 -0.5902097404547552
vn -0.2374167506667277 0.7923034075887555 -0.5620396754910627
vn -0.17968292375140055 0.8062433821757834 -0.5636361021172279
vn -0.15425429622320946 0.810312031973222 -0.5653317812896338
vn 0.12231426667009797 0.8161118563433715 -0.5648014324563392
vn 0.301552294256901 0.7729883211196128 -0.5581713618962207
vn 0.36375951235929066 0.720646570407757 -0.5902097404547547
vn 0.23741675066672768 0.7923034075887555 -0.5620396754910627
vn 0.1796829237514006 0.8062433821757834 -0.5636361021172278
vn 0.15425429622320957 0.8103120319732222 -0.5653317812896338
vn -0.088578006616642 0.853815704713036 -0.5129840924718854
vn -0.08372063244534418 0.8469656483365873 -0.5250143295575236
vn -0.08752643250874592 0.8207157829066887 -0.5645925320973998
vn 0.08857800661664197 0.8538157047130361 -0.5129840924718853
vn 0.08372063244534421 0.8469656483365874 -0.5250143295575235
vn 0.08752643250874591 0.8207157829066887 -0.5645925320973998
vn -0.08390332827018344 0.8632288350229221 -0.497791331674382
vn 0.08390332827018347 0.8632288350229221 -0.497791331674382
vn 0 0.9251185747775453 -0.37967831463169377
vn 0 0 -1
vn -0.4999981273407048 -0.8660264849620875 0
vn 0 0 -1
vn -0.8660264849620876 -0.49999812734070465 0
vn 0 0 -1
vn -1 0 0
vn 0 0 -1
vn -0.8660264849620876 0.49999812734070465 0
vn 0 0 -1
vn -0.49999812734070537 0.8660264849620869 0
vn 0 0 -1
vn 0 1 0
vn 0 0 -1
vn 0.49999812734070537 0.8660264849620869 0
vn 0 0 -1
vn 0.8660264849620876 0.49999812734070465 0
vn 0 0 -1
vn 1 0 0
vn 0 0 -1
vn 0.8660264849620876 -0.49999812734070465 0
vn 0 0 -1
vn 0.4999981273407048 -0.8660264849620875 0
vn 0 0 -1
vn 0 -1 0
vn 0 0 -1
vn -0.49999812734070476 -0.8660264849620875 0
vn 0 0 -1
vn -0.8660264849620876 -0.49999812734070465 0
vn 0 0 -1
vn -1 0 0
vn 0 0 -1
vn -0.8660264849620876 0.49999812734070465 0
vn 0 0 -1
vn -0.49999812734070537 0.8660264849620869 0
vn 0 0 -1
vn 0 1 0
vn 0 0 -1
vn 0.49999812734070537 0.8660264849620869 0
vn 0 0 -1
vn 0.8660264849620876 0.49999812734070465 0
vn 0 0 -1
vn 1 0 0
vn 0 0 -1
vn 0.8660264849620876 -0.49999812734070465 0
vn 0 0 -1
vn 0.49999812734070476 -0.8660264849620875 0
vn 0 0 -1
vn 0 -1 0
vn 0 0 -1
vn 0.4999981273407048 -0.8660264849620875 0
vn 0 0 -1
vn 0.8660264849620876 -0.49999812734070465 0
vn 0 0 -1
vn 1 0 0
vn 0 0 -1
vn 0.8660264849620876 0.49999812734070465 0
vn 0 0 -1
vn 0.49999812734070537 0.8660264849620869 0
vn 0 0 -1
vn 0 1 0
vn 0 0 -1
vn -0.49999812734070537 0.8660264849620869 0
vn 0 0 -1
vn -0.8660264849620876 0.49999812734070465 0
vn 0 0 -1
vn -1 0 0
vn 0 0 -1
vn -0.8660264849620876 -0.49999812734070465 0
vn 0 0 -1
vn -0.4999981273407048 -0.8660264849620875 0
vn 0 0 -1
vn 0 -1 0
vn 0 0 -1
vn 0.49999812734070476 -0.8660264849620875 0
vn 0 0 -1
vn 0.8660264849620876 -0.49999812734070465 0
vn 0 0 -1
vn 1 0 0
vn 0 0 -1
vn 0.8660264849620876 0.49999812734070465 0
vn 0 0 -1
vn 0.49999812734070537 0.8660264849620869 0
vn 0 0 -1
vn 0 1 0
vn 0 0 -1
vn -0.49999812734070537 0.8660264849620869 0
vn 0 0 -1
vn -0.8660264849620876 0.49999812734070465 0
vn 0 0 -1
vn -1 0 0
vn 0 0 -1
vn -0.8660264849620876 -0.49999812734070465 0
vn 0 0 -1
vn -0.49999812734070476 -0.8660264849620875 0
vn 0 0 -1
vn 0 -1 0
vn -0.9869661611967679 0.1609279237811631 0
vn 0 0 -1
vn -0.6436413753653348 0.7625967519883001 -0.06459081803720422
vn 0 0 -1
vn 0 0 -1
vn -0.3913477589001802 -0.903172225846581 -0.17642806483986312
vn 0 0 -1
vn -0.37426450835674435 -0.8771454416670477 -0.3009018975466998
vn 0 0 -1
vn 0 0 -1
vn 0.3585956429884316 -0.9177527835773773 -0.17070147353110032
vn 0 0 -1
vn 0.43639515382375227 -0.8203408068301361 -0.36959468390173716
vn 0 0 -1
vn 0 0 -1
vn 0 0 -1
vn 0 0.999833916338149 -0.018224701367083027
vn 0.6478127155748121 0.7593868543115588 -0.06058292695457387
vn 0 0 -1
vn 0 0 -1
vn 0.019057768589902477 0.9996686252565669 -0.017304367483941995
vn 0.3477516724707921 0.9370906503303317 -0.030494054457276654
vn -0.34775167247079214 0.9370906503303316 -0.030494054457276664
vn -0.01905776858990247 0.9996686252565669 -0.017304367483941995
vn -0.9997075235828523 0.008568965521863264 -0.022615041935093318
vn -0.9993509446678146 0 -0.036023456129950795
vn -0.8726721384182574 -0.475420442060235 -0.11143940999375698
vn 0.9997075235828523 0.008568965521863266 -0.022615041935093318
vn 0.9983911943628423 0.049495867025909364 -0.0276619262903165
vn 0.8726721384182574 -0.475420442060235 -0.11143940999375698
vn 0.0013931054873290362 -0.9948435484997143 -0.10141189903358364
vn 0 -0.9947944515371702 -0.10190190965266917
vn -0.0013931054873290453 -0.9948435484997143 -0.10141189903358364
vn -0.06086186540149995 0.9896069504826598 -0.13028398557098492
vn -0.9848077380065924 0.17364826276788448 -1.867896538390643e-7
vn -0.9846730879179968 0.17441009425511678 -0.00017015274983378195
vn -0.9846724680633132 0.17441350165057692 -0.0002471438608618918
vn -0.872062180345242 0.43399498108648144 -0.22617672294744956
vn -0.9875228126155253 0.15444949903985117 -0.030725344754144165
vn -0.18598635641272251 0.8177434446734068 -0.544706098664216
vn -0.1860914083487512 0.8176344994243149 -0.5448337481194867
vn -0.19150654952540552 0.8925349427396321 -0.4082972170828931
vn -0.2181356359126172 0.8684982745414785 -0.4451152563813923
vn -0.18255456605891163 0.9083550743633856 -0.37625109872175894
vn -0.13531665566400328 0.9069998731109704 -0.39879898805863767
vn -0.5349231754344533 0.7341456192323317 -0.4181954162172242
vn -0.7244241374334588 0.5729961437476291 -0.3832559045261216
vn -0.1815230217973958 0.910046996887499 -0.37264440961000156
vn -0.18297373932771935 0.9086572528134859 -0.37531667645587086
vn 0 0 0
vn -0.13974129252826034 0.9477901927260629 -0.28664633563822806
vn 0.004130821130396385 0.9537081143564069 -0.3007054521080975
vn -0.3020567946838792 0.9458357966778145 -0.11898041228767536
vn 0 0.8335778540033484 -0.5524019924974677
vn 0 0.9988969448836139 -0.046956293531138324
vn -0.9848077220458344 0.17364835328586956 2.160969384288906e-8
vn -0.024301471427023776 0.998202317313014 -0.05478660600375342
vn -0.043619010384286235 0.999048237841325 -0.00001998096476316873
vn 0 0.9988969448836139 -0.04695629353113833
vn 0 0.9914448926310563 -0.13052595479747953
vn 0 0.9762959118232726 -0.21644004379311332
vn 0 0.9537162513471121 -0.30070801771221894
vn 0.06086186540149993 0.9896069504826598 -0.1302839855709849
vn 0.9848077380065924 0.1736482627678843 -1.867896535019533e-7
vn 0.9846730879179968 0.1744100942551174 -0.0001701527498354511
vn 0.9846724680633131 0.17441350165057745 -0.00024714386086206367
vn 0.8720621803452466 0.4339949810864746 -0.22617672294744473
vn 0.9875228126155254 0.15444949903985164 -0.030725344754144474
vn 0.18598635641272257 0.8177434446734069 -0.544706098664216
vn 0.18609140834875126 0.817634499424315 -0.5448337481194867
vn 0.19150654952540558 0.8925349427396321 -0.40829721708289335
vn 0.2181356359126172 0.8684982745414785 -0.4451152563813925
vn 0.1825545660589116 0.9083550743633856 -0.376251098721759
vn 0.13531665566400175 0.9069998731109705 -0.3987989880586377
vn 0.5349231754344537 0.7341456192323312 -0.4181954162172246
vn 0.7244241374334601 0.5729961437476274 -0.3832559045261218
vn 0.18152302179739596 0.9100469968874989 -0.37264440961000184
vn 0.18297373932771938 0.9086572528134859 -0.3753166764558708
vn 0 0 0
vn 0.1397412925282604 0.9477901927260631 -0.28664633563822806
vn -0.004130821130396385 0.9537081143564069 -0.3007054521080975
vn 0.3020567946838792 0.9458357966778143 -0.11898041228767528
vn 0 0.9988969448836139 -0.046956293531138324
vn 0.9848077220458344 0.17364835328586928 2.1609693847865148e-8
vn 0.024301471427023776 0.998202317313014 -0.05478660600375342
vn 0.043619010384286235 0.999048237841325 -0.00001998096476316873
vn -0.10279135939084151 0.971124412617859 -0.2152935476325329
vn -0.10180751179163401 0.9727195438829731 -0.20845124008001847
vn 0.10279135939084151 0.9711244126178588 -0.21529354763253286
vn 0.10180751179163404 0.9727195438829729 -0.20845124008001856
vn -0.9998892003525249 0.008924134893562578 -0.011914144316302618
vn 0.9998892003525252 0.008924134893563638 -0.011914144316302309
vn 0 0.86748380295999 -0.4974654275445417
vn -0.08390332827018386 0.8632288350229219 -0.49779133167438233
vn 0.08390332827018386 0.8632288350229219 -0.49779133167438233
usemtl m_174921bd-8d65-9278-7639-917192b6ef1e
f 76/103/33 65/104/33 77/105/33 78/106/33
f 65/107/34 64/108/34 71/109/34 77/110/34
f 69/111/35 70/112/35 63/113/35 62/114/35
f 68/115/36 69/116/36 62/117/36 61/118/36
f 67/119/37 68/120/37 61/121/37 60/122/37
f 66/123/38 67/124/38 60/125/38 59/126/38
f 59/127/39 74/128/39 73/129/39 66/130/39
f 72/131/40 73/132/40 74/133/40 58/134/40
f 80/135/41 76/136/41 78/137/41 79/138/41
f 58/139/42 81/140/42 82/141/42 72/142/42
f 83/143/43 84/144/43 85/145/43
f 90/146/44 91/147/44 92/148/44
f 92/149/45 91/150/45 93/151/45
f 93/152/46 91/153/46 94/154/46
f 93/155/47 94/156/47 95/157/47
f 95/158/48 94/159/48 88/160/48
f 95/161/49 88/162/49 89/163/49
f 96/164/50 97/165/50 98/166/50
f 98/167/51 97/168/51 99/169/51
f 97/170/52 100/171/52 99/172/52
f 99/173/53 100/174/53 101/175/53
f 100/176/54 102/177/54 101/178/54
f 105/179/55 104/180/55 103/181/55
f 103/182/56 106/183/56 105/184/56
f 108/185/57 107/186/57 109/187/57 110/188/57
f 122/189/58 178/190/58 123/191/58
f 122/192/59 123/193/59 124/194/59
f 133/195/60 132/196/60 134/197/60
f 142/198/61 143/199/61 144/200/61
f 144/201/62 143/202/62 145/203/62
f 144/204/63 145/205/63 146/206/63
f 155/207/64 146/208/64 156/209/64
f 156/210/65 146/211/65 157/212/65
f 159/213/66 158/214/66 160/215/66
f 160/216/67 158/217/67 161/218/67
f 165/219/68 164/220/68 166/221/68
f 167/222/69 168/223/69 169/224/69
f 170/225/70 131/226/70 171/227/70
f 134/228/71 135/229/71 172/230/71
f 172/231/72 135/232/72 173/233/72
f 175/234/73 174/235/73 176/236/73
f 123/237/74 178/238/74 179/239/74
f 148/240/75 147/241/75 136/242/75 137/243/75
f 149/244/76 148/245/76 137/246/76 138/247/76
f 150/248/77 149/249/77 138/250/77 139/251/77
f 151/252/78 150/253/78 139/254/78 140/255/78
f 152/256/79 151/257/79 140/258/79 141/259/79
f 153/260/80 152/261/80 141/262/80 142/263/80
f 142/264/81 144/265/81 154/266/81 153/267/81
f 155/268/82 154/269/82 144/270/82 146/271/82
f 117/272/83 116/273/83 111/274/83 112/275/83
f 112/276/84 113/277/84 118/278/84 117/279/84
f 119/280/85 118/281/85 113/282/85 114/283/85
f 116/284/86 117/285/86 129/286/86 130/287/86
f 130/288/87 129/289/87 136/290/87 135/291/87
f 137/292/88 136/293/88 129/294/88 128/295/88
f 128/296/89 129/297/89 117/298/89 118/299/89
f 127/300/90 128/301/90 118/302/90 119/303/90
f 138/304/91 137/305/91 128/306/91 127/307/91
f 139/308/92 138/309/92 127/310/92 126/311/92
f 119/312/93 120/313/93 126/314/93 127/315/93
f 114/316/94 115/317/94 120/318/94 119/319/94
f 115/320/95 177/321/95 121/322/95 120/323/95
f 120/324/96 121/325/96 125/326/96 126/327/96
f 126/328/97 125/329/97 140/330/97 139/331/97
f 177/332/98 178/333/98 122/334/98 121/335/98
f 121/336/99 122/337/99 124/338/99 125/339/99
f 125/340/100 124/341/100 141/342/100 140/343/100
f 142/344/101 141/345/101 124/346/101 143/347/101
f 132/348/102 130/349/102 135/350/102 134/351/102
f 185/352/103 184/353/103 186/354/103
f 185/355/104 186/356/104 187/357/104
f 185/358/105 187/359/105 188/360/105
f 188/361/106 187/362/106 189/363/106
f 188/364/107 189/365/107 182/366/107
f 182/367/108 189/368/108 183/369/108
f 191/370/109 190/371/109 192/372/109
f 191/373/110 192/374/110 193/375/110
f 194/376/111 191/377/111 193/378/111
f 194/379/112 193/380/112 195/381/112
f 196/382/113 194/383/113 195/384/113
f 198/385/114 199/386/114 197/387/114
f 200/388/115 197/389/115 199/390/115
f 202/391/116 158/392/116 159/393/116 201/394/116
f 135/395/117 202/396/117 201/397/117
f 202/398/118 135/399/118 136/400/118 147/401/118
f 158/402/119 202/403/119 147/404/119
f 133/405/120 171/406/120 131/407/120 132/408/120
f 160/409/121 161/410/121 162/411/121 163/412/121
f 163/413/122 162/414/122 164/415/122 165/416/122
f 164/417/123 168/418/123 167/419/123 166/420/123
f 205/421/124 203/422/124 204/423/124 206/424/124
f 209/425/125 207/426/125 208/427/125 210/428/125
f 214/429/126 213/430/126 215/431/126 216/432/126
f 281/433/127 228/434/127 229/435/127
f 229/436/128 228/437/128 230/438/128
f 238/439/129 239/440/129 240/441/129
f 249/442/130 248/443/130 250/444/130
f 249/445/131 250/446/131 251/447/131
f 251/448/132 250/449/132 252/450/132
f 252/451/133 261/452/133 262/453/133
f 252/454/134 262/455/134 263/456/134
f 264/457/135 265/458/135 266/459/135
f 264/460/136 266/461/136 267/462/136
f 270/463/137 271/464/137 272/465/137
f 274/466/138 273/467/138 275/468/138
f 237/469/139 276/470/139 277/471/139
f 241/472/140 240/473/140 278/474/140
f 241/475/141 278/476/141 279/477/141
f 281/478/142 229/479/142 282/480/142
f 242/481/143 253/482/143 254/483/143 243/484/143
f 243/485/144 254/486/144 255/487/144 244/488/144
f 244/489/145 255/490/145 256/491/145 245/492/145
f 245/493/146 256/494/146 257/495/146 246/496/146
f 246/497/147 257/498/147 258/499/147 247/500/147
f 247/501/148 258/502/148 259/503/148 248/504/148
f 260/505/149 250/506/149 248/507/149 259/508/149
f 250/509/150 260/510/150 261/511/150 252/512/150
f 217/513/151 222/514/151 223/515/151 218/516/151
f 224/517/152 219/518/152 218/519/152 223/520/152
f 219/521/153 224/522/153 225/523/153 220/524/153
f 235/525/154 223/526/154 222/527/154 236/528/154
f 242/529/155 235/530/155 236/531/155 241/532/155
f 235/533/156 242/534/156 243/535/156 234/536/156
f 223/537/157 235/538/157 234/539/157 224/540/157
f 224/541/158 234/542/158 233/543/158 225/544/158
f 234/545/159 243/546/159 244/547/159 233/548/159
f 233/549/160 244/550/160 245/551/160 232/552/160
f 232/553/161 226/554/161 225/555/161 233/556/161
f 226/557/162 221/558/162 220/559/162 225/560/162
f 227/561/163 280/562/163 221/563/163 226/564/163
f 231/565/164 227/566/164 226/567/164 232/568/164
f 246/569/165 231/570/165 232/571/165 245/572/165
f 228/573/166 281/574/166 280/575/166 227/576/166
f 230/577/167 228/578/167 227/579/167 231/580/167
f 247/581/168 230/582/168 231/583/168 246/584/168
f 230/585/169 247/586/169 248/587/169 249/588/169
f 241/589/170 236/590/170 238/591/170 240/592/170
f 265/593/171 264/594/171 284/595/171 283/596/171
f 284/597/172 241/598/172 283/599/172
f 242/600/173 241/601/173 284/602/173 253/603/173
f 284/604/174 264/605/174 253/606/174
f 237/607/175 277/608/175 239/609/175 238/610/175
f 268/611/176 267/612/176 266/613/176 269/614/176
f 270/615/177 268/616/177 269/617/177 271/618/177
f 273/619/178 274/620/178 270/621/178 272/622/178
f 337/623/179 338/624/179 339/625/179
f 339/626/180 338/627/180 340/628/180
f 339/629/181 340/630/181 341/631/181
f 341/632/182 342/633/182 339/634/182
f 339/635/183 342/636/183 343/637/183
f 339/638/184 343/639/184 344/640/184
f 344/641/185 345/642/185 339/643/185
f 339/644/186 345/645/186 346/646/186
f 339/647/187 346/648/187 347/649/187
f 347/650/188 348/651/188 339/652/188
f 339/653/189 348/654/189 349/655/189
f 339/656/190 349/657/190 350/658/190
f 350/659/191 351/660/191 339/661/191
f 339/662/192 351/663/192 352/664/192
f 339/665/193 352/666/193 353/667/193
f 353/668/194 354/669/194 339/670/194
f 339/671/195 354/672/195 355/673/195
f 339/674/196 355/675/196 356/676/196
f 356/677/197 357/678/197 339/679/197
f 339/680/198 357/681/198 358/682/198
f 339/683/199 358/684/199 359/685/199
f 360/686/200 361/687/200 362/688/200
f 328/689/201 330/690/201 329/691/201 327/692/201
f 331/693/202 329/694/202 330/695/202 332/696/202
f 326/697/203 328/698/203 327/699/203 325/700/203
f 333/701/204 331/702/204 332/703/204 334/704/204
f 335/705/205 333/706/205 334/707/205 336/708/205
f 309/709/206 307/710/206 308/711/206 310/712/206
f 311/713/207 309/714/207 310/715/207 312/716/207
f 325/717/208 323/718/208 324/719/208 326/720/208
f 320/721/209 322/722/209 321/723/209 319/724/209
f 316/725/210 318/726/210 317/727/210 315/728/210
f 365/729/211 363/730/211 364/731/211 366/732/211
f 302/733/212 304/734/212 303/735/212 301/736/212
f 300/737/213 302/738/213 301/739/213 299/740/213
f 298/741/214 300/742/214 299/743/214 297/744/214
f 296/745/215 298/746/215 297/747/215 295/748/215
f 294/749/216 296/750/216 295/751/216 293/752/216
f 313/753/217 311/754/217 312/755/217 314/756/217
f 291/757/218 289/758/218 290/759/218 292/760/218
f 286/761/219 288/762/219 287/763/219 285/764/219
f 307/765/220 305/766/220 306/767/220 308/768/220
f 420/769/221 419/770/221 421/771/221
f 420/772/222 421/773/222 422/774/222
f 422/775/223 421/776/223 423/777/223
f 424/778/224 423/779/224 421/780/224
f 424/781/225 421/782/225 425/783/225
f 425/784/226 421/785/226 426/786/226
f 427/787/227 426/788/227 421/789/227
f 427/790/228 421/791/228 428/792/228
f 428/793/229 421/794/229 429/795/229
f 430/796/230 429/797/230 421/798/230
f 430/799/231 421/800/231 431/801/231
f 431/802/232 421/803/232 432/804/232
f 433/805/233 432/806/233 421/807/233
f 433/808/234 421/809/234 434/810/234
f 434/811/235 421/812/235 435/813/235
f 436/814/236 435/815/236 421/816/236
f 436/817/237 421/818/237 437/819/237
f 437/820/238 421/821/238 438/822/238
f 439/823/239 438/824/239 421/825/239
f 439/826/240 421/827/240 440/828/240
f 440/829/241 421/830/241 441/831/241
f 443/832/242 442/833/242 444/834/242
f 411/835/243 412/836/243 410/837/243 409/838/243
f 412/839/244 411/840/244 413/841/244 414/842/244
f 409/843/245 410/844/245 408/845/245 407/846/245
f 414/847/246 413/848/246 415/849/246 416/850/246
f 416/851/247 415/852/247 417/853/247 418/854/247
f 390/855/248 389/856/248 391/857/248 392/858/248
f 392/859/249 391/860/249 393/861/249 394/862/249
f 406/863/250 405/864/250 407/865/250 408/866/250
f 403/867/251 404/868/251 402/869/251 401/870/251
f 399/871/252 400/872/252 398/873/252 397/874/252
f 446/875/253 445/876/253 447/877/253 448/878/253
f 385/879/254 386/880/254 384/881/254 383/882/254
f 383/883/255 384/884/255 382/885/255 381/886/255
f 381/887/256 382/888/256 380/889/256 379/890/256
f 379/891/257 380/892/257 378/893/257 377/894/257
f 377/895/258 378/896/258 376/897/258 375/898/258
f 394/899/259 393/900/259 395/901/259 396/902/259
f 372/903/260 371/904/260 373/905/260 374/906/260
f 369/907/261 370/908/261 368/909/261 367/910/261
f 388/911/262 387/912/262 389/913/262 390/914/262
f 450/915/263 449/916/263 451/917/263
f 450/918/264 451/919/264 452/920/264
f 452/921/265 451/922/265 453/923/265
f 452/924/266 453/925/266 454/926/266
f 454/927/267 453/928/267 455/929/267
f 454/930/268 455/931/268 456/932/268
f 459/933/269 458/934/269 461/935/269
f 462/936/270 457/937/270 460/938/270 461/939/270
f 458/940/271 462/941/271 461/942/271
f 464/943/272 463/944/272 465/945/272
f 467/946/273 466/947/273 468/948/273 469/949/273
f 479/950/274 478/951/274 480/952/274 481/953/274
f 483/954/275 482/955/275 484/956/275 485/957/275
f 475/958/276 474/959/276 476/960/276 477/961/276
f 472/962/277 473/963/277 471/964/277 470/965/277
f 490/966/278 486/967/278 487/968/278 491/969/278
f 489/970/279 488/971/279 492/972/279 493/973/279
f 488/974/280 486/975/280 490/976/280 492/977/280
f 495/978/281 494/979/281 496/980/281 497/981/281
f 509/982/282 503/983/282 502/984/282 510/985/282
f 508/986/283 501/987/283 503/988/283 509/989/283
f 500/990/284 501/991/284 508/992/284 507/993/284
f 502/994/285 500/995/285 507/996/285 510/997/285
f 506/998/286 511/999/286 504/1000/286
f 504/1001/287 511/1002/287 513/1003/287 505/1004/287
f 499/1005/288 505/1006/288 513/1007/288
f 514/1008/289 499/1009/289 513/1010/289
f 498/1011/290 512/1012/290 515/1013/290 506/1014/290
f 511/1015/291 506/1016/291 515/1017/291
f 515/1018/292 512/1019/292 514/1020/292 513/1021/292
f 521/1022/293 520/1023/293 522/1024/293
f 521/1025/294 522/1026/294 523/1027/294
f 526/1028/295 524/1029/295 525/1030/295 527/1031/295
f 527/1032/296 525/1033/296 528/1034/296 529/1035/296
f 524/1036/297 526/1037/297 531/1038/297 530/1039/297
f 530/1040/298 531/1041/298 529/1042/298 528/1043/298
f 540/1044/299 541/1045/299 539/1046/299 537/1047/299
f 537/1048/300 539/1049/300 538/1050/300 535/1051/300
f 543/1052/301 542/1053/301 544/1054/301 545/1055/301
f 535/1056/302 534/1057/302 536/1058/302 537/1059/302
f 528/1060/303 533/1061/303 532/1062/303 530/1063/303
f 545/1064/304 544/1065/304 546/1066/304 547/1067/304
f 553/1068/305 552/1069/305 554/1070/305 555/1071/305
f 550/1072/306 551/1073/306 549/1074/306 548/1075/306
f 518/1076/307 519/1077/307 517/1078/307 516/1079/307
f 558/1080/308 556/1081/308 557/1082/308 559/1083/308
f 562/1084/309 560/1085/309 564/1086/309 566/1087/309
f 565/1088/310 561/1089/310 563/1090/310 567/1091/310
f 571/1092/311 570/1093/311 568/1094/311 569/1095/311
f 582/1096/312 580/1097/312 578/1098/312
f 582/1099/313 578/1100/313 636/1101/313
f 582/1102/314 636/1103/314 637/1104/314
f 579/1105/315 580/1106/315 581/1107/315 588/1108/315
f 577/1109/316 575/1110/316 576/1111/316 578/1112/316
f 587/1113/317 586/1114/317 577/1115/317 579/1116/317
f 579/1117/318 577/1118/318 578/1119/318 580/1120/318
f 587/1121/319 579/1122/319 588/1123/319 594/1124/319
f 594/1125/320 588/1126/320 595/1127/320 599/1128/320
f 599/1129/321 595/1130/321 600/1131/321 638/1132/321
f 608/1133/322 638/1134/322 600/1135/322 604/1136/322
f 608/1137/323 604/1138/323 609/1139/323 613/1140/323
f 613/1141/324 609/1142/324 614/1143/324 618/1144/324
f 619/1145/325 623/1146/325 618/1147/325 614/1148/325
f 624/1149/326 652/1150/326 623/1151/326 619/1152/326
f 670/1153/327 650/1154/327 652/1155/327 624/1156/327
f 669/1157/328 647/1158/328 650/1159/328 670/1160/328
f 643/1161/329 645/1162/329 647/1163/329 669/1164/329
f 643/1165/330 642/1166/330 644/1167/330 645/1168/330
f 640/1169/331 644/1170/331 642/1171/331 641/1172/331
f 592/1173/332 591/1174/332 590/1175/332 585/1176/332
f 593/1177/333 597/1178/333 591/1179/333 592/1180/333
f 597/1181/334 593/1182/334 598/1183/334 602/1184/334
f 602/1185/335 598/1186/335 603/1187/335 606/1188/335
f 606/1189/336 603/1190/336 607/1191/336 611/1192/336
f 611/1193/337 607/1194/337 612/1195/337 616/1196/337
f 617/1197/338 621/1198/338 616/1199/338 612/1200/338
f 622/1201/339 627/1202/339 621/1203/339 617/1204/339
f 574/1205/340 671/1206/340 672/1207/340
f 674/1208/341 673/1209/341 572/1210/341 573/1211/341
f 635/1212/342 629/1213/342 627/1214/342 622/1215/342
f 634/1216/343 631/1217/343 629/1218/343 635/1219/343
f 584/1220/344 583/1221/344 582/1222/344 637/1223/344
f 585/1224/345 590/1225/345 583/1226/345 584/1227/345
f 631/1228/346 633/1229/346 632/1230/346 630/1231/346
f 629/1232/347 631/1233/347 630/1234/347 628/1235/347
f 627/1236/348 629/1237/348 628/1238/348 626/1239/348
f 621/1240/349 627/1241/349 626/1242/349 625/1243/349
f 621/1244/350 625/1245/350 620/1246/350 616/1247/350
f 616/1248/351 620/1249/351 615/1250/351 611/1251/351
f 611/1252/352 615/1253/352 610/1254/352 606/1255/352
f 606/1256/353 610/1257/353 605/1258/353 602/1259/353
f 602/1260/354 605/1261/354 601/1262/354 597/1263/354
f 597/1264/355 601/1265/355 596/1266/355 591/1267/355
f 591/1268/356 596/1269/356 589/1270/356 590/1271/356
f 590/1272/357 589/1273/357 581/1274/357 583/1275/357
f 582/1276/358 583/1277/358 581/1278/358 580/1279/358
f 639/1280/359 646/1281/359 644/1282/359 640/1283/359
f 646/1284/360 648/1285/360 645/1286/360 644/1287/360
f 648/1288/361 649/1289/361 647/1290/361 645/1291/361
f 649/1292/362 651/1293/362 650/1294/362 647/1295/362
f 652/1296/363 650/1297/363 651/1298/363 653/1299/363
f 623/1300/364 652/1301/364 653/1302/364 654/1303/364
f 655/1304/365 623/1305/365 654/1306/365 656/1307/365
f 657/1308/366 655/1309/366 656/1310/366 658/1311/366
f 658/1312/367 660/1313/367 659/1314/367 657/1315/367
f 661/1316/368 659/1317/368 660/1318/368 662/1319/368
f 663/1320/369 661/1321/369 662/1322/369 664/1323/369
f 664/1324/370 666/1325/370 665/1326/370 663/1327/370
f 587/1328/371 665/1329/371 666/1330/371 667/1331/371
f 586/1332/372 587/1333/372 667/1334/372 668/1335/372
f 727/1336/373 728/1337/373 726/1338/373 725/1339/373
f 725/1340/374 726/1341/374 724/1342/374 723/1343/374
f 723/1344/375 724/1345/375 722/1346/375 721/1347/375
f 721/1348/376 722/1349/376 720/1350/376 719/1351/376
f 719/1352/377 720/1353/377 718/1354/377 717/1355/377
f 717/1356/378 718/1357/378 716/1358/378 715/1359/378
f 715/1360/379 716/1361/379 714/1362/379 713/1363/379
f 713/1364/380 714/1365/380 695/1366/380 704/1367/380
f 704/1368/381 695/1369/381 696/1370/381 705/1371/381
f 705/1372/382 696/1373/382 697/1374/382 706/1375/382
f 706/1376/383 697/1377/383 698/1378/383 707/1379/383
f 707/1380/384 698/1381/384 699/1382/384 708/1383/384
f 708/1384/385 699/1385/385 700/1386/385 709/1387/385
f 709/1388/386 700/1389/386 701/1390/386 710/1391/386
f 710/1392/387 701/1393/387 702/1394/387 711/1395/387
f 711/1396/388 702/1397/388 703/1398/388 712/1399/388
f 764/1400/389 767/1401/389 766/1402/389 765/1403/389
f 768/1404/390 771/1405/390 770/1406/390 769/1407/390
f 712/1408/391 703/1409/391 772/1410/391 773/1411/391
f 675/1412/392 775/1413/392 772/1414/392 703/1415/392
f 745/1416/393 746/1417/393 744/1418/393 743/1419/393
f 756/1420/394 758/1421/394 757/1422/394 754/1423/394
f 755/1424/395 756/1425/395 754/1426/395 753/1427/395
f 736/1428/396 737/1429/396 741/1430/396 740/1431/396
f 735/1432/397 736/1433/397 740/1434/397 739/1435/397
f 734/1436/398 731/1437/398 735/1438/398 739/1439/398
f 730/1440/399 731/1441/399 734/1442/399 733/1443/399
f 733/1444/400 732/1445/400 729/1446/400 730/1447/400
f 729/1448/401 732/1449/401 763/1450/401 694/1451/401
f 693/1452/402 692/1453/402 691/1454/402 694/1455/402
f 691/1456/403 692/1457/403 690/1458/403 689/1459/403
f 689/1460/404 690/1461/404 688/1462/404 687/1463/404
f 687/1464/405 688/1465/405 686/1466/405 685/1467/405
f 685/1468/406 686/1469/406 684/1470/406 683/1471/406
f 683/1472/407 684/1473/407 682/1474/407 681/1475/407
f 681/1476/408 682/1477/408 680/1478/408 679/1479/408
f 679/1480/409 680/1481/409 678/1482/409 677/1483/409
f 677/1484/410 678/1485/410 676/1486/410 675/1487/410
f 760/1488/411 761/1489/411 758/1490/411 759/1491/411
f 759/1492/412 758/1493/412 756/1494/412 762/1495/412
f 776/1496/413 779/1497/413 778/1498/413 777/1499/413
f 726/1500/414 728/1501/414 738/1502/414 737/1503/414
f 724/1504/415 726/1505/415 737/1506/415 736/1507/415
f 722/1508/416 724/1509/416 736/1510/416 735/1511/416
f 722/1512/417 735/1513/417 731/1514/417 720/1515/417
f 731/1516/418 730/1517/418 718/1518/418 720/1519/418
f 730/1520/419 729/1521/419 716/1522/419 718/1523/419
f 729/1524/420 694/1525/420 714/1526/420 716/1527/420
f 694/1528/421 691/1529/421 695/1530/421 714/1531/421
f 695/1532/422 691/1533/422 689/1534/422 696/1535/422
f 696/1536/423 689/1537/423 687/1538/423 697/1539/423
f 697/1540/424 687/1541/424 685/1542/424 698/1543/424
f 698/1544/425 685/1545/425 683/1546/425 699/1547/425
f 699/1548/426 683/1549/426 681/1550/426 700/1551/426
f 700/1552/427 681/1553/427 679/1554/427 701/1555/427
f 701/1556/428 679/1557/428 677/1558/428 702/1559/428
f 702/1560/429 677/1561/429 675/1562/429 703/1563/429
f 742/1564/430 774/1565/430 675/1566/430
f 676/1567/431 742/1568/431 675/1569/431
f 747/1570/432 780/1571/432 744/1572/432 746/1573/432
f 748/1574/433 781/1575/433 780/1576/433 747/1577/433
f 749/1578/434 782/1579/434 781/1580/434 748/1581/434
f 750/1582/435 783/1583/435 782/1584/435 749/1585/435
f 783/1586/436 750/1587/436 751/1588/436 784/1589/436
f 752/1590/437 785/1591/437 784/1592/437 751/1593/437
f 788/1594/438 790/1595/438 793/1596/438 792/1597/438
f 789/1598/439 791/1599/439 790/1600/439 788/1601/439
f 794/1602/440 797/1603/440 796/1604/440 795/1605/440
f 798/1606/441 799/1607/441 787/1608/441 786/1609/441
f 810/1610/442 808/1611/442 809/1612/442 811/1613/442
f 814/1614/443 812/1615/443 813/1616/443 815/1617/443
f 806/1618/444 804/1619/444 805/1620/444 807/1621/444
f 801/1622/445 803/1623/445 802/1624/445 800/1625/445
f 817/1626/446 816/1627/446 820/1628/446 821/1629/446
f 822/1630/447 818/1631/447 819/1632/447 823/1633/447
f 820/1634/448 816/1635/448 818/1636/448 822/1637/448
f 826/1638/449 824/1639/449 825/1640/449 827/1641/449
f 832/1642/450 833/1643/450 839/1644/450 840/1645/450
f 833/1646/451 831/1647/451 838/1648/451 839/1649/451
f 838/1650/452 831/1651/452 830/1652/452 837/1653/452
f 837/1654/453 830/1655/453 832/1656/453 840/1657/453
f 841/1658/454 836/1659/454 834/1660/454
f 843/1661/455 841/1662/455 834/1663/455 835/1664/455
f 835/1665/456 829/1666/456 843/1667/456
f 829/1668/457 844/1669/457 843/1670/457
f 845/1671/458 842/1672/458 828/1673/458 836/1674/458
f 836/1675/459 841/1676/459 845/1677/459
f 844/1678/460 842/1679/460 845/1680/460 843/1681/460
f 850/1682/461 851/1683/461 852/1684/461
f 852/1685/462 851/1686/462 853/1687/462
f 855/1688/463 854/1689/463 856/1690/463 857/1691/463
f 858/1692/464 855/1693/464 857/1694/464 859/1695/464
f 861/1696/465 856/1697/465 854/1698/465 860/1699/465
f 859/1700/466 861/1701/466 860/1702/466 858/1703/466
f 869/1704/467 871/1705/467 870/1706/467 867/1707/467
f 868/1708/468 869/1709/468 867/1710/468 865/1711/468
f 874/1712/469 872/1713/469 873/1714/469 875/1715/469
f 866/1716/470 864/1717/470 865/1718/470 867/1719/470
f 862/1720/471 863/1721/471 858/1722/471 860/1723/471
f 876/1724/472 874/1725/472 875/1726/472 877/1727/472
f 884/1728/473 882/1729/473 883/1730/473 885/1731/473
f 879/1732/474 881/1733/474 880/1734/474 878/1735/474
f 847/1736/475 849/1737/475 848/1738/475 846/1739/475
f 887/1740/476 886/1741/476 888/1742/476 889/1743/476
f 894/1744/477 890/1745/477 892/1746/477 896/1747/477
f 893/1748/478 891/1749/478 895/1750/478 897/1751/478
f 898/1752/479 899/1753/479 900/1754/479
f 900/1755/480 899/1756/480 901/1757/480
f 900/1758/481 901/1759/481 902/1760/481
f 902/1761/482 901/1762/482 903/1763/482
f 902/1764/483 903/1765/483 904/1766/483
f 904/1767/484 903/1768/484 905/1769/484
f 907/1770/485 908/1771/485 910/1772/485
f 909/1773/486 906/1774/486 911/1775/486 910/1776/486
f 911/1777/487 907/1778/487 910/1779/487
f 922/1780/488 924/1781/488 920/1782/488
f 920/1783/489 924/1784/489 977/1785/489
f 977/1786/490 924/1787/490 978/1788/490
f 923/1789/491 922/1790/491 921/1791/491 930/1792/491
f 918/1793/492 917/1794/492 919/1795/492 920/1796/492
f 919/1797/493 928/1798/493 929/1799/493 921/1800/493
f 920/1801/494 919/1802/494 921/1803/494 922/1804/494
f 930/1805/495 921/1806/495 929/1807/495 936/1808/495
f 937/1809/496 930/1810/496 936/1811/496 941/1812/496
f 942/1813/497 937/1814/497 941/1815/497 979/1816/497
f 942/1817/498 979/1818/498 950/1819/498 946/1820/498
f 951/1821/499 946/1822/499 950/1823/499 955/1824/499
f 956/1825/500 951/1826/500 955/1827/500 960/1828/500
f 960/1829/501 965/1830/501 961/1831/501 956/1832/501
f 965/1833/502 993/1834/502 966/1835/502 961/1836/502
f 993/1837/503 991/1838/503 1011/1839/503 966/1840/503
f 991/1841/504 988/1842/504 1010/1843/504 1011/1844/504
f 988/1845/505 986/1846/505 984/1847/505 1010/1848/505
f 985/1849/506 983/1850/506 984/1851/506 986/1852/506
f 983/1853/507 985/1854/507 981/1855/507 982/1856/507
f 932/1857/508 933/1858/508 934/1859/508 927/1860/508
f 933/1861/509 939/1862/509 935/1863/509 934/1864/509
f 940/1865/510 935/1866/510 939/1867/510 944/1868/510
f 945/1869/511 940/1870/511 944/1871/511 948/1872/511
f 949/1873/512 945/1874/512 948/1875/512 953/1876/512
f 954/1877/513 949/1878/513 953/1879/513 958/1880/513
f 958/1881/514 963/1882/514 959/1883/514 954/1884/514
f 963/1885/515 57/1886/515 964/1887/515 959/1888/515
f 1012/1889/516 916/1890/516 1013/1891/516
f 914/1892/517 1014/1893/517 1015/1894/517 915/1895/517
f 57/1896/518 970/1897/518 976/1898/518 964/1899/518
f 970/1900/519 972/1901/519 975/1902/519 976/1903/519
f 924/1904/520 925/1905/520 926/1906/520 978/1907/520
f 925/1908/521 932/1909/521 927/1910/521 926/1911/521
f 973/1912/522 974/1913/522 972/1914/522 971/1915/522
f 971/1916/523 972/1917/523 970/1918/523 969/1919/523
f 969/1920/524 970/1921/524 57/1922/524 968/1923/524
f 968/1924/525 57/1925/525 963/1926/525 967/1927/525
f 962/1928/526 967/1929/526 963/1930/526 958/1931/526
f 957/1932/527 962/1933/527 958/1934/527 953/1935/527
f 952/1936/528 957/1937/528 953/1938/528 948/1939/528
f 947/1940/529 952/1941/529 948/1942/529 944/1943/529
f 943/1944/530 947/1945/530 944/1946/530 939/1947/530
f 938/1948/531 943/1949/531 939/1950/531 933/1951/531
f 931/1952/532 938/1953/532 933/1954/532 932/1955/532
f 923/1956/533 931/1957/533 932/1958/533 925/1959/533
f 923/1960/534 925/1961/534 924/1962/534 922/1963/534
f 985/1964/535 987/1965/535 980/1966/535 981/1967/535
f 986/1968/536 989/1969/536 987/1970/536 985/1971/536
f 988/1972/537 990/1973/537 989/1974/537 986/1975/537
f 991/1976/538 992/1977/538 990/1978/538 988/1979/538
f 992/1980/539 991/1981/539 993/1982/539 994/1983/539
f 994/1984/540 993/1985/540 965/1986/540 995/1987/540
f 995/1988/541 965/1989/541 996/1990/541 997/1991/541
f 997/1992/542 996/1993/542 998/1994/542 999/1995/542
f 1000/1996/543 1001/1997/543 999/1998/543 998/1999/543
f 1001/2000/544 1000/2001/544 1002/2002/544 1003/2003/544
f 1003/2004/545 1002/2005/545 1004/2006/545 1005/2007/545
f 1006/2008/546 1007/2009/546 1005/2010/546 1004/2011/546
f 1007/2012/547 1006/2013/547 929/2014/547 1008/2015/547
f 1008/2016/548 929/2017/548 928/2018/548 1009/2019/548
f 1018/2020/549 1016/2021/549 1019/2022/549 1017/2023/549
f 1021/2024/550 1023/2025/550 1022/2026/550 1020/2027/550
f 1024/2028/551 1022/2029/551 1023/2030/551 1025/2031/551
f 1031/2032/552 1033/2033/552 1032/2034/552 1030/2035/552
f 1033/2036/553 1035/2037/553 1034/2038/553 1032/2039/553
f 1045/2040/554 1044/2041/554 1037/2042/554 1036/2043/554
f 1044/2044/555 1043/2045/555 1038/2046/555 1037/2047/555
f 1040/2048/556 1039/2049/556 1041/2050/556 1042/2051/556
f 1035/2052/557 1045/2053/557 1036/2054/557 1034/2055/557
f 1028/2056/558 1029/2057/558 1031/2058/558 1030/2059/558
f 1029/2060/559 1028/2061/559 1026/2062/559 1027/2063/559
f 1027/2064/560 1026/2065/560 1024/2066/560 1025/2067/560
f 1048/2068/561 1049/2069/561 1050/2070/561
f 1051/2071/562 1047/2072/562 1046/2073/562
f 1103/2074/563 1105/2075/563 1104/2076/563 1102/2077/563
f 1101/2078/564 1103/2079/564 1102/2080/564 1100/2081/564
f 1099/2082/565 1101/2083/565 1100/2084/565 1098/2085/565
f 1097/2086/566 1099/2087/566 1098/2088/566 1096/2089/566
f 1095/2090/567 1097/2091/567 1096/2092/567 1094/2093/567
f 1093/2094/568 1095/2095/568 1094/2096/568 1092/2097/568
f 1091/2098/569 1093/2099/569 1092/2100/569 1090/2101/569
f 1072/2102/570 1091/2103/570 1090/2104/570 1081/2105/570
f 1073/2106/571 1072/2107/571 1081/2108/571 1082/2109/571
f 1074/2110/572 1073/2111/572 1082/2112/572 1083/2113/572
f 1075/2114/573 1074/2115/573 1083/2116/573 1084/2117/573
f 1076/2118/574 1075/2119/574 1084/2120/574 1085/2121/574
f 1077/2122/575 1076/2123/575 1085/2124/575 1086/2125/575
f 1078/2126/576 1077/2127/576 1086/2128/576 1087/2129/576
f 1079/2130/577 1078/2131/577 1087/2132/577 1088/2133/577
f 1080/2134/578 1079/2135/578 1088/2136/578 1089/2137/578
f 1143/2138/579 1144/2139/579 1141/2140/579 1142/2141/579
f 1147/2142/580 1148/2143/580 1145/2144/580 1146/2145/580
f 1149/2146/581 1080/2147/581 1089/2148/581 1150/2149/581
f 1149/2150/582 1152/2151/582 1052/2152/582 1080/2153/582
f 1121/2154/583 1123/2155/583 1122/2156/583 1120/2157/583
f 1134/2158/584 1135/2159/584 1133/2160/584 1131/2161/584
f 1131/2162/585 1133/2163/585 1132/2164/585 1130/2165/585
f 1118/2166/586 1114/2167/586 1113/2168/586 1117/2169/586
f 1117/2170/587 1113/2171/587 1112/2172/587 1116/2173/587
f 1112/2174/588 1108/2175/588 1111/2176/588 1116/2177/588
f 1111/2178/589 1108/2179/589 1107/2180/589 1110/2181/589
f 1106/2182/590 1109/2183/590 1110/2184/590 1107/2185/590
f 1140/2186/591 1109/2187/591 1106/2188/591 1071/2189/591
f 1068/2190/592 1069/2191/592 1070/2192/592 1071/2193/592
f 1067/2194/593 1069/2195/593 1068/2196/593 1066/2197/593
f 1065/2198/594 1067/2199/594 1066/2200/594 1064/2201/594
f 1063/2202/595 1065/2203/595 1064/2204/595 1062/2205/595
f 1061/2206/596 1063/2207/596 1062/2208/596 1060/2209/596
f 1059/2210/597 1061/2211/597 1060/2212/597 1058/2213/597
f 1057/2214/598 1059/2215/598 1058/2216/598 1056/2217/598
f 1055/2218/599 1057/2219/599 1056/2220/599 1054/2221/599
f 1053/2222/600 1055/2223/600 1054/2224/600 1052/2225/600
f 1135/2226/601 1138/2227/601 1137/2228/601 1136/2229/601
f 1133/2230/602 1135/2231/602 1136/2232/602 1139/2233/602
f 1155/2234/603 1156/2235/603 1153/2236/603 1154/2237/603
f 1115/2238/604 1105/2239/604 1103/2240/604 1114/2241/604
f 1114/2242/605 1103/2243/605 1101/2244/605 1113/2245/605
f 1113/2246/606 1101/2247/606 1099/2248/606 1112/2249/606
f 1108/2250/607 1112/2251/607 1099/2252/607 1097/2253/607
f 1095/2254/608 1107/2255/608 1108/2256/608 1097/2257/608
f 1093/2258/609 1106/2259/609 1107/2260/609 1095/2261/609
f 1091/2262/610 1071/2263/610 1106/2264/610 1093/2265/610
f 1072/2266/611 1068/2267/611 1071/2268/611 1091/2269/611
f 1066/2270/612 1068/2271/612 1072/2272/612 1073/2273/612
f 1064/2274/613 1066/2275/613 1073/2276/613 1074/2277/613
f 1062/2278/614 1064/2279/614 1074/2280/614 1075/2281/614
f 1060/2282/615 1062/2283/615 1075/2284/615 1076/2285/615
f 1058/2286/616 1060/2287/616 1076/2288/616 1077/2289/616
f 1056/2290/617 1058/2291/617 1077/2292/617 1078/2293/617
f 1054/2294/618 1056/2295/618 1078/2296/618 1079/2297/618
f 1052/2298/619 1054/2299/619 1079/2300/619 1080/2301/619
f 1151/2302/620 1119/2303/620 1052/2304/620
f 1119/2305/621 1053/2306/621 1052/2307/621
f 1121/2308/622 1157/2309/622 1124/2310/622 1123/2311/622
f 1157/2312/623 1158/2313/623 1125/2314/623 1124/2315/623
f 1158/2316/624 1159/2317/624 1126/2318/624 1125/2319/624
f 1159/2320/625 1160/2321/625 1127/2322/625 1126/2323/625
f 1128/2324/626 1127/2325/626 1160/2326/626 1161/2327/626
f 1161/2328/627 1162/2329/627 1129/2330/627 1128/2331/627
f 1166/2332/628 1165/2333/628 1167/2334/628
f 1164/2335/629 1168/2336/629 1163/2337/629
f 1172/2338/630 1169/2339/630 1171/2340/630 1170/2341/630
f 1175/2342/631 1176/2343/631 1174/2344/631 1173/2345/631
f 1176/2346/632 1175/2347/632 1177/2348/632 1178/2349/632
f 1185/2350/633 1186/2351/633 1184/2352/633 1183/2353/633
f 1187/2354/634 1188/2355/634 1186/2356/634 1185/2357/634
f 1190/2358/635 1197/2359/635 1198/2360/635 1189/2361/635
f 1191/2362/636 1196/2363/636 1197/2364/636 1190/2365/636
f 1194/2366/637 1192/2367/637 1193/2368/637 1195/2369/637
f 1189/2370/638 1198/2371/638 1188/2372/638 1187/2373/638
f 1184/2374/639 1182/2375/639 1181/2376/639 1183/2377/639
f 1179/2378/640 1181/2379/640 1182/2380/640 1180/2381/640
f 1177/2382/641 1179/2383/641 1180/2384/641 1178/2385/641
f 1201/2386/642 1203/2387/642 1204/2388/642 1202/2389/642
f 1199/2390/643 1206/2391/643 1201/2392/643
f 1201/2393/644 1205/2394/644 1200/2395/644 1203/2396/644
f 1212/2397/645 1211/2398/645 1209/2399/645 1210/2400/645
f 1214/2401/646 1207/2402/646 1209/2403/646
f 1208/2404/647 1213/2405/647 1209/2406/647 1211/2407/647
f 1224/2408/648 1223/2409/648 1220/2410/648 1221/2411/648
f 1217/2412/649 1226/2413/649 1225/2414/649 1216/2415/649
f 1222/2416/650 1215/2417/650 1216/2418/650 1225/2419/650
f 1218/2420/651 1227/2421/651 1226/2422/651 1217/2423/651
f 1227/2424/652 1218/2425/652 1219/2426/652 1228/2427/652
f 1219/2428/653 1220/2429/653 1223/2430/653 1228/2431/653
f 1234/2432/654 1237/2433/654 1238/2434/654 1235/2435/654
f 1239/2436/655 1240/2437/655 1231/2438/655 1230/2439/655
f 1230/2440/656 1229/2441/656 1236/2442/656 1239/2443/656
f 1240/2444/657 1241/2445/657 1232/2446/657 1231/2447/657
f 1233/2448/658 1232/2449/658 1241/2450/658 1242/2451/658
f 1237/2452/659 1234/2453/659 1233/2454/659 1242/2455/659
f 1246/2456/660 1245/2457/660 1247/2458/660
f 1245/2459/661 1246/2460/661 1244/2461/661 1243/2462/661
f 1251/2463/662 1250/2464/662 1248/2465/662 1249/2466/662
f 1254/2467/663 1255/2468/663 1256/2469/663
f 1253/2470/664 1255/2471/664 1254/2472/664 1252/2473/664
f 1257/2474/665 1259/2475/665 1260/2476/665 1258/2477/665
f 1262/2478/666 1261/2479/666 1263/2480/666 1264/2481/666
f 1267/2482/667 1265/2483/667 1266/2484/667 1268/2485/667
f 1270/2486/668 1269/2487/668 1271/2488/668 1272/2489/668
f 1274/2490/669 1276/2491/669 1273/2492/669
f 1277/2493/670 1276/2494/670 1274/2495/670 1275/2496/670
f 1276/2497/671 1278/2498/671 1273/2499/671
f 1279/2500/672 1278/2501/672 1276/2502/672 1277/2503/672
f 1278/2504/673 1280/2505/673 1273/2506/673
f 1281/2507/674 1280/2508/674 1278/2509/674 1279/2510/674
f 1280/2511/675 1282/2512/675 1273/2513/675
f 1283/2514/676 1282/2515/676 1280/2516/676 1281/2517/676
f 1282/2518/677 1284/2519/677 1273/2520/677
f 1285/2521/678 1284/2522/678 1282/2523/678 1283/2524/678
f 1284/2525/679 1286/2526/679 1273/2527/679
f 1287/2528/680 1286/2529/680 1284/2530/680 1285/2531/680
f 1286/2532/681 1288/2533/681 1273/2534/681
f 1289/2535/682 1288/2536/682 1286/2537/682 1287/2538/682
f 1288/2539/683 1290/2540/683 1273/2541/683
f 1291/2542/684 1290/2543/684 1288/2544/684 1289/2545/684
f 1290/2546/685 1292/2547/685 1273/2548/685
f 1293/2549/686 1292/2550/686 1290/2551/686 1291/2552/686
f 1292/2553/687 1294/2554/687 1273/2555/687
f 1295/2556/688 1294/2557/688 1292/2558/688 1293/2559/688
f 1294/2560/689 1296/2561/689 1273/2562/689
f 1297/2563/690 1296/2564/690 1294/2565/690 1295/2566/690
f 1296/2567/691 1274/2568/691 1273/2569/691
f 1275/2570/692 1274/2571/692 1296/2572/692 1297/2573/692
f 1299/2574/693 1301/2575/693 1298/2576/693
f 1302/2577/694 1301/2578/694 1299/2579/694 1300/2580/694
f 1301/2581/695 1303/2582/695 1298/2583/695
f 1304/2584/696 1303/2585/696 1301/2586/696 1302/2587/696
f 1303/2588/697 1305/2589/697 1298/2590/697
f 1306/2591/698 1305/2592/698 1303/2593/698 1304/2594/698
f 1305/2595/699 1307/2596/699 1298/2597/699
f 1308/2598/700 1307/2599/700 1305/2600/700 1306/2601/700
f 1307/2602/701 1309/2603/701 1298/2604/701
f 1310/2605/702 1309/2606/702 1307/2607/702 1308/2608/702
f 1309/2609/703 1311/2610/703 1298/2611/703
f 1312/2612/704 1311/2613/704 1309/2614/704 1310/2615/704
f 1311/2616/705 1313/2617/705 1298/2618/705
f 1314/2619/706 1313/2620/706 1311/2621/706 1312/2622/706
f 1313/2623/707 1315/2624/707 1298/2625/707
f 1316/2626/708 1315/2627/708 1313/2628/708 1314/2629/708
f 1315/2630/709 1317/2631/709 1298/2632/709
f 1318/2633/710 1317/2634/710 1315/2635/710 1316/2636/710
f 1317/2637/711 1319/2638/711 1298/2639/711
f 1320/2640/712 1319/2641/712 1317/2642/712 1318/2643/712
f 1319/2644/713 1321/2645/713 1298/2646/713
f 1322/2647/714 1321/2648/714 1319/2649/714 1320/2650/714
f 1321/2651/715 1299/2652/715 1298/2653/715
f 1300/2654/716 1299/2655/716 1321/2656/716 1322/2657/716
f 1326/2658/717 1324/2659/717 1323/2660/717
f 1324/2661/718 1326/2662/718 1327/2663/718 1325/2664/718
f 1328/2665/719 1326/2666/719 1323/2667/719
f 1326/2668/720 1328/2669/720 1329/2670/720 1327/2671/720
f 1330/2672/721 1328/2673/721 1323/2674/721
f 1328/2675/722 1330/2676/722 1331/2677/722 1329/2678/722
f 1332/2679/723 1330/2680/723 1323/2681/723
f 1330/2682/724 1332/2683/724 1333/2684/724 1331/2685/724
f 1334/2686/725 1332/2687/725 1323/2688/725
f 1332/2689/726 1334/2690/726 1335/2691/726 1333/2692/726
f 1336/2693/727 1334/2694/727 1323/2695/727
f 1334/2696/728 1336/2697/728 1337/2698/728 1335/2699/728
f 1338/2700/729 1336/2701/729 1323/2702/729
f 1336/2703/730 1338/2704/730 1339/2705/730 1337/2706/730
f 1340/2707/731 1338/2708/731 1323/2709/731
f 1338/2710/732 1340/2711/732 1341/2712/732 1339/2713/732
f 1342/2714/733 1340/2715/733 1323/2716/733
f 1340/2717/734 1342/2718/734 1343/2719/734 1341/2720/734
f 1344/2721/735 1342/2722/735 1323/2723/735
f 1342/2724/736 1344/2725/736 1345/2726/736 1343/2727/736
f 1346/2728/737 1344/2729/737 1323/2730/737
f 1344/2731/738 1346/2732/738 1347/2733/738 1345/2734/738
f 1324/2735/739 1346/2736/739 1323/2737/739
f 1346/2738/740 1324/2739/740 1325/2740/740 1347/2741/740
f 1351/2742/741 1349/2743/741 1348/2744/741
f 1349/2745/742 1351/2746/742 1352/2747/742 1350/2748/742
f 1353/2749/743 1351/2750/743 1348/2751/743
f 1351/2752/744 1353/2753/744 1354/2754/744 1352/2755/744
f 1355/2756/745 1353/2757/745 1348/2758/745
f 1353/2759/746 1355/2760/746 1356/2761/746 1354/2762/746
f 1357/2763/747 1355/2764/747 1348/2765/747
f 1355/2766/748 1357/2767/748 1358/2768/748 1356/2769/748
f 1359/2770/749 1357/2771/749 1348/2772/749
f 1357/2773/750 1359/2774/750 1360/2775/750 1358/2776/750
f 1361/2777/751 1359/2778/751 1348/2779/751
f 1359/2780/752 1361/2781/752 1362/2782/752 1360/2783/752
f 1363/2784/753 1361/2785/753 1348/2786/753
f 1361/2787/754 1363/2788/754 1364/2789/754 1362/2790/754
f 1365/2791/755 1363/2792/755 1348/2793/755
f 1363/2794/756 1365/2795/756 1366/2796/756 1364/2797/756
f 1367/2798/757 1365/2799/757 1348/2800/757
f 1365/2801/758 1367/2802/758 1368/2803/758 1366/2804/758
f 1369/2805/759 1367/2806/759 1348/2807/759
f 1367/2808/760 1369/2809/760 1370/2810/760 1368/2811/760
f 1371/2812/761 1369/2813/761 1348/2814/761
f 1369/2815/762 1371/2816/762 1372/2817/762 1370/2818/762
f 1349/2819/763 1371/2820/763 1348/2821/763
f 1371/2822/764 1349/2823/764 1350/2824/764 1372/2825/764
f 1373/2826/765 912/2827/765 913/2828/765
f 1378/2829/766 1376/2830/766 1374/2831/766
f 1380/2832/767 1379/2833/767 1377/2834/767 1378/2835/767
f 1380/2836/768 1378/2837/768 1374/2838/768
f 1382/2839/769 1380/2840/769 1374/2841/769
f 1384/2842/770 1383/2843/770 1381/2844/770 1382/2845/770
f 1384/2846/771 1382/2847/771 1374/2848/771
f 1386/2849/772 1385/2850/772 1383/2851/772 1384/2852/772
f 1386/2853/773 1384/2854/773 1374/2855/773
f 1388/2856/774 1386/2857/774 1374/2858/774
f 1390/2859/775 1389/2860/775 1387/2861/775 1388/2862/775
f 1390/2863/776 1388/2864/776 1374/2865/776
f 1392/2866/777 1391/2867/777 1389/2868/777 1390/2869/777
f 1392/2870/778 1390/2871/778 1374/2872/778
f 1393/2873/779 1392/2874/779 1374/2875/779
f 1395/2876/780 1393/2877/780 1374/2878/780
f 1376/2879/781 1375/2880/781 1396/2881/781 1397/2882/781
f 1395/2883/782 1394/2884/782 1398/2885/782 1393/2886/782
f 1397/2887/783 1395/2888/783 1374/2889/783
f 1376/2890/784 1397/2891/784 1374/2892/784
f 1397/2893/785 1396/2894/785 1399/2895/785 1395/2896/785
f 1399/2897/786 1394/2898/786 1395/2899/786
f 1378/2900/787 1377/2901/787 1400/2902/787
f 1400/2903/788 1375/2904/788 1376/2905/788 1378/2906/788
f 1401/2907/789 1379/2908/789 1380/2909/789
f 1380/2910/790 1382/2911/790 1402/2912/790 1401/2913/790
f 1382/2914/791 1381/2915/791 1402/2916/791
f 1393/2917/792 1398/2918/792 1403/2919/792
f 1403/2920/793 1404/2921/793 1392/2922/793 1393/2923/793
f 1404/2924/794 1391/2925/794 1392/2926/794
f 1388/2927/795 1387/2928/795 1405/2929/795
f 1405/2930/796 1406/2931/796 1386/2932/796 1388/2933/796
f 1406/2934/797 1385/2935/797 1386/2936/797
f 1411/2937/798 1417/2938/798 1415/2939/798 1412/2940/798
f 1426/2941/799 1425/2942/799 1427/2943/799 1424/2944/799
f 1427/2945/800 1422/2946/800 1424/2947/800
f 1428/2948/801 1432/2949/801 1430/2950/801
f 1432/2951/802 1429/2952/802 1431/2953/802
f 1431/2954/803 1430/2955/803 1432/2956/803
f 1441/2957/804 1434/2958/804 1440/2959/804
f 1434/2960/805 1435/2961/805 1439/2962/805 1440/2963/805
f 1435/2964/806 1436/2965/806 1438/2966/806 1439/2967/806
f 1436/2968/807 1437/2969/807 1438/2970/807
f 1442/2971/808 1437/2972/808 1436/2973/808 1433/2974/808
f 1443/2975/809 1444/2976/809 1447/2977/809
f 1447/2978/810 1446/2979/810 1443/2980/810
f 1446/2981/811 1445/2982/811 1443/2983/811
f 1448/2984/812 1449/2985/812 1450/2986/812
f 1450/2987/813 1451/2988/813 1448/2989/813
f 1416/2990/814 1418/2991/814 1419/2992/814
f 1413/2993/815 1414/2994/815 1416/2995/815
f 1419/2996/816 1452/2997/816 1416/2998/816
f 1416/2999/817 1452/3000/817 1420/3001/817 1413/3002/817
f 1453/3003/818 1454/3004/818 1456/3005/818 1455/3006/818
f 1407/3007/819 1408/3008/819 1457/3009/819
f 1421/3010/820 1425/3011/820 1426/3012/820 1423/3013/820
f 1457/3014/821 1408/3015/821 1409/3016/821 1458/3017/821
f 1458/3018/822 1410/3019/822 1457/3020/822
f 1459/3021/823 1463/3022/823 1464/3023/823 1461/3024/823
f 1463/3025/824 1465/3026/824 1466/3027/824 1464/3028/824
f 1465/3029/825 1467/3030/825 1468/3031/825 1466/3032/825
f 1468/3033/826 1467/3034/826 1460/3035/826 1462/3036/826
f 1477/3037/827 1479/3038/827 1473/3039/827 1474/3040/827
f 1489/3041/828 1487/3042/828 1488/3043/828 1486/3044/828
f 1484/3045/829 1489/3046/829 1486/3047/829
f 1494/3048/830 1490/3049/830 1492/3050/830
f 1491/3051/831 1494/3052/831 1493/3053/831
f 1492/3054/832 1493/3055/832 1494/3056/832
f 1496/3057/833 1503/3058/833 1502/3059/833
f 1501/3060/834 1497/3061/834 1496/3062/834 1502/3063/834
f 1500/3064/835 1498/3065/835 1497/3066/835 1501/3067/835
f 1499/3068/836 1498/3069/836 1500/3070/836
f 1498/3071/837 1499/3072/837 1504/3073/837 1495/3074/837
f 1506/3075/838 1505/3076/838 1509/3077/838
f 1508/3078/839 1509/3079/839 1505/3080/839
f 1507/3081/840 1508/3082/840 1505/3083/840
f 1511/3084/841 1510/3085/841 1512/3086/841
f 1513/3087/842 1512/3088/842 1510/3089/842
f 1480/3090/843 1478/3091/843 1481/3092/843
f 1476/3093/844 1475/3094/844 1478/3095/844
f 1514/3096/845 1481/3097/845 1478/3098/845
f 1482/3099/846 1514/3100/846 1478/3101/846 1475/3102/846
f 1470/3103/847 1469/3104/847 1515/3105/847
f 1488/3106/848 1487/3107/848 1483/3108/848 1485/3109/848
f 1471/3110/849 1470/3111/849 1515/3112/849 1516/3113/849
f 1472/3114/850 1516/3115/850 1515/3116/850
f 1417/3117/851 1416/3118/851 1414/3119/851
f 1414/3120/852 1415/3121/852 1417/3122/852
f 1517/3123/853 1519/3124/853 1520/3125/853
f 1520/3126/854 1518/3127/854 1517/3128/854
f 1523/3129/855 1521/3130/855 1522/3131/855 1524/3132/855
f 1526/3133/856 1525/3134/856 1527/3135/856 1528/3136/856
f 1529/3137/857 1532/3138/857 1531/3139/857 1530/3140/857
f 1534/3141/858 1533/3142/858 1535/3143/858 1536/3144/858
f 1539/3145/859 1537/3146/859 1538/3147/859 1540/3148/859
o car1_light_yellow
v 0 2.6687499999999997 -7.265625
v 0.029306875 2.5593749999999997 -7.265625
v 0.080068125 2.588681875 -7.265625
v 0.109375 2.6394431249999997 -7.265625
v 0.109375 2.698056875 -7.265625
v 0.080068125 2.7488181249999997 -7.265625
v 0.029306875 2.7781249999999997 -7.265625
v -0.029306875 2.7781249999999997 -7.265625
v -0.080068125 2.7488181249999997 -7.265625
v -0.109375 2.698056875 -7.265625
v -0.109375 2.6394431249999997 -7.265625
v -0.080068125 2.588681875 -7.265625
v -0.029306875 2.5593749999999997 -7.265625
v -0.8125 0.8624999999999992 -10.412500000000001
v -0.783193125 0.7531249999999989 -10.4125
v -0.732431875 0.782431874999999 -10.4125
v -0.703125 0.8331931249999989 -10.4125
v -0.703125 0.891806874999999 -10.412500000000001
v -0.732431875 0.9425681249999991 -10.412500000000001
v -0.783193125 0.9718749999999992 -10.412500000000001
v -0.841806875 0.9718749999999992 -10.412500000000001
v -0.892568125 0.9425681249999991 -10.412500000000001
v -0.921875 0.891806874999999 -10.412500000000001
v -0.921875 0.8331931249999989 -10.4125
v -0.892568125 0.782431874999999 -10.4125
v -0.841806875 0.7531249999999989 -10.4125
v 0.8125 0.8624999999999992 -10.412500000000001
v 0.783193125 0.7531249999999989 -10.4125
v 0.732431875 0.782431874999999 -10.4125
v 0.703125 0.8331931249999989 -10.4125
v 0.703125 0.891806874999999 -10.412500000000001
v 0.732431875 0.9425681249999991 -10.412500000000001
v 0.783193125 0.9718749999999992 -10.412500000000001
v 0.841806875 0.9718749999999992 -10.412500000000001
v 0.892568125 0.9425681249999991 -10.412500000000001
v 0.921875 0.891806874999999 -10.412500000000001
v 0.921875 0.8331931249999989 -10.4125
v 0.892568125 0.782431874999999 -10.4125
v 0.841806875 0.7531249999999989 -10.4125
vt 0.6006301785714285 0.11904761904761907
vt 0.5991852380952382 0.12443970238095237
vt 0.5898460119047619 0.11904761904761907
vt 0.2494397023809524 0.11904761904761907
vt 0.24799494047619047 0.12443976190476191
vt 0.23865553571428572 0.11904761904761907
vt 0.8908520833333333 0.30952380952380953
vt 0.8922968452380952 0.31491577380952385
vt 0.8815126785714286 0.31491577380952385
vt 0.625280119047619 0.11309523809523814
vt 0.6306722619047619 0.11454017857142862
vt 0.625280119047619 0.12387946428571417
vt 0.8752801190476189 0.2514449404761905
vt 0.880672261904762 0.25
vt 0.880672261904762 0.26078422619047625
vt 0.881232619047619 0.1740638095238095
vt 0.8866245238095238 0.17261904761904767
vt 0.8866245238095238 0.18340315476190483
vt 0.8755602976190476 0.3982492261904762
vt 0.8770052380952381 0.3928571428571429
vt 0.8863444642857142 0.3982492261904762
vt 0.8651004761904763 0.12443970238095237
vt 0.8636555357142858 0.11904761904761907
vt 0.8744397023809524 0.11904761904761907
vt 0.8866245238095238 0.4691174404761904
vt 0.881232619047619 0.467672738095238
vt 0.8866245238095238 0.45833333333333337
vt 0.6425770238095238 0.12387946428571417
vt 0.637184880952381 0.12243452380952369
vt 0.6425770238095238 0.11309523809523814
vt 0.6544817857142857 0.1238793452380953
vt 0.6490896428571429 0.12243464285714278
vt 0.6544817857142857 0.11309523809523814
vt 0.8866245238095238 0.16410130952380952
vt 0.881232619047619 0.16554601190476192
vt 0.881232619047619 0.15476190476190477
vt 0.3506301785714286 0.11904761904761907
vt 0.3491852380952381 0.12443970238095237
vt 0.3398460119047619 0.11904761904761907
vt 0.8789471428571428 0.625
vt 0.8803920833333333 0.6303920833333334
vt 0.8696079166666667 0.6303920833333334
vt 0.8968044642857143 0.9940476190476191
vt 0.8982492261904762 0.9994395833333334
vt 0.8874650595238096 0.9994395833333334
vt 0.8752801190476189 0.858587619047619
vt 0.880672261904762 0.8571428571428572
vt 0.880672261904762 0.8679269642857143
vt 0.869327738095238 0.3035714285714286
vt 0.8747198809523811 0.30501619047619055
vt 0.869327738095238 0.31435553571428565
vt 0.03599452380952381 0.102635238095238
vt 0.04138642857142857 0.10119047619047616
vt 0.04138642857142857 0.11197458333333343
vt 0.8710526785714285 0.7196778571428571
vt 0.8696079166666667 0.7142857142857143
vt 0.8803920833333333 0.7142857142857143
vt 0.1672269642857143 0.12443976190476191
vt 0.16867172619047618 0.11904761904761907
vt 0.17801113095238094 0.12443976190476191
vt 0.17829119047619046 0.11197458333333343
vt 0.17289928571428573 0.11052988095238092
vt 0.17829119047619046 0.10119047619047616
vt 0.13067226190476192 0.1298318452380952
vt 0.12528011904761904 0.12838690476190473
vt 0.13067226190476192 0.11904761904761907
vt 0.36281511904761904 0.12243452380952369
vt 0.3574229761904762 0.12387946428571417
vt 0.3574229761904762 0.11309523809523814
vt 0.8925769047619048 0.9617203571428572
vt 0.887185 0.9631650595238095
vt 0.887185 0.9523809523809523
vt 0.37471988095238096 0.12243452380952369
vt 0.3693277380952381 0.12387946428571417
vt 0.3693277380952381 0.11309523809523814
vt 0.8747198809523811 0.5762604166666667
vt 0.869327738095238 0.5748154761904762
vt 0.8747198809523811 0.5654761904761905
vt 0.06519595238095238 0.11197458333333343
vt 0.05980404761904762 0.11052988095238092
vt 0.06519595238095238 0.10119047619047616
vt 0.18508410714285714 0.12443976190476191
vt 0.18652886904761903 0.11904761904761907
vt 0.19586827380952382 0.12443976190476191
vt 0.8710526785714285 0.493487380952381
vt 0.8696079166666667 0.48809523809523814
vt 0.8803920833333333 0.48809523809523814
vt 0.8874650595238096 0.9280110119047619
vt 0.8889098214285714 0.9226190476190477
vt 0.8982492261904762 0.9280110119047619
vt 0.5538515476190476 0.11904761904761907
vt 0.5592436904761905 0.1204923809523809
vt 0.5538515476190476 0.12983172619047623
vt 0.22647059523809526 0.11453999999999998
vt 0.23186273809523808 0.11309523809523814
vt 0.23186273809523808 0.1238793452380953
vt 0.19442351190476193 0.1071428571428571
vt 0.19586827380952382 0.1125348214285713
vt 0.18508410714285714 0.1125348214285713
vt 0.8789471428571428 0.8869047619047619
vt 0.8803920833333333 0.8922968452380953
vt 0.8696079166666667 0.8922968452380953
vt 0.8863444642857142 0.5833333333333333
vt 0.8848995238095237 0.5887254166666667
vt 0.8755602976190476 0.5833333333333333
vt 0.09467779761904763 0.1071428571428571
vt 0.09323303571428572 0.1125348214285713
vt 0.08389363095238095 0.1071428571428571
vn 0 -2.220446049250313e-16 -1
vn 0 -2.220446049250313e-16 -1
vn 0 -2.220446049250313e-16 -1
vn 0 -2.220446049250313e-16 -1
vn 0 -2.220446049250313e-16 -1
vn 0 -2.220446049250313e-16 -1
vn 0 -2.220446049250313e-16 -1
vn 0 -2.220446049250313e-16 -1
vn 0 -2.220446049250313e-16 -1
vn 0 -2.220446049250313e-16 -1
vn 0 -2.220446049250313e-16 -1
vn 0 -2.220446049250313e-16 -1
vn 0 -2.220446049250313e-16 -1
vn 0 -2.220446049250313e-16 -1
vn 0 -2.220446049250313e-16 -1
vn 0 -2.220446049250313e-16 -1
vn 0 -2.220446049250313e-16 -1
vn 0 -2.220446049250313e-16 -1
vn 0 -2.220446049250313e-16 -1
vn 0 -2.220446049250313e-16 -1
vn 0 -2.220446049250313e-16 -1
vn 0 -2.220446049250313e-16 -1
vn 0 -2.220446049250313e-16 -1
vn 0 -2.220446049250313e-16 -1
vn 0 -2.220446049250313e-16 -1
vn 0 -2.220446049250313e-16 -1
vn 0 -2.220446049250313e-16 -1
vn 0 -2.220446049250313e-16 -1
vn 0 -2.220446049250313e-16 -1
vn 0 -2.220446049250313e-16 -1
vn 0 -2.220446049250313e-16 -1
vn 0 -2.220446049250313e-16 -1
vn 0 -2.220446049250313e-16 -1
vn 0 -2.220446049250313e-16 -1
vn 0 -2.220446049250313e-16 -1
vn 0 -2.220446049250313e-16 -1
usemtl m_174921bd-8d65-9278-7639-917192b6ef1e
f 1543/3149/860 1542/3150/860 1541/3151/860
f 1544/3152/861 1543/3153/861 1541/3154/861
f 1545/3155/862 1544/3156/862 1541/3157/862
f 1546/3158/863 1545/3159/863 1541/3160/863
f 1547/3161/864 1546/3162/864 1541/3163/864
f 1548/3164/865 1547/3165/865 1541/3166/865
f 1549/3167/866 1548/3168/866 1541/3169/866
f 1550/3170/867 1549/3171/867 1541/3172/867
f 1551/3173/868 1550/3174/868 1541/3175/868
f 1552/3176/869 1551/3177/869 1541/3178/869
f 1553/3179/870 1552/3180/870 1541/3181/870
f 1542/3182/871 1553/3183/871 1541/3184/871
f 1556/3185/872 1555/3186/872 1554/3187/872
f 1557/3188/873 1556/3189/873 1554/3190/873
f 1558/3191/874 1557/3192/874 1554/3193/874
f 1559/3194/875 1558/3195/875 1554/3196/875
f 1560/3197/876 1559/3198/876 1554/3199/876
f 1561/3200/877 1560/3201/877 1554/3202/877
f 1562/3203/878 1561/3204/878 1554/3205/878
f 1563/3206/879 1562/3207/879 1554/3208/879
f 1564/3209/880 1563/3210/880 1554/3211/880
f 1565/3212/881 1564/3213/881 1554/3214/881
f 1566/3215/882 1565/3216/882 1554/3217/882
f 1555/3218/883 1566/3219/883 1554/3220/883
f 1568/3221/884 1569/3222/884 1567/3223/884
f 1569/3224/885 1570/3225/885 1567/3226/885
f 1570/3227/886 1571/3228/886 1567/3229/886
f 1571/3230/887 1572/3231/887 1567/3232/887
f 1572/3233/888 1573/3234/888 1567/3235/888
f 1573/3236/889 1574/3237/889 1567/3238/889
f 1574/3239/890 1575/3240/890 1567/3241/890
f 1575/3242/891 1576/3243/891 1567/3244/891
f 1576/3245/892 1577/3246/892 1567/3247/892
f 1577/3248/893 1578/3249/893 1567/3250/893
f 1578/3251/894 1579/3252/894 1567/3253/894
f 1579/3254/895 1568/3255/895 1567/3256/895
o car1_coupler_closed
v 0.6743268750000002 0.406511875 -11.346333125
v 0.7137175 0.470755625 -11.2656325
v 0.5437212499999999 0.402635 -11.422980625
v 0.5598537499999998 0.45245375 -11.3766
v 0.3941812499999999 0.4012675 -11.488204375
v 0.40239812499999994 0.450320625 -11.44612125
v 0.23802374999999998 0.40077625 -11.5348375
v 0.24315124999999993 0.452979375 -11.48990375
v 0.0818468750000001 0.400345625 -11.5600075
v 0.08344937499999983 0.454435625 -11.51293625
v 0.8806568750000001 0.5201375 -11.075708125
v 0.8104874999999998 -0.028501249999999978 -10.982354375
v 0.7256393750000001 -0.028513750000000004 -11.066126875
v 0.8153199999999998 -0.020963125000000027 -10.993101875
v 0.7291525000000001 -0.02139812499999999 -11.076873125
v 0.5809662499999999 -0.02860499999999999 -11.16640375
v 0.46574187499999997 -0.028737500000000027 -11.230886875
v 0.3373149999999998 -0.028993749999999985 -11.291088125
v 0.5836006249999999 -0.022016250000000015 -11.177150625
v 0.4674974999999999 -0.023299999999999987 -11.239484375
v 0.33863125000000016 -0.023663749999999983 -11.300400625
v 0.20490999999999993 -0.024093124999999993 -11.3434375
v 0.2044731249999998 -0.02921062499999999 -11.33412375
v 0.07116875 -0.024456250000000013 -11.36286625
v 0.07117249999999986 -0.029574374999999986 -11.3542675
v 0.8806568750000001 0.5201375 -11.075708125
v 0.7137175 0.470755625 -11.2656325
v 0.8982712500000001 0.508041875 -11.073853125
v 0.8785056249999998 0.501734375 -11.09817625
v 0.7137175 0.470755625 -11.2656325
v 0.8785056249999998 0.501734375 -11.09817625
v 0.6743268750000002 0.406511875 -11.346333125
v 0.8321243749999998 0.42314 -11.19958875
v 0.8982712500000001 0.508041875 -11.073853125
v 0.925236875 0.44641125 -11.06365
v 0.8153199999999998 -0.020963125000000027 -10.993101875
v 0.7291525000000001 -0.02139812499999999 -11.076873125
v 0.8321243749999998 0.42314 -11.19958875
v 0.7291525000000001 -0.02139812499999999 -11.076873125
v 0.29259187499999983 0.692616875 -11.13293125
v 0.27730187500000003 0.694751875 -11.1331575
v 0.7506893749999999 0.58667375 -11.087625625
v 0.5983225000000001 0.634991875 -11.103028125
v 0.44611 0.668736875 -11.119755625
v 0.3461106250000001 0.684394375 -11.12923875
v 0.0931112500000002 0.7103725 -11.139005
v 0.7024431249999998 -0.069943125 -10.995229375
v 0.5463637499999998 -0.11291062500000004 -11.01717875
v 0.4310681249999999 -0.136953125 -11.0320275
v 0.3099850000000002 -0.1482325 -11.062306875
v 0.1869274999999999 -0.15579187500000002 -11.087258125
v 0.06529312500000017 -0.15912187499999997 -11.10380875
v -0.0818468750000001 0.400345625 -11.5600075
v -0.08344937499999983 0.454435625 -11.51293625
v 0.08344937499999983 0.454435625 -11.51293625
v 0.0818468750000001 0.400345625 -11.5600075
v 0.07116875 -0.024456250000000013 -11.36286625
v 0.0818468750000001 0.400345625 -11.5600075
v -0.0818468750000001 0.400345625 -11.5600075
v -0.07116875 -0.024456250000000013 -11.36286625
v -0.07116875 -0.024456250000000013 -11.36286625
v 0.07116875 -0.024456250000000013 -11.36286625
v 0.0931112500000002 0.7103725 -11.139005
v -0.0931112500000002 0.7103725 -11.139005
v 0.06529312500000017 -0.15912187499999997 -11.10380875
v -0.06529312500000017 -0.15912187499999997 -11.10380875
v 0.07117249999999986 -0.029574374999999986 -11.3542675
v -0.07117249999999986 -0.029574374999999986 -11.3542675
v -0.6743268750000002 0.406511875 -11.346333125
v -0.7137175 0.470755625 -11.2656325
v -0.5437212499999999 0.402635 -11.422980625
v -0.5598537499999998 0.45245375 -11.3766
v -0.3941812499999999 0.4012675 -11.488204375
v -0.40239812499999994 0.450320625 -11.44612125
v -0.23802374999999998 0.40077625 -11.5348375
v -0.24315124999999993 0.452979375 -11.48990375
v -0.0818468750000001 0.400345625 -11.5600075
v -0.08344937499999983 0.454435625 -11.51293625
v -0.8806568750000001 0.5201375 -11.075708125
v -0.8104874999999998 -0.028501249999999978 -10.982354375
v -0.7256393750000001 -0.028513750000000004 -11.066126875
v -0.8153199999999998 -0.020963125000000027 -10.993101875
v -0.7291525000000001 -0.02139812499999999 -11.076873125
v -0.5809662499999999 -0.02860499999999999 -11.16640375
v -0.46574187499999997 -0.028737500000000027 -11.230886875
v -0.3373149999999998 -0.028993749999999985 -11.291088125
v -0.5836006249999999 -0.022016250000000015 -11.177150625
v -0.4674974999999999 -0.023299999999999987 -11.239484375
v -0.33863125000000016 -0.023663749999999983 -11.300400625
v -0.20490999999999993 -0.024093124999999993 -11.3434375
v -0.2044731249999998 -0.02921062499999999 -11.33412375
v -0.07116875 -0.024456250000000013 -11.36286625
v -0.07117249999999986 -0.029574374999999986 -11.3542675
v -0.8806568750000001 0.5201375 -11.075708125
v -0.7137175 0.470755625 -11.2656325
v -0.8982712500000001 0.508041875 -11.073853125
v -0.8785056249999998 0.501734375 -11.09817625
v -0.7137175 0.470755625 -11.2656325
v -0.8785056249999998 0.501734375 -11.09817625
v -0.6743268750000002 0.406511875 -11.346333125
v -0.8321243749999998 0.42314 -11.19958875
v -0.8982712500000001 0.508041875 -11.073853125
v -0.925236875 0.44641125 -11.06365
v -0.8153199999999998 -0.020963125000000027 -10.993101875
v -0.7291525000000001 -0.02139812499999999 -11.076873125
v -0.8321243749999998 0.42314 -11.19958875
v -0.7291525000000001 -0.02139812499999999 -11.076873125
v -0.29259187499999983 0.692616875 -11.13293125
v -0.27730187500000003 0.694751875 -11.1331575
v -0.7506893749999999 0.58667375 -11.087625625
v -0.5983225000000001 0.634991875 -11.103028125
v -0.44611 0.668736875 -11.119755625
v -0.3461106250000001 0.684394375 -11.12923875
v -0.0931112500000002 0.7103725 -11.139005
v -0.7024431249999998 -0.069943125 -10.995229375
v -0.5463637499999998 -0.11291062500000004 -11.01717875
v -0.4310681249999999 -0.136953125 -11.0320275
v -0.3099850000000002 -0.1482325 -11.062306875
v -0.1869274999999999 -0.15579187500000002 -11.087258125
v -0.06529312500000017 -0.15912187499999997 -11.10380875
v -0.0818468750000001 0.400345625 -11.5600075
v -0.07116875 -0.024456250000000013 -11.36286625
v -0.23802374999999998 0.40077625 -11.5348375
v -0.20490999999999993 -0.024093124999999993 -11.3434375
v -0.3941812499999999 0.4012675 -11.488204375
v -0.33863125000000016 -0.023663749999999983 -11.300400625
v -0.5437212499999999 0.402635 -11.422980625
v -0.4674974999999999 -0.023299999999999987 -11.239484375
v -0.6743268750000002 0.406511875 -11.346333125
v -0.5836006249999999 -0.022016250000000015 -11.177150625
v -0.7291525000000001 -0.02139812499999999 -11.076873125
v -0.8321243749999998 0.42314 -11.19958875
v -0.5836006249999999 -0.022016250000000015 -11.177150625
v -0.6743268750000002 0.406511875 -11.346333125
v 0.0818468750000001 0.400345625 -11.5600075
v 0.07116875 -0.024456250000000013 -11.36286625
v 0.23802374999999998 0.40077625 -11.5348375
v 0.20490999999999993 -0.024093124999999993 -11.3434375
v 0.3941812499999999 0.4012675 -11.488204375
v 0.33863125000000016 -0.023663749999999983 -11.300400625
v 0.5437212499999999 0.402635 -11.422980625
v 0.4674974999999999 -0.023299999999999987 -11.239484375
v 0.6743268750000002 0.406511875 -11.346333125
v 0.5836006249999999 -0.022016250000000015 -11.177150625
v 0.7291525000000001 -0.02139812499999999 -11.076873125
v 0.8321243749999998 0.42314 -11.19958875
v 0.5836006249999999 -0.022016250000000015 -11.177150625
v 0.6743268750000002 0.406511875 -11.346333125
vt 0.24561946428571427 0.6323428571428571
vt 0.25 0.6366107738095238
vt 0.25 0.6547619047619048
vt 0.24404761904761904 0.6466706547619048
vt 0.6548529761904762 0.13597577380952386
vt 0.6607142857142857 0.13836773809523806
vt 0.6607142857142857 0.15476190476190477
vt 0.6547619047619048 0.15151369047619045
vt 0.8624943452380952 0.36264874999999996
vt 0.8609688095238096 0.36904761904761907
vt 0.8452380952380952 0.36904761904761907
vt 0.8469793452380953 0.3630925595238095
vt 0.8613504166666667 0.3265436904761905
vt 0.8606058333333334 0.33333333333333337
vt 0.8452380952380952 0.33333333333333337
vt 0.8462879761904761 0.32684005952380957
vt 0.6149680357142857 0.08260559523809519
vt 0.6149680357142857 0.1071428571428571
vt 0.6130952380952381 0.10509684523809526
vt 0.8988095238095238 0.23063630952380954
vt 0.9017517857142858 0.22985059523809526
vt 0.9001892857142857 0.2321428571428571
vt 0.8452380952380952 0.08542797619047615
vt 0.8463856547619047 0.09837047619047623
vt 0.8452380952380952 0.10119047619047616
vt 0.625 0.132961488095238
vt 0.6313244047619048 0.1473996428571428
vt 0.625 0.14880952380952384
vt 0.6949308333333333 0.7609263095238095
vt 0.6488095238095238 0.7579434523809524
vt 0.6488095238095238 0.7464981547619047
vt 0.6936604761904762 0.7455357142857143
vt 0.44642857142857145 0.28003619047619055
vt 0.44642857142857145 0.29055202380952383
vt 0.434606369047619 0.30952380952380953
vt 0.43452380952380953 0.29653375000000004
vt 0.8630952380952381 0.48065476190476186
vt 0.8630952380952381 0.4935257738095238
vt 0.8571428571428571 0.49361124999999995
vt 0.8572075595238096 0.48077148809523806
vt 0.011904761904761904 0.09388922619047624
vt 0.011904761904761904 0.08059035714285712
vt 0.01289059523809524 0.0803571428571429
vt 0.012923095238095237 0.09373589285714279
vt 0.023809523809523808 0.09412750000000003
vt 0.023809523809523808 0.0806190476190477
vt 0.02480571428571429 0.0803571428571429
vt 0.024772738095238094 0.09393208333333325
vt 0.8699716666666666 0.4699940476190476
vt 0.8574230952380952 0.47023809523809523
vt 0.8571428571428571 0.4642857142857143
vt 0.8697178571428571 0.4642857142857143
vt 0.2024477380952381 0.5718007142857143
vt 0.20833333333333334 0.5714285714285714
vt 0.20833333333333334 0.5882622619047619
vt 0.20238095238095238 0.5885649404761906
vt 0.22033279761904762 0.5242806547619048
vt 0.2261904761904762 0.5238095238095238
vt 0.2261904761904762 0.535255
vt 0.22023809523809523 0.53563625
vt 0.7797619047619048 0.13690476190476186
vt 0.7812324404761904 0.09571351190476185
vt 0.7812324404761904 0.13688553571428574
vt 0.16782678571428572 0.6461648214285713
vt 0.18452380952380953 0.6347704761904762
vt 0.18452380952380953 0.6663051785714286
vt 0.16666666666666666 0.6666666666666667
vt 0.7996621428571429 0.1997032738095238
vt 0.7996621428571429 0.22023809523809523
vt 0.7857142857142857 0.2198910119047619
vt 0.6608963690476191 0.3910844642857143
vt 0.6785714285714286 0.38384458333333327
vt 0.6785714285714286 0.4214764880952381
vt 0.6607142857142857 0.42261904761904767
vt 0.3869047619047619 0.2246853571428572
vt 0.39646863095238094 0.18828910714285707
vt 0.39646863095238094 0.22619047619047616
vt 0.041666666666666664 0.5109950000000001
vt 0.05952380952380952 0.5059633333333333
vt 0.05952380952380952 0.5471802380952382
vt 0.051421547619047624 0.5476190476190477
vt 0.6545185714285714 0.42261904761904767
vt 0.6369047619047619 0.42261904761904767
vt 0.6392727380952381 0.38151541666666666
vt 0.6545013690476191 0.37945375000000003
vt 0.25595238095238093 0.13412345238095236
vt 0.26343458333333336 0.13095238095238093
vt 0.26343458333333336 0.1423077380952381
vt 0.7816993452380953 0.36254363095238096
vt 0.7738095238095238 0.3491334523809524
vt 0.7916666666666666 0.34375
vt 0.7916666666666666 0.3605143452380952
vt 0.7916666666666666 0.26190476190476186
vt 0.8134800595238095 0.26190476190476186
vt 0.809815238095238 0.27380952380952384
vt 0.7931829761904762 0.2729830357142857
vt 0.7859635119047619 0.9699622619047619
vt 0.8106420238095238 0.96875
vt 0.8075266666666666 0.9818936904761905
vt 0.7857142857142857 0.9818936904761905
vt 0.8103995833333334 0.8690476190476191
vt 0.7857142857142857 0.8679879166666666
vt 0.7867570833333333 0.8571428571428572
vt 0.8132317857142857 0.8571428571428572
vt 0.7750224404761904 0.3214285714285714
vt 0.8018830952380953 0.3214285714285714
vt 0.8004601785714285 0.33333333333333337
vt 0.7740097619047619 0.3322230357142857
vt 0.4505029761904762 0.6785714285714286
vt 0.4506559523809524 0.6845238095238095
vt 0.4347607142857143 0.6845238095238095
vt 0.43491309523809524 0.6785714285714286
vt 0.39395565476190475 0.04613095238095233
vt 0.3783657738095238 0.04613095238095233
vt 0.3793830357142857 0.004464285714285698
vt 0.3929389880952381 0.004464285714285698
vt 0.4516840476190476 0.3688634523809524
vt 0.45260428571428574 0.3257080952380952
vt 0.4684995238095238 0.3257080952380952
vt 0.4694197619047619 0.3688634523809524
vt 0.11559345238095238 0.20833333333333337
vt 0.11615357142857143 0.23809523809523814
vt 0.10259642857142857 0.23809523809523814
vt 0.10315654761904762 0.20833333333333337
vt 0.8638392857142857 0.45238095238095233
vt 0.8757440476190477 0.45238095238095233
vt 0.8757440476190477 0.45833333333333337
vt 0.8638392857142857 0.45833333333333337
vt 0.25 0.6547619047619048
vt 0.25 0.6366107738095238
vt 0.24561946428571427 0.6323428571428571
vt 0.24404761904761904 0.6466706547619048
vt 0.6607142857142857 0.15476190476190477
vt 0.6607142857142857 0.13836773809523806
vt 0.6548529761904762 0.13597577380952386
vt 0.6547619047619048 0.15151369047619045
vt 0.8452380952380952 0.36904761904761907
vt 0.8609688095238096 0.36904761904761907
vt 0.8624943452380952 0.36264874999999996
vt 0.8469793452380953 0.3630925595238095
vt 0.8452380952380952 0.33333333333333337
vt 0.8606058333333334 0.33333333333333337
vt 0.8613504166666667 0.3265436904761905
vt 0.8462879761904761 0.32684005952380957
vt 0.6149680357142857 0.1071428571428571
vt 0.6149680357142857 0.08260559523809519
vt 0.6130952380952381 0.10509684523809526
vt 0.9017517857142858 0.22985059523809526
vt 0.8988095238095238 0.23063630952380954
vt 0.9001892857142857 0.2321428571428571
vt 0.8463856547619047 0.09837047619047623
vt 0.8452380952380952 0.08542797619047615
vt 0.8452380952380952 0.10119047619047616
vt 0.6313244047619048 0.1473996428571428
vt 0.625 0.132961488095238
vt 0.625 0.14880952380952384
vt 0.6488095238095238 0.7464981547619047
vt 0.6488095238095238 0.7579434523809524
vt 0.6949308333333333 0.7609263095238095
vt 0.6936604761904762 0.7455357142857143
vt 0.434606369047619 0.30952380952380953
vt 0.44642857142857145 0.29055202380952383
vt 0.44642857142857145 0.28003619047619055
vt 0.43452380952380953 0.29653375000000004
vt 0.8571428571428571 0.49361124999999995
vt 0.8630952380952381 0.4935257738095238
vt 0.8630952380952381 0.48065476190476186
vt 0.8572075595238096 0.48077148809523806
vt 0.01289059523809524 0.0803571428571429
vt 0.011904761904761904 0.08059035714285712
vt 0.011904761904761904 0.09388922619047624
vt 0.012923095238095237 0.09373589285714279
vt 0.02480571428571429 0.0803571428571429
vt 0.023809523809523808 0.0806190476190477
vt 0.023809523809523808 0.09412750000000003
vt 0.024772738095238094 0.09393208333333325
vt 0.8571428571428571 0.4642857142857143
vt 0.8574230952380952 0.47023809523809523
vt 0.8699716666666666 0.4699940476190476
vt 0.8697178571428571 0.4642857142857143
vt 0.20833333333333334 0.5882622619047619
vt 0.20833333333333334 0.5714285714285714
vt 0.2024477380952381 0.5718007142857143
vt 0.20238095238095238 0.5885649404761906
vt 0.2261904761904762 0.535255
vt 0.2261904761904762 0.5238095238095238
vt 0.22033279761904762 0.5242806547619048
vt 0.22023809523809523 0.53563625
vt 0.7812324404761904 0.09571351190476185
vt 0.7797619047619048 0.13690476190476186
vt 0.7812324404761904 0.13688553571428574
vt 0.18452380952380953 0.6663051785714286
vt 0.18452380952380953 0.6347704761904762
vt 0.16782678571428572 0.6461648214285713
vt 0.16666666666666666 0.6666666666666667
vt 0.7996621428571429 0.22023809523809523
vt 0.7996621428571429 0.1997032738095238
vt 0.7857142857142857 0.2198910119047619
vt 0.6785714285714286 0.4214764880952381
vt 0.6785714285714286 0.38384458333333327
vt 0.6608963690476191 0.3910844642857143
vt 0.6607142857142857 0.42261904761904767
vt 0.39646863095238094 0.18828910714285707
vt 0.3869047619047619 0.2246853571428572
vt 0.39646863095238094 0.22619047619047616
vt 0.05952380952380952 0.5471802380952382
vt 0.05952380952380952 0.5059633333333333
vt 0.041666666666666664 0.5109950000000001
vt 0.051421547619047624 0.5476190476190477
vt 0.6392727380952381 0.38151541666666666
vt 0.6369047619047619 0.42261904761904767
vt 0.6545185714285714 0.42261904761904767
vt 0.6545013690476191 0.37945375000000003
vt 0.26343458333333336 0.13095238095238093
vt 0.25595238095238093 0.13412345238095236
vt 0.26343458333333336 0.1423077380952381
vt 0.7916666666666666 0.34375
vt 0.7738095238095238 0.3491334523809524
vt 0.7816993452380953 0.36254363095238096
vt 0.7916666666666666 0.3605143452380952
vt 0.809815238095238 0.27380952380952384
vt 0.8134800595238095 0.26190476190476186
vt 0.7916666666666666 0.26190476190476186
vt 0.7931829761904762 0.2729830357142857
vt 0.8075266666666666 0.9818936904761905
vt 0.8106420238095238 0.96875
vt 0.7859635119047619 0.9699622619047619
vt 0.7857142857142857 0.9818936904761905
vt 0.7867570833333333 0.8571428571428572
vt 0.7857142857142857 0.8679879166666666
vt 0.8103995833333334 0.8690476190476191
vt 0.8132317857142857 0.8571428571428572
vt 0.8004601785714285 0.33333333333333337
vt 0.8018830952380953 0.3214285714285714
vt 0.7750224404761904 0.3214285714285714
vt 0.7740097619047619 0.3322230357142857
vt 0.4786105952380953 0.05029761904761898
vt 0.47907738095238095 0.038690476190476164
vt 0.43714369047619045 0.038690476190476164
vt 0.4367559523809524 0.04845946428571424
vt 0.4791666666666667 0.036520297619047626
vt 0.4791666666666667 0.02157738095238093
vt 0.43741619047619046 0.023465535714285668
vt 0.43720238095238095 0.03651434523809527
vt 0.4791666666666667 0.01849708333333333
vt 0.4791666666666667 0.0029761904761904656
vt 0.4376172619047619 0.005046964285714273
vt 0.4375 0.018422857142857185
vt 0.49420934523809523 0.005952380952380931
vt 0.4827380952380952 0.006117023809523836
vt 0.4827380952380952 0.04764440476190468
vt 0.49616517857142856 0.04754226190476185
vt 0.43086178571428574 0.005357142857142838
vt 0.41428571428571426 0.005916130952380971
vt 0.41428571428571426 0.04812809523809525
vt 0.43427065476190474 0.047062857142857184
vt 0.3166079761904762 0.03720238095238093
vt 0.35854166666666665 0.03720238095238093
vt 0.35807488095238094 0.04880952380952375
vt 0.3162202380952381 0.046971369047619005
vt 0.3168804761904762 0.021977440476190435
vt 0.3586309523809524 0.0200892857142857
vt 0.3586309523809524 0.03503220238095239
vt 0.3166666666666667 0.035026250000000037
vt 0.3170815476190476 0.00355886904761904
vt 0.3586309523809524 0.0014880952380952328
vt 0.3586309523809524 0.017008988095237987
vt 0.3169642857142857 0.016934761904761952
vt 0.36220238095238094 0.04615630952380945
vt 0.36220238095238094 0.004628928571428603
vt 0.37367363095238093 0.004464285714285698
vt 0.3756294642857143 0.04605416666666662
vt 0.29375 0.046640000000000015
vt 0.29375 0.0044280357142857385
vt 0.31032607142857144 0.0038690476190476053
vt 0.3137349404761905 0.04557476190476195
vn 0.4571092769012215 0.5222364148301143 -0.7199446061998321
vn 0.3208918343010349 0.585156656059533 -0.7447282179078101
vn 0.21671539844691706 0.6245474419616972 -0.7503165524064456
vn 0.11425251680811668 0.6502412114015642 -0.7510876975413974
vn 0.47096927665700955 0.6598075886251803 -0.5855270159760333
vn 0.5031148053991518 0.6443397881264261 -0.5759355259274825
vn 0.6379270203387498 0.43949936704739145 -0.6323681072655917
vn 0.7795967696928867 0.24573355924452817 -0.5760589332224892
vn 0.6732715378604468 -0.26266820834828325 -0.6911662959303875
vn 0.582701769428929 0.4729274596365095 -0.6609071537108316
vn 0.07177664837786774 -0.8755735719359141 -0.47772275733423514
vn 0.1537698882613919 -0.8690198637703048 -0.4702757678604329
vn 0.2180021380940402 -0.8599904144350736 -0.4614017282869861
vn 0.255803170992279 -0.8508474905573309 -0.45893712589263036
vn 0.3076617843255073 -0.8429322083676418 -0.44137231286306966
vn 0.4028360450810538 -0.8182498528136317 -0.4101101061348345
vn 0.12231430960120511 0.8161122205531893 -0.5648008968924562
vn 0.31043047209069086 0.7700037458802166 -0.5574290567668554
vn 0.418831400598293 0.7187074393091449 -0.5550134003378334
vn 0.23742258194127497 0.7923026716401927 -0.562038249673589
vn 0.17968880801533751 0.8062428651119675 -0.563634965851191
vn 0.1689205900139485 0.8073518337661716 -0.565374964765632
vn 0.0875264667371805 0.8207166726817001 -0.5645912333740087
vn 0.3705982815474652 -0.8496231022483473 -0.3752299266316058
vn 0.2952858115314192 -0.8595394032448659 -0.4171310390964584
vn 0.24212102851403305 -0.8693324797222809 -0.4308578039808691
vn 0.20474637769837992 -0.8778090973578567 -0.4330474678544807
vn 0.14430448559832734 -0.8844629981299911 -0.4437357551235981
vn 0.07146754735465281 -0.8866302004909843 -0.45692371053867176
vn 0 0.6564682693390251 -0.7543536381240734
vn 0 -0.420956378785671 -0.9070808823691826
vn 0 0.8252155327702144 -0.5648179569337111
vn 0 -0.8882178302881085 -0.4594225570847444
vn 0 -0.8593007275391743 -0.5114706830803167
vn -0.45710927690122155 0.5222364148301144 -0.7199446061998319
vn -0.32089183430103485 0.585156656059533 -0.7447282179078102
vn -0.21671539844691717 0.6245474419616972 -0.7503165524064458
vn -0.11425251680811674 0.6502412114015642 -0.7510876975413974
vn -0.4709692766570095 0.6598075886251804 -0.5855270159760335
vn -0.5031148053991519 0.6443397881264262 -0.5759355259274825
vn -0.6379270203387498 0.4394993670473917 -0.6323681072655915
vn -0.7795967696928867 0.24573355924452805 -0.5760589332224891
vn -0.6732715378604467 -0.26266820834828325 -0.6911662959303875
vn -0.5827017694289288 0.47292745963650984 -0.6609071537108319
vn -0.07177664837786775 -0.8755735719359143 -0.47772275733423514
vn -0.15376988826139187 -0.8690198637703049 -0.47027576786043285
vn -0.2180021380940402 -0.8599904144350734 -0.4614017282869861
vn -0.25580317099227884 -0.8508474905573311 -0.4589371258926301
vn -0.3076617843255072 -0.8429322083676419 -0.44137231286306977
vn -0.40283604508105386 -0.8182498528136317 -0.4101101061348346
vn -0.12231430960120647 0.8161122205531892 -0.564800896892456
vn -0.3104304720906907 0.7700037458802165 -0.5574290567668553
vn -0.41883140059829305 0.7187074393091449 -0.5550134003378333
vn -0.23742258194127497 0.7923026716401927 -0.562038249673589
vn -0.1796888080153376 0.8062428651119675 -0.563634965851191
vn -0.16892059001394846 0.8073518337661716 -0.5653749647656321
vn -0.0875264667371804 0.8207166726817001 -0.5645912333740087
vn -0.37059828154746527 -0.8496231022483474 -0.3752299266316059
vn -0.2952858115314192 -0.8595394032448659 -0.4171310390964583
vn -0.24212102851403305 -0.8693324797222809 -0.43085780398086904
vn -0.20474637769837986 -0.8778090973578567 -0.43304746785448067
vn -0.14430448559832734 -0.8844629981299911 -0.4437357551235981
vn -0.07146754735465287 -0.8866302004909841 -0.45692371053867165
vn -0.46880603539734095 -0.41891206822551064 -0.7776461793579726
vn -0.36678942494574684 -0.4157636973609567 -0.8322295751201799
vn -0.2617529006831897 -0.41330219351385633 -0.8721620926299027
vn -0.1318587097843892 -0.4156758248928334 -0.8999038222241637
vn -0.5349795207563441 -0.33770617239002787 -0.7744362165478764
vn 0.46880603539734117 -0.41891206822551075 -0.7776461793579728
vn 0.36678942494574696 -0.4157636973609567 -0.8322295751201799
vn 0.26175290068318974 -0.41330219351385633 -0.8721620926299029
vn 0.13185870978438935 -0.4156758248928333 -0.8999038222241634
vn 0.5349795207563441 -0.3377061723900278 -0.7744362165478765
usemtl m_174921bd-8d65-9278-7639-917192b6ef1e
f 1582/3257/896 1583/3258/896 1581/3259/896 1580/3260/896
f 1584/3261/897 1585/3262/897 1583/3263/897 1582/3264/897
f 1586/3265/898 1587/3266/898 1585/3267/898 1584/3268/898
f 1588/3269/899 1589/3270/899 1587/3271/899 1586/3272/899
f 1606/3273/900 1605/3274/900 1608/3275/900
f 1607/3276/901 1608/3277/901 1605/3278/901
f 1612/3279/902 1610/3280/902 1613/3281/902
f 1612/3282/903 1613/3283/903 1614/3284/903
f 1614/3285/904 1615/3286/904 1616/3287/904 1617/3288/904
f 1611/3289/905 1609/3290/905 1610/3291/905 1612/3292/905
f 1603/3293/906 1601/3294/906 1602/3295/906 1604/3296/906
f 1597/3297/907 1602/3298/907 1601/3299/907 1600/3300/907
f 1596/3301/908 1597/3302/908 1600/3303/908 1599/3304/908
f 1599/3305/909 1598/3306/909 1595/3307/909 1596/3308/909
f 1595/3309/910 1598/3310/910 1618/3311/910 1592/3312/910
f 1592/3313/911 1594/3314/911 1593/3315/911 1591/3316/911
f 1619/3317/912 1587/3318/912 1620/3319/912
f 1581/3320/913 1583/3321/913 1622/3322/913 1621/3323/913
f 1581/3324/914 1621/3325/914 1590/3326/914
f 1583/3327/915 1585/3328/915 1623/3329/915 1622/3330/915
f 1623/3331/916 1585/3332/916 1624/3333/916
f 1585/3334/917 1587/3335/917 1619/3336/917 1624/3337/917
f 1625/3338/918 1620/3339/918 1587/3340/918 1589/3341/918
f 1626/3342/919 1592/3343/919 1591/3344/919
f 1626/3345/920 1627/3346/920 1595/3347/920 1592/3348/920
f 1628/3349/921 1596/3350/921 1595/3351/921 1627/3352/921
f 1629/3353/922 1597/3354/922 1596/3355/922 1628/3356/922
f 1597/3357/923 1629/3358/923 1630/3359/923 1602/3360/923
f 1631/3361/924 1604/3362/924 1602/3363/924 1630/3364/924
f 1632/3365/925 1633/3366/925 1634/3367/925 1635/3368/925
f 1638/3369/926 1637/3370/926 1636/3371/926 1639/3372/926
f 1642/3373/927 1634/3374/927 1633/3375/927 1643/3376/927
f 1645/3377/928 1647/3378/928 1646/3379/928 1644/3380/928
f 1646/3381/929 1647/3382/929 1640/3383/929 1641/3384/929
f 1649/3385/930 1651/3386/930 1650/3387/930 1648/3388/930
f 1651/3389/931 1653/3390/931 1652/3391/931 1650/3392/931
f 1653/3393/932 1655/3394/932 1654/3395/932 1652/3396/932
f 1655/3397/933 1657/3398/933 1656/3399/933 1654/3400/933
f 1673/3401/934 1674/3402/934 1676/3403/934
f 1676/3404/935 1675/3405/935 1673/3406/935
f 1678/3407/936 1680/3408/936 1681/3409/936
f 1681/3410/937 1680/3411/937 1682/3412/937
f 1684/3413/938 1683/3414/938 1682/3415/938 1685/3416/938
f 1678/3417/939 1677/3418/939 1679/3419/939 1680/3420/939
f 1670/3421/940 1669/3422/940 1671/3423/940 1672/3424/940
f 1669/3425/941 1670/3426/941 1665/3427/941 1668/3428/941
f 1668/3429/942 1665/3430/942 1664/3431/942 1667/3432/942
f 1663/3433/943 1666/3434/943 1667/3435/943 1664/3436/943
f 1686/3437/944 1666/3438/944 1663/3439/944 1660/3440/944
f 1661/3441/945 1662/3442/945 1660/3443/945 1659/3444/945
f 1655/3445/946 1687/3446/946 1688/3447/946
f 1690/3448/947 1651/3449/947 1649/3450/947 1689/3451/947
f 1689/3452/948 1649/3453/948 1658/3454/948
f 1691/3455/949 1653/3456/949 1651/3457/949 1690/3458/949
f 1653/3459/950 1691/3460/950 1692/3461/950
f 1687/3462/951 1655/3463/951 1653/3464/951 1692/3465/951
f 1655/3466/952 1688/3467/952 1693/3468/952 1657/3469/952
f 1660/3470/953 1694/3471/953 1659/3472/953
f 1663/3473/954 1695/3474/954 1694/3475/954 1660/3476/954
f 1663/3477/955 1664/3478/955 1696/3479/955 1695/3480/955
f 1664/3481/956 1665/3482/956 1697/3483/956 1696/3484/956
f 1698/3485/957 1697/3486/957 1665/3487/957 1670/3488/957
f 1670/3489/958 1672/3490/958 1699/3491/958 1698/3492/958
f 1708/3493/959 1706/3494/959 1707/3495/959 1709/3496/959
f 1706/3497/960 1704/3498/960 1705/3499/960 1707/3500/960
f 1704/3501/961 1702/3502/961 1703/3503/961 1705/3504/961
f 1701/3505/962 1703/3506/962 1702/3507/962 1700/3508/962
f 1712/3509/963 1710/3510/963 1711/3511/963 1713/3512/963
f 1721/3513/964 1720/3514/964 1722/3515/964 1723/3516/964
f 1719/3517/965 1718/3518/965 1720/3519/965 1721/3520/965
f 1717/3521/966 1716/3522/966 1718/3523/966 1719/3524/966
f 1716/3525/967 1717/3526/967 1715/3527/967 1714/3528/967
f 1725/3529/968 1724/3530/968 1726/3531/968 1727/3532/968
o car1_coupler_open
v 0.3125 0.5 -10.625
v 0.3125 -0.125 -10.625
v -0.3125 0.5 -10.625
v -0.3125 -0.125 -10.625
v 0.09311124999999998 0.7103725000000001 -11.139005
v 0.3125 0.5 -10.625
v -0.09311124999999998 0.7103725000000001 -11.139005
v -0.3125 0.5 -10.625
v 0.3125 -0.125 -10.625
v 0.06529312499999995 -0.1591218749999999 -11.10380875
v -0.3125 -0.125 -10.625
v -0.06529312499999995 -0.1591218749999999 -11.10380875
v 0.26249999999999996 -0.07812499999999994 -10.9875
v 0.26249999999999996 0.2656250000000001 -10.9875
v 0.26249999999999996 0.26562500000000017 -11.45625
v 0.26249999999999996 -0.07812499999999983 -11.45625
v -0.2625 -0.07812499999999994 -10.9875
v -0.2625 0.2656250000000001 -10.9875
v -0.2625 0.26562500000000017 -11.45625
v -0.2625 -0.07812499999999983 -11.45625
v 0.31875 0.10937500000000001 -10.690625
v 0.31875 0.453125 -10.690625
v 0.31875 0.4531250000000001 -11.159375
v 0.31875 0.10937500000000012 -11.159375
v -0.31875 0.10937500000000001 -10.690625
v -0.31875 0.453125 -10.690625
v -0.31875 0.4531250000000001 -11.159375
v -0.31875 0.10937500000000012 -11.159375
v 0.21562499999999996 0.2375000000000001 -11.015625
v 0.21562499999999996 0.38750000000000007 -11.015625
v 0.21562499999999996 0.3875000000000002 -11.421875
v 0.21562499999999996 0.23750000000000018 -11.421875
v -0.215625 0.2375000000000001 -11.015625
v -0.215625 0.38750000000000007 -11.015625
v -0.215625 0.3875000000000002 -11.421875
v -0.215625 0.23750000000000018 -11.421875
v 0 0.09375000000000014 -11.2375
v 0 0.09374999999999996 -10.440625
v 0.06472124999999995 0.2500000000000001 -11.2375
v 0.06472124999999995 0.24999999999999994 -10.440625
v 0.15625 0.15847125000000015 -11.2375
v 0.15625 0.15847124999999995 -10.440625
v 0.15625 0.02902875000000013 -11.2375
v 0.15625 0.029028749999999964 -10.440625
v 0.06472124999999995 -0.06249999999999986 -11.2375
v 0.06472124999999995 -0.06250000000000006 -10.440625
v 0.234375 -0.031249999999999833 -11.409375
v 0.234375 0.25000000000000017 -11.409375
v 0.234375 0.2500000000000002 -11.503125
v 0.234375 -0.031249999999999806 -11.503125
v -0.06472124999999995 0.2500000000000001 -11.2375
v -0.06472124999999995 0.24999999999999994 -10.440625
v -0.15625 0.15847125000000015 -11.2375
v -0.15625 0.15847124999999995 -10.440625
v -0.15625 0.02902875000000013 -11.2375
v -0.15625 0.029028749999999964 -10.440625
v -0.06472124999999995 -0.06249999999999986 -11.2375
v -0.06472124999999995 -0.06250000000000006 -10.440625
v -0.234375 -0.031249999999999833 -11.409375
v -0.234375 0.25000000000000017 -11.409375
v -0.234375 0.2500000000000002 -11.503125
v -0.234375 -0.031249999999999806 -11.503125
v -0.09072687499999998 0.1718750000000002 -11.50451375
v -0.05627000000000004 0.1576025000000002 -11.50451375
v -0.109375 0.07812500000000017 -11.37951375
v -0.02989750000000002 0.13123000000000018 -11.50451375
v -0.015625 0.0967731250000002 -11.50451375
v -0.015625 0.05947687500000021 -11.50451375
v -0.02989750000000002 0.02502000000000018 -11.50451375
v -0.05627000000000004 -0.0013524999999998122 -11.50451375
v -0.09072687499999998 -0.015624999999999806 -11.50451375
v -0.12802312500000002 -0.015624999999999806 -11.50451375
v -0.16248 -0.0013524999999998122 -11.50451375
v -0.18885249999999998 0.02502000000000018 -11.50451375
v -0.203125 0.05947687500000021 -11.50451375
v -0.203125 0.0967731250000002 -11.50451375
v -0.18885249999999998 0.13123000000000018 -11.50451375
v -0.16248 0.1576025000000002 -11.50451375
v -0.12802312500000002 0.1718750000000002 -11.50451375
v -0.109375 0.0781250000000002 -11.50451375
v 0.16247999999999996 0.1576025000000002 -11.503125
v 0.12802312500000002 0.1718750000000002 -11.503125
v 0.109375 0.0781250000000002 -11.503125
v 0.109375 0.07812500000000022 -11.628125
v 0.18885249999999998 0.13123000000000018 -11.503125
v 0.203125 0.0967731250000002 -11.503125
v 0.203125 0.05947687500000021 -11.503125
v 0.18885249999999998 0.02502000000000018 -11.503125
v 0.16247999999999996 -0.0013524999999998122 -11.503125
v 0.12802312500000002 -0.015624999999999806 -11.503125
v 0.09072687499999998 -0.015624999999999806 -11.503125
v 0.05627000000000004 -0.0013524999999998122 -11.503125
v 0.02989750000000002 0.02502000000000018 -11.503125
v 0.015625 0.05947687500000021 -11.503125
v 0.015625 0.0967731250000002 -11.503125
v 0.02989750000000002 0.13123000000000018 -11.503125
v 0.05627000000000004 0.1576025000000002 -11.503125
v 0.09072687499999998 0.1718750000000002 -11.503125
v -0.3125 0.5 -10.625
v -0.3125 -0.125 -10.625
v -0.09311124999999998 0.7103725000000001 -11.139005
v -0.06529312499999995 -0.1591218749999999 -11.10380875
v -0.81532 -0.020963124999999916 -10.993101875
v -0.925236875 0.4464112500000001 -11.063649999999999
v -0.277301875 0.6947518750000001 -11.1331575
v -0.292591875 0.6926168750000001 -11.13293125
v -0.346110625 0.6843943750000001 -11.129238749999999
v -0.44611 0.6687368750000001 -11.119755625
v -0.5983225 0.6349918750000001 -11.103028125
v -0.750689375 0.5866737500000001 -11.087625625
v -0.880656875 0.5201375000000001 -11.075708125
v -0.8982712500000001 0.5080418750000001 -11.073853125
v -0.18692750000000002 -0.1557918749999999 -11.087258125
v -0.7024431250000001 -0.06994312499999994 -10.995229375000001
v -0.8104875 -0.028501249999999922 -10.982354375
v -0.54636375 -0.11291062499999988 -11.01717875
v -0.431068125 -0.1369531249999999 -11.0320275
v -0.309985 -0.14823249999999988 -11.062306875
v 0.3125 0.5 -10.625
v 0.3125 -0.125 -10.625
v 0.09311124999999998 0.7103725000000001 -11.139005
v 0.06529312499999995 -0.1591218749999999 -11.10380875
v 0.81532 -0.020963124999999916 -10.993101875
v 0.925236875 0.4464112500000001 -11.063649999999999
v 0.27730187500000003 0.6947518750000001 -11.1331575
v 0.29259187499999995 0.6926168750000001 -11.13293125
v 0.346110625 0.6843943750000001 -11.129238749999999
v 0.44611 0.6687368750000001 -11.119755625
v 0.5983225000000001 0.6349918750000001 -11.103028125
v 0.7506893750000001 0.5866737500000001 -11.087625625
v 0.8806568749999999 0.5201375000000001 -11.075708125
v 0.8982712500000001 0.5080418750000001 -11.073853125
v 0.18692750000000002 -0.1557918749999999 -11.087258125
v 0.7024431250000001 -0.06994312499999994 -10.995229375000001
v 0.8104875 -0.028501249999999922 -10.982354375
v 0.54636375 -0.11291062499999988 -11.01717875
v 0.4310681249999999 -0.1369531249999999 -11.0320275
v 0.30998499999999996 -0.14823249999999988 -11.062306875
v -0.8490925 0.4529793750000001 -10.97096875
v -0.94158125 0.5201374999999999 -10.21637125
v -0.9514825 0.5080418749999999 -10.201685
v -0.95741 0.5017343749999998 -10.23246125
v -0.607415625 0.692616875 -10.7036375
v -0.597760625 0.694751875 -10.715495624999999
v 0.8490831249999999 0.4529793750000001 -10.9709475
v 0.6074062499999999 0.692616875 -10.70361625
v 0.59775125 0.694751875 -10.715475
v -0.8802181250000001 0.40077625000000006 -11.003779375
v -0.8490925 0.4529793750000001 -10.97096875
v -0.799110625 0.40034562500000015 -11.139596875
v -0.7640825 0.4544356250000001 -11.1081125
v -0.712311875 -0.024093124999999938 -10.90611625
v -0.704896875 -0.029210624999999935 -10.900464375
v -0.641228125 -0.02445624999999993 -11.02105625
v -0.63464375 -0.02957437499999993 -11.01552625
v -0.597760625 0.694751875 -10.715495624999999
v -0.48384499999999997 0.7103725 -10.8603525
v -0.504508125 -0.15579187499999997 -10.7552225
v -0.439001875 -0.15912187499999997 -10.85903875
v -0.799110625 0.40034562500000015 -11.139596875
v -0.641228125 -0.02445624999999993 -11.02105625
v -0.8802181250000001 0.40077625000000006 -11.003779375
v -0.712311875 -0.024093124999999938 -10.90611625
v -0.799110625 0.40034562500000015 -11.139596875
v -0.7640825 0.4544356250000001 -11.1081125
v -0.641228125 -0.02445624999999993 -11.02105625
v -0.63464375 -0.02957437499999993 -11.01552625
v -0.588921875 -0.029574374999999903 -11.070015625
v -0.59550875 -0.0244562499999999 -11.075542500000001
v -0.746528125 0.40034562500000015 -11.2022625
v -0.7106281249999999 0.4544356250000001 -11.171816875
v -0.7640825 0.4544356250000001 -11.1081125
v -0.799110625 0.40034562500000015 -11.139596875
v -0.641228125 -0.02445624999999993 -11.02105625
v -0.48384499999999997 0.7103725 -10.8603525
v -0.439001875 -0.15912187499999997 -10.85903875
v -0.63464375 -0.02957437499999993 -11.01552625
v -0.42418 0.7103725000000001 -10.931458125
v -0.7106281249999999 0.4544356250000001 -11.171816875
v -0.746528125 0.40034562500000015 -11.2022625
v -0.59550875 -0.0244562499999999 -11.075542500000001
v -0.588921875 -0.029574374999999903 -11.070015625
v -0.397059375 -0.15912187499999997 -10.90902375
v 0.88020875 0.40077625000000006 -11.00375875
v 0.8490831249999999 0.4529793750000001 -10.9709475
v 0.7991012500000001 0.40034562500000015 -11.139575624999999
v 0.7640724999999999 0.4544356250000001 -11.10809125
v 0.7123025000000001 -0.024093124999999938 -10.906095625
v 0.7048868749999999 -0.029210624999999935 -10.900443125
v 0.64121875 -0.02445624999999993 -11.021035625
v 0.6346337500000001 -0.02957437499999993 -11.015505625
v 0.59775125 0.694751875 -10.715475
v 0.483835 0.7103725 -10.860331875
v 0.50449875 -0.15579187499999997 -10.755201875000001
v 0.4389924999999999 -0.15912187499999997 -10.859018125
v 0.7640724999999999 0.4544356250000001 -11.10809125
v 0.7991012500000001 0.40034562500000015 -11.139575624999999
v 0.64121875 -0.02445624999999993 -11.021035625
v 0.6346337500000001 -0.02957437499999993 -11.015505625
v 0.7991012500000001 0.40034562500000015 -11.139575624999999
v 0.64121875 -0.02445624999999993 -11.021035625
v 0.88020875 0.40077625000000006 -11.00375875
v 0.7123025000000001 -0.024093124999999938 -10.906095625
v 0.588858125 -0.029574374999999903 -11.070059375
v 0.595445 -0.0244562499999999 -11.075586875
v 0.74646375 0.40034562500000015 -11.202306875
v 0.7102468749999999 0.4544356250000001 -11.17223875
v 0.7640724999999999 0.4544356250000001 -11.10809125
v 0.64121875 -0.02445624999999993 -11.021035625
v 0.7991012500000001 0.40034562500000015 -11.139575624999999
v 0.483835 0.7103725 -10.860331875
v 0.4389924999999999 -0.15912187499999997 -10.859018125
v 0.6346337500000001 -0.02957437499999993 -11.015505625
v 0.42379875 0.7103725000000001 -10.931880625
v 0.7102468749999999 0.4544356250000001 -11.17223875
v 0.74646375 0.40034562500000015 -11.202306875
v 0.595445 -0.0244562499999999 -11.075586875
v 0.588858125 -0.029574374999999903 -11.070059375
v 0.39699562499999996 -0.15912187499999997 -10.9090675
v -0.8802181250000001 0.40077625000000006 -11.003779375
v -0.8490925 0.4529793750000001 -10.97096875
v -0.799110625 0.40034562500000015 -11.139596875
v -0.7640825 0.4544356250000001 -11.1081125
v -0.712311875 -0.024093124999999938 -10.90611625
v -0.704896875 -0.029210624999999935 -10.900464375
v -0.641228125 -0.02445624999999993 -11.02105625
v -0.63464375 -0.02957437499999993 -11.01552625
v -0.597760625 0.694751875 -10.715495624999999
v -0.48384499999999997 0.7103725 -10.8603525
v -0.504508125 -0.15579187499999997 -10.7552225
v -0.439001875 -0.15912187499999997 -10.85903875
v -0.799110625 0.40034562500000015 -11.139596875
v -0.641228125 -0.02445624999999993 -11.02105625
v -0.8802181250000001 0.40077625000000006 -11.003779375
v -0.712311875 -0.024093124999999938 -10.90611625
v -0.799110625 0.40034562500000015 -11.139596875
v -0.7640825 0.4544356250000001 -11.1081125
v -0.641228125 -0.02445624999999993 -11.02105625
v -0.63464375 -0.02957437499999993 -11.01552625
v -0.588921875 -0.029574374999999903 -11.070015625
v -0.59550875 -0.0244562499999999 -11.075542500000001
v -0.746528125 0.40034562500000015 -11.2022625
v -0.7106281249999999 0.4544356250000001 -11.171816875
v -0.7640825 0.4544356250000001 -11.1081125
v -0.799110625 0.40034562500000015 -11.139596875
v -0.641228125 -0.02445624999999993 -11.02105625
v -0.48384499999999997 0.7103725 -10.8603525
v -0.439001875 -0.15912187499999997 -10.85903875
v -0.63464375 -0.02957437499999993 -11.01552625
v -0.42418 0.7103725000000001 -10.931458125
v -0.7106281249999999 0.4544356250000001 -11.171816875
v -0.746528125 0.40034562500000015 -11.2022625
v -0.59550875 -0.0244562499999999 -11.075542500000001
v -0.588921875 -0.029574374999999903 -11.070015625
v -0.397059375 -0.15912187499999997 -10.90902375
v 0.88020875 0.40077625000000006 -11.00375875
v 0.8490831249999999 0.4529793750000001 -10.9709475
v 0.7991012500000001 0.40034562500000015 -11.139575624999999
v 0.7640724999999999 0.4544356250000001 -11.10809125
v 0.7123025000000001 -0.024093124999999938 -10.906095625
v 0.7048868749999999 -0.029210624999999935 -10.900443125
v 0.64121875 -0.02445624999999993 -11.021035625
v 0.6346337500000001 -0.02957437499999993 -11.015505625
v 0.59775125 0.694751875 -10.715475
v 0.483835 0.7103725 -10.860331875
v 0.50449875 -0.15579187499999997 -10.755201875000001
v 0.4389924999999999 -0.15912187499999997 -10.859018125
v 0.7640724999999999 0.4544356250000001 -11.10809125
v 0.7991012500000001 0.40034562500000015 -11.139575624999999
v 0.64121875 -0.02445624999999993 -11.021035625
v 0.6346337500000001 -0.02957437499999993 -11.015505625
v 0.7991012500000001 0.40034562500000015 -11.139575624999999
v 0.64121875 -0.02445624999999993 -11.021035625
v 0.88020875 0.40077625000000006 -11.00375875
v 0.7123025000000001 -0.024093124999999938 -10.906095625
v 0.588858125 -0.029574374999999903 -11.070059375
v 0.595445 -0.0244562499999999 -11.075586875
v 0.74646375 0.40034562500000015 -11.202306875
v 0.7102468749999999 0.4544356250000001 -11.17223875
v 0.7640724999999999 0.4544356250000001 -11.10809125
v 0.64121875 -0.02445624999999993 -11.021035625
v 0.7991012500000001 0.40034562500000015 -11.139575624999999
v 0.483835 0.7103725 -10.860331875
v 0.4389924999999999 -0.15912187499999997 -10.859018125
v 0.6346337500000001 -0.02957437499999993 -11.015505625
v 0.42379875 0.7103725000000001 -10.931880625
v 0.7102468749999999 0.4544356250000001 -11.17223875
v 0.74646375 0.40034562500000015 -11.202306875
v 0.595445 -0.0244562499999999 -11.075586875
v 0.588858125 -0.029574374999999903 -11.070059375
v 0.39699562499999996 -0.15912187499999997 -10.9090675
vt 0.05952380952380952 0.5535714285714286
vt 0.05952380952380952 0.6130952380952381
vt 0 0.6130952380952381
vt 0 0.5535714285714286
vt 0.37803690476190477 0.5892857142857143
vt 0.35714285714285715 0.5357142857142857
vt 0.4166666666666667 0.5357142857142857
vt 0.39577261904761907 0.5892857142857143
vt 0.31547619047619047 0.5178571428571428
vt 0.29193273809523806 0.5654761904761905
vt 0.27949583333333333 0.5654761904761905
vt 0.25595238095238093 0.5178571428571428
vt 0.08333333333333333 0.5
vt 0.13095238095238096 0.5
vt 0.13095238095238096 0.5476190476190477
vt 0.08333333333333333 0.5476190476190477
vt 0.4583333333333333 0.6845238095238095
vt 0.4583333333333333 0.6369047619047619
vt 0.5059523809523809 0.6369047619047619
vt 0.5059523809523809 0.6845238095238095
vt 0.5535714285714286 0.6904761904761905
vt 0.5535714285714286 0.7261904761904762
vt 0.5059523809523809 0.7261904761904762
vt 0.5059523809523809 0.6904761904761905
vt 0.5119047619047619 0.6488095238095238
vt 0.5595238095238095 0.6488095238095238
vt 0.5595238095238095 0.6845238095238095
vt 0.5119047619047619 0.6845238095238095
vt 0.47023809523809523 0.48809523809523814
vt 0.47023809523809523 0.44047619047619047
vt 0.5059523809523809 0.44047619047619047
vt 0.5059523809523809 0.48809523809523814
vt 0.5119047619047619 0.44047619047619047
vt 0.5476190476190477 0.44047619047619047
vt 0.5476190476190477 0.48809523809523814
vt 0.5119047619047619 0.48809523809523814
vt 0.4166666666666667 0.7976190476190477
vt 0.47619047619047616 0.7976190476190477
vt 0.47619047619047616 0.8452380952380952
vt 0.4166666666666667 0.8452380952380952
vt 0.4226190476190476 0.5892857142857143
vt 0.4226190476190476 0.5416666666666667
vt 0.48214285714285715 0.5416666666666667
vt 0.48214285714285715 0.5892857142857143
vt 0.5178571428571429 0.5952380952380952
vt 0.5178571428571429 0.6309523809523809
vt 0.4583333333333333 0.6309523809523809
vt 0.4583333333333333 0.5952380952380952
vt 0.47023809523809523 0.8571428571428572
vt 0.5297619047619048 0.8571428571428572
vt 0.5297619047619048 0.8928571428571429
vt 0.47023809523809523 0.8928571428571429
vt 0.3630952380952381 0.4821428571428571
vt 0.3630952380952381 0.43452380952380953
vt 0.39880952380952384 0.43452380952380953
vt 0.39880952380952384 0.4821428571428571
vt 0.5238095238095238 0.5952380952380952
vt 0.5595238095238095 0.5952380952380952
vt 0.5595238095238095 0.6428571428571428
vt 0.5238095238095238 0.6428571428571428
vt 0.25595238095238093 0.47023809523809523
vt 0.2976190476190476 0.47023809523809523
vt 0.2976190476190476 0.5119047619047619
vt 0.25595238095238093 0.5119047619047619
vt 0.4880952380952381 0.5892857142857143
vt 0.4880952380952381 0.5476190476190477
vt 0.5297619047619048 0.5476190476190477
vt 0.5297619047619048 0.5892857142857143
vt 0.7678571428571429 0.7261904761904762
vt 0.7678571428571429 0.7380952380952381
vt 0.7261904761904762 0.7380952380952381
vt 0.7261904761904762 0.7261904761904762
vt 0.7380952380952381 0.36904761904761907
vt 0.7797619047619048 0.36904761904761907
vt 0.7797619047619048 0.38095238095238093
vt 0.7380952380952381 0.38095238095238093
vt 0.3392857142857143 0.27380952380952384
vt 0.3392857142857143 0.2321428571428571
vt 0.35119047619047616 0.2321428571428571
vt 0.35119047619047616 0.27380952380952384
vt 0.5416666666666666 0.2321428571428571
vt 0.5535714285714286 0.2321428571428571
vt 0.5535714285714286 0.27380952380952384
vt 0.5416666666666666 0.27380952380952384
vt 0.8216864285714285 0.7505151785714286
vt 0.8330754761904762 0.7457977976190476
vt 0.8330754761904762 0.7619047619047619
vt 0.44642857142857145 0.3928571428571429
vt 0.43452380952380953 0.3928571428571429
vt 0.43452380952380953 0.31547619047619047
vt 0.44642857142857145 0.31547619047619047
vt 0.36283738095238094 0.17359196428571433
vt 0.35144833333333336 0.17830934523809527
vt 0.35144833333333336 0.16220238095238093
vt 0.3985516666666667 0.17385404761904766
vt 0.387162619047619 0.1785714285714286
vt 0.387162619047619 0.16246446428571426
vt 0.13690476190476192 0.38690476190476186
vt 0.125 0.38690476190476186
vt 0.125 0.30952380952380953
vt 0.13690476190476192 0.30952380952380953
vt 0.17287690476190476 0.16691976190476188
vt 0.18426595238095236 0.16220238095238093
vt 0.18426595238095236 0.17830934523809527
vt 0.27380952380952384 0.8928571428571429
vt 0.32142857142857145 0.8928571428571429
vt 0.32142857142857145 0.9047619047619048
vt 0.27380952380952384 0.9047619047619048
vt 0.7023809523809523 0.8392857142857143
vt 0.7023809523809523 0.8273809523809523
vt 0.75 0.8273809523809523
vt 0.75 0.8392857142857143
vt 0.5773809523809523 0.5119047619047619
vt 0.5773809523809523 0.5416666666666667
vt 0.5297619047619048 0.5416666666666667
vt 0.5297619047619048 0.5119047619047619
vt 0.5357142857142857 0.8630952380952381
vt 0.5833333333333334 0.8630952380952381
vt 0.5833333333333334 0.8928571428571429
vt 0.5357142857142857 0.8928571428571429
vt 0.0895432738095238 0.17313476190476185
vt 0.10093291666666666 0.1684168452380952
vt 0.10093291666666666 0.18452380952380953
vt 0.4166666666666667 0.38690476190476186
vt 0.40476190476190477 0.38690476190476186
vt 0.40476190476190477 0.30952380952380953
vt 0.4166666666666667 0.30952380952380953
vt 0.8376665476190477 0.8571428571428572
vt 0.8329486904761906 0.8685324404761905
vt 0.8215596428571429 0.8571428571428572
vt 0.8329492261904763 0.8159919047619048
vt 0.8376665476190477 0.8273809523809523
vt 0.8215596428571429 0.8273809523809523
vt 0.39880952380952384 0.4285714285714286
vt 0.3869047619047619 0.4285714285714286
vt 0.3869047619047619 0.35119047619047616
vt 0.39880952380952384 0.35119047619047616
vt 0.8329492261904763 0.5773809523809523
vt 0.8376665476190477 0.58877
vt 0.8215596428571429 0.58877
vt 0.8317141666666666 0.2921818452380952
vt 0.8269963095238095 0.3035714285714286
vt 0.8156072619047618 0.2921818452380952
vt 0.625 0.5892857142857143
vt 0.6130952380952381 0.5892857142857143
vt 0.6130952380952381 0.5119047619047619
vt 0.625 0.5119047619047619
vt 0.821686130952381 0.9657738095238095
vt 0.8330757738095238 0.9704916666666666
vt 0.821686130952381 0.9818807738095238
vt 0.7619047619047619 0.9523809523809523
vt 0.7619047619047619 0.9404761904761905
vt 0.7916666666666666 0.9404761904761905
vt 0.7916666666666666 0.9523809523809523
vt 0.1548929761904762 0.18452380952380953
vt 0.15961083333333334 0.17313422619047614
vt 0.17099988095238094 0.18452380952380953
vt 0.5892857142857143 0.38690476190476186
vt 0.5773809523809523 0.38690476190476186
vt 0.5773809523809523 0.30952380952380953
vt 0.5892857142857143 0.30952380952380953
vt 0.8271233928571429 0.7199760119047619
vt 0.81573375 0.7152580952380952
vt 0.8271233928571429 0.7038690476190477
vt 0.8262769642857142 0.6428571428571428
vt 0.8215596428571429 0.6314680952380953
vt 0.8376665476190477 0.6314680952380953
vt 0.19642857142857142 0.40476190476190477
vt 0.18452380952380953 0.40476190476190477
vt 0.18452380952380953 0.32738095238095233
vt 0.19642857142857142 0.32738095238095233
vt 0.30841982142857144 0.17805571428571432
vt 0.3037025 0.16666666666666663
vt 0.3198094047619048 0.16666666666666663
vt 0.8271233928571429 0.5131392857142858
vt 0.81573375 0.5178571428571428
vt 0.81573375 0.5017501785714287
vt 0.6071428571428571 0.38690476190476186
vt 0.5952380952380952 0.38690476190476186
vt 0.5952380952380952 0.30952380952380953
vt 0.6071428571428571 0.30952380952380953
vt 0.017988214285714284 0.18400863095238107
vt 0.02270607142857143 0.17261904761904767
vt 0.03409511904761905 0.18400863095238107
vt 0.7678571428571429 0.9880952380952381
vt 0.7976190476190477 0.9880952380952381
vt 0.7976190476190477 1
vt 0.7678571428571429 1
vt 0.8992998214285715 0.9789917261904761
vt 0.9027835119047619 0.9796848214285714
vt 0.8992998214285715 0.9880952380952381
vt 0.8913690476190477 0.3017679166666667
vt 0.8878417261904762 0.3021889880952381
vt 0.8878417261904762 0.28720238095238093
vt 0.29215714285714284 0.09277988095238088
vt 0.2956404761904762 0.09208714285714292
vt 0.2956404761904762 0.10119047619047616
vt 0.36755952380952384 0.10533946428571439
vt 0.3640327976190476 0.10576041666666669
vt 0.3640327976190476 0.09077380952380953
vt 0.18501410714285715 0.09278005952380952
vt 0.1884977976190476 0.09208696428571428
vt 0.1884977976190476 0.10119047619047616
vt 0.9032738095238095 0.20386904761904767
vt 0.9028528571428571 0.2073957738095238
vt 0.8882872023809524 0.20386904761904767
vt 0.9019241071428571 0.32389684523809525
vt 0.9026172619047619 0.32738095238095233
vt 0.8935136904761904 0.32738095238095233
vt 0.7599482142857144 0.11129172619047623
vt 0.7564208333333333 0.11171279761904762
vt 0.7564208333333333 0.09672619047619047
vt 0.9026172619047619 0.10365910714285709
vt 0.9019241071428571 0.1071428571428571
vt 0.8935136904761904 0.10365910714285709
vt 0.25947910714285716 0.10533946428571439
vt 0.25595238095238093 0.10576041666666669
vt 0.25595238095238093 0.09077380952380953
vt 0.9085695238095238 0.64532625
vt 0.9078767261904762 0.6488095238095238
vt 0.8994661904761905 0.64532625
vt 0.55709875 0.11129172619047623
vt 0.5535714285714286 0.11171279761904762
vt 0.5535714285714286 0.09672619047619047
vt 0.10430505952380953 0.09770672619047616
vt 0.10499821428571429 0.10119047619047616
vt 0.09589464285714284 0.10119047619047616
vt 0.9018913690476191 0.38244047619047616
vt 0.9014702976190476 0.38596779761904765
vt 0.8869047619047619 0.38244047619047616
vt 0.896831369047619 0.344545
vt 0.8933472023809524 0.34523809523809523
vt 0.8933472023809524 0.33613458333333335
vt 0.8909005952380953 0.49224410714285716
vt 0.8873732142857143 0.49266517857142866
vt 0.8873732142857143 0.4776785714285714
vt 0.1527835119047619 0.10119047619047616
vt 0.14929982142857143 0.10049732142857148
vt 0.1527835119047619 0.09208696428571428
vt 0.8913690476190477 0.63510125
vt 0.8878417261904762 0.6355223214285715
vt 0.8878417261904762 0.6205357142857143
vt 0.9027833333333333 0.7142857142857143
vt 0.8993 0.7135929166666666
vt 0.9027833333333333 0.705182380952381
vt 0.3556547619047619 0.10533952380952372
vt 0.3521279761904762 0.1057602976190476
vt 0.3521279761904762 0.09077380952380953
vt 0.08730732142857144 0.10049732142857148
vt 0.08382363095238095 0.10119047619047616
vt 0.08382363095238095 0.09208696428571428
vt 0.9032738095238095 0.3526785714285714
vt 0.9028529761904762 0.35620535714285717
vt 0.8882873214285715 0.3526785714285714
vt 0.8942068452380953 0.22023809523809523
vt 0.8935136904761904 0.21675398809523805
vt 0.9026172619047619 0.21675398809523805
vt 0.5456625 0.11129172619047623
vt 0.542135119047619 0.11171279761904762
vt 0.542135119047619 0.09672619047619047
vt 0.8994660714285714 0.9047619047619048
vt 0.9001592261904763 0.9012781547619048
vt 0.9085696428571429 0.9047619047619048
vt 0.05114583333333333 0.10533952380952372
vt 0.047619047619047616 0.1057602976190476
vt 0.047619047619047616 0.09077380952380953
vt 0.9001589880952381 0.7619047619047619
vt 0.8994661904761905 0.7584214880952381
vt 0.9085695238095238 0.7584214880952381
vt 0.694003511904762 0.11129172619047623
vt 0.6904761904761905 0.11171279761904762
vt 0.6904761904761905 0.09672619047619047
vt 0.9001592261904763 0.8392857142857143
vt 0.8994660714285714 0.8358019642857143
vt 0.9085696428571429 0.8358019642857143
vt 0.5923675595238096 0.10863095238095233
vt 0.5919464880952381 0.11215827380952381
vt 0.5773809523809523 0.10863095238095233
vt 0.8933472023809524 0.18801815476190475
vt 0.896831369047619 0.1873250595238095
vt 0.896831369047619 0.1964285714285714
vt 0.44447202380952383 0.11129172619047623
vt 0.44094464285714285 0.11171279761904762
vt 0.44094464285714285 0.09672619047619047
vt 0.8840669642857142 0.1026785714285714
vt 0.8847601190476191 0.10616232142857152
vt 0.8756565476190475 0.10616232142857152
vt 0.8882872023809524 0.26190476190476186
vt 0.8887081547619047 0.25837803571428575
vt 0.9032738095238095 0.26190476190476186
vt 0.31333142857142854 0.09672619047619047
vt 0.312638630952381 0.10020946428571431
vt 0.30422809523809524 0.09672619047619047
vt 0.0009375595238095239 0.09257720238095235
vt 0.004464285714285714 0.09215624999999994
vt 0.004464285714285714 0.1071428571428571
vt 0.9085696428571429 0.8110119047619048
vt 0.907876488095238 0.8144956547619048
vt 0.8994660714285714 0.8110119047619048
vt 0.2806994642857143 0.09257720238095235
vt 0.28422619047619047 0.09215624999999994
vt 0.28422619047619047 0.1071428571428571
vt 0.9019241071428571 0.1741071428571429
vt 0.9026172619047619 0.17759124999999998
vt 0.8935136904761904 0.17759124999999998
vt 0.6016589285714286 0.09852970238095238
vt 0.6051863095238096 0.09810863095238087
vt 0.6051863095238096 0.11309523809523814
vt 0.821918869047619 0.09741934523809515
vt 0.8254025595238096 0.09672619047619047
vt 0.8254025595238096 0.10582970238095246
vt 0.8928571428571429 0.9464285714285714
vt 0.8932780952380952 0.9429018452380953
vt 0.9078437500000001 0.9464285714285714
vt 0.2385857142857143 0.09146660714285715
vt 0.24206904761904763 0.09077380952380953
vt 0.24206904761904763 0.09987714285714289
vt 0.26785714285714285 0.09257720238095235
vt 0.271383869047619 0.09215624999999994
vt 0.271383869047619 0.1071428571428571
vt 0.8933474404761904 0.11458333333333337
vt 0.896831130952381 0.11527648809523805
vt 0.8933474404761904 0.12368684523809526
vt 0.8333333333333334 0.09852970238095238
vt 0.8368606547619047 0.09810863095238087
vt 0.8368606547619047 0.11309523809523814
vt 0.8933472023809524 0.3652764285714285
vt 0.896831369047619 0.36458333333333337
vt 0.896831369047619 0.37368684523809526
vt 0.5004684523809524 0.09852970238095238
vt 0.5039958333333333 0.09810863095238087
vt 0.5039958333333333 0.11309523809523814
vt 0.9001592261904763 0.78473375
vt 0.8994660714285714 0.78125
vt 0.9085696428571429 0.78125
vt 0.8942397023809524 0.8869047619047619
vt 0.8946604761904763 0.8833779761904762
vt 0.9092261904761905 0.8869047619047619
vt 0.3220852380952381 0.10020946428571431
vt 0.3227780357142857 0.09672619047619047
vt 0.33118857142857144 0.10020946428571431
vt 0.20331845238095236 0.09257714285714291
vt 0.20684523809523808 0.09215636904761904
vt 0.20684523809523808 0.1071428571428571
vt 0.8994660714285714 0.9156861309523809
vt 0.9001592261904763 0.9122023809523809
vt 0.9085696428571429 0.9156861309523809
vt 0.07236607142857143 0.09257714285714291
vt 0.07589285714285714 0.09215636904761904
vt 0.07589285714285714 0.1071428571428571
vt 0.8942068452380953 0.16568648809523812
vt 0.8935136904761904 0.16220238095238093
vt 0.9026172619047619 0.16220238095238093
vt 0.8635636904761904 0.09852970238095238
vt 0.8670910714285714 0.09810863095238087
vt 0.8670910714285714 0.11309523809523814
vt 0.9027835119047619 0.8015651785714286
vt 0.8992998214285715 0.8022582738095239
vt 0.8992998214285715 0.7931547619047619
vt 0.8869047619047619 0.14880952380952384
vt 0.8873255952380952 0.14528273809523806
vt 0.90189125 0.14880952380952384
vt 0.9027833333333333 0.7301367857142858
vt 0.8993 0.7308295238095238
vt 0.8993 0.7217261904761905
vt 0.2261904761904762 0.09257714285714291
vt 0.2297172619047619 0.09215636904761904
vt 0.2297172619047619 0.1071428571428571
vt 0.9027835119047619 0.9689249404761905
vt 0.8992998214285715 0.9682318452380952
vt 0.9027835119047619 0.9598214285714286
vt 0.5119047619047619 0.09852970238095238
vt 0.5154320833333333 0.09810863095238087
vt 0.5154320833333333 0.11309523809523814
vt 0.7956408928571428 0.10513660714285711
vt 0.7921567261904763 0.10582970238095246
vt 0.7921567261904763 0.09672619047619047
vt 0.33975416666666663 0.09852970238095238
vt 0.3432815476190476 0.09810863095238087
vt 0.3432815476190476 0.11309523809523814
vt 0.35714285714285715 0.5709116071428572
vt 0.2976190476190476 0.5751340476190476
vt 0.3117124404761905 0.6336304761904762
vt 0.35714285714285715 0.6428571428571428
vt 0.6631005357142857 0.6785714285714286
vt 0.670548869047619 0.662610119047619
vt 0.6136773214285715 0.662610119047619
vt 0.9090804761904762 0.24404761904761907
vt 0.9092261904761905 0.24258446428571423
vt 0.8573097023809524 0.24404761904761907
vt 0.8429567261904761 0.6130952380952381
vt 0.84375 0.6079874404761905
vt 0.7919794047619048 0.6079874404761905
vt 0.41746005952380955 0.26190476190476186
vt 0.4270833333333333 0.26084065476190477
vt 0.41746005952380955 0.21051946428571422
vt 0.5068135714285714 0.36904761904761907
vt 0.5208333333333334 0.36390398809523805
vt 0.5068135714285714 0.3144679761904762
vt 0.3457292261904762 0.36904761904761907
vt 0.3586309523809524 0.36083529761904765
vt 0.3457292261904762 0.30780244047619043
vt 0.042755357142857144 0.34523809523809523
vt 0.05357142857142857 0.3364259523809524
vt 0.042755357142857144 0.27614339285714284
vt 0.23935154761904764 0.25595238095238093
vt 0.24553571428571427 0.25401714285714283
vt 0.23935154761904764 0.18400315476190476
vt 0.3882359523809524 0.15476190476190477
vt 0.3898809523809524 0.15355059523809533
vt 0.3882359523809524 0.08447535714285714
vt 0.7385179166666667 0.28191047619047627
vt 0.7385179166666667 0.33333333333333337
vt 0.7480892261904761 0.32661154761904765
vt 0.8009280357142858 0.3035714285714286
vt 0.8090942857142858 0.2960696428571429
vt 0.75 0.2960696428571429
vt 0.5245046428571429 0.10607232142857148
vt 0.5252976190476191 0.1071428571428571
vt 0.5245046428571429 0.04697845238095244
vt 0.7203401190476191 0.38095238095238093
vt 0.7300486904761905 0.3687945238095238
vt 0.6785714285714286 0.3687945238095238
vt 0.7890344047619048 0.9345238095238095
vt 0.7935029166666667 0.9241389285714285
vt 0.75 0.9241389285714285
vt 0.6791771428571428 0.26190476190476186
vt 0.6898704761904761 0.25650404761904766
vt 0.6791771428571428 0.21619071428571435
vt 0.32160511904761907 0.4642857142857143
vt 0.3331567857142857 0.4612829761904762
vt 0.32160511904761907 0.42257827380952384
vt 0.3117124404761905 0.6336304761904762
vt 0.2976190476190476 0.5751340476190476
vt 0.35714285714285715 0.5709116071428572
vt 0.35714285714285715 0.6428571428571428
vt 0.670548869047619 0.662610119047619
vt 0.6631005357142857 0.6785714285714286
vt 0.6136773214285715 0.662610119047619
vt 0.9092261904761905 0.24258446428571423
vt 0.9090804761904762 0.24404761904761907
vt 0.8573097023809524 0.24404761904761907
vt 0.84375 0.6079874404761905
vt 0.8429567261904761 0.6130952380952381
vt 0.7919794047619048 0.6079874404761905
vt 0.4270833333333333 0.26084065476190477
vt 0.41746005952380955 0.26190476190476186
vt 0.41746005952380955 0.21051946428571422
vt 0.5208333333333334 0.36390398809523805
vt 0.5068135714285714 0.36904761904761907
vt 0.5068135714285714 0.3144679761904762
vt 0.3586309523809524 0.36083529761904765
vt 0.3457292261904762 0.36904761904761907
vt 0.3457292261904762 0.30780244047619043
vt 0.05357142857142857 0.3364259523809524
vt 0.042755357142857144 0.34523809523809523
vt 0.042755357142857144 0.27614339285714284
vt 0.24553571428571427 0.25401714285714283
vt 0.23935154761904764 0.25595238095238093
vt 0.23935154761904764 0.18400315476190476
vt 0.3898809523809524 0.15355059523809533
vt 0.3882359523809524 0.15476190476190477
vt 0.3882359523809524 0.08447535714285714
vt 0.7385179166666667 0.33333333333333337
vt 0.7385179166666667 0.28191047619047627
vt 0.7480892261904761 0.32661154761904765
vt 0.8090942857142858 0.2960696428571429
vt 0.8009280357142858 0.3035714285714286
vt 0.75 0.2960696428571429
vt 0.5252976190476191 0.1071428571428571
vt 0.5245046428571429 0.10607232142857148
vt 0.5245046428571429 0.04697845238095244
vt 0.7300486904761905 0.3687945238095238
vt 0.7203401190476191 0.38095238095238093
vt 0.6785714285714286 0.3687945238095238
vt 0.7935029166666667 0.9241389285714285
vt 0.7890344047619048 0.9345238095238095
vt 0.75 0.9241389285714285
vt 0.6898704761904761 0.25650404761904766
vt 0.6791771428571428 0.26190476190476186
vt 0.6791771428571428 0.21619071428571435
vt 0.3331567857142857 0.4612829761904762
vt 0.32160511904761907 0.4642857142857143
vt 0.32160511904761907 0.42257827380952384
vt 0.9017517857142858 0.22985059523809526
vt 0.8988095238095238 0.23063630952380954
vt 0.9001892857142857 0.2321428571428571
vt 0.7812324404761904 0.09571351190476185
vt 0.7797619047619048 0.13690476190476186
vt 0.7812324404761904 0.13688553571428574
vt 0.7797619047619048 0.13690476190476186
vt 0.7812324404761904 0.09571351190476185
vt 0.7812324404761904 0.13688553571428574
vt 0.8452380952380952 0.33333333333333337
vt 0.8606058333333334 0.33333333333333337
vt 0.8613504166666667 0.3265436904761905
vt 0.8462879761904761 0.32684005952380957
vt 0.8571428571428571 0.49361124999999995
vt 0.8630952380952381 0.4935257738095238
vt 0.8630952380952381 0.48065476190476186
vt 0.8572075595238096 0.48077148809523806
vt 0.6392727380952381 0.38151541666666666
vt 0.6369047619047619 0.42261904761904767
vt 0.6545185714285714 0.42261904761904767
vt 0.6545013690476191 0.37945375000000003
vt 0.8004601785714285 0.33333333333333337
vt 0.8018830952380953 0.3214285714285714
vt 0.7750224404761904 0.3214285714285714
vt 0.7740097619047619 0.3322230357142857
vt 0.49420934523809523 0.005952380952380931
vt 0.4827380952380952 0.006117023809523836
vt 0.4827380952380952 0.04764440476190468
vt 0.49616517857142856 0.04754226190476185
vt 0.869807619047619 0.45238095238095233
vt 0.8757440476190477 0.45238095238095233
vt 0.8757440476190477 0.45833333333333337
vt 0.8697949404761905 0.45833333333333337
vt 0.44272886904761904 0.6785714285714286
vt 0.4505029761904762 0.6785714285714286
vt 0.4506559523809524 0.6845238095238095
vt 0.4427292261904762 0.6845238095238095
vt 0.46057934523809524 0.3688634523809524
vt 0.4605794047619048 0.3257080952380952
vt 0.4684995238095238 0.3257080952380952
vt 0.4694197619047619 0.3688634523809524
vt 0.3929389880952381 0.004464285714285698
vt 0.39395565476190475 0.04613095238095233
vt 0.3861647619047619 0.04613095238095233
vt 0.38616505952380953 0.004464285714285698
vt 0.10937886904761905 0.20833333333333337
vt 0.11559345238095238 0.20833333333333337
vt 0.11615357142857143 0.23809523809523814
vt 0.10937904761904761 0.23809523809523814
vt 0.8613504166666667 0.3265436904761905
vt 0.8606058333333334 0.33333333333333337
vt 0.8452380952380952 0.33333333333333337
vt 0.8462879761904761 0.32684005952380957
vt 0.8630952380952381 0.48065476190476186
vt 0.8630952380952381 0.4935257738095238
vt 0.8571428571428571 0.49361124999999995
vt 0.8572075595238096 0.48077148809523806
vt 0.6545185714285714 0.42261904761904767
vt 0.6369047619047619 0.42261904761904767
vt 0.6392727380952381 0.38151541666666666
vt 0.6545013690476191 0.37945375000000003
vt 0.7750224404761904 0.3214285714285714
vt 0.8018830952380953 0.3214285714285714
vt 0.8004601785714285 0.33333333333333337
vt 0.7740097619047619 0.3322230357142857
vt 0.36220238095238094 0.04615630952380945
vt 0.36220238095238094 0.004628928571428603
vt 0.37367363095238093 0.004464285714285698
vt 0.3756294642857143 0.04605416666666662
vt 0.8638392857142857 0.45238095238095233
vt 0.869807619047619 0.45238095238095233
vt 0.8697949404761905 0.45833333333333337
vt 0.8638392857142857 0.45833333333333337
vt 0.4427292261904762 0.6845238095238095
vt 0.4347607142857143 0.6845238095238095
vt 0.43491309523809524 0.6785714285714286
vt 0.44272886904761904 0.6785714285714286
vt 0.4516840476190476 0.3688634523809524
vt 0.45260428571428574 0.3257080952380952
vt 0.4605794047619048 0.3257080952380952
vt 0.46057934523809524 0.3688634523809524
vt 0.3861647619047619 0.04613095238095233
vt 0.3783657738095238 0.04613095238095233
vt 0.3793830357142857 0.004464285714285698
vt 0.38616505952380953 0.004464285714285698
vt 0.10937904761904761 0.23809523809523814
vt 0.10259642857142857 0.23809523809523814
vt 0.10315654761904762 0.20833333333333337
vt 0.10937886904761905 0.20833333333333337
vt 0.8613504166666667 0.3265436904761905
vt 0.8606058333333334 0.33333333333333337
vt 0.8452380952380952 0.33333333333333337
vt 0.8462879761904761 0.32684005952380957
vt 0.8630952380952381 0.48065476190476186
vt 0.8630952380952381 0.4935257738095238
vt 0.8571428571428571 0.49361124999999995
vt 0.8572075595238096 0.48077148809523806
vt 0.6545185714285714 0.42261904761904767
vt 0.6369047619047619 0.42261904761904767
vt 0.6392727380952381 0.38151541666666666
vt 0.6545013690476191 0.37945375000000003
vt 0.7750224404761904 0.3214285714285714
vt 0.8018830952380953 0.3214285714285714
vt 0.8004601785714285 0.33333333333333337
vt 0.7740097619047619 0.3322230357142857
vt 0.4827380952380952 0.04764440476190468
vt 0.4827380952380952 0.006117023809523836
vt 0.49420934523809523 0.005952380952380931
vt 0.49616517857142856 0.04754226190476185
vt 0.8757440476190477 0.45833333333333337
vt 0.8757440476190477 0.45238095238095233
vt 0.869807619047619 0.45238095238095233
vt 0.8697949404761905 0.45833333333333337
vt 0.4506559523809524 0.6845238095238095
vt 0.4505029761904762 0.6785714285714286
vt 0.44272886904761904 0.6785714285714286
vt 0.4427292261904762 0.6845238095238095
vt 0.4684995238095238 0.3257080952380952
vt 0.4605794047619048 0.3257080952380952
vt 0.46057934523809524 0.3688634523809524
vt 0.4694197619047619 0.3688634523809524
vt 0.3861647619047619 0.04613095238095233
vt 0.39395565476190475 0.04613095238095233
vt 0.3929389880952381 0.004464285714285698
vt 0.38616505952380953 0.004464285714285698
vt 0.11615357142857143 0.23809523809523814
vt 0.11559345238095238 0.20833333333333337
vt 0.10937886904761905 0.20833333333333337
vt 0.10937904761904761 0.23809523809523814
vt 0.8452380952380952 0.33333333333333337
vt 0.8606058333333334 0.33333333333333337
vt 0.8613504166666667 0.3265436904761905
vt 0.8462879761904761 0.32684005952380957
vt 0.8571428571428571 0.49361124999999995
vt 0.8630952380952381 0.4935257738095238
vt 0.8630952380952381 0.48065476190476186
vt 0.8572075595238096 0.48077148809523806
vt 0.6392727380952381 0.38151541666666666
vt 0.6369047619047619 0.42261904761904767
vt 0.6545185714285714 0.42261904761904767
vt 0.6545013690476191 0.37945375000000003
vt 0.8004601785714285 0.33333333333333337
vt 0.8018830952380953 0.3214285714285714
vt 0.7750224404761904 0.3214285714285714
vt 0.7740097619047619 0.3322230357142857
vt 0.37367363095238093 0.004464285714285698
vt 0.36220238095238094 0.004628928571428603
vt 0.36220238095238094 0.04615630952380945
vt 0.3756294642857143 0.04605416666666662
vt 0.8697949404761905 0.45833333333333337
vt 0.869807619047619 0.45238095238095233
vt 0.8638392857142857 0.45238095238095233
vt 0.8638392857142857 0.45833333333333337
vt 0.43491309523809524 0.6785714285714286
vt 0.4347607142857143 0.6845238095238095
vt 0.4427292261904762 0.6845238095238095
vt 0.44272886904761904 0.6785714285714286
vt 0.4605794047619048 0.3257080952380952
vt 0.45260428571428574 0.3257080952380952
vt 0.4516840476190476 0.3688634523809524
vt 0.46057934523809524 0.3688634523809524
vt 0.3793830357142857 0.004464285714285698
vt 0.3783657738095238 0.04613095238095233
vt 0.3861647619047619 0.04613095238095233
vt 0.38616505952380953 0.004464285714285698
vt 0.10315654761904762 0.20833333333333337
vt 0.10259642857142857 0.23809523809523814
vt 0.10937904761904761 0.23809523809523814
vt 0.10937886904761905 0.20833333333333337
vn 0 2.220446049250313e-16 -1
vn 0 -0.9254852795052422 -0.37878357596271756
vn 0 0.9974703451803874 -0.07108382717411067
vn 0 1 2.220446049250313e-16
vn 0 -1 -2.220446049250313e-16
vn 0 -2.220446049250313e-16 1
vn 0 2.220446049250313e-16 -1
vn 1 0 0
vn -1 0 0
vn 0 1 2.220446049250313e-16
vn 0 -1 -2.220446049250313e-16
vn 0 -2.220446049250313e-16 1
vn 0 2.220446049250313e-16 -1
vn 1 0 0
vn -1 0 0
vn 0 1 2.220446049250313e-16
vn 0 -1 -2.220446049250313e-16
vn 0 -2.220446049250313e-16 1
vn 0 2.220446049250313e-16 -1
vn 1 0 0
vn -1 0 0
vn 0 2.220446049250313e-16 -1
vn 0 1 2.220446049250313e-16
vn 0 -2.220446049250313e-16 1
vn 0 2.220446049250313e-16 -1
vn 0 -1 -2.220446049250313e-16
vn 0 -2.220446049250313e-16 1
vn 0 1 2.220446049250313e-16
vn 0 -1 -2.220446049250313e-16
vn 0 -2.220446049250313e-16 1
vn 0 2.220446049250313e-16 -1
vn 0 2.220446049250313e-16 -1
vn 0.7071067811865472 0.7071067811865478 1.5700924586837757e-16
vn 0 -2.220446049250313e-16 1
vn 0 2.220446049250313e-16 -1
vn 1 0 0
vn 0 -2.220446049250313e-16 1
vn 0 2.220446049250313e-16 -1
vn 0.7071067811865472 -0.7071067811865478 -1.5700924586837757e-16
vn 0 -2.220446049250313e-16 1
vn 1 0 0
vn 0 2.220446049250313e-16 -1
vn -0.7071067811865472 0.7071067811865478 1.5700924586837757e-16
vn 0 -2.220446049250313e-16 1
vn 0 2.220446049250313e-16 -1
vn -1 0 0
vn 0 -2.220446049250313e-16 1
vn 0 2.220446049250313e-16 -1
vn -0.7071067811865472 -0.7071067811865478 -1.5700924586837757e-16
vn 0 -2.220446049250313e-16 1
vn -1 0 0
vn 0 2.220446049250313e-16 -1
vn 0.3061466119855807 0.7391035586519976 0.6000001512980673
vn 0 2.220446049250313e-16 -1
vn 0.5656854579309638 0.5656854579309641 0.5999999378090561
vn 0 2.220446049250313e-16 -1
vn 0.7391035586519976 0.3061466119855805 0.6000001512980672
vn 0 2.220446049250313e-16 -1
vn 0.8 -1.332267629550188e-16 0.6000000000000001
vn 0 2.220446049250313e-16 -1
vn 0.7391035586519978 -0.3061466119855805 0.600000151298067
vn 0 2.220446049250313e-16 -1
vn 0.5656854579309637 -0.5656854579309644 0.599999937809056
vn 0 2.220446049250313e-16 -1
vn 0.3061466119855805 -0.7391035586519977 0.600000151298067
vn 0 2.220446049250313e-16 -1
vn 0 -0.8000000000000002 0.5999999999999998
vn 0 2.220446049250313e-16 -1
vn -0.30614661198558013 -0.739103558651998 0.6000001512980672
vn 0 2.220446049250313e-16 -1
vn -0.5656854579309643 -0.5656854579309637 0.5999999378090561
vn 0 2.220446049250313e-16 -1
vn -0.7391035586519978 -0.3061466119855805 0.600000151298067
vn 0 2.220446049250313e-16 -1
vn -0.8 -1.332267629550188e-16 0.6000000000000001
vn 0 2.220446049250313e-16 -1
vn -0.7391035586519976 0.3061466119855805 0.6000001512980672
vn 0 2.220446049250313e-16 -1
vn -0.5656854579309644 0.5656854579309635 0.5999999378090564
vn 0 2.220446049250313e-16 -1
vn -0.30614661198558024 0.7391035586519977 0.6000001512980674
vn 0 2.220446049250313e-16 -1
vn 0 0.7999999999999999 0.6000000000000002
vn 0 -2.220446049250313e-16 1
vn 0.30614661198558063 0.7391035586519977 -0.6000001512980669
vn 0 -2.220446049250313e-16 1
vn 0.5656854579309638 0.5656854579309644 -0.5999999378090561
vn 0 -2.220446049250313e-16 1
vn 0.7391035586519977 0.3061466119855808 -0.600000151298067
vn 0 -2.220446049250313e-16 1
vn 0.8 1.332267629550188e-16 -0.6000000000000001
vn 0 -2.220446049250313e-16 1
vn 0.7391035586519977 -0.30614661198558024 -0.6000001512980672
vn 0 -2.220446049250313e-16 1
vn 0.5656854579309637 -0.5656854579309641 -0.5999999378090562
vn 0 -2.220446049250313e-16 1
vn 0.3061466119855806 -0.7391035586519976 -0.6000001512980674
vn 0 -2.220446049250313e-16 1
vn 0 -0.7999999999999999 -0.6000000000000002
vn 0 -2.220446049250313e-16 1
vn -0.3061466119855806 -0.7391035586519976 -0.6000001512980674
vn 0 -2.220446049250313e-16 1
vn -0.5656854579309637 -0.5656854579309641 -0.5999999378090562
vn 0 -2.220446049250313e-16 1
vn -0.7391035586519977 -0.30614661198558024 -0.6000001512980672
vn 0 -2.220446049250313e-16 1
vn -0.8 1.332267629550188e-16 -0.6000000000000001
vn 0 -2.220446049250313e-16 1
vn -0.7391035586519977 0.3061466119855808 -0.600000151298067
vn 0 -2.220446049250313e-16 1
vn -0.5656854579309638 0.5656854579309644 -0.5999999378090559
vn 0 -2.220446049250313e-16 1
vn -0.30614661198558063 0.7391035586519977 -0.6000001512980669
vn 0 -2.220446049250313e-16 1
vn 0 0.8000000000000002 -0.5999999999999998
vn 0.5907031241369419 1.7916534383161332e-16 -0.8068889757177605
vn 0.06793522305662725 -0.9331779758175834 -0.35293578866026604
vn 0.12462542925334286 -0.9293460653330129 -0.3475404915020226
vn 0.11886347229247807 -0.9299329116631941 -0.3479888716039483
vn 0.1127415055780322 -0.930737509478027 -0.3478750370041496
vn 0.1644457440000682 -0.9191684930199586 -0.3578922725062426
vn 0.2412641341714567 -0.8866010360802845 -0.39462668483500113
vn 0.3610401265269142 -0.7930970890158112 -0.49055788081741847
vn 0.56221965769248 -0.36855387037972426 -0.7403222954445424
vn 0.42484024495353395 -0.7056453629991273 -0.5670761747293314
vn 0.018977025981010254 0.997937776538183 -0.06131938227790194
vn 0.32841820338808514 0.9211365610322604 -0.20892323856623313
vn 0.3206426138468858 -0.7016492620416201 -0.6362991649074252
vn 0.24805886132500807 0.9614967144830086 -0.1182830053579987
vn 0.19291036037753514 0.9775362737077455 -0.08490245252397308
vn 0.05058134872498073 0.9973288935106845 -0.052693503678494756
vn 0.07961939706059129 0.9954457384290946 -0.052426457586440746
vn -0.5907031241369418 1.7916534383161332e-16 -0.8068889757177605
vn -0.06793522305662723 -0.9331779758175835 -0.35293578866026604
vn -0.12462542925334374 -0.9293460653330127 -0.34754049150202254
vn -0.11886347229247796 -0.9299329116631941 -0.3479888716039483
vn -0.11274150557803217 -0.930737509478027 -0.3478750370041496
vn -0.16444574400006812 -0.9191684930199586 -0.3578922725062426
vn -0.2412641341714567 -0.8866010360802846 -0.3946266848350012
vn -0.3610401265269145 -0.7930970890158107 -0.4905578808174187
vn -0.5622196576924802 -0.36855387037972337 -0.7403222954445425
vn -0.4248402449535322 -0.7056453629991302 -0.5670761747293291
vn -0.018977025981010254 0.997937776538183 -0.06131938227790193
vn -0.3284182033880852 0.9211365610322605 -0.20892323856623327
vn -0.32064261384688636 -0.7016492620416194 -0.6362991649074259
vn -0.248058861325008 0.9614967144830086 -0.11828300535799872
vn -0.19291036037753492 0.9775362737077455 -0.08490245252397297
vn -0.05058134872498076 0.9973288935106845 -0.05269350367849475
vn -0.07961939706059133 0.9954457384290946 -0.05242645758644074
vn -0.7645889373000487 0.6443388736550733 0.01520436961184908
vn -0.5112812847264 0.8161130463125484 -0.2693528234991683
vn 0.5112884155885655 0.8161112407086922 -0.26934475839312966
vn -0.6488102475337885 0.6502376194817675 -0.3952673790054378
vn -0.4121142609130816 -0.8755604166465382 -0.2521027424559379
vn -0.48876346967778694 0.8207166163410134 -0.295862309817065
vn -0.395961661158974 -0.8866302036798903 -0.2389586675866396
vn -0.774123254922369 -0.41567634744301546 -0.4774372842215305
vn -0.39181685577786424 -0.8592952205728468 -0.328772376316824
vn -0.5778713777976662 0.6564652029151775 -0.4848897896262223
vn -0.43267517304639885 0.8252157938095825 -0.36305796820410036
vn -0.6948652349985336 -0.4209567777203147 -0.5830589133884864
vn -0.35193791045150574 -0.888217710532701 -0.29531170969515436
vn 0.6488056492275368 0.65024217232893 -0.39526743713008905
vn 0.4120851200887599 -0.8755793382728453 -0.25208466076125907
vn 0.48876265820672177 0.8207165675316894 -0.29586378575571065
vn 0.3959629993970893 -0.8866297352429555 -0.23895818816577025
vn 0.7741232549223687 -0.4156763474430153 -0.47743728422153103
vn 0.3918074316684167 -0.8593032764833678 -0.3287625518734574
vn 0.5778702483055669 0.6564689663927009 -0.484886040515255
vn 0.43267758436099957 0.8252153498785281 -0.3630561035382673
vn 0.6948658401761932 -0.42095608342334356 -0.5830586934306976
vn 0.35194005980462006 -0.8882173768171844 -0.295310151916118
vn 0.6488102475337885 -0.6502376194817675 0.3952673790054378
vn 0.41211426091308156 0.8755604166465382 0.2521027424559379
vn 0.48876346967778705 -0.8207166163410133 0.29586230981706485
vn 0.3959616611589741 0.8866302036798903 0.2389586675866396
vn 0.7741232549223692 0.41567634744301557 0.47743728422153026
vn 0.39181685577786424 0.8592952205728468 0.32877237631682393
vn 0.5778713777976662 -0.6564652029151775 0.4848897896262223
vn 0.43267517304639874 -0.8252157938095825 0.3630579682041004
vn 0.6948652349985336 0.4209567777203147 0.5830589133884863
vn 0.35193791045150574 0.888217710532701 0.29531170969515447
vn -0.6488056492275368 -0.6502421723289299 0.395267437130089
vn -0.4120851200887596 0.8755793382728454 0.25208466076125885
vn -0.4887626582067217 -0.8207165675316895 0.29586378575571065
vn -0.3959629993970891 0.8866297352429555 0.23895818816577014
vn -0.7741232549223687 0.4156763474430153 0.47743728422153103
vn -0.3918074316684167 0.859303276483368 0.3287625518734574
vn -0.5778702483055669 -0.6564689663927009 0.484886040515255
vn -0.4326775843609994 -0.8252153498785281 0.36305610353826745
vn -0.6948658401761931 0.4209560834233435 0.5830586934306977
vn -0.3519400598046202 0.8882173768171844 0.2953101519161179
usemtl m_174921bd-8d65-9278-7639-917192b6ef1e
f 1728/3533/969 1729/3534/969 1731/3535/969 1730/3536/969
f 1732/3537/970 1733/3538/970 1735/3539/970 1734/3540/970
f 1736/3541/971 1737/3542/971 1739/3543/971 1738/3544/971
f 1745/3545/972 1741/3546/972 1742/3547/972 1746/3548/972
f 1743/3549/973 1740/3550/973 1744/3551/973 1747/3552/973
f 1740/3553/974 1741/3554/974 1745/3555/974 1744/3556/974
f 1746/3557/975 1742/3558/975 1743/3559/975 1747/3560/975
f 1742/3561/976 1741/3562/976 1740/3563/976 1743/3564/976
f 1744/3565/977 1745/3566/977 1746/3567/977 1747/3568/977
f 1753/3569/978 1749/3570/978 1750/3571/978 1754/3572/978
f 1751/3573/979 1748/3574/979 1752/3575/979 1755/3576/979
f 1748/3577/980 1749/3578/980 1753/3579/980 1752/3580/980
f 1754/3581/981 1750/3582/981 1751/3583/981 1755/3584/981
f 1750/3585/982 1749/3586/982 1748/3587/982 1751/3588/982
f 1752/3589/983 1753/3590/983 1754/3591/983 1755/3592/983
f 1761/3593/984 1757/3594/984 1758/3595/984 1762/3596/984
f 1759/3597/985 1756/3598/985 1760/3599/985 1763/3600/985
f 1756/3601/986 1757/3602/986 1761/3603/986 1760/3604/986
f 1762/3605/987 1758/3606/987 1759/3607/987 1763/3608/987
f 1758/3609/988 1757/3610/988 1756/3611/988 1759/3612/988
f 1760/3613/989 1761/3614/989 1762/3615/989 1763/3616/989
f 1778/3617/990 1766/3618/990 1764/3619/990
f 1766/3620/991 1778/3621/991 1779/3622/991 1767/3623/991
f 1767/3624/992 1779/3625/992 1765/3626/992
f 1772/3627/993 1784/3628/993 1764/3629/993
f 1784/3630/994 1772/3631/994 1773/3632/994 1785/3633/994
f 1785/3634/995 1773/3635/995 1765/3636/995
f 1787/3637/996 1775/3638/996 1776/3639/996 1788/3640/996
f 1777/3641/997 1774/3642/997 1786/3643/997 1789/3644/997
f 1774/3645/998 1775/3646/998 1787/3647/998 1786/3648/998
f 1788/3649/999 1776/3650/999 1777/3651/999 1789/3652/999
f 1766/3653/1000 1768/3654/1000 1764/3655/1000
f 1768/3656/1001 1766/3657/1001 1767/3658/1001 1769/3659/1001
f 1769/3660/1002 1767/3661/1002 1765/3662/1002
f 1768/3663/1003 1770/3664/1003 1764/3665/1003
f 1770/3666/1004 1768/3667/1004 1769/3668/1004 1771/3669/1004
f 1771/3670/1005 1769/3671/1005 1765/3672/1005
f 1770/3673/1006 1772/3674/1006 1764/3675/1006
f 1772/3676/1007 1770/3677/1007 1771/3678/1007 1773/3679/1007
f 1773/3680/1008 1771/3681/1008 1765/3682/1008
f 1776/3683/1009 1775/3684/1009 1774/3685/1009 1777/3686/1009
f 1780/3687/1010 1778/3688/1010 1764/3689/1010
f 1778/3690/1011 1780/3691/1011 1781/3692/1011 1779/3693/1011
f 1779/3694/1012 1781/3695/1012 1765/3696/1012
f 1782/3697/1013 1780/3698/1013 1764/3699/1013
f 1780/3700/1014 1782/3701/1014 1783/3702/1014 1781/3703/1014
f 1781/3704/1015 1783/3705/1015 1765/3706/1015
f 1784/3707/1016 1782/3708/1016 1764/3709/1016
f 1782/3710/1017 1784/3711/1017 1785/3712/1017 1783/3713/1017
f 1783/3714/1018 1785/3715/1018 1765/3716/1018
f 1786/3717/1019 1787/3718/1019 1788/3719/1019 1789/3720/1019
f 1790/3721/1020 1791/3722/1020 1807/3723/1020
f 1791/3724/1021 1790/3725/1021 1792/3726/1021
f 1791/3727/1022 1793/3728/1022 1807/3729/1022
f 1793/3730/1023 1791/3731/1023 1792/3732/1023
f 1793/3733/1024 1794/3734/1024 1807/3735/1024
f 1794/3736/1025 1793/3737/1025 1792/3738/1025
f 1794/3739/1026 1795/3740/1026 1807/3741/1026
f 1795/3742/1027 1794/3743/1027 1792/3744/1027
f 1795/3745/1028 1796/3746/1028 1807/3747/1028
f 1796/3748/1029 1795/3749/1029 1792/3750/1029
f 1796/3751/1030 1797/3752/1030 1807/3753/1030
f 1797/3754/1031 1796/3755/1031 1792/3756/1031
f 1797/3757/1032 1798/3758/1032 1807/3759/1032
f 1798/3760/1033 1797/3761/1033 1792/3762/1033
f 1798/3763/1034 1799/3764/1034 1807/3765/1034
f 1799/3766/1035 1798/3767/1035 1792/3768/1035
f 1799/3769/1036 1800/3770/1036 1807/3771/1036
f 1800/3772/1037 1799/3773/1037 1792/3774/1037
f 1800/3775/1038 1801/3776/1038 1807/3777/1038
f 1801/3778/1039 1800/3779/1039 1792/3780/1039
f 1801/3781/1040 1802/3782/1040 1807/3783/1040
f 1802/3784/1041 1801/3785/1041 1792/3786/1041
f 1802/3787/1042 1803/3788/1042 1807/3789/1042
f 1803/3790/1043 1802/3791/1043 1792/3792/1043
f 1803/3793/1044 1804/3794/1044 1807/3795/1044
f 1804/3796/1045 1803/3797/1045 1792/3798/1045
f 1804/3799/1046 1805/3800/1046 1807/3801/1046
f 1805/3802/1047 1804/3803/1047 1792/3804/1047
f 1805/3805/1048 1806/3806/1048 1807/3807/1048
f 1806/3808/1049 1805/3809/1049 1792/3810/1049
f 1806/3811/1050 1790/3812/1050 1807/3813/1050
f 1790/3814/1051 1806/3815/1051 1792/3816/1051
f 1808/3817/1052 1809/3818/1052 1810/3819/1052
f 1809/3820/1053 1808/3821/1053 1811/3822/1053
f 1812/3823/1054 1808/3824/1054 1810/3825/1054
f 1808/3826/1055 1812/3827/1055 1811/3828/1055
f 1813/3829/1056 1812/3830/1056 1810/3831/1056
f 1812/3832/1057 1813/3833/1057 1811/3834/1057
f 1814/3835/1058 1813/3836/1058 1810/3837/1058
f 1813/3838/1059 1814/3839/1059 1811/3840/1059
f 1815/3841/1060 1814/3842/1060 1810/3843/1060
f 1814/3844/1061 1815/3845/1061 1811/3846/1061
f 1816/3847/1062 1815/3848/1062 1810/3849/1062
f 1815/3850/1063 1816/3851/1063 1811/3852/1063
f 1817/3853/1064 1816/3854/1064 1810/3855/1064
f 1816/3856/1065 1817/3857/1065 1811/3858/1065
f 1818/3859/1066 1817/3860/1066 1810/3861/1066
f 1817/3862/1067 1818/3863/1067 1811/3864/1067
f 1819/3865/1068 1818/3866/1068 1810/3867/1068
f 1818/3868/1069 1819/3869/1069 1811/3870/1069
f 1820/3871/1070 1819/3872/1070 1810/3873/1070
f 1819/3874/1071 1820/3875/1071 1811/3876/1071
f 1821/3877/1072 1820/3878/1072 1810/3879/1072
f 1820/3880/1073 1821/3881/1073 1811/3882/1073
f 1822/3883/1074 1821/3884/1074 1810/3885/1074
f 1821/3886/1075 1822/3887/1075 1811/3888/1075
f 1823/3889/1076 1822/3890/1076 1810/3891/1076
f 1822/3892/1077 1823/3893/1077 1811/3894/1077
f 1824/3895/1078 1823/3896/1078 1810/3897/1078
f 1823/3898/1079 1824/3899/1079 1811/3900/1079
f 1825/3901/1080 1824/3902/1080 1810/3903/1080
f 1824/3904/1081 1825/3905/1081 1811/3906/1081
f 1809/3907/1082 1825/3908/1082 1810/3909/1082
f 1825/3910/1083 1809/3911/1083 1811/3912/1083
f 1826/3913/1084 1827/3914/1084 1830/3915/1084 1831/3916/1084
f 1832/3917/1085 1828/3918/1085 1826/3919/1085
f 1833/3920/1086 1832/3921/1086 1826/3922/1086
f 1834/3923/1087 1833/3924/1087 1826/3925/1087
f 1835/3926/1088 1834/3927/1088 1826/3928/1088
f 1836/3929/1089 1835/3930/1089 1826/3931/1089
f 1837/3932/1090 1836/3933/1090 1826/3934/1090
f 1838/3935/1091 1837/3936/1091 1826/3937/1091
f 1831/3938/1092 1839/3939/1092 1826/3940/1092
f 1839/3941/1093 1838/3942/1093 1826/3943/1093
f 1827/3944/1094 1829/3945/1094 1840/3946/1094
f 1841/3947/1095 1842/3948/1095 1827/3949/1095
f 1842/3950/1096 1830/3951/1096 1827/3952/1096
f 1843/3953/1097 1841/3954/1097 1827/3955/1097
f 1844/3956/1098 1843/3957/1098 1827/3958/1098
f 1840/3959/1099 1845/3960/1099 1827/3961/1099
f 1845/3962/1100 1844/3963/1100 1827/3964/1100
f 1850/3965/1101 1847/3966/1101 1846/3967/1101 1851/3968/1101
f 1848/3969/1102 1852/3970/1102 1846/3971/1102
f 1852/3972/1103 1853/3973/1103 1846/3974/1103
f 1853/3975/1104 1854/3976/1104 1846/3977/1104
f 1854/3978/1105 1855/3979/1105 1846/3980/1105
f 1855/3981/1106 1856/3982/1106 1846/3983/1106
f 1856/3984/1107 1857/3985/1107 1846/3986/1107
f 1857/3987/1108 1858/3988/1108 1846/3989/1108
f 1859/3990/1109 1851/3991/1109 1846/3992/1109
f 1858/3993/1110 1859/3994/1110 1846/3995/1110
f 1849/3996/1111 1847/3997/1111 1860/3998/1111
f 1862/3999/1112 1861/4000/1112 1847/4001/1112
f 1850/4002/1113 1862/4003/1113 1847/4004/1113
f 1861/4005/1114 1863/4006/1114 1847/4007/1114
f 1863/4008/1115 1864/4009/1115 1847/4010/1115
f 1865/4011/1116 1860/4012/1116 1847/4013/1116
f 1864/4014/1117 1865/4015/1117 1847/4016/1117
f 1869/4017/1118 1868/4018/1118 1867/4019/1118
f 1866/4020/1119 1870/4021/1119 1871/4022/1119
f 1873/4023/1120 1872/4024/1120 1874/4025/1120
f 1876/4026/1121 1878/4027/1121 1877/4028/1121 1875/4029/1121
f 1880/4030/1122 1879/4031/1122 1881/4032/1122 1882/4033/1122
f 1876/4034/1123 1883/4035/1123 1884/4036/1123 1878/4037/1123
f 1880/4038/1124 1882/4039/1124 1886/4040/1124 1885/4041/1124
f 1888/4042/1125 1890/4043/1125 1889/4044/1125 1887/4045/1125
f 1895/4046/1126 1894/4047/1126 1893/4048/1126 1896/4049/1126
f 1897/4050/1127 1891/4051/1127 1892/4052/1127 1898/4053/1127
f 1905/4054/1128 1906/4055/1128 1899/4056/1128 1902/4057/1128
f 1901/4058/1129 1900/4059/1129 1907/4060/1129 1908/4061/1129
f 1910/4062/1130 1903/4063/1130 1904/4064/1130 1909/4065/1130
f 1913/4066/1131 1914/4067/1131 1912/4068/1131 1911/4069/1131
f 1917/4070/1132 1915/4071/1132 1916/4072/1132 1918/4073/1132
f 1920/4074/1133 1919/4075/1133 1912/4076/1133 1914/4077/1133
f 1922/4078/1134 1918/4079/1134 1916/4080/1134 1921/4081/1134
f 1929/4082/1135 1930/4083/1135 1928/4084/1135 1927/4085/1135
f 1926/4086/1136 1931/4087/1136 1932/4088/1136 1925/4089/1136
f 1934/4090/1137 1923/4091/1137 1924/4092/1137 1933/4093/1137
f 1938/4094/1138 1935/4095/1138 1942/4096/1138 1941/4097/1138
f 1943/4098/1139 1937/4099/1139 1936/4100/1139 1944/4101/1139
f 1945/4102/1140 1940/4103/1140 1939/4104/1140 1946/4105/1140
f 1949/4106/1141 1950/4107/1141 1948/4108/1141 1947/4109/1141
f 1953/4110/1142 1951/4111/1142 1952/4112/1142 1954/4113/1142
f 1956/4114/1143 1955/4115/1143 1948/4116/1143 1950/4117/1143
f 1958/4118/1144 1954/4119/1144 1952/4120/1144 1957/4121/1144
f 1961/4122/1145 1962/4123/1145 1960/4124/1145 1959/4125/1145
f 1965/4126/1146 1966/4127/1146 1967/4128/1146 1968/4129/1146
f 1964/4130/1147 1963/4131/1147 1969/4132/1147 1970/4133/1147
f 1971/4134/1148 1978/4135/1148 1977/4136/1148 1974/4137/1148
f 1979/4138/1149 1972/4139/1149 1973/4140/1149 1980/4141/1149
f 1976/4142/1150 1975/4143/1150 1982/4144/1150 1981/4145/1150
f 1984/4146/1151 1986/4147/1151 1985/4148/1151 1983/4149/1151
f 1988/4150/1152 1987/4151/1152 1989/4152/1152 1990/4153/1152
f 1984/4154/1153 1991/4155/1153 1992/4156/1153 1986/4157/1153
f 1988/4158/1154 1990/4159/1154 1994/4160/1154 1993/4161/1154
f 2000/4162/1155 2002/4163/1155 2001/4164/1155 1999/4165/1155
f 2004/4166/1156 2003/4167/1156 1998/4168/1156 1997/4169/1156
f 1996/4170/1157 1995/4171/1157 2006/4172/1157 2005/4173/1157
f 2014/4174/1158 2007/4175/1158 2010/4176/1158 2013/4177/1158
f 2008/4178/1159 2009/4179/1159 2015/4180/1159 2016/4181/1159
f 2011/4182/1160 2012/4183/1160 2017/4184/1160 2018/4185/1160
o car1_interior
v -0.41775437500000034 2.325468125 -5.341250625000001
v -0.10625687500000014 2.342586875 -8.07543375
v -1.3250000000000002 2.35 -5.3436875
v -1.0073362500000003 2.3454525 -7.76834
v -1.3067812500000002 2.363023125 -7.306475000000001
v -1.3220500000000002 2.358223125 -6.58696125
v -1.2701112500000002 2.342944375 -7.383828749999999
v -1.14942125 2.341944375 -7.6492325
v -0.03184812500000023 1.713985625 -9.021476250000001
v -0.029481875000000102 2.39262 -8.03187625
v -0.10827687500000005 1.763250625 -8.920348125
v -0.10625687500000014 2.342586875 -8.07543375
v -1.0846531250000002 2.39597625 -7.672001874999999
v -1.0073375000000002 2.3454525 -7.76834
v -1.1104006250000003 1.717693125 -8.552863125
v -1.0287656250000001 1.766415625 -8.520245625000001
v -1.1458112500000002 1.7178475 -8.525481875
v -1.1213943750000002 2.396125625 -7.647354375000001
v -1.1458112500000002 1.7178475 -8.525481875
v -1.1736762500000002 1.71803625 -8.479645625
v -1.1213943750000002 2.396125625 -7.647354375000001
v -1.1501468750000001 2.39631125 -7.603569374999999
v -1.1690431250000002 1.772180625 -8.384755
v -1.14942125 2.341944375 -7.6492325
v -1.293383125 2.3974993749999998 -7.288231874999999
v -1.2701112500000002 2.342944375 -7.383828749999999
v -1.1690431250000002 1.772180625 -8.384755
v -1.1736762500000002 1.71803625 -8.479645625
v -1.381808125 1.793460625 -7.822568125
v -1.4324081250000003 1.739726875 -7.8059674999999995
v -1.2701112500000002 2.342944375 -7.383828749999999
v -1.293383125 2.3974993749999998 -7.288231874999999
v -1.4231237500000002 1.758669375 -7.821748124999999
v -1.28409875 2.41644125 -7.304012500000001
v -1.2859612500000002 2.421609375 -7.25948
v -1.3026675 2.42433125 -6.59375
v -1.4209981250000001 1.756606875 -7.2637262499999995
v -1.4220506250000002 1.74727625 -6.59375
v -1.4209981250000001 1.756606875 -7.2637262499999995
v -1.2859612500000002 2.421609375 -7.25948
v -1.4211875 1.756790625 -7.3133881249999995
v -1.3010912500000003 2.35291125 -7.214404375000001
v -1.309360625 2.35291125 -6.895435000000001
v -1.4129312500000002 1.800501875 -6.893960625
v -1.413215625 1.800501875 -7.21536875
v -1.4117331250000003 1.802285 -7.31274125
v -1.4130493750000002 1.8063331249999999 -7.784231875
v -1.2969225000000002 2.354735 -7.304889375
v -1.2971987500000002 2.35446125 -7.352797499999999
v -1.4128950000000002 1.805858125 -7.7288625
v 0.1062568749999997 2.342586875 -8.08168375
v 0.4177543749999999 2.325468125 -5.341250625000001
v -0.10625687500000014 2.342586875 -8.08168375
v -0.41775437500000034 2.325468125 -5.341250625000001
v 0.00013124999999991616 2.342586875 -8.11293375
v 0.03184812499999978 1.713985625 -9.021476250000001
v 0.029481874999999658 2.39262 -8.03187625
v -0.03184812500000023 1.713985625 -9.021476250000001
v -0.029481875000000102 2.39262 -8.03187625
v 0.4177543749999999 2.325468125 -5.341250625000001
v 0.1062568749999997 2.342586875 -8.07543375
v 1.3250000000000002 2.35 -5.3436875
v 1.0073362499999998 2.3454525 -7.76834
v 1.3067812500000002 2.363023125 -7.306475000000001
v 1.32205 2.358223125 -6.58696125
v 1.2701112500000002 2.342944375 -7.383828749999999
v 1.1494212499999996 2.341944375 -7.6492325
v 0.03184812499999978 1.713985625 -9.021476250000001
v 0.029481874999999658 2.39262 -8.03187625
v 0.10827687500000005 1.763250625 -8.920348125
v 0.1062568749999997 2.342586875 -8.07543375
v 1.084653125 2.39597625 -7.672001874999999
v 1.0073375000000002 2.3454525 -7.76834
v 1.1104006249999996 1.717693125 -8.552863125
v 1.0287656250000001 1.766415625 -8.520245625000001
v 1.1458112499999995 1.7178475 -8.525481875
v 1.1213943749999995 2.396125625 -7.647354375000001
v 1.1458112499999995 1.7178475 -8.525481875
v 1.1736762499999998 1.71803625 -8.479645625
v 1.1213943749999995 2.396125625 -7.647354375000001
v 1.150146875 2.39631125 -7.603569374999999
v 1.169043125 1.772180625 -8.384755
v 1.1494212499999996 2.341944375 -7.6492325
v 1.293383125 2.3974993749999998 -7.288231874999999
v 1.2701112500000002 2.342944375 -7.383828749999999
v 1.169043125 1.772180625 -8.384755
v 1.1736762499999998 1.71803625 -8.479645625
v 1.381808125 1.793460625 -7.822568125
v 1.4324081250000003 1.739726875 -7.8059674999999995
v 1.2701112500000002 2.342944375 -7.383828749999999
v 1.293383125 2.3974993749999998 -7.288231874999999
v 1.4231237500000002 1.758669375 -7.821748124999999
v 1.28409875 2.41644125 -7.304012500000001
v 1.2859612499999997 2.421609375 -7.25948
v 1.3026675 2.42433125 -6.59375
v 1.4209981249999997 1.756606875 -7.2637262499999995
v 1.4220506249999998 1.74727625 -6.59375
v 1.4209981249999997 1.756606875 -7.2637262499999995
v 1.2859612499999997 2.421609375 -7.25948
v 1.4211875000000003 1.756790625 -7.3133881249999995
v 1.3010912499999998 2.35291125 -7.214404375000001
v 1.309360625 2.35291125 -6.895435000000001
v 1.4129312499999997 1.800501875 -6.893960625
v 1.4132156249999994 1.800501875 -7.21536875
v 1.4117331249999996 1.802285 -7.31274125
v 1.413049375 1.8063331249999999 -7.784231875
v 1.2969225 2.354735 -7.304889375
v 1.2971987499999997 2.35446125 -7.352797499999999
v 1.4128949999999998 1.805858125 -7.7288625
vt 0.0003189880952380952 0.9122023809523809
vt 0.0003189880952380952 0.9986386309523809
vt 0.11872863095238095 0.9986966666666667
vt 0.45384107142857144 0.7617178571428571
vt 0.5156741666666667 0.7321428571428572
vt 0.3102186904761905 0.7321428571428572
vt 0.2627404761904762 0.8928571428571429
vt 0.0006523809523809524 0.8928571428571429
vt 0.17704892857142857 1
vt 0.18475160714285715 0.9973183928571429
vt 0.5339625595238096 0.779251130952381
vt 0.5111689880952381 0.7633928571428572
vt 0.40502553571428573 0.779251130952381
vt 0.6673214285714286 0.5297619047619048
vt 0.68413875 0.535155119047619
vt 0.7746428571428571 0.5297619047619048
vt 0.6653438690476191 0.6488095238095238
vt 0.6547619047619048 0.6547619047619048
vt 0.7690416071428572 0.6547619047619048
vt 0.76291125 0.6488095238095238
vt 0.3630952380952381 0.3214285714285714
vt 0.3630952380952381 0.21525166666666673
vt 0.3571591666666667 0.22081898809523803
vt 0.35714285714285715 0.3114831547619048
vt 0.6011904761904762 0.7708468452380952
vt 0.6117201785714286 0.7783890476190476
vt 0.7073095238095238 0.7783890476190476
vt 0.7131864880952381 0.7708333333333334
vt 0.625 0.8125
vt 0.6304667261904762 0.8203577976190476
vt 0.7208729166666666 0.8203577976190476
vt 0.7309089285714285 0.8125589880952381
vt 0.4166666666666667 0.16539011904761902
vt 0.4166666666666667 0.19315755952380953
vt 0.4226190476190476 0.20238095238095233
vt 0.4226190476190476 0.16939559523809522
vt 0.4270833333333333 0.9999702380952381
vt 0.4204777380952381 0.9940476190476191
vt 0.33184970238095235 0.9940476190476191
vt 0.32154041666666666 1
vt 0.75 0.9097216071428571
vt 0.7584732738095238 0.915776130952381
vt 0.8157569047619047 0.915776130952381
vt 0.8187580357142858 0.9092261904761905
vt 0.7534067261904761 0.28125
vt 0.75 0.285057380952381
vt 0.8556997619047619 0.285057380952381
vt 0.8589498214285715 0.28127499999999994
vt 0.7725756547619047 0.8630952380952381
vt 0.7743644642857144 0.8571428571428572
vt 0.6686645238095238 0.8571428571428572
vt 0.6666666666666666 0.8630410714285714
vt 0.7083333333333334 0.39136904761904767
vt 0.7120647023809523 0.39753238095238097
vt 0.7798713095238096 0.39753238095238097
vt 0.7891441666666668 0.392164880952381
vt 0.06487142857142858 0.18491041666666674
vt 0.06012857142857143 0.15625
vt 0.06012857142857143 0.22006351190476203
vt 0.06443857142857143 0.21551744047619048
vt 0.13690476190476192 0.5229525595238096
vt 0.16666666666666666 0.5297616666666667
vt 0.16666666666666666 0.4642857142857143
vt 0.13705660714285714 0.46942851190476187
vt 0.7562348214285715 0.838666369047619
vt 0.8196580357142857 0.838666369047619
vt 0.7909239285714287 0.8318452380952381
vt 0.7605354761904761 0.8319721428571428
vt 0.7861386904761906 0.46291315476190475
vt 0.8507660714285714 0.46291315476190475
vt 0.8440946428571428 0.4585772619047619
vt 0.7904121428571429 0.45833333333333337
vt 0.8988289285714286 0.5285390476190477
vt 0.9032544047619047 0.5285390476190477
vt 0.8988816666666667 0.5238095238095238
vt 0.78614 0.6190476190476191
vt 0.7905136904761905 0.623777380952381
vt 0.8442571428571428 0.623777380952381
vt 0.8507647619047619 0.6195444047619048
vt 0.8988095238095238 0.5059523809523809
vt 0.9020880952380953 0.5032117857142857
vt 0.8988095238095238 0.4981832142857142
vt 0.89946625 0.5765126190476191
vt 0.907081369047619 0.5765126190476191
vt 0.9022745238095238 0.5729166666666667
vt 0.2261904761904762 0.21359380952380946
vt 0.23214285714285715 0.2100568452380952
vt 0.23214285714285715 0.2047834523809523
vt 0.22642857142857142 0.1651785714285714
vt 0.11158803571428572 0.14434523809523814
vt 0.10716196428571428 0.14434523809523814
vt 0.11134934523809523 0.18397702380952385
vt 0.7895370833333334 0.37648809523809523
vt 0.7863525595238094 0.380691369047619
vt 0.8536958928571428 0.380691369047619
vt 0.8565045833333335 0.3770950595238095
vt 0.07547208333333333 0.6077430357142857
vt 0.06589696428571429 0.6121963690476191
vt 0.06589696428571429 0.34523809523809523
vt 0.5828820238095238 0.9836309523809523
vt 0.5784332142857143 0.9931819642857143
vt 0.3159275 0.9836309523809523
vt 0.00009285714285714286 0.6309104761904762
vt 0.07877619047619049 0.6190476190476191
vt 0.07877619047619049 0.8860059523809524
vt 0.3875916666666666 0.2321428571428571
vt 0.3936583333333334 0.2321428571428571
vt 0.3934327380952381 0.34523809523809523
vt 0.3878172619047619 0.34523809523809523
vt 0.0003189880952380952 0.9986386309523809
vt 0.0003189880952380952 0.9122023809523809
vt 0.11872863095238095 0.9986966666666667
vt 0.5156741666666667 0.7321428571428572
vt 0.45384107142857144 0.7617178571428571
vt 0.3102186904761905 0.7321428571428572
vt 0.17704892857142857 1
vt 0.0006523809523809524 0.8928571428571429
vt 0.2627404761904762 0.8928571428571429
vt 0.18475160714285715 0.9973183928571429
vt 0.5111689880952381 0.7633928571428572
vt 0.5339625595238096 0.779251130952381
vt 0.40502553571428573 0.779251130952381
vt 0.68413875 0.535155119047619
vt 0.6673214285714286 0.5297619047619048
vt 0.7746428571428571 0.5297619047619048
vt 0.7690416071428572 0.6547619047619048
vt 0.6547619047619048 0.6547619047619048
vt 0.6653438690476191 0.6488095238095238
vt 0.76291125 0.6488095238095238
vt 0.3571591666666667 0.22081898809523803
vt 0.3630952380952381 0.21525166666666673
vt 0.3630952380952381 0.3214285714285714
vt 0.35714285714285715 0.3114831547619048
vt 0.7073095238095238 0.7783890476190476
vt 0.6117201785714286 0.7783890476190476
vt 0.6011904761904762 0.7708468452380952
vt 0.7131864880952381 0.7708333333333334
vt 0.7208729166666666 0.8203577976190476
vt 0.6304667261904762 0.8203577976190476
vt 0.625 0.8125
vt 0.7309089285714285 0.8125589880952381
vt 0.4226190476190476 0.20238095238095233
vt 0.4166666666666667 0.19315755952380953
vt 0.4166666666666667 0.16539011904761902
vt 0.4226190476190476 0.16939559523809522
vt 0.33184970238095235 0.9940476190476191
vt 0.4204777380952381 0.9940476190476191
vt 0.4270833333333333 0.9999702380952381
vt 0.32154041666666666 1
vt 0.8157569047619047 0.915776130952381
vt 0.7584732738095238 0.915776130952381
vt 0.75 0.9097216071428571
vt 0.8187580357142858 0.9092261904761905
vt 0.8556997619047619 0.285057380952381
vt 0.75 0.285057380952381
vt 0.7534067261904761 0.28125
vt 0.8589498214285715 0.28127499999999994
vt 0.6686645238095238 0.8571428571428572
vt 0.7743644642857144 0.8571428571428572
vt 0.7725756547619047 0.8630952380952381
vt 0.6666666666666666 0.8630410714285714
vt 0.7798713095238096 0.39753238095238097
vt 0.7120647023809523 0.39753238095238097
vt 0.7083333333333334 0.39136904761904767
vt 0.7891441666666668 0.392164880952381
vt 0.06012857142857143 0.22006351190476203
vt 0.06012857142857143 0.15625
vt 0.06487142857142858 0.18491041666666674
vt 0.06443857142857143 0.21551744047619048
vt 0.16666666666666666 0.4642857142857143
vt 0.16666666666666666 0.5297616666666667
vt 0.13690476190476192 0.5229525595238096
vt 0.13705660714285714 0.46942851190476187
vt 0.7909239285714287 0.8318452380952381
vt 0.8196580357142857 0.838666369047619
vt 0.7562348214285715 0.838666369047619
vt 0.7605354761904761 0.8319721428571428
vt 0.8440946428571428 0.4585772619047619
vt 0.8507660714285714 0.46291315476190475
vt 0.7861386904761906 0.46291315476190475
vt 0.7904121428571429 0.45833333333333337
vt 0.9032544047619047 0.5285390476190477
vt 0.8988289285714286 0.5285390476190477
vt 0.8988816666666667 0.5238095238095238
vt 0.8442571428571428 0.623777380952381
vt 0.7905136904761905 0.623777380952381
vt 0.78614 0.6190476190476191
vt 0.8507647619047619 0.6195444047619048
vt 0.9020880952380953 0.5032117857142857
vt 0.8988095238095238 0.5059523809523809
vt 0.8988095238095238 0.4981832142857142
vt 0.907081369047619 0.5765126190476191
vt 0.89946625 0.5765126190476191
vt 0.9022745238095238 0.5729166666666667
vt 0.23214285714285715 0.2047834523809523
vt 0.23214285714285715 0.2100568452380952
vt 0.2261904761904762 0.21359380952380946
vt 0.22642857142857142 0.1651785714285714
vt 0.10716196428571428 0.14434523809523814
vt 0.11158803571428572 0.14434523809523814
vt 0.11134934523809523 0.18397702380952385
vt 0.8536958928571428 0.380691369047619
vt 0.7863525595238094 0.380691369047619
vt 0.7895370833333334 0.37648809523809523
vt 0.8565045833333335 0.3770950595238095
vn -0.027011548683632564 -0.9996128312059048 -0.006675621785810682
vn -0.026254193655044982 -0.9996291835479414 -0.007225836615909705
vn -0.02268199371750385 -0.9997036181379221 -0.008843248438605063
vn 0.0026471018637458507 -0.9999841382418535 0.004971530591324467
vn -0.022233118570579077 -0.9981875527289495 -0.05592224973673122
vn 0.21123433892671312 -0.8063351503401247 0.5524524227335448
vn -0.19315841263179265 0.7959104749489005 -0.5737737737960682
vn 0.24395886812255604 -0.7864158310908104 0.5674805822881622
vn 0.22660508228746498 -0.7747949239069588 0.5902058645671875
vn -0.8616223406703106 0.321151311348285 -0.39302516112469477
vn 0.989324470055513 0.1012425921307769 -0.10481903685886233
vn 0.7432104384570042 -0.5960876784751699 0.30383831841726294
vn 0.6970022257804492 -0.5767379680277519 0.42610000409800464
vn 0.37309041411321575 -0.7392514636960084 0.5606342982017231
vn 0.7096241286608059 -0.52205639910704 0.4731709122228277
vn 0.9848078483487196 -0.17364545133994486 -0.0008712403298200403
vn 0.9846251285276477 -0.17361606486497763 0.01925664282042558
vn 0.9796517002839117 -0.19909165692705313 0.025397997418722756
vn 0.9796515394125503 -0.19909238081226902 0.025398528089695747
vn 0.9790846463805023 -0.20340385901450161 -0.004486129732358882
vn 0.9790833269910468 -0.2034100764160105 -0.004492173257537007
vn -0.976857623725899 0.2039267576731505 -0.06452178293805957
vn 0.9790836386529554 -0.2034087710254256 -0.004483346073545491
vn 0.9790813750888081 -0.20341985300299464 -0.004474858483695081
vn 0.9790846554109526 -0.20340394331605333 -0.004480332833198943
vn 0.9790826605959067 -0.20341366671116193 -0.004474808997161014
vn -0.0018982252115738812 -0.9999773170915398 -0.006462355874786356
vn 0.00190308301115569 -0.9999773042902804 -0.006462907967544933
vn 0 -0.9999809271969938 -0.006176183468827588
vn 0 -0.8247088267072832 0.5655575577702913
vn 0.027011548683632553 -0.9996128312059048 -0.00667562178581069
vn 0.026254193655044982 -0.9996291835479414 -0.007225836615909696
vn 0.022681993717503842 -0.9997036181379221 -0.008843248438605065
vn -0.002647101863745853 -0.9999841382418535 0.004971530591324472
vn 0.022233118570579073 -0.9981875527289495 -0.05592224973673122
vn -0.21123433892671184 -0.8063351503401248 0.5524524227335449
vn 0.19315841263179254 0.7959104749489007 -0.5737737737960681
vn -0.24395886812255632 -0.7864158310908095 0.567480582288163
vn -0.22660508228746737 -0.7747949239069583 0.5902058645671872
vn 0.8616223406703094 0.32115131134828695 -0.3930251611246957
vn -0.9893244700555108 0.10124259213078886 -0.10481903685887191
vn -0.7432104384570055 -0.5960876784751681 0.30383831841726355
vn -0.6970022257804467 -0.5767379680277538 0.4261000040980062
vn -0.3730904141132192 -0.7392514636960074 0.5606342982017221
vn -0.7096241286608059 -0.5220563991070402 0.4731709122228276
vn -0.9848078483487196 -0.17364545133994486 -0.0008712403298200391
vn -0.9846251285276478 -0.173616064864977 0.019256642820425416
vn -0.9796517002839112 -0.19909165692705585 0.025397997418723416
vn -0.9796515394125503 -0.19909238081226902 0.02539852808969603
vn -0.9790846463804986 -0.20340385901451977 -0.004486129732372065
vn -0.9790833269910472 -0.20341007641600983 -0.004492173257531963
vn 0.9768576237259006 0.20392675767314714 -0.06452178293804951
vn -0.9790836386529561 -0.20340877102542235 -0.004483346073540997
vn -0.9790813750888077 -0.20341985300299606 -0.004474858483699018
vn -0.9790846554109487 -0.20340394331607162 -0.0044803328331996135
vn -0.9790826605959071 -0.2034136667111596 -0.004474808997165286
usemtl m_174921bd-8d65-9278-7639-917192b6ef1e
f 2019/4186/1161 2021/4187/1161 2024/4188/1161
f 2024/4189/1162 2023/4190/1162 2019/4191/1162
f 2020/4192/1163 2019/4193/1163 2023/4194/1163 2025/4195/1163
f 2025/4196/1164 2026/4197/1164 2020/4198/1164
f 2026/4199/1165 2022/4200/1165 2020/4201/1165
f 2029/4202/1166 2027/4203/1166 2028/4204/1166 2030/4205/1166
f 2031/4206/1167 2028/4207/1167 2030/4208/1167 2032/4209/1167
f 2027/4210/1168 2029/4211/1168 2034/4212/1168 2033/4213/1168
f 2033/4214/1169 2034/4215/1169 2032/4216/1169 2031/4217/1169
f 2042/4218/1170 2044/4219/1170 2043/4220/1170 2040/4221/1170
f 2040/4222/1171 2042/4223/1171 2041/4224/1171 2038/4225/1171
f 2046/4226/1172 2045/4227/1172 2047/4228/1172 2048/4229/1172
f 2038/4230/1173 2037/4231/1173 2039/4232/1173 2040/4233/1173
f 2031/4234/1174 2036/4235/1174 2035/4236/1174 2033/4237/1174
f 2048/4238/1175 2047/4239/1175 2049/4240/1175 2050/4241/1175
f 2062/4242/1176 2056/4243/1176 2055/4244/1176 2063/4245/1176
f 2061/4246/1177 2054/4247/1177 2056/4248/1177 2062/4249/1177
f 2053/4250/1178 2054/4251/1178 2061/4252/1178 2060/4253/1178
f 2055/4254/1179 2053/4255/1179 2060/4256/1179 2063/4257/1179
f 2059/4258/1180 2064/4259/1180 2057/4260/1180
f 2057/4261/1181 2064/4262/1181 2066/4263/1181 2058/4264/1181
f 2058/4265/1182 2052/4266/1182 2066/4267/1182
f 2067/4268/1183 2052/4269/1183 2066/4270/1183
f 2051/4271/1184 2065/4272/1184 2068/4273/1184 2059/4274/1184
f 2064/4275/1185 2059/4276/1185 2068/4277/1185
f 2068/4278/1186 2065/4279/1186 2067/4280/1186 2066/4281/1186
f 2071/4282/1187 2073/4283/1187 2072/4284/1187
f 2073/4285/1188 2069/4286/1188 2070/4287/1188
f 2070/4288/1189 2072/4289/1189 2073/4290/1189
f 2076/4291/1190 2074/4292/1190 2075/4293/1190 2077/4294/1190
f 2080/4295/1191 2078/4296/1191 2083/4297/1191
f 2082/4298/1192 2083/4299/1192 2078/4300/1192
f 2082/4301/1193 2078/4302/1193 2079/4303/1193 2084/4304/1193
f 2085/4305/1194 2084/4306/1194 2079/4307/1194
f 2081/4308/1195 2085/4309/1195 2079/4310/1195
f 2087/4311/1196 2086/4312/1196 2088/4313/1196 2089/4314/1196
f 2089/4315/1197 2087/4316/1197 2090/4317/1197 2091/4318/1197
f 2093/4319/1198 2088/4320/1198 2086/4321/1198 2092/4322/1198
f 2091/4323/1199 2093/4324/1199 2092/4325/1199 2090/4326/1199
f 2102/4327/1200 2103/4328/1200 2101/4329/1200 2099/4330/1200
f 2100/4331/1201 2101/4332/1201 2099/4333/1201 2097/4334/1201
f 2106/4335/1202 2104/4336/1202 2105/4337/1202 2107/4338/1202
f 2098/4339/1203 2096/4340/1203 2097/4341/1203 2099/4342/1203
f 2094/4343/1204 2095/4344/1204 2090/4345/1204 2092/4346/1204
f 2108/4347/1205 2106/4348/1205 2107/4349/1205 2109/4350/1205
f 2114/4351/1206 2115/4352/1206 2121/4353/1206 2122/4354/1206
f 2115/4355/1207 2113/4356/1207 2120/4357/1207 2121/4358/1207
f 2120/4359/1208 2113/4360/1208 2112/4361/1208 2119/4362/1208
f 2119/4363/1209 2112/4364/1209 2114/4365/1209 2122/4366/1209
f 2123/4367/1210 2118/4368/1210 2116/4369/1210
f 2125/4370/1211 2123/4371/1211 2116/4372/1211 2117/4373/1211
f 2111/4374/1212 2117/4375/1212 2125/4376/1212
f 2111/4377/1213 2126/4378/1213 2125/4379/1213
f 2127/4380/1214 2124/4381/1214 2110/4382/1214 2118/4383/1214
f 2118/4384/1215 2123/4385/1215 2127/4386/1215
f 2126/4387/1216 2124/4388/1216 2127/4389/1216 2125/4390/1216