# Made in Blockbench 4.12.6
mtllib z50000_obj.mtl

o car1_glass
v 0.89454875 1.5452724999999998 -9.2625
v 0.89454875 1.3863112499999999 -9.3552275
v -0.89454875 1.5452724999999998 -9.2625
v -0.89454875 1.3863112499999999 -9.3552275
v 0.25 1.390625 -9.359375
v -0.25 1.390625 -9.359375
v 0.89454875 1.920273125 -8.95
v 0.89454875 1.5452724999999998 -9.2625
v -0.89454875 1.920273125 -8.95
v -0.89454875 1.5452724999999998 -9.2625
v 0.89454875 2.4827731249999996 -8.3375
v 0.89454875 2.232773125 -8.6375
v -0.89454875 2.4827731249999996 -8.3375
v -0.89454875 2.232773125 -8.6375
v 0.89454875 2.232773125 -8.6375
v 0.89454875 1.920273125 -8.95
v -0.89454875 2.232773125 -8.6375
v -0.89454875 1.920273125 -8.95
vt 0.8082907692307693 1
vt 0.8082907692307693 0.9811253846153846
vt 0.8744015384615386 0.9812940384615385
vt 0.6049679487179487 0.6282051282051282
vt 0.65625 0.6282051282051282
vt 0.7223576923076923 0.6474358974358974
vt 0.5388602564102565 0.6474358974358974
vt 0.2245370512820513 0.21794871794871795
vt 0.2245370512820513 0.15183775641025643
vt 0.24341166666666667 0.15188589743589742
vt 0.5448717948717948 0.5512820512820513
vt 0.5448717948717948 0.6025641025641026
vt 0.358974358974359 0.6025641025641026
vt 0.358974358974359 0.5512820512820513
vt 0.1858974358974359 0.4487179487179487
vt 0.1858974358974359 0.4871794871794872
vt 0 0.4871794871794872
vt 0 0.4487179487179487
vt 0.6346153846153846 0.5
vt 0.6346153846153846 0.5448717948717949
vt 0.44871794871794873 0.5448717948717949
vt 0.44871794871794873 0.5
vn 0.008930073807128416 0.5038513565256566 -0.8637442123158076
vn 0 0.5308668286607512 -0.8474552555903332
vn -0.00893007380712842 0.5038513565256566 -0.8637442123158076
vn 0 0.6401837699753109 -0.7682218043379128
vn 0 0.7682212795973762 -0.6401843996644797
vn 0 0.7071067811865476 -0.7071067811865476
usemtl m_7b077a46-c302-2e02-dfaf-ad9f8f56482e
f 1/1/1 2/2/1 5/3/1
f 5/4/2 6/5/2 3/6/2 1/7/2
f 6/8/3 4/9/3 3/10/3
f 10/11/4 9/12/4 7/13/4 8/14/4
f 14/15/5 13/16/5 11/17/5 12/18/5
f 18/19/6 17/20/6 15/21/6 16/22/6
o car1_lights_yellow
v 0.6875 0.6875 -9.64375
v 0.6565181250000001 0.571875 -9.64375
v 0.6028568750000001 0.602856875 -9.64375
v 0.5718749999999999 0.656518125 -9.64375
v 0.5718749999999999 0.718481875 -9.64375
v 0.6028568750000001 0.772143125 -9.64375
v 0.6565181250000001 0.803125 -9.64375
v 0.7184818749999999 0.803125 -9.64375
v 0.7721431249999999 0.772143125 -9.64375
v 0.8031250000000001 0.718481875 -9.64375
v 0.8031250000000001 0.656518125 -9.64375
v 0.7721431249999999 0.602856875 -9.64375
v 0.7184818749999999 0.571875 -9.64375
v -0.6875 0.6875 -9.64375
v -0.656518125 0.571875 -9.64375
v -0.602856875 0.602856875 -9.64375
v -0.571875 0.656518125 -9.64375
v -0.571875 0.718481875 -9.64375
v -0.602856875 0.772143125 -9.64375
v -0.656518125 0.803125 -9.64375
v -0.718481875 0.803125 -9.64375
v -0.772143125 0.772143125 -9.64375
v -0.803125 0.718481875 -9.64375
v -0.803125 0.656518125 -9.64375
v -0.772143125 0.602856875 -9.64375
v -0.718481875 0.571875 -9.64375
v 0 2.7500000000000004 -7.625000000000002
v 0.02237750000000005 2.6375 -7.625000000000002
v 0.06372624999999998 2.6546268750000004 -7.625000000000002
v 0.09537312499999995 2.6862737500000007 -7.625000000000002
v 0.11250000000000004 2.7276225000000003 -7.625000000000002
v 0.11250000000000004 2.7723775000000006 -7.625000000000002
v 0.09537312499999995 2.8137262500000007 -7.625000000000002
v 0.06372624999999998 2.8453731250000005 -7.625000000000002
v 0.02237750000000005 2.8625000000000003 -7.625000000000002
v -0.02237750000000005 2.8625000000000003 -7.625000000000002
v -0.06372624999999998 2.8453731250000005 -7.625000000000002
v -0.09537312499999995 2.8137262500000007 -7.625000000000002
v -0.11250000000000004 2.7723775000000006 -7.625000000000002
v -0.11250000000000004 2.7276225000000003 -7.625000000000002
v -0.09537312499999995 2.6862737500000007 -7.625000000000002
v -0.06372624999999998 2.6546268750000004 -7.625000000000002
v -0.02237750000000005 2.6375 -7.625000000000002
vt 0.7112668589743589 0.2561387179487179
vt 0.7096220512820514 0.25
vt 0.6989895512820513 0.2561387179487179
vt 0.6519297435897436 0.1856258974358974
vt 0.6535745512820512 0.17948717948717952
vt 0.6412972435897436 0.17948717948717952
vt 0.4420360897435897 0.1343437179487179
vt 0.4403912820512821 0.1282051282051282
vt 0.4297587820512821 0.1343437179487179
vt 0.7755052564102564 0.3782051282051282
vt 0.7693665384615385 0.3798499358974359
vt 0.7755052564102564 0.3904824358974359
vt 0.8588385897435898 0.9487179487179487
vt 0.8526998717948717 0.9503628846153847
vt 0.8588385897435898 0.9609953205128206
vt 0.7903779487179486 0.1282051282051282
vt 0.7887331410256411 0.1343437179487179
vt 0.8010104487179487 0.1343437179487179
vt 0.8288395512820512 0.8333333333333334
vt 0.8271946794871795 0.8394719871794871
vt 0.8394719871794871 0.8394719871794871
vt 0.5596087179487179 0.17307692307692313
vt 0.5579639102564103 0.17921564102564103
vt 0.570241217948718 0.17921564102564103
vt 0.051553653846153846 0.1217948717948718
vt 0.053198461538461535 0.12793346153846152
vt 0.06383096153846154 0.1217948717948718
vt 0.23731525641025641 0.21576064102564096
vt 0.24345397435897434 0.21740557692307694
vt 0.24345397435897434 0.20512820512820518
vt 0.7244947435897436 0.09561070512820513
vt 0.7306334615384615 0.09396576923076927
vt 0.7244947435897436 0.08333333333333337
vt 0.9039819871794871 0.1533029487179487
vt 0.910120576923077 0.151658141025641
vt 0.9039819871794871 0.14102564102564108
vt 0.7096220512820514 0.25
vt 0.7112668589743589 0.2561387179487179
vt 0.6989895512820513 0.2561387179487179
vt 0.6535745512820512 0.17948717948717952
vt 0.6519297435897436 0.1856258974358974
vt 0.6412972435897436 0.17948717948717952
vt 0.4403912820512821 0.1282051282051282
vt 0.4420360897435897 0.1343437179487179
vt 0.4297587820512821 0.1343437179487179
vt 0.7693665384615385 0.3798499358974359
vt 0.7755052564102564 0.3782051282051282
vt 0.7755052564102564 0.3904824358974359
vt 0.8526998717948717 0.9503628846153847
vt 0.8588385897435898 0.9487179487179487
vt 0.8588385897435898 0.9609953205128206
vt 0.7887331410256411 0.1343437179487179
vt 0.7903779487179486 0.1282051282051282
vt 0.8010104487179487 0.1343437179487179
vt 0.8271946794871795 0.8394719871794871
vt 0.8288395512820512 0.8333333333333334
vt 0.8394719871794871 0.8394719871794871
vt 0.5579639102564103 0.17921564102564103
vt 0.5596087179487179 0.17307692307692313
vt 0.570241217948718 0.17921564102564103
vt 0.053198461538461535 0.12793346153846152
vt 0.051553653846153846 0.1217948717948718
vt 0.06383096153846154 0.1217948717948718
vt 0.24345397435897434 0.21740557692307694
vt 0.23731525641025641 0.21576064102564096
vt 0.24345397435897434 0.20512820512820518
vt 0.7306334615384615 0.09396576923076927
vt 0.7244947435897436 0.09561070512820513
vt 0.7244947435897436 0.08333333333333337
vt 0.910120576923077 0.151658141025641
vt 0.9039819871794871 0.1533029487179487
vt 0.9039819871794871 0.14102564102564108
vt 0.8297757692307692 0.0014183333333332993
vt 0.8201923076923077 0
vt 0.8201923076923077 0.018632884615384704
vt 0.8297761538461538 0.001418397435897445
vt 0.8201923076923077 0
vt 0.8201923076923077 0.018632884615384704
vt 0.8297757692307692 0.0014183333333332993
vt 0.8201923076923077 0
vt 0.8201923076923077 0.018632884615384704
vt 0.8447542307692307 0.018632884615384704
vt 0.8447542307692307 0.01136269230769238
vt 0.8201923076923077 0.014997820512820614
vt 0.8433292307692307 0.018632884615384704
vt 0.8452354487179488 0.011502499999999971
vt 0.8201923076923077 0.011502499999999971
vt 0.8433290384615384 0.018632884615384704
vt 0.8452354487179488 0.011502179487179576
vt 0.8201923076923077 0.011502179487179576
vt 0.8433292307692307 0.018632884615384704
vt 0.8452354487179488 0.011502499999999971
vt 0.8201923076923077 0.011502499999999971
vt 0.8201923076923077 0.018632884615384704
vt 0.8299636538461539 0.018632884615384704
vt 0.8250780128205127 0.000358012820512732
vt 0.8201923076923077 0.01721461538461544
vt 0.8297757692307692 0.018632884615384704
vt 0.8297757692307692 0
vt 0.8201923076923077 0.01721448717948726
vt 0.8297761538461538 0.018632884615384704
vt 0.8297761538461538 0
vt 0.8201923076923077 0.01721461538461544
vt 0.8297757692307692 0.018632884615384704
vt 0.8297757692307692 0
vt 0.8201923076923077 0.01136269230769238
vt 0.8201923076923077 0.018632884615384704
vt 0.8447542307692307 0.014997820512820614
vt 0.8220985256410256 0.011502499999999971
vt 0.8201923076923077 0.018632884615384704
vt 0.8452354487179488 0.018632884615384704
vt 0.8220987179487179 0.011502179487179576
vt 0.8201923076923077 0.018632884615384704
vt 0.8452354487179488 0.018632884615384704
vt 0.8220985256410256 0.011502499999999971
vt 0.8201923076923077 0.018632884615384704
vt 0.8452354487179488 0.018632884615384704
vt 0.8299636538461539 0.000358012820512732
vt 0.8201923076923077 0.000358012820512732
vt 0.8250780128205127 0.018632884615384704
vn 0 -2.220446049250313e-16 -1
vn 0 -2.220446049250313e-16 -1
vn 0 -2.220446049250313e-16 -1
vn 0 -2.220446049250313e-16 -1
vn 0 -2.220446049250313e-16 -1
vn 0 -2.220446049250313e-16 -1
vn 0 -2.220446049250313e-16 -1
vn 0 -2.220446049250313e-16 -1
vn 0 -2.220446049250313e-16 -1
vn 0 -2.220446049250313e-16 -1
vn 0 -2.220446049250313e-16 -1
vn 0 -2.220446049250313e-16 -1
vn 0 -2.220446049250313e-16 -1
vn 0 -2.220446049250313e-16 -1
vn 0 -2.220446049250313e-16 -1
vn 0 -2.220446049250313e-16 -1
vn 0 -2.220446049250313e-16 -1
vn 0 -2.220446049250313e-16 -1
vn 0 -2.220446049250313e-16 -1
vn 0 -2.220446049250313e-16 -1
vn 0 -2.220446049250313e-16 -1
vn 0 -2.220446049250313e-16 -1
vn 0 -2.220446049250313e-16 -1
vn 0 -2.220446049250313e-16 -1
vn 0 -2.220446049250313e-16 -1
vn 0 -2.220446049250313e-16 -1
vn 0 -2.220446049250313e-16 -1
vn 0 -2.220446049250313e-16 -1
vn 0 -2.220446049250313e-16 -1
vn 0 -2.220446049250313e-16 -1
vn 0 -2.220446049250313e-16 -1
vn 0 -2.220446049250313e-16 -1
vn 0 -2.220446049250313e-16 -1
vn 0 -2.220446049250313e-16 -1
vn 0 -2.220446049250313e-16 -1
vn 0 -2.220446049250313e-16 -1
vn 0 -2.220446049250313e-16 -1
vn 0 -2.220446049250313e-16 -1
vn 0 -2.220446049250313e-16 -1
vn 0 -2.220446049250313e-16 -1
usemtl m_7b077a46-c302-2e02-dfaf-ad9f8f56482e
f 20/23/7 21/24/7 19/25/7
f 21/26/8 22/27/8 19/28/8
f 22/29/9 23/30/9 19/31/9
f 23/32/10 24/33/10 19/34/10
f 24/35/11 25/36/11 19/37/11
f 25/38/12 26/39/12 19/40/12
f 26/41/13 27/42/13 19/43/13
f 27/44/14 28/45/14 19/46/14
f 28/47/15 29/48/15 19/49/15
f 29/50/16 30/51/16 19/52/16
f 30/53/17 31/54/17 19/55/17
f 31/56/18 20/57/18 19/58/18
f 34/59/19 33/60/19 32/61/19
f 35/62/20 34/63/20 32/64/20
f 36/65/21 35/66/21 32/67/21
f 37/68/22 36/69/22 32/70/22
f 38/71/23 37/72/23 32/73/23
f 39/74/24 38/75/24 32/76/24
f 40/77/25 39/78/25 32/79/25
f 41/80/26 40/81/26 32/82/26
f 42/83/27 41/84/27 32/85/27
f 43/86/28 42/87/28 32/88/28
f 44/89/29 43/90/29 32/91/29
f 33/92/30 44/93/30 32/94/30
f 47/95/31 46/96/31 45/97/31
f 48/98/32 47/99/32 45/100/32
f 49/101/33 48/102/33 45/103/33
f 50/104/34 49/105/34 45/106/34
f 51/107/35 50/108/35 45/109/35
f 52/110/36 51/111/36 45/112/36
f 53/113/37 52/114/37 45/115/37
f 54/116/38 53/117/38 45/118/38
f 55/119/39 54/120/39 45/121/39
f 56/122/40 55/123/40 45/124/40
f 57/125/41 56/126/41 45/127/41
f 58/128/42 57/129/42 45/130/42
f 59/131/43 58/132/43 45/133/43
f 60/134/44 59/135/44 45/136/44
f 61/137/45 60/138/45 45/139/45
f 46/140/46 61/141/46 45/142/46
o car1_ext
v 0.25 -0.601521875 -9.72188625
v 0.25 -0.695271875 -9.56563625
v -0.25 -0.601521875 -9.72188625
v -0.25 -0.695271875 -9.56563625
v 0.25 -0.439021875 -9.78438625
v 0.25 -0.601521875 -9.72188625
v -0.25 -0.439021875 -9.78438625
v -0.25 -0.601521875 -9.72188625
v 0.25 -0.507771875 -9.021886250000001
v -0.25 -0.507771875 -9.021886250000001
v 0.25 -0.439021875 -9.78438625
v -0.25 -0.439021875 -9.78438625
v 0.25 0.3172281250000001 -9.028136250000001
v 0.25 -0.507771875 -9.021886250000001
v -0.25 0.3172281250000001 -9.028136250000001
v -0.25 -0.507771875 -9.021886250000001
v 0.25 0.4218749999999999 -9.934375000000001
v 0.25 0.3172281250000001 -9.028136250000001
v -0.25 0.4218749999999999 -9.934375000000001
v -0.25 0.3172281250000001 -9.028136250000001
v 0.25 1.390625 -9.359375
v 0.25 1.0343749999999998 -9.571875
v -0.25 1.390625 -9.359375
v -0.25 1.0343749999999998 -9.571875
v 0.25 1.0343749999999998 -9.571875
v 0.25 0.9968750000000001 -9.753125
v -0.25 1.0343749999999998 -9.571875
v -0.25 0.9968750000000001 -9.753125
v 0.89454875 2.670273125 -8.068750000000001
v 0.89454875 2.482773125 -8.3375
v -0.89454875 2.670273125 -8.068750000000001
v -0.89454875 2.482773125 -8.3375
v 0.88204875 2.97027375 -7.49375
v 0.88829875 2.826523125 -7.800000000000001
v -0.88204875 2.97027375 -7.49375
v -0.88829875 2.826523125 -7.800000000000001
v 0.857048125 3.0452737500000002 -7.187500000000001
v 0.88204875 2.97027375 -7.49375
v -0.857048125 3.0452737500000002 -7.187500000000001
v -0.88204875 2.97027375 -7.49375
v 0.857048125 3.1140237500000003 -6.437500000000001
v 0.857048125 3.0452737500000002 -7.187500000000001
v -0.857048125 3.1140237500000003 -6.437500000000001
v -0.857048125 3.0452737500000002 -7.187500000000001
v 1.267036875 2.6600525 -6.437500000000001
v 0.857048125 3.1140237500000003 -6.437500000000001
v -1.266978125 2.6600312500000003 -6.437500000000001
v -0.857048125 3.1140237500000003 -6.437500000000001
v -1.05534875 2.96178375 -6.437500000000001
v 1.055386875 2.9618337500000003 -6.437500000000001
v -1.224238125 2.7774718750000003 -6.437500000000001
v 1.22428375 2.777514375 -6.437500000000001
v -1.515625 0.5624999999999999 -6.437500000000001
v -1.515625 0.5624999999999999 -8.0625
v -1.450258125 -0.18464625 -6.437500000000001
v -1.450258125 -0.18464625 -8.0625
v -1.450258125 -0.18464625 -7.562500000000001
v -1.306508125 -0.18464625 -8.9375
v -1.119038125 -0.519790625 -8.9375
v -1.450258125 -0.18464625 -8.0625
v -1.262788125 -0.519790625 -8.068698750000001
v -1.222975 -0.37148000000000003 -8.9375
v -1.24422875 -0.4506525 -8.47370875
v -1.1961875 -0.519790625 -8.471224375
v -1.119008125 -0.18464625 -9.5
v -0.93153875 -0.519790625 -9.49380125
v -1.306508125 -0.18464625 -8.9375
v -1.119038125 -0.519790625 -8.9375
v -1.028935 -0.4127125 -9.495781875
v -1.222975 -0.37148000000000003 -8.9375
v -1.083996875 -0.291930625 -9.498015625
v -0.93153875 -0.519790625 -9.49380125
v -0.81903875 -0.679165625 -9.387551250000001
v -1.119038125 -0.519790625 -8.9375
v -0.962788125 -0.679165625 -8.943698750000001
v -1.119038125 -0.519790625 -8.943698750000001
v -0.962788125 -0.679165625 -8.943698750000001
v -1.1961875 -0.519790625 -8.471224375
v -1.019455625 -0.679165625 -8.632460625
v -1.415625 0.5624999999999999 -8.9375
v -1.171875 0.5624999999999999 -9.5
v -1.306508125 -0.18464625 -8.9375
v -1.119008125 -0.18464625 -9.5
v -1.164905625 0.34360124999999997 -9.5
v -1.3721025 0.20266250000000008 -8.9375
v -1.155998125 0.06863562499999998 -9.5
v -1.340625 1.3125 -8.9375
v -1.080386875 1.1555825 -9.387500000000001
v -1.415625 0.5624999999999999 -8.9375
v -1.171875 0.5624999999999999 -9.5
v -1.0865225 0.990746875 -9.4625
v -1.4158525 0.8464124999999999 -8.9375
v -1.140115 0.75328125 -9.5
v -1.515625 0.5624999999999999 -8.0625
v -1.415625 0.5624999999999999 -8.9375
v -1.450258125 -0.18464625 -8.0625
v -1.306508125 -0.18464625 -8.9375
v -1.372103125 0.20266250000000008 -8.9375
v -1.515624375 1.3124993750000002 -8.0625
v -1.340625 1.3125 -8.9375
v -1.515624375 0.5624999999999999 -8.0625
v -1.415624375 0.5624999999999999 -8.9375
v -1.4158525 0.8464124999999999 -8.9375
v -1.439994375 1.748335 -8.0625
v -1.283744375 1.748335 -8.76875
v -1.515624375 1.3125 -8.0625
v -1.340625 1.3125 -8.9375
v -1.2846025 1.5964131250000002 -8.90625
v -1.477494375 1.748335 -6.437500000000001
v -1.43999375 1.7483343750000002 -8.0625
v -1.515625 1.3125 -6.437500000000001
v -1.515625 1.3125 -8.0625
v -1.390670625 2.2407387500000002 -6.437500000000001
v -1.328170625 2.240739375 -8.0625
v -1.477494375 1.748335 -6.437500000000001
v -1.439994375 1.748335 -8.0625
v -1.2846025 1.5964131250000002 -8.90625
v -1.080386875 1.3618325000000002 -9.262500000000001
v -1.340625 1.3125 -8.9375
v -1.080386875 1.1555825 -9.387500000000001
v -1.328170625 2.240739375 -8.0625
v -1.439994375 1.748335 -8.0625
v -1.283744375 1.748335 -8.76875
v -1.32062375 1.987066875 -8.426338750000001
v -1.22428375 2.7775137500000002 -6.437500000000001
v -1.224284375 2.73376375 -7.187500000000001
v -1.390670625 2.2407387500000002 -6.437500000000001
v -1.328170625 2.240739375 -8.0625
v -1.29884 2.4095987500000002 -7.787814375000001
v -1.325965625 2.482220625 -6.437500000000001
v -1.267036875 2.6600525 -6.437500000000001
v -1.309789375 2.5425906250000003 -6.437500000000001
v -1.24714 2.5972975000000003 -7.438591250000001
v -1.2797875 2.49498875 -7.635621250000001
v -1.05538625 2.961833125 -6.437500000000001
v -1.05538625 2.91808375 -7.187500000000001
v -1.22428375 2.777514375 -6.437500000000001
v -1.22428375 2.7337643750000002 -7.187500000000001
v -0.857048125 3.1140237500000003 -6.437500000000001
v -0.857048125 3.0452737500000002 -7.187500000000001
v -1.055386875 2.9618337500000003 -6.437500000000001
v -1.05538625 2.91808375 -7.187500000000001
v -0.857048125 3.0452737500000002 -7.187500000000001
v -0.88204875 2.97027375 -7.49375
v -1.05538625 2.91808375 -7.187500000000001
v -1.08038625 2.8368337500000003 -7.49375
v -0.88204875 2.97027375 -7.49375
v -0.88829875 2.826523125 -7.800000000000001
v -1.08038625 2.8368337500000003 -7.49375
v -1.08038625 2.68683375 -7.800000000000001
v -0.88829875 2.826523125 -7.800000000000001
v -0.89454875 2.670273125 -8.068750000000001
v -1.08038625 2.68683375 -7.800000000000001
v -1.08038625 2.5368331250000002 -8.068750000000001
v -0.89454875 2.670273125 -8.068750000000001
v -0.89454875 2.482773125 -8.3375
v -1.08038625 2.5368331250000002 -8.068750000000001
v -1.08038625 2.3493331250000002 -8.3375
v -1.08038625 2.5368331250000002 -8.068750000000001
v -1.08038625 2.3493331250000002 -8.3375
v -1.29884 2.4095987500000002 -7.787814375000001
v -1.328170625 2.240739375 -8.0625
v -1.08038625 2.68683375 -7.800000000000001
v -1.08038625 2.5368331250000002 -8.068750000000001
v -1.2797875 2.49498875 -7.635621250000001
v -1.29884 2.4095987500000002 -7.787814375000001
v -1.08038625 2.8368337500000003 -7.49375
v -1.08038625 2.68683375 -7.800000000000001
v -1.24714 2.5972975000000003 -7.438591250000001
v -1.2797875 2.49498875 -7.635621250000001
v -1.05538625 2.91808375 -7.187500000000001
v -1.08038625 2.8368337500000003 -7.49375
v -1.224284375 2.73376375 -7.187500000000001
v -1.24714 2.5972975000000003 -7.438591250000001
v -0.89454875 2.482773125 -8.3375
v -0.89454875 2.232773125 -8.637500000000001
v -1.08038625 2.3493331250000002 -8.3375
v -1.08038625 2.0993331250000002 -8.637500000000001
v -1.08038625 2.3493331250000002 -8.3375
v -1.08038625 1.7868331250000002 -8.950000000000001
v -1.328170625 2.240739375 -8.0625
v -1.283744375 1.748335 -8.76875
v -1.08038625 2.0993331250000002 -8.637500000000001
v -1.32062375 1.987066875 -8.426338750000001
v -0.89454875 2.232773125 -8.637500000000001
v -0.89454875 1.9202725000000003 -8.950000000000001
v -1.08038625 2.0993331250000002 -8.637500000000001
v -1.08038625 1.7868331250000002 -8.950000000000001
v -0.89454875 1.9202725000000003 -8.950000000000001
v -0.89454875 1.5452725000000003 -9.262500000000001
v -1.08038625 1.7868331250000002 -8.950000000000001
v -1.080386875 1.3618325000000002 -9.262500000000001
v -1.08038625 1.7868331250000002 -8.950000000000001
v -1.080386875 1.3618325000000002 -9.262500000000001
v -1.283744375 1.748335 -8.76875
v -1.2846025 1.5964131250000002 -8.90625
v -0.89454875 1.0952725 -9.525
v -1.080386875 1.3618325000000002 -9.262500000000001
v -1.080386875 1.1555825 -9.387500000000001
v -0.89454875 1.3863112499999999 -9.355227500000002
v -0.25 -0.439021875 -9.78438625
v -0.25 -0.601521875 -9.72188625
v -0.610300625 -0.37825937499999995 -9.753548125
v -0.610300625 -0.5720093749999999 -9.716048125
v -0.610300625 -0.37825937499999995 -9.753548125
v -0.610300625 -0.5720093749999999 -9.716048125
v -0.799574375 -0.319904375 -9.72176875
v -0.898869375 -0.432439375 -9.612174375
v -0.64477625 -0.37825937499999995 -9.77319875
v -0.718621875 -0.34655250000000004 -9.748638125000001
v -0.25 -0.601521875 -9.72188625
v -0.25 -0.695271875 -9.56563625
v -0.610300625 -0.5720093749999999 -9.716048125
v -0.58418125 -0.683670625 -9.554059375000001
v -0.6 -0.507771875 -9.021886250000001
v -0.610300625 -0.37825937499999995 -9.753548125
v -0.25 -0.507771875 -9.021886250000001
v -0.25 -0.439021875 -9.78438625
v -0.603168125 0.05519062500000005 -9.505285625
v -0.604675 -0.07920000000000005 -9.482193125
v -0.915668125 0.05519062500000005 -9.645910625
v -0.911949375 -0.07920000000000005 -9.657339375000001
v -1.00459 -0.23531812500000004 -9.605164375000001
v -0.978181875 -0.31539937500000004 -9.605260000000001
v -1.119008125 -0.18464625 -9.5
v -1.028935 -0.4127125 -9.495781875
v -1.083996875 -0.291930625 -9.498015625
v -0.978181875 -0.31539937500000004 -9.605260000000001
v -0.799574375 -0.319904375 -9.72176875
v -1.028935 -0.4127125 -9.495781875
v -0.93153875 -0.519790625 -9.49380125
v -0.898869375 -0.432439375 -9.612174375
v -0.915668125 0.05519062500000005 -9.645910625
v -0.911949375 -0.07920000000000005 -9.657339375000001
v -1.043608125 0.055287500000000045 -9.595538750000001
v -1.034009375 -0.07929687500000004 -9.59521125
v -0.86598875 -0.233615625 -9.685598125
v -0.718621875 -0.34655250000000004 -9.748638125000001
v -1.00459 -0.23531812500000004 -9.605164375000001
v -0.978181875 -0.31539937500000004 -9.605260000000001
v -0.799574375 -0.319904375 -9.72176875
v -0.610300625 -0.5720093749999999 -9.716048125
v -0.898869375 -0.432439375 -9.612174375
v -0.81903875 -0.679165625 -9.387551250000001
v -0.58418125 -0.683670625 -9.554059375000001
v -0.93153875 -0.519790625 -9.49380125
v -0.911949375 -0.07920000000000005 -9.657339375000001
v -0.86598875 -0.233615625 -9.685598125
v -1.034009375 -0.07929687500000004 -9.59521125
v -1.119008125 -0.18464625 -9.5
v -1.00459 -0.23531812500000004 -9.605164375000001
v -1.043608125 0.055287500000000045 -9.595538750000001
v -1.034009375 -0.07929687500000004 -9.59521125
v -1.155998125 0.06863562499999998 -9.5
v -1.119008125 -0.18464625 -9.5
v -0.89454875 0.5077725000000001 -9.756250000000001
v -0.8973175 0.3108231250000001 -9.762406250000002
v -1.04341625 0.5454131249999999 -9.664330000000001
v -1.040305 0.3107700000000001 -9.65873
v -1.04341625 0.5454131249999999 -9.664330000000001
v -1.040305 0.3107700000000001 -9.65873
v -1.171875 0.5624999999999999 -9.5
v -1.164905625 0.34360124999999997 -9.5
v -1.040305 0.3107700000000001 -9.65873
v -1.043608125 0.055287500000000045 -9.595538750000001
v -1.164905625 0.34360124999999997 -9.5
v -1.155998125 0.06863562499999998 -9.5
v -0.8973175 0.3108231250000001 -9.762406250000002
v -0.915668125 0.05519062500000005 -9.645910625
v -1.040305 0.3107700000000001 -9.65873
v -1.043608125 0.055287500000000045 -9.595538750000001
v -0.604675 -0.07920000000000005 -9.482193125
v -0.6064375 -0.233615625 -9.537654375
v -0.86598875 -0.233615625 -9.685598125
v -0.911949375 -0.07920000000000005 -9.657339375000001
v -0.6064375 -0.233615625 -9.537654375
v -0.609184375 -0.34655250000000004 -9.68625875
v -0.718621875 -0.34655250000000004 -9.748638125000001
v -0.86598875 -0.233615625 -9.685598125
v -0.609184375 -0.34655250000000004 -9.68625875
v -0.610300625 -0.37825937499999995 -9.753548125
v -0.64477625 -0.37825937499999995 -9.77319875
v -0.718621875 -0.34655250000000004 -9.748638125000001
v -0.6035675 0.2983231249999999 -9.60303125
v -0.603168125 0.05519062500000005 -9.505285625
v -0.8973175 0.3108231250000001 -9.762406250000002
v -0.915668125 0.05519062500000005 -9.645910625
v -0.60337625 0.41204874999999996 -9.595086250000001
v -0.6035675 0.2983231249999999 -9.60303125
v -0.89454875 0.5077725000000001 -9.756250000000001
v -0.8973175 0.3108231250000001 -9.762406250000002
v -0.25 0.3172281250000001 -9.028136250000001
v -0.25 -0.507771875 -9.021886250000001
v -0.65625 0.3172281250000001 -9.028136250000001
v -0.6 -0.507771875 -9.021886250000001
v -0.25 0.4218749999999999 -9.934375000000001
v -0.25 0.3172281250000001 -9.028136250000001
v -0.89454875 0.5077725000000001 -9.756250000000001
v -0.65625 0.3172281250000001 -9.028136250000001
v -0.6625 0.45624999999999993 -9.859375
v -0.602430625 0.3172281250000001 -9.028136250000001
v -0.60337625 0.41204874999999996 -9.595086250000001
v -0.59919 0.3189281249999999 -9.03830125
v -0.6 -0.507771875 -9.021886250000001
v -0.60337625 0.41204874999999996 -9.595086250000001
v -0.6035675 0.2983231249999999 -9.60303125
v -0.603168125 0.05519062500000005 -9.505285625
v -0.604675 -0.07920000000000005 -9.482193125
v -0.6064375 -0.233615625 -9.537654375
v -0.609184375 -0.34655250000000004 -9.68625875
v -0.610300625 -0.37825937499999995 -9.753548125
v -0.25 1.0343749999999998 -9.571875
v -0.25 0.9968750000000001 -9.753125
v -0.89454875 1.0952725 -9.525
v -0.6625 1.0437500000000002 -9.653125000000001
v -0.25 0.9968750000000001 -9.753125
v -0.25 0.4218749999999999 -9.934375000000001
v -0.6625 1.0437500000000002 -9.653125000000001
v -0.6625 0.45624999999999993 -9.859375
v -0.6625 0.55970375 -9.82305625
v -0.65403 0.55981 -9.824734375
v -0.594059375 0.59401125 -9.824873125
v -0.559728125 0.65267625 -9.81123125
v -0.56006875 0.720835625 -9.78723375
v -0.592944375 0.77987 -9.759850625
v -0.65177625 0.813958125 -9.735968125000001
v -0.6625 0.814480625 -9.733613125000002
v -0.6625 1.0437500000000002 -9.653125000000001
v -0.6625 0.45624999999999993 -9.859375
v -0.89454875 1.0952725 -9.525
v -0.89454875 0.5077725000000001 -9.756250000000001
v -0.6625 0.814480625 -9.733613125000002
v -0.72093 0.81416375 -9.712311875000001
v -0.78063375 0.7804531250000001 -9.70186
v -0.814115 0.7211943749999999 -9.709625
v -0.81462125 0.651660625 -9.735026875
v -0.780205 0.5937487499999999 -9.767969375
v -0.721769375 0.559518125 -9.801401250000001
v -0.6625 0.55970375 -9.82305625
v -0.89454875 1.0952725 -9.525
v -0.89454875 0.5077725000000001 -9.756250000000001
v -1.080386875 1.1555825 -9.387500000000001
v -1.171875 0.5624999999999999 -9.5
v -1.04341625 0.5454131249999999 -9.664330000000001
v -1.0865225 0.990746875 -9.4625
v -1.140115 0.75328125 -9.5
v -0.25 1.390625 -9.359375
v -0.25 1.0343749999999998 -9.571875
v -0.89454875 1.3863112499999999 -9.355227500000002
v -0.89454875 1.0952725 -9.525
v -0.6875 0.6874999999999999 -9.6125
v -0.65400625 0.5624999999999999 -9.6125
v -0.59599375 0.59599375 -9.6125
v -0.5625 0.65400625 -9.6125
v -0.5625 0.72099375 -9.6125
v -0.59599375 0.77900625 -9.6125
v -0.65400625 0.8124999999999999 -9.6125
v -0.72099375 0.8124999999999999 -9.6125
v -0.77900625 0.77900625 -9.6125
v -0.8125 0.72099375 -9.6125
v -0.8125 0.65400625 -9.6125
v -0.77900625 0.59599375 -9.6125
v -0.72099375 0.5624999999999999 -9.6125
v -0.594059375 0.59401125 -9.824873125
v -0.65403 0.55981 -9.824734375
v -0.559728125 0.65267625 -9.81123125
v -0.56006875 0.720835625 -9.78723375
v -0.592944375 0.77987 -9.759850625
v -0.65177625 0.813958125 -9.735968125000001
v -0.72093 0.81416375 -9.712311875000001
v -0.78063375 0.7804531250000001 -9.70186
v -0.814115 0.7211943749999999 -9.709625
v -0.81462125 0.651660625 -9.735026875
v -0.780205 0.5937487499999999 -9.767969375
v -0.721769375 0.559518125 -9.801401250000001
v -0.6625 0.814480625 -9.733613125000002
v -0.6625 0.55970375 -9.82305625
v 1.450258125 -0.18464625 -7.562500000000001
v 1.306508125 -0.18464625 -8.9375
v 1.119038125 -0.519790625 -8.9375
v 1.450258125 -0.18464625 -8.0625
v 1.262788125 -0.519790625 -8.068698750000001
v 1.222975 -0.37148000000000003 -8.9375
v 1.24422875 -0.4506525 -8.47370875
v 1.1961875 -0.519790625 -8.471224375
v 1.119008125 -0.18464625 -9.5
v 0.93153875 -0.519790625 -9.49380125
v 1.306508125 -0.18464625 -8.9375
v 1.119038125 -0.519790625 -8.9375
v 1.028935 -0.4127125 -9.495781875
v 1.222975 -0.37148000000000003 -8.9375
v 1.083996875 -0.291930625 -9.498015625
v 0.93153875 -0.519790625 -9.49380125
v 0.81903875 -0.679165625 -9.387551250000001
v 1.119038125 -0.519790625 -8.9375
v 0.962788125 -0.679165625 -8.943698750000001
v 1.119038125 -0.519790625 -8.943698750000001
v 0.962788125 -0.679165625 -8.943698750000001
v 1.1961875 -0.519790625 -8.471224375
v 1.019455625 -0.679165625 -8.632460625
v 1.415625 0.5624999999999999 -8.9375
v 1.171875 0.5624999999999999 -9.5
v 1.306508125 -0.18464625 -8.9375
v 1.119008125 -0.18464625 -9.5
v 1.164905625 0.34360124999999997 -9.5
v 1.3721025 0.20266250000000008 -8.9375
v 1.155998125 0.06863562499999998 -9.5
v 1.340625 1.3125 -8.9375
v 1.080386875 1.1555825 -9.387500000000001
v 1.415625 0.5624999999999999 -8.9375
v 1.171875 0.5624999999999999 -9.5
v 1.0865225 0.990746875 -9.4625
v 1.4158525 0.8464124999999999 -8.9375
v 1.140115 0.75328125 -9.5
v 1.515625 0.5624999999999999 -8.0625
v 1.415625 0.5624999999999999 -8.9375
v 1.450258125 -0.18464625 -8.0625
v 1.306508125 -0.18464625 -8.9375
v 1.372103125 0.20266250000000008 -8.9375
v 1.515624375 1.3124993750000002 -8.0625
v 1.340625 1.3125 -8.9375
v 1.515624375 0.5624999999999999 -8.0625
v 1.415624375 0.5624999999999999 -8.9375
v 1.4158525 0.8464124999999999 -8.9375
v 1.439994375 1.748335 -8.0625
v 1.283744375 1.748335 -8.76875
v 1.515624375 1.3125 -8.0625
v 1.340625 1.3125 -8.9375
v 1.2846025 1.5964131250000002 -8.90625
v 1.2846025 1.5964131250000002 -8.90625
v 1.080386875 1.3618325000000002 -9.262500000000001
v 1.340625 1.3125 -8.9375
v 1.080386875 1.1555825 -9.387500000000001
v 1.328170625 2.240739375 -8.0625
v 1.439994375 1.748335 -8.0625
v 1.283744375 1.748335 -8.76875
v 1.32062375 1.987066875 -8.426338750000001
v 1.22428375 2.7775137500000002 -6.437500000000001
v 1.224284375 2.73376375 -7.187500000000001
v 1.267036875 2.6600525 -6.437500000000001
v 1.309789375 2.5425906250000003 -6.437500000000001
v 1.24714 2.5972975000000003 -7.438591250000001
v 1.2797875 2.49498875 -7.635621250000001
v 1.05538625 2.961833125 -6.437500000000001
v 1.05538625 2.91808375 -7.187500000000001
v 1.22428375 2.777514375 -6.437500000000001
v 1.22428375 2.7337643750000002 -7.187500000000001
v 0.857048125 3.1140237500000003 -6.437500000000001
v 0.857048125 3.0452737500000002 -7.187500000000001
v 1.055386875 2.9618337500000003 -6.437500000000001
v 1.05538625 2.91808375 -7.187500000000001
v 0.857048125 3.0452737500000002 -7.187500000000001
v 0.88204875 2.97027375 -7.49375
v 1.05538625 2.91808375 -7.187500000000001
v 1.08038625 2.8368337500000003 -7.49375
v 0.88204875 2.97027375 -7.49375
v 0.88829875 2.826523125 -7.800000000000001
v 1.08038625 2.8368337500000003 -7.49375
v 1.08038625 2.68683375 -7.800000000000001
v 0.88829875 2.826523125 -7.800000000000001
v 0.89454875 2.670273125 -8.068750000000001
v 1.08038625 2.68683375 -7.800000000000001
v 1.08038625 2.5368331250000002 -8.068750000000001
v 0.89454875 2.670273125 -8.068750000000001
v 0.89454875 2.482773125 -8.3375
v 1.08038625 2.5368331250000002 -8.068750000000001
v 1.08038625 2.3493331250000002 -8.3375
v 1.08038625 2.5368331250000002 -8.068750000000001
v 1.08038625 2.3493331250000002 -8.3375
v 1.29884 2.4095987500000002 -7.787814375000001
v 1.328170625 2.240739375 -8.0625
v 1.08038625 2.68683375 -7.800000000000001
v 1.08038625 2.5368331250000002 -8.068750000000001
v 1.2797875 2.49498875 -7.635621250000001
v 1.29884 2.4095987500000002 -7.787814375000001
v 1.08038625 2.8368337500000003 -7.49375
v 1.08038625 2.68683375 -7.800000000000001
v 1.24714 2.5972975000000003 -7.438591250000001
v 1.2797875 2.49498875 -7.635621250000001
v 1.05538625 2.91808375 -7.187500000000001
v 1.08038625 2.8368337500000003 -7.49375
v 1.224284375 2.73376375 -7.187500000000001
v 1.24714 2.5972975000000003 -7.438591250000001
v 0.89454875 2.482773125 -8.3375
v 0.89454875 2.232773125 -8.637500000000001
v 1.08038625 2.3493331250000002 -8.3375
v 1.08038625 2.0993331250000002 -8.637500000000001
v 1.08038625 2.3493331250000002 -8.3375
v 1.08038625 1.7868331250000002 -8.950000000000001
v 1.328170625 2.240739375 -8.0625
v 1.283744375 1.748335 -8.76875
v 1.08038625 2.0993331250000002 -8.637500000000001
v 1.32062375 1.987066875 -8.426338750000001
v 0.89454875 2.232773125 -8.637500000000001
v 0.89454875 1.9202725000000003 -8.950000000000001
v 1.08038625 2.0993331250000002 -8.637500000000001
v 1.08038625 1.7868331250000002 -8.950000000000001
v 0.89454875 1.9202725000000003 -8.950000000000001
v 0.89454875 1.5452725000000003 -9.262500000000001
v 1.08038625 1.7868331250000002 -8.950000000000001
v 1.080386875 1.3618325000000002 -9.262500000000001
v 1.08038625 1.7868331250000002 -8.950000000000001
v 1.080386875 1.3618325000000002 -9.262500000000001
v 1.283744375 1.748335 -8.76875
v 1.2846025 1.5964131250000002 -8.90625
v 0.89454875 1.0952725 -9.525
v 1.080386875 1.3618325000000002 -9.262500000000001
v 1.080386875 1.1555825 -9.387500000000001
v 0.89454875 1.3863112499999999 -9.355227500000002
v 0.25 -0.439021875 -9.78438625
v 0.25 -0.601521875 -9.72188625
v 0.610300625 -0.37825937499999995 -9.753548125
v 0.610300625 -0.5720093749999999 -9.716048125
v 0.610300625 -0.37825937499999995 -9.753548125
v 0.610300625 -0.5720093749999999 -9.716048125
v 0.799574375 -0.319904375 -9.72176875
v 0.898869375 -0.432439375 -9.612174375
v 0.64477625 -0.37825937499999995 -9.77319875
v 0.718621875 -0.34655250000000004 -9.748638125000001
v 0.25 -0.601521875 -9.72188625
v 0.25 -0.695271875 -9.56563625
v 0.610300625 -0.5720093749999999 -9.716048125
v 0.58418125 -0.683670625 -9.554059375000001
v 0.6 -0.507771875 -9.021886250000001
v 0.610300625 -0.37825937499999995 -9.753548125
v 0.25 -0.507771875 -9.021886250000001
v 0.25 -0.439021875 -9.78438625
v 0.603168125 0.05519062500000005 -9.505285625
v 0.604675 -0.07920000000000005 -9.482193125
v 0.915668125 0.05519062500000005 -9.645910625
v 0.911949375 -0.07920000000000005 -9.657339375000001
v 1.00459 -0.23531812500000004 -9.605164375000001
v 0.978181875 -0.31539937500000004 -9.605260000000001
v 1.119008125 -0.18464625 -9.5
v 1.028935 -0.4127125 -9.495781875
v 1.083996875 -0.291930625 -9.498015625
v 0.978181875 -0.31539937500000004 -9.605260000000001
v 0.799574375 -0.319904375 -9.72176875
v 1.028935 -0.4127125 -9.495781875
v 0.93153875 -0.519790625 -9.49380125
v 0.898869375 -0.432439375 -9.612174375
v 0.915668125 0.05519062500000005 -9.645910625
v 0.911949375 -0.07920000000000005 -9.657339375000001
v 1.043608125 0.055287500000000045 -9.595538750000001
v 1.034009375 -0.07929687500000004 -9.59521125
v 0.86598875 -0.233615625 -9.685598125
v 0.718621875 -0.34655250000000004 -9.748638125000001
v 1.00459 -0.23531812500000004 -9.605164375000001
v 0.978181875 -0.31539937500000004 -9.605260000000001
v 0.799574375 -0.319904375 -9.72176875
v 0.610300625 -0.5720093749999999 -9.716048125
v 0.898869375 -0.432439375 -9.612174375
v 0.81903875 -0.679165625 -9.387551250000001
v 0.58418125 -0.683670625 -9.554059375000001
v 0.93153875 -0.519790625 -9.49380125
v 0.911949375 -0.07920000000000005 -9.657339375000001
v 0.86598875 -0.233615625 -9.685598125
v 1.034009375 -0.07929687500000004 -9.59521125
v 1.119008125 -0.18464625 -9.5
v 1.00459 -0.23531812500000004 -9.605164375000001
v 1.043608125 0.055287500000000045 -9.595538750000001
v 1.034009375 -0.07929687500000004 -9.59521125
v 1.155998125 0.06863562499999998 -9.5
v 1.119008125 -0.18464625 -9.5
v 0.89454875 0.5077725000000001 -9.756250000000001
v 0.8973175 0.3108231250000001 -9.762406250000002
v 1.04341625 0.5454131249999999 -9.664330000000001
v 1.040305 0.3107700000000001 -9.65873
v 1.04341625 0.5454131249999999 -9.664330000000001
v 1.040305 0.3107700000000001 -9.65873
v 1.171875 0.5624999999999999 -9.5
v 1.164905625 0.34360124999999997 -9.5
v 1.040305 0.3107700000000001 -9.65873
v 1.043608125 0.055287500000000045 -9.595538750000001
v 1.164905625 0.34360124999999997 -9.5
v 1.155998125 0.06863562499999998 -9.5
v 0.8973175 0.3108231250000001 -9.762406250000002
v 0.915668125 0.05519062500000005 -9.645910625
v 1.040305 0.3107700000000001 -9.65873
v 1.043608125 0.055287500000000045 -9.595538750000001
v 0.604675 -0.07920000000000005 -9.482193125
v 0.6064375 -0.233615625 -9.537654375
v 0.86598875 -0.233615625 -9.685598125
v 0.911949375 -0.07920000000000005 -9.657339375000001
v 0.6064375 -0.233615625 -9.537654375
v 0.609184375 -0.34655250000000004 -9.68625875
v 0.718621875 -0.34655250000000004 -9.748638125000001
v 0.86598875 -0.233615625 -9.685598125
v 0.609184375 -0.34655250000000004 -9.68625875
v 0.610300625 -0.37825937499999995 -9.753548125
v 0.64477625 -0.37825937499999995 -9.77319875
v 0.718621875 -0.34655250000000004 -9.748638125000001
v 0.6035675 0.2983231249999999 -9.60303125
v 0.603168125 0.05519062500000005 -9.505285625
v 0.8973175 0.3108231250000001 -9.762406250000002
v 0.915668125 0.05519062500000005 -9.645910625
v 0.60337625 0.41204874999999996 -9.595086250000001
v 0.6035675 0.2983231249999999 -9.60303125
v 0.89454875 0.5077725000000001 -9.756250000000001
v 0.8973175 0.3108231250000001 -9.762406250000002
v 0.25 0.3172281250000001 -9.028136250000001
v 0.25 -0.507771875 -9.021886250000001
v 0.65625 0.3172281250000001 -9.028136250000001
v 0.6 -0.507771875 -9.021886250000001
v 0.25 0.4218749999999999 -9.934375000000001
v 0.25 0.3172281250000001 -9.028136250000001
v 0.89454875 0.5077725000000001 -9.756250000000001
v 0.65625 0.3172281250000001 -9.028136250000001
v 0.6625 0.45624999999999993 -9.859375
v 0.602430625 0.3172281250000001 -9.028136250000001
v 0.60337625 0.41204874999999996 -9.595086250000001
v 0.59919 0.3189281249999999 -9.03830125
v 0.6 -0.507771875 -9.021886250000001
v 0.60337625 0.41204874999999996 -9.595086250000001
v 0.6035675 0.2983231249999999 -9.60303125
v 0.603168125 0.05519062500000005 -9.505285625
v 0.604675 -0.07920000000000005 -9.482193125
v 0.6064375 -0.233615625 -9.537654375
v 0.609184375 -0.34655250000000004 -9.68625875
v 0.610300625 -0.37825937499999995 -9.753548125
v 0.25 1.0343749999999998 -9.571875
v 0.25 0.9968750000000001 -9.753125
v 0.89454875 1.0952725 -9.525
v 0.6625 1.0437500000000002 -9.653125000000001
v 0.25 0.9968750000000001 -9.753125
v 0.25 0.4218749999999999 -9.934375000000001
v 0.6625 1.0437500000000002 -9.653125000000001
v 0.6625 0.45624999999999993 -9.859375
v 0.6625 0.55970375 -9.82305625
v 0.65403 0.55981 -9.824734375
v 0.594059375 0.59401125 -9.824873125
v 0.559728125 0.65267625 -9.81123125
v 0.56006875 0.720835625 -9.78723375
v 0.592944375 0.77987 -9.759850625
v 0.65177625 0.813958125 -9.735968125000001
v 0.6625 0.814480625 -9.733613125000002
v 0.6625 1.0437500000000002 -9.653125000000001
v 0.6625 0.45624999999999993 -9.859375
v 0.89454875 1.0952725 -9.525
v 0.89454875 0.5077725000000001 -9.756250000000001
v 0.6625 0.814480625 -9.733613125000002
v 0.72093 0.81416375 -9.712311875000001
v 0.78063375 0.7804531250000001 -9.70186
v 0.814115 0.7211943749999999 -9.709625
v 0.81462125 0.651660625 -9.735026875
v 0.780205 0.5937487499999999 -9.767969375
v 0.721769375 0.559518125 -9.801401250000001
v 0.6625 0.55970375 -9.82305625
v 0.89454875 1.0952725 -9.525
v 0.89454875 0.5077725000000001 -9.756250000000001
v 1.080386875 1.1555825 -9.387500000000001
v 1.171875 0.5624999999999999 -9.5
v 1.04341625 0.5454131249999999 -9.664330000000001
v 1.0865225 0.990746875 -9.4625
v 1.140115 0.75328125 -9.5
v 0.25 1.390625 -9.359375
v 0.25 1.0343749999999998 -9.571875
v 0.89454875 1.3863112499999999 -9.355227500000002
v 0.89454875 1.0952725 -9.525
v 0.6875 0.6874999999999999 -9.6125
v 0.65400625 0.5624999999999999 -9.6125
v 0.59599375 0.59599375 -9.6125
v 0.5625 0.65400625 -9.6125
v 0.5625 0.72099375 -9.6125
v 0.59599375 0.77900625 -9.6125
v 0.65400625 0.8124999999999999 -9.6125
v 0.72099375 0.8124999999999999 -9.6125
v 0.77900625 0.77900625 -9.6125
v 0.8125 0.72099375 -9.6125
v 0.8125 0.65400625 -9.6125
v 0.77900625 0.59599375 -9.6125
v 0.72099375 0.5624999999999999 -9.6125
v 0.594059375 0.59401125 -9.824873125
v 0.65403 0.55981 -9.824734375
v 0.559728125 0.65267625 -9.81123125
v 0.56006875 0.720835625 -9.78723375
v 0.592944375 0.77987 -9.759850625
v 0.65177625 0.813958125 -9.735968125000001
v 0.72093 0.81416375 -9.712311875000001
v 0.78063375 0.7804531250000001 -9.70186
v 0.814115 0.7211943749999999 -9.709625
v 0.81462125 0.651660625 -9.735026875
v 0.780205 0.5937487499999999 -9.767969375
v 0.721769375 0.559518125 -9.801401250000001
v 0.6625 0.814480625 -9.733613125000002
v 0.6625 0.55970375 -9.82305625
v 0.29375 0.2499999999999999 -9.5625
v 0.29375 0.2499999999999999 -10.03125
v 0.29375 -0.15625 -9.5625
v 0.29375 -0.15625 -10.03125
v -0.29375 0.2499999999999999 -9.5625
v -0.29375 0.2499999999999999 -10.03125
v -0.29375 -0.15625 -9.5625
v -0.29375 -0.15625 -10.03125
v 0.2625 0.3124999999999999 -9.765625
v 0.2625 0.3124999999999999 -9.984375
v 0.2625 0.09375 -9.765625
v 0.2625 0.09375 -9.984375
v -0.2625 0.3124999999999999 -9.765625
v -0.2625 0.3124999999999999 -9.984375
v -0.2625 0.09375 -9.765625
v -0.2625 0.09375 -9.984375
v 0 0.05625000000000002 -9.8125
v 0 0.05625000000000002 -9.015625
v 0.06472125 -0.09999999999999998 -9.8125
v 0.06472125 -0.09999999999999998 -9.015625
v 0.15625 -0.008471250000000041 -9.8125
v 0.15625 -0.008471250000000041 -9.015625
v 0.15625 0.12097125000000009 -9.8125
v 0.15625 0.12097125000000009 -9.015625
v 0.06472125 0.21250000000000002 -9.8125
v 0.06472125 0.21250000000000002 -9.015625
v -0.06472125 0.21250000000000002 -9.8125
v -0.06472125 0.21250000000000002 -9.015625
v -0.15625 0.12097125000000009 -9.8125
v -0.15625 0.12097125000000009 -9.015625
v -0.15625 -0.008471250000000041 -9.8125
v -0.15625 -0.008471250000000041 -9.015625
v -0.06472125 -0.09999999999999998 -9.8125
v -0.06472125 -0.09999999999999998 -9.015625
v 0.25 0.2499999999999999 -9.984375
v 0.25 0.2499999999999999 -10.078125
v 0.25 -0.09375 -9.984375
v 0.25 -0.09375 -10.078125
v -0.25 0.2499999999999999 -9.984375
v -0.25 0.2499999999999999 -10.078125
v -0.25 -0.09375 -9.984375
v -0.25 -0.09375 -10.078125
v 0.16875 0 -9.0625
v 0.16875 0 -9.53125
v 0.16875 -0.28125 -9.0625
v 0.16875 -0.28125 -9.53125
v -0.16875 0 -9.0625
v -0.16875 0 -9.53125
v -0.16875 -0.28125 -9.0625
v -0.16875 -0.28125 -9.53125
v -0.109375 0.078125 -10.07951375
v -0.109375 0.078125 -9.95451375
v -0.090726875 0.1718749999999999 -10.07951375
v -0.05627 0.15760249999999998 -10.07951375
v -0.0298975 0.13123000000000007 -10.07951375
v -0.015625 0.09677312500000002 -10.07951375
v -0.015625 0.059476874999999985 -10.07951375
v -0.0298975 0.025020000000000042 -10.07951375
v -0.05627 -0.0013524999999999787 -10.07951375
v -0.090726875 -0.015625 -10.07951375
v -0.128023125 -0.015625 -10.07951375
v -0.16248 -0.0013524999999999787 -10.07951375
v -0.1888525 0.025020000000000042 -10.07951375
v -0.203125 0.059476874999999985 -10.07951375
v -0.203125 0.09677312500000002 -10.07951375
v -0.1888525 0.13123000000000007 -10.07951375
v -0.16248 0.15760249999999998 -10.07951375
v -0.128023125 0.1718749999999999 -10.07951375
v 0.109375 0.078125 -10.078125
v 0.109375 0.078125 -10.203125
v 0.128023125 0.1718749999999999 -10.078125
v 0.16248 0.15760249999999998 -10.078125
v 0.1888525 0.13123000000000007 -10.078125
v 0.203125 0.09677312500000002 -10.078125
v 0.203125 0.059476874999999985 -10.078125
v 0.1888525 0.025020000000000042 -10.078125
v 0.16248 -0.0013524999999999787 -10.078125
v 0.128023125 -0.015625 -10.078125
v 0.090726875 -0.015625 -10.078125
v 0.05627 -0.0013524999999999787 -10.078125
v 0.0298975 0.025020000000000042 -10.078125
v 0.015625 0.059476874999999985 -10.078125
v 0.015625 0.09677312500000002 -10.078125
v 0.0298975 0.13123000000000007 -10.078125
v 0.05627 0.15760249999999998 -10.078125
v 0.090726875 0.1718749999999999 -10.078125
v -0.89454875 1.5452725000000003 -9.262500000000001
v -1.080386875 1.3618325000000002 -9.262500000000001
v -0.89454875 1.3863112499999999 -9.355227500000002
v 0.89454875 1.5452725000000003 -9.262500000000001
v 1.080386875 1.3618325000000002 -9.262500000000001
v 0.89454875 1.3863112499999999 -9.355227500000002
v 0.81903875 -0.679165625 -9.387551250000001
v -0.81903875 -0.679165625 -9.387551250000001
v 1.019455625 -0.679165625 -8.632460625
v -1.019455625 -0.679165625 -8.632460625
v 0.962788125 -0.679165625 -8.943698750000001
v -0.962788125 -0.679165625 -8.943698750000001
v 0.58418125 -0.683670625 -9.554059375000001
v -0.58418125 -0.683670625 -9.554059375000001
v 0.81903875 -0.679165625 -9.387551250000001
v -0.81903875 -0.679165625 -9.387551250000001
v 0.25 -0.695271875 -9.56563625
v -0.25 -0.695271875 -9.56563625
v 1.019455625 -0.679165625 -8.632460625
v -1.019455625 -0.679165625 -8.632460625
v 1.1961875 -0.519790625 -8.471224375
v -1.1961875 -0.519790625 -8.471224375
v 1.1961875 -0.519790625 -8.471224375
v -1.1961875 -0.519790625 -8.471224375
v 1.3836875 -0.01979062499999995 -8.471224375
v -1.3836875 -0.01979062499999995 -8.471224375
v 1.3211875 -0.17604062499999995 -8.471224375
v -1.3211875 -0.17604062499999995 -8.471224375
v 1.450195625 -0.184640625 -6.437500000000001
v -1.450195625 -0.184640625 -6.437500000000001
v -1.450258125 -0.18464625 -7.562500000000001
v 1.450258125 -0.18464625 -7.562500000000001
v -1.515625 1.3125 -6.437500000000001
v -1.515625 1.3125 -8.0625
v -1.515625 0.5624999999999999 -6.437500000000001
v -1.515625 0.5624999999999999 -8.0625
v 0.154185625 2.670273125 -8.068750000000001
v 0.113155 2.627735 -8.129721250000001
v 0.045458125 2.594196875 -8.1777925
v -0.042734375 2.594196875 -8.1777925
v -0.108568125 2.624629375 -8.1341725
v -0.152664375 2.670273125 -8.068750000000001
v -0.151584375 2.826523125 -7.800000000000001
v -0.093900625 2.8766275 -7.693256250000001
v -0.022130625 2.900774375 -7.6418131250000005
v 0.02348 2.900774375 -7.6418131250000005
v 0.099274375 2.8772981250000003 -7.691826875
v 0.154275625 2.826523125 -7.800000000000001
v 0.25 0.9968750000000001 -9.753125
v 0.25 0.4218749999999999 -9.934375000000001
v -0.25 0.9968750000000001 -9.753125
v -0.25 0.4218749999999999 -9.934375000000001
v 0.5 0.946875 -9.728125
v 0.5 0.49687500000000007 -9.871875000000001
v -0.5 0.946875 -9.728125
v -0.5 0.49687500000000007 -9.871875000000001
v -0.249928125 0.946875 -9.771875000000001
v -0.250710625 0.49687500000000007 -9.915625
v 0.25076 0.946875 -9.771875000000001
v 0.2499775 0.49687500000000007 -9.915625
v 0.88829875 2.826523125 -7.800000000000001
v 0.89454875 2.670273125 -8.068750000000001
v -0.88829875 2.826523125 -7.800000000000001
v -0.89454875 2.670273125 -8.068750000000001
v 0.154185625 2.670273125 -8.068750000000001
v 0.17234125 2.7180387500000003 -7.9865925
v 0.17234125 2.7789975 -7.881743750000001
v 0.154275625 2.826523125 -7.800000000000001
v -0.151584375 2.826523125 -7.800000000000001
v -0.173158125 2.780581875 -7.879018125000001
v -0.1743325 2.717953125 -7.986740000000001
v -0.152664375 2.670273125 -8.068750000000001
v -1.509375 0.9374999999999999 -8.125
v -1.446875 0.9374999999999999 -8.693750000000001
v -1.509375 0.5624999999999999 -8.125
v -1.446875 0.5624999999999999 -8.693750000000001
v 1.515625 0.5624999999999999 -6.437500000000001
v 1.515625 0.5624999999999999 -8.0625
v 1.450258125 -0.18464625 -6.437500000000001
v 1.450258125 -0.18464625 -8.0625
v 1.515625 1.3125 -6.437500000000001
v 1.515625 1.3125 -8.0625
v 1.515625 0.5624999999999999 -6.437500000000001
v 1.515625 0.5624999999999999 -8.0625
v 1.390670625 2.2407387500000002 -6.437500000000001
v 1.328170625 2.240739375 -8.0625
v 1.477494375 1.748335 -6.437500000000001
v 1.439994375 1.748335 -8.0625
v 1.390670625 2.2407387500000002 -6.437500000000001
v 1.328170625 2.240739375 -8.0625
v 1.29884 2.4095987500000002 -7.787814375000001
v 1.325965625 2.482220625 -6.437500000000001
v 1.309789375 2.5425906250000003 -6.437500000000001
v 1.2797875 2.49498875 -7.635621250000001
v 1.477494375 1.748335 -6.437500000000001
v 1.43999375 1.7483343750000002 -8.0625
v 1.515625 1.3125 -6.437500000000001
v 1.515625 1.3125 -8.0625
v 1.509375 0.9374999999999999 -8.125
v 1.446875 0.9374999999999999 -8.693750000000001
v 1.509375 0.5624999999999999 -8.125
v 1.446875 0.5624999999999999 -8.693750000000001
v 0.03125 1.2919412500000003 -9.394618750000001
v 0.03125 1.3241312500000002 -9.44819125
v 0.03125 1.2383687500000002 -9.426808750000001
v 0.03125 1.2705587500000002 -9.48038125
v -0.03125 1.2919412500000003 -9.394618750000001
v -0.03125 1.3241312500000002 -9.44819125
v -0.03125 1.2383687500000002 -9.426808750000001
v -0.03125 1.2705587500000002 -9.48038125
v 0.580406875 1.909951875 -8.972537500000001
v -0.03125 1.3241312500000002 -9.44819125
v 0.59599625 1.9102937500000001 -8.972199375
v -0.017015625 1.3243131250000002 -9.447866875
v 0.21919375 1.556356875 -9.27083
v 0.2048025 1.5564625000000003 -9.270875625
v 0.627281875 1.909951875 -8.972537500000001
v 0.015625 1.3241312500000002 -9.44819125
v 0.64287125 1.9102937500000001 -8.972199375
v 0.029859375 1.3243131250000002 -9.447866875
v 0.26606875 1.556356875 -9.27083
v 0.2516775 1.5564625000000003 -9.270875625
v 0.580406875 1.909951875 -8.972537500000001
v -0.03125 1.3241312500000002 -9.44819125
v 0.59599625 1.9102937500000001 -8.972199375
v -0.017015625 1.3243131250000002 -9.447866875
v 0.21919375 1.556356875 -9.27083
v 0.2048025 1.5564625000000003 -9.270875625
v 0.627281875 1.909951875 -8.972537500000001
v 0.015625 1.3241312500000002 -9.44819125
v 0.64287125 1.9102937500000001 -8.972199375
v 0.029859375 1.3243131250000002 -9.447866875
v 0.26606875 1.556356875 -9.27083
v 0.2516775 1.5564625000000003 -9.270875625
v 0.581905625 1.940201875 -8.946703125
v 0.580406875 1.909951875 -8.972537500000001
v 0.644261875 1.9414450000000003 -8.945235625
v 0.642763125 1.9111950000000002 -8.971069375
v 0.62307125 1.4948175 -9.304011875
v 0.63341 1.911008125 -8.971289375000001
v 0.604364375 1.494444375 -9.304451875000002
v 0.59599625 1.9102631250000002 -8.97217125
v 0.61083 2.298455625 -8.580697500000001
v 0.597495 1.9405131250000003 -8.946336875
v 0.62953625 2.298828125 -8.580256875
v 0.634908125 1.941258125 -8.945455625000001
v 0 2.75 -7.609375000000001
v 0.045458125 2.594196875 -8.1777925
v 0.02486375 2.625 -7.609375000000001
v 0.113155 2.627735 -8.129721250000001
v 0.070806875 2.6440300000000003 -7.609375000000001
v 0.154185625 2.670273125 -8.068750000000001
v 0.10597 2.6791931250000003 -7.609375000000001
v 0.17234125 2.7180387500000003 -7.9865925
v 0.125 2.7251362500000003 -7.609375000000001
v 0.17234125 2.7789975 -7.881743750000001
v 0.125 2.77486375 -7.609375000000001
v 0.154275625 2.826523125 -7.800000000000001
v 0.10597 2.820806875 -7.609375000000001
v 0.099274375 2.8772981250000003 -7.691826875
v 0.070806875 2.85597 -7.609375000000001
v 0.02348 2.900774375 -7.6418131250000005
v 0.02486375 2.875 -7.609375000000001
v -0.022130625 2.900774375 -7.6418131250000005
v -0.02486375 2.875 -7.609375000000001
v -0.093900625 2.8766275 -7.693256250000001
v -0.070806875 2.85597 -7.609375000000001
v -0.151584375 2.826523125 -7.800000000000001
v -0.10597 2.820806875 -7.609375000000001
v -0.173158125 2.780581875 -7.879018125000001
v -0.125 2.77486375 -7.609375000000001
v -0.1743325 2.717953125 -7.986740000000001
v -0.125 2.7251362500000003 -7.609375000000001
v -0.152664375 2.670273125 -8.068750000000001
v -0.10597 2.6791931250000003 -7.609375000000001
v -0.108568125 2.624629375 -8.1341725
v -0.070806875 2.6440300000000003 -7.609375000000001
v -0.042734375 2.594196875 -8.1777925
v -0.02486375 2.625 -7.609375000000001
v 0.62307125 1.4948175 -9.304011875
v 0.63341 1.911008125 -8.971289375000001
v 0.604364375 1.494444375 -9.304451875000002
v 0.59599625 1.9102631250000002 -8.97217125
v 0.61083 2.298455625 -8.580697500000001
v 0.597495 1.9405131250000003 -8.946336875
v 0.62953625 2.298828125 -8.580256875
v 0.634908125 1.941258125 -8.945455625000001
v 0.581905625 1.940201875 -8.946703125
v 0.580406875 1.909951875 -8.972537500000001
v 0.644261875 1.9414450000000003 -8.945235625
v 0.642763125 1.9111950000000002 -8.971069375
vt 0.75 0.14743589743589747
vt 0.75 0.16666666666666663
vt 0.6987179487179487 0.16666666666666663
vt 0.6987179487179487 0.14743589743589747
vt 0.8846153846153846 0.39743589743589747
vt 0.8846153846153846 0.41666666666666663
vt 0.8333333333333334 0.41666666666666663
vt 0.8333333333333334 0.39743589743589747
vt 0.5705128205128205 0.4487179487179487
vt 0.5705128205128205 0.3717948717948718
vt 0.6217948717948718 0.3717948717948718
vt 0.6217948717948718 0.4487179487179487
vt 0.5641025641025641 0.3653846153846154
vt 0.5641025641025641 0.4487179487179487
vt 0.5128205128205128 0.4487179487179487
vt 0.5128205128205128 0.3653846153846154
vt 0.1858974358974359 0.6217948717948718
vt 0.1858974358974359 0.717948717948718
vt 0.1346153846153846 0.717948717948718
vt 0.1346153846153846 0.6217948717948718
vt 0.5192307692307693 0.2564102564102564
vt 0.5192307692307693 0.3012820512820513
vt 0.46794871794871795 0.3012820512820513
vt 0.46794871794871795 0.2564102564102564
vt 0.391025641025641 0.14743589743589747
vt 0.391025641025641 0.16666666666666663
vt 0.33974358974358976 0.16666666666666663
vt 0.33974358974358976 0.14743589743589747
vt 0.7130628205128204 0.8525641025641025
vt 0.710498717948718 0.8846153846153846
vt 0.5346935897435897 0.8846153846153846
vt 0.5321294871794873 0.8525641025641025
vt 0.46153846153846156 0.9230769230769231
vt 0.46153846153846156 1
vt 0.28846153846153844 1
vt 0.28846153846153844 0.9230769230769231
vt 0.8122596153846154 0.7371794871794872
vt 0.6364544871794872 0.7371794871794872
vt 0.6161160256410256 0.7243589743589743
vt 0.832601923076923 0.7243589743589743
vt 0.7532751282051282 0.6730769230769231
vt 0.5367892307692308 0.6730769230769231
vt 0.5194669871794871 0.6538461538461539
vt 0.7705971153846154 0.6538461538461539
vt 0.8330966666666666 0.6217948717948718
vt 0.5819665384615385 0.6217948717948718
vt 0.5775823717948718 0.608974358974359
vt 0.8374817307692308 0.608974358974359
vt 0.4551282051282051 0.8397435897435898
vt 0.4551282051282051 0.9166666666666666
vt 0.28846153846153844 0.9166666666666666
vt 0.28846153846153844 0.8397435897435898
vt 0.7577439102564103 0.6794871794871795
vt 0.716888141025641 0.7104816025641025
vt 0.6925766025641026 0.6794871794871795
vt 0.8525641025641025 0.8189102564102564
vt 0.7638711538461538 0.8390284615384616
vt 0.7578832051282052 0.8189102564102564
vt 0.7873429487179487 0.20673076923076927
vt 0.8125 0.23704224358974357
vt 0.7580057051282052 0.23704224358974357
vt 0.8269230769230769 0.5504267307692308
vt 0.7322421794871795 0.5504267307692308
vt 0.7762229487179487 0.530448717948718
vt 0.1778846153846154 0.15038416666666676
vt 0.13059833333333332 0.16025641025641024
vt 0.1288579487179487 0.14102564102564108
vt 0.17733173076923078 0.14102564102564108
vt 0.15490955128205128 0.1130782051282051
vt 0.16346153846153846 0.07211538461538458
vt 0.16346153846153846 0.11429891025641037
vt 0.2085914102564103 0.16666666666666663
vt 0.21314102564102563 0.18467551282051287
vt 0.15237403846153846 0.18467551282051287
vt 0.14852974358974358 0.17045769230769225
vt 0.03990711538461538 0.13461538461538458
vt 0.060897435897435896 0.13461538461538458
vt 0.05304891025641025 0.1923076923076923
vt 0.041538141025641025 0.19176019230769237
vt 0.8551904487179487 0.2874238461538462
vt 0.8526947435897435 0.27403846153846156
vt 0.9134615384615384 0.27403846153846156
vt 0.8500478205128206 0.29807692307692313
vt 0.8557692307692307 0.32025141025641024
vt 0.7955588461538462 0.32025141025641024
vt 0.8022002564102565 0.2984611538461538
vt 0.8605769230769231 0.19101467948717943
vt 0.8114758974358974 0.19101467948717943
vt 0.808893141025641 0.16826923076923073
vt 0.8413347435897436 0.1686805769230768
vt 0.026417692307692305 0.23557692307692313
vt 0.0641025641025641 0.2498270512820513
vt 0.026417692307692305 0.3007041025641026
vt 0.7455422435897436 0.3621794871794872
vt 0.7596153846153846 0.3965879487179488
vt 0.6925805128205128 0.3965879487179488
vt 0.8589743589743589 0.8076923076923077
vt 0.796098717948718 0.8076923076923077
vt 0.7958141025641026 0.7852316025641026
vt 0.29569333333333336 0.8333333333333334
vt 0.2892503846153846 0.8058626282051282
vt 0.3525641025641026 0.8058626282051282
vt 0.776793717948718 0.9899593589743589
vt 0.8012820512820513 0.9342948717948718
vt 0.8012820512820513 0.9994220512820513
vt 0.6641476923076923 0.5328903205128205
vt 0.6842948717948718 0.5769230769230769
vt 0.6159751282051281 0.5769230769230769
vt 0.9022435897435898 0.37879012820512825
vt 0.8479117948717948 0.3910256410256411
vt 0.8339233974358974 0.37879012820512825
vt 0.12179487179487179 0.23076923076923073
vt 0.0970723717948718 0.22557294871794875
vt 0.12179487179487179 0.16550448717948718
vt 0.19374826923076924 0.388710576923077
vt 0.2644230769230769 0.41907884615384616
vt 0.19374826923076924 0.4871794871794872
vt 0.7211538461538461 0.34935897435897434
vt 0.6375554487179488 0.3835695512820513
vt 0.6230076923076923 0.34935897435897434
vt 0.1858974358974359 0.4157764102564102
vt 0.14869910256410257 0.40029871794871796
vt 0.1858974358974359 0.3173076923076923
vt 0.5794020512820512 0.6820117307692308
vt 0.6153846153846154 0.75
vt 0.5131896153846154 0.75
vt 0.6442307692307693 0.6025641025641026
vt 0.5527095512820512 0.6025641025641026
vt 0.5542229487179487 0.5541651923076922
vt 0.15486480769230768 0.3076923076923077
vt 0.15486480769230768 0.2785735897435898
vt 0.24519230769230768 0.27858153846153844
vt 0.372515641025641 0.3479769230769231
vt 0.4150641025641026 0.3637247435897436
vt 0.372515641025641 0.4423076923076923
vt 0.8974358974358975 0.20475467948717951
vt 0.8244312179487179 0.21794871794871795
vt 0.8080730128205128 0.20475467948717951
vt 0.5560897435897436 0.32692307692307687
vt 0.5271915384615384 0.31943115384615384
vt 0.5560897435897436 0.23259224358974362
vt 0.5064102564102564 0.4487179487179487
vt 0.5064102564102564 0.4932537820512821
vt 0.33974358974358976 0.4935897435897436
vt 0.33983134615384614 0.4487179487179487
vt 0.21794871794871795 0.4988873076923077
vt 0.21794871794871795 0.5501694230769231
vt 0.05128205128205128 0.5512820512820513
vt 0.05137820512820513 0.49955467948717946
vt 0.8057738461538462 0.6282051282051282
vt 0.8141025641025641 0.6538461538461539
vt 0.766765 0.6432741025641026
vt 0.7501589102564102 0.6282051282051282
vt 0.6474358974358975 0.19821096153846163
vt 0.6474358974358975 0.25
vt 0.609554358974359 0.22479942307692302
vt 0.7862402564102564 0.7692307692307692
vt 0.7511328205128205 0.7444378846153845
vt 0.8253205128205128 0.7444378846153845
vt 0.6987179487179487 0.7564103205128205
vt 0.6987179487179487 0.782051282051282
vt 0.5602611538461538 0.7755771153846154
vt 0.532051282051282 0.7580698076923077
vt 0.8788117307692307 0.878224423076923
vt 0.8795133333333334 0.891025641025641
vt 0.8024598076923076 0.891025641025641
vt 0.7759353846153846 0.8785041666666666
vt 0.9466151923076922 0.6923076923076923
vt 0.9469146153846154 0.696894358974359
vt 0.8239081410256411 0.6987179487179487
vt 0.8078930769230769 0.6923076923076923
vt 0.8800698717948717 0.3589913461538462
vt 0.8807364102564103 0.3717948717948718
vt 0.7778389102564103 0.3717948717948718
vt 0.7570841025641025 0.36185500000000004
vt 0.8336490384615385 0.8461538461538461
vt 0.8347503846153845 0.8717948717948718
vt 0.7576964102564103 0.8717948717948718
vt 0.7565957692307693 0.8461538461538461
vt 0.4809469871794872 0.22439871794871802
vt 0.4823717948717949 0.25
vt 0.40512628205128204 0.25
vt 0.40393532051282055 0.225948782051282
vt 0.8799140384615385 0.8480905128205128
vt 0.8846153846153846 0.8717948717948718
vt 0.8521757051282052 0.8717948717948718
vt 0.8473221153846154 0.8477684615384615
vt 0.7918872435897436 0.14294339743589746
vt 0.7980769230769231 0.16666666666666663
vt 0.7633728846153846 0.16666666666666663
vt 0.7569220512820513 0.14319076923076923
vt 0.8401601282051282 0.1371108333333333
vt 0.8477564102564102 0.16025641025641024
vt 0.8158659615384616 0.16025641025641024
vt 0.8086050641025642 0.1379433333333333
vt 0.8863998076923076 0.1282051282051282
vt 0.8942307692307693 0.14743589743589747
vt 0.8606210256410256 0.14743589743589747
vt 0.8527900641025641 0.1282051282051282
vt 0.7884615384615384 0.2485044230769231
vt 0.7884615384615384 0.2872669871794872
vt 0.7564102564102564 0.3012820512820513
vt 0.7567697435897436 0.2618767307692308
vt 0.6200699358974359 0.15880621794871808
vt 0.6314102564102564 0.1898073076923077
vt 0.6038109615384615 0.20512820512820518
vt 0.6038109615384615 0.1663950641025641
vt 0.27953038461538465 0.16238589743589749
vt 0.28525641025641024 0.1923076923076923
vt 0.25028089743589743 0.1923076923076923
vt 0.25676666666666664 0.1600333974358975
vt 0.32393275641025643 0.14819576923076916
vt 0.3301282051282051 0.17307692307692313
vt 0.2975304487179487 0.17307692307692313
vt 0.2953558333333333 0.14304480769230765
vt 0.4383541666666667 0.14102564102564108
vt 0.44711538461538464 0.16025641025641024
vt 0.4070630769230769 0.16025641025641024
vt 0.398301282051282 0.14102564102564108
vt 0.21474358974358973 0.1955611538461539
vt 0.18212121794871797 0.21794871794871795
vt 0.14890903846153847 0.1955611538461539
vt 0.8541666666666666 0.9743589743589743
vt 0.8088390384615385 0.9743589743589743
vt 0.8191916666666667 0.9481097435897436
vt 0.7120203205128205 0.1742196153846154
vt 0.7435897435897436 0.20338378205128205
vt 0.7120203205128205 0.21794871794871795
vt 0.8034898076923077 0.9004261538461539
vt 0.842948717948718 0.9230769230769231
vt 0.7771141666666667 0.9230769230769231
vt 0.45025775641025645 0.16666666666666663
vt 0.4599358974358974 0.1858974358974359
vt 0.41460865384615386 0.1858974358974359
vt 0.4049303205128205 0.16666666666666663
vt 0.45903724358974357 0.19697076923076928
vt 0.46955128205128205 0.21794871794871795
vt 0.41948583333333334 0.21794871794871795
vt 0.40503211538461537 0.19560006410256414
vt 0.8253205128205128 0.3831485897435898
vt 0.8174893589743589 0.41025641025641024
vt 0.7633842948717949 0.41025641025641024
vt 0.8044132051282051 0.3844423076923077
vt 0.894812564102564 0.6858974358974359
vt 0.8602547435897435 0.6858974358974359
vt 0.8727033333333333 0.6647914743589743
vt 0.8974358974358975 0.6646125641025642
vt 0.28846153846153844 0.12625493589743597
vt 0.28846153846153844 0.14649544871794862
vt 0.25 0.14097878205128211
vt 0.25035993589743594 0.1233974358974359
vt 0.924864358974359 0.9310897435897436
vt 0.9237071794871795 0.9349916666666667
vt 0.9038461538461539 0.9310897435897436
vt 0.4775641025641026 0.34615384615384615
vt 0.47013724358974357 0.36445807692307686
vt 0.4610186538461538 0.3653846153846154
vt 0.44310358974358977 0.34615384615384615
vt 0.9310897435897436 0.9423076923076923
vt 0.9252560897435896 0.9486526282051282
vt 0.9052182692307691 0.9423076923076923
vt 0.36204839743589745 0.12019230769230771
vt 0.36538461538461536 0.1402726282051282
vt 0.32830230769230767 0.1402726282051282
vt 0.3277759615384615 0.12161717948717954
vt 0.6794871794871795 0.33974358974358976
vt 0.6032713461538461 0.33974358974358976
vt 0.6027737820512821 0.30384891025641025
vt 0.5834583333333333 0.3241897435897436
vt 0.5977564102564102 0.3589743589743589
vt 0.5130605128205128 0.3589743589743589
vt 0.6794871794871795 0.12043865384615393
vt 0.6794871794871795 0.1342777564102564
vt 0.6419866025641026 0.13461538461538458
vt 0.6410256410256411 0.12109141025641035
vt 0.821154423076923 0.08653846153846156
vt 0.8333333333333334 0.09262730769230765
vt 0.821154423076923 0.10243775641025643
vt 0.011834807692307693 0.08493589743589747
vt 0.017628205128205128 0.09495826923076922
vt 0.0008633974358974359 0.09495826923076922
vt 0.7535382692307692 0.21638762820512814
vt 0.750387435897436 0.20833333333333337
vt 0.7660256410256411 0.20833333333333337
vt 0.10047820512820513 0.16025641025641024
vt 0.10897435897435898 0.17243294871794868
vt 0.09095865384615386 0.17243294871794868
vt 0.36538461538461536 0.34615384615384615
vt 0.3552104487179487 0.3583720512820513
vt 0.3473691666666667 0.34615384615384615
vt 0.5544871794871795 0.8457921794871794
vt 0.532610641025641 0.8457921794871794
vt 0.5470346794871795 0.8333333333333334
vt 0.7715223076923077 0.0887560256410257
vt 0.7724358974358975 0.10256410256410253
vt 0.7583335256410256 0.10256410256410253
vt 0.7575398076923077 0.08881371794871795
vt 0.9208161538461539 0.9716530769230769
vt 0.9230769230769231 0.9800015384615385
vt 0.906639935897436 0.9800015384615385
vt 0.898980576923077 0.9711538461538461
vt 0.07852564102564102 0.07692307692307687
vt 0.058414871794871794 0.07692307692307687
vt 0.06711570512820512 0.0740414102564102
vt 0.8529762820512821 0.6149170512820512
vt 0.882380641025641 0.6121794871794872
vt 0.8878205128205128 0.6343041025641025
vt 0.8475066666666666 0.6343041025641025
vt 0.8301282051282052 0.11378205128205132
vt 0.8217371153846154 0.12676256410256403
vt 0.7897079487179487 0.11378205128205132
vt 0.18108974358974358 0.4246794871794872
vt 0.18108974358974358 0.44165333333333334
vt 0.1668970512820513 0.4336035897435898
vt 0.38948756410256413 0.09937307692307684
vt 0.3926282051282051 0.11538461538461542
vt 0.3785807692307692 0.11538461538461542
vt 0.37307653846153843 0.09956269230769232
vt 0.2509905769230769 0.10256410256410253
vt 0.27724358974358976 0.10256410256410253
vt 0.2742228205128205 0.11538461538461542
vt 0.26042230769230773 0.11459397435897423
vt 0.8910256410256411 0.09772006410256406
vt 0.8910256410256411 0.1217948717948718
vt 0.8719180128205127 0.11795846153846157
vt 0.8717948717948718 0.0977854487179487
vt 0.1987179487179487 0.09933249999999993
vt 0.1987179487179487 0.1217948717948718
vt 0.1794871794871795 0.11962384615384614
vt 0.1802151282051282 0.09556012820512816
vt 0.46794871794871795 0.1128089743589743
vt 0.46794871794871795 0.14102564102564108
vt 0.44871794871794873 0.13724576923076914
vt 0.4545624358974359 0.11106717948717948
vt 0.30844634615384614 0.10096153846153844
vt 0.3125 0.12765064102564105
vt 0.2952088461538461 0.13305102564102556
vt 0.2952088461538461 0.10438339743589731
vt 0.7221726282051282 0.5512820512820513
vt 0.6858974358974359 0.5512820512820513
vt 0.688871282051282 0.532051282051282
vt 0.7195126282051282 0.532051282051282
vt 0.37968647435897435 0.641025641025641
vt 0.38961570512820515 0.6602564102564102
vt 0.358974358974359 0.6602564102564102
vt 0.3667669230769231 0.641025641025641
vt 0.3409203205128205 0.8269230769230769
vt 0.3462526923076923 0.8333333333333334
vt 0.3333333333333333 0.8333333333333334
vt 0.3368503846153846 0.8269230769230769
vt 0.5927902564102564 0.14102564102564108
vt 0.5959810256410256 0.16666666666666663
vt 0.5617509615384615 0.1644719871794873
vt 0.5576923076923077 0.14102564102564108
vt 0.7307692307692307 0.12053974358974362
vt 0.7307692307692307 0.14075205128205137
vt 0.6987179487179487 0.13187564102564098
vt 0.6988123717948718 0.12019230769230771
vt 0.30592974358974356 0.32692307692307687
vt 0.31169884615384613 0.41025641025641024
vt 0.2700319230769231 0.41025641025641024
vt 0.2700319230769231 0.32692307692307687
vt 0.5905211538461539 0.20833333333333337
vt 0.6153846153846154 0.2853915384615384
vt 0.5905211538461539 0.29477538461538466
vt 0.4601675 0.40659102564102567
vt 0.46634615384615385 0.43404833333333337
vt 0.42381205128205135 0.4412880128205128
vt 0.42381205128205135 0.34775641025641024
vt 0.7121545512820513 0.22916666666666663
vt 0.748301217948718 0.22916666666666663
vt 0.7483974358974359 0.2881232051282051
vt 0.5068014102564102 0.1519053846153846
vt 0.5068014102564102 0.09294871794871795
vt 0.512321217948718 0.09295801282051286
vt 0.5128205128205128 0.17939794871794867
vt 0.8529177564102565 0.7900641025641025
vt 0.9291335256410256 0.7900641025641025
vt 0.9229036538461539 0.7944691666666667
vt 0.8010676923076924 0.7056339743589743
vt 0.8021876282051282 0.7172726282051283
vt 0.7442867307692307 0.7172726282051283
vt 0.7870666025641027 0.6826923076923077
vt 0.15538416666666668 0.44105307692307694
vt 0.0705773717948718 0.44105307692307694
vt 0.11546198717948719 0.39472108974358977
vt 0.1292898076923077 0.3926282051282052
vt 0.25078666666666666 0.29807692307692313
vt 0.2574140384615385 0.31354621794871795
vt 0.19290647435897434 0.31354621794871795
vt 0.8972419230769231 0.5352564102564102
vt 0.8851593589743589 0.5501077564102564
vt 0.8271170512820513 0.5352564102564102
vt 0.8444839102564102 0.4690141025641026
vt 0.8695609615384615 0.4807692307692307
vt 0.8029850641025641 0.4807692307692307
vt 0.8012820512820513 0.46189249999999993
vt 0.8461538461538461 0.5256410256410257
vt 0.8023563461538462 0.5256410256410257
vt 0.8337286538461538 0.4982760897435897
vt 0.8405148717948717 0.5012060256410257
vt 0.5272435897435898 0.22194653846153845
vt 0.4950232692307692 0.25
vt 0.4950232692307692 0.18816493589743588
vt 0.5271692948717949 0.21453916666666661
vt 0.6801503846153846 0.5961538461538461
vt 0.6421023076923077 0.5833333333333333
vt 0.685248141025641 0.5833333333333333
vt 0.6858974358974359 0.5920229487179487
vt 0.9118589743589743 0.07692307692307687
vt 0.9109730128205129 0.07692307692307687
vt 0.9112705128205127 0.06569326923076935
vt 0.5801282051282052 0.10827442307692303
vt 0.5801282051282052 0.11538461538461542
vt 0.5391039102564102 0.10860076923076922
vt 0.20586660256410255 0.07907294871794868
vt 0.21314102564102563 0.08080532051282041
vt 0.20586660256410255 0.1217948717948718
vt 0.8274869230769232 0.07692307692307687
vt 0.8276669871794872 0.07581032051282055
vt 0.8525641025641025 0.07692307692307687
vt 0.6227434615384616 0.7435897435897436
vt 0.6875 0.7435897435897436
vt 0.6448632692307692 0.75
vt 0.637273141025641 0.7498778205128205
vt 0.5528846153846154 0.6794871794871795
vt 0.5351914102564103 0.6987179487179487
vt 0.5145794230769231 0.6844916025641026
vt 0.5140525 0.6794871794871795
vt 0.6003290384615385 0.561913141025641
vt 0.5904121153846155 0.5512820512820513
vt 0.6169871794871795 0.5512820512820513
vt 0.6077592948717949 0.5641025641025641
vt 0.025741153846153848 0.37973628205128207
vt 0.03205128205128205 0.37880128205128205
vt 0.03205128205128205 0.40384615384615385
vt 0.9037812179487179 0.9615384615384616
vt 0.8987338461538462 0.9566508333333333
vt 0.9423076923076923 0.9566508333333333
vt 0.3541666666666667 0.09615384615384615
vt 0.34752660256410256 0.09227217948717958
vt 0.3541666666666667 0.07913269230769227
vt 0.9246794871794872 0.8215975
vt 0.9210015384615385 0.8269230769230769
vt 0.9110967307692308 0.8215975
vt 0.5589630128205128 0.206498717948718
vt 0.5641025641025641 0.22435897435897434
vt 0.539981858974359 0.22004179487179487
vt 0.539981858974359 0.15996487179487184
vt 0.8798076923076923 0.782051282051282
vt 0.8150517948717948 0.782051282051282
vt 0.8220967948717948 0.7651019871794872
vt 0.4391025641025641 0.1019580769230769
vt 0.4391025641025641 0.1217948717948718
vt 0.41764282051282053 0.10239288461538454
vt 0.8934704487179488 0.4835842948717949
vt 0.9166666666666666 0.4935897435897436
vt 0.8663253205128205 0.4935897435897436
vt 0.7371794871794872 0.29219807692307687
vt 0.7371794871794872 0.3267557692307692
vt 0.6730769230769231 0.32692307692307687
vt 0.6730769230769231 0.2843797435897436
vt 0.9061992948717948 0.4358974358974359
vt 0.9044213461538462 0.42926102564102564
vt 0.9176940384615384 0.42926102564102564
vt 0.6223699358974358 0.2628205128205128
vt 0.6241482692307693 0.256183782051282
vt 0.6356428846153847 0.2628205128205128
vt 0.6547604487179487 0.09615384615384615
vt 0.6481241666666667 0.09437589743589747
vt 0.6547604487179487 0.08288108974358976
vt 0.5650170512820514 0.09615384615384615
vt 0.5583803846153845 0.09437570512820515
vt 0.5650170512820514 0.08288134615384612
vt 0.6739911538461538 0.09615384615384615
vt 0.667355 0.0943753205128206
vt 0.6739911538461538 0.08288089743589744
vt 0.9176941025641026 0.5446451923076924
vt 0.9159157051282051 0.5512820512820513
vt 0.904421282051282 0.5446451923076924
vt 0.9159157051282051 0.2049025
vt 0.9176941025641026 0.21153846153846156
vt 0.904421282051282 0.21153846153846156
vt 0.9176940384615384 0.4484916025641026
vt 0.9159154487179487 0.4551282051282052
vt 0.9044213461538462 0.4484916025641026
vt 0.9159160256410257 0.3395175641025642
vt 0.9176940384615384 0.34615384615384615
vt 0.9044213461538462 0.34615384615384615
vt 0.7058166025641025 0.08465935897435906
vt 0.7124526282051282 0.08288096153846147
vt 0.7124526282051282 0.09615384615384615
vt 0.6865857692307693 0.08288089743589744
vt 0.693221923076923 0.08465942307692309
vt 0.6865857692307693 0.09615384615384615
vt 0.6288933974358974 0.08465923076923076
vt 0.6355296794871794 0.08288089743589744
vt 0.6355296794871794 0.09615384615384615
vt 0.1118425 0.09615384615384615
vt 0.09005858974358974 0.09615384615384615
vt 0.09009666666666667 0.08907262820512818
vt 0.11186448717948717 0.08928333333333338
vt 0.9230769230769231 0.7110533333333333
vt 0.9230769230769231 0.7179242307692308
vt 0.9052447435897435 0.717948717948718
vt 0.9038461538461539 0.7109769230769231
vt 0.28846153846153844 0.08928333333333338
vt 0.28846153846153844 0.09615384615384615
vt 0.2716924358974359 0.09613942307692303
vt 0.2692307692307692 0.08914839743589742
vt 0.25064032051282054 0.07692307692307687
vt 0.25751115384615386 0.07692307692307687
vt 0.2574311538461539 0.09334788461538468
vt 0.2505016666666667 0.09615384615384615
vt 0.15453076923076922 0.7243589743589743
vt 0.16140134615384616 0.7243589743589743
vt 0.16127769230769232 0.7347307692307692
vt 0.15430378205128206 0.7371794871794872
vt 0.8530542948717948 0.0950819230769232
vt 0.8530542948717948 0.08821128205128215
vt 0.8622216666666668 0.08814102564102566
vt 0.863291858974359 0.09517294871794868
vt 0.29552192307692304 0.08333333333333337
vt 0.3054848076923077 0.08333333333333337
vt 0.30464391025641024 0.08974358974358976
vt 0.29547673076923076 0.08963762820512833
vt 0.4552542948717949 0.15251000000000003
vt 0.46782262820512815 0.15224358974358976
vt 0.46523166666666665 0.1593805128205128
vt 0.455268782051282 0.1593805128205128
vt 0.9044120512820513 0.596093782051282
vt 0.9044120512820513 0.5801464102564102
vt 0.9112930769230769 0.5835833333333333
vt 0.9112811538461539 0.5961538461538461
vt 0.9043871153846155 0.6858675641025641
vt 0.9043871153846155 0.6664907692307692
vt 0.9113180128205127 0.6699497435897436
vt 0.9112573717948718 0.6858974358974359
vt 0.5390325641025641 0.08333333333333337
vt 0.5459033333333334 0.08333333333333337
vt 0.5458959615384615 0.0939689102564103
vt 0.5399029487179487 0.09615384615384615
vt 0.8976886538461539 0.07676942307692314
vt 0.8976886538461539 0.0641025641025641
vt 0.8987857051282051 0.07650884615384623
vt 0.6994988461538462 0.18352750000000007
vt 0.7051282051282052 0.18572320512820517
vt 0.7051282051282052 0.20509987179487177
vt 0.6987179487179487 0.20512820512820518
vt 0.8593412820512821 0.05515384615384622
vt 0.8602099999999999 0.055325320512820575
vt 0.8593412820512821 0.07692307692307687
vt 0.716888141025641 0.7104816025641025
vt 0.7577439102564103 0.6794871794871795
vt 0.6925766025641026 0.6794871794871795
vt 0.7638711538461538 0.8390284615384616
vt 0.8525641025641025 0.8189102564102564
vt 0.7578832051282052 0.8189102564102564
vt 0.8125 0.23704224358974357
vt 0.7873429487179487 0.20673076923076927
vt 0.7580057051282052 0.23704224358974357
vt 0.7322421794871795 0.5504267307692308
vt 0.8269230769230769 0.5504267307692308
vt 0.7762229487179487 0.530448717948718
vt 0.1288579487179487 0.14102564102564108
vt 0.13059833333333332 0.16025641025641024
vt 0.1778846153846154 0.15038416666666676
vt 0.17733173076923078 0.14102564102564108
vt 0.16346153846153846 0.07211538461538458
vt 0.15490955128205128 0.1130782051282051
vt 0.16346153846153846 0.11429891025641037
vt 0.15237403846153846 0.18467551282051287
vt 0.21314102564102563 0.18467551282051287
vt 0.2085914102564103 0.16666666666666663
vt 0.14852974358974358 0.17045769230769225
vt 0.05304891025641025 0.1923076923076923
vt 0.060897435897435896 0.13461538461538458
vt 0.03990711538461538 0.13461538461538458
vt 0.041538141025641025 0.19176019230769237
vt 0.8526947435897435 0.27403846153846156
vt 0.8551904487179487 0.2874238461538462
vt 0.9134615384615384 0.27403846153846156
vt 0.7955588461538462 0.32025141025641024
vt 0.8557692307692307 0.32025141025641024
vt 0.8500478205128206 0.29807692307692313
vt 0.8022002564102565 0.2984611538461538
vt 0.808893141025641 0.16826923076923073
vt 0.8114758974358974 0.19101467948717943
vt 0.8605769230769231 0.19101467948717943
vt 0.8413347435897436 0.1686805769230768
vt 0.0641025641025641 0.2498270512820513
vt 0.026417692307692305 0.23557692307692313
vt 0.026417692307692305 0.3007041025641026
vt 0.7596153846153846 0.3965879487179488
vt 0.7455422435897436 0.3621794871794872
vt 0.6925805128205128 0.3965879487179488
vt 0.796098717948718 0.8076923076923077
vt 0.8589743589743589 0.8076923076923077
vt 0.7958141025641026 0.7852316025641026
vt 0.2892503846153846 0.8058626282051282
vt 0.29569333333333336 0.8333333333333334
vt 0.3525641025641026 0.8058626282051282
vt 0.8012820512820513 0.9342948717948718
vt 0.776793717948718 0.9899593589743589
vt 0.8012820512820513 0.9994220512820513
vt 0.7019230769230769 0.21696121794871792
vt 0.674064423076923 0.20848615384615388
vt 0.674064423076923 0.27564102564102566
vt 0.6842948717948718 0.5769230769230769
vt 0.6641476923076923 0.5328903205128205
vt 0.6159751282051281 0.5769230769230769
vt 0.8479117948717948 0.3910256410256411
vt 0.9022435897435898 0.37879012820512825
vt 0.8339233974358974 0.37879012820512825
vt 0.0970723717948718 0.22557294871794875
vt 0.12179487179487179 0.23076923076923073
vt 0.12179487179487179 0.16550448717948718
vt 0.6923076923076923 0.1315632692307691
vt 0.673774358974359 0.19164557692307693
vt 0.6923076923076923 0.19871794871794868
vt 0.2644230769230769 0.41907884615384616
vt 0.19374826923076924 0.388710576923077
vt 0.19374826923076924 0.4871794871794872
vt 0.6375554487179488 0.3835695512820513
vt 0.7211538461538461 0.34935897435897434
vt 0.6230076923076923 0.34935897435897434
vt 0.14869910256410257 0.40029871794871796
vt 0.1858974358974359 0.4157764102564102
vt 0.1858974358974359 0.3173076923076923
vt 0.6153846153846154 0.75
vt 0.5794020512820512 0.6820117307692308
vt 0.5131896153846154 0.75
vt 0.5527095512820512 0.6025641025641026
vt 0.6442307692307693 0.6025641025641026
vt 0.5542229487179487 0.5541651923076922
vt 0.15486480769230768 0.2785735897435898
vt 0.15486480769230768 0.3076923076923077
vt 0.24519230769230768 0.27858153846153844
vt 0.4150641025641026 0.3637247435897436
vt 0.372515641025641 0.3479769230769231
vt 0.372515641025641 0.4423076923076923
vt 0.8244312179487179 0.21794871794871795
vt 0.8974358974358975 0.20475467948717951
vt 0.8080730128205128 0.20475467948717951
vt 0.5271915384615384 0.31943115384615384
vt 0.5560897435897436 0.32692307692307687
vt 0.5560897435897436 0.23259224358974362
vt 0.766765 0.6432741025641026
vt 0.8141025641025641 0.6538461538461539
vt 0.8057738461538462 0.6282051282051282
vt 0.7501589102564102 0.6282051282051282
vt 0.6474358974358975 0.25
vt 0.6474358974358975 0.19821096153846163
vt 0.609554358974359 0.22479942307692302
vt 0.7511328205128205 0.7444378846153845
vt 0.7862402564102564 0.7692307692307692
vt 0.8253205128205128 0.7444378846153845
vt 0.8024598076923076 0.891025641025641
vt 0.8795133333333334 0.891025641025641
vt 0.8788117307692307 0.878224423076923
vt 0.7759353846153846 0.8785041666666666
vt 0.7778389102564103 0.3717948717948718
vt 0.8807364102564103 0.3717948717948718
vt 0.8800698717948717 0.3589913461538462
vt 0.7570841025641025 0.36185500000000004
vt 0.7576964102564103 0.8717948717948718
vt 0.8347503846153845 0.8717948717948718
vt 0.8336490384615385 0.8461538461538461
vt 0.7565957692307693 0.8461538461538461
vt 0.40512628205128204 0.25
vt 0.4823717948717949 0.25
vt 0.4809469871794872 0.22439871794871802
vt 0.40393532051282055 0.225948782051282
vt 0.8521757051282052 0.8717948717948718
vt 0.8846153846153846 0.8717948717948718
vt 0.8799140384615385 0.8480905128205128
vt 0.8473221153846154 0.8477684615384615
vt 0.7633728846153846 0.16666666666666663
vt 0.7980769230769231 0.16666666666666663
vt 0.7918872435897436 0.14294339743589746
vt 0.7569220512820513 0.14319076923076923
vt 0.8158659615384616 0.16025641025641024
vt 0.8477564102564102 0.16025641025641024
vt 0.8401601282051282 0.1371108333333333
vt 0.8086050641025642 0.1379433333333333
vt 0.8606210256410256 0.14743589743589747
vt 0.8942307692307693 0.14743589743589747
vt 0.8863998076923076 0.1282051282051282
vt 0.8527900641025641 0.1282051282051282
vt 0.7564102564102564 0.3012820512820513
vt 0.7884615384615384 0.2872669871794872
vt 0.7884615384615384 0.2485044230769231
vt 0.7567697435897436 0.2618767307692308
vt 0.6038109615384615 0.20512820512820518
vt 0.6314102564102564 0.1898073076923077
vt 0.6200699358974359 0.15880621794871808
vt 0.6038109615384615 0.1663950641025641
vt 0.25028089743589743 0.1923076923076923
vt 0.28525641025641024 0.1923076923076923
vt 0.27953038461538465 0.16238589743589749
vt 0.25676666666666664 0.1600333974358975
vt 0.2975304487179487 0.17307692307692313
vt 0.3301282051282051 0.17307692307692313
vt 0.32393275641025643 0.14819576923076916
vt 0.2953558333333333 0.14304480769230765
vt 0.4070630769230769 0.16025641025641024
vt 0.44711538461538464 0.16025641025641024
vt 0.4383541666666667 0.14102564102564108
vt 0.398301282051282 0.14102564102564108
vt 0.18212121794871797 0.21794871794871795
vt 0.21474358974358973 0.1955611538461539
vt 0.14890903846153847 0.1955611538461539
vt 0.8088390384615385 0.9743589743589743
vt 0.8541666666666666 0.9743589743589743
vt 0.8191916666666667 0.9481097435897436
vt 0.7435897435897436 0.20338378205128205
vt 0.7120203205128205 0.1742196153846154
vt 0.7120203205128205 0.21794871794871795
vt 0.842948717948718 0.9230769230769231
vt 0.8034898076923077 0.9004261538461539
vt 0.7771141666666667 0.9230769230769231
vt 0.41460865384615386 0.1858974358974359
vt 0.4599358974358974 0.1858974358974359
vt 0.45025775641025645 0.16666666666666663
vt 0.4049303205128205 0.16666666666666663
vt 0.41948583333333334 0.21794871794871795
vt 0.46955128205128205 0.21794871794871795
vt 0.45903724358974357 0.19697076923076928
vt 0.40503211538461537 0.19560006410256414
vt 0.7633842948717949 0.41025641025641024
vt 0.8174893589743589 0.41025641025641024
vt 0.8253205128205128 0.3831485897435898
vt 0.8044132051282051 0.3844423076923077
vt 0.8727033333333333 0.6647914743589743
vt 0.8602547435897435 0.6858974358974359
vt 0.894812564102564 0.6858974358974359
vt 0.8974358974358975 0.6646125641025642
vt 0.25 0.14097878205128211
vt 0.28846153846153844 0.14649544871794862
vt 0.28846153846153844 0.12625493589743597
vt 0.25035993589743594 0.1233974358974359
vt 0.9237071794871795 0.9349916666666667
vt 0.924864358974359 0.9310897435897436
vt 0.9038461538461539 0.9310897435897436
vt 0.4610186538461538 0.3653846153846154
vt 0.47013724358974357 0.36445807692307686
vt 0.4775641025641026 0.34615384615384615
vt 0.44310358974358977 0.34615384615384615
vt 0.9252560897435896 0.9486526282051282
vt 0.9310897435897436 0.9423076923076923
vt 0.9052182692307691 0.9423076923076923
vt 0.32830230769230767 0.1402726282051282
vt 0.36538461538461536 0.1402726282051282
vt 0.36204839743589745 0.12019230769230771
vt 0.3277759615384615 0.12161717948717954
vt 0.6032713461538461 0.33974358974358976
vt 0.6794871794871795 0.33974358974358976
vt 0.6027737820512821 0.30384891025641025
vt 0.5977564102564102 0.3589743589743589
vt 0.5834583333333333 0.3241897435897436
vt 0.5130605128205128 0.3589743589743589
vt 0.6419866025641026 0.13461538461538458
vt 0.6794871794871795 0.1342777564102564
vt 0.6794871794871795 0.12043865384615393
vt 0.6410256410256411 0.12109141025641035
vt 0.8333333333333334 0.09262730769230765
vt 0.821154423076923 0.08653846153846156
vt 0.821154423076923 0.10243775641025643
vt 0.017628205128205128 0.09495826923076922
vt 0.011834807692307693 0.08493589743589747
vt 0.0008633974358974359 0.09495826923076922
vt 0.750387435897436 0.20833333333333337
vt 0.7535382692307692 0.21638762820512814
vt 0.7660256410256411 0.20833333333333337
vt 0.10897435897435898 0.17243294871794868
vt 0.10047820512820513 0.16025641025641024
vt 0.09095865384615386 0.17243294871794868
vt 0.3552104487179487 0.3583720512820513
vt 0.36538461538461536 0.34615384615384615
vt 0.3473691666666667 0.34615384615384615
vt 0.532610641025641 0.8457921794871794
vt 0.5544871794871795 0.8457921794871794
vt 0.5470346794871795 0.8333333333333334
vt 0.7583335256410256 0.10256410256410253
vt 0.7724358974358975 0.10256410256410253
vt 0.7715223076923077 0.0887560256410257
vt 0.7575398076923077 0.08881371794871795
vt 0.906639935897436 0.9800015384615385
vt 0.9230769230769231 0.9800015384615385
vt 0.9208161538461539 0.9716530769230769
vt 0.898980576923077 0.9711538461538461
vt 0.058414871794871794 0.07692307692307687
vt 0.07852564102564102 0.07692307692307687
vt 0.06711570512820512 0.0740414102564102
vt 0.8878205128205128 0.6343041025641025
vt 0.882380641025641 0.6121794871794872
vt 0.8529762820512821 0.6149170512820512
vt 0.8475066666666666 0.6343041025641025
vt 0.8217371153846154 0.12676256410256403
vt 0.8301282051282052 0.11378205128205132
vt 0.7897079487179487 0.11378205128205132
vt 0.18108974358974358 0.44165333333333334
vt 0.18108974358974358 0.4246794871794872
vt 0.1668970512820513 0.4336035897435898
vt 0.3785807692307692 0.11538461538461542
vt 0.3926282051282051 0.11538461538461542
vt 0.38948756410256413 0.09937307692307684
vt 0.37307653846153843 0.09956269230769232
vt 0.2742228205128205 0.11538461538461542
vt 0.27724358974358976 0.10256410256410253
vt 0.2509905769230769 0.10256410256410253
vt 0.26042230769230773 0.11459397435897423
vt 0.8719180128205127 0.11795846153846157
vt 0.8910256410256411 0.1217948717948718
vt 0.8910256410256411 0.09772006410256406
vt 0.8717948717948718 0.0977854487179487
vt 0.1794871794871795 0.11962384615384614
vt 0.1987179487179487 0.1217948717948718
vt 0.1987179487179487 0.09933249999999993
vt 0.1802151282051282 0.09556012820512816
vt 0.44871794871794873 0.13724576923076914
vt 0.46794871794871795 0.14102564102564108
vt 0.46794871794871795 0.1128089743589743
vt 0.4545624358974359 0.11106717948717948
vt 0.2952088461538461 0.13305102564102556
vt 0.3125 0.12765064102564105
vt 0.30844634615384614 0.10096153846153844
vt 0.2952088461538461 0.10438339743589731
vt 0.688871282051282 0.532051282051282
vt 0.6858974358974359 0.5512820512820513
vt 0.7221726282051282 0.5512820512820513
vt 0.7195126282051282 0.532051282051282
vt 0.358974358974359 0.6602564102564102
vt 0.38961570512820515 0.6602564102564102
vt 0.37968647435897435 0.641025641025641
vt 0.3667669230769231 0.641025641025641
vt 0.3333333333333333 0.8333333333333334
vt 0.3462526923076923 0.8333333333333334
vt 0.3409203205128205 0.8269230769230769
vt 0.3368503846153846 0.8269230769230769
vt 0.5617509615384615 0.1644719871794873
vt 0.5959810256410256 0.16666666666666663
vt 0.5927902564102564 0.14102564102564108
vt 0.5576923076923077 0.14102564102564108
vt 0.6987179487179487 0.13187564102564098
vt 0.7307692307692307 0.14075205128205137
vt 0.7307692307692307 0.12053974358974362
vt 0.6988123717948718 0.12019230769230771
vt 0.2700319230769231 0.41025641025641024
vt 0.31169884615384613 0.41025641025641024
vt 0.30592974358974356 0.32692307692307687
vt 0.2700319230769231 0.32692307692307687
vt 0.6153846153846154 0.2853915384615384
vt 0.5905211538461539 0.20833333333333337
vt 0.5905211538461539 0.29477538461538466
vt 0.42381205128205135 0.4412880128205128
vt 0.46634615384615385 0.43404833333333337
vt 0.4601675 0.40659102564102567
vt 0.42381205128205135 0.34775641025641024
vt 0.748301217948718 0.22916666666666663
vt 0.7121545512820513 0.22916666666666663
vt 0.7483974358974359 0.2881232051282051
vt 0.512321217948718 0.09295801282051286
vt 0.5068014102564102 0.09294871794871795
vt 0.5068014102564102 0.1519053846153846
vt 0.5128205128205128 0.17939794871794867
vt 0.9291335256410256 0.7900641025641025
vt 0.8529177564102565 0.7900641025641025
vt 0.9229036538461539 0.7944691666666667
vt 0.7442867307692307 0.7172726282051283
vt 0.8021876282051282 0.7172726282051283
vt 0.8010676923076924 0.7056339743589743
vt 0.7870666025641027 0.6826923076923077
vt 0.11546198717948719 0.39472108974358977
vt 0.0705773717948718 0.44105307692307694
vt 0.15538416666666668 0.44105307692307694
vt 0.1292898076923077 0.3926282051282052
vt 0.2574140384615385 0.31354621794871795
vt 0.25078666666666666 0.29807692307692313
vt 0.19290647435897434 0.31354621794871795
vt 0.8851593589743589 0.5501077564102564
vt 0.8972419230769231 0.5352564102564102
vt 0.8271170512820513 0.5352564102564102
vt 0.8029850641025641 0.4807692307692307
vt 0.8695609615384615 0.4807692307692307
vt 0.8444839102564102 0.4690141025641026
vt 0.8012820512820513 0.46189249999999993
vt 0.8337286538461538 0.4982760897435897
vt 0.8023563461538462 0.5256410256410257
vt 0.8461538461538461 0.5256410256410257
vt 0.8405148717948717 0.5012060256410257
vt 0.4950232692307692 0.18816493589743588
vt 0.4950232692307692 0.25
vt 0.5272435897435898 0.22194653846153845
vt 0.5271692948717949 0.21453916666666661
vt 0.685248141025641 0.5833333333333333
vt 0.6421023076923077 0.5833333333333333
vt 0.6801503846153846 0.5961538461538461
vt 0.6858974358974359 0.5920229487179487
vt 0.9109730128205129 0.07692307692307687
vt 0.9118589743589743 0.07692307692307687
vt 0.9112705128205127 0.06569326923076935
vt 0.5801282051282052 0.11538461538461542
vt 0.5801282051282052 0.10827442307692303
vt 0.5391039102564102 0.10860076923076922
vt 0.21314102564102563 0.08080532051282041
vt 0.20586660256410255 0.07907294871794868
vt 0.20586660256410255 0.1217948717948718
vt 0.8276669871794872 0.07581032051282055
vt 0.8274869230769232 0.07692307692307687
vt 0.8525641025641025 0.07692307692307687
vt 0.6448632692307692 0.75
vt 0.6875 0.7435897435897436
vt 0.6227434615384616 0.7435897435897436
vt 0.637273141025641 0.7498778205128205
vt 0.5145794230769231 0.6844916025641026
vt 0.5351914102564103 0.6987179487179487
vt 0.5528846153846154 0.6794871794871795
vt 0.5140525 0.6794871794871795
vt 0.6169871794871795 0.5512820512820513
vt 0.5904121153846155 0.5512820512820513
vt 0.6003290384615385 0.561913141025641
vt 0.6077592948717949 0.5641025641025641
vt 0.03205128205128205 0.37880128205128205
vt 0.025741153846153848 0.37973628205128207
vt 0.03205128205128205 0.40384615384615385
vt 0.8987338461538462 0.9566508333333333
vt 0.9037812179487179 0.9615384615384616
vt 0.9423076923076923 0.9566508333333333
vt 0.34752660256410256 0.09227217948717958
vt 0.3541666666666667 0.09615384615384615
vt 0.3541666666666667 0.07913269230769227
vt 0.9210015384615385 0.8269230769230769
vt 0.9246794871794872 0.8215975
vt 0.9110967307692308 0.8215975
vt 0.539981858974359 0.22004179487179487
vt 0.5641025641025641 0.22435897435897434
vt 0.5589630128205128 0.206498717948718
vt 0.539981858974359 0.15996487179487184
vt 0.8150517948717948 0.782051282051282
vt 0.8798076923076923 0.782051282051282
vt 0.8220967948717948 0.7651019871794872
vt 0.4391025641025641 0.1217948717948718
vt 0.4391025641025641 0.1019580769230769
vt 0.41764282051282053 0.10239288461538454
vt 0.9166666666666666 0.4935897435897436
vt 0.8934704487179488 0.4835842948717949
vt 0.8663253205128205 0.4935897435897436
vt 0.6730769230769231 0.32692307692307687
vt 0.7371794871794872 0.3267557692307692
vt 0.7371794871794872 0.29219807692307687
vt 0.6730769230769231 0.2843797435897436
vt 0.9044213461538462 0.42926102564102564
vt 0.9061992948717948 0.4358974358974359
vt 0.9176940384615384 0.42926102564102564
vt 0.6241482692307693 0.256183782051282
vt 0.6223699358974358 0.2628205128205128
vt 0.6356428846153847 0.2628205128205128
vt 0.6481241666666667 0.09437589743589747
vt 0.6547604487179487 0.09615384615384615
vt 0.6547604487179487 0.08288108974358976
vt 0.5583803846153845 0.09437570512820515
vt 0.5650170512820514 0.09615384615384615
vt 0.5650170512820514 0.08288134615384612
vt 0.667355 0.0943753205128206
vt 0.6739911538461538 0.09615384615384615
vt 0.6739911538461538 0.08288089743589744
vt 0.9159157051282051 0.5512820512820513
vt 0.9176941025641026 0.5446451923076924
vt 0.904421282051282 0.5446451923076924
vt 0.9176941025641026 0.21153846153846156
vt 0.9159157051282051 0.2049025
vt 0.904421282051282 0.21153846153846156
vt 0.9159154487179487 0.4551282051282052
vt 0.9176940384615384 0.4484916025641026
vt 0.9044213461538462 0.4484916025641026
vt 0.9176940384615384 0.34615384615384615
vt 0.9159160256410257 0.3395175641025642
vt 0.9044213461538462 0.34615384615384615
vt 0.7124526282051282 0.08288096153846147
vt 0.7058166025641025 0.08465935897435906
vt 0.7124526282051282 0.09615384615384615
vt 0.693221923076923 0.08465942307692309
vt 0.6865857692307693 0.08288089743589744
vt 0.6865857692307693 0.09615384615384615
vt 0.6355296794871794 0.08288089743589744
vt 0.6288933974358974 0.08465923076923076
vt 0.6355296794871794 0.09615384615384615
vt 0.09009666666666667 0.08907262820512818
vt 0.09005858974358974 0.09615384615384615
vt 0.1118425 0.09615384615384615
vt 0.11186448717948717 0.08928333333333338
vt 0.9052447435897435 0.717948717948718
vt 0.9230769230769231 0.7179242307692308
vt 0.9230769230769231 0.7110533333333333
vt 0.9038461538461539 0.7109769230769231
vt 0.2716924358974359 0.09613942307692303
vt 0.28846153846153844 0.09615384615384615
vt 0.28846153846153844 0.08928333333333338
vt 0.2692307692307692 0.08914839743589742
vt 0.2574311538461539 0.09334788461538468
vt 0.25751115384615386 0.07692307692307687
vt 0.25064032051282054 0.07692307692307687
vt 0.2505016666666667 0.09615384615384615
vt 0.16127769230769232 0.7347307692307692
vt 0.16140134615384616 0.7243589743589743
vt 0.15453076923076922 0.7243589743589743
vt 0.15430378205128206 0.7371794871794872
vt 0.8622216666666668 0.08814102564102566
vt 0.8530542948717948 0.08821128205128215
vt 0.8530542948717948 0.0950819230769232
vt 0.863291858974359 0.09517294871794868
vt 0.30464391025641024 0.08974358974358976
vt 0.3054848076923077 0.08333333333333337
vt 0.29552192307692304 0.08333333333333337
vt 0.29547673076923076 0.08963762820512833
vt 0.46523166666666665 0.1593805128205128
vt 0.46782262820512815 0.15224358974358976
vt 0.4552542948717949 0.15251000000000003
vt 0.455268782051282 0.1593805128205128
vt 0.9112930769230769 0.5835833333333333
vt 0.9044120512820513 0.5801464102564102
vt 0.9044120512820513 0.596093782051282
vt 0.9112811538461539 0.5961538461538461
vt 0.9113180128205127 0.6699497435897436
vt 0.9043871153846155 0.6664907692307692
vt 0.9043871153846155 0.6858675641025641
vt 0.9112573717948718 0.6858974358974359
vt 0.5458959615384615 0.0939689102564103
vt 0.5459033333333334 0.08333333333333337
vt 0.5390325641025641 0.08333333333333337
vt 0.5399029487179487 0.09615384615384615
vt 0.8976886538461539 0.0641025641025641
vt 0.8976886538461539 0.07676942307692314
vt 0.8987857051282051 0.07650884615384623
vt 0.7051282051282052 0.20509987179487177
vt 0.7051282051282052 0.18572320512820517
vt 0.6994988461538462 0.18352750000000007
vt 0.6987179487179487 0.20512820512820518
vt 0.8602099999999999 0.055325320512820575
vt 0.8593412820512821 0.05515384615384622
vt 0.8593412820512821 0.07692307692307687
vt 0.674064423076923 0.20848615384615388
vt 0.7019230769230769 0.21696121794871792
vt 0.674064423076923 0.27564102564102566
vt 0.673774358974359 0.19164557692307693
vt 0.6923076923076923 0.1315632692307691
vt 0.6923076923076923 0.19871794871794868
vt 0.40384615384615385 0.3012820512820513
vt 0.3525641025641026 0.3012820512820513
vt 0.3525641025641026 0.2564102564102564
vt 0.40384615384615385 0.2564102564102564
vt 0.46153846153846156 0.2564102564102564
vt 0.46153846153846156 0.3012820512820513
vt 0.41025641025641024 0.3012820512820513
vt 0.41025641025641024 0.2564102564102564
vt 0.1282051282051282 0.5641025641025641
vt 0.1858974358974359 0.5641025641025641
vt 0.1858974358974359 0.6153846153846154
vt 0.1282051282051282 0.6153846153846154
vt 0.6858974358974359 0.39743589743589747
vt 0.6858974358974359 0.4487179487179487
vt 0.6282051282051282 0.4487179487179487
vt 0.6282051282051282 0.39743589743589747
vt 0.75 0.5576923076923077
vt 0.75 0.6025641025641026
vt 0.6923076923076923 0.6025641025641026
vt 0.6923076923076923 0.5576923076923077
vt 0.75 0.4487179487179487
vt 0.6923076923076923 0.4487179487179487
vt 0.6923076923076923 0.40384615384615385
vt 0.75 0.40384615384615385
vt 0.24358974358974358 0.14102564102564108
vt 0.21794871794871795 0.14102564102564108
vt 0.21794871794871795 0.11538461538461542
vt 0.24358974358974358 0.11538461538461542
vt 0.8910256410256411 0.9487179487179487
vt 0.8910256410256411 0.9743589743589743
vt 0.8653846153846154 0.9743589743589743
vt 0.8653846153846154 0.9487179487179487
vt 0.7948717948717948 0.2628205128205128
vt 0.8461538461538461 0.2628205128205128
vt 0.8461538461538461 0.28846153846153844
vt 0.7948717948717948 0.28846153846153844
vt 0.8525641025641025 0.6602564102564102
vt 0.8525641025641025 0.6858974358974359
vt 0.8012820512820513 0.6858974358974359
vt 0.8012820512820513 0.6602564102564102
vt 0.3974358974358974 0.17307692307692313
vt 0.3974358974358974 0.19871794871794868
vt 0.34615384615384615 0.19871794871794868
vt 0.34615384615384615 0.17307692307692313
vt 0.8012820512820513 0.19871794871794868
vt 0.75 0.19871794871794868
vt 0.75 0.17307692307692313
vt 0.8012820512820513 0.17307692307692313
vt 0.5321924358974359 0.9551282051282052
vt 0.5372732051282052 0.9428625
vt 0.5495383333333334 0.9551282051282052
vt 0.8974358974358975 0.5897435897435898
vt 0.8974358974358975 0.6025641025641026
vt 0.8141025641025641 0.6025641025641026
vt 0.8141025641025641 0.5897435897435898
vt 0.7310466025641026 0.6300899358974359
vt 0.7433123717948718 0.6351707692307693
vt 0.7310466025641026 0.6474358974358974
vt 0.5180418589743591 0.717948717948718
vt 0.5129616666666666 0.7056835897435898
vt 0.5303075641025641 0.7056835897435898
vt 0.8782051282051282 0.2435897435897436
vt 0.8782051282051282 0.2564102564102564
vt 0.7948717948717948 0.2564102564102564
vt 0.7948717948717948 0.2435897435897436
vt 0.7880478846153846 0.6608117948717949
vt 0.793128076923077 0.6730769230769231
vt 0.7757821794871794 0.6730769230769231
vt 0.12792775641025642 0.6923076923076923
vt 0.11566198717948718 0.687226923076923
vt 0.12792775641025642 0.6749617307692308
vt 0.8974358974358975 0.4423076923076923
vt 0.8974358974358975 0.4551282051282052
vt 0.8141025641025641 0.4551282051282052
vt 0.8141025641025641 0.4423076923076923
vt 0.9149229487179488 0.8979907051282051
vt 0.9098421794871795 0.9102564102564102
vt 0.8975770512820512 0.8979907051282051
vt 0.6215171794871795 0.0974838461538462
vt 0.6092520512820513 0.10256410256410253
vt 0.6092520512820513 0.08521814102564096
vt 0.12179487179487179 0.3205128205128205
vt 0.10897435897435898 0.3205128205128205
vt 0.10897435897435898 0.23717948717948723
vt 0.12179487179487179 0.23717948717948723
vt 0.7497223076923077 0.0974838461538462
vt 0.7374571794871795 0.10256410256410253
vt 0.7374571794871795 0.08521814102564096
vt 0.9149229487179488 0.6223496794871795
vt 0.9098421794871795 0.6346153846153846
vt 0.8975770512820512 0.6223496794871795
vt 0.8141025641025641 0.4358974358974359
vt 0.8141025641025641 0.42307692307692313
vt 0.8974358974358975 0.42307692307692313
vt 0.8974358974358975 0.4358974358974359
vt 0.08305596153846154 0.10256410256410253
vt 0.0707901923076923 0.09748333333333337
vt 0.08305596153846154 0.08521814102564096
vt 0.9098427564102565 0.6031194871794872
vt 0.9149229487179488 0.6153846153846154
vt 0.8975770512820512 0.6153846153846154
vt 0.8141025641025641 0.717948717948718
vt 0.8141025641025641 0.7051282051282051
vt 0.8974358974358975 0.7051282051282051
vt 0.8974358974358975 0.717948717948718
vt 0.6782982692307693 0.3910256410256411
vt 0.6732180769230769 0.3787605128205128
vt 0.6905639743589743 0.3787605128205128
vt 0.7759183974358975 0.7903463461538461
vt 0.7881841666666666 0.7954271794871794
vt 0.7759183974358975 0.8076923076923077
vt 0.8141025641025641 0.5833333333333333
vt 0.8141025641025641 0.5705128205128205
vt 0.8974358974358975 0.5705128205128205
vt 0.8974358974358975 0.5833333333333333
vt 0.44885910256410255 0.10256410256410253
vt 0.45393987179487183 0.0902983974358974
vt 0.46620500000000004 0.10256410256410253
vt 0.5195084615384615 0.0902983974358974
vt 0.5317735897435898 0.08521814102564096
vt 0.5317735897435898 0.10256410256410253
vt 0.47435897435897434 0.1217948717948718
vt 0.48717948717948717 0.1217948717948718
vt 0.48717948717948717 0.20512820512820518
vt 0.47435897435897434 0.20512820512820518
vt 0.590021282051282 0.0902983974358974
vt 0.6022864102564103 0.08521814102564096
vt 0.6022864102564103 0.10256410256410253
vt 0.1858974358974359 0.7628205128205128
vt 0.17307692307692307 0.7628205128205128
vt 0.17307692307692307 0.7243589743589743
vt 0.1858974358974359 0.7243589743589743
vt 0.4166666666666667 0.40384615384615385
vt 0.4166666666666667 0.4423076923076923
vt 0.40384615384615385 0.4423076923076923
vt 0.40384615384615385 0.40384615384615385
vt 0.8589743589743589 0.16025641025641024
vt 0.9102564102564102 0.16025641025641024
vt 0.9102564102564102 0.17307692307692313
vt 0.8589743589743589 0.17307692307692313
vt 0.17307692307692307 0.1217948717948718
vt 0.17307692307692307 0.13461538461538458
vt 0.12179487179487179 0.13461538461538458
vt 0.12179487179487179 0.1217948717948718
vt 0.8076923076923077 0.5641025641025641
vt 0.8076923076923077 0.6025641025641026
vt 0.7564102564102564 0.6025641025641026
vt 0.7564102564102564 0.5641025641025641
vt 0.8076923076923077 0.4551282051282052
vt 0.7564102564102564 0.4551282051282052
vt 0.7564102564102564 0.41666666666666663
vt 0.8076923076923077 0.41666666666666663
vt 0.08974358974358974 0.23076923076923073
vt 0.038461538461538464 0.23076923076923073
vt 0.038461538461538464 0.19871794871794868
vt 0.08974358974358974 0.19871794871794868
vt 0.30128205128205127 0.19871794871794868
vt 0.30128205128205127 0.23076923076923073
vt 0.25 0.23076923076923073
vt 0.25 0.19871794871794868
vt 0.3076923076923077 0.17948717948717952
vt 0.33974358974358976 0.17948717948717952
vt 0.33974358974358976 0.23076923076923073
vt 0.3076923076923077 0.23076923076923073
vt 0.03205128205128205 0.17307692307692313
vt 0.03205128205128205 0.22435897435897434
vt 0 0.22435897435897434
vt 0 0.17307692307692313
vt 0.6666666666666666 0.14102564102564108
vt 0.6666666666666666 0.17307692307692313
vt 0.6346153846153846 0.17307692307692313
vt 0.6346153846153846 0.14102564102564108
vt 0.03205128205128205 0.16666666666666663
vt 0 0.16666666666666663
vt 0 0.13461538461538458
vt 0.03205128205128205 0.13461538461538458
vt 0.3312027564102564 0.07692307692307687
vt 0.3274510897435897 0.07617660256410264
vt 0.3312027564102564 0.0671192948717948
vt 0.9338408974358975 0.28466346153846156
vt 0.9342948717948718 0.28846153846153844
vt 0.9181552564102565 0.28846153846153844
vt 0.7478692307692307 0.07617698717948718
vt 0.7441179487179488 0.07692307692307687
vt 0.7441179487179488 0.06711948717948724
vt 0.9342948717948718 0.17568897435897435
vt 0.9338416025641026 0.17948717948717952
vt 0.9181559615384615 0.17568897435897435
vt 0.6132540384615385 0.07617660256410264
vt 0.6095023717948718 0.07692307692307687
vt 0.6095023717948718 0.0671192948717948
vt 0.9342948717948718 0.13722749999999995
vt 0.9338417307692307 0.14102564102564108
vt 0.9181558974358973 0.13722749999999995
vt 0.09119711538461538 0.07692307692307687
vt 0.09045064102564103 0.07317096153846159
vt 0.10025448717948718 0.07317096153846159
vt 0.43384147435897435 0.0859449358974359
vt 0.4342948717948718 0.08974358974358976
vt 0.4181554487179487 0.08974358974358976
vt 0.9237839743589743 0.5
vt 0.9245304487179488 0.49624826923076926
vt 0.9335878205128205 0.5
vt 0.9176762179487179 0.08538903846153856
vt 0.9214743589743589 0.08493589743589747
vt 0.9214743589743589 0.10107487179487185
vt 0.9237841025641026 0.27564102564102566
vt 0.9245301923076923 0.27188980769230775
vt 0.9335876923076923 0.27564102564102566
vt 0.3151120512820513 0.0657051282051282
vt 0.3189102564102564 0.06615858974358979
vt 0.3151120512820513 0.08184442307692308
vt 0.5399150641025641 0.07692307692307687
vt 0.5391685897435897 0.07317134615384613
vt 0.5489724358974359 0.07317134615384613
vt 0.0010099358974358975 0.059294871794871806
vt 0.004807692307692308 0.05974826923076926
vt 0.0010099358974358975 0.07543448717948709
vt 0.26975852564102565 0.06786570512820511
vt 0.27351070512820513 0.0671192948717948
vt 0.27351070512820513 0.07692307692307687
vt 0.39153012820512817 0.07256878205128203
vt 0.39532884615384617 0.07211538461538458
vt 0.39532884615384617 0.08825480769230776
vt 0.9236049358974359 0.6119910897435897
vt 0.9273566025641026 0.6127374999999999
vt 0.9236049358974359 0.6217948717948718
vt 0.9107094871794873 0.19129833333333335
vt 0.9102564102564102 0.1875
vt 0.9263955128205128 0.1875
vt 0.7697589743589744 0.06711948717948724
vt 0.7735102564102564 0.06786551282051279
vt 0.7697589743589744 0.07692307692307687
vt 0.9102564102564102 0.2361703205128205
vt 0.9107101923076922 0.23237179487179482
vt 0.9263961538461538 0.2361703205128205
vt 0.29539980769230767 0.06786570512820511
vt 0.2991514743589744 0.0671192948717948
vt 0.2991514743589744 0.07692307692307687
vt 0.9166666666666666 0.8387341025641026
vt 0.9171205128205128 0.8349358974358975
vt 0.932806282051282 0.8387341025641026
vt 0.11873878205128206 0.07317096153846159
vt 0.11948525641025642 0.07692307692307687
vt 0.10968141025641025 0.07692307692307687
vt 0.9107098076923077 0.3012820512820513
vt 0.9102564102564102 0.29748339743589747
vt 0.9263958333333334 0.29748339743589747
vt 0.42717756410256413 0.07317134615384613
vt 0.4264310897435898 0.07692307692307687
vt 0.4173737179487179 0.07317134615384613
vt 0.14482384615384616 0.08287948717948723
vt 0.14102564102564102 0.08333333333333337
vt 0.14102564102564102 0.06719371794871798
vt 0.9335876923076923 0.3103513461538462
vt 0.9328416025641025 0.3141025641025641
vt 0.9237841025641026 0.3103513461538462
vt 0.7858499358974359 0.08974358974358976
vt 0.782051282051282 0.08929076923076928
vt 0.7858499358974359 0.07360467948717941
vt 0.9328413461538461 0.6629149358974359
vt 0.9335878205128205 0.6666666666666667
vt 0.9237839743589743 0.6666666666666667
vt 0.048670128205128206 0.08333333333333337
vt 0.04487179487179487 0.08288025641025631
vt 0.048670128205128206 0.06719423076923081
vt 0.1324850641025641 0.07617666666666656
vt 0.1287328846153846 0.07692307692307687
vt 0.1287328846153846 0.0671192948717948
vt 0.3696878205128205 0.0892901923076923
vt 0.36588910256410256 0.08974358974358976
vt 0.36588910256410256 0.07360416666666658
vt 0.9328413461538461 0.5988123717948718
vt 0.9335878205128205 0.6025641025641026
vt 0.9237839743589743 0.6025641025641026
vt 0.8755932051282053 0.08974358974358976
vt 0.8717948717948718 0.08929044871794867
vt 0.8755932051282053 0.07360397435897448
vt 0.7348697435897436 0.07317185897435885
vt 0.7341236538461539 0.07692307692307687
vt 0.7250661538461538 0.07317185897435885
vt 0.9204648717948718 0.16666666666666663
vt 0.9166666666666666 0.16621333333333332
vt 0.9204648717948718 0.1505277564102564
vt 0.4976903846153847 0.07317134615384613
vt 0.49694391025641027 0.07692307692307687
vt 0.48788653846153845 0.07317134615384613
vt 0.5102083974358974 0.08288012820512825
vt 0.5064102564102564 0.08333333333333337
vt 0.5064102564102564 0.06719371794871798
vt 0.9328413461538461 0.8103504487179487
vt 0.9335878205128205 0.8141025641025641
vt 0.9237839743589743 0.8141025641025641
vt 0.9107098076923077 0.3910256410256411
vt 0.9102564102564102 0.3872269871794872
vt 0.9263958333333334 0.3872269871794872
vt 0.9236049358974359 0.676840064102564
vt 0.9273566025641026 0.6760936538461538
vt 0.9273566025641026 0.6858974358974359
vt 0.9166666666666666 0.4669391666666667
vt 0.9171198717948718 0.46314102564102566
vt 0.932806282051282 0.4669391666666667
vt 0.8146307692307693 0.06711948717948724
vt 0.8183820512820512 0.06786551282051279
vt 0.8146307692307693 0.07692307692307687
vt 0.9166666666666666 0.47975980769230764
vt 0.9171198076923078 0.47596153846153844
vt 0.9328058333333333 0.47975980769230764
vt 0.9236049358974359 0.5799398076923077
vt 0.9273566025641026 0.580686217948718
vt 0.9236049358974359 0.5897435897435898
vt 0.7953249358974359 0.08873423076923082
vt 0.7948717948717948 0.08493589743589747
vt 0.8110114102564102 0.08493589743589747
vt 0.2825790384615385 0.06786570512820511
vt 0.28633121794871796 0.0671192948717948
vt 0.28633121794871796 0.07692307692307687
vt 0.3787096153846154 0.07256878205128203
vt 0.38250833333333334 0.07211538461538458
vt 0.38250833333333334 0.08825480769230776
vt 0.5911971153846154 0.07692307692307687
vt 0.590450641025641 0.07317134615384613
vt 0.6002544871794873 0.07317134615384613
vt 0.013830448717948718 0.059294871794871806
vt 0.017628205128205128 0.05974820512820511
vt 0.013830448717948718 0.07543397435897425
vt 0.7955789743589744 0.07692307692307687
vt 0.7963250641025641 0.07317185897435885
vt 0.8053825641025641 0.07692307692307687
vt 0.8856248717948717 0.07211538461538458
vt 0.8894230769230769 0.07256871794871789
vt 0.8856248717948717 0.0882551923076923
vt 0.5199378205128204 0.07692307692307687
vt 0.5206842948717948 0.07317134615384613
vt 0.5297416666666667 0.07692307692307687
vt 0.17408641025641025 0.06615897435897433
vt 0.1778846153846154 0.0657051282051282
vt 0.1778846153846154 0.08184474358974347
vt 0.9245304487179488 0.9102564102564102
vt 0.9237839743589743 0.9065042948717948
vt 0.9335878205128205 0.9065042948717948
vt 0.927431217948718 0.6500475
vt 0.9278846153846154 0.6538461538461539
vt 0.9117451923076922 0.6538461538461539
vt 0.9273566025641026 0.332586858974359
vt 0.9236049358974359 0.33333333333333337
vt 0.9236049358974359 0.3235295512820512
vt 0.9342948717948718 0.7654325641025641
vt 0.9338410256410257 0.7692307692307692
vt 0.9181552564102565 0.7654325641025641
vt 0.7606897435897435 0.07617698717948718
vt 0.7569384615384616 0.07692307692307687
vt 0.7569384615384616 0.06711948717948724
vt 0.4599358974358974 0.0795351282051282
vt 0.45948256410256416 0.08333333333333337
vt 0.4437964102564103 0.0795351282051282
vt 0.9273566025641026 0.641025641025641
vt 0.9236049358974359 0.6402791666666667
vt 0.9273566025641026 0.631221858974359
vt 0.9402517307692307 0.9962022435897436
vt 0.9407051282051282 1
vt 0.9245655128205129 1
vt 0.9273568589743589 0.7556638461538462
vt 0.9236046794871796 0.7564102564102564
vt 0.9236046794871796 0.7466064743589744
vt 0.19661089743589744 0.0892901923076923
vt 0.1928121794871795 0.08974358974358976
vt 0.1928121794871795 0.07360416666666658
vt 0.06447955128205128 0.09376987179487173
vt 0.04319147435897436 0.11002128205128203
vt 0.04319147435897436 0.09114628205128206
vt 0.04319147435897436 0.11002128205128203
vt 0.06447955128205128 0.09376987179487173
vt 0.04319147435897436 0.09114628205128206
vt 0.9700192307692308 0.027243589743589758
vt 0.9903846153846154 0.027243589743589758
vt 0.9903846153846154 0.009741538461538468
vt 0.9671605128205127 0.009304615384615356
vt 0.9591476923076923 0.01762256410256413
vt 0.9807692307692307 0.017832435897435883
vt 0.9807692307692307 0.011217948717948678
vt 0.9618091025641025 0.011217948717948678
vt 0.9850480769230768 0.03685897435897434
vt 1 0.03685897435897434
vt 1 0
vt 0.9487179487179487 0
vt 0.9487179487179487 0.03685897435897434
vt 0.9652167948717949 0.03685897435897434
vt 0.9652167948717949 0.03685897435897434
vt 0.9850480769230768 0.03685897435897434
vt 1 0
vt 0.9487179487179487 0
vt 0.9487179487179487 0.03685897435897434
vt 1 0.03685897435897434
vt 1 0
vt 0.9487179487179487 0
vt 0.9487179487179487 0.03685897435897434
vt 1 0.03685897435897434
vt 1 0
vt 0.9487179487179487 0
vt 0.9649403846153846 0.023250384615384645
vt 0.9656192307692307 0.03044871794871795
vt 0.9903846153846154 0.03044871794871795
vt 0.9903846153846154 0.020995448717948784
vt 0.9649403846153846 0.023250384615384645
vt 0.9903846153846154 0.020995448717948784
vt 0.9903846153846154 0.004807692307692291
vt 0.9656192307692307 0.004807692307692291
vt 0.5256410256410257 0.7564102564102564
vt 0.5256410256410257 0.8333333333333334
vt 0.358974358974359 0.8333333333333334
vt 0.358974358974359 0.7564102564102564
vt 0.717948717948718 0.891025641025641
vt 0.717948717948718 0.9230769230769231
vt 0.6362808333333333 0.9152746153846154
vt 0.6294403205128205 0.9100724358974359
vt 0.6132425 0.9158054487179488
vt 0.532051282051282 0.9230769230769231
vt 0.532051282051282 0.891025641025641
vt 0.6202766666666667 0.9100724358974359
vt 0.532051282051282 0.891025641025641
vt 0.717948717948718 0.891025641025641
vt 0.6294403205128205 0.9100724358974359
vt 0.6202766666666667 0.9100724358974359
vt 0.6408626923076923 0.9230769230769231
vt 0.6362808333333333 0.9152746153846154
vt 0.717948717948718 0.9230769230769231
vt 0.6122793589743589 0.469140641025641
vt 0.6923076923076923 0.4555436538461538
vt 0.6923076923076923 0.4902476923076923
vt 0.6051353846153846 0.4751041025641026
vt 0.6051353846153846 0.4751041025641026
vt 0.6923076923076923 0.4902476923076923
vt 0.5141023717948717 0.4935897435897436
vt 0.6005278846153846 0.47519051282051283
vt 0.5141023717948717 0.4935897435897436
vt 0.5128205128205128 0.45890942307692306
vt 0.5927682051282052 0.46966846153846153
vt 0.6005278846153846 0.47519051282051283
vt 0.6122793589743589 0.469140641025641
vt 0.6178864102564103 0.456939358974359
vt 0.6923076923076923 0.4555436538461538
vt 0.5869890384615385 0.45751878205128205
vt 0.5927682051282052 0.46966846153846153
vt 0.5128205128205128 0.45890942307692306
vt 0.6132425 0.9158054487179488
vt 0.6096286538461538 0.9230769230769231
vt 0.532051282051282 0.9230769230769231
vt 0.26282051282051283 0.3205128205128205
vt 0.26282051282051283 0.3846153846153846
vt 0.21153846153846154 0.3846153846153846
vt 0.21153846153846154 0.3205128205128205
vt 0.4969382692307692 0
vt 0.5331730769230769 0
vt 0.5331730769230769 0.05721153846153848
vt 0.49682455128205133 0.05721153846153848
vt 0.49682455128205133 0.05721153846153848
vt 0.4240482051282052 0.05721153846153848
vt 0.424161923076923 0
vt 0.4969382692307692 0
vt 0.4240482051282052 0.05721153846153848
vt 0.38782051282051283 0.05721153846153848
vt 0.38782051282051283 0
vt 0.424161923076923 0
vt 0.609644294871795 0.9984860256410256
vt 0.533333076923077 1
vt 0.6075344230769231 0.9888280128205128
vt 0.533333076923077 1
vt 0.532051282051282 0.9681353846153846
vt 0.6072810897435897 0.9763914743589743
vt 0.6075344230769231 0.9888280128205128
vt 0.532051282051282 0.9681353846153846
vt 0.6088753205128205 0.9666108974358975
vt 0.6072810897435897 0.9763914743589743
vt 0.6433053846153846 0.9756592307692308
vt 0.6409107051282051 0.9659753205128205
vt 0.717948717948718 0.964446923076923
vt 0.717948717948718 0.9963373076923077
vt 0.717948717948718 0.9963373076923077
vt 0.6413161538461539 0.9978576923076923
vt 0.6434437179487179 0.9884389743589743
vt 0.6434437179487179 0.9884389743589743
vt 0.6433053846153846 0.9756592307692308
vt 0.717948717948718 0.9963373076923077
vt 0.907051282051282 0
vt 0.907051282051282 0.04006410256410253
vt 0.8525641025641025 0.04006410256410253
vt 0.8525641025641025 0
vt 0.28846153846153844 0.9166666666666666
vt 0.4551282051282051 0.9166666666666666
vt 0.4551282051282051 0.8397435897435898
vt 0.28846153846153844 0.8397435897435898
vt 0.358974358974359 0.8333333333333334
vt 0.5256410256410257 0.8333333333333334
vt 0.5256410256410257 0.7564102564102564
vt 0.358974358974359 0.7564102564102564
vt 0.05128205128205128 0.5512820512820513
vt 0.21794871794871795 0.5501694230769231
vt 0.21794871794871795 0.4988873076923077
vt 0.05137820512820513 0.49955467948717946
vt 0.5602611538461538 0.7755771153846154
vt 0.6987179487179487 0.782051282051282
vt 0.6987179487179487 0.7564103205128205
vt 0.532051282051282 0.7580698076923077
vt 0.8239081410256411 0.6987179487179487
vt 0.9469146153846154 0.696894358974359
vt 0.9466151923076922 0.6923076923076923
vt 0.8078930769230769 0.6923076923076923
vt 0.33974358974358976 0.4935897435897436
vt 0.5064102564102564 0.4932537820512821
vt 0.5064102564102564 0.4487179487179487
vt 0.33983134615384614 0.4487179487179487
vt 0.907051282051282 0.04006410256410253
vt 0.8525641025641025 0.04006410256410253
vt 0.8525641025641025 0
vt 0.907051282051282 0
vt 0.9246794871794872 0.0016025641025640969
vt 0.9246794871794872 0.008012820512820484
vt 0.9182692307692307 0.008012820512820484
vt 0.9182692307692307 0.0016025641025640969
vt 0.9246794871794872 0.0016025641025640969
vt 0.9246794871794872 0.008012820512820484
vt 0.9182692307692307 0.008012820512820484
vt 0.9182692307692307 0.0016025641025640969
vt 0.9246794871794872 0.0016025641025640969
vt 0.9246794871794872 0.008012820512820484
vt 0.9182692307692307 0.008012820512820484
vt 0.9182692307692307 0.0016025641025640969
vt 0.9246794871794872 0.0016025641025640969
vt 0.9246794871794872 0.008012820512820484
vt 0.9182692307692307 0.008012820512820484
vt 0.9182692307692307 0.0016025641025640969
vt 0.9246794871794872 0.0016025641025640969
vt 0.9246794871794872 0.008012820512820484
vt 0.9182692307692307 0.008012820512820484
vt 0.9182692307692307 0.0016025641025640969
vt 0.9238782051282052 0.009214743589743613
vt 0.9242788461538461 0.008413461538461564
vt 0.9238782051282052 0.009615384615384581
vt 0.9242788461538461 0.008814102564102533
vt 0.9242788461538461 0.008814102564102533
vt 0.9238782051282052 0.009615384615384581
vt 0.9238782051282052 0.010016025641025661
vt 0.9242788461538461 0.009214743589743613
vt 0.9238782051282052 0.009214743589743613
vt 0.9242788461538461 0.008413461538461564
vt 0.9238782051282052 0.009615384615384581
vt 0.9242788461538461 0.008814102564102533
vt 0.9242788461538461 0.008814102564102533
vt 0.9238782051282052 0.009615384615384581
vt 0.9238782051282052 0.010016025641025661
vt 0.9242788461538461 0.009214743589743613
vt 0.9238782051282052 0.009615384615384581
vt 0.9242788461538461 0.008413461538461564
vt 0.9238782051282052 0.009214743589743613
vt 0.9242788461538461 0.008814102564102533
vt 0.9238782051282052 0.010016025641025661
vt 0.9238782051282052 0.009615384615384581
vt 0.9242788461538461 0.008814102564102533
vt 0.9242788461538461 0.009214743589743613
vt 0.9238782051282052 0.009615384615384581
vt 0.9242788461538461 0.008413461538461564
vt 0.9238782051282052 0.009214743589743613
vt 0.9242788461538461 0.008814102564102533
vt 0.9238782051282052 0.010016025641025661
vt 0.9238782051282052 0.009615384615384581
vt 0.9242788461538461 0.008814102564102533
vt 0.9242788461538461 0.009214743589743613
vt 0.9306891025641025 0.014022435897435903
vt 0.9310897435897436 0.012820512820512775
vt 0.9298878205128205 0.014823717948717952
vt 0.9310897435897436 0.013221153846153855
vt 0.9294871794871795 0.018429487179487225
vt 0.9310897435897436 0.017628205128205177
vt 0.9306891025641025 0.018429487179487225
vt 0.9298878205128205 0.017628205128205177
vt 0.9198717948717948 0.008413461538461564
vt 0.9198717948717948 0.008012820512820484
vt 0.9194711538461539 0.008814102564102533
vt 0.9202724358974359 0.008413461538461564
vt 0.7833791666666666 0.021838012820512898
vt 0.7833791666666666 0.0004196153846154349
vt 0.7692307692307693 0.0004196153846154349
vt 0.7692307692307693 0.021838012820512898
vt 0.7831071153846154 0.0016622435897435395
vt 0.7692307692307693 0
vt 0.7692307692307693 0.021838012820512898
vt 0.7833791666666666 0.021838012820512898
vt 0.7833791666666666 0.0004196153846154349
vt 0.7692307692307693 0.0004196153846154349
vt 0.7692307692307693 0.021838012820512898
vt 0.7831076923076923 0.0016624358974359765
vt 0.7692307692307693 0
vt 0.7692307692307693 0.021838012820512898
vt 0.7833791666666666 0.021838012820512898
vt 0.7833791666666666 0.0004196153846154349
vt 0.7692307692307693 0.0004196153846154349
vt 0.7692307692307693 0.021838012820512898
vt 0.7831071153846154 0.0016623076923076852
vt 0.7692307692307693 0
vt 0.7692307692307693 0.021838012820512898
vt 0.7833791666666666 0.021838012820512898
vt 0.7833791666666666 0.0004196153846154349
vt 0.7692307692307693 0.0004196153846154349
vt 0.7692307692307693 0.021838012820512898
vt 0.8047951282051282 0.021838012820512898
vt 0.8047951282051282 0.013317243589743621
vt 0.7692307692307693 0.017577628205128204
vt 0.7833791666666666 0.021838012820512898
vt 0.7833791666666666 0.0004196153846154349
vt 0.7692307692307693 0.0004196153846154349
vt 0.7692307692307693 0.021838012820512898
vt 0.8027317307692308 0.021838012820512898
vt 0.8054918589743589 0.013481089743589747
vt 0.7692307692307693 0.013481089743589747
vt 0.7833791666666666 0.021838012820512898
vt 0.7833791666666666 0.0004196153846154349
vt 0.7692307692307693 0.0004196153846154349
vt 0.7692307692307693 0.021838012820512898
vt 0.8027315384615384 0.021838012820512898
vt 0.8054918589743589 0.01348076923076924
vt 0.7692307692307693 0.01348076923076924
vt 0.7833791666666666 0.021838012820512898
vt 0.7833791666666666 0.0004196153846154349
vt 0.7692307692307693 0.0004196153846154349
vt 0.7692307692307693 0.021838012820512898
vt 0.8027317307692308 0.021838012820512898
vt 0.8054918589743589 0.013481089743589747
vt 0.7692307692307693 0.013481089743589747
vt 0.7833791666666666 0.021838012820512898
vt 0.7833791666666666 0.0004196153846154349
vt 0.7692307692307693 0.0004196153846154349
vt 0.7692307692307693 0.021838012820512898
vt 0.7692307692307693 0.021838012820512898
vt 0.7833791666666666 0.021838012820512898
vt 0.7763049358974359 0.0004196153846154349
vt 0.7833791666666666 0.021838012820512898
vt 0.7833791666666666 0.0004196153846154349
vt 0.7692307692307693 0.0004196153846154349
vt 0.7692307692307693 0.021838012820512898
vt 0.7692307692307693 0.020175769230769247
vt 0.7831071153846154 0.021838012820512898
vt 0.7831071153846154 0
vt 0.7692307692307693 0.020175641025641067
vt 0.7831076923076923 0.021838012820512898
vt 0.7831076923076923 0
vt 0.7833791666666666 0.021838012820512898
vt 0.7833791666666666 0.0004196153846154349
vt 0.7692307692307693 0.0004196153846154349
vt 0.7692307692307693 0.021838012820512898
vt 0.7692307692307693 0.020175769230769247
vt 0.7831071153846154 0.021838012820512898
vt 0.7831071153846154 0
vt 0.7833791666666666 0.021838012820512898
vt 0.7833791666666666 0.0004196153846154349
vt 0.7692307692307693 0.0004196153846154349
vt 0.7692307692307693 0.021838012820512898
vt 0.7692307692307693 0.013317243589743621
vt 0.7692307692307693 0.021838012820512898
vt 0.8047951282051282 0.017577628205128204
vt 0.7833791666666666 0.021838012820512898
vt 0.7833791666666666 0.0004196153846154349
vt 0.7692307692307693 0.0004196153846154349
vt 0.7692307692307693 0.021838012820512898
vt 0.7719908974358974 0.013481089743589747
vt 0.7692307692307693 0.021838012820512898
vt 0.8054918589743589 0.021838012820512898
vt 0.7833791666666666 0.021838012820512898
vt 0.7833791666666666 0.0004196153846154349
vt 0.7692307692307693 0.0004196153846154349
vt 0.7692307692307693 0.021838012820512898
vt 0.7719911538461539 0.01348076923076924
vt 0.7692307692307693 0.021838012820512898
vt 0.8054918589743589 0.021838012820512898
vt 0.7833791666666666 0.021838012820512898
vt 0.7833791666666666 0.0004196153846154349
vt 0.7692307692307693 0.0004196153846154349
vt 0.7692307692307693 0.021838012820512898
vt 0.7719908974358974 0.013481089743589747
vt 0.7692307692307693 0.021838012820512898
vt 0.8054918589743589 0.021838012820512898
vt 0.7833791666666666 0.021838012820512898
vt 0.7833791666666666 0.0004196153846154349
vt 0.7692307692307693 0.0004196153846154349
vt 0.7692307692307693 0.021838012820512898
vt 0.7833791666666666 0.0004196153846154349
vt 0.7692307692307693 0.0004196153846154349
vt 0.7763049358974359 0.021838012820512898
vt 0.7833791666666666 0.021838012820512898
vt 0.7833791666666666 0.0004196153846154349
vt 0.7692307692307693 0.0004196153846154349
vt 0.7692307692307693 0.021838012820512898
vt 0.9306891025641025 0.018429487179487225
vt 0.9310897435897436 0.017628205128205177
vt 0.9294871794871795 0.018429487179487225
vt 0.9298878205128205 0.017628205128205177
vt 0.9194711538461539 0.008814102564102533
vt 0.9198717948717948 0.008012820512820484
vt 0.9198717948717948 0.008413461538461564
vt 0.9202724358974359 0.008413461538461564
vt 0.9298878205128205 0.014823717948717952
vt 0.9310897435897436 0.012820512820512775
vt 0.9306891025641025 0.014022435897435903
vt 0.9310897435897436 0.013221153846153855
vn 0 -0.8574929257125441 -0.5144957554275267
vn 0 -0.35897907930886913 -0.9333456062030597
vn 0 0.9959598492540875 0.08979965853930295
vn 0 -0.007575540190785541 -0.9999713051837128
vn 0 -0.9933988383819428 -0.11471158573311963
vn 0 0.5122783012082033 -0.858819504966694
vn 0 0.9792604195071031 -0.20260560403595163
vn 0 0.9712973116319725 -0.23786872937925924
vn 0 0.9958249045631323 -0.09128394958495391
vn 0 0 1
vn 0 0 1
vn 0 0 1
vn -0.996194692520059 -0.0871558064323045 0
vn -0.8727399888885351 -0.4881853252555222 0
vn -0.9028128074365714 -0.4036464241348258 -0.14831924693600823
vn -0.8671648686688229 -0.482807395756729 -0.12215608519099172
vn -0.8671654692700921 -0.4828060148729909 -0.12215727939031013
vn -0.8115063767525166 -0.5687079859735544 -0.13427072346534155
vn -0.8115068516142805 -0.5687076270877273 -0.13426937355676005
vn -0.7959023531563736 -0.5577726032252897 -0.2354339978240848
vn -0.8733679912068911 -0.39048168535119654 -0.29112266373563034
vn -0.8732351150026519 -0.4031516443356389 -0.2737319593978316
vn -0.6985603441714205 -0.6757055674908758 -0.23544730113751552
vn -0.7092677119121781 -0.6953605018746849 -0.11581487500079658
vn -0.9337628863744746 -0.15814151611583716 -0.321057834214016
vn -0.9230990407876776 -0.111649225004847 -0.3679981133819664
vn -0.9171643427926218 -0.02920099928186114 -0.39743788187680257
vn -0.9354472726637999 -0.030303775540134737 -0.3521648495433233
vn -0.9397070235155464 -0.13723746635972328 -0.3132356745051821
vn -0.8556549675479732 0.1381045062809347 -0.49878023402634597
vn -0.7853445751610754 0.2803618915151651 -0.5519339707348236
vn -0.8480858349945478 0.2639531385768858 -0.45943351762470686
vn -0.9881876307210992 -0.08645527878095126 -0.12653336026806775
vn -0.9864361391082805 -0.11930816088304627 -0.1127355587552322
vn -0.9732744080787586 -0.16483473404080395 -0.15989508132722471
vn -0.9935618621610801 0 -0.11329089133291725
vn -0.9685257029034618 0.15632207968497375 -0.19370433711799073
vn -0.9935323560694655 -0.000798307819234342 -0.11354655497936762
vn -0.9638067060480477 0.16724838798722894 -0.20761649764044696
vn -0.9572400807323932 0.19708164967161151 -0.21177877892309588
vn -0.9586585850324804 0.21026870574513182 -0.191731032250364
vn -0.9959315481896036 0.08713272772881292 -0.02298345229063546
vn -0.9841021788496206 0.17352313330451824 -0.03785001706224185
vn -0.7776586444759129 0.2183412599258803 -0.5895541763789524
vn -0.9606321311932402 0.21815705289076684 -0.17202734896855307
vn -0.9642776321383089 0.1570238897492081 -0.21333575932263474
vn -0.9653898348213003 0.2586759327676758 -0.03330508415356023
vn -0.9395037965070965 0.34195722631968 -0.01994672194881741
vn -0.9653518414788547 0.258667760903135 -0.034450132405304854
vn -0.9389377133652705 0.341744371019523 -0.04008435226953068
vn -0.7367045211292615 0.6750672509304091 -0.039378360414898075
vn -0.6071562794732946 0.7912649814401985 -0.07253262329868496
vn -0.5328630235033865 0.8309383832336855 -0.15999500445894602
vn -0.5221450263695407 0.7760861748169139 -0.3536309102660606
vn -0.535024443084237 0.7357145646255724 -0.41529859703616484
vn -0.5074388322435857 0.7066933752028444 -0.4930418896764026
vn -0.7717293357574281 0.5215606585488676 -0.3638795292201397
vn -0.7788761351834292 0.5476496530738834 -0.30566619624973224
vn -0.8205390482776379 0.5133240891633054 -0.25142404367182375
vn -0.7321074224031842 0.6708527069362026 -0.11821745919505847
vn -0.4830065896956744 0.6726673944287327 -0.5605561620239442
vn -0.7232108309265787 0.5305546028835708 -0.44212883573630934
vn -0.6071449132655959 0.5618607720315203 -0.5618607720315203
vn -0.6770543136163838 0.5674814533551598 -0.4685747075028306
vn -0.6660069564211056 0.6053512104138525 -0.43587228180876464
vn -0.4527227451771094 0.6304920800123744 -0.6304933409965341
vn -0.41766571743267306 0.5816720346853723 -0.6980064416224465
vn -0.6387655284073469 0.4557862494763457 -0.6198689333292721
vn -0.4294852134729556 0.4550325589385256 -0.780056293939064
vn -0.1153023768692835 -0.1887545439494459 -0.9752318104054699
vn 0.48833815535268665 -0.1658234685596038 -0.8567545875579525
vn -0.4082256855425474 -0.4260618167277016 -0.8073556329090716
vn -0.421101563595899 -0.3247375874450883 -0.8468878157332485
vn -0.07674459460454076 -0.8266550121137952 -0.5574511262398936
vn 0 0.9846922835111089 0.17430176933605096
vn 0.17300003745491763 0.9809425851134477 0.08844564292006492
vn 0.4087524018761536 0.08855694791800191 -0.9083386708358969
vn -0.706529837423423 -0.3336340532050382 -0.6241024814663126
vn -0.7126538776674276 -0.24472825969154471 -0.6574439364340712
vn -0.71707380003062 -0.23568376126323 -0.6559407976231263
vn -0.5995285760954757 -0.5559691870143695 -0.5757288854448008
vn -0.6445055403401161 -0.3981896757400903 -0.6527308714967424
vn -0.5250744804837089 -0.3089707478941966 -0.7929904582594068
vn -0.36621464989630476 -0.02838226790761346 -0.9300974556839448
vn -0.49382474238055646 -0.1618267238576263 -0.854370666197222
vn -0.24591736364212857 0.2076030912500635 -0.9467975532090918
vn -0.4270702372953061 -0.690589669471245 -0.5836924882471315
vn -0.5131664900048423 -0.6168320916065411 -0.5968067730014548
vn -0.6944678887733123 -0.08537228611042721 -0.7144409872249895
vn -0.45341181033582506 -0.02866564402819408 -0.89084005921402
vn -0.6512742161497247 -0.09511392497145076 -0.752858045487386
vn -0.5301637800712771 -0.027255142371510166 -0.8474570924329111
vn -0.7888646704471952 -0.025116149418842635 -0.6140535080582219
vn -0.7889007324628229 -0.025556406457762307 -0.6139890100063579
vn -0.576359493238985 -0.18918334374711843 -0.7949964760940518
vn 0.4734779785942788 0.29294411013800925 -0.8306638021015034
vn 0.3279977839224985 0.7491930856040911 -0.5754365075531367
vn 0.23783183760842994 0.8771199600299535 -0.4172488379095264
vn 0.4237119045971035 -0.40063073216171585 -0.812381214917149
vn 0.48928613543242333 0.02037494538751983 -0.8718852787345708
vn 0 -0.00757554019078554 -0.9999713051837127
vn -0.279791167887659 -0.9472490734943911 -0.15632048853582084
vn -0.10757077777248773 -0.984213729639734 -0.1405413183304705
vn 0 -0.9863009651496858 -0.1649557702682711
vn 0 -0.9863009651496857 -0.16495577026827105
vn 0.9998835342703031 -0.0038723565664371884 -0.014762206804890304
vn 0.9999696276892219 -0.0011430300439298257 -0.007709551309748781
vn 0.9999356964184317 -0.0012036384407193438 -0.011276270779395416
vn 0.999861802728481 -0.005819152220604762 -0.015572826075757894
vn 0.9998774385243819 -0.004647471875172414 -0.014950215218861055
vn 0.07241553497744133 0.9638448856008742 -0.25643522923921486
vn -0.18770041344083685 0.3253562906851702 -0.9267749667021257
vn -0.16061354519830567 0.2967321510941701 -0.9413571689884019
vn -0.1453257072493627 0.3076989168268855 -0.9403200600838175
vn -0.18769938013522233 0.32535618367558683 -0.9267752135447468
vn -0.14697660098864623 0.3048301680350489 -0.9409975809838982
vn -0.18770055852246884 0.32535651659657144 -0.9267748580094834
vn -0.18767372146579833 0.3253585468920122 -0.9267795801783164
vn -0.3969275483433689 0.3361761550539708 -0.8540691506776551
vn -0.4014490982258979 0.32310145923322403 -0.8569971228510483
vn -0.32679032824602733 0.3130581883238319 -0.8917413594132853
vn -0.3267910754416738 0.3130578496752141 -0.8917412044805406
vn -0.39692568810640755 0.3361768472572326 -0.8540697427549124
vn -0.3267857503314258 0.3130541329753639 -0.8917444607102252
vn -0.3267921246986399 0.31305701828560634 -0.8917411118351977
vn -0.46704967783197504 0.3805441652936315 -0.7981545819564163
vn -0.4341553207342431 0.32994528915433546 -0.8382393832569601
vn -0.7747169231509967 0.1289697466563179 -0.6190157457051138
vn -0.6521707234418601 0.25965678748989834 -0.7122160488192798
vn -0.008930071888172807 0.5038507035697956 -0.8637445932266635
vn 0 0 -1
vn 0 0 -1
vn 0 0 -1
vn 0 0 -1
vn 0 0 -1
vn 0 0 -1
vn 0 0 -1
vn 0 0 -1
vn 0 0 -1
vn 0 0 -1
vn 0 0 -1
vn 0 0 -1
vn -0.49538233225361356 0.868583370683326 -0.012620343234732725
vn -0.8659209837033879 0.49994295967102476 -0.015423587699797098
vn -0.9999032139886155 0 -0.013912679656962763
vn -0.8658357641454983 -0.4998937578168199 -0.020848511274420757
vn -0.49990974080650963 -0.8658634473159249 -0.019254652657243777
vn 0.499868753817803 -0.8657924562300553 -0.023122536447475382
vn 0.871407570394399 -0.4903147099830921 -0.015502626665403535
vn 0.999850027357249 -0.0009626617070593534 -0.0172915030042585
vn 0.8560338380616254 0.5167284832648119 -0.014062100708296577
vn 0.4986704864180174 0.8666489364884832 -0.015727900654545813
vn 0 -0.9998611035253658 -0.01666654304400556
vn -0.051449059204700075 -0.9985945802065234 -0.01272236963418865
vn -0.008884535644222697 0.9998365461077345 -0.015746304129622548
vn -0.01505220355909293 0.9998064256964069 -0.012670528962561626
vn 0.8727399888885351 -0.4881853252555222 0
vn 0.9028128074365714 -0.40364642413482593 -0.14831924693600823
vn 0.8671648686688229 -0.482807395756729 -0.12215608519099172
vn 0.8671654692700921 -0.482806014872991 -0.12215727939031011
vn 0.8115063767525167 -0.5687079859735544 -0.13427072346534158
vn 0.8115068516142805 -0.5687076270877273 -0.13426937355676005
vn 0.7959023531563736 -0.5577726032252897 -0.2354339978240848
vn 0.8733679912068911 -0.3904816853511966 -0.29112266373563034
vn 0.8732351150026519 -0.4031516443356389 -0.2737319593978316
vn 0.6985603441714205 -0.675705567490876 -0.23544730113751558
vn 0.7092677119121781 -0.6953605018746849 -0.11581487500079658
vn 0.9337628863744746 -0.15814151611583716 -0.321057834214016
vn 0.9230990407876776 -0.111649225004847 -0.3679981133819664
vn 0.9171643427926218 -0.029200999281861043 -0.39743788187680257
vn 0.9354472726637999 -0.030303775540134737 -0.3521648495433232
vn 0.9397070235155462 -0.1372374663597233 -0.313235674505182
vn 0.897966177921978 -0.0007195431884023856 -0.44006388805012703
vn 0.8556549675479732 0.1381045062809347 -0.49878023402634597
vn 0.7853445751610753 0.28036189151516516 -0.5519339707348235
vn 0.8480858349945478 0.2639531385768858 -0.45943351762470686
vn 0.9070351068960693 0.1509972022670947 -0.3930485463216298
vn 0.9881876307210992 -0.08645527878095126 -0.12653336026806775
vn 0.9864361391082805 -0.11930816088304624 -0.1127355587552322
vn 0.9732744080787586 -0.16483473404080395 -0.15989508132722471
vn 0.9935618621610801 0 -0.11329089133291725
vn 0.9685257029034618 0.15632207968497372 -0.19370433711799073
vn 0.9935323560694655 -0.000798307819234342 -0.11354655497936762
vn 0.9638067060480477 0.16724838798722894 -0.20761649764044698
vn 0.9572400807323932 0.19708164967161151 -0.21177877892309588
vn 0.9586585850324804 0.21026870574513182 -0.19173103225036403
vn 0.7776586444759129 0.21834125992588022 -0.5895541763789524
vn 0.9606321311932402 0.21815705289076684 -0.17202734896855307
vn 0.9642776321383089 0.15702388974920814 -0.2133357593226348
vn 0.9395037965070965 0.34195722631968 -0.01994672194881741
vn 0.9389377133652705 0.34174437101952293 -0.04008435226953068
vn 0.7367045211292615 0.6750672509304091 -0.03937836041489807
vn 0.6071562794732946 0.7912649814401985 -0.07253262329868496
vn 0.5328630235033865 0.8309383832336855 -0.15999500445894604
vn 0.5221450263695407 0.7760861748169139 -0.3536309102660606
vn 0.5350244430842369 0.7357145646255723 -0.4152985970361648
vn 0.5074388322435857 0.7066933752028444 -0.4930418896764026
vn 0.7717293357574281 0.5215606585488675 -0.3638795292201397
vn 0.7788761351834292 0.5476496530738834 -0.30566619624973224
vn 0.8205390482776379 0.5133240891633054 -0.25142404367182375
vn 0.7321074224031842 0.6708527069362026 -0.11821745919505842
vn 0.4830065896956744 0.6726673944287327 -0.5605561620239442
vn 0.7232108309265786 0.5305546028835708 -0.44212883573630923
vn 0.6071449132655959 0.5618607720315203 -0.5618607720315203
vn 0.6770543136163838 0.5674814533551599 -0.46857470750283065
vn 0.6660069564211057 0.6053512104138525 -0.43587228180876464
vn 0.4527227451771095 0.6304920800123746 -0.6304933409965341
vn 0.41766571743267306 0.5816720346853723 -0.6980064416224465
vn 0.6387655284073467 0.4557862494763456 -0.6198689333292721
vn 0.42948521347295565 0.4550325589385256 -0.780056293939064
vn 0.1153023768692835 -0.1887545439494459 -0.9752318104054699
vn -0.48833815535268665 -0.16582346855960384 -0.8567545875579525
vn 0.40822568554254735 -0.42606181672770166 -0.8073556329090716
vn 0.42110156359589906 -0.32473758744508835 -0.8468878157332487
vn 0.07674459460454079 -0.8266550121137954 -0.5574511262398936
vn 0 0.9846922835111089 0.17430176933605093
vn -0.17300003745491768 0.9809425851134477 0.08844564292006495
vn -0.4087524018761536 0.08855694791800187 -0.9083386708358969
vn 0.7065298374234231 -0.3336340532050382 -0.6241024814663126
vn 0.7126538776674276 -0.24472825969154471 -0.6574439364340712
vn 0.7170738000306203 -0.23568376126323 -0.6559407976231263
vn 0.5995285760954758 -0.5559691870143695 -0.5757288854448008
vn 0.6445055403401162 -0.3981896757400903 -0.6527308714967422
vn 0.5250744804837089 -0.30897074789419654 -0.7929904582594068
vn 0.3662146498963047 -0.028382267907613428 -0.9300974556839448
vn 0.4938247423805564 -0.16182672385762625 -0.8543706661972219
vn 0.24591736364212868 0.2076030912500635 -0.9467975532090918
vn 0.42707023729530613 -0.690589669471245 -0.5836924882471315
vn 0.5131664900048423 -0.6168320916065411 -0.5968067730014548
vn 0.6944678887733122 -0.08537228611042724 -0.7144409872249896
vn 0.45341181033582506 -0.02866564402819407 -0.89084005921402
vn 0.6512742161497247 -0.09511392497145073 -0.7528580454873861
vn 0.5301637800712771 -0.027255142371510156 -0.8474570924329111
vn 0.788864670447195 -0.02511614941884264 -0.6140535080582219
vn 0.7889007324628229 -0.025556406457762314 -0.6139890100063579
vn 0.5763594932389849 -0.1891833437471184 -0.7949964760940519
vn -0.4734779785942788 0.29294411013800925 -0.8306638021015034
vn -0.3279977839224985 0.7491930856040911 -0.5754365075531367
vn -0.23783183760843 0.8771199600299536 -0.4172488379095265
vn -0.4237119045971034 -0.40063073216171574 -0.8123812149171489
vn -0.48928613543242333 0.020374945387519848 -0.8718852787345708
vn 0 -0.00757554019078554 -0.9999713051837127
vn 0.279791167887659 -0.9472490734943911 -0.15632048853582084
vn 0.10757077777248772 -0.984213729639734 -0.14054131833047045
vn 0 -0.9863009651496858 -0.1649557702682711
vn 0 -0.9863009651496857 -0.16495577026827107
vn -0.9998835342703031 -0.0038723565664371493 -0.014762206804890302
vn -0.9999696276892219 -0.0011430300439298237 -0.007709551309748779
vn -0.9999356964184317 -0.0012036384407193438 -0.011276270779395414
vn -0.999861802728481 -0.005819152220604762 -0.015572826075757894
vn -0.9998774385243819 -0.004647471875172413 -0.014950215218861055
vn -0.07241553497744133 0.9638448856008742 -0.2564352292392149
vn 0.18770041344083685 0.32535629068517014 -0.9267749667021257
vn 0.16061354519830567 0.2967321510941701 -0.9413571689884019
vn 0.14532570724936272 0.3076989168268855 -0.9403200600838175
vn 0.18769938013522236 0.32535618367558683 -0.9267752135447468
vn 0.14697660098864623 0.304830168035049 -0.9409975809838982
vn 0.18770055852246875 0.3253565165965714 -0.9267748580094834
vn 0.18767372146579842 0.32535854689201227 -0.9267795801783164
vn 0.3969275483433689 0.3361761550539708 -0.8540691506776551
vn 0.40144909822589797 0.3231014592332241 -0.8569971228510483
vn 0.32679032824602733 0.313058188323832 -0.8917413594132853
vn 0.32679107544167374 0.31305784967521416 -0.8917412044805406
vn 0.39692568810640766 0.33617684725723257 -0.8540697427549124
vn 0.3267857503314258 0.3130541329753639 -0.8917444607102252
vn 0.32679212469863994 0.31305701828560634 -0.8917411118351974
vn 0.46704967783197504 0.3805441652936315 -0.7981545819564163
vn 0.43415532073424307 0.3299452891543354 -0.8382393832569599
vn 0.7747169231509967 0.1289697466563179 -0.6190157457051138
vn 0.65217072344186 0.25965678748989834 -0.7122160488192798
vn 0.008930071888172804 0.5038507035697956 -0.8637445932266635
vn 0 0 -1
vn 0 0 -1
vn 0 0 -1
vn 0 0 -1
vn 0 0 -1
vn 0 0 -1
vn 0 0 -1
vn 0 0 -1
vn 0 0 -1
vn 0 0 -1
vn 0 0 -1
vn 0 0 -1
vn 0.49538233225361356 0.868583370683326 -0.012620343234732722
vn 0.8659209837033879 0.4999429596710248 -0.015423587699797086
vn 0.9999032139886155 0 -0.013912679656962763
vn 0.8658357641454983 -0.4998937578168199 -0.020848511274420757
vn 0.49990974080650974 -0.8658634473159249 -0.01925465265724378
vn -0.499868753817803 -0.8657924562300553 -0.023122536447475354
vn -0.871407570394399 -0.4903147099830921 -0.015502626665403524
vn -0.999850027357249 -0.0009626617070593553 -0.017291503004258506
vn -0.8560338380616254 0.5167284832648119 -0.014062100708296566
vn -0.4986704864180174 0.8666489364884832 -0.0157279006545458
vn 0 -0.9998611035253658 -0.01666654304400556
vn 0.05144905920470006 -0.9985945802065234 -0.01272236963418865
vn 0.008884535644222697 0.9998365461077345 -0.015746304129622548
vn 0.01505220355909293 0.9998064256964069 -0.012670528962561626
vn -0.897966177921978 -0.0007195431884023856 -0.4400638880501269
vn -0.9070351068960693 0.15099720226709462 -0.3930485463216298
vn 1 0 0
vn -1 0 0
vn 0 1 0
vn 0 -1 0
vn 0 0 1
vn 0 0 -1
vn 1 0 0
vn -1 0 0
vn 0 1 0
vn 0 -1 0
vn 0 0 1
vn 0 0 -1
vn 0 0 -1
vn 0.7071067811865472 -0.7071067811865478 0
vn 0 0 1
vn 0 0 -1
vn 1 0 0
vn 0 0 1
vn 0 0 -1
vn 0.7071067811865472 0.7071067811865478 0
vn 0 0 1
vn 0 0 -1
vn 0 1 0
vn 0 0 1
vn 0 0 -1
vn -0.7071067811865472 0.7071067811865478 0
vn 0 0 1
vn 0 0 -1
vn -1 0 0
vn 0 0 1
vn 0 0 -1
vn -0.7071067811865472 -0.7071067811865478 0
vn 0 0 1
vn 0 0 -1
vn 0 -1 0
vn 0 0 1
vn 1 0 0
vn -1 0 0
vn 0 1 0
vn 0 -1 0
vn 0 0 1
vn 0 0 -1
vn 1 0 0
vn -1 0 0
vn 0 1 0
vn 0 -1 0
vn 0 0 1
vn 0 0 -1
vn 0 0 -1
vn 0.30614661198557863 0.7391035586519986 0.6000001512980669
vn 0 0 -1
vn 0.5656854579309629 0.5656854579309648 0.5999999378090562
vn 0 0 -1
vn 0.739103558651998 0.3061466119855798 0.6000001512980673
vn 0 0 -1
vn 0.8 0 0.6
vn 0 0 -1
vn 0.7391035586519976 -0.30614661198558063 0.600000151298067
vn 0 0 -1
vn 0.5656854579309643 -0.5656854579309638 0.599999937809056
vn 0 0 -1
vn 0.30614661198558063 -0.7391035586519976 0.600000151298067
vn 0 0 -1
vn 0 -0.8 0.6000000000000001
vn 0 0 -1
vn -0.3061466119855804 -0.7391035586519977 0.600000151298067
vn 0 0 -1
vn -0.5656854579309644 -0.5656854579309637 0.5999999378090561
vn 0 0 -1
vn -0.7391035586519976 -0.3061466119855805 0.6000001512980672
vn 0 0 -1
vn -0.8 0 0.6
vn 0 0 -1
vn -0.739103558651998 0.30614661198557963 0.6000001512980673
vn 0 0 -1
vn -0.565685457930963 0.5656854579309648 0.5999999378090562
vn 0 0 -1
vn -0.30614661198557847 0.7391035586519988 0.6000001512980669
vn 0 0 -1
vn 0 0.8000000000000004 0.5999999999999995
vn 0 0 1
vn 0.30614661198557847 0.7391035586519988 -0.6000001512980669
vn 0 0 1
vn 0.565685457930963 0.5656854579309648 -0.5999999378090562
vn 0 0 1
vn 0.739103558651998 0.30614661198557963 -0.6000001512980673
vn 0 0 1
vn 0.8 0 -0.6
vn 0 0 1
vn 0.7391035586519976 -0.3061466119855805 -0.6000001512980672
vn 0 0 1
vn 0.5656854579309644 -0.5656854579309637 -0.5999999378090561
vn 0 0 1
vn 0.3061466119855804 -0.7391035586519977 -0.600000151298067
vn 0 0 1
vn 0 -0.8 -0.6000000000000001
vn 0 0 1
vn -0.30614661198558063 -0.7391035586519976 -0.600000151298067
vn 0 0 1
vn -0.5656854579309643 -0.5656854579309638 -0.599999937809056
vn 0 0 1
vn -0.7391035586519976 -0.30614661198558063 -0.600000151298067
vn 0 0 1
vn -0.8 0 -0.6
vn 0 0 1
vn -0.739103558651998 0.3061466119855798 -0.6000001512980673
vn 0 0 1
vn -0.5656854579309629 0.5656854579309648 -0.5999999378090562
vn 0 0 1
vn -0.30614661198557863 0.7391035586519986 -0.6000001512980669
vn 0 0 1
vn 0 0.8000000000000004 -0.5999999999999995
vn -0.44532824960252076 0.4511500595053667 -0.7733992331999425
vn 0.44532824960252076 0.4511500595053667 -0.7733992331999426
vn 0 -1 0
vn 0 -1 0
vn 0.03548167593044022 -0.9991052821878457 -0.023014903378301272
vn -0.03548167593044021 -0.9991052821878457 -0.02301490337830128
vn 0 -0.9959351001296577 0.09007372718905754
vn 0 -0.7111997761139852 0.7029899561554328
vn 0 0 1
vn 0 -0.9999551625119163 -0.009469581076651181
vn 0 -0.9999999999875001 0.000004999999999945585
vn -1 0 0
vn 1.5166340659306255e-7 0.820126954301174 -0.5721815960240744
vn -4.576610675178633e-8 0.8201269543011827 -0.5721815960240804
vn 0 0.8201271644531958 -0.5721812948060788
vn 0 0.8201260992728743 -0.5721828215627062
vn 5.945028540783597e-8 0.9052362330100898 -0.424908651883789
vn 0 0.9052361041990339 -0.4249089263060453
vn -4.154099038705372e-7 0.9052362302157833 -0.42490865783665205
vn 0 0.9052364031895345 -0.4249082893289739
vn 0 0.9052373956954931 -0.42490617486033505
vn 0 0.8201266790661085 -0.5721819905274865
vn 0 0.3006351864209296 -0.9537392120939837
vn -0.16488802605702596 0.30013052638000437 -0.9395390391026224
vn 0 0.3042956359573106 -0.9525776429967984
vn 0.16491980239660434 0.3001289097252641 -0.9395339782703921
vn 0 0.8645063183679149 -0.5026219508755597
vn -4.3612266154509644e-7 0.8645071822770503 -0.5026204649546264
vn 0 0.8645088481114506 -0.5026175997087776
vn 0 0.8645082519104245 -0.5026186251809441
vn 0 0.8645049064644218 -0.5026243793320632
vn 7.979813169494019e-7 0.8645080445594814 -0.5026189818255027
vn -0.9940162220065718 0 -0.10923255186885403
vn 0.996194692520059 -0.0871558064323045 0
vn 1 0 0
vn 0.9841021788496206 0.17352313330451827 -0.03785001706224186
vn 0.9653898348213003 0.25867593276767575 -0.033305084153560226
vn 0.9653518414788547 0.25866776090313504 -0.034450132405304854
vn 0.9959315481896036 0.0871327277288129 -0.022983452290635458
vn 0.9940162220065718 0 -0.10923255186885403
vn 1 0 0
vn -1 0 0
vn 0 0.8571645141830849 0.5150427124280823
vn 0 -0.8571645141830849 -0.5150427124280823
vn 0 0.5150427124280836 -0.8571645141830841
vn 0.010566956400801407 0.599854966202411 -0.8000389733973765
vn 0.007135630807367395 0.6405185796710269 -0.7679095206267411
vn 0.010566956400801407 0.599854966202411 -0.8000389733973765
vn 0.007135630807367381 0.640518579671027 -0.767909520626741
vn -0.010566956400801164 -0.5998549662024113 0.8000389733973763
vn -0.0071356308073687235 -0.6405185796710261 0.7679095206267418
vn -0.010566956400801164 -0.5998549662024113 0.8000389733973763
vn -0.007135630807368692 -0.6405185796710253 0.7679095206267426
vn -0.0049623559546834685 -0.6492751132395929 0.7605374430960602
vn -0.0059801556190244255 -0.6243300102780377 0.7811378085875741
vn -0.002249845853028536 -0.7145451541297115 0.6995857066174127
vn -0.40755702343500083 0.9110929381570483 -0.061700329732986094
vn 0 0 -1
vn -0.6548939545315137 0.7511134064244436 -0.08332201994397774
vn 0 0 -1
vn -0.8457226572522559 0.5208753927567578 -0.11593969221399975
vn 0 0 -1
vn -0.9476313176795709 0.2760943325846699 -0.16052042009509587
vn 0 0 -1
vn -0.9684482021615641 0.051327820709917274 -0.24387196343820436
vn 0 0 -1
vn -0.9080229623842758 -0.20353222278006927 -0.36615424901684307
vn 0 0 -1
vn -0.5425433967858055 -0.668809369836689 -0.5082722591513047
vn 0 0 -1
vn 0 -0.7829381735429162 -0.6220995229135629
vn 0 0 -1
vn 0.5073549489034156 -0.7938754248219108 -0.33519064081063377
vn 0 0 -1
vn 0 0 -1
vn 0.9723653008200326 -0.15236106950868125 -0.17689495826432836
vn 0 0 -1
vn 0.9696544648790344 0.20661343535439933 -0.13069470942317143
vn 0 0 -1
vn 0.8342322871055273 0.5431078020903076 -0.09534362306581524
vn 0 0 -1
vn 0.6611519439630418 0.7464769655769579 -0.0751681239416558
vn 0 0 -1
vn 0.3846523482416699 0.92097684024796 -0.062001860609603124
vn 0 0 -1
vn 0 0.9985348927013664 -0.054111625903040646
vn 0 0 -1
vn 0.8362989555568731 -0.5042585734149441 -0.2152378871667551
vn 0.0059801556190246016 0.6243300102780377 -0.7811378085875741
vn 0.0022498458530283887 0.7145451541297115 -0.6995857066174127
vn 0.004962355954683461 0.6492751132395929 -0.7605374430960602
usemtl m_7b077a46-c302-2e02-dfaf-ad9f8f56482e
f 65/143/47 64/144/47 62/145/47 63/146/47
f 69/147/48 68/148/48 66/149/48 67/150/48
f 73/151/49 71/152/49 70/153/49 72/154/49
f 77/155/50 76/156/50 74/157/50 75/158/50
f 81/159/51 80/160/51 78/161/51 79/162/51
f 85/163/52 84/164/52 82/165/52 83/166/52
f 89/167/53 88/168/53 86/169/53 87/170/53
f 101/171/54 100/172/54 98/173/54 99/174/54
f 105/175/55 104/176/55 102/177/55 103/178/55
f 107/179/56 109/180/56 110/181/56 111/182/56
f 111/183/57 110/184/57 112/185/57 113/186/57
f 113/187/58 112/188/58 108/189/58 106/190/58
f 116/191/59 114/192/59 115/193/59 117/194/59
f 118/195/60 121/196/60 122/197/60
f 121/198/61 119/199/61 123/200/61
f 122/201/62 121/202/62 124/203/62
f 121/204/63 123/205/63 124/206/63
f 124/207/64 123/208/64 120/209/64 125/210/64
f 125/211/65 122/212/65 124/213/65
f 129/214/66 131/215/66 130/216/66 127/217/66
f 131/218/67 128/219/67 126/220/67 132/221/67
f 132/222/68 130/223/68 131/224/68
f 136/225/69 135/226/69 133/227/69 134/228/69
f 139/229/70 137/230/70 138/231/70 140/232/70
f 143/233/71 146/234/71 147/235/71
f 146/236/72 141/237/72 145/238/72
f 141/239/73 142/240/73 145/241/73
f 145/242/74 147/243/74 146/244/74
f 144/245/75 143/246/75 147/247/75
f 153/248/76 148/249/76 152/250/76
f 148/251/77 149/252/77 152/253/77
f 152/254/78 154/255/78 153/256/78
f 157/257/79 155/258/79 159/259/79
f 155/260/80 156/261/80 159/262/80
f 159/263/81 158/264/81 157/265/81
f 162/266/82 160/267/82 164/268/82
f 160/269/83 161/270/83 164/271/83
f 164/272/84 163/273/84 162/274/84
f 167/275/85 165/276/85 169/277/85
f 165/278/86 166/279/86 169/280/86
f 169/281/87 168/282/87 167/283/87
f 172/284/88 170/285/88 171/286/88 173/287/88
f 176/288/89 174/289/89 175/290/89 177/291/89
f 180/292/90 178/293/90 179/294/90 181/295/90
f 183/296/91 182/297/91 185/298/91
f 185/299/92 184/300/92 183/301/92
f 188/302/93 191/303/93 190/304/93 189/305/93
f 192/306/94 186/307/94 187/308/94 194/309/94
f 191/310/95 193/311/95 195/312/95 190/313/95
f 193/314/96 192/315/96 194/316/96 195/317/96
f 198/318/97 196/319/97 197/320/97 199/321/97
f 202/322/98 200/323/98 201/324/98 203/325/98
f 206/326/99 204/327/99 205/328/99 207/329/99
f 210/330/100 208/331/100 209/332/100 211/333/100
f 214/334/101 212/335/101 213/336/101 215/337/101
f 218/338/102 216/339/102 217/340/102 219/341/102
f 222/342/103 220/343/103 221/344/103 223/345/103
f 226/346/104 224/347/104 225/348/104 227/349/104
f 230/350/105 228/351/105 229/352/105 231/353/105
f 234/354/106 232/355/106 233/356/106 235/357/106
f 238/358/107 236/359/107 237/360/107 239/361/107
f 242/362/108 240/363/108 244/364/108
f 244/365/109 241/366/109 243/367/109
f 243/368/110 245/369/110 244/370/110
f 245/371/111 242/372/111 244/373/111
f 248/374/112 246/375/112 247/376/112 249/377/112
f 252/378/113 250/379/113 251/380/113 253/381/113
f 256/382/114 254/383/114 255/384/114 257/385/114
f 261/386/115 258/387/115 260/388/115 259/389/115
f 265/390/116 264/391/116 262/392/116 263/393/116
f 270/394/117 266/395/117 267/396/117
f 269/397/118 268/398/118 271/399/118 267/400/118
f 271/401/119 270/402/119 267/403/119
f 275/404/120 274/405/120 272/406/120 273/407/120
f 277/408/121 276/409/121 278/410/121
f 279/411/122 277/412/122 278/413/122
f 283/414/123 282/415/123 280/416/123 281/417/123
f 287/418/124 288/419/124 285/420/124
f 288/421/125 286/422/125 284/423/125
f 284/424/126 285/425/126 288/426/126
f 292/427/127 291/428/127 293/429/127
f 291/430/128 289/431/128 293/432/128
f 289/433/129 290/434/129 293/435/129
f 297/436/130 296/437/130 294/438/130 295/439/130
f 301/440/131 300/441/131 298/442/131 302/443/131
f 298/444/132 299/445/132 302/446/132
f 306/447/133 305/448/133 307/449/133 303/450/133
f 307/451/134 304/452/134 303/453/134
f 311/454/135 310/455/135 312/456/135
f 312/457/136 310/458/136 308/459/136 309/460/136
f 316/461/137 315/462/137 313/463/137 314/464/137
f 320/465/138 319/466/138 317/467/138 318/468/138
f 324/469/139 323/470/139 321/471/139 322/472/139
f 328/473/140 327/474/140 325/475/140 326/476/140
f 332/477/141 331/478/141 329/479/141 330/480/141
f 336/481/142 333/482/142 334/483/142 335/484/142
f 339/485/143 340/486/143 337/487/143 338/488/143
f 343/489/144 344/490/144 341/491/144 342/492/144
f 348/493/145 347/494/145 345/495/145 346/496/145
f 352/497/146 351/498/146 349/499/146 350/500/146
f 356/501/147 355/502/147 353/503/147 354/504/147
f 360/505/148 359/506/148 361/507/148
f 363/508/149 361/509/149 357/510/149 358/511/149
f 358/512/150 362/513/150 363/514/150
f 363/515/151 362/516/151 360/517/151 361/518/151
f 365/519/152 372/520/152 371/521/152
f 367/522/153 366/523/153 364/524/153 368/525/153
f 364/526/154 365/527/154 369/528/154 368/529/154
f 370/530/155 369/531/155 365/532/155
f 371/533/156 370/534/156 365/535/156
f 376/536/157 375/537/157 373/538/157 374/539/157
f 379/540/158 377/541/158 386/542/158 387/543/158
f 385/544/159 377/545/159 378/546/159 384/547/159
f 383/548/160 378/549/160 380/550/160 382/551/160
f 381/552/161 382/553/161 380/554/161
f 383/555/162 384/556/162 378/557/162
f 385/558/163 386/559/163 377/560/163
f 387/561/164 388/562/164 379/563/164
f 392/564/165 391/565/165 396/566/165 397/567/165
f 391/568/166 389/569/166 394/570/166 395/571/166
f 399/572/167 390/573/167 392/574/167 398/575/167
f 393/576/168 394/577/168 389/578/168
f 395/579/169 396/580/169 391/581/169
f 397/582/170 398/583/170 392/584/170
f 399/585/171 400/586/171 390/587/171
f 406/588/172 403/589/172 401/590/172 405/591/172
f 401/592/173 402/593/173 405/594/173
f 404/595/174 407/596/174 405/597/174
f 407/598/175 406/599/175 405/600/175
f 411/601/176 410/602/176 408/603/176 409/604/176
f 414/605/177 413/606/177 412/607/177
f 415/608/178 414/609/178 412/610/178
f 416/611/179 415/612/179 412/613/179
f 417/614/180 416/615/180 412/616/180
f 418/617/181 417/618/181 412/619/181
f 419/620/182 418/621/182 412/622/182
f 420/623/183 419/624/183 412/625/183
f 421/626/184 420/627/184 412/628/184
f 422/629/185 421/630/185 412/631/185
f 423/632/186 422/633/186 412/634/186
f 424/635/187 423/636/187 412/637/187
f 413/638/188 424/639/188 412/640/188
f 414/641/189 425/642/189 426/643/189 413/644/189
f 414/645/190 415/646/190 427/647/190 425/648/190
f 415/649/191 416/650/191 428/651/191 427/652/191
f 416/653/192 417/654/192 429/655/192 428/656/192
f 417/657/193 418/658/193 430/659/193 429/660/193
f 419/661/194 420/662/194 432/663/194 431/664/194
f 421/665/195 433/666/195 432/667/195 420/668/195
f 422/669/196 434/670/196 433/671/196 421/672/196
f 423/673/197 435/674/197 434/675/197 422/676/197
f 424/677/198 436/678/198 435/679/198 423/680/198
f 418/681/199 419/682/199 431/683/199 437/684/199
f 430/685/200 418/686/200 437/687/200
f 438/688/201 436/689/201 424/690/201 413/691/201
f 426/692/202 438/693/202 413/694/202
f 442/695/203 439/696/203 443/697/203
f 440/698/204 442/699/204 444/700/204
f 442/701/205 443/702/205 445/703/205
f 444/704/206 442/705/206 445/706/206
f 441/707/207 444/708/207 445/709/207 446/710/207
f 443/711/208 446/712/208 445/713/208
f 451/714/209 452/715/209 450/716/209 448/717/209
f 447/718/210 449/719/210 452/720/210 453/721/210
f 451/722/211 453/723/211 452/724/211
f 454/725/212 456/726/212 457/727/212 455/728/212
f 459/729/213 458/730/213 460/731/213 461/732/213
f 467/733/214 464/734/214 468/735/214
f 462/736/215 467/737/215 466/738/215
f 463/739/216 462/740/216 466/741/216
f 468/742/217 466/743/217 467/744/217
f 464/745/218 465/746/218 468/747/218
f 474/748/219 471/749/219 475/750/219
f 469/751/220 474/752/220 473/753/220
f 470/754/221 469/755/221 473/756/221
f 475/757/222 473/758/222 474/759/222
f 471/760/223 472/761/223 475/762/223
f 476/763/224 478/764/224 480/765/224
f 477/766/225 476/767/225 480/768/225
f 479/769/226 480/770/226 478/771/226
f 481/772/227 483/773/227 485/774/227
f 482/775/228 481/776/228 485/777/228
f 484/778/229 485/779/229 483/780/229
f 486/781/230 488/782/230 490/783/230
f 487/784/231 486/785/231 490/786/231
f 489/787/232 490/788/232 488/789/232
f 492/790/233 491/791/233 493/792/233 494/793/233
f 495/794/234 496/795/234 498/796/234
f 497/797/235 498/798/235 496/799/235
f 500/800/236 499/801/236 501/802/236 503/803/236
f 503/804/237 501/805/237 502/806/237 504/807/237
f 506/808/238 505/809/238 507/810/238 508/811/238
f 510/812/239 509/813/239 511/814/239 512/815/239
f 514/816/240 513/817/240 515/818/240 516/819/240
f 518/820/241 517/821/241 519/822/241 520/823/241
f 522/824/242 521/825/242 523/826/242 524/827/242
f 526/828/243 525/829/243 527/830/243 528/831/243
f 530/832/244 529/833/244 531/834/244 532/835/244
f 534/836/245 533/837/245 535/838/245 536/839/245
f 538/840/246 537/841/246 539/842/246 540/843/246
f 542/844/247 541/845/247 543/846/247 544/847/247
f 546/848/248 545/849/248 547/850/248 548/851/248
f 549/852/249 551/853/249 553/854/249
f 550/855/250 553/856/250 552/857/250
f 554/858/251 552/859/251 553/860/251
f 551/861/252 554/862/252 553/863/252
f 556/864/253 555/865/253 557/866/253 558/867/253
f 560/868/254 559/869/254 561/870/254 562/871/254
f 564/872/255 563/873/255 565/874/255 566/875/255
f 569/876/256 567/877/256 570/878/256 568/879/256
f 571/880/257 573/881/257 574/882/257 572/883/257
f 575/884/258 579/885/258 576/886/258
f 580/887/259 577/888/259 578/889/259 576/890/259
f 579/891/260 580/892/260 576/893/260
f 581/894/261 583/895/261 584/896/261 582/897/261
f 585/898/262 586/899/262 587/900/262
f 586/901/263 588/902/263 587/903/263
f 589/904/264 591/905/264 592/906/264 590/907/264
f 597/908/265 596/909/265 594/910/265
f 595/911/266 597/912/266 593/913/266
f 594/914/267 593/915/267 597/916/267
f 600/917/268 601/918/268 602/919/268
f 598/920/269 600/921/269 602/922/269
f 599/923/270 598/924/270 602/925/270
f 603/926/271 605/927/271 606/928/271 604/929/271
f 607/930/272 609/931/272 610/932/272 611/933/272
f 608/934/273 607/935/273 611/936/273
f 616/937/274 614/938/274 615/939/274 612/940/274
f 613/941/275 616/942/275 612/943/275
f 619/944/276 620/945/276 621/946/276
f 617/947/277 619/948/277 621/949/277 618/950/277
f 622/951/278 624/952/278 625/953/278 623/954/278
f 626/955/279 628/956/279 629/957/279 627/958/279
f 630/959/280 632/960/280 633/961/280 631/962/280
f 634/963/281 636/964/281 637/965/281 635/966/281
f 638/967/282 640/968/282 641/969/282 639/970/282
f 643/971/283 642/972/283 645/973/283 644/974/283
f 646/975/284 649/976/284 648/977/284 647/978/284
f 650/979/285 653/980/285 652/981/285 651/982/285
f 654/983/286 656/984/286 657/985/286 655/986/286
f 658/987/287 660/988/287 661/989/287 659/990/287
f 662/991/288 664/992/288 665/993/288 663/994/288
f 668/995/289 669/996/289 670/997/289
f 666/998/290 670/999/290 672/1000/290 667/1001/290
f 671/1002/291 667/1003/291 672/1004/291
f 669/1005/292 671/1006/292 672/1007/292 670/1008/292
f 681/1009/293 674/1010/293 680/1011/293
f 673/1012/294 675/1013/294 676/1014/294 677/1015/294
f 678/1016/295 674/1017/295 673/1018/295 677/1019/295
f 678/1020/296 679/1021/296 674/1022/296
f 679/1023/297 680/1024/297 674/1025/297
f 682/1026/298 684/1027/298 685/1028/298 683/1029/298
f 695/1030/299 686/1031/299 688/1032/299 696/1033/299
f 687/1034/300 686/1035/300 694/1036/300 693/1037/300
f 689/1038/301 687/1039/301 692/1040/301 691/1041/301
f 691/1042/302 690/1043/302 689/1044/302
f 693/1045/303 692/1046/303 687/1047/303
f 695/1048/304 694/1049/304 686/1050/304
f 697/1051/305 696/1052/305 688/1053/305
f 705/1054/306 700/1055/306 701/1056/306 706/1057/306
f 703/1058/307 698/1059/307 700/1060/307 704/1061/307
f 701/1062/308 699/1063/308 708/1064/308 707/1065/308
f 703/1066/309 702/1067/309 698/1068/309
f 705/1069/310 704/1070/310 700/1071/310
f 707/1072/311 706/1073/311 701/1074/311
f 709/1075/312 708/1076/312 699/1077/312
f 710/1078/313 712/1079/313 715/1080/313 714/1081/313
f 711/1082/314 710/1083/314 714/1084/314
f 716/1085/315 713/1086/315 714/1087/315
f 715/1088/316 716/1089/316 714/1090/316
f 717/1091/317 719/1092/317 720/1093/317 718/1094/317
f 722/1095/318 723/1096/318 721/1097/318
f 723/1098/319 724/1099/319 721/1100/319
f 724/1101/320 725/1102/320 721/1103/320
f 725/1104/321 726/1105/321 721/1106/321
f 726/1107/322 727/1108/322 721/1109/322
f 727/1110/323 728/1111/323 721/1112/323
f 728/1113/324 729/1114/324 721/1115/324
f 729/1116/325 730/1117/325 721/1118/325
f 730/1119/326 731/1120/326 721/1121/326
f 731/1122/327 732/1123/327 721/1124/327
f 732/1125/328 733/1126/328 721/1127/328
f 733/1128/329 722/1129/329 721/1130/329
f 735/1131/330 734/1132/330 723/1133/330 722/1134/330
f 736/1135/331 724/1136/331 723/1137/331 734/1138/331
f 737/1139/332 725/1140/332 724/1141/332 736/1142/332
f 738/1143/333 726/1144/333 725/1145/333 737/1146/333
f 739/1147/334 727/1148/334 726/1149/334 738/1150/334
f 741/1151/335 729/1152/335 728/1153/335 740/1154/335
f 741/1155/336 742/1156/336 730/1157/336 729/1158/336
f 742/1159/337 743/1160/337 731/1161/337 730/1162/337
f 743/1163/338 744/1164/338 732/1165/338 731/1166/338
f 744/1167/339 745/1168/339 733/1169/339 732/1170/339
f 740/1171/340 728/1172/340 727/1173/340 746/1174/340
f 727/1175/341 739/1176/341 746/1177/341
f 733/1178/342 745/1179/342 747/1180/342 722/1181/342
f 747/1182/343 735/1183/343 722/1184/343
f 150/1185/344 153/1186/344 154/1187/344
f 151/1188/345 150/1189/345 154/1190/345
f 749/1191/346 748/1192/346 750/1193/346 751/1194/346
f 754/1195/347 752/1196/347 753/1197/347 755/1198/347
f 752/1199/348 748/1200/348 749/1201/348 753/1202/348
f 751/1203/349 750/1204/349 754/1205/349 755/1206/349
f 750/1207/350 748/1208/350 752/1209/350 754/1210/350
f 753/1211/351 749/1212/351 751/1213/351 755/1214/351
f 757/1215/352 756/1216/352 758/1217/352 759/1218/352
f 762/1219/353 760/1220/353 761/1221/353 763/1222/353
f 760/1223/354 756/1224/354 757/1225/354 761/1226/354
f 759/1227/355 758/1228/355 762/1229/355 763/1230/355
f 758/1231/356 756/1232/356 760/1233/356 762/1234/356
f 761/1235/357 757/1236/357 759/1237/357 763/1238/357
f 768/1239/358 766/1240/358 764/1241/358
f 766/1242/359 768/1243/359 769/1244/359 767/1245/359
f 767/1246/360 769/1247/360 765/1248/360
f 770/1249/361 768/1250/361 764/1251/361
f 768/1252/362 770/1253/362 771/1254/362 769/1255/362
f 769/1256/363 771/1257/363 765/1258/363
f 772/1259/364 770/1260/364 764/1261/364
f 770/1262/365 772/1263/365 773/1264/365 771/1265/365
f 771/1266/366 773/1267/366 765/1268/366
f 774/1269/367 772/1270/367 764/1271/367
f 772/1272/368 774/1273/368 775/1274/368 773/1275/368
f 773/1276/369 775/1277/369 765/1278/369
f 776/1279/370 774/1280/370 764/1281/370
f 774/1282/371 776/1283/371 777/1284/371 775/1285/371
f 775/1286/372 777/1287/372 765/1288/372
f 778/1289/373 776/1290/373 764/1291/373
f 776/1292/374 778/1293/374 779/1294/374 777/1295/374
f 777/1296/375 779/1297/375 765/1298/375
f 780/1299/376 778/1300/376 764/1301/376
f 778/1302/377 780/1303/377 781/1304/377 779/1305/377
f 779/1306/378 781/1307/378 765/1308/378
f 766/1309/379 780/1310/379 764/1311/379
f 780/1312/380 766/1313/380 767/1314/380 781/1315/380
f 781/1316/381 767/1317/381 765/1318/381
f 783/1319/382 782/1320/382 784/1321/382 785/1322/382
f 788/1323/383 786/1324/383 787/1325/383 789/1326/383
f 786/1327/384 782/1328/384 783/1329/384 787/1330/384
f 785/1331/385 784/1332/385 788/1333/385 789/1334/385
f 784/1335/386 782/1336/386 786/1337/386 788/1338/386
f 787/1339/387 783/1340/387 785/1341/387 789/1342/387
f 791/1343/388 790/1344/388 792/1345/388 793/1346/388
f 796/1347/389 794/1348/389 795/1349/389 797/1350/389
f 794/1351/390 790/1352/390 791/1353/390 795/1354/390
f 793/1355/391 792/1356/391 796/1357/391 797/1358/391
f 792/1359/392 790/1360/392 794/1361/392 796/1362/392
f 795/1363/393 791/1364/393 793/1365/393 797/1366/393
f 800/1367/394 801/1368/394 798/1369/394
f 801/1370/395 800/1371/395 799/1372/395
f 801/1373/396 802/1374/396 798/1375/396
f 802/1376/397 801/1377/397 799/1378/397
f 802/1379/398 803/1380/398 798/1381/398
f 803/1382/399 802/1383/399 799/1384/399
f 803/1385/400 804/1386/400 798/1387/400
f 804/1388/401 803/1389/401 799/1390/401
f 804/1391/402 805/1392/402 798/1393/402
f 805/1394/403 804/1395/403 799/1396/403
f 805/1397/404 806/1398/404 798/1399/404
f 806/1400/405 805/1401/405 799/1402/405
f 806/1403/406 807/1404/406 798/1405/406
f 807/1406/407 806/1407/407 799/1408/407
f 807/1409/408 808/1410/408 798/1411/408
f 808/1412/409 807/1413/409 799/1414/409
f 808/1415/410 809/1416/410 798/1417/410
f 809/1418/411 808/1419/411 799/1420/411
f 809/1421/412 810/1422/412 798/1423/412
f 810/1424/413 809/1425/413 799/1426/413
f 810/1427/414 811/1428/414 798/1429/414
f 811/1430/415 810/1431/415 799/1432/415
f 811/1433/416 812/1434/416 798/1435/416
f 812/1436/417 811/1437/417 799/1438/417
f 812/1439/418 813/1440/418 798/1441/418
f 813/1442/419 812/1443/419 799/1444/419
f 813/1445/420 814/1446/420 798/1447/420
f 814/1448/421 813/1449/421 799/1450/421
f 814/1451/422 815/1452/422 798/1453/422
f 815/1454/423 814/1455/423 799/1456/423
f 815/1457/424 800/1458/424 798/1459/424
f 800/1460/425 815/1461/425 799/1462/425
f 819/1463/426 818/1464/426 816/1465/426
f 818/1466/427 819/1467/427 817/1468/427
f 820/1469/428 819/1470/428 816/1471/428
f 819/1472/429 820/1473/429 817/1474/429
f 821/1475/430 820/1476/430 816/1477/430
f 820/1478/431 821/1479/431 817/1480/431
f 822/1481/432 821/1482/432 816/1483/432
f 821/1484/433 822/1485/433 817/1486/433
f 823/1487/434 822/1488/434 816/1489/434
f 822/1490/435 823/1491/435 817/1492/435
f 824/1493/436 823/1494/436 816/1495/436
f 823/1496/437 824/1497/437 817/1498/437
f 825/1499/438 824/1500/438 816/1501/438
f 824/1502/439 825/1503/439 817/1504/439
f 826/1505/440 825/1506/440 816/1507/440
f 825/1508/441 826/1509/441 817/1510/441
f 827/1511/442 826/1512/442 816/1513/442
f 826/1514/443 827/1515/443 817/1516/443
f 828/1517/444 827/1518/444 816/1519/444
f 827/1520/445 828/1521/445 817/1522/445
f 829/1523/446 828/1524/446 816/1525/446
f 828/1526/447 829/1527/447 817/1528/447
f 830/1529/448 829/1530/448 816/1531/448
f 829/1532/449 830/1533/449 817/1534/449
f 831/1535/450 830/1536/450 816/1537/450
f 830/1538/451 831/1539/451 817/1540/451
f 832/1541/452 831/1542/452 816/1543/452
f 831/1544/453 832/1545/453 817/1546/453
f 833/1547/454 832/1548/454 816/1549/454
f 832/1550/455 833/1551/455 817/1552/455
f 818/1553/456 833/1554/456 816/1555/456
f 833/1556/457 818/1557/457 817/1558/457
f 835/1559/458 834/1560/458 836/1561/458
f 837/1562/459 838/1563/459 839/1564/459
f 841/1565/460 840/1566/460 844/1567/460 845/1568/460
f 845/1569/461 844/1570/461 842/1571/461 843/1572/461
f 850/1573/462 846/1574/462 848/1575/462
f 849/1576/463 847/1577/463 851/1578/463
f 851/1579/464 850/1580/464 848/1581/464 849/1582/464
f 853/1583/465 852/1584/465 854/1585/465 855/1586/465
f 857/1587/466 856/1588/466 858/1589/466 859/1590/466
f 864/1591/467 861/1592/467 860/1593/467 865/1594/467
f 864/1595/468 865/1596/468 862/1597/468 863/1598/468
f 868/1599/469 866/1600/469 867/1601/469 869/1602/469
f 93/1603/470 92/1604/470 874/1605/470 873/1606/470
f 871/1607/471 90/1608/471 91/1609/471 872/1610/471
f 91/1611/472 93/1612/472 873/1613/472 872/1614/472
f 875/1615/473 874/1616/473 92/1617/473
f 877/1618/474 97/1619/474 96/1620/474 878/1621/474
f 878/1622/475 96/1623/475 94/1624/475 879/1625/475
f 94/1626/476 95/1627/476 880/1628/476 879/1629/476
f 877/1630/477 876/1631/477 97/1632/477
f 881/1633/478 880/1634/478 95/1635/478
f 871/1636/479 870/1637/479 90/1638/479
f 885/1639/480 884/1640/480 882/1641/480 883/1642/480
f 891/1643/481 889/1644/481 888/1645/481 890/1646/481
f 890/1647/482 892/1648/482 893/1649/482 891/1650/482
f 892/1651/483 886/1652/483 887/1653/483 893/1654/483
f 901/1655/484 894/1656/484 900/1657/484
f 894/1658/485 895/1659/485 899/1660/485 900/1661/485
f 895/1662/486 898/1663/486 899/1664/486
f 904/1665/487 905/1666/487 897/1667/487 896/1668/487
f 896/1669/488 902/1670/488 903/1671/488
f 903/1672/489 904/1673/489 896/1674/489
f 908/1675/490 906/1676/490 907/1677/490 909/1678/490
f 911/1679/491 910/1680/491 912/1681/491 913/1682/491
f 915/1683/492 914/1684/492 916/1685/492 917/1686/492
f 919/1687/493 918/1688/493 920/1689/493 921/1690/493
f 924/1691/494 925/1692/494 922/1693/494 923/1694/494
f 927/1695/495 926/1696/495 925/1697/495 924/1698/495
f 929/1699/496 928/1700/496 930/1701/496 931/1702/496
f 933/1703/497 932/1704/497 934/1705/497 935/1706/497
f 939/1707/498 937/1708/498 936/1709/498 938/1710/498
f 942/1711/499 940/1712/499 941/1713/499 943/1714/499
f 936/1715/500 937/1716/500 941/1717/500 940/1718/500
f 939/1719/501 938/1720/501 942/1721/501 943/1722/501
f 943/1723/502 941/1724/502 937/1725/502 939/1726/502
f 947/1727/503 945/1728/503 949/1729/503 948/1730/503
f 948/1731/504 949/1732/504 944/1733/504 946/1734/504
f 953/1735/505 951/1736/505 955/1737/505 954/1738/505
f 954/1739/506 955/1740/506 950/1741/506 952/1742/506
f 961/1743/507 957/1744/507 959/1745/507 960/1746/507
f 956/1747/508 961/1748/508 960/1749/508 958/1750/508
f 967/1751/509 963/1752/509 965/1753/509 966/1754/509
f 962/1755/510 967/1756/510 966/1757/510 964/1758/510
f 968/1759/511 969/1760/511 971/1761/511 970/1762/511
f 972/1763/512 973/1764/512 975/1765/512 974/1766/512
f 976/1767/513 977/1768/513 979/1769/513 978/1770/513
f 984/1771/514 983/1772/514 981/1773/514 982/1774/514
f 984/1775/515 982/1776/515 980/1777/515
f 986/1778/516 985/1779/516 983/1780/516 984/1781/516
f 986/1782/517 984/1783/517 980/1784/517
f 988/1785/518 987/1786/518 985/1787/518 986/1788/518
f 988/1789/519 986/1790/519 980/1791/519
f 990/1792/520 989/1793/520 987/1794/520 988/1795/520
f 990/1796/521 988/1797/521 980/1798/521
f 992/1799/522 991/1800/522 989/1801/522 990/1802/522
f 992/1803/523 990/1804/523 980/1805/523
f 994/1806/524 993/1807/524 991/1808/524 992/1809/524
f 994/1810/525 992/1811/525 980/1812/525
f 996/1813/526 995/1814/526 993/1815/526 994/1816/526
f 996/1817/527 994/1818/527 980/1819/527
f 998/1820/528 997/1821/528 995/1822/528 996/1823/528
f 998/1824/529 996/1825/529 980/1826/529
f 1000/1827/530 999/1828/530 997/1829/530 998/1830/530
f 1000/1831/531 998/1832/531 980/1833/531
f 1002/1834/532 1000/1835/532 980/1836/532
f 1004/1837/533 1003/1838/533 1001/1839/533 1002/1840/533
f 1004/1841/534 1002/1842/534 980/1843/534
f 1006/1844/535 1005/1845/535 1003/1846/535 1004/1847/535
f 1006/1848/536 1004/1849/536 980/1850/536
f 1008/1851/537 1007/1852/537 1005/1853/537 1006/1854/537
f 1008/1855/538 1006/1856/538 980/1857/538
f 1010/1858/539 1009/1859/539 1007/1860/539 1008/1861/539
f 1010/1862/540 1008/1863/540 980/1864/540
f 1012/1865/541 1011/1866/541 1009/1867/541 1010/1868/541
f 1012/1869/542 1010/1870/542 980/1871/542
f 982/1872/543 981/1873/543 1011/1874/543 1012/1875/543
f 982/1876/544 1012/1877/544 980/1878/544
f 1002/1879/545 1001/1880/545 999/1881/545 1000/1882/545
f 1016/1883/546 1014/1884/546 1013/1885/546 1015/1886/546
f 1020/1887/547 1018/1888/547 1017/1889/547 1019/1890/547
f 1024/1891/548 1022/1892/548 1021/1893/548 1023/1894/548
o car1_interior
v -1.314346875 2.28704625 -6.636986875
v 1.031250625 2.5821674999999997 -8.002925625
v 1.1581525000000001 2.599665625 -6.4375
v -1.03125 2.5821674999999997 -8.002925
v -1.15821125 2.5996875 -6.4375
v 1.15625 1.0715068749999999 -8.34224
v 0.3375 1.0715068749999999 -8.59224
v -1.15625 1.0715068749999999 -8.34224
v -0.375 1.0715068749999999 -8.59224
v 0.71632875 0.27463187499999986 -8.34224
v 0.71632875 1.0715068749999999 -8.34224
v -0.7163287500000001 0.27463187499999986 -8.34224
v -0.7163287500000001 1.0715068749999999 -8.34224
v 1.15625 1.3840068749999999 -8.65474
v 1.03125 1.3840068749999999 -8.84224
v -1.15625 1.3840068749999999 -8.65474
v -1.03125 1.3840068749999999 -8.84224
v 1.03125 1.3840068749999999 -8.84224
v 0.89454875 1.3863112499999999 -9.3552275
v -1.03125 1.3840068749999999 -8.84224
v -0.89454875 1.3863112499999999 -9.3552275
v 0.25 1.390625 -9.359375
v -0.25 1.390625 -9.359375
v 1.15625 1.0715068749999999 -8.21724
v 1.15625 1.0715068749999999 -8.34224
v 0.65625 1.0715068749999999 -8.21724
v 0.34375 1.0715068749999999 -8.34224
v 1.15625 1.0715068749999999 -8.12349
v 1.15625 1.0715068749999999 -8.21724
v 0.75 1.0715068749999999 -8.12349
v 0.65625 1.0715068749999999 -8.21724
v -1.15625 1.0715068749999999 -8.21724
v -1.15625 1.0715068749999999 -8.34224
v -0.65625 1.0715068749999999 -8.21724
v -0.34375 1.0715068749999999 -8.34224
v -1.15625 1.0715068749999999 -8.12349
v -0.75 1.0715068749999999 -8.12349
v 1.15625 1.0090068749999999 -8.21724
v 1.15625 1.0090068749999999 -8.34224
v 0.65625 1.0090068749999999 -8.21724
v 0.34375 1.0090068749999999 -8.34224
v 1.15625 1.0090068749999999 -8.12349
v 1.15625 1.0090068749999999 -8.21724
v 0.75 1.0090068749999999 -8.12349
v 0.65625 1.0090068749999999 -8.21724
v -1.15625 1.0090068749999999 -8.21724
v -1.15625 1.0090068749999999 -8.34224
v -0.65625 1.0090068749999999 -8.21724
v -0.34375 1.0090068749999999 -8.34224
v -1.15625 1.0090068749999999 -8.12349
v -0.75 1.0090068749999999 -8.12349
v -0.7163287500000001 0.27463187499999986 -8.34224
v -0.7163287500000001 1.0715068749999999 -8.34224
v -0.841775 0.27463187499999986 -8.27974
v -0.841775 1.0715068749999999 -8.27974
v -0.841775 0.27463187499999986 -8.27974
v -0.841775 1.0715068749999999 -8.27974
v -1.15625 0.27463187499999986 -8.27974
v -1.15625 1.0715068749999999 -8.27974
v 1.15625 1.0715068749999999 -8.27974
v 0.71632875 1.0715068749999999 -8.34224
v 0.8417749999999999 1.0715068749999999 -8.27974
v 0.71632875 0.27463187499999986 -8.34224
v 0.8417749999999999 0.27463187499999986 -8.27974
v 1.15625 0.27463187499999986 -8.27974
v 1.15625 1.0715068749999999 -8.34224
v 1.15625 1.3840068749999999 -8.40474
v 0.3375 1.0715068749999999 -8.59224
v 0.3375 1.3840068749999999 -8.65474
v -0.35 1.0715068749999999 -8.59224
v -0.35 1.3840068749999999 -8.65474
v -1.15625 1.0715068749999999 -8.34224
v -1.15625 1.3840068749999999 -8.40474
v -0.35 1.3840068749999999 -8.65474
v -1.15625 1.3840068749999999 -8.40474
v -1.15625 1.3840068749999999 -8.65474
v 1.15625 1.3840068749999999 -8.40474
v 1.15625 1.3840068749999999 -8.65474
v 0.3375 1.3840068749999999 -8.65474
v 0.3375 1.0715068749999999 -8.59224
v 0.3375 1.3840068749999999 -8.65474
v -0.35 1.0715068749999999 -8.59224
v -0.35 1.3840068749999999 -8.65474
v -0.75 1.0090068749999999 -8.12349
v -0.75 1.0715068749999999 -8.12349
v -1.15625 1.0090068749999999 -8.12349
v -1.15625 1.0715068749999999 -8.12349
v 0.75 1.0090068749999999 -8.12349
v 0.75 1.0715068749999999 -8.12349
v 1.15625 1.0090068749999999 -8.12349
v 1.15625 1.0715068749999999 -8.12349
v -0.65625 1.0090068749999999 -8.21724
v -0.65625 1.0715068749999999 -8.21724
v -0.75 1.0090068749999999 -8.12349
v -0.75 1.0715068749999999 -8.12349
v -0.34375 1.0090068749999999 -8.34224
v -0.34375 1.0715068749999999 -8.34224
v -0.65625 1.0090068749999999 -8.21724
v -0.65625 1.0715068749999999 -8.21724
v 0.89454875 2.482773125 -8.3375
v -0.89454875 2.482773125 -8.3375
v -1.03125 2.5821674999999997 -8.002925
v 1.031250625 2.5821674999999997 -8.002925625
v 0.65625 1.0090068749999999 -8.21724
v 0.65625 1.0715068749999999 -8.21724
v 0.75 1.0090068749999999 -8.12349
v 0.75 1.0715068749999999 -8.12349
v 0.34375 1.0090068749999999 -8.34224
v 0.34375 1.0715068749999999 -8.34224
v 0.65625 1.0090068749999999 -8.21724
v 0.65625 1.0715068749999999 -8.21724
v 1.375 0.28125 -8.4375
v -1.375 0.28125 -8.4375
v -1.375 0.28125 -7.1875
v -1.03125 2.5821674999999997 -8.002925625
v -1.15625 2.05788625 -8.540806875
v -0.89454875 2.482773125 -8.3375
v -0.89454875 1.920273125 -8.95
v -1.15625 2.05788625 -8.540806875
v -1.03125 1.3840068749999999 -8.84224
v -0.89454875 1.920273125 -8.95
v -0.89454875 1.3863112499999999 -9.3552275
v -0.89454875 2.232773125 -8.6375
v -0.89454875 1.5452724999999998 -9.2625
v 1.03125 2.5821674999999997 -8.002925625
v 1.15625 2.05788625 -8.540806875
v 0.89454875 2.482773125 -8.3375
v 0.89454875 1.920273125 -8.95
v 1.15625 2.05788625 -8.540806875
v 1.03125 1.3840068749999999 -8.84224
v 0.89454875 1.920273125 -8.95
v 0.89454875 1.3863112499999999 -9.3552275
v 0.89454875 2.232773125 -8.6375
v 0.89454875 1.5452724999999998 -9.2625
v 1.375 0.28125 -8.4375
v -1.375 0.28125 -8.4375
v 1.375 0.28125 -6.4375
v -1.375 0.28125 -6.4375
v 1.375 0.00006249999999985434 -6.4375
v 1.1581525000000001 2.599665625 -6.4375
v 1.2785656250000001 0.4259837499999999 -6.651120000000001
v 1.223658125 2.365096875 -6.660606250000001
v 1.375 0.00006249999999985434 -6.4375
v 1.156250625 0.27463187499999986 -8.279740625
v 1.1581525000000001 2.599665625 -6.4375
v 1.031250625 2.5821674999999997 -8.002925625
v 1.2082993750000002 0.27620812500000014 -8.019041875
v 1.156250625 1.0715074999999998 -8.279740625
v 1.2053275 0.4221643749999999 -7.01812125
v 1.2785656250000001 0.4259837499999999 -6.651120000000001
v 1.223658125 2.365096875 -6.660606250000001
v 1.166368125 2.3540775 -7.006058125
v 1.156250625 2.352078125 -7.081354375
v 1.1883581250000002 0.5809131249999999 -7.11892375
v 1.1881300000000001 0.42108374999999976 -7.12006375
v 1.1987981250000002 0.4213912500000001 -7.0666325
v 1.1621987500000002 1.814525 -7.11883875
v 1.186553125 0.6705637499999999 -7.11820125
v 1.156250625 2.09374875 -7.11902125
v 1.156250625 1.0715074999999998 -8.279740625
v 1.156250625 1.0715074999999998 -8.342240625
v 1.031250625 2.5821674999999997 -8.002925625
v 1.15625 1.3840074999999998 -8.404740625
v 1.156250625 2.09374875 -7.11902125
v 1.156250625 2.352078125 -7.081354375
v 1.156250625 2.3154681249999998 -7.146291875
v 1.156250625 2.09374875 -7.11902125
v 1.314346875 2.28704625 -6.636986875
v 1.313836875 2.28417375 -7.150261875
v 1.365625 2.03125 -7.15344875
v 1.365625 2.03125 -6.636125625
v 1.365625 0.53125 -6.639540625
v 1.365625 2.03125 -6.6370000000000005
v 1.365625 2.03125 -7.153216875
v 1.365625 0.53125 -7.1527725
v 1.365625 0.53125 -6.6397775
v 1.365625 0.44612374999999993 -6.63694
v 1.365625 0.4451887499999998 -7.154005625
v 1.365625 0.53125 -7.151858750000001
v 1.1881300000000001 0.42108374999999976 -7.12006375
v 1.156250625 2.3154681249999998 -7.146291875
v 1.365625 0.4451887499999998 -7.154005625
v 1.313836875 2.28417375 -7.150261875
v 1.365625 0.53125 -7.151858750000001
v 1.38125 2.03125 -7.153216875
v 1.156250625 2.09374875 -7.11902125
v 1.38125 1.841376875 -7.153160625
v 1.1621987500000002 1.814525 -7.11883875
v 1.38125 0.58970375 -7.152789375
v 1.1883581250000002 0.5809131249999999 -7.11892375
v 1.38549875 0.67469 -7.15124625
v 1.186553125 0.6705637499999999 -7.11820125
v 1.2785656250000001 0.4259837499999999 -6.651120000000001
v 1.223658125 2.365096875 -6.660606250000001
v 1.365625 0.44612374999999993 -6.63694
v 1.314346875 2.28704625 -6.636986875
v 1.365625 2.03125 -6.636125625
v 1.365625 0.53125 -6.639540625
v 1.156250625 2.3154681249999998 -7.146291875
v 1.223658125 2.365096875 -6.660606250000001
v 1.313836875 2.28417375 -7.150261875
v 1.314346875 2.28704625 -6.636986875
v 1.156250625 2.352078125 -7.081354375
v 1.166368125 2.3540775 -7.006058125
v 1.15625 1.3840068749999999 -8.404740625
v 1.03125 1.3840068749999999 -8.84224
v 1.03125 2.5821674999999997 -8.002925625
v 1.15625 2.05788625 -8.540806875
v 1.156250625 2.3154681249999998 -7.146291875
v -1.375 0.00006249999999985434 -6.4375
v -1.1581525 2.599665625 -6.4375
v -1.278565625 0.4259837499999999 -6.651120000000001
v -1.223658125 2.365096875 -6.660606250000001
v -1.375 0.00006249999999985434 -6.4375
v -1.156250625 0.27463187499999986 -8.279740625
v -1.1581525 2.599665625 -6.4375
v -1.031250625 2.5821674999999997 -8.002925625
v -1.208299375 0.27620812500000014 -8.019041875
v -1.156250625 1.0715074999999998 -8.279740625
v -1.2053274999999999 0.4221643749999999 -7.01812125
v -1.278565625 0.4259837499999999 -6.651120000000001
v -1.223658125 2.365096875 -6.660606250000001
v -1.166368125 2.3540775 -7.006058125
v -1.156250625 2.352078125 -7.081354375
v -1.188358125 0.5809131249999999 -7.11892375
v -1.18813 0.42108374999999976 -7.12006375
v -1.198798125 0.4213912500000001 -7.0666325
v -1.16219875 1.814525 -7.11883875
v -1.1865531249999999 0.6705637499999999 -7.11820125
v -1.156250625 2.09374875 -7.11902125
v -1.156250625 1.0715074999999998 -8.279740625
v -1.156250625 1.0715074999999998 -8.342240625
v -1.031250625 2.5821674999999997 -8.002925625
v -1.15625 1.3840074999999998 -8.404740625
v -1.156250625 2.09374875 -7.11902125
v -1.156250625 2.352078125 -7.081354375
v -1.156250625 2.3154681249999998 -7.146291875
v -1.156250625 2.09374875 -7.11902125
v -1.314346875 2.28704625 -6.636986875
v -1.313836875 2.28417375 -7.150261875
v -1.3656249999999999 2.03125 -7.15344875
v -1.3656249999999999 2.03125 -6.636125625
v -1.3656249999999999 0.53125 -6.639540625
v -1.3656249999999999 2.03125 -6.6370000000000005
v -1.3656249999999999 2.03125 -7.153216875
v -1.3656249999999999 0.53125 -7.1527725
v -1.3656249999999999 0.53125 -6.6397775
v -1.3656249999999999 0.44612374999999993 -6.63694
v -1.3656249999999999 0.4451887499999998 -7.154005625
v -1.3656249999999999 0.53125 -7.151858750000001
v -1.18813 0.42108374999999976 -7.12006375
v -1.156250625 2.3154681249999998 -7.146291875
v -1.3656249999999999 0.4451887499999998 -7.154005625
v -1.313836875 2.28417375 -7.150261875
v -1.3656249999999999 0.53125 -7.151858750000001
v -1.3812499999999999 2.03125 -7.153216875
v -1.156250625 2.09374875 -7.11902125
v -1.3812499999999999 1.841376875 -7.153160625
v -1.16219875 1.814525 -7.11883875
v -1.3812499999999999 0.58970375 -7.152789375
v -1.188358125 0.5809131249999999 -7.11892375
v -1.38549875 0.67469 -7.15124625
v -1.1865531249999999 0.6705637499999999 -7.11820125
v -1.278565625 0.4259837499999999 -6.651120000000001
v -1.223658125 2.365096875 -6.660606250000001
v -1.3656249999999999 0.44612374999999993 -6.63694
v -1.3656249999999999 2.03125 -6.636125625
v -1.3656249999999999 0.53125 -6.639540625
v -1.156250625 2.3154681249999998 -7.146291875
v -1.223658125 2.365096875 -6.660606250000001
v -1.313836875 2.28417375 -7.150261875
v -1.314346875 2.28704625 -6.636986875
v -1.156250625 2.352078125 -7.081354375
v -1.166368125 2.3540775 -7.006058125
v -1.15625 1.3840068749999999 -8.404740625
v -1.03125 1.3840068749999999 -8.84224
v -1.03125 2.5821674999999997 -8.002925625
v -1.15625 2.05788625 -8.540806875
v -1.156250625 2.3154681249999998 -7.146291875
v 1.365625 0.4451887499999998 -7.154005625
v 1.1881300000000001 0.42108374999999976 -7.12006375
v 1.2785656250000001 0.4259837499999999 -6.651120000000001
v 1.365625 0.44612374999999993 -6.63694
v 1.1987981250000002 0.4213912500000001 -7.0666325
v 1.2053275 0.4221643749999999 -7.01812125
v -1.3656249999999999 0.4451887499999998 -7.154005625
v -1.18813 0.42108374999999976 -7.12006375
v -1.278565625 0.4259837499999999 -6.651120000000001
v -1.3656249999999999 0.44612374999999993 -6.63694
v -1.198798125 0.4213912500000001 -7.0666325
v -1.2053274999999999 0.4221643749999999 -7.01812125
v 0.35625 1.164024375 -8.39922875
v 0.35625 1.1759499999999998 -8.460580625
v 0.35625 1.041320625 -8.42308
v 0.35625 1.05324625 -8.484431875
v 0.29375 1.164024375 -8.39922875
v 0.29375 1.1759499999999998 -8.460580625
v 0.29375 1.041320625 -8.42308
v 0.29375 1.05324625 -8.484431875
v -0.35625 1.107774375 -8.43047875
v -0.35625 1.1197 -8.491830625
v -0.35625 0.9850706249999999 -8.45433
v -0.35625 0.99699625 -8.515681875
v -0.41875 1.107774375 -8.43047875
v -0.41875 1.1197 -8.491830625
v -0.41875 0.9850706249999999 -8.45433
v -0.41875 0.99699625 -8.515681875
v 0.7218749999999999 1.107774375 -8.28985375
v 0.7218749999999999 1.1197 -8.351205625
v 0.7218749999999999 0.9850706249999999 -8.313705
v 0.7218749999999999 0.99699625 -8.375056875
v 0.6593749999999999 1.107774375 -8.28985375
v 0.6593749999999999 1.1197 -8.351205625
v 0.6593749999999999 0.9850706249999999 -8.313705
v 0.6593749999999999 0.99699625 -8.375056875
v 0.21875 0.796875 -7.515624375
v 0.21875 0.796875 -7.953125
v 0.21875 0.734375625 -7.515625
v 0.21875 0.734375 -7.953124375
v -0.21875 0.796875 -7.515624375
v -0.21875 0.796875 -7.953125
v -0.21875 0.734375625 -7.515625
v -0.21875 0.734375 -7.953124375
v 0.21875 0.796875625 -7.953124375
v 0.21875 0.7427487499999998 -7.984374375
v 0.21875 0.765625625 -7.898998125
v 0.21875 0.7114987499999998 -7.930248125
v -0.21875 0.796875625 -7.953124375
v -0.21875 0.7427487499999998 -7.984374375
v -0.21875 0.765625625 -7.898998125
v -0.21875 0.7114987499999998 -7.930248125
v 0.21875 0.7427487499999998 -7.984374375
v 0.21875 0.68862125 -7.953124375
v 0.21875 0.7739981249999999 -7.930248125
v 0.21875 0.7198718749999999 -7.898998125
v -0.21875 0.7427487499999998 -7.984374375
v -0.21875 0.68862125 -7.953124375
v -0.21875 0.7739981249999999 -7.930248125
v -0.21875 0.7198718749999999 -7.898998125
v 0.21875 1.170420625 -7.443673125
v 0.21875 0.7531693749999999 -7.575231875
v 0.21875 1.1516262499999999 -7.38406625
v 0.21875 0.734375625 -7.515625
v -0.21875 1.170420625 -7.443673125
v -0.21875 0.7531693749999999 -7.575231875
v -0.21875 1.1516262499999999 -7.38406625
v -0.21875 0.734375625 -7.515625
v -0.21875 1.1126725 -7.487261875
v -0.21875 0.7433699999999999 -7.55238
v -0.21875 1.1018193749999998 -7.42571125
v -0.21875 0.73251625 -7.49083
v -0.28125 1.1126725 -7.487261875
v -0.28125 0.7433699999999999 -7.55238
v -0.28125 1.1018193749999998 -7.42571125
v -0.28125 0.73251625 -7.49083
v 0.21875 1.28558 -7.42391
v 0.21875 1.162479375 -7.4456162500000005
v 0.21875 1.2747268749999998 -7.362360000000001
v 0.21875 1.1516256249999999 -7.384065625
v -0.21875 1.28558 -7.42391
v -0.21875 1.162479375 -7.4456162500000005
v -0.21875 1.2747268749999998 -7.362360000000001
v -0.21875 1.1516256249999999 -7.384065625
v 0.21875 0.7511224999999999 -7.515624375
v 0.21875 0.7511224999999999 -7.953124375
v 0.21875 0.6886218749999999 -7.515624375
v 0.21875 0.6886218749999999 -7.953124375
v -0.21875 0.7511224999999999 -7.515624375
v -0.21875 0.7511224999999999 -7.953124375
v -0.21875 0.6886218749999999 -7.515624375
v -0.21875 0.6886218749999999 -7.953124375
v 0.28125 1.1126725 -7.487261875
v 0.28125 0.7433699999999999 -7.55238
v 0.28125 1.1018193749999998 -7.42571125
v 0.28125 0.73251625 -7.49083
v 0.21875 1.1126725 -7.487261875
v 0.21875 0.7433699999999999 -7.55238
v 0.21875 1.1018193749999998 -7.42571125
v 0.21875 0.73251625 -7.49083
v 0.15625 1.402334375 -7.419347500000001
v 0.15625 1.2774537499999998 -7.424800625
v 0.15625 1.3996081249999999 -7.3569075
v 0.15625 1.2747275 -7.362360000000001
v -0.15625 1.402334375 -7.419347500000001
v -0.15625 1.2774537499999998 -7.424800625
v -0.15625 1.3996081249999999 -7.3569075
v -0.15625 1.2747275 -7.362360000000001
v 0.125 0.6886224999999999 -7.593749375
v 0.125 0.6886218749999999 -7.781249375
v 0.125 0.37612187499999994 -7.593749375
v 0.125 0.37612187499999994 -7.781249375
v -0.125 0.6886224999999999 -7.593749375
v -0.125 0.6886218749999999 -7.781249375
v -0.125 0.37612187499999994 -7.593749375
v -0.125 0.37612187499999994 -7.781249375
v 0.15625 0.37612187499999994 -7.562499375
v 0.15625 0.37612187499999994 -7.812499375
v 0.15625 0.25112187499999994 -7.562499375
v 0.15625 0.25112187499999994 -7.812499375
v -0.15625 0.37612187499999994 -7.562499375
v -0.15625 0.37612187499999994 -7.812499375
v -0.15625 0.25112187499999994 -7.562499375
v -0.15625 0.25112187499999994 -7.812499375
vt 0.19230769230769232 0.5626953846153846
vt 0.3525641025641026 0.5560897435897436
vt 0.3525641025641026 0.7936654487179488
vt 0.19230769230769232 0.7806441666666667
vt 0.7692307692307693 0.9294871794871795
vt 0.6852564102564103 0.9551282051282052
vt 0.6121794871794872 0.9551282051282052
vt 0.532051282051282 0.9294871794871795
vt 0.5064102564102564 0.6666666666666667
vt 0.5064102564102564 0.75
vt 0.358974358974359 0.75
vt 0.358974358974359 0.6666666666666667
vt 0.7692307692307693 0.7884615384615384
vt 0.7564102564102564 0.8076923076923077
vt 0.5448717948717948 0.8076923076923077
vt 0.532051282051282 0.7884615384615384
vt 0.6090041666666667 0.717948717948718
vt 0.6497371153846154 0.6818144230769231
vt 0.7050983974358974 0.717948717948718
vt 0.49038461538461536 0.6602564102564102
vt 0.4391025641025641 0.6602564102564102
vt 0.358974358974359 0.608974358974359
vt 0.5705128205128205 0.608974358974359
vt 0.5044454487179487 0.4423076923076923
vt 0.4683109615384616 0.386946282051282
vt 0.5044454487179487 0.3462129487179487
vt 0.9038461538461539 0.641025641025641
vt 0.9038461538461539 0.6538461538461539
vt 0.8205128205128205 0.6538461538461539
vt 0.8525641025641025 0.641025641025641
vt 0.9166666666666666 0.8012820512820513
vt 0.9166666666666666 0.8141025641025641
vt 0.8653846153846154 0.8141025641025641
vt 0.875 0.8012820512820513
vt 0.9038461538461539 0.23717948717948723
vt 0.8205128205128205 0.23717948717948723
vt 0.8205128205128205 0.22435897435897434
vt 0.8717948717948718 0.22435897435897434
vt 0.4230769230769231 0.13461538461538458
vt 0.3717948717948718 0.13461538461538458
vt 0.3717948717948718 0.1217948717948718
vt 0.41346153846153844 0.1217948717948718
vt 0.8141025641025641 0.9294871794871795
vt 0.8974358974358975 0.9294871794871795
vt 0.8974358974358975 0.9423076923076923
vt 0.8461538461538461 0.9423076923076923
vt 0.5384615384615384 0.1217948717948718
vt 0.5897435897435898 0.1217948717948718
vt 0.5897435897435898 0.13461538461538458
vt 0.5480769230769231 0.13461538461538458
vt 0.8333333333333334 0.7564102564102564
vt 0.8333333333333334 0.7435897435897436
vt 0.9166666666666666 0.7435897435897436
vt 0.8846153846153846 0.7564102564102564
vt 0.8653846153846154 0.3205128205128205
vt 0.8653846153846154 0.3076923076923077
vt 0.9166666666666666 0.3076923076923077
vt 0.907051282051282 0.3205128205128205
vt 0.08333333333333333 0.10897435897435892
vt 0.08333333333333333 0.1923076923076923
vt 0.07051282051282051 0.1923076923076923
vt 0.07051282051282051 0.10897435897435892
vt 0.10256410256410256 0.23717948717948723
vt 0.10256410256410256 0.3205128205128205
vt 0.07051282051282051 0.3205128205128205
vt 0.07051282051282051 0.23717948717948723
vt 0.532051282051282 0.1923076923076923
vt 0.5192307692307693 0.1923076923076923
vt 0.5192307692307693 0.10897435897435892
vt 0.532051282051282 0.10897435897435892
vt 0.30128205128205127 0.3205128205128205
vt 0.2692307692307692 0.3205128205128205
vt 0.2692307692307692 0.23717948717948723
vt 0.30128205128205127 0.23717948717948723
vt 0.42300705128205124 0.3076923076923077
vt 0.42113525641025645 0.33974358974358976
vt 0.3333333333333333 0.33974358974358976
vt 0.3352057692307692 0.3076923076923077
vt 0.5173326923076923 0.3076923076923077
vt 0.5192307692307693 0.33974358974358976
vt 0.4326544871794872 0.33974358974358976
vt 0.43075576923076925 0.3076923076923077
vt 0.7881410256410256 0.782051282051282
vt 0.7054487179487179 0.782051282051282
vt 0.7054487179487179 0.7564102564102564
vt 0.7447115384615385 0.8205128205128205
vt 0.7447115384615385 0.8461538461538461
vt 0.6607371794871795 0.8461538461538461
vt 0.7692307692307693 0.46153846153846156
vt 0.7692307692307693 0.4935897435897436
vt 0.6987179487179487 0.4935897435897436
vt 0.6987179487179487 0.46153846153846156
vt 0.10897435897435898 0.5576923076923077
vt 0.10897435897435898 0.5641025641025641
vt 0.0641025641025641 0.5641025641025641
vt 0.0641025641025641 0.5576923076923077
vt 0.7307692307692307 0.33974358974358976
vt 0.6858974358974359 0.33974358974358976
vt 0.6858974358974359 0.33333333333333337
vt 0.7307692307692307 0.33333333333333337
vt 0.3269230769230769 0.32692307692307687
vt 0.3269230769230769 0.33333333333333337
vt 0.3141025641025641 0.33333333333333337
vt 0.3141025641025641 0.32692307692307687
vt 0.9294871794871795 0.1217948717948718
vt 0.9294871794871795 0.1282051282051282
vt 0.8974358974358975 0.1282051282051282
vt 0.8974358974358975 0.1217948717948718
vt 0.23838012820512822 0.5064102564102564
vt 0.42187692307692304 0.5064102564102564
vt 0.4423076923076923 0.5448717948717949
vt 0.22435897435897437 0.5448717948717949
vt 0.6858974358974359 0.6858974358974359
vt 0.6730769230769231 0.6858974358974359
vt 0.6730769230769231 0.6794871794871795
vt 0.6858974358974359 0.6794871794871795
vt 0.8141025641025641 0.10256410256410253
vt 0.782051282051282 0.10256410256410253
vt 0.782051282051282 0.09615384615384615
vt 0.8141025641025641 0.09615384615384615
vt 0.334361282051282 0.2911276923076923
vt 0.3090728205128205 0.32008500000000006
vt 0.3090728205128205 0.24198717948717952
vt 0.34134615384615385 0.25173794871794875
vt 0.7769455128205128 0.5181246794871794
vt 0.7769455128205128 0.46634615384615385
vt 0.8060897435897436 0.501061858974359
vt 0.1100996794871795 0.37604557692307694
vt 0.07111820512820513 0.41012589743589745
vt 0.07111820512820513 0.3333330769230769
vt 0.11698717948717949 0.3285256410256411
vt 0.8333699999999999 0.8990384615384616
vt 0.8878205128205128 0.8990384615384616
vt 0.8787019871794871 0.9155645512820513
vt 0.3090728205128205 0.24198717948717952
vt 0.3090728205128205 0.32008500000000006
vt 0.334361282051282 0.2911276923076923
vt 0.34134615384615385 0.25173794871794875
vt 0.7769455128205128 0.46634615384615385
vt 0.7769455128205128 0.5181246794871794
vt 0.8060897435897436 0.501061858974359
vt 0.07111820512820513 0.3333330769230769
vt 0.07111820512820513 0.41012589743589745
vt 0.1100996794871795 0.37604557692307694
vt 0.11698717948717949 0.3285256410256411
vt 0.8878205128205128 0.8990384615384616
vt 0.8333699999999999 0.8990384615384616
vt 0.8787019871794871 0.9155645512820513
vt 0.28205128205128205 0.7948717948717949
vt 0.28205128205128205 1
vt 0 1
vt 0 0.7948717948717949
vt 0 0.5208333333333333
vt 0 0.7883855769230769
vt 0.055134166666666665 0.7638516666666666
vt 0.05323435897435898 0.5651883333333334
vt 0.6987179487179487 0.8141025641025641
vt 0.5331686538461539 0.8141025641025641
vt 0.5945368589743589 0.8461538461538461
vt 0.6321276282051281 0.8397157051282051
vt 0.038461538461538464 0.3870655128205128
vt 0.0641025641025641 0.44154173076923076
vt 0.0641025641025641 0.28044871794871795
vt 0.039084487179487176 0.35126532051282044
vt 0.9727564102564102 0.11483455128205122
vt 0.9048109615384615 0.11217948717948723
vt 0.8974819871794872 0.11483455128205122
vt 0.5 0.1731750641025641
vt 0.5 0.08493589743589747
vt 0.4935897435897436 0.11149108974358968
vt 0.49850955128205127 0.17861762820512816
vt 0.33317769230769234 0.5
vt 0.292283141025641 0.4292358974358975
vt 0.22451461538461537 0.4857476282051282
vt 0.23261487179487178 0.5
vt 0.10594737179487179 0.7003205128205128
vt 0.06471916666666666 0.7874071153846154
vt 0.18207570512820512 0.7874071153846154
vt 0.8444858333333334 0.7371635256410256
vt 0.940505576923077 0.7291666666666667
vt 0.8399431410256409 0.7291666666666667
vt 0.5773476282051282 0.022435897435897467
vt 0.5773476282051282 0.09461333333333333
vt 0.5785256410256411 0.0897320512820513
vt 0.6662071153846154 0.31893141025641025
vt 0.6662071153846154 0.1826923076923077
vt 0.6478954487179488 0.29690384615384613
vt 0.030390833333333332 0.32185448717948717
vt 0.004991025641025641 0.3012820512820513
vt 0.00005788461538461539 0.3053753846153846
vt 0.00005788461538461539 0.4416142307692308
vt 0.8198310256410257 0.5576923076923077
vt 0.815015641025641 0.5636308333333333
vt 0.8830128205128205 0.5636308333333333
vt 0.5828008974358975 0.3141025641025641
vt 0.5828008974358975 0.17794192307692303
vt 0.564635 0.30014012820512825
vt 0.8483179487179487 0.35228589743589744
vt 0.8486448717948718 0.32692307692307687
vt 0.7955858974358975 0.32692307692307687
vt 0.795674358974359 0.35256410256410253
vt 0.5216650641025641 1
vt 0.5216189102564103 0.8461538461538461
vt 0.4689798076923077 0.8461538461538461
vt 0.4687195512820513 1
vt 0.20141 0.3782051282051282
vt 0.20315961538461538 0.3257131410256411
vt 0.1943449358974359 0.3251987179487179
vt 0.19267371794871793 0.3782051282051282
vt 0.03319647435897436 0.07371794871794868
vt 0.02564102564102564 0.09082173076923084
vt 0.03319647435897436 0.09539083333333331
vt 0.8862763461538461 0.35256410256410253
vt 0.8935945512820512 0.33779455128205127
vt 0.8715041666666666 0.3317141025641026
vt 0.859610576923077 0.35256410256410253
vt 0.6243105769230769 0.14743589743589747
vt 0.6312088461538462 0.1217948717948718
vt 0.6025641025641025 0.1217948717948718
vt 0.6048411538461539 0.1470262820512821
vt 0.1282051282051282 0.10981019230769229
vt 0.13249326923076923 0.1142971153846154
vt 0.14219102564102565 0.09668365384615385
vt 0.1282051282051282 0.08814102564102566
vt 0.9066182051282052 0.10256410256410253
vt 0.9066334615384616 0.08333333333333337
vt 0.8974358974358975 0.08333333333333337
vt 0.8979114102564103 0.10197564102564094
vt 0.7583814102564103 0.5028497435897435
vt 0.6410256410256411 0.5029030769230769
vt 0.6410256410256411 0.5235920512820512
vt 0.7606690384615385 0.5256410256410257
vt 0.2379102564102564 0.10897435897435892
vt 0.24358974358974358 0.0978297435897435
vt 0.2379102564102564 0.07168134615384614
vt 0.12884211538461537 0.3846153846153846
vt 0.14262820512820512 0.3499641025641025
vt 0.1381478846153846 0.19618320512820508
vt 0.12884211538461537 0.18565057692307696
vt 0.8282547435897436 0.6282051282051282
vt 0.8208752564102565 0.6338316666666667
vt 0.8349358974358975 0.6338316666666667
vt 0.33974358974358976 0.09474057692307691
vt 0.3358826923076923 0.08814102564102566
vt 0.32077820512820515 0.09474057692307691
vt 0.7756701282051283 0.9550285897435897
vt 0.782051282051282 0.950551858974359
vt 0.7756701282051283 0.9326923076923077
vt 0.00005153846153846154 0.2941907051282051
vt 0.012326153846153846 0.29178358974358976
vt 0.016025641025641024 0.2560417948717949
vt 0.00005153846153846154 0.24198717948717952
vt 0.1233974358974359 0.6444627564102564
vt 0.0982024358974359 0.5719207692307693
vt 0.06509378205128205 0.6048092948717949
vt 0.06509378205128205 0.7371794871794872
vt 0.36217948717948717 0.4058641666666666
vt 0.32061858974358975 0.33974358974358976
vt 0.32061858974358975 0.45382051282051283
vt 0.055134166666666665 0.7638516666666666
vt 0 0.7883855769230769
vt 0 0.5208333333333333
vt 0.05323435897435898 0.5651883333333334
vt 0.5945368589743589 0.8461538461538461
vt 0.5331686538461539 0.8141025641025641
vt 0.6987179487179487 0.8141025641025641
vt 0.6321276282051281 0.8397157051282051
vt 0.0641025641025641 0.28044871794871795
vt 0.0641025641025641 0.44154173076923076
vt 0.038461538461538464 0.3870655128205128
vt 0.039084487179487176 0.35126532051282044
vt 0.9048109615384615 0.11217948717948723
vt 0.9727564102564102 0.11483455128205122
vt 0.8974819871794872 0.11483455128205122
vt 0.4935897435897436 0.11149108974358968
vt 0.5 0.08493589743589747
vt 0.5 0.1731750641025641
vt 0.49850955128205127 0.17861762820512816
vt 0.22451461538461537 0.4857476282051282
vt 0.292283141025641 0.4292358974358975
vt 0.33317769230769234 0.5
vt 0.23261487179487178 0.5
vt 0.06471916666666666 0.7874071153846154
vt 0.10594737179487179 0.7003205128205128
vt 0.18207570512820512 0.7874071153846154
vt 0.940505576923077 0.7291666666666667
vt 0.8444858333333334 0.7371635256410256
vt 0.8399431410256409 0.7291666666666667
vt 0.5773476282051282 0.09461333333333333
vt 0.5773476282051282 0.022435897435897467
vt 0.5785256410256411 0.0897320512820513
vt 0.6662071153846154 0.1826923076923077
vt 0.6662071153846154 0.31893141025641025
vt 0.6478954487179488 0.29690384615384613
vt 0.00005788461538461539 0.3053753846153846
vt 0.004991025641025641 0.3012820512820513
vt 0.030390833333333332 0.32185448717948717
vt 0.00005788461538461539 0.4416142307692308
vt 0.815015641025641 0.5636308333333333
vt 0.8198310256410257 0.5576923076923077
vt 0.8830128205128205 0.5636308333333333
vt 0.5828008974358975 0.17794192307692303
vt 0.5828008974358975 0.3141025641025641
vt 0.564635 0.30014012820512825
vt 0.7955858974358975 0.32692307692307687
vt 0.8486448717948718 0.32692307692307687
vt 0.8483179487179487 0.35228589743589744
vt 0.795674358974359 0.35256410256410253
vt 0.4689798076923077 0.8461538461538461
vt 0.5216189102564103 0.8461538461538461
vt 0.5216650641025641 1
vt 0.4687195512820513 1
vt 0.1943449358974359 0.3251987179487179
vt 0.20315961538461538 0.3257131410256411
vt 0.20141 0.3782051282051282
vt 0.19267371794871793 0.3782051282051282
vt 0.02564102564102564 0.09082173076923084
vt 0.03319647435897436 0.07371794871794868
vt 0.03319647435897436 0.09539083333333331
vt 0.8715041666666666 0.3317141025641026
vt 0.8935945512820512 0.33779455128205127
vt 0.8862763461538461 0.35256410256410253
vt 0.859610576923077 0.35256410256410253
vt 0.6025641025641025 0.1217948717948718
vt 0.6312088461538462 0.1217948717948718
vt 0.6243105769230769 0.14743589743589747
vt 0.6048411538461539 0.1470262820512821
vt 0.14219102564102565 0.09668365384615385
vt 0.13249326923076923 0.1142971153846154
vt 0.1282051282051282 0.10981019230769229
vt 0.1282051282051282 0.08814102564102566
vt 0.8974358974358975 0.08333333333333337
vt 0.9066334615384616 0.08333333333333337
vt 0.9066182051282052 0.10256410256410253
vt 0.8979114102564103 0.10197564102564094
vt 0.6410256410256411 0.5235920512820512
vt 0.6410256410256411 0.5029030769230769
vt 0.7583814102564103 0.5028497435897435
vt 0.7606690384615385 0.5256410256410257
vt 0.24358974358974358 0.0978297435897435
vt 0.2379102564102564 0.10897435897435892
vt 0.2379102564102564 0.07168134615384614
vt 0.1381478846153846 0.19618320512820508
vt 0.14262820512820512 0.3499641025641025
vt 0.12884211538461537 0.3846153846153846
vt 0.12884211538461537 0.18565057692307696
vt 0.8208752564102565 0.6338316666666667
vt 0.8282547435897436 0.6282051282051282
vt 0.8349358974358975 0.6338316666666667
vt 0.3358826923076923 0.08814102564102566
vt 0.33974358974358976 0.09474057692307691
vt 0.32077820512820515 0.09474057692307691
vt 0.782051282051282 0.950551858974359
vt 0.7756701282051283 0.9550285897435897
vt 0.7756701282051283 0.9326923076923077
vt 0.016025641025641024 0.2560417948717949
vt 0.012326153846153846 0.29178358974358976
vt 0.00005153846153846154 0.2941907051282051
vt 0.00005153846153846154 0.24198717948717952
vt 0.06509378205128205 0.6048092948717949
vt 0.0982024358974359 0.5719207692307693
vt 0.1233974358974359 0.6444627564102564
vt 0.06509378205128205 0.7371794871794872
vt 0.32061858974358975 0.33974358974358976
vt 0.36217948717948717 0.4058641666666666
vt 0.32061858974358975 0.45382051282051283
vt 0.038728012820512824 0.7828731410256411
vt 0.038728012820512824 0.7884615384615384
vt 0.057425833333333336 0.783035641025641
vt 0.8924382051282052 0.823196282051282
vt 0.8547695512820513 0.8305794871794872
vt 0.8533104487179488 0.8397435897435898
vt 0.9063049358974359 0.8397435897435898
vt 0.24023814102564103 0.3931914743589743
vt 0.23755647435897437 0.39743589743589747
vt 0.25923839743589744 0.39743589743589747
vt 0.038728012820512824 0.7884615384615384
vt 0.038728012820512824 0.7828731410256411
vt 0.057425833333333336 0.783035641025641
vt 0.8533104487179488 0.8397435897435898
vt 0.8547695512820513 0.8305794871794872
vt 0.8924382051282052 0.823196282051282
vt 0.9063049358974359 0.8397435897435898
vt 0.23755647435897437 0.39743589743589747
vt 0.24023814102564103 0.3931914743589743
vt 0.25923839743589744 0.39743589743589747
vt 0.07051282051282051 0.5705128205128205
vt 0.07051282051282051 0.5833333333333333
vt 0.0641025641025641 0.5833333333333333
vt 0.0641025641025641 0.5705128205128205
vt 0.358974358974359 0.6282051282051282
vt 0.3717948717948718 0.6282051282051282
vt 0.3717948717948718 0.6346153846153846
vt 0.358974358974359 0.6346153846153846
vt 0.4166666666666667 0.3910256410256411
vt 0.4166666666666667 0.39743589743589747
vt 0.41025641025641024 0.39743589743589747
vt 0.41025641025641024 0.3910256410256411
vt 0.6025641025641025 0.7051282051282051
vt 0.6025641025641025 0.6987179487179487
vt 0.6089743589743589 0.6987179487179487
vt 0.6089743589743589 0.7051282051282051
vt 0.3141025641025641 0.42307692307692313
vt 0.3141025641025641 0.4358974358974359
vt 0.3076923076923077 0.4358974358974359
vt 0.3076923076923077 0.42307692307692313
vt 0.36538461538461536 0.3653846153846154
vt 0.36538461538461536 0.3782051282051282
vt 0.358974358974359 0.3782051282051282
vt 0.358974358974359 0.3653846153846154
vt 0.04487179487179487 0.5256410256410257
vt 0.04487179487179487 0.5384615384615384
vt 0.038461538461538464 0.5384615384615384
vt 0.038461538461538464 0.5256410256410257
vt 0.3974358974358974 0.6538461538461539
vt 0.41025641025641024 0.6538461538461539
vt 0.41025641025641024 0.6602564102564102
vt 0.3974358974358974 0.6602564102564102
vt 0.46153846153846156 0.3717948717948718
vt 0.46153846153846156 0.3782051282051282
vt 0.4551282051282051 0.3782051282051282
vt 0.4551282051282051 0.3717948717948718
vt 0.41025641025641024 0.35256410256410253
vt 0.41025641025641024 0.34615384615384615
vt 0.4166666666666667 0.34615384615384615
vt 0.4166666666666667 0.35256410256410253
vt 0.3974358974358974 0.4294871794871795
vt 0.3974358974358974 0.4423076923076923
vt 0.391025641025641 0.4423076923076923
vt 0.391025641025641 0.4294871794871795
vt 0.6153846153846154 0.35256410256410253
vt 0.6153846153846154 0.3653846153846154
vt 0.6089743589743589 0.3653846153846154
vt 0.6089743589743589 0.35256410256410253
vt 0.04487179487179487 0.5256410256410257
vt 0.04487179487179487 0.5384615384615384
vt 0.038461538461538464 0.5384615384615384
vt 0.038461538461538464 0.5256410256410257
vt 0.3974358974358974 0.6538461538461539
vt 0.41025641025641024 0.6538461538461539
vt 0.41025641025641024 0.6602564102564102
vt 0.3974358974358974 0.6602564102564102
vt 0.46153846153846156 0.3717948717948718
vt 0.46153846153846156 0.3782051282051282
vt 0.4551282051282051 0.3782051282051282
vt 0.4551282051282051 0.3717948717948718
vt 0.41025641025641024 0.35256410256410253
vt 0.41025641025641024 0.34615384615384615
vt 0.4166666666666667 0.34615384615384615
vt 0.4166666666666667 0.35256410256410253
vt 0.3974358974358974 0.4294871794871795
vt 0.3974358974358974 0.4423076923076923
vt 0.391025641025641 0.4423076923076923
vt 0.391025641025641 0.4294871794871795
vt 0.6153846153846154 0.35256410256410253
vt 0.6153846153846154 0.3653846153846154
vt 0.6089743589743589 0.3653846153846154
vt 0.6089743589743589 0.35256410256410253
vt 0.9038461538461539 0.2948717948717948
vt 0.9038461538461539 0.3012820512820513
vt 0.8589743589743589 0.3012820512820513
vt 0.8589743589743589 0.2948717948717948
vt 0.9102564102564102 0.7628205128205128
vt 0.9102564102564102 0.7692307692307692
vt 0.8653846153846154 0.7692307692307692
vt 0.8653846153846154 0.7628205128205128
vt 0.7692307692307693 0.9551282051282052
vt 0.7692307692307693 1
vt 0.7243589743589743 1
vt 0.7243589743589743 0.9551282051282052
vt 0.24358974358974358 0.22435897435897434
vt 0.24358974358974358 0.2692307692307693
vt 0.1987179487179487 0.2692307692307693
vt 0.1987179487179487 0.22435897435897434
vt 0.9358974358974359 0.8846153846153846
vt 0.9358974358974359 0.891025641025641
vt 0.8910256410256411 0.891025641025641
vt 0.8910256410256411 0.8846153846153846
vt 0.9358974358974359 0.9166666666666666
vt 0.9358974358974359 0.9230769230769231
vt 0.8910256410256411 0.9230769230769231
vt 0.8910256410256411 0.9166666666666666
vt 0.0641025641025641 0.7435897435897436
vt 0.07051282051282051 0.7435897435897436
vt 0.07051282051282051 0.75
vt 0.0641025641025641 0.75
vt 0.5192307692307693 0.7243589743589743
vt 0.5192307692307693 0.7307692307692308
vt 0.5128205128205128 0.7307692307692308
vt 0.5128205128205128 0.7243589743589743
vt 0.8910256410256411 0.5128205128205128
vt 0.8910256410256411 0.5064102564102564
vt 0.9358974358974359 0.5064102564102564
vt 0.9358974358974359 0.5128205128205128
vt 0.9358974358974359 0.41025641025641024
vt 0.9358974358974359 0.41666666666666663
vt 0.8910256410256411 0.41666666666666663
vt 0.8910256410256411 0.41025641025641024
vt 0.9358974358974359 0.39743589743589747
vt 0.9358974358974359 0.40384615384615385
vt 0.8910256410256411 0.40384615384615385
vt 0.8910256410256411 0.39743589743589747
vt 0.9358974358974359 0.3653846153846154
vt 0.9358974358974359 0.3717948717948718
vt 0.8910256410256411 0.3717948717948718
vt 0.8910256410256411 0.3653846153846154
vt 0.532051282051282 0.782051282051282
vt 0.532051282051282 0.7756410256410257
vt 0.5384615384615384 0.7756410256410257
vt 0.5384615384615384 0.782051282051282
vt 0.3333333333333333 0.46794871794871795
vt 0.3269230769230769 0.46794871794871795
vt 0.3269230769230769 0.46153846153846156
vt 0.3333333333333333 0.46153846153846156
vt 0.32051282051282054 0.10897435897435892
vt 0.32051282051282054 0.10256410256410253
vt 0.36538461538461536 0.10256410256410253
vt 0.36538461538461536 0.10897435897435892
vt 0.6858974358974359 0.10256410256410253
vt 0.6858974358974359 0.10897435897435892
vt 0.6410256410256411 0.10897435897435892
vt 0.6410256410256411 0.10256410256410253
vt 0.8910256410256411 0.5641025641025641
vt 0.8910256410256411 0.5576923076923077
vt 0.9358974358974359 0.5576923076923077
vt 0.9358974358974359 0.5641025641025641
vt 0.8910256410256411 0.5256410256410257
vt 0.8910256410256411 0.5192307692307692
vt 0.9358974358974359 0.5192307692307692
vt 0.9358974358974359 0.5256410256410257
vt 0.2564102564102564 0.2435897435897436
vt 0.26282051282051283 0.2435897435897436
vt 0.26282051282051283 0.28846153846153844
vt 0.2564102564102564 0.28846153846153844
vt 0.7435897435897436 0.7435897435897436
vt 0.7435897435897436 0.75
vt 0.6987179487179487 0.75
vt 0.6987179487179487 0.7435897435897436
vt 0.7435897435897436 0.35256410256410253
vt 0.7435897435897436 0.3076923076923077
vt 0.7884615384615384 0.3076923076923077
vt 0.7884615384615384 0.35256410256410253
vt 0.3974358974358974 0.20512820512820518
vt 0.3974358974358974 0.25
vt 0.3525641025641026 0.25
vt 0.3525641025641026 0.20512820512820518
vt 0.9358974358974359 0.7756410256410257
vt 0.9358974358974359 0.782051282051282
vt 0.8910256410256411 0.782051282051282
vt 0.8910256410256411 0.7756410256410257
vt 0.9358974358974359 0.8461538461538461
vt 0.9358974358974359 0.8525641025641025
vt 0.8910256410256411 0.8525641025641025
vt 0.8910256410256411 0.8461538461538461
vt 0.11538461538461539 0.5576923076923077
vt 0.12179487179487179 0.5576923076923077
vt 0.12179487179487179 0.5961538461538461
vt 0.11538461538461539 0.5961538461538461
vt 0.038461538461538464 0.10256410256410253
vt 0.038461538461538464 0.10897435897435892
vt 0 0.10897435897435892
vt 0 0.10256410256410253
vt 0.5256410256410257 0.27564102564102566
vt 0.5256410256410257 0.23717948717948723
vt 0.532051282051282 0.23717948717948723
vt 0.532051282051282 0.27564102564102566
vt 0.4807692307692308 0.07692307692307687
vt 0.4807692307692308 0.11538461538461542
vt 0.47435897435897434 0.11538461538461542
vt 0.47435897435897434 0.07692307692307687
vt 0.05128205128205128 0.4358974358974359
vt 0.05128205128205128 0.4423076923076923
vt 0.04487179487179487 0.4423076923076923
vt 0.04487179487179487 0.4358974358974359
vt 0.4807692307692308 0.42307692307692313
vt 0.4807692307692308 0.4294871794871795
vt 0.47435897435897434 0.4294871794871795
vt 0.47435897435897434 0.42307692307692313
vt 0 0.5
vt 0.00641025641025641 0.5
vt 0.00641025641025641 0.5128205128205128
vt 0 0.5128205128205128
vt 0.36538461538461536 0.4358974358974359
vt 0.36538461538461536 0.4423076923076923
vt 0.3525641025641026 0.4423076923076923
vt 0.3525641025641026 0.4358974358974359
vt 0 0.1282051282051282
vt 0 0.11538461538461542
vt 0.04487179487179487 0.11538461538461542
vt 0.04487179487179487 0.1282051282051282
vt 0.782051282051282 0.1217948717948718
vt 0.782051282051282 0.13461538461538458
vt 0.7371794871794872 0.13461538461538458
vt 0.7371794871794872 0.1217948717948718
vt 0.9358974358974359 0.8717948717948718
vt 0.9358974358974359 0.8782051282051282
vt 0.8910256410256411 0.8782051282051282
vt 0.8910256410256411 0.8717948717948718
vt 0.9358974358974359 0.858974358974359
vt 0.9358974358974359 0.8653846153846154
vt 0.8910256410256411 0.8653846153846154
vt 0.8910256410256411 0.858974358974359
vt 0.6346153846153846 0.10897435897435892
vt 0.6346153846153846 0.11538461538461542
vt 0.5897435897435898 0.11538461538461542
vt 0.5897435897435898 0.10897435897435892
vt 0.782051282051282 0.10897435897435892
vt 0.782051282051282 0.11538461538461542
vt 0.7371794871794872 0.11538461538461542
vt 0.7371794871794872 0.10897435897435892
vt 0.7692307692307693 0.8782051282051282
vt 0.7692307692307693 0.9230769230769231
vt 0.7243589743589743 0.9230769230769231
vt 0.7243589743589743 0.8782051282051282
vt 0.19230769230769232 0.22435897435897434
vt 0.19230769230769232 0.2692307692307693
vt 0.14743589743589744 0.2692307692307693
vt 0.14743589743589744 0.22435897435897434
vt 0.9294871794871795 0.2564102564102564
vt 0.9294871794871795 0.2628205128205128
vt 0.8846153846153846 0.2628205128205128
vt 0.8846153846153846 0.2564102564102564
vt 0.9294871794871795 0.2435897435897436
vt 0.9294871794871795 0.25
vt 0.8846153846153846 0.25
vt 0.8846153846153846 0.2435897435897436
vt 0.15384615384615385 0.3141025641025641
vt 0.16025641025641027 0.3141025641025641
vt 0.16025641025641027 0.35256410256410253
vt 0.15384615384615385 0.35256410256410253
vt 0.7307692307692307 0.10256410256410253
vt 0.7307692307692307 0.10897435897435892
vt 0.6923076923076923 0.10897435897435892
vt 0.6923076923076923 0.10256410256410253
vt 0.40384615384615385 0.11538461538461542
vt 0.40384615384615385 0.07692307692307687
vt 0.41025641025641024 0.07692307692307687
vt 0.41025641025641024 0.11538461538461542
vt 0.23076923076923078 0.07051282051282048
vt 0.23076923076923078 0.10897435897435892
vt 0.22435897435897437 0.10897435897435892
vt 0.22435897435897437 0.07051282051282048
vt 0.5641025641025641 0.9487179487179487
vt 0.5641025641025641 0.9551282051282052
vt 0.5576923076923077 0.9551282051282052
vt 0.5576923076923077 0.9487179487179487
vt 0.28205128205128205 0.41666666666666663
vt 0.28205128205128205 0.42307692307692313
vt 0.27564102564102566 0.42307692307692313
vt 0.27564102564102566 0.41666666666666663
vt 0.4358974358974359 0.5
vt 0.4423076923076923 0.5
vt 0.4423076923076923 0.5128205128205128
vt 0.4358974358974359 0.5128205128205128
vt 0.48717948717948717 0.4358974358974359
vt 0.48717948717948717 0.4423076923076923
vt 0.47435897435897434 0.4423076923076923
vt 0.47435897435897434 0.4358974358974359
vt 0.08974358974358974 0.11538461538461542
vt 0.08974358974358974 0.10256410256410253
vt 0.12179487179487179 0.10256410256410253
vt 0.12179487179487179 0.11538461538461542
vt 0.9166666666666666 0.9871794871794872
vt 0.9166666666666666 1
vt 0.8846153846153846 1
vt 0.8846153846153846 0.9871794871794872
vt 0.9294871794871795 0.21794871794871795
vt 0.9294871794871795 0.22435897435897434
vt 0.8974358974358975 0.22435897435897434
vt 0.8974358974358975 0.21794871794871795
vt 0.9294871794871795 0.35256410256410253
vt 0.9294871794871795 0.3589743589743589
vt 0.8974358974358975 0.3589743589743589
vt 0.8974358974358975 0.35256410256410253
vt 0.038461538461538464 0.41025641025641024
vt 0.038461538461538464 0.4423076923076923
vt 0.019230769230769232 0.4423076923076923
vt 0.019230769230769232 0.41025641025641024
vt 0.6410256410256411 0.2692307692307693
vt 0.6410256410256411 0.3012820512820513
vt 0.6217948717948718 0.3012820512820513
vt 0.6217948717948718 0.2692307692307693
vt 0.8397435897435898 0.1217948717948718
vt 0.8397435897435898 0.10256410256410253
vt 0.8653846153846154 0.10256410256410253
vt 0.8653846153846154 0.1217948717948718
vt 0.75 0.8525641025641025
vt 0.75 0.8717948717948718
vt 0.7243589743589743 0.8717948717948718
vt 0.7243589743589743 0.8525641025641025
vt 0.21153846153846154 0.1282051282051282
vt 0.21153846153846154 0.16025641025641024
vt 0.1858974358974359 0.16025641025641024
vt 0.1858974358974359 0.1282051282051282
vt 0.11538461538461539 0.1217948717948718
vt 0.11538461538461539 0.15384615384615385
vt 0.08974358974358974 0.15384615384615385
vt 0.08974358974358974 0.1217948717948718
vt 0.6217948717948718 0.6794871794871795
vt 0.6217948717948718 0.6923076923076923
vt 0.5961538461538461 0.6923076923076923
vt 0.5961538461538461 0.6794871794871795
vt 0.717948717948718 0.2628205128205128
vt 0.717948717948718 0.27564102564102566
vt 0.6923076923076923 0.27564102564102566
vt 0.6923076923076923 0.2628205128205128
vt 0.04487179487179487 0.4935897435897436
vt 0.04487179487179487 0.5192307692307692
vt 0.01282051282051282 0.5192307692307692
vt 0.01282051282051282 0.4935897435897436
vt 0.8846153846153846 0.5
vt 0.8846153846153846 0.5256410256410257
vt 0.8525641025641025 0.5256410256410257
vt 0.8525641025641025 0.5
vt 0.9038461538461539 0.17948717948717952
vt 0.9038461538461539 0.1923076923076923
vt 0.8717948717948718 0.1923076923076923
vt 0.8717948717948718 0.17948717948717952
vt 0.9102564102564102 0.46153846153846156
vt 0.9102564102564102 0.47435897435897434
vt 0.8782051282051282 0.47435897435897434
vt 0.8782051282051282 0.46153846153846156
vn -0.000009443090860091782 -0.9999375248579596 0.011177937724183561
vn 0 1 0
vn 0 0 1
vn 0 1 0
vn 0.0066750344131355065 0.9999740409363249 0.0027131843027637685
vn 0 0.9999181198312993 0.012796625845879046
vn -0.006675034413135507 0.9999740409363249 0.002713184302763769
vn 0 1 0
vn 0 1 0
vn 0 1 0
vn 0 1 0
vn 0 -1 0
vn 0 -1 0
vn 0 -1 0
vn 0 -1 0
vn 0.4459395387958583 0 0.895063085898719
vn 0 0 1
vn -0.4459395387958583 0 0.895063085898719
vn 0 0 1
vn -0.28683277277241037 0.1878754661659288 0.9393773308296438
vn 0.29090609050472144 0.18763442837554534 0.9381721418777268
vn 0 1 0
vn 0 1 0
vn 0 0.19611613513818404 0.9805806756909203
vn 0 0 1
vn 0 0 1
vn 0.7071067811865478 0 0.7071067811865474
vn 0.3713906763541038 0 0.9284766908852594
vn 0 -0.9585940018972341 0.2847762973399395
vn -0.7071067811865478 0 0.7071067811865474
vn -0.37139067635410367 0 0.9284766908852594
vn 0.6495355773469932 -0.6143933587409512 0.44791107878185044
vn 0.5916076642163303 -0.5700878755246851 0.5700878755246852
vn 0.8232297143648937 -0.09746769817265803 0.5592788975096588
vn 0.9557770920363502 -0.14818460113904675 0.25403045944098923
vn -0.6495355773469935 -0.6143933587409511 0.4479110787818504
vn -0.5916076642163307 -0.570087875524685 0.570087875524685
vn -0.8232297143648938 -0.09746769817265796 0.5592788975096584
vn -0.9557770920363502 -0.14818460113904672 0.254030459440989
vn 0 1 0
vn -0.9761997337520225 -0.08143030362174669 -0.20100543643033772
vn -0.9799260823190015 -0.1863871993331171 0.07074379913243559
vn -0.9378289289262265 -0.33779970583817664 0.07980137094516997
vn -0.9910666601237426 -0.00455187121374766 0.13328974326490314
vn -0.5685619884425499 -0.8140701306839382 0.11843600646125113
vn -0.9996223673404436 0 0.027479496223319893
vn -0.9995981920114493 -0.021270515346266627 0.018735519857914742
vn -0.9996123091569702 -0.020279657970877885 0.019077915359234414
vn -0.6828386120467325 -0.7232103024760095 0.10343253013752961
vn -0.9995978250067341 -0.021281543180752167 0.018742576174384157
vn -0.999999999998 -0.0000019999999999202844 0
vn -0.9821679609933899 -0.16377190964147276 0.09233015764349276
vn -0.999999999999895 5.5988166292719424e-8 4.552026672589193e-7
vn -0.9796740583410835 -0.20059596061115414 0
vn -1 0 0
vn -1 0 0
vn 0.19097376187590634 -0.024479154932848034 0.9812898619922344
vn 0.049187110939825994 0.12192844510744978 0.9913193644790124
vn 0.15130485664664378 0.0038692185847914802 0.9884795746512327
vn 0.17420627065778957 -0.03089672082346813 0.9842243483606072
vn 0.16394776192008154 -0.004649050054570683 0.986458066871059
vn 0.16377289345109336 0.004036389970695936 0.9864898108580044
vn 0.29671254149350806 0.056270671156685104 -0.9533075470634017
vn 0.17504719740221839 0.0022415092226031564 -0.9845574916265855
vn 0.16746658901319325 -0.030104729178657714 -0.9854180061503677
vn -0.1585836117782026 -0.8600780379191978 0.48488865398609127
vn -0.36719280676201943 -0.9271997601695855 0.07395976881855082
vn -0.6662487601093042 -0.7336112424242264 0.13389225011776404
vn -0.9600479640824711 0.055385203835656434 0.2742998101661489
vn -0.9580517847867918 -0.28182768461491203 0.052057024996061824
vn 0.9761997337520223 -0.08143030362174677 -0.20100543643033875
vn 0.9799260823190015 -0.1863871993331176 0.07074379913243564
vn 0.937828928926226 -0.3377997058381773 0.07980137094516988
vn 0.9910666601237426 -0.004551871213748106 0.1332897432649033
vn 0.5685619884425518 -0.8140701306839371 0.11843600646125092
vn 0.9996223673404436 0 0.027479496223319695
vn 0.9995981920114493 -0.021270515346266627 0.01873551985791455
vn 0.9996123091569702 -0.02027965797087785 0.01907791535923421
vn 0.6828386120467326 -0.7232103024760094 0.1034325301375296
vn 0.9995978250067341 -0.02128154318075139 0.018742576174383473
vn 0.999999999998 -0.0000019999999999202844 0
vn 0.9821679609933899 -0.1637719096414729 0.09233015764349285
vn 0.999999999999895 5.598816629271973e-8 4.5520266725891943e-7
vn 0.9796740583410836 -0.20059596061115328 0
vn 1 0 0
vn 1 0 0
vn -0.1909737618759063 -0.024479154932848014 0.9812898619922343
vn -0.049187110939825994 0.12192844510744977 0.9913193644790124
vn -0.1513048566466439 0.0038692185847913688 0.9884795746512326
vn -0.17420627065778957 -0.030896720823468154 0.9842243483606072
vn -0.16394776192008137 -0.0046490500545706605 0.9864580668710589
vn -0.1637728934510932 0.004036389970695931 0.9864898108580045
vn -0.29671254149350784 0.056270671156684805 -0.9533075470634017
vn -0.17504719740221866 0.0022415092226031573 -0.9845574916265853
vn -0.16746658901319322 -0.03010472917865772 -0.9854180061503677
vn 0.15858361177820263 -0.8600780379191978 0.48488865398609127
vn 0.36719280676201943 -0.9271997601695855 0.07395976881855082
vn 0.6662487601093041 -0.7336112424242265 0.133892250117764
vn 0.9600479640824711 0.05538520383565648 0.2742998101661491
vn 0.9580517847867918 -0.28182768461491225 0.05205702499606186
vn -0.13071311339951372 0.99121045929154 0.02039380730663602
vn -0.2307908329374056 0.9723395068896046 0.03593709467582848
vn -0.13966843404986312 0.9901937288059229 0.003017940271409572
vn 0.13071311339951372 0.99121045929154 0.020393807306636015
vn 0.23079083293740557 0.9723395068896045 0.03593709467582847
vn 0.1396684340498631 0.9901937288059229 0.0030179402714095717
vn 1 0 0
vn -1 0 0
vn 0 0.9816270978237758 0.19080943587273588
vn 0 -0.9816270978237758 -0.1908094358727358
vn 0 -0.19080943587273688 0.9816270978237756
vn 0 0.1908094358727371 -0.9816270978237756
vn 1 0 0
vn -1 0 0
vn 0 0.9816270978237758 0.1908094358727358
vn 0 -0.9816270978237751 -0.1908094358727392
vn 0 -0.19080943587273655 0.9816270978237756
vn 0 0.19080943587273688 -0.9816270978237756
vn 1 0 0
vn -1 0 0
vn 0 0.9816270978237758 0.19080943587273588
vn 0 -0.9816270978237751 -0.1908094358727393
vn 0 -0.19080943587273655 0.9816270978237756
vn 0 0.19080943587273688 -0.9816270978237756
vn 1 0 0
vn -1 0 0
vn 0 1 0
vn 0 -0.9999999999989797 0.0000014285734693351307
vn 0 -0.00001000010000012141 0.999999999949999
vn 0 -0.000009999999999121423 -0.99999999995
vn 1 0 0
vn -1 0 0
vn 0 0.499998009786882 -0.8660265528314689
vn 0 -0.499998009786882 0.8660265528314689
vn 0 0.8660240528288454 0.5000023399164261
vn 0 -0.8660240528288454 -0.5000023399164261
vn 1 0 0
vn -1 0 0
vn 0 -0.49999367971984066 -0.8660290527691398
vn 0 0.5000023399164261 0.8660240528288454
vn 0 0.8660283829788125 -0.4999948398484762
vn 0 -0.8660197226572282 0.5000098398718746
vn 1 0 0
vn -1 0 0
vn 0 0.3007056668969595 -0.9537169925591422
vn 0 -0.3007060765947178 0.9537168633819011
vn 0 0.9537151175536789 0.30071161359277837
vn 0 -0.9537179854664375 -0.30070251777768675
vn 1 0 0
vn -1 0 0
vn 0 0.1736485144157866 -0.9848076936342398
vn 0 -0.1736498458074465 0.9848074588725708
vn 0 0.984807509129517 0.17364956078872346
vn 0 -0.9848054973965917 -0.1736609694129674
vn 1 0 0
vn -1 0 0
vn 0 0.17365041584765925 -0.9848073583579354
vn 0 -0.17364471156551972 0.9848083641731156
vn 0 0.9848072075841257 0.17365127091489183
vn 0 -0.9848057989751426 -0.17365925919723096
vn 1 0 0
vn -1 0 0
vn 0 1 0
vn 0 -1 0
vn 0 0 1
vn 0 0 -1
vn 1 0 0
vn -1 0 0
vn 0 0.1736485144157866 -0.9848076936342398
vn 0 -0.1736498458074465 0.9848074588725708
vn 0 0.984807509129517 0.17364956078872346
vn 0 -0.9848054973965917 -0.1736609694129674
vn 1 0 0
vn -1 0 0
vn 0 0.04362512972714919 -0.9990479708483919
vn 0 -0.04362013922643803 0.9990481887546097
vn 0 0.9990481792409254 0.04362035712132626
vn 0 -0.9990481982681516 -0.04361992133372105
vn 1 0 0
vn -1 0 0
vn 0 0.9999999999944444 -0.0000033333333331886245
vn 0 -1 0
vn 0 0 1
vn 0 0 -1
vn 1 0 0
vn -1 0 0
vn 0 1 0
vn 0 -1 0
vn 0 0 1
vn 0 0 -1
usemtl m_7b077a46-c302-2e02-dfaf-ad9f8f56482e
f 1026/1895/549 1027/1896/549 1029/1897/549 1028/1898/549
f 1030/1899/550 1031/1900/550 1033/1901/550 1032/1902/550
f 1034/1903/551 1035/1904/551 1037/1905/551 1036/1906/551
f 1038/1907/552 1039/1908/552 1041/1909/552 1040/1910/552
f 1042/1911/553 1043/1912/553 1046/1913/553
f 1046/1914/554 1047/1915/554 1044/1916/554 1042/1917/554
f 1047/1918/555 1045/1919/555 1044/1920/555
f 1048/1921/556 1049/1922/556 1051/1923/556 1050/1924/556
f 1052/1925/557 1053/1926/557 1055/1927/557 1054/1928/557
f 1059/1929/558 1057/1930/558 1056/1931/558 1058/1932/558
f 1058/1933/559 1056/1934/559 1060/1935/559 1061/1936/559
f 1065/1937/560 1063/1938/560 1062/1939/560 1064/1940/560
f 1069/1941/561 1067/1942/561 1066/1943/561 1068/1944/561
f 1070/1945/562 1071/1946/562 1073/1947/562 1072/1948/562
f 1074/1949/563 1070/1950/563 1072/1951/563 1075/1952/563
f 1076/1953/564 1077/1954/564 1079/1955/564 1078/1956/564
f 1080/1957/565 1081/1958/565 1083/1959/565 1082/1960/565
f 1086/1961/566 1085/1962/566 1087/1963/566 1088/1964/566
f 1084/1965/567 1086/1966/567 1088/1967/567 1089/1968/567
f 1090/1969/568 1091/1970/568 1093/1971/568 1092/1972/568
f 1094/1973/569 1095/1974/569 1097/1975/569 1096/1976/569
f 1098/1977/570 1100/1978/570 1099/1979/570
f 1101/1980/571 1102/1981/571 1103/1982/571
f 1104/1983/572 1105/1984/572 1107/1985/572 1106/1986/572
f 1108/1987/573 1109/1988/573 1111/1989/573 1110/1990/573
f 1115/1991/574 1113/1992/574 1112/1993/574 1114/1994/574
f 1116/1995/575 1117/1996/575 1119/1997/575 1118/1998/575
f 1120/1999/576 1121/2000/576 1123/2001/576 1122/2002/576
f 1125/2003/577 1124/2004/577 1127/2005/577 1126/2006/577
f 1131/2007/578 1129/2008/578 1128/2009/578 1130/2010/578
f 1135/2011/579 1133/2012/579 1132/2013/579 1134/2014/579
f 1141/2015/580 1139/2016/580 1140/2017/580 1147/2018/580
f 1140/2019/581 1142/2020/581 1147/2021/581
f 1145/2022/582 1143/2023/582 1144/2024/582 1148/2025/582
f 1144/2026/583 1146/2027/583 1148/2028/583
f 1150/2029/584 1149/2030/584 1151/2031/584 1157/2032/584
f 1152/2033/585 1150/2034/585 1157/2035/585
f 1154/2036/586 1153/2037/586 1155/2038/586 1158/2039/586
f 1156/2040/587 1154/2041/587 1158/2042/587
f 1161/2043/588 1159/2044/588 1160/2045/588 1162/2046/588
f 1163/2047/589 1164/2048/589 1166/2049/589 1165/2050/589
f 1171/2051/590 1167/2052/590 1174/2053/590 1173/2054/590
f 1175/2055/591 1169/2056/591 1170/2057/591 1176/2058/591
f 1170/2059/592 1177/2060/592 1176/2061/592
f 1179/2062/593 1168/2063/593 1171/2064/593 1180/2065/593
f 1172/2066/594 1168/2067/594 1179/2068/594 1178/2069/594
f 1172/2070/595 1182/2071/595 1181/2072/595
f 1182/2073/596 1172/2074/596 1178/2075/596
f 1171/2076/597 1173/2077/597 1180/2078/597
f 1183/2079/598 1172/2080/598 1181/2081/598
f 1187/2082/599 1185/2083/599 1184/2084/599 1188/2085/599
f 1190/2086/600 1189/2087/600 1186/2088/600
f 1190/2089/601 1187/2090/601 1191/2091/601
f 1193/2092/602 1194/2093/602 1195/2094/602 1192/2095/602
f 1198/2096/603 1199/2097/603 1196/2098/603 1197/2099/603
f 1200/2100/604 1203/2101/604 1202/2102/604 1201/2103/604
f 1204/2104/605 1206/2105/605 1208/2106/605
f 1207/2107/606 1205/2108/606 1210/2109/606 1209/2110/606
f 1209/2111/607 1210/2112/607 1212/2113/607 1211/2114/607
f 1208/2115/608 1213/2116/608 1214/2117/608 1204/2118/608
f 1215/2119/609 1216/2120/609 1214/2121/609 1213/2122/609
f 1212/2123/610 1216/2124/610 1215/2125/610 1211/2126/610
f 1218/2127/611 1220/2128/611 1221/2129/611
f 1218/2130/612 1221/2131/612 1222/2132/612 1217/2133/612
f 1219/2134/613 1217/2135/613 1222/2136/613
f 1227/2137/614 1223/2138/614 1225/2139/614
f 1228/2140/615 1227/2141/615 1225/2142/615
f 1226/2143/616 1224/2144/616 1228/2145/616 1225/2146/616
f 1232/2147/617 1230/2148/617 1229/2149/617 1233/2150/617
f 1231/2151/618 1232/2152/618 1233/2153/618
f 1237/2154/619 1235/2155/619 1234/2156/619 1236/2157/619
f 1245/2158/620 1238/2159/620 1242/2160/620 1244/2161/620
f 1241/2162/621 1240/2163/621 1246/2164/621 1247/2165/621
f 1248/2166/622 1241/2167/622 1247/2168/622
f 1242/2169/623 1239/2170/623 1250/2171/623 1251/2172/623
f 1250/2173/624 1239/2174/624 1243/2175/624 1249/2176/624
f 1253/2177/625 1243/2178/625 1252/2179/625
f 1243/2180/626 1253/2181/626 1249/2182/626
f 1244/2183/627 1242/2184/627 1251/2185/627
f 1243/2186/628 1254/2187/628 1252/2188/628
f 1255/2189/629 1256/2190/629 1258/2191/629 1259/2192/629
f 1260/2193/630 1261/2194/630 1257/2195/630
f 1258/2196/631 1261/2197/631 1262/2198/631
f 1266/2199/632 1265/2200/632 1264/2201/632 1263/2202/632
f 1267/2203/633 1270/2204/633 1269/2205/633 1268/2206/633
f 1273/2207/634 1274/2208/634 1271/2209/634 1272/2210/634
f 1277/2211/635 1275/2212/635 1279/2213/635
f 1281/2214/636 1276/2215/636 1278/2216/636 1280/2217/636
f 1283/2218/637 1281/2219/637 1280/2220/637 1282/2221/637
f 1285/2222/638 1284/2223/638 1279/2224/638 1275/2225/638
f 1285/2226/639 1287/2227/639 1286/2228/639 1284/2229/639
f 1286/2230/640 1287/2231/640 1283/2232/640 1282/2233/640
f 1025/2234/641 1289/2235/641 1291/2236/641
f 1292/2237/642 1291/2238/642 1289/2239/642 1288/2240/642
f 1288/2241/643 1290/2242/643 1292/2243/643
f 1293/2244/644 1297/2245/644 1295/2246/644
f 1297/2247/645 1298/2248/645 1295/2249/645
f 1298/2250/646 1294/2251/646 1296/2252/646 1295/2253/646
f 1299/2254/647 1300/2255/647 1302/2256/647 1303/2257/647
f 1302/2258/648 1301/2259/648 1303/2260/648
f 1305/2261/649 1308/2262/649 1304/2263/649
f 1309/2264/650 1306/2265/650 1307/2266/650 1304/2267/650
f 1308/2268/651 1309/2269/651 1304/2270/651
f 1314/2271/652 1311/2272/652 1310/2273/652
f 1313/2274/653 1312/2275/653 1315/2276/653 1310/2277/653
f 1315/2278/654 1314/2279/654 1310/2280/654
f 1319/2281/655 1317/2282/655 1316/2283/655 1318/2284/655
f 1322/2285/656 1320/2286/656 1321/2287/656 1323/2288/656
f 1316/2289/657 1317/2290/657 1321/2291/657 1320/2292/657
f 1319/2293/658 1318/2294/658 1322/2295/658 1323/2296/658
f 1318/2297/659 1316/2298/659 1320/2299/659 1322/2300/659
f 1323/2301/660 1321/2302/660 1317/2303/660 1319/2304/660
f 1327/2305/661 1325/2306/661 1324/2307/661 1326/2308/661
f 1330/2309/662 1328/2310/662 1329/2311/662 1331/2312/662
f 1324/2313/663 1325/2314/663 1329/2315/663 1328/2316/663
f 1327/2317/664 1326/2318/664 1330/2319/664 1331/2320/664
f 1326/2321/665 1324/2322/665 1328/2323/665 1330/2324/665
f 1331/2325/666 1329/2326/666 1325/2327/666 1327/2328/666
f 1335/2329/667 1333/2330/667 1332/2331/667 1334/2332/667
f 1338/2333/668 1336/2334/668 1337/2335/668 1339/2336/668
f 1332/2337/669 1333/2338/669 1337/2339/669 1336/2340/669
f 1335/2341/670 1334/2342/670 1338/2343/670 1339/2344/670
f 1334/2345/671 1332/2346/671 1336/2347/671 1338/2348/671
f 1339/2349/672 1337/2350/672 1333/2351/672 1335/2352/672
f 1343/2353/673 1341/2354/673 1340/2355/673 1342/2356/673
f 1346/2357/674 1344/2358/674 1345/2359/674 1347/2360/674
f 1340/2361/675 1341/2362/675 1345/2363/675 1344/2364/675
f 1343/2365/676 1342/2366/676 1346/2367/676 1347/2368/676
f 1342/2369/677 1340/2370/677 1344/2371/677 1346/2372/677
f 1347/2373/678 1345/2374/678 1341/2375/678 1343/2376/678
f 1351/2377/679 1349/2378/679 1348/2379/679 1350/2380/679
f 1354/2381/680 1352/2382/680 1353/2383/680 1355/2384/680
f 1348/2385/681 1349/2386/681 1353/2387/681 1352/2388/681
f 1351/2389/682 1350/2390/682 1354/2391/682 1355/2392/682
f 1350/2393/683 1348/2394/683 1352/2395/683 1354/2396/683
f 1355/2397/684 1353/2398/684 1349/2399/684 1351/2400/684
f 1359/2401/685 1357/2402/685 1356/2403/685 1358/2404/685
f 1362/2405/686 1360/2406/686 1361/2407/686 1363/2408/686
f 1356/2409/687 1357/2410/687 1361/2411/687 1360/2412/687
f 1359/2413/688 1358/2414/688 1362/2415/688 1363/2416/688
f 1358/2417/689 1356/2418/689 1360/2419/689 1362/2420/689
f 1363/2421/690 1361/2422/690 1357/2423/690 1359/2424/690
f 1367/2425/691 1365/2426/691 1364/2427/691 1366/2428/691
f 1370/2429/692 1368/2430/692 1369/2431/692 1371/2432/692
f 1364/2433/693 1365/2434/693 1369/2435/693 1368/2436/693
f 1367/2437/694 1366/2438/694 1370/2439/694 1371/2440/694
f 1366/2441/695 1364/2442/695 1368/2443/695 1370/2444/695
f 1371/2445/696 1369/2446/696 1365/2447/696 1367/2448/696
f 1375/2449/697 1373/2450/697 1372/2451/697 1374/2452/697
f 1378/2453/698 1376/2454/698 1377/2455/698 1379/2456/698
f 1372/2457/699 1373/2458/699 1377/2459/699 1376/2460/699
f 1375/2461/700 1374/2462/700 1378/2463/700 1379/2464/700
f 1374/2465/701 1372/2466/701 1376/2467/701 1378/2468/701
f 1379/2469/702 1377/2470/702 1373/2471/702 1375/2472/702
f 1383/2473/703 1381/2474/703 1380/2475/703 1382/2476/703
f 1386/2477/704 1384/2478/704 1385/2479/704 1387/2480/704
f 1380/2481/705 1381/2482/705 1385/2483/705 1384/2484/705
f 1383/2485/706 1382/2486/706 1386/2487/706 1387/2488/706
f 1382/2489/707 1380/2490/707 1384/2491/707 1386/2492/707
f 1387/2493/708 1385/2494/708 1381/2495/708 1383/2496/708
f 1391/2497/709 1389/2498/709 1388/2499/709 1390/2500/709
f 1394/2501/710 1392/2502/710 1393/2503/710 1395/2504/710
f 1388/2505/711 1389/2506/711 1393/2507/711 1392/2508/711
f 1391/2509/712 1390/2510/712 1394/2511/712 1395/2512/712
f 1390/2513/713 1388/2514/713 1392/2515/713 1394/2516/713
f 1395/2517/714 1393/2518/714 1389/2519/714 1391/2520/714
f 1399/2521/715 1397/2522/715 1396/2523/715 1398/2524/715
f 1402/2525/716 1400/2526/716 1401/2527/716 1403/2528/716
f 1396/2529/717 1397/2530/717 1401/2531/717 1400/2532/717
f 1399/2533/718 1398/2534/718 1402/2535/718 1403/2536/718
f 1398/2537/719 1396/2538/719 1400/2539/719 1402/2540/719
f 1403/2541/720 1401/2542/720 1397/2543/720 1399/2544/720
f 1407/2545/721 1405/2546/721 1404/2547/721 1406/2548/721
f 1410/2549/722 1408/2550/722 1409/2551/722 1411/2552/722
f 1404/2553/723 1405/2554/723 1409/2555/723 1408/2556/723
f 1407/2557/724 1406/2558/724 1410/2559/724 1411/2560/724
f 1406/2561/725 1404/2562/725 1408/2563/725 1410/2564/725
f 1411/2565/726 1409/2566/726 1405/2567/726 1407/2568/726
f 1415/2569/727 1413/2570/727 1412/2571/727 1414/2572/727
f 1418/2573/728 1416/2574/728 1417/2575/728 1419/2576/728
f 1412/2577/729 1413/2578/729 1417/2579/729 1416/2580/729
f 1415/2581/730 1414/2582/730 1418/2583/730 1419/2584/730
f 1414/2585/731 1412/2586/731 1416/2587/731 1418/2588/731
f 1419/2589/732 1417/2590/732 1413/2591/732 1415/2592/732
f 1423/2593/733 1421/2594/733 1420/2595/733 1422/2596/733
f 1426/2597/734 1424/2598/734 1425/2599/734 1427/2600/734
f 1420/2601/735 1421/2602/735 1425/2603/735 1424/2604/735
f 1423/2605/736 1422/2606/736 1426/2607/736 1427/2608/736
f 1422/2609/737 1420/2610/737 1424/2611/737 1426/2612/737
f 1427/2613/738 1425/2614/738 1421/2615/738 1423/2616/738
o car1_lights_red
v -0.6875 0.6875 -9.64375
v -0.656518125 0.571875 -9.64375
v -0.602856875 0.602856875 -9.64375
v -0.571875 0.656518125 -9.64375
v -0.571875 0.718481875 -9.64375
v -0.602856875 0.772143125 -9.64375
v -0.656518125 0.803125 -9.64375
v -0.718481875 0.803125 -9.64375
v -0.772143125 0.772143125 -9.64375
v -0.803125 0.718481875 -9.64375
v -0.803125 0.656518125 -9.64375
v -0.772143125 0.602856875 -9.64375
v -0.718481875 0.571875 -9.64375
v 0.6875 0.6875 -9.64375
v 0.6565181250000001 0.571875 -9.64375
v 0.6028568750000001 0.602856875 -9.64375
v 0.5718749999999999 0.656518125 -9.64375
v 0.5718749999999999 0.718481875 -9.64375
v 0.6028568750000001 0.772143125 -9.64375
v 0.6565181250000001 0.803125 -9.64375
v 0.7184818749999999 0.803125 -9.64375
v 0.7721431249999999 0.772143125 -9.64375
v 0.8031250000000001 0.718481875 -9.64375
v 0.8031250000000001 0.656518125 -9.64375
v 0.7721431249999999 0.602856875 -9.64375
v 0.7184818749999999 0.571875 -9.64375
vt 0.7224425641025641 0.6282051282051282
vt 0.7240873717948718 0.6343438461538462
vt 0.7118100641025641 0.6343438461538462
vt 0.7689591666666666 0.9423076923076923
vt 0.7673143589743591 0.9484464102564103
vt 0.756681858974359 0.9423076923076923
vt 0.8570579487179487 0.4871794871794872
vt 0.8587027564102564 0.49331807692307694
vt 0.8464254487179488 0.49331807692307694
vt 0.589879358974359 0.302926858974359
vt 0.596018076923077 0.3012820512820513
vt 0.596018076923077 0.31355935897435905
vt 0.589879358974359 0.18754237179487177
vt 0.596018076923077 0.1858974358974359
vt 0.596018076923077 0.19817480769230778
vt 0.5387331410256411 0.1471642307692307
vt 0.5403779487179486 0.14102564102564108
vt 0.5510104487179487 0.1471642307692307
vt 0.12847673076923075 0.1728053205128205
vt 0.13012160256410257 0.16666666666666663
vt 0.14075403846153847 0.1728053205128205
vt 0.09001519230769231 0.1856258974358974
vt 0.09165999999999999 0.17948717948717952
vt 0.1022925 0.1856258974358974
vt 0.8673010256410256 0.9997283333333333
vt 0.8656562179487179 0.9935897435897436
vt 0.8779335256410256 0.9935897435897436
vt 0.7819155128205129 0.9033030128205128
vt 0.7757767948717949 0.9016580769230769
vt 0.7819155128205129 0.891025641025641
vt 0.301146282051282 0.19011961538461541
vt 0.2950075641025641 0.19176455128205128
vt 0.2950075641025641 0.17948717948717952
vt 0.8460180128205129 0.0939658333333333
vt 0.839879423076923 0.09561064102564099
vt 0.839879423076923 0.08333333333333337
vt 0.7240873717948718 0.6343438461538462
vt 0.7224425641025641 0.6282051282051282
vt 0.7118100641025641 0.6343438461538462
vt 0.7673143589743591 0.9484464102564103
vt 0.7689591666666666 0.9423076923076923
vt 0.756681858974359 0.9423076923076923
vt 0.8587027564102564 0.49331807692307694
vt 0.8570579487179487 0.4871794871794872
vt 0.8464254487179488 0.49331807692307694
vt 0.596018076923077 0.3012820512820513
vt 0.589879358974359 0.302926858974359
vt 0.596018076923077 0.31355935897435905
vt 0.596018076923077 0.1858974358974359
vt 0.589879358974359 0.18754237179487177
vt 0.596018076923077 0.19817480769230778
vt 0.5403779487179486 0.14102564102564108
vt 0.5387331410256411 0.1471642307692307
vt 0.5510104487179487 0.1471642307692307
vt 0.13012160256410257 0.16666666666666663
vt 0.12847673076923075 0.1728053205128205
vt 0.14075403846153847 0.1728053205128205
vt 0.09165999999999999 0.17948717948717952
vt 0.09001519230769231 0.1856258974358974
vt 0.1022925 0.1856258974358974
vt 0.8656562179487179 0.9935897435897436
vt 0.8673010256410256 0.9997283333333333
vt 0.8779335256410256 0.9935897435897436
vt 0.7757767948717949 0.9016580769230769
vt 0.7819155128205129 0.9033030128205128
vt 0.7819155128205129 0.891025641025641
vt 0.2950075641025641 0.19176455128205128
vt 0.301146282051282 0.19011961538461541
vt 0.2950075641025641 0.17948717948717952
vt 0.839879423076923 0.09561064102564099
vt 0.8460180128205129 0.0939658333333333
vt 0.839879423076923 0.08333333333333337
vn 0 -2.220446049250313e-16 -1
vn 0 -2.220446049250313e-16 -1
vn 0 -2.220446049250313e-16 -1
vn 0 -2.220446049250313e-16 -1
vn 0 -2.220446049250313e-16 -1
vn 0 -2.220446049250313e-16 -1
vn 0 -2.220446049250313e-16 -1
vn 0 -2.220446049250313e-16 -1
vn 0 -2.220446049250313e-16 -1
vn 0 -2.220446049250313e-16 -1
vn 0 -2.220446049250313e-16 -1
vn 0 -2.220446049250313e-16 -1
vn 0 -2.220446049250313e-16 -1
vn 0 -2.220446049250313e-16 -1
vn 0 -2.220446049250313e-16 -1
vn 0 -2.220446049250313e-16 -1
vn 0 -2.220446049250313e-16 -1
vn 0 -2.220446049250313e-16 -1
vn 0 -2.220446049250313e-16 -1
vn 0 -2.220446049250313e-16 -1
vn 0 -2.220446049250313e-16 -1
vn 0 -2.220446049250313e-16 -1
vn 0 -2.220446049250313e-16 -1
vn 0 -2.220446049250313e-16 -1
usemtl m_7b077a46-c302-2e02-dfaf-ad9f8f56482e
f 1430/2617/739 1429/2618/739 1428/2619/739
f 1431/2620/740 1430/2621/740 1428/2622/740
f 1432/2623/741 1431/2624/741 1428/2625/741
f 1433/2626/742 1432/2627/742 1428/2628/742
f 1434/2629/743 1433/2630/743 1428/2631/743
f 1435/2632/744 1434/2633/744 1428/2634/744
f 1436/2635/745 1435/2636/745 1428/2637/745
f 1437/2638/746 1436/2639/746 1428/2640/746
f 1438/2641/747 1437/2642/747 1428/2643/747
f 1439/2644/748 1438/2645/748 1428/2646/748
f 1440/2647/749 1439/2648/749 1428/2649/749
f 1429/2650/750 1440/2651/750 1428/2652/750
f 1442/2653/751 1443/2654/751 1441/2655/751
f 1443/2656/752 1444/2657/752 1441/2658/752
f 1444/2659/753 1445/2660/753 1441/2661/753
f 1445/2662/754 1446/2663/754 1441/2664/754
f 1446/2665/755 1447/2666/755 1441/2667/755
f 1447/2668/756 1448/2669/756 1441/2670/756
f 1448/2671/757 1449/2672/757 1441/2673/757
f 1449/2674/758 1450/2675/758 1441/2676/758
f 1450/2677/759 1451/2678/759 1441/2679/759
f 1451/2680/760 1452/2681/760 1441/2682/760
f 1452/2683/761 1453/2684/761 1441/2685/761
f 1453/2686/762 1442/2687/762 1441/2688/762
o screens
v 1.0735384365773348 2.6027363866716886 -1.3281249999999996
v 1.1061699846323478 2.354875171328236 -1.3281249999999996
v 1.0735384365773337 2.602736386671688 1.3281249999999996
v 1.1061699846323465 2.3548751713282354 1.3281249999999996
v -1.0735384365773355 2.6027363866716886 -1.3281249999999993
v -1.1061699846323483 2.3548751713282363 -1.3281249999999993
v -1.0735384365773333 2.602736386671688 1.3281249999999993
v -1.106169984632346 2.3548751713282354 1.3281249999999993
vt 0 1
vt 0 0
vt 1 0
vt 1 1
vt 0 0
vt 1 0
vt 1 1
vt 0 1
vn -0.9914448613738105 -0.1305261922200515 -4.692726018812705e-16
vn 0.9914448613738105 -0.13052619222005096 -6.441734857251855e-16
usemtl m_18694af2-dfaf-4531-b59e-2913c64f3dc0
f 1454/2689/763 1455/2690/763 1457/2691/763 1456/2692/763
f 1461/2693/764 1459/2694/764 1458/2695/764 1460/2696/764